file,split,pose_count,pose_max_conf,pose_mean_conf,pose_classes,ppe_count,ppe_max_conf,ppe_mean_conf,ppe_classes,ood_ppe_high_conf,ood_ppe_without_person,ood_ppe_with_person
/Users/claudia/Desktop/isaac_odd/isaac_odd_dataset/id/dataset_ok/dataset_ok_-1670-_png_jpg.rf.0463edb430019e01ec79eed27a6349d6_6f932e742a.jpg,id,3,0.896546483039856,0.5540733635425568,person|person|person,0,0.0,0.0,,False,False,False
/Users/claudia/Desktop/isaac_odd/isaac_odd_dataset/id/dataset_ok/dataset_ok_-1670-_png_jpg.rf.3cb172ea2c4165c19ae2dd498b38f929_83e6f8564c.jpg,id,5,0.6616941690444946,0.5093744397163391,person|person|person|person|person,3,0.5186731815338135,0.39245214064915973,vest|helmet|vest,False,False,False
/Users/claudia/Desktop/isaac_odd/isaac_odd_dataset/id/dataset_ok/dataset_ok_-1670-_png_jpg.rf.7da967f9aeaa62defc36543b9e6000af_4e42f844a4.jpg,id,1,0.357018381357193,0.357018381357193,person,0,0.0,0.0,,False,False,False
/Users/claudia/Desktop/isaac_odd/isaac_odd_dataset/id/dataset_ok/dataset_ok_-1670-_png_jpg.rf.b42b26d784545ce1a033679674a4f3e5_f2c4c165d1.jpg,id,3,0.798343300819397,0.5974472363789877,person|person|person,2,0.3000335395336151,0.2754274904727936,helmet|vest,False,False,False
/Users/claudia/Desktop/isaac_odd/isaac_odd_dataset/id/dataset_ok/dataset_ok_-1670-_png_jpg.rf.dd5cb0a4d6da02d34f1dc003fb4ebca6_0572a04bba.jpg,id,2,0.9142873883247375,0.9101559817790985,person|person,0,0.0,0.0,,False,False,False
/Users/claudia/Desktop/isaac_odd/isaac_odd_dataset/id/dataset_ok/dataset_ok_-1680-_png_jpg.rf.175b8e375a256e36cbe84985db1d8768_e1c03f2db1.jpg,id,4,0.9234164953231812,0.506737470626831,person|person|person|person,0,0.0,0.0,,False,False,False
/Users/claudia/Desktop/isaac_odd/isaac_odd_dataset/id/dataset_ok/dataset_ok_-1680-_png_jpg.rf.19e88a5022427045071da3f267825d67_0f93e6087d.jpg,id,5,0.8139049410820007,0.7094000399112701,person|person|person|person|person,3,0.80461186170578,0.7490203380584717,helmet|helmet|helmet,False,False,False
/Users/claudia/Desktop/isaac_odd/isaac_odd_dataset/id/dataset_ok/dataset_ok_-1680-_png_jpg.rf.56da4925f9967baa3e9deae422aac04f_3cff7df9bc.jpg,id,4,0.9152011275291443,0.8286907225847244,person|person|person|person,0,0.0,0.0,,False,False,False
/Users/claudia/Desktop/isaac_odd/isaac_odd_dataset/id/dataset_ok/dataset_ok_-1680-_png_jpg.rf.aac88b5b6fa0becf6442572810f8cf76_e1940b97cf.jpg,id,4,0.866860032081604,0.7158519774675369,person|person|person|person,2,0.6212069988250732,0.5772022008895874,helmet|helmet,False,False,False
/Users/claudia/Desktop/isaac_odd/isaac_odd_dataset/id/dataset_ok/dataset_ok_-1680-_png_jpg.rf.fc3fb462afe2de723f6bc348720198f5_6616df5839.jpg,id,6,0.8380700945854187,0.7144811054070791,person|person|person|person|person|person,5,0.8679803013801575,0.5998247027397156,vest|helmet|vest|helmet|vest,False,False,False
/Users/claudia/Desktop/isaac_odd/isaac_odd_dataset/id/dataset_ok/dataset_ok_-1975-_png_jpg.rf.b5622016579bca7e2e993de3470405e0_aa8d4f67b0.jpg,id,4,0.8923690319061279,0.8327785134315491,person|person|person|person,1,0.6850688457489014,0.6850688457489014,vest,False,False,False
/Users/claudia/Desktop/isaac_odd/isaac_odd_dataset/id/dataset_ok/dataset_ok_-1975-_png_jpg.rf.c2be4021c4d6452f7941be256160f957_d5961adbcc.jpg,id,2,0.6197872161865234,0.48390860855579376,person|person,1,0.2724803686141968,0.2724803686141968,helmet,False,False,False
/Users/claudia/Desktop/isaac_odd/isaac_odd_dataset/id/dataset_ok/dataset_ok_-1975-_png_jpg.rf.cd700127b5005f75f2eaff2705c1cbb6_37e902fa8f.jpg,id,4,0.9298903942108154,0.8394108712673187,person|person|person|person,4,0.8694470524787903,0.6360208243131638,vest|vest|helmet|helmet,False,False,False
/Users/claudia/Desktop/isaac_odd/isaac_odd_dataset/id/dataset_ok/dataset_ok_-1975-_png_jpg.rf.d6c068e0d3eebc3b8e002413529c5e84_ab6ab5e782.jpg,id,8,0.6999493837356567,0.5145018063485622,person|person|person|person|person|person|person|person,0,0.0,0.0,,False,False,False
/Users/claudia/Desktop/isaac_odd/isaac_odd_dataset/id/dataset_ok/dataset_ok_-1975-_png_jpg.rf.f0c6b10f9762a19849b0fb7f1654c001_712d8ff79a.jpg,id,7,0.8616349101066589,0.4630868988377707,person|person|person|person|person|person|person,0,0.0,0.0,,False,False,False
/Users/claudia/Desktop/isaac_odd/isaac_odd_dataset/id/dataset_ok/dataset_ok_-2252-_png_jpg.rf.5d2ba68a39912deb9e4383661418224f_f3bd5a79c4.jpg,id,5,0.9055941104888916,0.7297543287277222,person|person|person|person|person,4,0.6257257461547852,0.536931186914444,helmet|vest|helmet|vest,False,False,False
/Users/claudia/Desktop/isaac_odd/isaac_odd_dataset/id/dataset_ok/dataset_ok_-2252-_png_jpg.rf.959ef543a1a8383d7ea395bec26b1030_fa80aeea58.jpg,id,4,0.9062526226043701,0.7905304878950119,person|person|person|person,3,0.6469060182571411,0.5736392339070638,vest|vest|helmet,False,False,False
/Users/claudia/Desktop/isaac_odd/isaac_odd_dataset/id/dataset_ok/dataset_ok_-2252-_png_jpg.rf.a71a293e8fb2e65c9b851ee278fbc4c0_52400788a0.jpg,id,1,0.6155410408973694,0.6155410408973694,person,0,0.0,0.0,,False,False,False
/Users/claudia/Desktop/isaac_odd/isaac_odd_dataset/id/dataset_ok/dataset_ok_-2252-_png_jpg.rf.e294c55ec43d0a8f1eb80b7a52de697f_b32cd040f4.jpg,id,6,0.872245192527771,0.6312612444162369,person|person|person|person|person|person,1,0.5993101000785828,0.5993101000785828,helmet,False,False,False
/Users/claudia/Desktop/isaac_odd/isaac_odd_dataset/id/dataset_ok/dataset_ok_-2252-_png_jpg.rf.f1af5d3457c140c4af5f63f7ac6f79f4_2c1c54d4e5.jpg,id,3,0.932098388671875,0.7087259590625763,person|person|person,1,0.37544766068458557,0.37544766068458557,helmet,False,False,False
/Users/claudia/Desktop/isaac_odd/isaac_odd_dataset/id/dataset_ok/dataset_ok_-2270-_png_jpg.rf.4b73cc556e91bc8c587c923e348717f9_8d150b831a.jpg,id,3,0.9424974322319031,0.8828490575154623,person|person|person,1,0.6311845183372498,0.6311845183372498,helmet,False,False,False
/Users/claudia/Desktop/isaac_odd/isaac_odd_dataset/id/dataset_ok/dataset_ok_-2270-_png_jpg.rf.5bbc03681c0dfcdd978be9723da2cee2_c8fbacea09.jpg,id,2,0.9313855767250061,0.9248405694961548,person|person,1,0.7619990706443787,0.7619990706443787,helmet,False,False,False
/Users/claudia/Desktop/isaac_odd/isaac_odd_dataset/id/dataset_ok/dataset_ok_-2270-_png_jpg.rf.6455ef559e463c1fca6b0d6d69da3ffb_d1630b50f3.jpg,id,3,0.9433286786079407,0.7548109094301859,person|person|person,2,0.6121191382408142,0.5346382260322571,helmet|helmet,False,False,False
/Users/claudia/Desktop/isaac_odd/isaac_odd_dataset/id/dataset_ok/dataset_ok_-2270-_png_jpg.rf.cc2c95b44846f13084b60e847aaa692a_0eca8bbfca.jpg,id,0,0.0,0.0,,0,0.0,0.0,,False,False,False
/Users/claudia/Desktop/isaac_odd/isaac_odd_dataset/id/dataset_ok/dataset_ok_-2270-_png_jpg.rf.fb11c18eea1ddb410b1b561de012a9f9_847ea68196.jpg,id,2,0.852469265460968,0.8439039587974548,person|person,3,0.6509531140327454,0.500119020541509,helmet|helmet|vest,False,False,False
/Users/claudia/Desktop/isaac_odd/isaac_odd_dataset/id/dataset_ok/dataset_ok_-2297-_png_jpg.rf.1d5b556861b3c2f1b54baa569a52cb1c_42a5322fa9.jpg,id,0,0.0,0.0,,3,0.6831398606300354,0.5130402247111002,vest|helmet|vest,False,False,False
/Users/claudia/Desktop/isaac_odd/isaac_odd_dataset/id/dataset_ok/dataset_ok_-2297-_png_jpg.rf.202d3429d297ae78245d5fce0f84a81b_04bc52ce82.jpg,id,1,0.707550048828125,0.707550048828125,person,1,0.26848408579826355,0.26848408579826355,vest,False,False,False
/Users/claudia/Desktop/isaac_odd/isaac_odd_dataset/id/dataset_ok/dataset_ok_-2297-_png_jpg.rf.9fff3740d864fbec9cda50d783ad805e_9e77764172.jpg,id,4,0.8431425094604492,0.6316554248332977,person|person|person|person,2,0.7838812470436096,0.5209035724401474,helmet|vest,False,False,False
/Users/claudia/Desktop/isaac_odd/isaac_odd_dataset/id/dataset_ok/dataset_ok_-2297-_png_jpg.rf.c11b54951365d9db2ce38e43da5a2482_2b4ca09a1a.jpg,id,2,0.9464169144630432,0.9229287207126617,person|person,2,0.672895610332489,0.6455804407596588,vest|vest,False,False,False
/Users/claudia/Desktop/isaac_odd/isaac_odd_dataset/id/dataset_ok/dataset_ok_-2297-_png_jpg.rf.feeef4f36bc6dfc96b77a1f7f686fb6c_b1604282af.jpg,id,5,0.8631460070610046,0.6479174077510834,person|person|person|person|person,3,0.49849653244018555,0.48150094350179035,helmet|vest|helmet,False,False,False
/Users/claudia/Desktop/isaac_odd/isaac_odd_dataset/id/dataset_ok/dataset_ok_-2406-_png_jpg.rf.58e52da2e6d3e816d59d716f3a2a1ae2_daf5aab7bd.jpg,id,2,0.7156258821487427,0.5989439636468887,person|person,2,0.480007529258728,0.47944267094135284,helmet|helmet,False,False,False
/Users/claudia/Desktop/isaac_odd/isaac_odd_dataset/id/dataset_ok/dataset_ok_-2406-_png_jpg.rf.8819ae56f2a6b0101846514ded8ac8d7_2866c49eca.jpg,id,3,0.7200953364372253,0.6154609819253286,person|person|person,0,0.0,0.0,,False,False,False
/Users/claudia/Desktop/isaac_odd/isaac_odd_dataset/id/dataset_ok/dataset_ok_-2406-_png_jpg.rf.90ca13003ffd103df1251e958b0fd135_8b2cb6f3eb.jpg,id,6,0.9029095768928528,0.6488185425599416,person|person|person|person|person|person,0,0.0,0.0,,False,False,False
/Users/claudia/Desktop/isaac_odd/isaac_odd_dataset/id/dataset_ok/dataset_ok_-2406-_png_jpg.rf.bc179b858971b0a65740383c849c429e_cc11f0cd53.jpg,id,2,0.5528699159622192,0.4876502752304077,person|person,0,0.0,0.0,,False,False,False
/Users/claudia/Desktop/isaac_odd/isaac_odd_dataset/id/dataset_ok/dataset_ok_-2406-_png_jpg.rf.e4afdc64224be4738b1cdacd09d1c483_20d8e049be.jpg,id,1,0.8799382448196411,0.8799382448196411,person,0,0.0,0.0,,False,False,False
/Users/claudia/Desktop/isaac_odd/isaac_odd_dataset/id/dataset_ok/dataset_ok_-2544-_png_jpg.rf.1224ec786928243a0076833c5ddb34f4_bacb47383e.jpg,id,6,0.8861224055290222,0.6193587283293406,person|person|person|person|person|person,0,0.0,0.0,,False,False,False
/Users/claudia/Desktop/isaac_odd/isaac_odd_dataset/id/dataset_ok/dataset_ok_-2544-_png_jpg.rf.13bfe27776b4d713faf93d42421ae13f_fac6281ad5.jpg,id,11,0.9276498556137085,0.6713945079933513,person|person|person|person|person|person|person|person|person|person|person,27,0.7986156940460205,0.5627061581170117,vest|vest|vest|vest|vest|vest|helmet|helmet|helmet|helmet|helmet|helmet|helmet|helmet|helmet|vest|helmet|helmet|helmet|vest|vest|vest|helmet|vest|helmet|vest|vest,False,False,False
/Users/claudia/Desktop/isaac_odd/isaac_odd_dataset/id/dataset_ok/dataset_ok_-2544-_png_jpg.rf.185d1d1c0cb4027d76f7e31cd409022e_d2f573cfde.jpg,id,2,0.9103935956954956,0.6183834373950958,person|person,3,0.733335554599762,0.5679295460383097,vest|helmet|vest,False,False,False
/Users/claudia/Desktop/isaac_odd/isaac_odd_dataset/id/dataset_ok/dataset_ok_-2544-_png_jpg.rf.cbcb183dbec853ee769df1327119472b_df2c2505d4.jpg,id,1,0.9454969763755798,0.9454969763755798,person,4,0.8093432188034058,0.5810656026005745,vest|helmet|vest|vest,False,False,False
/Users/claudia/Desktop/isaac_odd/isaac_odd_dataset/id/dataset_ok/dataset_ok_-2544-_png_jpg.rf.dcf58552354021e725e2535105969f5a_d2bf6f3c77.jpg,id,1,0.8550485968589783,0.8550485968589783,person,2,0.5499361753463745,0.5045765191316605,helmet|vest,False,False,False
/Users/claudia/Desktop/isaac_odd/isaac_odd_dataset/id/dataset_ok/dataset_ok_-3394-_png_jpg.rf.23b668cbcad07f1e0d9cfdedd151fd46_9746dbdade.jpg,id,8,0.858914852142334,0.5840848349034786,person|person|person|person|person|person|person|person,0,0.0,0.0,,False,False,False
/Users/claudia/Desktop/isaac_odd/isaac_odd_dataset/id/dataset_ok/dataset_ok_-3394-_png_jpg.rf.55aa7de8ec0bc72fd08ac6c23fd9e7a6_5e6eafe586.jpg,id,1,0.32772085070610046,0.32772085070610046,person,0,0.0,0.0,,False,False,False
/Users/claudia/Desktop/isaac_odd/isaac_odd_dataset/id/dataset_ok/dataset_ok_-3394-_png_jpg.rf.61441b8707107e91850cd9f576dd0ce8_3a3e15c5ba.jpg,id,6,0.7511993050575256,0.6239496717850367,person|person|person|person|person|person,2,0.6015617847442627,0.4272466450929642,helmet|helmet,False,False,False
/Users/claudia/Desktop/isaac_odd/isaac_odd_dataset/id/dataset_ok/dataset_ok_-3394-_png_jpg.rf.67a7a1f50f9315fa6119fc9fdc104839_419a3f7e64.jpg,id,3,0.33958524465560913,0.2986096541086833,person|person|person,0,0.0,0.0,,False,False,False
/Users/claudia/Desktop/isaac_odd/isaac_odd_dataset/id/dataset_ok/dataset_ok_-3394-_png_jpg.rf.a0f81aeb67bec81f0a77c518490205bc_68f4aeb26f.jpg,id,2,0.9199985861778259,0.9128002226352692,person|person,1,0.7900511026382446,0.7900511026382446,helmet,False,False,False
/Users/claudia/Desktop/isaac_odd/isaac_odd_dataset/id/dataset_ok/dataset_ok_-4405-_png_jpg.rf.82b5c10b2acd1cfaa24259ada8e599fe_d1016243a8.jpg,id,0,0.0,0.0,,0,0.0,0.0,,False,False,False
/Users/claudia/Desktop/isaac_odd/isaac_odd_dataset/id/dataset_ok/dataset_ok_-I1-MS09uaqsLdGTFkgnS0Rcg1mmPyAj95ySg_eckoM_jpeg_jpg.rf.10828c2a406f3e985c87926751704f49_5a2b4f7d26.jpg,id,4,0.8312302827835083,0.7504370510578156,person|person|person|person,4,0.7866935133934021,0.5285914987325668,vest|helmet|vest|helmet,False,False,False
/Users/claudia/Desktop/isaac_odd/isaac_odd_dataset/id/dataset_ok/dataset_ok_-I1-MS09uaqsLdGTFkgnS0Rcg1mmPyAj95ySg_eckoM_jpeg_jpg.rf.8691072d7687a7a3251efdf544326795_0a811c23d7.jpg,id,3,0.9137162566184998,0.6076099276542664,person|person|person,1,0.32817378640174866,0.32817378640174866,vest,False,False,False
/Users/claudia/Desktop/isaac_odd/isaac_odd_dataset/id/dataset_ok/dataset_ok_-I1-MS09uaqsLdGTFkgnS0Rcg1mmPyAj95ySg_eckoM_jpeg_jpg.rf.b6fe400473371645e17e76a323691b4b_b871bfb80f.jpg,id,1,0.8362632989883423,0.8362632989883423,person,0,0.0,0.0,,False,False,False
/Users/claudia/Desktop/isaac_odd/isaac_odd_dataset/id/dataset_ok/dataset_ok_-I1-MS09uaqsLdGTFkgnS0Rcg1mmPyAj95ySg_eckoM_jpeg_jpg.rf.ebf4adda36378f39ccb4a751d9c18183_dc1b1c838d.jpg,id,4,0.8687527775764465,0.6378437727689743,person|person|person|person,2,0.8203104734420776,0.8084495663642883,vest|vest,False,False,False
/Users/claudia/Desktop/isaac_odd/isaac_odd_dataset/id/dataset_ok/dataset_ok_-I1-MS09uaqsLdGTFkgnS0Rcg1mmPyAj95ySg_eckoM_jpeg_jpg.rf.fb09ca92aa0016318337101cb73199ae_07be92e5f6.jpg,id,3,0.7470200657844543,0.6585250099500021,person|person|person,1,0.6715627908706665,0.6715627908706665,helmet,False,False,False
/Users/claudia/Desktop/isaac_odd/isaac_odd_dataset/id/dataset_ok/dataset_ok_000005_jpg.rf.96e9379ccae638140c4a90fc4b700a2b_30940d6b64.jpg,id,1,0.5492556691169739,0.5492556691169739,person,0,0.0,0.0,,False,False,False
/Users/claudia/Desktop/isaac_odd/isaac_odd_dataset/id/dataset_ok/dataset_ok_000415_jpg.rf.63b7e0293fb53612fdb4695fa0debfb7_eb63559815.jpg,id,4,0.9010137915611267,0.5577002391219139,person|person|person|person,0,0.0,0.0,,False,False,False
/Users/claudia/Desktop/isaac_odd/isaac_odd_dataset/id/dataset_ok/dataset_ok_000415_jpg.rf.6b9ff926deef3b67d6cb46c8bd2b2366_785b42124e.jpg,id,2,0.4604315459728241,0.4590921401977539,person|person,0,0.0,0.0,,False,False,False
/Users/claudia/Desktop/isaac_odd/isaac_odd_dataset/id/dataset_ok/dataset_ok_000415_jpg.rf.6e1ef08de110baace091eb9f5b5867a2_86035d4c9f.jpg,id,3,0.8921476006507874,0.656685988108317,person|person|person,1,0.5817971229553223,0.5817971229553223,helmet,False,False,False
/Users/claudia/Desktop/isaac_odd/isaac_odd_dataset/id/dataset_ok/dataset_ok_000415_jpg.rf.8b898a9652182d324999f62f39119cfb_bf00080fa5.jpg,id,1,0.7251520156860352,0.7251520156860352,person,1,0.5391131043434143,0.5391131043434143,helmet,False,False,False
/Users/claudia/Desktop/isaac_odd/isaac_odd_dataset/id/dataset_ok/dataset_ok_000415_jpg.rf.c62308395a66d63dfabcd495662a22e6_89f2386c35.jpg,id,1,0.823908805847168,0.823908805847168,person,0,0.0,0.0,,False,False,False
/Users/claudia/Desktop/isaac_odd/isaac_odd_dataset/id/dataset_ok/dataset_ok_001425_jpg.rf.02937146b9b48ec81a3c3cf7f0d4d50e_f7888a2eed.jpg,id,4,0.9340009093284607,0.7171079441905022,person|person|person|person,6,0.8157927989959717,0.664045383532842,vest|vest|helmet|helmet|vest|vest,False,False,False
/Users/claudia/Desktop/isaac_odd/isaac_odd_dataset/id/dataset_ok/dataset_ok_001425_jpg.rf.85bc2e1d337adb66e78e393c2aecff1c_00ef52b835.jpg,id,8,0.8296412229537964,0.5138543248176575,person|person|person|person|person|person|person|person,5,0.8061803579330444,0.6037984967231751,vest|helmet|helmet|vest|helmet,False,False,False
/Users/claudia/Desktop/isaac_odd/isaac_odd_dataset/id/dataset_ok/dataset_ok_001425_jpg.rf.8d9766a13f37413d9a9b509766897167_3eb1616b28.jpg,id,3,0.7325013279914856,0.6118572950363159,person|person|person,2,0.775823175907135,0.6922085583209991,vest|helmet,False,False,False
/Users/claudia/Desktop/isaac_odd/isaac_odd_dataset/id/dataset_ok/dataset_ok_001425_jpg.rf.970cbc9921e627d49bab629e2bc7dd6c_27f9e43d90.jpg,id,3,0.9555359482765198,0.8570801615715027,person|person|person,5,0.8255767822265625,0.7006923675537109,vest|helmet|vest|vest|helmet,False,False,False
/Users/claudia/Desktop/isaac_odd/isaac_odd_dataset/id/dataset_ok/dataset_ok_001425_jpg.rf.ee12b5cd77b14d4b6edbec28be0b9b28_40db18b784.jpg,id,3,0.9408250451087952,0.7894418239593506,person|person|person,6,0.8068071007728577,0.5418032159407934,vest|helmet|vest|helmet|helmet|vest,False,False,False
/Users/claudia/Desktop/isaac_odd/isaac_odd_dataset/id/dataset_ok/dataset_ok_002458_jpg.rf.1b4000f1327c1a3d54d98bceebcde622_fcd896da66.jpg,id,4,0.8758293986320496,0.7511349767446518,person|person|person|person,5,0.8653481602668762,0.5974938631057739,vest|helmet|helmet|helmet|vest,False,False,False
/Users/claudia/Desktop/isaac_odd/isaac_odd_dataset/id/dataset_ok/dataset_ok_002458_jpg.rf.2a5e959314f62660e27f9ab53cf21952_07a2270143.jpg,id,1,0.7000470161437988,0.7000470161437988,person,1,0.7339655756950378,0.7339655756950378,helmet,False,False,False
/Users/claudia/Desktop/isaac_odd/isaac_odd_dataset/id/dataset_ok/dataset_ok_002458_jpg.rf.2d87971bcbefb5465fabce9ab5ec5967_69ed3cd988.jpg,id,2,0.7955719828605652,0.6357987374067307,person|person,2,0.6790663003921509,0.5509428381919861,helmet|vest,False,False,False
/Users/claudia/Desktop/isaac_odd/isaac_odd_dataset/id/dataset_ok/dataset_ok_002458_jpg.rf.5920dd0b127455ba3892de5ce09611e2_15951f0a72.jpg,id,0,0.0,0.0,,1,0.37596774101257324,0.37596774101257324,helmet,False,False,False
/Users/claudia/Desktop/isaac_odd/isaac_odd_dataset/id/dataset_ok/dataset_ok_002458_jpg.rf.dca744088199d83f8e9236beda1f336b_a586503fa4.jpg,id,5,0.8376870155334473,0.43494281768798826,person|person|person|person|person,2,0.584460973739624,0.42263907194137573,helmet|vest,False,False,False
/Users/claudia/Desktop/isaac_odd/isaac_odd_dataset/id/dataset_ok/dataset_ok_002551_jpg.rf.ce4b9f934161faa72c80dc6898d37b2d_5e0789616c.jpg,id,2,0.8167803883552551,0.7440795600414276,person|person,3,0.6833958625793457,0.6283939282099406,helmet|helmet|helmet,False,False,False
/Users/claudia/Desktop/isaac_odd/isaac_odd_dataset/id/dataset_ok/dataset_ok_002654_jpg.rf.58b18dc4b2708f4f3c2f3f743a826b99_5acfff33b6.jpg,id,2,0.7937245965003967,0.5568694025278091,person|person,0,0.0,0.0,,False,False,False
/Users/claudia/Desktop/isaac_odd/isaac_odd_dataset/id/dataset_ok/dataset_ok_002654_jpg.rf.893fab88ba85b2b20f6a1654447abb2a_3cee1f3a09.jpg,id,1,0.912596583366394,0.912596583366394,person,0,0.0,0.0,,False,False,False
/Users/claudia/Desktop/isaac_odd/isaac_odd_dataset/id/dataset_ok/dataset_ok_002654_jpg.rf.91da067adc57784316a2dc4685f239e0_5299b87f54.jpg,id,1,0.9258028268814087,0.9258028268814087,person,1,0.6974630951881409,0.6974630951881409,helmet,False,False,False
/Users/claudia/Desktop/isaac_odd/isaac_odd_dataset/id/dataset_ok/dataset_ok_002654_jpg.rf.f10456662b75b3d34e02a4db9cdf36a2_49fef02201.jpg,id,1,0.4147179126739502,0.4147179126739502,person,1,0.3748496472835541,0.3748496472835541,helmet,False,False,False
/Users/claudia/Desktop/isaac_odd/isaac_odd_dataset/id/dataset_ok/dataset_ok_002654_jpg.rf.ff1deb021121bfef83e8a9152093596e_0cc46a4e16.jpg,id,3,0.8087316751480103,0.6113350093364716,person|person|person,1,0.8534475564956665,0.8534475564956665,helmet,False,False,False
/Users/claudia/Desktop/isaac_odd/isaac_odd_dataset/id/dataset_ok/dataset_ok_002682_jpg.rf.29171c747ef34470238dd52b997917d8_818498846f.jpg,id,6,0.7738827466964722,0.5441927661498388,person|person|person|person|person|person,2,0.8349469304084778,0.5847797244787216,helmet|helmet,False,False,False
/Users/claudia/Desktop/isaac_odd/isaac_odd_dataset/id/dataset_ok/dataset_ok_002682_jpg.rf.32c372b1f8fe5c33729441cfa170fac6_6c568cdbf8.jpg,id,9,0.9519713521003723,0.6934687693913778,person|person|person|person|person|person|person|person|person,2,0.5553926825523376,0.5178317725658417,vest|vest,False,False,False
/Users/claudia/Desktop/isaac_odd/isaac_odd_dataset/id/dataset_ok/dataset_ok_002682_jpg.rf.495badbe291ebb8518eec8a9d947f0c7_5c7dced0fe.jpg,id,5,0.9283088445663452,0.8825869917869568,person|person|person|person|person,0,0.0,0.0,,False,False,False
/Users/claudia/Desktop/isaac_odd/isaac_odd_dataset/id/dataset_ok/dataset_ok_002682_jpg.rf.b5f6e4d4f429c574db5367b57dad17ff_00dd35ea80.jpg,id,6,0.8365017175674438,0.6122558563947678,person|person|person|person|person|person,3,0.6169980764389038,0.4713242749373118,vest|vest|vest,False,False,False
/Users/claudia/Desktop/isaac_odd/isaac_odd_dataset/id/dataset_ok/dataset_ok_002682_jpg.rf.b6b693995a740eb1a889f07fb5529845_f16b5d724c.jpg,id,3,0.9050440192222595,0.8851238886515299,person|person|person,0,0.0,0.0,,False,False,False
/Users/claudia/Desktop/isaac_odd/isaac_odd_dataset/id/dataset_ok/dataset_ok_003184_jpg.rf.028bc555473f5424473dac253d2e6de4_fdd1b3828e.jpg,id,4,0.9500113725662231,0.6438481882214546,person|person|person|person,2,0.292097806930542,0.2812153100967407,helmet|helmet,False,False,False
/Users/claudia/Desktop/isaac_odd/isaac_odd_dataset/id/dataset_ok/dataset_ok_003184_jpg.rf.ddcabf097616516ad576f90948a0ac0f_3c0c09fc5f.jpg,id,4,0.9460629820823669,0.9115491658449173,person|person|person|person,1,0.29053330421447754,0.29053330421447754,helmet,False,False,False
/Users/claudia/Desktop/isaac_odd/isaac_odd_dataset/id/dataset_ok/dataset_ok_003184_jpg.rf.e7b83a5faa2513c5d2201944e2b2bd17_277022a357.jpg,id,3,0.94733065366745,0.7308468421300253,person|person|person,0,0.0,0.0,,False,False,False
/Users/claudia/Desktop/isaac_odd/isaac_odd_dataset/id/dataset_ok/dataset_ok_003184_jpg.rf.e8a5cc8317ac032f832ce528240edf35_ecc30084d7.jpg,id,1,0.9250730872154236,0.9250730872154236,person,0,0.0,0.0,,False,False,False
/Users/claudia/Desktop/isaac_odd/isaac_odd_dataset/id/dataset_ok/dataset_ok_003184_jpg.rf.ff0c89d68480e029f33402d458c7531c_49158d4252.jpg,id,5,0.9202646613121033,0.8566673994064331,person|person|person|person|person,3,0.8103986978530884,0.6563316384951273,vest|helmet|helmet,False,False,False
/Users/claudia/Desktop/isaac_odd/isaac_odd_dataset/id/dataset_ok/dataset_ok_003357_jpg.rf.9867f91e88089bb68dc95947d5116d14_c4f73e214c.jpg,id,1,0.5203770995140076,0.5203770995140076,person,1,0.6403833031654358,0.6403833031654358,helmet,False,False,False
/Users/claudia/Desktop/isaac_odd/isaac_odd_dataset/id/dataset_ok/dataset_ok_004063_jpg.rf.1b7cdc4035bcb24ef69b8798b444053e_eff9e50f23.jpg,id,5,0.9233421683311462,0.8156679749488831,person|person|person|person|person,5,0.5697077512741089,0.44648866057395936,vest|helmet|helmet|helmet|helmet,False,False,False
/Users/claudia/Desktop/isaac_odd/isaac_odd_dataset/id/dataset_ok/dataset_ok_004720_jpg.rf.0dcf5ce7437210bdf3d5e2f1bab5f21e_bfaddf9d94.jpg,id,6,0.8915760517120361,0.7118136485417684,person|person|person|person|person|person,3,0.5926784873008728,0.5259196758270264,helmet|helmet|helmet,False,False,False
/Users/claudia/Desktop/isaac_odd/isaac_odd_dataset/id/dataset_ok/dataset_ok_004720_jpg.rf.2c90819deb7a595e4201b6be21fe29ec_b55b1f1c32.jpg,id,3,0.8627121448516846,0.6553882161776224,person|person|person,1,0.5490657091140747,0.5490657091140747,helmet,False,False,False
/Users/claudia/Desktop/isaac_odd/isaac_odd_dataset/id/dataset_ok/dataset_ok_004720_jpg.rf.38351f09d6df1004a9d6fccb2f1cdf5c_36907c75a9.jpg,id,5,0.6574084162712097,0.4291362464427948,person|person|person|person|person,6,0.8200370073318481,0.4802345583836238,vest|helmet|helmet|vest|vest|vest,False,False,False
/Users/claudia/Desktop/isaac_odd/isaac_odd_dataset/id/dataset_ok/dataset_ok_004720_jpg.rf.44b8db920085c7034b6b0637fa85fe11_45c5fd0f87.jpg,id,5,0.9135482907295227,0.5463528335094452,person|person|person|person|person,2,0.5627617239952087,0.4510970115661621,vest|vest,False,False,False
/Users/claudia/Desktop/isaac_odd/isaac_odd_dataset/id/dataset_ok/dataset_ok_004720_jpg.rf.afc486560a4004c7cfd67910af31a29c_ef978a6bb9.jpg,id,2,0.861129641532898,0.6765529364347458,person|person,2,0.6041887998580933,0.6007164716720581,helmet|helmet,False,False,False
/Users/claudia/Desktop/isaac_odd/isaac_odd_dataset/id/dataset_ok/dataset_ok_004763_jpg.rf.46484e6ca73caeaa9de45822cf1085a9_8564ccd8a8.jpg,id,3,0.8976475596427917,0.7741712530454,person|person|person,3,0.5409832000732422,0.47864264249801636,helmet|helmet|helmet,False,False,False
/Users/claudia/Desktop/isaac_odd/isaac_odd_dataset/id/dataset_ok/dataset_ok_005100_jpg.rf.11d7bd86fe6608dc8ca416382c74d469_4094ab4e82.jpg,id,3,0.8696970343589783,0.7698455651601156,person|person|person,3,0.42719700932502747,0.3424623906612396,vest|vest|vest,False,False,False
/Users/claudia/Desktop/isaac_odd/isaac_odd_dataset/id/dataset_ok/dataset_ok_005100_jpg.rf.2994d16a99c03162e7b756fa13fdd3c5_8d65f987f2.jpg,id,1,0.8955360651016235,0.8955360651016235,person,1,0.6061049103736877,0.6061049103736877,helmet,False,False,False
/Users/claudia/Desktop/isaac_odd/isaac_odd_dataset/id/dataset_ok/dataset_ok_005100_jpg.rf.8f58de6f4be40f7e676c1e35773b2056_c8908dff76.jpg,id,3,0.8430424332618713,0.502093106508255,person|person|person,2,0.7234398722648621,0.5085285902023315,vest|vest,False,False,False
/Users/claudia/Desktop/isaac_odd/isaac_odd_dataset/id/dataset_ok/dataset_ok_005100_jpg.rf.94a94bc12f13609d6c57cbd13100dd8e_5fdedd5fcf.jpg,id,1,0.5261452198028564,0.5261452198028564,person,1,0.7528879642486572,0.7528879642486572,helmet,False,False,False
/Users/claudia/Desktop/isaac_odd/isaac_odd_dataset/id/dataset_ok/dataset_ok_005100_jpg.rf.d4b1f7a747d0ebfd6f25d164a3cbb10b_677cbf45e2.jpg,id,3,0.9239505529403687,0.5051283836364746,person|person|person,0,0.0,0.0,,False,False,False
/Users/claudia/Desktop/isaac_odd/isaac_odd_dataset/id/dataset_ok/dataset_ok_005139_jpg.rf.264f7aac166fc2d8628473d964339aa2_0f11fbcfdd.jpg,id,1,0.8535089492797852,0.8535089492797852,person,2,0.7321550846099854,0.4986365884542465,helmet|vest,False,False,False
/Users/claudia/Desktop/isaac_odd/isaac_odd_dataset/id/dataset_ok/dataset_ok_005139_jpg.rf.b51d392a15c3ca4943cfe750427ceb97_d4d1cc8f70.jpg,id,3,0.9499236941337585,0.6698340872923533,person|person|person,2,0.8060358166694641,0.6383935213088989,vest|helmet,False,False,False
/Users/claudia/Desktop/isaac_odd/isaac_odd_dataset/id/dataset_ok/dataset_ok_005139_jpg.rf.d3163480876e9f5a621e25e44ece6db4_8b6ecd7d78.jpg,id,2,0.9388753175735474,0.8901309370994568,person|person,0,0.0,0.0,,False,False,False
/Users/claudia/Desktop/isaac_odd/isaac_odd_dataset/id/dataset_ok/dataset_ok_005139_jpg.rf.df5b20b4373e6e301b010eda32f8ea3f_68cbf9c922.jpg,id,2,0.5695599913597107,0.5620811879634857,person|person,1,0.2571655809879303,0.2571655809879303,vest,False,False,False
/Users/claudia/Desktop/isaac_odd/isaac_odd_dataset/id/dataset_ok/dataset_ok_005139_jpg.rf.e8403525bf33f19710d4adb5344256a9_d3b3292b1d.jpg,id,9,0.8737451434135437,0.5289942589071062,person|person|person|person|person|person|person|person|person,2,0.6759564876556396,0.5664447844028473,vest|helmet,False,False,False
/Users/claudia/Desktop/isaac_odd/isaac_odd_dataset/id/dataset_ok/dataset_ok_005180_jpg.rf.07de45ecea6050e4afec7f8a3632ea11_d2b365e71d.jpg,id,2,0.6891897916793823,0.661652535200119,person|person,4,0.8612599968910217,0.7147991955280304,vest|vest|helmet|helmet,False,False,False
/Users/claudia/Desktop/isaac_odd/isaac_odd_dataset/id/dataset_ok/dataset_ok_005180_jpg.rf.07f95f7d40be1642632bca5a25661ec5_8882d5aa52.jpg,id,2,0.7043965458869934,0.6826745271682739,person|person,3,0.8244787454605103,0.6763776342074076,vest|helmet|helmet,False,False,False
/Users/claudia/Desktop/isaac_odd/isaac_odd_dataset/id/dataset_ok/dataset_ok_005180_jpg.rf.3c83b15d5bed446651582525866783fa_7b59b9d96e.jpg,id,2,0.9351364374160767,0.8755313158035278,person|person,1,0.8122256994247437,0.8122256994247437,vest,False,False,False
/Users/claudia/Desktop/isaac_odd/isaac_odd_dataset/id/dataset_ok/dataset_ok_005180_jpg.rf.765ddd4046b2ce2755fde8140f5009f1_b93f5e0da5.jpg,id,2,0.8009197115898132,0.7874914407730103,person|person,1,0.6187208890914917,0.6187208890914917,helmet,False,False,False
/Users/claudia/Desktop/isaac_odd/isaac_odd_dataset/id/dataset_ok/dataset_ok_005180_jpg.rf.77e5bbc190a7bde710749bae284e6fff_f5f4b86554.jpg,id,5,0.9166803359985352,0.7654796183109284,person|person|person|person|person,3,0.8070924282073975,0.5779546995957693,vest|helmet|helmet,False,False,False
/Users/claudia/Desktop/isaac_odd/isaac_odd_dataset/id/dataset_ok/dataset_ok_005239_jpg.rf.205d328d802b9bbcdb0b1a55cb86756f_32d5d92499.jpg,id,1,0.3001941442489624,0.3001941442489624,person,0,0.0,0.0,,False,False,False
/Users/claudia/Desktop/isaac_odd/isaac_odd_dataset/id/dataset_ok/dataset_ok_005239_jpg.rf.20727bffc9c5afe39c9bfdddf3a4f222_d74fbb3c8a.jpg,id,4,0.889912486076355,0.7333666384220123,person|person|person|person,3,0.8607450723648071,0.6217003564039866,helmet|helmet|helmet,False,False,False
/Users/claudia/Desktop/isaac_odd/isaac_odd_dataset/id/dataset_ok/dataset_ok_005239_jpg.rf.aa730ea2e24bd8c190a67478c76d14ca_4546023a07.jpg,id,3,0.9292300939559937,0.818469782670339,person|person|person,2,0.5725306272506714,0.4238804876804352,vest|vest,False,False,False
/Users/claudia/Desktop/isaac_odd/isaac_odd_dataset/id/dataset_ok/dataset_ok_005239_jpg.rf.b30f66b565561c64979bb7869ab4a970_d662a2e545.jpg,id,3,0.8890618681907654,0.7036872406800588,person|person|person,0,0.0,0.0,,False,False,False
/Users/claudia/Desktop/isaac_odd/isaac_odd_dataset/id/dataset_ok/dataset_ok_005239_jpg.rf.e2238d4058c251acf13fce7ed0319bae_aeef594603.jpg,id,5,0.931098997592926,0.8686488270759583,person|person|person|person|person,0,0.0,0.0,,False,False,False
/Users/claudia/Desktop/isaac_odd/isaac_odd_dataset/id/dataset_ok/dataset_ok_005310_jpg.rf.31b8beb7dd8e338e4818d2e1a648656f_07228b1308.jpg,id,7,0.9243661761283875,0.7504838832787105,person|person|person|person|person|person|person,5,0.8203508853912354,0.6834147930145263,vest|vest|helmet|helmet|vest,False,False,False
/Users/claudia/Desktop/isaac_odd/isaac_odd_dataset/id/dataset_ok/dataset_ok_005310_jpg.rf.3fadf8fa69fb354db06bed4e42142276_252ebb9d61.jpg,id,2,0.8957237601280212,0.6022891849279404,person|person,2,0.8186585903167725,0.753755509853363,vest|helmet,False,False,False
/Users/claudia/Desktop/isaac_odd/isaac_odd_dataset/id/dataset_ok/dataset_ok_005310_jpg.rf.462b38e32ee1aed612c4ed119dc9a06e_aa982cc0ba.jpg,id,1,0.836642861366272,0.836642861366272,person,2,0.8286861181259155,0.7388242483139038,vest|helmet,False,False,False
/Users/claudia/Desktop/isaac_odd/isaac_odd_dataset/id/dataset_ok/dataset_ok_005310_jpg.rf.5b524ed76d3e591d22c323212f22943f_c0808db654.jpg,id,0,0.0,0.0,,2,0.3711656928062439,0.3129967600107193,helmet|helmet,False,False,False
/Users/claudia/Desktop/isaac_odd/isaac_odd_dataset/id/dataset_ok/dataset_ok_005310_jpg.rf.83e6f0a246ede1e981765bf75cb7b067_3c63b52213.jpg,id,1,0.8756100535392761,0.8756100535392761,person,2,0.7529670596122742,0.7247826755046844,vest|helmet,False,False,False
/Users/claudia/Desktop/isaac_odd/isaac_odd_dataset/id/dataset_ok/dataset_ok_005376_jpg.rf.0c1077624516cc048e465b4a675ce5e2_1c56a5d391.jpg,id,4,0.9504973888397217,0.8401073962450027,person|person|person|person,1,0.7894734144210815,0.7894734144210815,vest,False,False,False
/Users/claudia/Desktop/isaac_odd/isaac_odd_dataset/id/dataset_ok/dataset_ok_005376_jpg.rf.2a20e5687918f570b05628736b28e9b4_e0f85bff82.jpg,id,4,0.9043666124343872,0.5962662175297737,person|person|person|person,1,0.27214521169662476,0.27214521169662476,vest,False,False,False
/Users/claudia/Desktop/isaac_odd/isaac_odd_dataset/id/dataset_ok/dataset_ok_005376_jpg.rf.b5f5bae65dbd647030aa3a08c16f17f0_8c14563d7a.jpg,id,11,0.9221972823143005,0.6513424028049816,person|person|person|person|person|person|person|person|person|person|person,16,0.8198580741882324,0.6876930203288794,helmet|vest|helmet|vest|vest|vest|helmet|helmet|helmet|helmet|helmet|helmet|helmet|vest|vest|helmet,False,False,False
/Users/claudia/Desktop/isaac_odd/isaac_odd_dataset/id/dataset_ok/dataset_ok_005376_jpg.rf.de5b78706607737619faa1ba9ad6cd2e_2263dbf2e5.jpg,id,7,0.899351954460144,0.6683902187006814,person|person|person|person|person|person|person,2,0.8131460547447205,0.759366512298584,helmet|helmet,False,False,False
/Users/claudia/Desktop/isaac_odd/isaac_odd_dataset/id/dataset_ok/dataset_ok_005376_jpg.rf.f9d2282335b826a6baedffbb64cde582_75cda15533.jpg,id,7,0.9437148571014404,0.7053732872009277,person|person|person|person|person|person|person,2,0.8182036280632019,0.8126945793628693,helmet|helmet,False,False,False
/Users/claudia/Desktop/isaac_odd/isaac_odd_dataset/id/dataset_ok/dataset_ok_005577_jpg.rf.28a70bd7ad7c4a004b19903de1eafc9e_46e15a1dd6.jpg,id,3,0.9003269076347351,0.6901152431964874,person|person|person,2,0.7681950926780701,0.7126518487930298,helmet|helmet,False,False,False
/Users/claudia/Desktop/isaac_odd/isaac_odd_dataset/id/dataset_ok/dataset_ok_005577_jpg.rf.566862c761348eb4f58647d4d420213b_5f945e5e4a.jpg,id,4,0.7481293082237244,0.5135325267910957,person|person|person|person,1,0.6144633293151855,0.6144633293151855,helmet,False,False,False
/Users/claudia/Desktop/isaac_odd/isaac_odd_dataset/id/dataset_ok/dataset_ok_005577_jpg.rf.6e948a65b0aa8a6128bec802e1131620_9575857348.jpg,id,3,0.942202091217041,0.8243950406710306,person|person|person,2,0.709345817565918,0.6918733417987823,helmet|helmet,False,False,False
/Users/claudia/Desktop/isaac_odd/isaac_odd_dataset/id/dataset_ok/dataset_ok_005577_jpg.rf.f153278ef72ca14b0fee9d9c16331fa2_e305dde860.jpg,id,2,0.9106488823890686,0.903135746717453,person|person,1,0.6937174201011658,0.6937174201011658,vest,False,False,False
/Users/claudia/Desktop/isaac_odd/isaac_odd_dataset/id/dataset_ok/dataset_ok_005577_jpg.rf.fef11b597712c48f52d5887ff414097d_3950f8eb4f.jpg,id,4,0.916968047618866,0.7595115080475807,person|person|person|person,3,0.7655709981918335,0.7028113206227621,helmet|helmet|helmet,False,False,False
/Users/claudia/Desktop/isaac_odd/isaac_odd_dataset/id/dataset_ok/dataset_ok_005773_jpg.rf.6fd082a2f449bb3d41d8c0180cb6f6df_1de81a6313.jpg,id,2,0.9131435751914978,0.5845180153846741,person|person,0,0.0,0.0,,False,False,False
/Users/claudia/Desktop/isaac_odd/isaac_odd_dataset/id/dataset_ok/dataset_ok_005773_jpg.rf.7918c8b086473cb1e6fcae60d5ad24e0_c2b96e516f.jpg,id,3,0.9289833307266235,0.7473072210947672,person|person|person,1,0.7441861629486084,0.7441861629486084,helmet,False,False,False
/Users/claudia/Desktop/isaac_odd/isaac_odd_dataset/id/dataset_ok/dataset_ok_005773_jpg.rf.8d8eb7d11388f2283ec465d523c98a6a_adfcc150a6.jpg,id,1,0.6866536140441895,0.6866536140441895,person,2,0.7434303760528564,0.6827796697616577,vest|helmet,False,False,False
/Users/claudia/Desktop/isaac_odd/isaac_odd_dataset/id/dataset_ok/dataset_ok_005773_jpg.rf.db74cb55673015df5c01266d0965c1e0_45c62a3824.jpg,id,0,0.0,0.0,,0,0.0,0.0,,False,False,False
/Users/claudia/Desktop/isaac_odd/isaac_odd_dataset/id/dataset_ok/dataset_ok_005773_jpg.rf.f74645690452329b76e09a3fe0a26735_87f0ca1b28.jpg,id,1,0.6107631921768188,0.6107631921768188,person,0,0.0,0.0,,False,False,False
/Users/claudia/Desktop/isaac_odd/isaac_odd_dataset/id/dataset_ok/dataset_ok_006012_jpg.rf.140391c68102321f02973bd473f607da_efff98464a.jpg,id,2,0.8936223387718201,0.8786958158016205,person|person,1,0.5759556293487549,0.5759556293487549,vest,False,False,False
/Users/claudia/Desktop/isaac_odd/isaac_odd_dataset/id/dataset_ok/dataset_ok_006012_jpg.rf.2300bacf07c885b49cd596a85e5adda3_4a962dbc3b.jpg,id,3,0.9025486707687378,0.8364643454551697,person|person|person,0,0.0,0.0,,False,False,False
/Users/claudia/Desktop/isaac_odd/isaac_odd_dataset/id/dataset_ok/dataset_ok_006012_jpg.rf.57e2757e014f88ed990284daa18faed6_edc5d76d2a.jpg,id,0,0.0,0.0,,1,0.26782968640327454,0.26782968640327454,vest,False,False,False
/Users/claudia/Desktop/isaac_odd/isaac_odd_dataset/id/dataset_ok/dataset_ok_006012_jpg.rf.58b1f82029fec52d5d718ec7baa7d2c9_6ffa35fad3.jpg,id,2,0.8206967115402222,0.8158293664455414,person|person,0,0.0,0.0,,False,False,False
/Users/claudia/Desktop/isaac_odd/isaac_odd_dataset/id/dataset_ok/dataset_ok_006012_jpg.rf.eb12c4a250f91e1f6efb9781b2c78604_7c00a6a068.jpg,id,3,0.9111504554748535,0.8464268843332926,person|person|person,1,0.5836174488067627,0.5836174488067627,helmet,False,False,False
/Users/claudia/Desktop/isaac_odd/isaac_odd_dataset/id/dataset_ok/dataset_ok_006118_jpg.rf.3a398e4f8ef5bf8cd84c4fc4a6f36ac6_67128708e7.jpg,id,3,0.9126700758934021,0.6232924660046896,person|person|person,2,0.8105225563049316,0.774752676486969,helmet|vest,False,False,False
/Users/claudia/Desktop/isaac_odd/isaac_odd_dataset/id/dataset_ok/dataset_ok_006118_jpg.rf.3bb10bffe280d9846dec2c95585a3658_a0c15253b4.jpg,id,2,0.7970932722091675,0.5638420581817627,person|person,0,0.0,0.0,,False,False,False
/Users/claudia/Desktop/isaac_odd/isaac_odd_dataset/id/dataset_ok/dataset_ok_006118_jpg.rf.52041b1d83e4a812028b6ead912c00e5_8df9439840.jpg,id,3,0.826694905757904,0.6590456167856852,person|person|person,2,0.7935071587562561,0.571561723947525,helmet|vest,False,False,False
/Users/claudia/Desktop/isaac_odd/isaac_odd_dataset/id/dataset_ok/dataset_ok_006118_jpg.rf.68e3bf2321bb87ec786d9fd5d60cb2a5_4b83709561.jpg,id,2,0.8997549414634705,0.5817729979753494,person|person,2,0.7476470470428467,0.7201942205429077,helmet|vest,False,False,False
/Users/claudia/Desktop/isaac_odd/isaac_odd_dataset/id/dataset_ok/dataset_ok_006118_jpg.rf.f747f08bf972bd350b70c282e547a71c_9814621126.jpg,id,2,0.9402385354042053,0.7279857993125916,person|person,3,0.7922573089599609,0.7074958483378092,vest|helmet|helmet,False,False,False
/Users/claudia/Desktop/isaac_odd/isaac_odd_dataset/id/dataset_ok/dataset_ok_006463_jpg.rf.02f19082420ecc5537b9d59abbe6050c_d59555b89f.jpg,id,9,0.8582714796066284,0.8024297952651978,person|person|person|person|person|person|person|person|person,9,0.7209284901618958,0.6253592305713229,helmet|helmet|helmet|helmet|helmet|helmet|helmet|helmet|helmet,False,False,False
/Users/claudia/Desktop/isaac_odd/isaac_odd_dataset/id/dataset_ok/dataset_ok_006672_jpg.rf.87d5978c486feb53177408cf00a0d87f_9bdd9e46bc.jpg,id,7,0.8572460412979126,0.6214607656002045,person|person|person|person|person|person|person,4,0.759373664855957,0.6976878345012665,vest|vest|vest|vest,False,False,False
/Users/claudia/Desktop/isaac_odd/isaac_odd_dataset/id/dataset_ok/dataset_ok_006858_jpg.rf.01d202a11c3bf4914ee7e1875bf5b8de_71da5ad420.jpg,id,3,0.8675752878189087,0.6174896359443665,person|person|person,0,0.0,0.0,,False,False,False
/Users/claudia/Desktop/isaac_odd/isaac_odd_dataset/id/dataset_ok/dataset_ok_006858_jpg.rf.ac43228cb397ef00766c39531a03e4d5_38a601dee7.jpg,id,4,0.906129002571106,0.7064622268080711,person|person|person|person,1,0.6251296997070312,0.6251296997070312,vest,False,False,False
/Users/claudia/Desktop/isaac_odd/isaac_odd_dataset/id/dataset_ok/dataset_ok_006858_jpg.rf.c94da6aa210f1738a87f3525da7b5985_a617e9e3c2.jpg,id,4,0.8855011463165283,0.6007570847868919,person|person|person|person,0,0.0,0.0,,False,False,False
/Users/claudia/Desktop/isaac_odd/isaac_odd_dataset/id/dataset_ok/dataset_ok_006858_jpg.rf.f39d0c81a93d765d935f0f93295969d1_a4192be393.jpg,id,3,0.915386974811554,0.8544544180234274,person|person|person,0,0.0,0.0,,False,False,False
/Users/claudia/Desktop/isaac_odd/isaac_odd_dataset/id/dataset_ok/dataset_ok_006858_jpg.rf.fac7da50abd77496b63cb83cca271507_23d0ea2dc1.jpg,id,3,0.9451419115066528,0.7490447958310446,person|person|person,1,0.5124387145042419,0.5124387145042419,vest,False,False,False
/Users/claudia/Desktop/isaac_odd/isaac_odd_dataset/id/dataset_ok/dataset_ok_01094_jpg.rf.15d2452cfbd2f25016ddb1bb90f0e19a_52c5452300.jpg,id,3,0.7496903538703918,0.4868176281452179,person|person|person,4,0.8185235857963562,0.4820897951722145,vest|vest|helmet|vest,False,False,False
/Users/claudia/Desktop/isaac_odd/isaac_odd_dataset/id/dataset_ok/dataset_ok_01094_jpg.rf.5f3dda8b6f1f7908983da80afb575e4e_2ac990a8b7.jpg,id,0,0.0,0.0,,0,0.0,0.0,,False,False,False
/Users/claudia/Desktop/isaac_odd/isaac_odd_dataset/id/dataset_ok/dataset_ok_01094_jpg.rf.a353aa741bea05e999eed430fbca7d6b_f1d8dabcf8.jpg,id,4,0.850999653339386,0.7151652574539185,person|person|person|person,3,0.8237466216087341,0.7383598685264587,vest|vest|helmet,False,False,False
/Users/claudia/Desktop/isaac_odd/isaac_odd_dataset/id/dataset_ok/dataset_ok_01094_jpg.rf.a95df02db342161eb0d886290b8f28b7_eda0333270.jpg,id,4,0.8205019235610962,0.7819451093673706,person|person|person|person,4,0.8221560716629028,0.6790763363242149,vest|vest|vest|vest,False,False,False
/Users/claudia/Desktop/isaac_odd/isaac_odd_dataset/id/dataset_ok/dataset_ok_01094_jpg.rf.ada3cfdaa41584a1f44bc13caea976fc_1a642bc9e0.jpg,id,2,0.4917207360267639,0.47222623229026794,person|person,1,0.3524375855922699,0.3524375855922699,vest,False,False,False
/Users/claudia/Desktop/isaac_odd/isaac_odd_dataset/id/dataset_ok/dataset_ok_01235_jpg.rf.309f857849c1804ab1f2f1f168902f50_56eea94edc.jpg,id,4,0.9490233063697815,0.9265172630548477,person|person|person|person,3,0.8543334603309631,0.5487724443276724,vest|helmet|vest,False,False,False
/Users/claudia/Desktop/isaac_odd/isaac_odd_dataset/id/dataset_ok/dataset_ok_01235_jpg.rf.5602858e3d72530c62b1d2f4c3e15770_fbd442baa6.jpg,id,1,0.9060962200164795,0.9060962200164795,person,2,0.8478495478630066,0.7246200144290924,helmet|vest,False,False,False
/Users/claudia/Desktop/isaac_odd/isaac_odd_dataset/id/dataset_ok/dataset_ok_01235_jpg.rf.888a393865d848ca1fce7fd8c190f3b4_6e40d7e532.jpg,id,3,0.9425495266914368,0.6093316674232483,person|person|person,0,0.0,0.0,,False,False,False
/Users/claudia/Desktop/isaac_odd/isaac_odd_dataset/id/dataset_ok/dataset_ok_01235_jpg.rf.a9a777b5a318084f48a13a5f125554f5_8bc2f2bdf4.jpg,id,3,0.8755561709403992,0.7347168127695719,person|person|person,3,0.8524852395057678,0.8161295652389526,vest|helmet|helmet,False,False,False
/Users/claudia/Desktop/isaac_odd/isaac_odd_dataset/id/dataset_ok/dataset_ok_01235_jpg.rf.cf94f7423325a92529343ffdc6deb074_289d2dd8a7.jpg,id,4,0.8944964408874512,0.7923741787672043,person|person|person|person,0,0.0,0.0,,False,False,False
/Users/claudia/Desktop/isaac_odd/isaac_odd_dataset/id/dataset_ok/dataset_ok_01261_jpg.rf.965dff8087002c174bf37951f02806a1_1d956d65d5.jpg,id,2,0.9460863471031189,0.8198300302028656,person|person,1,0.5916844010353088,0.5916844010353088,vest,False,False,False
/Users/claudia/Desktop/isaac_odd/isaac_odd_dataset/id/dataset_ok/dataset_ok_01261_jpg.rf.a2f9b65be201cebad78a1c25a855b0f2_0d6dda1561.jpg,id,3,0.9239240884780884,0.8971592585245768,person|person|person,5,0.7814258337020874,0.558079594373703,vest|vest|vest|helmet|helmet,False,False,False
/Users/claudia/Desktop/isaac_odd/isaac_odd_dataset/id/dataset_ok/dataset_ok_01261_jpg.rf.e4057437ee374e03ad9d0faeccbdcc72_9abacdcb5d.jpg,id,4,0.9274200201034546,0.8056675344705582,person|person|person|person,3,0.8710656762123108,0.7435174187024435,vest|vest|vest,False,False,False
/Users/claudia/Desktop/isaac_odd/isaac_odd_dataset/id/dataset_ok/dataset_ok_01261_jpg.rf.ed956fe33a91f0a8537ffcbda6e8b3ab_f71f408e8f.jpg,id,5,0.9023230075836182,0.6222777962684631,person|person|person|person|person,3,0.831567108631134,0.7291829387346903,vest|vest|vest,False,False,False
/Users/claudia/Desktop/isaac_odd/isaac_odd_dataset/id/dataset_ok/dataset_ok_01261_jpg.rf.ee044d42291843f1358960c4d8c1d466_13d3090833.jpg,id,4,0.9464427828788757,0.7838015854358673,person|person|person|person,8,0.8730482459068298,0.6177326515316963,vest|vest|vest|vest|helmet|helmet|helmet|helmet,False,False,False
/Users/claudia/Desktop/isaac_odd/isaac_odd_dataset/id/dataset_ok/dataset_ok_01437_jpg.rf.7839171efbe212f40b2c6ce1f3c8819b_56700e2a0a.jpg,id,2,0.9047914147377014,0.8268650472164154,person|person,3,0.8371633887290955,0.6325071553389231,helmet|helmet|helmet,False,False,False
/Users/claudia/Desktop/isaac_odd/isaac_odd_dataset/id/dataset_ok/dataset_ok_01437_jpg.rf.dd545905fd49027442d36f029745a7c3_977e2fa752.jpg,id,4,0.7577290534973145,0.5029456466436386,person|person|person|person,3,0.8522541522979736,0.5997789204120636,helmet|vest|helmet,False,False,False
/Users/claudia/Desktop/isaac_odd/isaac_odd_dataset/id/dataset_ok/dataset_ok_01437_jpg.rf.ee92d3e0667ed377273097b6ddec65f6_e5dd0e165c.jpg,id,4,0.9197861552238464,0.6069307699799538,person|person|person|person,3,0.7886167764663696,0.508179247379303,vest|vest|helmet,False,False,False
/Users/claudia/Desktop/isaac_odd/isaac_odd_dataset/id/dataset_ok/dataset_ok_01437_jpg.rf.f026cf7ba5513aa3755d04963571a8cc_233b959429.jpg,id,4,0.8793285489082336,0.6872412264347076,person|person|person|person,2,0.8552861213684082,0.8054777085781097,helmet|helmet,False,False,False
/Users/claudia/Desktop/isaac_odd/isaac_odd_dataset/id/dataset_ok/dataset_ok_01437_jpg.rf.f33846f08de75ae3d897f2902747c725_cf9cb151a4.jpg,id,3,0.789034366607666,0.5969704290231069,person|person|person,4,0.5218189358711243,0.3755734786391258,helmet|vest|vest|helmet,False,False,False
/Users/claudia/Desktop/isaac_odd/isaac_odd_dataset/id/dataset_ok/dataset_ok_02629_jpg.rf.0521012466fb729b8c9cf3291d35077a_7a1d62c06a.jpg,id,4,0.936892032623291,0.7769120261073112,person|person|person|person,2,0.7323863506317139,0.5902840793132782,helmet|vest,False,False,False
/Users/claudia/Desktop/isaac_odd/isaac_odd_dataset/id/dataset_ok/dataset_ok_02629_jpg.rf.1c71d128f3dca9b80504e5e7163508bc_df239e99da.jpg,id,4,0.9168729186058044,0.6944273933768272,person|person|person|person,5,0.8738383650779724,0.6416010022163391,vest|vest|helmet|helmet|helmet,False,False,False
/Users/claudia/Desktop/isaac_odd/isaac_odd_dataset/id/dataset_ok/dataset_ok_02629_jpg.rf.a7248eecf328be2e0b9794d850bf379a_423686b9a2.jpg,id,4,0.860441267490387,0.7942246049642563,person|person|person|person,0,0.0,0.0,,False,False,False
/Users/claudia/Desktop/isaac_odd/isaac_odd_dataset/id/dataset_ok/dataset_ok_02629_jpg.rf.b9355827a29589ddae4528281e89a885_c9ca4b06dd.jpg,id,4,0.5755840539932251,0.38898980617523193,person|person|person|person,1,0.7468764781951904,0.7468764781951904,vest,False,False,False
/Users/claudia/Desktop/isaac_odd/isaac_odd_dataset/id/dataset_ok/dataset_ok_02629_jpg.rf.c3231f30e24be87a70d431d81ae730ee_3406fd160a.jpg,id,5,0.8808372020721436,0.5698314309120178,person|person|person|person|person,0,0.0,0.0,,False,False,False
/Users/claudia/Desktop/isaac_odd/isaac_odd_dataset/id/dataset_ok/dataset_ok_0_jpg.rf.2ff49f74309118f169e07aa12564df87_0e5a7f70a4.jpg,id,0,0.0,0.0,,1,0.5187503695487976,0.5187503695487976,vest,False,False,False
/Users/claudia/Desktop/isaac_odd/isaac_odd_dataset/id/dataset_ok/dataset_ok_1288788-une-employee-aide-des-voyageurs-en-provenance-de-chine-le-26-janvier-2020-a-l-aeroport-de-roissy_jpg.rf.35ed51188a266a262a24924aa32463a0_237a1f281c.jpg,id,7,0.9007315039634705,0.5875449180603027,person|person|person|person|person|person|person,4,0.5985981822013855,0.37280114740133286,vest|vest|vest|vest,False,False,False
/Users/claudia/Desktop/isaac_odd/isaac_odd_dataset/id/dataset_ok/dataset_ok_1288788-une-employee-aide-des-voyageurs-en-provenance-de-chine-le-26-janvier-2020-a-l-aeroport-de-roissy_jpg.rf.93dd6595c9b6f435a03af2e09588744c_2645e76015.jpg,id,5,0.9234031438827515,0.5379481673240661,person|person|person|person|person,2,0.7669185996055603,0.6072845011949539,vest|vest,False,False,False
/Users/claudia/Desktop/isaac_odd/isaac_odd_dataset/id/dataset_ok/dataset_ok_1288788-une-employee-aide-des-voyageurs-en-provenance-de-chine-le-26-janvier-2020-a-l-aeroport-de-roissy_jpg.rf.a988e2e512aa158adc5f82945a436de6_40241fc3e5.jpg,id,1,0.952572226524353,0.952572226524353,person,0,0.0,0.0,,False,False,False
/Users/claudia/Desktop/isaac_odd/isaac_odd_dataset/id/dataset_ok/dataset_ok_1288788-une-employee-aide-des-voyageurs-en-provenance-de-chine-le-26-janvier-2020-a-l-aeroport-de-roissy_jpg.rf.c0a0407a94e7eeb441a235b51752d178_2a28000e60.jpg,id,1,0.8859526515007019,0.8859526515007019,person,2,0.6202280521392822,0.5070523470640182,vest|vest,False,False,False
/Users/claudia/Desktop/isaac_odd/isaac_odd_dataset/id/dataset_ok/dataset_ok_1288788-une-employee-aide-des-voyageurs-en-provenance-de-chine-le-26-janvier-2020-a-l-aeroport-de-roissy_jpg.rf.e65c339a3dc986701e765116332dba2d_2123c1e029.jpg,id,5,0.8206716179847717,0.736373496055603,person|person|person|person|person,1,0.8612935543060303,0.8612935543060303,vest,False,False,False
/Users/claudia/Desktop/isaac_odd/isaac_odd_dataset/id/dataset_ok/dataset_ok_129_jpg.rf.0cb07be3237753e24204a014ebee12a0_c6b9898e73.jpg,id,1,0.4225963354110718,0.4225963354110718,person,1,0.27062276005744934,0.27062276005744934,vest,False,False,False
/Users/claudia/Desktop/isaac_odd/isaac_odd_dataset/id/dataset_ok/dataset_ok_129_jpg.rf.3ddb7831c49cc812f103617cf0da07fa_ac1db486a0.jpg,id,3,0.7658976912498474,0.5680668751398722,person|person|person,2,0.7974212765693665,0.7523277401924133,helmet|vest,False,False,False
/Users/claudia/Desktop/isaac_odd/isaac_odd_dataset/id/dataset_ok/dataset_ok_129_jpg.rf.6ffe5c397bf302ae2bf05108d292a3f8_baf969d42d.jpg,id,2,0.9232281446456909,0.5928132385015488,person|person,0,0.0,0.0,,False,False,False
/Users/claudia/Desktop/isaac_odd/isaac_odd_dataset/id/dataset_ok/dataset_ok_129_jpg.rf.a68b454b70b3db44e61475f360275f39_59f7f71792.jpg,id,3,0.9108577966690063,0.8697373469670614,person|person|person,2,0.4729788899421692,0.39290232956409454,helmet|vest,False,False,False
/Users/claudia/Desktop/isaac_odd/isaac_odd_dataset/id/dataset_ok/dataset_ok_129_jpg.rf.ffd6c2f950c552a16727f9bf145f7454_51948109e6.jpg,id,2,0.7546595931053162,0.6075542122125626,person|person,1,0.5144799947738647,0.5144799947738647,vest,False,False,False
/Users/claudia/Desktop/isaac_odd/isaac_odd_dataset/id/dataset_ok/dataset_ok_135e-huxwryw6451820_jpg.rf.16d8f0c3161dae2375522c763c40b1a0_611c189f48.jpg,id,5,0.6337853074073792,0.44378966093063354,person|person|person|person|person,1,0.6730318069458008,0.6730318069458008,vest,False,False,False
/Users/claudia/Desktop/isaac_odd/isaac_odd_dataset/id/dataset_ok/dataset_ok_135e-huxwryw6451820_jpg.rf.47219072cbbb4ed0d05bbfb4a495530a_2c3424639f.jpg,id,2,0.9184024333953857,0.5905663222074509,person|person,0,0.0,0.0,,False,False,False
/Users/claudia/Desktop/isaac_odd/isaac_odd_dataset/id/dataset_ok/dataset_ok_135e-huxwryw6451820_jpg.rf.934c0f8f070cf99570b4fe46256e9c0f_0060f9032e.jpg,id,2,0.9445236325263977,0.8371431827545166,person|person,2,0.45515066385269165,0.4039046913385391,vest|vest,False,False,False
/Users/claudia/Desktop/isaac_odd/isaac_odd_dataset/id/dataset_ok/dataset_ok_135e-huxwryw6451820_jpg.rf.c9c6258ad45ebf19f75149b6d5c69134_8fdac0e9c1.jpg,id,4,0.9288282990455627,0.7277764528989792,person|person|person|person,2,0.836732804775238,0.5840284526348114,vest|vest,False,False,False
/Users/claudia/Desktop/isaac_odd/isaac_odd_dataset/id/dataset_ok/dataset_ok_135e-huxwryw6451820_jpg.rf.ee9ca43c493a451ed87dcea9c7b3e0c6_29c662be60.jpg,id,1,0.7468101978302002,0.7468101978302002,person,1,0.45480623841285706,0.45480623841285706,vest,False,False,False
/Users/claudia/Desktop/isaac_odd/isaac_odd_dataset/id/dataset_ok/dataset_ok_1582_jpg.rf.484ffee7236baefd3d1e4434f99589b5_f10b9a1b7d.jpg,id,1,0.4844951331615448,0.4844951331615448,person,1,0.7613332271575928,0.7613332271575928,vest,False,False,False
/Users/claudia/Desktop/isaac_odd/isaac_odd_dataset/id/dataset_ok/dataset_ok_1582_jpg.rf.6b13cf235d91a186b9849393992d26d9_c16ac913e9.jpg,id,2,0.6121994256973267,0.5448271781206131,person|person,0,0.0,0.0,,False,False,False
/Users/claudia/Desktop/isaac_odd/isaac_odd_dataset/id/dataset_ok/dataset_ok_1582_jpg.rf.6dc2f84282eecbb00c4c620ae1119d36_122935f907.jpg,id,6,0.8724274635314941,0.6772036651770273,person|person|person|person|person|person,1,0.6797010898590088,0.6797010898590088,vest,False,False,False
/Users/claudia/Desktop/isaac_odd/isaac_odd_dataset/id/dataset_ok/dataset_ok_1582_jpg.rf.80ca40b216072d7fbf6a8a2f4e84ed7f_33e42eb7e9.jpg,id,4,0.7182646989822388,0.549548014998436,person|person|person|person,3,0.5711770057678223,0.3653605282306671,vest|vest|vest,False,False,False
/Users/claudia/Desktop/isaac_odd/isaac_odd_dataset/id/dataset_ok/dataset_ok_1582_jpg.rf.a067bc50920883d43cd5cab0a1966ad4_519371f89f.jpg,id,2,0.7350809574127197,0.5063567608594894,person|person,1,0.258400559425354,0.258400559425354,helmet,False,False,False
/Users/claudia/Desktop/isaac_odd/isaac_odd_dataset/id/dataset_ok/dataset_ok_165_jpg.rf.6f14e3bb36293644e2dc07082e4e19ee_fb6b382cd4.jpg,id,3,0.7306100726127625,0.5676784614721934,person|person|person,1,0.45673197507858276,0.45673197507858276,vest,False,False,False
/Users/claudia/Desktop/isaac_odd/isaac_odd_dataset/id/dataset_ok/dataset_ok_165_jpg.rf.8b803b2c10eb3a316412e867ee14eaf5_8c38344516.jpg,id,3,0.9187666773796082,0.6516274511814117,person|person|person,1,0.584274172782898,0.584274172782898,vest,False,False,False
/Users/claudia/Desktop/isaac_odd/isaac_odd_dataset/id/dataset_ok/dataset_ok_165_jpg.rf.8e28e2ec55d7ab727f8a5cd072024dd2_61ac0cd04b.jpg,id,2,0.9007418751716614,0.8320766687393188,person|person,3,0.6850991249084473,0.6007261276245117,vest|vest|vest,False,False,False
/Users/claudia/Desktop/isaac_odd/isaac_odd_dataset/id/dataset_ok/dataset_ok_165_jpg.rf.b04fddf04e5b76ae6a68fa12f94390d0_4bee16a196.jpg,id,0,0.0,0.0,,1,0.6852651238441467,0.6852651238441467,vest,False,False,False
/Users/claudia/Desktop/isaac_odd/isaac_odd_dataset/id/dataset_ok/dataset_ok_165_jpg.rf.c64f254d162c3ae612e21e5f8ab4962c_06e9d3dc7f.jpg,id,0,0.0,0.0,,1,0.4379200339317322,0.4379200339317322,helmet,False,False,False
/Users/claudia/Desktop/isaac_odd/isaac_odd_dataset/id/dataset_ok/dataset_ok_2008_008320_jpg.rf.bd34011d46f82f9410d95f00e560b8ea_269dba3c74.jpg,id,1,0.8902692198753357,0.8902692198753357,person,0,0.0,0.0,,False,False,False
/Users/claudia/Desktop/isaac_odd/isaac_odd_dataset/id/dataset_ok/dataset_ok_2008_008337_jpg.rf.5590da143ecce5f4a253645df18158c1_7eebd2a9b9.jpg,id,2,0.5540428161621094,0.5146578699350357,person|person,0,0.0,0.0,,False,False,False
/Users/claudia/Desktop/isaac_odd/isaac_odd_dataset/id/dataset_ok/dataset_ok_2008_008337_jpg.rf.74e6e11733218da0128165788cc3d7bb_ac7fb2ddb0.jpg,id,2,0.5758650898933411,0.4312911927700043,person|person,0,0.0,0.0,,False,False,False
/Users/claudia/Desktop/isaac_odd/isaac_odd_dataset/id/dataset_ok/dataset_ok_2008_008337_jpg.rf.b3d479181e4c04ff814ab55502b8055d_700a0804b0.jpg,id,1,0.8323402404785156,0.8323402404785156,person,0,0.0,0.0,,False,False,False
/Users/claudia/Desktop/isaac_odd/isaac_odd_dataset/id/dataset_ok/dataset_ok_2008_008337_jpg.rf.be5dc6de298823538b429246aa5dfa42_30ed992103.jpg,id,3,0.908416748046875,0.7389095922311147,person|person|person,1,0.8064067959785461,0.8064067959785461,helmet,False,False,False
/Users/claudia/Desktop/isaac_odd/isaac_odd_dataset/id/dataset_ok/dataset_ok_2008_008337_jpg.rf.d9c52a1f5351aea9e22393c29ac2436c_55d0a4515e.jpg,id,6,0.8916759490966797,0.5881319989760717,person|person|person|person|person|person,4,0.6796449422836304,0.482085756957531,vest|vest|vest|vest,False,False,False
/Users/claudia/Desktop/isaac_odd/isaac_odd_dataset/id/dataset_ok/dataset_ok_2008_008364_jpg.rf.0457e5579a2dcd24852278b5657b25b5_0ce92e9854.jpg,id,2,0.749518632888794,0.679873138666153,person|person,1,0.4287625551223755,0.4287625551223755,vest,False,False,False
/Users/claudia/Desktop/isaac_odd/isaac_odd_dataset/id/dataset_ok/dataset_ok_2008_008364_jpg.rf.6c09ae7ec7500b18c2f9175f7ae996c9_c2f754ccfc.jpg,id,3,0.7779755592346191,0.6232083439826965,person|person|person,1,0.5166889429092407,0.5166889429092407,helmet,False,False,False
/Users/claudia/Desktop/isaac_odd/isaac_odd_dataset/id/dataset_ok/dataset_ok_2008_008364_jpg.rf.7e993c289a92cc10642f3c86fd49615e_9b969bad96.jpg,id,4,0.44392433762550354,0.3674042448401451,person|person|person|person,1,0.4587410092353821,0.4587410092353821,vest,False,False,False
/Users/claudia/Desktop/isaac_odd/isaac_odd_dataset/id/dataset_ok/dataset_ok_2008_008364_jpg.rf.8b5c0174f04094705ab872fc100939a5_e4ac359c0a.jpg,id,2,0.8891489505767822,0.5784393399953842,person|person,0,0.0,0.0,,False,False,False
/Users/claudia/Desktop/isaac_odd/isaac_odd_dataset/id/dataset_ok/dataset_ok_2008_008364_jpg.rf.bedc4a85a4f7f5d50ebf3f3f62cf1500_09028a815e.jpg,id,1,0.3363122045993805,0.3363122045993805,person,0,0.0,0.0,,False,False,False
/Users/claudia/Desktop/isaac_odd/isaac_odd_dataset/id/dataset_ok/dataset_ok_2008_008382_jpg.rf.051446bdb7b3da2d378bef843e2db409_fe34c116c3.jpg,id,1,0.9119845628738403,0.9119845628738403,person,0,0.0,0.0,,False,False,False
/Users/claudia/Desktop/isaac_odd/isaac_odd_dataset/id/dataset_ok/dataset_ok_2008_008382_jpg.rf.17d1f80e4513c2e3b16de5fbc649828d_6c423ae890.jpg,id,1,0.7747160792350769,0.7747160792350769,person,1,0.38634198904037476,0.38634198904037476,vest,False,False,False
/Users/claudia/Desktop/isaac_odd/isaac_odd_dataset/id/dataset_ok/dataset_ok_2008_008382_jpg.rf.23c52bce2cca27ec7c476e91b24de0ae_95e3a8fb3a.jpg,id,1,0.8145634531974792,0.8145634531974792,person,1,0.7701529860496521,0.7701529860496521,vest,False,False,False
/Users/claudia/Desktop/isaac_odd/isaac_odd_dataset/id/dataset_ok/dataset_ok_2008_008382_jpg.rf.88abdb29b7db6d6218399b4adebdbe66_3dc474f480.jpg,id,2,0.827109694480896,0.5656913071870804,person|person,0,0.0,0.0,,False,False,False
/Users/claudia/Desktop/isaac_odd/isaac_odd_dataset/id/dataset_ok/dataset_ok_2008_008382_jpg.rf.9c0e50eae212ceaba5d487cfc1789a8d_54491e446f.jpg,id,1,0.863792896270752,0.863792896270752,person,0,0.0,0.0,,False,False,False
/Users/claudia/Desktop/isaac_odd/isaac_odd_dataset/id/dataset_ok/dataset_ok_2008_008444_jpg.rf.260d91b51ebae045fe3a5ed752628307_90299cb1bf.jpg,id,3,0.7951183319091797,0.6667433778444926,person|person|person,0,0.0,0.0,,False,False,False
/Users/claudia/Desktop/isaac_odd/isaac_odd_dataset/id/dataset_ok/dataset_ok_2008_008444_jpg.rf.429b802dc2a4bb0171d0b296fcb04454_b823bcac5e.jpg,id,3,0.9314203262329102,0.7490896085898081,person|person|person,1,0.8127145767211914,0.8127145767211914,helmet,False,False,False
/Users/claudia/Desktop/isaac_odd/isaac_odd_dataset/id/dataset_ok/dataset_ok_2008_008444_jpg.rf.88f63ad836e2885c2e4d56d8f4ebf471_9a4c213176.jpg,id,2,0.9207701086997986,0.9103554785251617,person|person,0,0.0,0.0,,False,False,False
/Users/claudia/Desktop/isaac_odd/isaac_odd_dataset/id/dataset_ok/dataset_ok_2008_008444_jpg.rf.9c5a03ccac6c0c594459f9cd336d8114_558716f1f3.jpg,id,4,0.898328423500061,0.7007023990154266,person|person|person|person,0,0.0,0.0,,False,False,False
/Users/claudia/Desktop/isaac_odd/isaac_odd_dataset/id/dataset_ok/dataset_ok_2008_008444_jpg.rf.f54629aa3fa51422510e7e7ac5d5f39b_b9727b1209.jpg,id,2,0.8988881707191467,0.7004528343677521,person|person,0,0.0,0.0,,False,False,False
/Users/claudia/Desktop/isaac_odd/isaac_odd_dataset/id/dataset_ok/dataset_ok_2008_008519_jpg.rf.1798c8eed7de04399a0e7e297b4b4c9e_93d515f040.jpg,id,2,0.7911769151687622,0.6864741742610931,person|person,0,0.0,0.0,,False,False,False
/Users/claudia/Desktop/isaac_odd/isaac_odd_dataset/id/dataset_ok/dataset_ok_2008_008526_jpg.rf.206536056ad018be846c10c1aa29e111_6695ba675a.jpg,id,5,0.826734721660614,0.6250821650028229,person|person|person|person|person,0,0.0,0.0,,False,False,False
/Users/claudia/Desktop/isaac_odd/isaac_odd_dataset/id/dataset_ok/dataset_ok_2008_008526_jpg.rf.4c032b16756eb8ad94db6a8a224fb076_6852539e0d.jpg,id,6,0.9089870452880859,0.6120862066745758,person|person|person|person|person|person,2,0.7102558016777039,0.6560775935649872,helmet|helmet,False,False,False
/Users/claudia/Desktop/isaac_odd/isaac_odd_dataset/id/dataset_ok/dataset_ok_2008_008526_jpg.rf.73bbaeff54aafabd9a49d2fdbedb4453_3e09477e67.jpg,id,3,0.8570013642311096,0.4928254187107086,person|person|person,0,0.0,0.0,,False,False,False
/Users/claudia/Desktop/isaac_odd/isaac_odd_dataset/id/dataset_ok/dataset_ok_2008_008526_jpg.rf.a1eb584550fe5b07c45425a258c66052_dd11d4c1bf.jpg,id,3,0.8664206266403198,0.7368212938308716,person|person|person,5,0.5064036250114441,0.3842464804649353,helmet|helmet|helmet|vest|vest,False,False,False
/Users/claudia/Desktop/isaac_odd/isaac_odd_dataset/id/dataset_ok/dataset_ok_2008_008526_jpg.rf.b9241d674aac7899827bcc5db9486bdc_b62fb3046d.jpg,id,2,0.9087808728218079,0.8733676671981812,person|person,0,0.0,0.0,,False,False,False
/Users/claudia/Desktop/isaac_odd/isaac_odd_dataset/id/dataset_ok/dataset_ok_2008_008593_jpg.rf.326b2332c5ad72b7eb4ff01251abbf4e_81dafec394.jpg,id,1,0.6221394538879395,0.6221394538879395,person,1,0.43486925959587097,0.43486925959587097,helmet,False,False,False
/Users/claudia/Desktop/isaac_odd/isaac_odd_dataset/id/dataset_ok/dataset_ok_2008_008593_jpg.rf.a6f37b5452eb88ac2cd643e744e78529_f3f8e48362.jpg,id,5,0.8008061051368713,0.5311534881591797,person|person|person|person|person,0,0.0,0.0,,False,False,False
/Users/claudia/Desktop/isaac_odd/isaac_odd_dataset/id/dataset_ok/dataset_ok_2008_008593_jpg.rf.a997ae409b26bbc3efa95dd6da91554e_9c813079eb.jpg,id,3,0.4903564453125,0.4249281088511149,person|person|person,3,0.4889026880264282,0.383929322163264,helmet|helmet|vest,False,False,False
/Users/claudia/Desktop/isaac_odd/isaac_odd_dataset/id/dataset_ok/dataset_ok_2008_008593_jpg.rf.d56866006a516df1e61df4c19d11e159_1f2cb1e5cb.jpg,id,3,0.8760269284248352,0.7659157713254293,person|person|person,2,0.7141343355178833,0.6485415697097778,vest|helmet,False,False,False
/Users/claudia/Desktop/isaac_odd/isaac_odd_dataset/id/dataset_ok/dataset_ok_2008_008593_jpg.rf.fa226868652307ad79a6e9a0ec013a1e_75323fd720.jpg,id,4,0.9415059685707092,0.7720272839069366,person|person|person|person,2,0.6700475215911865,0.5269415378570557,helmet|vest,False,False,False
/Users/claudia/Desktop/isaac_odd/isaac_odd_dataset/id/dataset_ok/dataset_ok_2008_008600_jpg.rf.1e30fdd484a479256bd540cc92dc375b_031488c0bf.jpg,id,1,0.3841119110584259,0.3841119110584259,person,1,0.37093716859817505,0.37093716859817505,vest,False,False,False
/Users/claudia/Desktop/isaac_odd/isaac_odd_dataset/id/dataset_ok/dataset_ok_2008_008600_jpg.rf.5fd794e6172b7258cb20bdefccf7af67_326a738558.jpg,id,2,0.9210281372070312,0.6877684742212296,person|person,0,0.0,0.0,,False,False,False
/Users/claudia/Desktop/isaac_odd/isaac_odd_dataset/id/dataset_ok/dataset_ok_2008_008600_jpg.rf.8ce5b36f0111be922eb20834bfedffcd_6c71b35ba6.jpg,id,7,0.8049989938735962,0.5443692675658635,person|person|person|person|person|person|person,1,0.6148666143417358,0.6148666143417358,helmet,False,False,False
/Users/claudia/Desktop/isaac_odd/isaac_odd_dataset/id/dataset_ok/dataset_ok_2008_008600_jpg.rf.d8f5f9cf688bbe34999c4fdea17bc8bf_c708c9f876.jpg,id,1,0.9189270734786987,0.9189270734786987,person,1,0.5088583827018738,0.5088583827018738,vest,False,False,False
/Users/claudia/Desktop/isaac_odd/isaac_odd_dataset/id/dataset_ok/dataset_ok_2008_008600_jpg.rf.fbcb0255367052070ef10f94875ec8e6_f178e3ab1a.jpg,id,2,0.9165892004966736,0.8727673292160034,person|person,2,0.8119050860404968,0.7899700701236725,vest|helmet,False,False,False
/Users/claudia/Desktop/isaac_odd/isaac_odd_dataset/id/dataset_ok/dataset_ok_2008_008618_jpg.rf.08333b53ff8de881498a70bac2f1cec6_df95c7e2f4.jpg,id,5,0.780227780342102,0.5018046021461486,person|person|person|person|person,1,0.651034414768219,0.651034414768219,vest,False,False,False
/Users/claudia/Desktop/isaac_odd/isaac_odd_dataset/id/dataset_ok/dataset_ok_2008_008618_jpg.rf.11fe8e58330bb2d014dcd6c04cdc04af_4aa241852c.jpg,id,1,0.4989199638366699,0.4989199638366699,person,0,0.0,0.0,,False,False,False
/Users/claudia/Desktop/isaac_odd/isaac_odd_dataset/id/dataset_ok/dataset_ok_2008_008618_jpg.rf.31e87a24eebedbd40bb9b22f0d0fe788_c05268508f.jpg,id,0,0.0,0.0,,0,0.0,0.0,,False,False,False
/Users/claudia/Desktop/isaac_odd/isaac_odd_dataset/id/dataset_ok/dataset_ok_2008_008618_jpg.rf.36f88cd9160d2a0be857a1f22210540b_d62a72b45a.jpg,id,6,0.8131847977638245,0.557870015501976,person|person|person|person|person|person,2,0.8365662097930908,0.8175489902496338,vest|vest,False,False,False
/Users/claudia/Desktop/isaac_odd/isaac_odd_dataset/id/dataset_ok/dataset_ok_2008_008618_jpg.rf.83d27bf2a3b03d840da408f29f6d5864_591052b6dc.jpg,id,4,0.9318599700927734,0.5897175744175911,person|person|person|person,1,0.41044196486473083,0.41044196486473083,vest,False,False,False
/Users/claudia/Desktop/isaac_odd/isaac_odd_dataset/id/dataset_ok/dataset_ok_2008_008629_jpg.rf.61500c26db60c3df2396ffe74f4f07cf_3b163b2891.jpg,id,6,0.6784948706626892,0.47363409399986267,person|person|person|person|person|person,1,0.35893332958221436,0.35893332958221436,vest,False,False,False
/Users/claudia/Desktop/isaac_odd/isaac_odd_dataset/id/dataset_ok/dataset_ok_2008_008629_jpg.rf.73412855b479071b5aa4da5c592b92f9_11b9c22fb2.jpg,id,4,0.8228768110275269,0.5690545737743378,person|person|person|person,2,0.7464141249656677,0.6574638485908508,helmet|vest,False,False,False
/Users/claudia/Desktop/isaac_odd/isaac_odd_dataset/id/dataset_ok/dataset_ok_2008_008629_jpg.rf.85c2d54a785a02b9c6ee6e00321549aa_62bb467530.jpg,id,2,0.4134541153907776,0.35086843371391296,person|person,0,0.0,0.0,,False,False,False
/Users/claudia/Desktop/isaac_odd/isaac_odd_dataset/id/dataset_ok/dataset_ok_2008_008629_jpg.rf.b1befa29d2154ce889608dac6a5a86b0_4a582c384e.jpg,id,0,0.0,0.0,,0,0.0,0.0,,False,False,False
/Users/claudia/Desktop/isaac_odd/isaac_odd_dataset/id/dataset_ok/dataset_ok_2008_008629_jpg.rf.e6001817254342b9aa367260e7013eab_b4461d6d40.jpg,id,3,0.6826423406600952,0.473000168800354,person|person|person,0,0.0,0.0,,False,False,False
/Users/claudia/Desktop/isaac_odd/isaac_odd_dataset/id/dataset_ok/dataset_ok_2008_008652_jpg.rf.2ac7d064035687d4b82c8edeafbafd31_dd66a48922.jpg,id,1,0.7387918829917908,0.7387918829917908,person,0,0.0,0.0,,False,False,False
/Users/claudia/Desktop/isaac_odd/isaac_odd_dataset/id/dataset_ok/dataset_ok_2008_008652_jpg.rf.6b38069d24cf22969d271effcec92c03_9478aec899.jpg,id,2,0.8860321044921875,0.6850298345088959,person|person,1,0.26912200450897217,0.26912200450897217,helmet,False,False,False
/Users/claudia/Desktop/isaac_odd/isaac_odd_dataset/id/dataset_ok/dataset_ok_2008_008652_jpg.rf.abbfd744196d5826bb402880b9124526_59f59c180b.jpg,id,0,0.0,0.0,,0,0.0,0.0,,False,False,False
/Users/claudia/Desktop/isaac_odd/isaac_odd_dataset/id/dataset_ok/dataset_ok_2008_008652_jpg.rf.d00034b7c4abe7242379f832445178bd_5da8550374.jpg,id,1,0.7756412029266357,0.7756412029266357,person,1,0.4453490376472473,0.4453490376472473,helmet,False,False,False
/Users/claudia/Desktop/isaac_odd/isaac_odd_dataset/id/dataset_ok/dataset_ok_2008_008652_jpg.rf.fdf7e303604d0fb6feb39b62d8469cf5_30b85a74cb.jpg,id,1,0.912257969379425,0.912257969379425,person,1,0.8532904386520386,0.8532904386520386,vest,False,False,False
/Users/claudia/Desktop/isaac_odd/isaac_odd_dataset/id/dataset_ok/dataset_ok_2008_008753_jpg.rf.186c87c81cd6acbc5dbd5a24cdc48033_71dc1b48f6.jpg,id,4,0.7109285593032837,0.45435693860054016,person|person|person|person,4,0.6666581034660339,0.4951406866312027,vest|vest|helmet|vest,False,False,False
/Users/claudia/Desktop/isaac_odd/isaac_odd_dataset/id/dataset_ok/dataset_ok_2008_008753_jpg.rf.953a6b25662d9a832e9ef300e56edce9_c9a5622236.jpg,id,1,0.8964131474494934,0.8964131474494934,person,1,0.6902473568916321,0.6902473568916321,vest,False,False,False
/Users/claudia/Desktop/isaac_odd/isaac_odd_dataset/id/dataset_ok/dataset_ok_2008_008753_jpg.rf.96b05f76830c2a6d37ddd3d669725532_ee39f53a6f.jpg,id,2,0.6184281706809998,0.4428999274969101,person|person,1,0.3302208185195923,0.3302208185195923,helmet,False,False,False
/Users/claudia/Desktop/isaac_odd/isaac_odd_dataset/id/dataset_ok/dataset_ok_2008_008753_jpg.rf.bb84d47d973f36b81330f3f44c0731f2_901861a356.jpg,id,3,0.900641679763794,0.7367438276608785,person|person|person,4,0.7430264353752136,0.6016270369291306,vest|vest|vest|helmet,False,False,False
/Users/claudia/Desktop/isaac_odd/isaac_odd_dataset/id/dataset_ok/dataset_ok_2008_008753_jpg.rf.d4c5f043915bded8b5a1909134766f54_1bc177cde8.jpg,id,0,0.0,0.0,,0,0.0,0.0,,False,False,False
/Users/claudia/Desktop/isaac_odd/isaac_odd_dataset/id/dataset_ok/dataset_ok_2009_000059_jpg.rf.50e8398a37eb33f33fd9f662feeea083_878a373183.jpg,id,1,0.8521848917007446,0.8521848917007446,person,1,0.2956785261631012,0.2956785261631012,helmet,False,False,False
/Users/claudia/Desktop/isaac_odd/isaac_odd_dataset/id/dataset_ok/dataset_ok_2009_000063_jpg.rf.6ec3137de0a8c1ecdfd20ade2706e078_70fa218764.jpg,id,5,0.7785590887069702,0.5188546895980835,person|person|person|person|person,3,0.36706045269966125,0.32374171415964764,vest|vest|helmet,False,False,False
/Users/claudia/Desktop/isaac_odd/isaac_odd_dataset/id/dataset_ok/dataset_ok_2009_000063_jpg.rf.ac4540391143af1302719e3168371e12_1b730eccfd.jpg,id,6,0.9362626075744629,0.7607097228368124,person|person|person|person|person|person,5,0.7708500623703003,0.5792231619358063,vest|vest|vest|vest|vest,False,False,False
/Users/claudia/Desktop/isaac_odd/isaac_odd_dataset/id/dataset_ok/dataset_ok_2009_000063_jpg.rf.bc5d41d82310a6d4decffa753de9b2eb_4125e3c4c1.jpg,id,2,0.8856302499771118,0.785471647977829,person|person,1,0.556134045124054,0.556134045124054,helmet,False,False,False
/Users/claudia/Desktop/isaac_odd/isaac_odd_dataset/id/dataset_ok/dataset_ok_2009_000063_jpg.rf.c749876f44dd889271116bd4db04dc12_08d97c1220.jpg,id,6,0.9032901525497437,0.6333020428816477,person|person|person|person|person|person,2,0.6525627374649048,0.48703964054584503,vest|vest,False,False,False
/Users/claudia/Desktop/isaac_odd/isaac_odd_dataset/id/dataset_ok/dataset_ok_2009_000063_jpg.rf.de3b6f86a7cfb5a006cc81653ebe0868_5b79a56b31.jpg,id,4,0.9524379968643188,0.7118128389120102,person|person|person|person,0,0.0,0.0,,False,False,False
/Users/claudia/Desktop/isaac_odd/isaac_odd_dataset/id/dataset_ok/dataset_ok_2009_000280_jpg.rf.14ea05d770d7a1cdd2ee28b6d7901c86_71b2b02076.jpg,id,1,0.36734694242477417,0.36734694242477417,person,0,0.0,0.0,,False,False,False
/Users/claudia/Desktop/isaac_odd/isaac_odd_dataset/id/dataset_ok/dataset_ok_2009_000280_jpg.rf.7c269bca3935b65ae9bf2d15593b9711_4e203414f2.jpg,id,1,0.4094656705856323,0.4094656705856323,person,1,0.30934035778045654,0.30934035778045654,vest,False,False,False
/Users/claudia/Desktop/isaac_odd/isaac_odd_dataset/id/dataset_ok/dataset_ok_2009_000280_jpg.rf.90c8b34923112435cd8778196f2a2100_f8bd7c2745.jpg,id,2,0.4189882278442383,0.3646860718727112,person|person,1,0.3614722192287445,0.3614722192287445,helmet,False,False,False
/Users/claudia/Desktop/isaac_odd/isaac_odd_dataset/id/dataset_ok/dataset_ok_2009_000280_jpg.rf.c0c50e450c51eaea4420ea8611432a27_83dc979de4.jpg,id,4,0.7509573101997375,0.4689541384577751,person|person|person|person,2,0.29949358105659485,0.2836226373910904,vest|helmet,False,False,False
/Users/claudia/Desktop/isaac_odd/isaac_odd_dataset/id/dataset_ok/dataset_ok_2009_000280_jpg.rf.ec836370fef6cf224c1c349c5814fce5_71b7dad362.jpg,id,1,0.9317284822463989,0.9317284822463989,person,0,0.0,0.0,,False,False,False
/Users/claudia/Desktop/isaac_odd/isaac_odd_dataset/id/dataset_ok/dataset_ok_2009_000379_jpg.rf.3a55d8966c384074dcf9796a6b60e32d_a23e5ef46c.jpg,id,1,0.8648534417152405,0.8648534417152405,person,0,0.0,0.0,,False,False,False
/Users/claudia/Desktop/isaac_odd/isaac_odd_dataset/id/dataset_ok/dataset_ok_2009_000379_jpg.rf.85d67f69b0f051e37d393b7ada4500df_f308b0b1bf.jpg,id,4,0.5024198293685913,0.43209830671548843,person|person|person|person,2,0.6292990446090698,0.6148351728916168,helmet|helmet,False,False,False
/Users/claudia/Desktop/isaac_odd/isaac_odd_dataset/id/dataset_ok/dataset_ok_2009_000379_jpg.rf.8a537e55ba2654835278f344da61abfe_51857e0030.jpg,id,3,0.929222047328949,0.6136603653430939,person|person|person,0,0.0,0.0,,False,False,False
/Users/claudia/Desktop/isaac_odd/isaac_odd_dataset/id/dataset_ok/dataset_ok_2009_000379_jpg.rf.f169216e75011872d9bbafd85c3b1010_aacb1bfaa1.jpg,id,4,0.6461172699928284,0.5888229310512543,person|person|person|person,2,0.4709981083869934,0.39277927577495575,vest|vest,False,False,False
/Users/claudia/Desktop/isaac_odd/isaac_odd_dataset/id/dataset_ok/dataset_ok_2009_000379_jpg.rf.fc46b82ce969c13ab1d3423c5e813105_b27df254fd.jpg,id,2,0.6074836254119873,0.4737747609615326,person|person,0,0.0,0.0,,False,False,False
/Users/claudia/Desktop/isaac_odd/isaac_odd_dataset/id/dataset_ok/dataset_ok_2009_000496_jpg.rf.9a2d210fe0f5ea4b572aeb07e41ecbae_896fa3aad8.jpg,id,2,0.7275593280792236,0.6284720599651337,person|person,0,0.0,0.0,,False,False,False
/Users/claudia/Desktop/isaac_odd/isaac_odd_dataset/id/dataset_ok/dataset_ok_2009_002711_jpg.rf.2432192dc727d132f2eb4e85daf069de_5e72d8d5f4.jpg,id,0,0.0,0.0,,0,0.0,0.0,,False,False,False
/Users/claudia/Desktop/isaac_odd/isaac_odd_dataset/id/dataset_ok/dataset_ok_2009_002711_jpg.rf.6fc864b0aeea496698e8d8f650729efa_7cd0a45da6.jpg,id,1,0.9135592579841614,0.9135592579841614,person,1,0.8197289705276489,0.8197289705276489,vest,False,False,False
/Users/claudia/Desktop/isaac_odd/isaac_odd_dataset/id/dataset_ok/dataset_ok_2009_002711_jpg.rf.9014fa0e9a77a787d9a8e3d03b984081_a46119f958.jpg,id,2,0.48437434434890747,0.3879968225955963,person|person,0,0.0,0.0,,False,False,False
/Users/claudia/Desktop/isaac_odd/isaac_odd_dataset/id/dataset_ok/dataset_ok_2009_002711_jpg.rf.c5342ac0316773ec167d3bc6f61ec8ac_27e3330f95.jpg,id,1,0.7606418132781982,0.7606418132781982,person,1,0.7746736407279968,0.7746736407279968,vest,False,False,False
/Users/claudia/Desktop/isaac_odd/isaac_odd_dataset/id/dataset_ok/dataset_ok_2009_002711_jpg.rf.f0563c83394a79e936b0ecec2658ec97_227df9c20f.jpg,id,4,0.8887438774108887,0.6019720658659935,person|person|person|person,0,0.0,0.0,,False,False,False
/Users/claudia/Desktop/isaac_odd/isaac_odd_dataset/id/dataset_ok/dataset_ok_2009_002883_jpg.rf.14d86d27fb802b8d26403c723c3e4c33_3f5a24aef3.jpg,id,1,0.9160811305046082,0.9160811305046082,person,1,0.8221486806869507,0.8221486806869507,vest,False,False,False
/Users/claudia/Desktop/isaac_odd/isaac_odd_dataset/id/dataset_ok/dataset_ok_2009_002883_jpg.rf.33d18b918997b24639bd3b38944059da_0a115d12e8.jpg,id,5,0.9008722305297852,0.6067072629928589,person|person|person|person|person,0,0.0,0.0,,False,False,False
/Users/claudia/Desktop/isaac_odd/isaac_odd_dataset/id/dataset_ok/dataset_ok_2009_002883_jpg.rf.41f48cf928eb3adba9c69e73c5b81e94_61aaa699ed.jpg,id,4,0.8205564618110657,0.6156000271439552,person|person|person|person,6,0.6931590437889099,0.4599812775850296,vest|vest|vest|helmet|helmet|helmet,False,False,False
/Users/claudia/Desktop/isaac_odd/isaac_odd_dataset/id/dataset_ok/dataset_ok_2009_002883_jpg.rf.d10587ac3861e970e5a2bec61ef90b26_d6b32ae397.jpg,id,2,0.5042818784713745,0.4698517918586731,person|person,0,0.0,0.0,,False,False,False
/Users/claudia/Desktop/isaac_odd/isaac_odd_dataset/id/dataset_ok/dataset_ok_2009_002883_jpg.rf.e9b784c222a40531120bae836f293598_b4f5895675.jpg,id,2,0.799999475479126,0.6490170359611511,person|person,0,0.0,0.0,,False,False,False
/Users/claudia/Desktop/isaac_odd/isaac_odd_dataset/id/dataset_ok/dataset_ok_2009_003000_jpg.rf.16e6d9c2516e182a4343111e8d26a81b_6e4ca09865.jpg,id,5,0.8820969462394714,0.633422338962555,person|person|person|person|person,3,0.8219502568244934,0.6146054367224375,vest|vest|vest,False,False,False
/Users/claudia/Desktop/isaac_odd/isaac_odd_dataset/id/dataset_ok/dataset_ok_2009_003000_jpg.rf.6c5dc02b545928f15ee53c3ecbbe5fb4_ef3658290c.jpg,id,4,0.907551646232605,0.7679862380027771,person|person|person|person,0,0.0,0.0,,False,False,False
/Users/claudia/Desktop/isaac_odd/isaac_odd_dataset/id/dataset_ok/dataset_ok_2009_003000_jpg.rf.9ae660adccbf418ece332c07d30daef5_42b3f17df9.jpg,id,1,0.7271676063537598,0.7271676063537598,person,0,0.0,0.0,,False,False,False
/Users/claudia/Desktop/isaac_odd/isaac_odd_dataset/id/dataset_ok/dataset_ok_2009_003000_jpg.rf.cf61f4b407ecc0250f3f8a204311e086_e33f9b2058.jpg,id,3,0.6311476826667786,0.48585843046506244,person|person|person,1,0.3116239011287689,0.3116239011287689,vest,False,False,False
/Users/claudia/Desktop/isaac_odd/isaac_odd_dataset/id/dataset_ok/dataset_ok_2009_003000_jpg.rf.ff5ff339e78a910b92fdcb62c8c3ce3a_e4b8858f60.jpg,id,7,0.8316900730133057,0.6835940991129194,person|person|person|person|person|person|person,9,0.8751975297927856,0.5909306638770633,vest|vest|vest|vest|vest|vest|helmet|vest|helmet,False,False,False
/Users/claudia/Desktop/isaac_odd/isaac_odd_dataset/id/dataset_ok/dataset_ok_2009_004148_jpg.rf.15237e8ab0bab257f48c8e0b97afeb71_b77ff16789.jpg,id,5,0.8568532466888428,0.6274344861507416,person|person|person|person|person,0,0.0,0.0,,False,False,False
/Users/claudia/Desktop/isaac_odd/isaac_odd_dataset/id/dataset_ok/dataset_ok_2009_004148_jpg.rf.20ee0ed182f1410ef10f130001b67a14_56121168fb.jpg,id,3,0.93977952003479,0.6876186529795328,person|person|person,1,0.4063916504383087,0.4063916504383087,helmet,False,False,False
/Users/claudia/Desktop/isaac_odd/isaac_odd_dataset/id/dataset_ok/dataset_ok_2009_004148_jpg.rf.323afb7ac28a89fe20723187498dc297_b7ffce200f.jpg,id,2,0.8214126229286194,0.8050305545330048,person|person,1,0.5953646898269653,0.5953646898269653,helmet,False,False,False
/Users/claudia/Desktop/isaac_odd/isaac_odd_dataset/id/dataset_ok/dataset_ok_2009_004148_jpg.rf.5a40d87b1f2f75213b65d0b6d3cc9ee1_2d6d009513.jpg,id,2,0.8956515789031982,0.7572445273399353,person|person,1,0.848879873752594,0.848879873752594,vest,False,False,False
/Users/claudia/Desktop/isaac_odd/isaac_odd_dataset/id/dataset_ok/dataset_ok_2009_004148_jpg.rf.c86d73788f965b515d5f8ecd00031354_a566e87217.jpg,id,3,0.7714509963989258,0.5535278916358948,person|person|person,1,0.4663983881473541,0.4663983881473541,vest,False,False,False
/Users/claudia/Desktop/isaac_odd/isaac_odd_dataset/id/dataset_ok/dataset_ok_2009_004301_jpg.rf.91ec90a81cecd19e78920c6ceaf0d01e_cb60215ba1.jpg,id,1,0.9075173735618591,0.9075173735618591,person,1,0.27464255690574646,0.27464255690574646,vest,False,False,False
/Users/claudia/Desktop/isaac_odd/isaac_odd_dataset/id/dataset_ok/dataset_ok_2009_004301_jpg.rf.950def400852f7e9096bb7a2c7c5e900_8367920a7e.jpg,id,4,0.6954129338264465,0.5062194988131523,person|person|person|person,5,0.769603967666626,0.49805044531822207,vest|vest|vest|vest|helmet,False,False,False
/Users/claudia/Desktop/isaac_odd/isaac_odd_dataset/id/dataset_ok/dataset_ok_2009_004301_jpg.rf.d7534033a977f8e93915559cdc4fd15e_585e8fb4d5.jpg,id,4,0.9455636143684387,0.8328141123056412,person|person|person|person,1,0.8515437841415405,0.8515437841415405,vest,False,False,False
/Users/claudia/Desktop/isaac_odd/isaac_odd_dataset/id/dataset_ok/dataset_ok_2009_004301_jpg.rf.dcb85d0f7d931a7de69072529b41a5df_3298330cdb.jpg,id,5,0.3489394187927246,0.30706133842468264,person|person|person|person|person,0,0.0,0.0,,False,False,False
/Users/claudia/Desktop/isaac_odd/isaac_odd_dataset/id/dataset_ok/dataset_ok_2009_004301_jpg.rf.f6d3387ae733775532ac78bc18756f07_39e5b2e777.jpg,id,10,0.8877910375595093,0.5983377665281295,person|person|person|person|person|person|person|person|person|person,20,0.861912727355957,0.5255228176712989,vest|vest|vest|vest|vest|vest|vest|vest|vest|vest|vest|vest|helmet|helmet|vest|helmet|vest|vest|helmet|helmet,False,False,False
/Users/claudia/Desktop/isaac_odd/isaac_odd_dataset/id/dataset_ok/dataset_ok_235_jpg.rf.897011419739f3d81651d2c00d7ec8fa_0a27494eb6.jpg,id,3,0.7199162244796753,0.49463480710983276,person|person|person,2,0.349965900182724,0.3370742201805115,helmet|vest,False,False,False
/Users/claudia/Desktop/isaac_odd/isaac_odd_dataset/id/dataset_ok/dataset_ok_235_jpg.rf.b3db12fa2baf556ce9956e8c4312cd61_a80cf9464a.jpg,id,1,0.8703553080558777,0.8703553080558777,person,1,0.33728498220443726,0.33728498220443726,vest,False,False,False
/Users/claudia/Desktop/isaac_odd/isaac_odd_dataset/id/dataset_ok/dataset_ok_235_jpg.rf.ecd6121b665ab2bbdac1899ab058d2d3_9a39318722.jpg,id,2,0.9151065349578857,0.9015176594257355,person|person,1,0.8649038076400757,0.8649038076400757,vest,False,False,False
/Users/claudia/Desktop/isaac_odd/isaac_odd_dataset/id/dataset_ok/dataset_ok_235_jpg.rf.f5758d235eb011824ff40d7188b17bdf_c92199ca59.jpg,id,2,0.8521732687950134,0.5857850015163422,person|person,0,0.0,0.0,,False,False,False
/Users/claudia/Desktop/isaac_odd/isaac_odd_dataset/id/dataset_ok/dataset_ok_235_jpg.rf.fc43ddf1f7b8872bae6b2d1f1495f634_ee189b5616.jpg,id,3,0.9213846325874329,0.8329414327939352,person|person|person,4,0.8411338925361633,0.5544606745243073,vest|vest|vest|vest,False,False,False
/Users/claudia/Desktop/isaac_odd/isaac_odd_dataset/id/dataset_ok/dataset_ok_277_jpg.rf.004c580eed497695eabbf509a273bb9e_58e71d72c7.jpg,id,3,0.8292120099067688,0.6097543736298879,person|person|person,0,0.0,0.0,,False,False,False
/Users/claudia/Desktop/isaac_odd/isaac_odd_dataset/id/dataset_ok/dataset_ok_277_jpg.rf.093e99de12a75b9c38c17759345870aa_f3fede4f30.jpg,id,0,0.0,0.0,,1,0.5479453802108765,0.5479453802108765,helmet,False,False,False
/Users/claudia/Desktop/isaac_odd/isaac_odd_dataset/id/dataset_ok/dataset_ok_277_jpg.rf.1f9c34c877f19f92f71b8325c99b89a5_7dbc47aaa6.jpg,id,2,0.9214571714401245,0.9131301939487457,person|person,2,0.5559558868408203,0.5410408675670624,helmet|helmet,False,False,False
/Users/claudia/Desktop/isaac_odd/isaac_odd_dataset/id/dataset_ok/dataset_ok_277_jpg.rf.d6e4f58885b944d6f7daaca27e2b8cea_c18dc02e2e.jpg,id,1,0.8967607617378235,0.8967607617378235,person,0,0.0,0.0,,False,False,False
/Users/claudia/Desktop/isaac_odd/isaac_odd_dataset/id/dataset_ok/dataset_ok_277_jpg.rf.e533863ccfdd0dba4c8d7089ef7b965d_df7c0e0fd0.jpg,id,1,0.47570058703422546,0.47570058703422546,person,0,0.0,0.0,,False,False,False
/Users/claudia/Desktop/isaac_odd/isaac_odd_dataset/id/dataset_ok/dataset_ok_2_jpg.rf.2a2cafa3fd6db594c2f3a46f971b1c14_96a7ae2aa7.jpg,id,1,0.7809982299804688,0.7809982299804688,person,1,0.6616970896720886,0.6616970896720886,vest,False,False,False
/Users/claudia/Desktop/isaac_odd/isaac_odd_dataset/id/dataset_ok/dataset_ok_2_jpg.rf.2eba3dc769a0689dda8f6eb3fdbd297e_240518ee28.jpg,id,3,0.6473559737205505,0.5709137121836344,person|person|person,4,0.6980250477790833,0.5935347527265549,helmet|helmet|helmet|vest,False,False,False
/Users/claudia/Desktop/isaac_odd/isaac_odd_dataset/id/dataset_ok/dataset_ok_2_jpg.rf.5d1d2457d0de245aa673442ac06891df_e6bf1a53ad.jpg,id,0,0.0,0.0,,1,0.5525817275047302,0.5525817275047302,vest,False,False,False
/Users/claudia/Desktop/isaac_odd/isaac_odd_dataset/id/dataset_ok/dataset_ok_2_jpg.rf.7baa8d1dade31fde5df99a239a274fab_afb9034531.jpg,id,2,0.7172513008117676,0.6460328996181488,person|person,0,0.0,0.0,,False,False,False
/Users/claudia/Desktop/isaac_odd/isaac_odd_dataset/id/dataset_ok/dataset_ok_2_jpg.rf.7c5f480de276d0dbd11edbcc4a81c19f_712b34fe50.jpg,id,0,0.0,0.0,,0,0.0,0.0,,False,False,False
/Users/claudia/Desktop/isaac_odd/isaac_odd_dataset/id/dataset_ok/dataset_ok_2_jpg.rf.81cecacca0143515726201efb42fe5b6_e62f8a5afc.jpg,id,0,0.0,0.0,,0,0.0,0.0,,False,False,False
/Users/claudia/Desktop/isaac_odd/isaac_odd_dataset/id/dataset_ok/dataset_ok_2_jpg.rf.90ee66d55026ceb2e487c40a501b81f8_0eb30a922e.jpg,id,2,0.34236881136894226,0.31194013357162476,person|person,1,0.7326701879501343,0.7326701879501343,helmet,False,False,False
/Users/claudia/Desktop/isaac_odd/isaac_odd_dataset/id/dataset_ok/dataset_ok_2_jpg.rf.9360d1df64e52841007492e10100ffcd_9fff9491f9.jpg,id,2,0.9244600534439087,0.7236121296882629,person|person,1,0.2869196832180023,0.2869196832180023,helmet,False,False,False
/Users/claudia/Desktop/isaac_odd/isaac_odd_dataset/id/dataset_ok/dataset_ok_2_jpg.rf.9ea7125de2c58de7327b2b061398d7f4_e50280d302.jpg,id,11,0.8715919256210327,0.6055263009938326,person|person|person|person|person|person|person|person|person|person|person,9,0.8320518136024475,0.637169192234675,vest|vest|vest|vest|vest|vest|vest|helmet|vest,False,False,False
/Users/claudia/Desktop/isaac_odd/isaac_odd_dataset/id/dataset_ok/dataset_ok_2_jpg.rf.b6161c4d7722be0e92af7b88e8391da5_4509327b43.jpg,id,3,0.8642540574073792,0.7636892000834147,person|person|person,4,0.7289569973945618,0.5602013021707535,vest|helmet|helmet|vest,False,False,False
/Users/claudia/Desktop/isaac_odd/isaac_odd_dataset/id/dataset_ok/dataset_ok_329_jpg.rf.1f99013be8407ede7c9df84d93b6a700_8d9d5f7b4a.jpg,id,3,0.7579982280731201,0.5933895905812582,person|person|person,1,0.34032830595970154,0.34032830595970154,vest,False,False,False
/Users/claudia/Desktop/isaac_odd/isaac_odd_dataset/id/dataset_ok/dataset_ok_329_jpg.rf.3a8533cdbd7c8755432f89c212d22719_c7f5fc80c5.jpg,id,2,0.460574746131897,0.37925922870635986,person|person,0,0.0,0.0,,False,False,False
/Users/claudia/Desktop/isaac_odd/isaac_odd_dataset/id/dataset_ok/dataset_ok_329_jpg.rf.4a5e5473d213e592580c29c03b2db094_1c14a7ff28.jpg,id,2,0.9168761372566223,0.9054944515228271,person|person,2,0.6966022849082947,0.6449022591114044,helmet|vest,False,False,False
/Users/claudia/Desktop/isaac_odd/isaac_odd_dataset/id/dataset_ok/dataset_ok_329_jpg.rf.545ddf049ed04f83620fd7ddb5bf6f87_6a10414297.jpg,id,6,0.80805903673172,0.7344958583513895,person|person|person|person|person|person,1,0.34944796562194824,0.34944796562194824,helmet,False,False,False
/Users/claudia/Desktop/isaac_odd/isaac_odd_dataset/id/dataset_ok/dataset_ok_329_jpg.rf.fbb0984fcb0cdd40c954287ddad65b29_5ea59f177c.jpg,id,4,0.8131810426712036,0.6526752784848213,person|person|person|person,0,0.0,0.0,,False,False,False
/Users/claudia/Desktop/isaac_odd/isaac_odd_dataset/id/dataset_ok/dataset_ok_3e7e40981ddd4cdb055c7ffe4c2af5d8_jpg.rf.bac50dc18195e9aeb6f3a21782a3efcb_652da1eb6f.jpg,id,0,0.0,0.0,,0,0.0,0.0,,False,False,False
/Users/claudia/Desktop/isaac_odd/isaac_odd_dataset/id/dataset_ok/dataset_ok_405_jpg.rf.0a37dfa7a6cc2efb13be8591aef13ca6_1ce2b9b2db.jpg,id,2,0.47712621092796326,0.466579794883728,person|person,2,0.3326145112514496,0.3134317994117737,helmet|helmet,False,False,False
/Users/claudia/Desktop/isaac_odd/isaac_odd_dataset/id/dataset_ok/dataset_ok_405_jpg.rf.534cf3056a780b84def0ce12ced849b7_9718fc0bcb.jpg,id,6,0.8930132985115051,0.43607408305009204,person|person|person|person|person|person,1,0.38060247898101807,0.38060247898101807,vest,False,False,False
/Users/claudia/Desktop/isaac_odd/isaac_odd_dataset/id/dataset_ok/dataset_ok_405_jpg.rf.649a7abba334ed5db702e6a7065fb81f_7b191f1252.jpg,id,3,0.6591476202011108,0.4916381736596425,person|person|person,1,0.7438792586326599,0.7438792586326599,vest,False,False,False
/Users/claudia/Desktop/isaac_odd/isaac_odd_dataset/id/dataset_ok/dataset_ok_405_jpg.rf.ae2d82d70c03beca862cf4d2a3f604cf_913ffe44f7.jpg,id,2,0.9092474579811096,0.5906664431095123,person|person,2,0.4092969298362732,0.38185833394527435,helmet|vest,False,False,False
/Users/claudia/Desktop/isaac_odd/isaac_odd_dataset/id/dataset_ok/dataset_ok_405_jpg.rf.d32a5c5e31bf063c660923d082f43e83_29ede92830.jpg,id,10,0.9374784827232361,0.5698496222496032,person|person|person|person|person|person|person|person|person|person,5,0.7489113807678223,0.5686219871044159,vest|vest|vest|helmet|helmet,False,False,False
/Users/claudia/Desktop/isaac_odd/isaac_odd_dataset/id/dataset_ok/dataset_ok_494_jpg.rf.10fc39826f79a214ec850d3adb62bf81_7179d779f7.jpg,id,1,0.842460572719574,0.842460572719574,person,3,0.4914160668849945,0.3875168363253276,helmet|helmet|helmet,False,False,False
/Users/claudia/Desktop/isaac_odd/isaac_odd_dataset/id/dataset_ok/dataset_ok_494_jpg.rf.44f6e7003c8d642d073affd1936673ec_14a39f4783.jpg,id,2,0.9209040403366089,0.6028129905462265,person|person,1,0.6765173673629761,0.6765173673629761,vest,False,False,False
/Users/claudia/Desktop/isaac_odd/isaac_odd_dataset/id/dataset_ok/dataset_ok_494_jpg.rf.4965b7246b576fccfc1032532369a048_bf103d4904.jpg,id,1,0.840227484703064,0.840227484703064,person,0,0.0,0.0,,False,False,False
/Users/claudia/Desktop/isaac_odd/isaac_odd_dataset/id/dataset_ok/dataset_ok_494_jpg.rf.9528435ded55bbe6bae4d2f3d478ca71_a911a62e19.jpg,id,2,0.7385388612747192,0.7189584374427795,person|person,2,0.5650902986526489,0.5584538578987122,helmet|vest,False,False,False
/Users/claudia/Desktop/isaac_odd/isaac_odd_dataset/id/dataset_ok/dataset_ok_494_jpg.rf.ea9ca8e7391f4c12e1b63c0aa31760e9_8648c2029f.jpg,id,3,0.6172693371772766,0.37597087025642395,person|person|person,0,0.0,0.0,,False,False,False
/Users/claudia/Desktop/isaac_odd/isaac_odd_dataset/id/dataset_ok/dataset_ok_4c43875bc97cdaece84ac6ce555235f1_jpg.rf.8bffc5f836784d47dd928f9a50c72a2c_4049bcd708.jpg,id,2,0.8813966512680054,0.8493800759315491,person|person,0,0.0,0.0,,False,False,False
/Users/claudia/Desktop/isaac_odd/isaac_odd_dataset/id/dataset_ok/dataset_ok_4c43875bc97cdaece84ac6ce555235f1_jpg.rf.8f711c6b8a5d905cd6c0011a1a37e71b_468440f641.jpg,id,3,0.7770335674285889,0.566509852806727,person|person|person,2,0.2888033986091614,0.28190262615680695,vest|vest,False,False,False
/Users/claudia/Desktop/isaac_odd/isaac_odd_dataset/id/dataset_ok/dataset_ok_4c43875bc97cdaece84ac6ce555235f1_jpg.rf.f0ababbd27b5c11652961e9e5b4da88b_18bd21f459.jpg,id,0,0.0,0.0,,0,0.0,0.0,,False,False,False
/Users/claudia/Desktop/isaac_odd/isaac_odd_dataset/id/dataset_ok/dataset_ok_4c43875bc97cdaece84ac6ce555235f1_jpg.rf.f7fa31a18ba1d08f8e9d322265241f8c_bb7e70c6e1.jpg,id,2,0.9235771894454956,0.8661285042762756,person|person,1,0.7500338554382324,0.7500338554382324,vest,False,False,False
/Users/claudia/Desktop/isaac_odd/isaac_odd_dataset/id/dataset_ok/dataset_ok_4c43875bc97cdaece84ac6ce555235f1_jpg.rf.ffff7c84903cfc442c33b81472f99ab0_112017b1cf.jpg,id,2,0.919127345085144,0.599801704287529,person|person,0,0.0,0.0,,False,False,False
/Users/claudia/Desktop/isaac_odd/isaac_odd_dataset/id/dataset_ok/dataset_ok_588_jpg.rf.0fa1d16e756d16422a39783c8f4926c1_4299b410a6.jpg,id,2,0.8202285170555115,0.708615630865097,person|person,1,0.25746920704841614,0.25746920704841614,helmet,False,False,False
/Users/claudia/Desktop/isaac_odd/isaac_odd_dataset/id/dataset_ok/dataset_ok_588_jpg.rf.41b1339bcf0dd61de82fed10cd87f2cd_b3805c4d99.jpg,id,2,0.9590919017791748,0.6949487775564194,person|person,0,0.0,0.0,,False,False,False
/Users/claudia/Desktop/isaac_odd/isaac_odd_dataset/id/dataset_ok/dataset_ok_588_jpg.rf.54ec47216c5574b0f185e8e3d2104441_35ca5b5b32.jpg,id,2,0.5329519510269165,0.4098069667816162,person|person,0,0.0,0.0,,False,False,False
/Users/claudia/Desktop/isaac_odd/isaac_odd_dataset/id/dataset_ok/dataset_ok_588_jpg.rf.7e978c634b992f3b3fc9332329e20c67_6354f36f27.jpg,id,1,0.28356242179870605,0.28356242179870605,person,0,0.0,0.0,,False,False,False
/Users/claudia/Desktop/isaac_odd/isaac_odd_dataset/id/dataset_ok/dataset_ok_588_jpg.rf.f4b4ae3e5ee90c957a0b8a62cbd88954_a861c6d4da.jpg,id,1,0.9292808771133423,0.9292808771133423,person,0,0.0,0.0,,False,False,False
/Users/claudia/Desktop/isaac_odd/isaac_odd_dataset/id/dataset_ok/dataset_ok_598_jpg.rf.18076700a0d087010905850e75759dd0_5c534d5022.jpg,id,2,0.7385492920875549,0.5490259677171707,person|person,0,0.0,0.0,,False,False,False
/Users/claudia/Desktop/isaac_odd/isaac_odd_dataset/id/dataset_ok/dataset_ok_598_jpg.rf.41202d61b1f20d12b9539e39f77df32c_4f1e1c413d.jpg,id,1,0.8596066236495972,0.8596066236495972,person,0,0.0,0.0,,False,False,False
/Users/claudia/Desktop/isaac_odd/isaac_odd_dataset/id/dataset_ok/dataset_ok_598_jpg.rf.92e4f3ce086a97c13042066ab56e4725_df8204d6e4.jpg,id,3,0.93755704164505,0.5080243051052094,person|person|person,1,0.29585200548171997,0.29585200548171997,vest,False,False,False
/Users/claudia/Desktop/isaac_odd/isaac_odd_dataset/id/dataset_ok/dataset_ok_598_jpg.rf.a7412d17da518abc68373b0c0e9edb08_4bf2c7c58d.jpg,id,2,0.9273184537887573,0.9004427790641785,person|person,1,0.7736212015151978,0.7736212015151978,vest,False,False,False
/Users/claudia/Desktop/isaac_odd/isaac_odd_dataset/id/dataset_ok/dataset_ok_598_jpg.rf.eb88df29b6754e75da36398d182384c1_ad839927e3.jpg,id,0,0.0,0.0,,0,0.0,0.0,,False,False,False
/Users/claudia/Desktop/isaac_odd/isaac_odd_dataset/id/dataset_ok/dataset_ok_60_jpg.rf.0641313d1b5ddfbf24f89aad0d2326cc_0f0caf0f98.jpg,id,3,0.9561688303947449,0.5672791103521982,person|person|person,3,0.8931170105934143,0.6424408058325449,vest|vest|vest,False,False,False
/Users/claudia/Desktop/isaac_odd/isaac_odd_dataset/id/dataset_ok/dataset_ok_60_jpg.rf.1f7012c2b0ee548df03ff592fe324835_2b415875bf.jpg,id,2,0.9515083432197571,0.930718183517456,person|person,1,0.2861080467700958,0.2861080467700958,helmet,False,False,False
/Users/claudia/Desktop/isaac_odd/isaac_odd_dataset/id/dataset_ok/dataset_ok_60_jpg.rf.4edf14ca3e3d857d2a32b33adbc6e1c1_09817a809d.jpg,id,3,0.8602790236473083,0.5214846134185791,person|person|person,1,0.30742356181144714,0.30742356181144714,vest,False,False,False
/Users/claudia/Desktop/isaac_odd/isaac_odd_dataset/id/dataset_ok/dataset_ok_60_jpg.rf.5827b492f3c06df6e2572f69866a3b49_95ddc7e633.jpg,id,1,0.8900823593139648,0.8900823593139648,person,0,0.0,0.0,,False,False,False
/Users/claudia/Desktop/isaac_odd/isaac_odd_dataset/id/dataset_ok/dataset_ok_60_jpg.rf.7605faf52324ab72b148018c8ed93813_b22d3c45c2.jpg,id,2,0.779940664768219,0.7271429002285004,person|person,1,0.732127845287323,0.732127845287323,vest,False,False,False
/Users/claudia/Desktop/isaac_odd/isaac_odd_dataset/id/dataset_ok/dataset_ok_616_jpg.rf.05c63c91f6ce5efe80d1f6b70d757dc8_a424f162de.jpg,id,3,0.6375194191932678,0.5764254132906595,person|person|person,0,0.0,0.0,,False,False,False
/Users/claudia/Desktop/isaac_odd/isaac_odd_dataset/id/dataset_ok/dataset_ok_616_jpg.rf.440e1d2885969b920d1115e4dd9c95d3_f08e864c83.jpg,id,5,0.8697769045829773,0.6975781440734863,person|person|person|person|person,1,0.2731236517429352,0.2731236517429352,vest,False,False,False
/Users/claudia/Desktop/isaac_odd/isaac_odd_dataset/id/dataset_ok/dataset_ok_616_jpg.rf.cf72efbe3dbc4a777ba5bf192ad4bc33_1540cc13ac.jpg,id,3,0.8823259472846985,0.548111488421758,person|person|person,0,0.0,0.0,,False,False,False
/Users/claudia/Desktop/isaac_odd/isaac_odd_dataset/id/dataset_ok/dataset_ok_616_jpg.rf.e95fe500cd53ff0a1278f730331d00c4_ce6d6e5fe2.jpg,id,1,0.27997055649757385,0.27997055649757385,person,0,0.0,0.0,,False,False,False
/Users/claudia/Desktop/isaac_odd/isaac_odd_dataset/id/dataset_ok/dataset_ok_616_jpg.rf.fdef094924d19a5cd197494c1cb81759_bd4b41b3d6.jpg,id,5,0.8835155963897705,0.6779986500740052,person|person|person|person|person,8,0.7588905692100525,0.6222406327724457,vest|vest|vest|helmet|helmet|helmet|vest|helmet,False,False,False
/Users/claudia/Desktop/isaac_odd/isaac_odd_dataset/id/dataset_ok/dataset_ok_627_jpg.rf.152dc625cfce3681ec3b2b907efea26c_af84f1e0ad.jpg,id,4,0.801571249961853,0.6072000190615654,person|person|person|person,0,0.0,0.0,,False,False,False
/Users/claudia/Desktop/isaac_odd/isaac_odd_dataset/id/dataset_ok/dataset_ok_627_jpg.rf.1b053bc38bc4bb2037225b6bf402e93e_a5cfede14e.jpg,id,1,0.8058884143829346,0.8058884143829346,person,0,0.0,0.0,,False,False,False
/Users/claudia/Desktop/isaac_odd/isaac_odd_dataset/id/dataset_ok/dataset_ok_627_jpg.rf.88c9bd753317933682dfb7618c406ee1_5aa3c8f333.jpg,id,3,0.8300027847290039,0.46772467096646625,person|person|person,2,0.7840261459350586,0.5437573939561844,vest|vest,False,False,False
/Users/claudia/Desktop/isaac_odd/isaac_odd_dataset/id/dataset_ok/dataset_ok_627_jpg.rf.e58ea428f31d356d0086f7f4c0edb9de_9e07cc64f2.jpg,id,3,0.9592634439468384,0.7594130635261536,person|person|person,0,0.0,0.0,,False,False,False
/Users/claudia/Desktop/isaac_odd/isaac_odd_dataset/id/dataset_ok/dataset_ok_627_jpg.rf.efaff0a9ea6cfd24b2ed0bbf8b09edf6_c10003f571.jpg,id,4,0.5473015308380127,0.43029431253671646,person|person|person|person,0,0.0,0.0,,False,False,False
/Users/claudia/Desktop/isaac_odd/isaac_odd_dataset/id/dataset_ok/dataset_ok_707_jpg.rf.7f919876d3848975af00bd13370ba92f_984d4e70f1.jpg,id,1,0.9167565107345581,0.9167565107345581,person,0,0.0,0.0,,False,False,False
/Users/claudia/Desktop/isaac_odd/isaac_odd_dataset/id/dataset_ok/dataset_ok_707_jpg.rf.8457eeaff99b07ff4e8ccb2317a7092a_948c7865c0.jpg,id,1,0.2544344961643219,0.2544344961643219,person,1,0.6480987668037415,0.6480987668037415,vest,False,False,False
/Users/claudia/Desktop/isaac_odd/isaac_odd_dataset/id/dataset_ok/dataset_ok_707_jpg.rf.bca714d4d4b04e93b580bf480cd071de_4be4513516.jpg,id,1,0.8227484822273254,0.8227484822273254,person,1,0.4275534152984619,0.4275534152984619,helmet,False,False,False
/Users/claudia/Desktop/isaac_odd/isaac_odd_dataset/id/dataset_ok/dataset_ok_707_jpg.rf.db3baced2a7a966138cf88c7cb95f522_5c2ce03997.jpg,id,1,0.8999630808830261,0.8999630808830261,person,0,0.0,0.0,,False,False,False
/Users/claudia/Desktop/isaac_odd/isaac_odd_dataset/id/dataset_ok/dataset_ok_707_jpg.rf.f80fe033acefd7b34b04a0cd7fd162db_7dadb33d88.jpg,id,4,0.8833973407745361,0.5210291296243668,person|person|person|person,1,0.4140198528766632,0.4140198528766632,vest,False,False,False
/Users/claudia/Desktop/isaac_odd/isaac_odd_dataset/id/dataset_ok/dataset_ok_727_jpg.rf.50453fc49894c5dab11c12563b61938b_ede351cccc.jpg,id,0,0.0,0.0,,0,0.0,0.0,,False,False,False
/Users/claudia/Desktop/isaac_odd/isaac_odd_dataset/id/dataset_ok/dataset_ok_727_jpg.rf.58c264f473552ed0c30df918d68122da_176120f421.jpg,id,1,0.827780544757843,0.827780544757843,person,3,0.3787127137184143,0.32790030042330426,helmet|helmet|helmet,False,False,False
/Users/claudia/Desktop/isaac_odd/isaac_odd_dataset/id/dataset_ok/dataset_ok_727_jpg.rf.88b4842b25f06d9a0abc65e5200ae5b5_02ef18d105.jpg,id,1,0.9165065884590149,0.9165065884590149,person,3,0.8357231616973877,0.6323869029680887,vest|vest|vest,False,False,False
/Users/claudia/Desktop/isaac_odd/isaac_odd_dataset/id/dataset_ok/dataset_ok_727_jpg.rf.b004fb5a9642d2bc9bad47c5fd69cfe8_24ad807ad3.jpg,id,1,0.2710191309452057,0.2710191309452057,person,0,0.0,0.0,,False,False,False
/Users/claudia/Desktop/isaac_odd/isaac_odd_dataset/id/dataset_ok/dataset_ok_727_jpg.rf.fb24f3c0038f7e32d4b4199ecc7c937e_deb0cd3f50.jpg,id,2,0.5832961201667786,0.4347515106201172,person|person,1,0.3448551595211029,0.3448551595211029,vest,False,False,False
/Users/claudia/Desktop/isaac_odd/isaac_odd_dataset/id/dataset_ok/dataset_ok_777_jpg.rf.92dc6945342410ced7ac93f3dfbff0c5_f7dc644aa2.jpg,id,0,0.0,0.0,,0,0.0,0.0,,False,False,False
/Users/claudia/Desktop/isaac_odd/isaac_odd_dataset/id/dataset_ok/dataset_ok_931_jpg.rf.3fbfec4632048a0d850726a04954a2d6_15d56a06c4.jpg,id,2,0.39769017696380615,0.36077870428562164,person|person,1,0.6637693047523499,0.6637693047523499,helmet,False,False,False
/Users/claudia/Desktop/isaac_odd/isaac_odd_dataset/id/dataset_ok/dataset_ok_931_jpg.rf.53f65203b4afb8ca9ecbd4b4db03ffcf_d4b6fbde98.jpg,id,8,0.936356782913208,0.6946443617343903,person|person|person|person|person|person|person|person,2,0.8319559693336487,0.709312915802002,vest|helmet,False,False,False
/Users/claudia/Desktop/isaac_odd/isaac_odd_dataset/id/dataset_ok/dataset_ok_931_jpg.rf.56bbe894e27de1944e2f990573228e2f_9704ce164c.jpg,id,3,0.8850833177566528,0.695578416188558,person|person|person,2,0.8287131786346436,0.7191266715526581,vest|vest,False,False,False
/Users/claudia/Desktop/isaac_odd/isaac_odd_dataset/id/dataset_ok/dataset_ok_931_jpg.rf.f34dd82ef95234e3b6db3832ece39491_2cedeb9329.jpg,id,7,0.8497138619422913,0.6335502139159611,person|person|person|person|person|person|person,2,0.8578125238418579,0.8262742459774017,vest|vest,False,False,False
/Users/claudia/Desktop/isaac_odd/isaac_odd_dataset/id/dataset_ok/dataset_ok_931_jpg.rf.fdd51314535382e1b440a98b49f060fd_4a0a0e0110.jpg,id,2,0.30152755975723267,0.28010694682598114,person|person,0,0.0,0.0,,False,False,False
/Users/claudia/Desktop/isaac_odd/isaac_odd_dataset/id/dataset_ok/dataset_ok_Apple-Tests-Face-ID-Feature-While-Wearing-a-Mask-Shorts_mp4-51_jpg.rf.27396fc04a6ccea3ce80c61bfd773d3c_0e41ff9ec2.jpg,id,3,0.9355128407478333,0.5531906286875407,person|person|person,0,0.0,0.0,,False,False,False
/Users/claudia/Desktop/isaac_odd/isaac_odd_dataset/id/dataset_ok/dataset_ok_Apple-Tests-Face-ID-Feature-While-Wearing-a-Mask-Shorts_mp4-51_jpg.rf.6e4aebb6aa9899d08aa5771931f80607_aa76fe2da7.jpg,id,0,0.0,0.0,,0,0.0,0.0,,False,False,False
/Users/claudia/Desktop/isaac_odd/isaac_odd_dataset/id/dataset_ok/dataset_ok_Apple-Tests-Face-ID-Feature-While-Wearing-a-Mask-Shorts_mp4-51_jpg.rf.74c8055c0e237b07789f149d71a06444_463f9afcb2.jpg,id,2,0.8982275128364563,0.8918888866901398,person|person,6,0.8232810497283936,0.4951227605342865,vest|vest|helmet|helmet|vest|vest,False,False,False
/Users/claudia/Desktop/isaac_odd/isaac_odd_dataset/id/dataset_ok/dataset_ok_Apple-Tests-Face-ID-Feature-While-Wearing-a-Mask-Shorts_mp4-51_jpg.rf.c943db9b286389250ee78674432c1ccb_c90bcefeda.jpg,id,1,0.34845197200775146,0.34845197200775146,person,0,0.0,0.0,,False,False,False
/Users/claudia/Desktop/isaac_odd/isaac_odd_dataset/id/dataset_ok/dataset_ok_Apple-Tests-Face-ID-Feature-While-Wearing-a-Mask-Shorts_mp4-51_jpg.rf.ffa08318a536c7ee18b57f9dbcc6616f_01fd43639c.jpg,id,0,0.0,0.0,,1,0.4554556608200073,0.4554556608200073,vest,False,False,False
/Users/claudia/Desktop/isaac_odd/isaac_odd_dataset/id/dataset_ok/dataset_ok_Bookstore111_jpg.rf.2d384f1bdffb03527cd30bf40e210d6a_5a364532b2.jpg,id,0,0.0,0.0,,0,0.0,0.0,,False,False,False
/Users/claudia/Desktop/isaac_odd/isaac_odd_dataset/id/dataset_ok/dataset_ok_Bookstore111_jpg.rf.49397b7bdc4e2a3fa4947b42a57be10e_461429cd7f.jpg,id,1,0.5890050530433655,0.5890050530433655,person,1,0.6667282581329346,0.6667282581329346,helmet,False,False,False
/Users/claudia/Desktop/isaac_odd/isaac_odd_dataset/id/dataset_ok/dataset_ok_Bookstore111_jpg.rf.61468d8cdf9e27204c825a3b14ce5410_0a07a02587.jpg,id,0,0.0,0.0,,2,0.3627088963985443,0.3162217438220978,vest|helmet,False,False,False
/Users/claudia/Desktop/isaac_odd/isaac_odd_dataset/id/dataset_ok/dataset_ok_Bookstore111_jpg.rf.6bfc21fc307442d1983f046eb88cf76a_e0d8144e6c.jpg,id,1,0.7038249373435974,0.7038249373435974,person,0,0.0,0.0,,False,False,False
/Users/claudia/Desktop/isaac_odd/isaac_odd_dataset/id/dataset_ok/dataset_ok_Bookstore111_jpg.rf.ebe6cd0b7e77dc3cea423b7b3458f67f_79a0e0aa1d.jpg,id,2,0.9649391770362854,0.9238942265510559,person|person,1,0.7908554673194885,0.7908554673194885,vest,False,False,False
/Users/claudia/Desktop/isaac_odd/isaac_odd_dataset/id/dataset_ok/dataset_ok_Bookstore_More_Merchandise_jpg.rf.7ab5add3e28ced74f9b316e794cc04d2_e33cac7b52.jpg,id,0,0.0,0.0,,0,0.0,0.0,,False,False,False
/Users/claudia/Desktop/isaac_odd/isaac_odd_dataset/id/dataset_ok/dataset_ok_IMG_0871_MOV-12_jpg.rf.36858a9d51613f9a39b7855b54dfa098_043e5c08aa.jpg,id,1,0.9333163499832153,0.9333163499832153,person,0,0.0,0.0,,False,False,False
/Users/claudia/Desktop/isaac_odd/isaac_odd_dataset/id/dataset_ok/dataset_ok_IMG_0871_MOV-30_jpg.rf.2134662fedec3bb07d20eb107c911520_9e02c84aae.jpg,id,1,0.81904536485672,0.81904536485672,person,1,0.5978857278823853,0.5978857278823853,vest,False,False,False
/Users/claudia/Desktop/isaac_odd/isaac_odd_dataset/id/dataset_ok/dataset_ok_IMG_0871_MOV-30_jpg.rf.469d54b5cfd60a22d3b797c243043c82_d1934c2301.jpg,id,1,0.5647983551025391,0.5647983551025391,person,1,0.5887991786003113,0.5887991786003113,helmet,False,False,False
/Users/claudia/Desktop/isaac_odd/isaac_odd_dataset/id/dataset_ok/dataset_ok_IMG_0871_MOV-30_jpg.rf.4d588016dab520bbafc27f87b95926dc_353b5ecd19.jpg,id,2,0.7439179420471191,0.6718282103538513,person|person,0,0.0,0.0,,False,False,False
/Users/claudia/Desktop/isaac_odd/isaac_odd_dataset/id/dataset_ok/dataset_ok_IMG_0871_MOV-30_jpg.rf.52a36c88b3ce2ba545fd2c44e79a45c3_392f357e07.jpg,id,6,0.8265607357025146,0.7198522239923477,person|person|person|person|person|person,3,0.7752997279167175,0.6591254274050394,vest|helmet|helmet,False,False,False
/Users/claudia/Desktop/isaac_odd/isaac_odd_dataset/id/dataset_ok/dataset_ok_IMG_0871_MOV-30_jpg.rf.e102dc225c297966196cf0f8f8c6e239_b3a1632c85.jpg,id,2,0.8649384379386902,0.7315041720867157,person|person,0,0.0,0.0,,False,False,False
/Users/claudia/Desktop/isaac_odd/isaac_odd_dataset/id/dataset_ok/dataset_ok_IMG_0871_MOV-39_jpg.rf.20053de5df260249bf93e767a4c62c8b_87699dc58e.jpg,id,2,0.888090193271637,0.8382110297679901,person|person,0,0.0,0.0,,False,False,False
/Users/claudia/Desktop/isaac_odd/isaac_odd_dataset/id/dataset_ok/dataset_ok_IMG_0871_MOV-39_jpg.rf.41a6a9b70c2a41fa45e39600600ce0ed_6a67624640.jpg,id,1,0.8558079600334167,0.8558079600334167,person,0,0.0,0.0,,False,False,False
/Users/claudia/Desktop/isaac_odd/isaac_odd_dataset/id/dataset_ok/dataset_ok_IMG_0871_MOV-39_jpg.rf.914e1002113e41ada32a1a90a66aab9a_c12bb87e7e.jpg,id,6,0.8446827530860901,0.5367540419101715,person|person|person|person|person|person,0,0.0,0.0,,False,False,False
/Users/claudia/Desktop/isaac_odd/isaac_odd_dataset/id/dataset_ok/dataset_ok_IMG_0871_MOV-39_jpg.rf.b1ef6aecc28e153eeb71c698cee34c0f_7d9343fdaa.jpg,id,2,0.869016170501709,0.8120764791965485,person|person,2,0.502359926700592,0.39675548672676086,helmet|helmet,False,False,False
/Users/claudia/Desktop/isaac_odd/isaac_odd_dataset/id/dataset_ok/dataset_ok_IMG_0871_MOV-39_jpg.rf.cad305edda519e95291dd63518835f82_444f549378.jpg,id,5,0.778401255607605,0.45898609757423403,person|person|person|person|person,1,0.32334843277931213,0.32334843277931213,vest,False,False,False
/Users/claudia/Desktop/isaac_odd/isaac_odd_dataset/id/dataset_ok/dataset_ok_IMG_0871_mp4-0_jpg.rf.11d5df8c120c11a75e9f69a06f8fff16_fcce763782.jpg,id,2,0.9570751786231995,0.7507874965667725,person|person,1,0.8111740350723267,0.8111740350723267,vest,False,False,False
/Users/claudia/Desktop/isaac_odd/isaac_odd_dataset/id/dataset_ok/dataset_ok_IMG_0871_mp4-0_jpg.rf.3c56f6f0e15308cd3691329655b205e1_46598502d6.jpg,id,1,0.9378646016120911,0.9378646016120911,person,0,0.0,0.0,,False,False,False
/Users/claudia/Desktop/isaac_odd/isaac_odd_dataset/id/dataset_ok/dataset_ok_IMG_0871_mp4-0_jpg.rf.4abdea6d3496fff646d9cb9abdee22d8_f598eacd15.jpg,id,6,0.9059045314788818,0.6080188701550165,person|person|person|person|person|person,1,0.6872443556785583,0.6872443556785583,vest,False,False,False
/Users/claudia/Desktop/isaac_odd/isaac_odd_dataset/id/dataset_ok/dataset_ok_IMG_0871_mp4-0_jpg.rf.a3872a120d08419183f618c1ba5e7b48_1b1c068b15.jpg,id,3,0.8646928668022156,0.8131174246470133,person|person|person,1,0.2722175717353821,0.2722175717353821,helmet,False,False,False
/Users/claudia/Desktop/isaac_odd/isaac_odd_dataset/id/dataset_ok/dataset_ok_IMG_0871_mp4-0_jpg.rf.d2bb01a4ef36bd16b42499f4c8cad4d7_e0643fdd36.jpg,id,3,0.9412952065467834,0.8431957165400187,person|person|person,0,0.0,0.0,,False,False,False
/Users/claudia/Desktop/isaac_odd/isaac_odd_dataset/id/dataset_ok/dataset_ok_IMG_0871_mp4-10_jpg.rf.316b943fdf8f56161e0005bb9c4ec0b2_40b54ed5ff.jpg,id,3,0.4523333013057709,0.3496364851792653,person|person|person,0,0.0,0.0,,False,False,False
/Users/claudia/Desktop/isaac_odd/isaac_odd_dataset/id/dataset_ok/dataset_ok_IMG_0871_mp4-10_jpg.rf.5029e6b54c840d58a76479bfc12f73fc_b900f5135f.jpg,id,3,0.4255619943141937,0.4130864441394806,person|person|person,1,0.385157972574234,0.385157972574234,helmet,False,False,False
/Users/claudia/Desktop/isaac_odd/isaac_odd_dataset/id/dataset_ok/dataset_ok_IMG_0871_mp4-10_jpg.rf.810515f8a9482007ff07d4d5d5126252_d3a00d896d.jpg,id,2,0.9127832651138306,0.912309467792511,person|person,0,0.0,0.0,,False,False,False
/Users/claudia/Desktop/isaac_odd/isaac_odd_dataset/id/dataset_ok/dataset_ok_IMG_0871_mp4-10_jpg.rf.df7e36757e8f14d68d24814e81014f96_0dfa412532.jpg,id,1,0.8842340111732483,0.8842340111732483,person,0,0.0,0.0,,False,False,False
/Users/claudia/Desktop/isaac_odd/isaac_odd_dataset/id/dataset_ok/dataset_ok_IMG_0871_mp4-10_jpg.rf.eb5cded28302977870c452bf3b1df11e_94a9384a20.jpg,id,2,0.8532770872116089,0.8190124928951263,person|person,2,0.5274747610092163,0.5157695710659027,vest|vest,False,False,False
/Users/claudia/Desktop/isaac_odd/isaac_odd_dataset/id/dataset_ok/dataset_ok_IMG_0871_mp4-11_jpg.rf.432092b53ebeb84f4b9b27b40343c9aa_0dd6506c8e.jpg,id,1,0.94793301820755,0.94793301820755,person,0,0.0,0.0,,False,False,False
/Users/claudia/Desktop/isaac_odd/isaac_odd_dataset/id/dataset_ok/dataset_ok_IMG_0871_mp4-13_jpg.rf.01f41c3465981dfb5c5894f36dbe7405_0f7a679451.jpg,id,3,0.8992218971252441,0.6674605409304301,person|person|person,1,0.7161170244216919,0.7161170244216919,helmet,False,False,False
/Users/claudia/Desktop/isaac_odd/isaac_odd_dataset/id/dataset_ok/dataset_ok_IMG_0871_mp4-13_jpg.rf.45050c60edb973136cb5d3f59ba29883_02cc4bcf9b.jpg,id,3,0.9512649178504944,0.902364174524943,person|person|person,0,0.0,0.0,,False,False,False
/Users/claudia/Desktop/isaac_odd/isaac_odd_dataset/id/dataset_ok/dataset_ok_IMG_0871_mp4-13_jpg.rf.8cf0592cc8621a5b9c3322bb071db031_eb62652a56.jpg,id,2,0.8638355135917664,0.7330246865749359,person|person,0,0.0,0.0,,False,False,False
/Users/claudia/Desktop/isaac_odd/isaac_odd_dataset/id/dataset_ok/dataset_ok_IMG_0871_mp4-13_jpg.rf.d3e9161b0f1e5c4afec0fe6e3ff61883_d395a0da42.jpg,id,4,0.9446499943733215,0.6723651885986328,person|person|person|person,3,0.5336031913757324,0.42020132144292194,vest|vest|vest,False,False,False
/Users/claudia/Desktop/isaac_odd/isaac_odd_dataset/id/dataset_ok/dataset_ok_IMG_0871_mp4-13_jpg.rf.d8e40959c6947386bf3885280312b58c_196b5c6293.jpg,id,5,0.9272103905677795,0.6526400327682496,person|person|person|person|person,1,0.4110543131828308,0.4110543131828308,helmet,False,False,False
/Users/claudia/Desktop/isaac_odd/isaac_odd_dataset/id/dataset_ok/dataset_ok_IMG_0871_mp4-14_jpg.rf.4249d6aee12719fea3c83506c8ccdaa3_d3c1a36f01.jpg,id,2,0.9381105303764343,0.6349500417709351,person|person,0,0.0,0.0,,False,False,False
/Users/claudia/Desktop/isaac_odd/isaac_odd_dataset/id/dataset_ok/dataset_ok_IMG_0871_mp4-14_jpg.rf.48abbd1245bad1c0b012ec3b52cad710_e05258be76.jpg,id,4,0.9277210831642151,0.67124143242836,person|person|person|person,0,0.0,0.0,,False,False,False
/Users/claudia/Desktop/isaac_odd/isaac_odd_dataset/id/dataset_ok/dataset_ok_IMG_0871_mp4-14_jpg.rf.67597db5dc2bad280121bbd22170d9d5_e5c3fd62a6.jpg,id,2,0.94721519947052,0.9217635989189148,person|person,1,0.5478575825691223,0.5478575825691223,helmet,False,False,False
/Users/claudia/Desktop/isaac_odd/isaac_odd_dataset/id/dataset_ok/dataset_ok_IMG_0871_mp4-14_jpg.rf.e5d60da96c5096a3c35f0c58b1abb112_ccd882da85.jpg,id,1,0.8741361498832703,0.8741361498832703,person,1,0.2975865304470062,0.2975865304470062,helmet,False,False,False
/Users/claudia/Desktop/isaac_odd/isaac_odd_dataset/id/dataset_ok/dataset_ok_IMG_0871_mp4-14_jpg.rf.f15ba01608aa50381954ef8be5cc2c07_b3155a5c99.jpg,id,8,0.89076167345047,0.6893823780119419,person|person|person|person|person|person|person|person,13,0.7063818573951721,0.5618088107842666,helmet|helmet|helmet|helmet|helmet|helmet|helmet|helmet|helmet|helmet|helmet|vest|vest,False,False,False
/Users/claudia/Desktop/isaac_odd/isaac_odd_dataset/id/dataset_ok/dataset_ok_IMG_0871_mp4-1_jpg.rf.5489c13165e43f0f28ee0b835777c06f_affd08232b.jpg,id,3,0.6532663106918335,0.501086046298345,person|person|person,1,0.7383789420127869,0.7383789420127869,vest,False,False,False
/Users/claudia/Desktop/isaac_odd/isaac_odd_dataset/id/dataset_ok/dataset_ok_IMG_0871_mp4-1_jpg.rf.7f7885aea560be0f8179588784380905_83aa748a5b.jpg,id,3,0.9254675507545471,0.8422754406929016,person|person|person,0,0.0,0.0,,False,False,False
/Users/claudia/Desktop/isaac_odd/isaac_odd_dataset/id/dataset_ok/dataset_ok_IMG_0871_mp4-1_jpg.rf.9e6880a33264ccea03e74b2773ed712e_5226fd5410.jpg,id,2,0.8642022609710693,0.8518021404743195,person|person,1,0.39311036467552185,0.39311036467552185,vest,False,False,False
/Users/claudia/Desktop/isaac_odd/isaac_odd_dataset/id/dataset_ok/dataset_ok_IMG_0871_mp4-1_jpg.rf.c1fa056cf1040dad968c2b3a16cd484f_84f727154d.jpg,id,1,0.9375622868537903,0.9375622868537903,person,0,0.0,0.0,,False,False,False
/Users/claudia/Desktop/isaac_odd/isaac_odd_dataset/id/dataset_ok/dataset_ok_IMG_0871_mp4-1_jpg.rf.c93495dc1c470abfba67c34e2c21f695_80ed3731a9.jpg,id,2,0.9013769030570984,0.746968001127243,person|person,0,0.0,0.0,,False,False,False
/Users/claudia/Desktop/isaac_odd/isaac_odd_dataset/id/dataset_ok/dataset_ok_IMG_0871_mp4-20_jpg.rf.189ac754788bcbde504cec9ccd800aa4_695f5fb429.jpg,id,2,0.9522417783737183,0.9423609972000122,person|person,1,0.533212423324585,0.533212423324585,vest,False,False,False
/Users/claudia/Desktop/isaac_odd/isaac_odd_dataset/id/dataset_ok/dataset_ok_IMG_0871_mp4-20_jpg.rf.338c2221006e74ae9139dcd7122b8ccf_b5883f06ff.jpg,id,2,0.8688294887542725,0.8299977481365204,person|person,0,0.0,0.0,,False,False,False
/Users/claudia/Desktop/isaac_odd/isaac_odd_dataset/id/dataset_ok/dataset_ok_IMG_0871_mp4-20_jpg.rf.b380f084461b5d0e7e745df6ca7c5313_6d7fada5ce.jpg,id,1,0.8063592314720154,0.8063592314720154,person,0,0.0,0.0,,False,False,False
/Users/claudia/Desktop/isaac_odd/isaac_odd_dataset/id/dataset_ok/dataset_ok_IMG_0871_mp4-20_jpg.rf.b4016db0173136b57f350620858525b2_674c06fbde.jpg,id,4,0.9167943000793457,0.846518263220787,person|person|person|person,2,0.39476776123046875,0.32424046099185944,vest|vest,False,False,False
/Users/claudia/Desktop/isaac_odd/isaac_odd_dataset/id/dataset_ok/dataset_ok_IMG_0871_mp4-20_jpg.rf.b48c445c1a77f7a3c915978dff3d24a6_8bea4cdb29.jpg,id,4,0.918357789516449,0.6691259369254112,person|person|person|person,3,0.5806747078895569,0.45508699615796405,vest|vest|vest,False,False,False
/Users/claudia/Desktop/isaac_odd/isaac_odd_dataset/id/dataset_ok/dataset_ok_IMG_0871_mp4-21_jpg.rf.024bd8e9d752e4b0e2c647cd9bea94ad_17889acb1e.jpg,id,3,0.9367108345031738,0.8703166643778483,person|person|person,1,0.45086637139320374,0.45086637139320374,helmet,False,False,False
/Users/claudia/Desktop/isaac_odd/isaac_odd_dataset/id/dataset_ok/dataset_ok_IMG_0871_mp4-21_jpg.rf.3742720f5b18a07792795b1692cb46ec_c617ec7df7.jpg,id,3,0.8989489674568176,0.5895767907301585,person|person|person,5,0.7803855538368225,0.6177411437034607,vest|vest|vest|helmet|vest,False,False,False
/Users/claudia/Desktop/isaac_odd/isaac_odd_dataset/id/dataset_ok/dataset_ok_IMG_0871_mp4-21_jpg.rf.b0e2a552b62ea3eb6658a5496f6c57f1_bceeb23b22.jpg,id,3,0.9568304419517517,0.938264270623525,person|person|person,2,0.500023603439331,0.48592162132263184,vest|vest,False,False,False
/Users/claudia/Desktop/isaac_odd/isaac_odd_dataset/id/dataset_ok/dataset_ok_IMG_0871_mp4-23_jpg.rf.03f872b1ed87ad7fadc85e09475ad37a_7c55bf0681.jpg,id,1,0.9466003179550171,0.9466003179550171,person,0,0.0,0.0,,False,False,False
/Users/claudia/Desktop/isaac_odd/isaac_odd_dataset/id/dataset_ok/dataset_ok_IMG_3100_mp4-12_jpg.rf.58849ca6a931c2cfe1b17fb4206d9d82_d74294611c.jpg,id,1,0.8229984045028687,0.8229984045028687,person,0,0.0,0.0,,False,False,False
/Users/claudia/Desktop/isaac_odd/isaac_odd_dataset/id/dataset_ok/dataset_ok_IMG_3100_mp4-9_jpg.rf.413ccf5fe4a7ee67f71e07c2c43b6756_36e993a412.jpg,id,1,0.909553587436676,0.909553587436676,person,1,0.25992563366889954,0.25992563366889954,helmet,False,False,False
/Users/claudia/Desktop/isaac_odd/isaac_odd_dataset/id/dataset_ok/dataset_ok_IMG_3103_mp4-9_jpg.rf.b31bd2d816465a27aa1eb072f90bb5aa_4ecd34ab4e.jpg,id,1,0.894443690776825,0.894443690776825,person,1,0.6638582944869995,0.6638582944869995,helmet,False,False,False
/Users/claudia/Desktop/isaac_odd/isaac_odd_dataset/id/dataset_ok/dataset_ok_IMG_5846_jpg.rf.0b9984069116e2acd928568eb7a8e214_605435f3da.jpg,id,11,0.8484761714935303,0.7094553058797662,person|person|person|person|person|person|person|person|person|person|person,9,0.780165433883667,0.6835012237230936,vest|vest|vest|vest|vest|vest|vest|vest|vest,False,False,False
/Users/claudia/Desktop/isaac_odd/isaac_odd_dataset/id/dataset_ok/dataset_ok_Image36_jpg.rf.8704f3450f736cdd01a61dcee588f2c2_c71837f3c5.jpg,id,13,0.7347208261489868,0.39676242149793184,person|person|person|person|person|person|person|person|person|person|person|person|person,8,0.7636642456054688,0.4810986593365669,vest|vest|vest|vest|helmet|vest|helmet|vest,False,False,False
/Users/claudia/Desktop/isaac_odd/isaac_odd_dataset/id/dataset_ok/dataset_ok_Inside-merge_mov-58_jpg.rf.50147e19cb655e74c2df0047113e82b2_31f1a0063b.jpg,id,0,0.0,0.0,,0,0.0,0.0,,False,False,False
/Users/claudia/Desktop/isaac_odd/isaac_odd_dataset/id/dataset_ok/dataset_ok_Movie-on-10-31-22-at-10_08-AM_mov-20_jpg.rf.aea4278b41550cdb75df5891a26052e7_2179e38804.jpg,id,1,0.8597291111946106,0.8597291111946106,person,0,0.0,0.0,,False,False,False
/Users/claudia/Desktop/isaac_odd/isaac_odd_dataset/id/dataset_ok/dataset_ok_Movie-on-10-31-22-at-10_08-AM_mov-24_jpg.rf.c50014f3510a484e5bd565460fd0fd5c_607afb6704.jpg,id,1,0.8471701145172119,0.8471701145172119,person,0,0.0,0.0,,False,False,False
/Users/claudia/Desktop/isaac_odd/isaac_odd_dataset/id/dataset_ok/dataset_ok_NX_img_177_jpg.rf.c03709e5fadfe2109411f05a9e9bc25f_fe1b394eb7.jpg,id,3,0.9071745872497559,0.8069030245145162,person|person|person,1,0.7869598269462585,0.7869598269462585,helmet,False,False,False
/Users/claudia/Desktop/isaac_odd/isaac_odd_dataset/id/dataset_ok/dataset_ok_RPReplay_Final1667001201_MP4-100_jpg.rf.9a1b50c4301c53b3ae534c6353337df9_9eb5ea34c2.jpg,id,1,0.9669321179389954,0.9669321179389954,person,0,0.0,0.0,,False,False,False
/Users/claudia/Desktop/isaac_odd/isaac_odd_dataset/id/dataset_ok/dataset_ok_autox3_mp4-187_jpg.rf.8340e2bd65afade3fb0d3194eadc5796_9ac3157333.jpg,id,0,0.0,0.0,,2,0.7911503911018372,0.7317164540290833,helmet|helmet,False,False,False
/Users/claudia/Desktop/isaac_odd/isaac_odd_dataset/id/dataset_ok/dataset_ok_autox3_mp4-277_jpg.rf.a5ed8fd043fe7e1d8682768880b6d4db_ef84c155b7.jpg,id,0,0.0,0.0,,1,0.579157829284668,0.579157829284668,helmet,False,False,False
/Users/claudia/Desktop/isaac_odd/isaac_odd_dataset/id/dataset_ok/dataset_ok_autox3_mp4-65_jpg.rf.d933ce48947fa9bdb55dc702a0879ac9_d851dd1cf2.jpg,id,0,0.0,0.0,,2,0.5119807124137878,0.41738878190517426,helmet|helmet,False,False,False
/Users/claudia/Desktop/isaac_odd/isaac_odd_dataset/id/dataset_ok/dataset_ok_autox_mp4-44_jpg.rf.5048603ee6ccedf9ae6e3f787b7f82ff_402d75e7be.jpg,id,0,0.0,0.0,,0,0.0,0.0,,False,False,False
/Users/claudia/Desktop/isaac_odd/isaac_odd_dataset/id/dataset_ok/dataset_ok_bookstore_44_08_flickr_jpg.rf.244b6f308c529933af798c4063e58601_bb3a467888.jpg,id,1,0.8986099362373352,0.8986099362373352,person,0,0.0,0.0,,False,False,False
/Users/claudia/Desktop/isaac_odd/isaac_odd_dataset/id/dataset_ok/dataset_ok_class1_150_jpg.rf.5995dce34d38deb9eb0b6e36cae78f17_f9aa208376.jpg,id,2,0.7938283681869507,0.7893717586994171,person|person,2,0.7471010684967041,0.5511675029993057,helmet|helmet,False,False,False
/Users/claudia/Desktop/isaac_odd/isaac_odd_dataset/id/dataset_ok/dataset_ok_class2_131_jpg.rf.ad8314a9273471f1280ce8789ea75376_947f87ba33.jpg,id,1,0.9121831059455872,0.9121831059455872,person,0,0.0,0.0,,False,False,False
/Users/claudia/Desktop/isaac_odd/isaac_odd_dataset/id/dataset_ok/dataset_ok_class2_145_jpg.rf.b8ed5a5357ee41f8fb1aa9b01a400d51_21c8f59b39.jpg,id,2,0.9192113876342773,0.897673636674881,person|person,0,0.0,0.0,,False,False,False
/Users/claudia/Desktop/isaac_odd/isaac_odd_dataset/id/dataset_ok/dataset_ok_construction-1159-_jpg.rf.9f3172102a34edb157b556a73931c831_4a46852f49.jpg,id,0,0.0,0.0,,0,0.0,0.0,,False,False,False
/Users/claudia/Desktop/isaac_odd/isaac_odd_dataset/id/dataset_ok/dataset_ok_construction-192-_jpg.rf.56dd5c4c1396c6ad01be4fbec3bca46f_165ca851ab.jpg,id,0,0.0,0.0,,0,0.0,0.0,,False,False,False
/Users/claudia/Desktop/isaac_odd/isaac_odd_dataset/id/dataset_ok/dataset_ok_construction-2-_mp4-13_jpg.rf.cef0975976346515d438e0c2ce6c59db_9e80a18154.jpg,id,0,0.0,0.0,,0,0.0,0.0,,False,False,False
/Users/claudia/Desktop/isaac_odd/isaac_odd_dataset/id/dataset_ok/dataset_ok_construction-2-_mp4-162_jpg.rf.efad5f15524c736fe03b9c9936adc481_dc7051a4ce.jpg,id,0,0.0,0.0,,0,0.0,0.0,,False,False,False
/Users/claudia/Desktop/isaac_odd/isaac_odd_dataset/id/dataset_ok/dataset_ok_construction-2-_mp4-84_jpg.rf.e8d6bb0acc5c6e82c1a2d260ddf3135e_64450bc556.jpg,id,0,0.0,0.0,,0,0.0,0.0,,False,False,False
/Users/claudia/Desktop/isaac_odd/isaac_odd_dataset/id/dataset_ok/dataset_ok_construction-275-_jpg.rf.e1c57987f9dc262aad1d7c67b694fd87_42b92dc3bc.jpg,id,0,0.0,0.0,,0,0.0,0.0,,False,False,False
/Users/claudia/Desktop/isaac_odd/isaac_odd_dataset/id/dataset_ok/dataset_ok_construction-597-_jpg.rf.e18e918aae0aeecfdf8348513636d344_34625b808f.jpg,id,0,0.0,0.0,,0,0.0,0.0,,False,False,False
/Users/claudia/Desktop/isaac_odd/isaac_odd_dataset/id/dataset_ok/dataset_ok_construction-639-_jpg.rf.7db2168ad99f643f7e3070733387e3bb_594ae2655e.jpg,id,0,0.0,0.0,,0,0.0,0.0,,False,False,False
/Users/claudia/Desktop/isaac_odd/isaac_odd_dataset/id/dataset_ok/dataset_ok_construction-651-_jpg.rf.8fa283ce7693dbdf29eb98384f24cb85_e9fd89b392.jpg,id,0,0.0,0.0,,0,0.0,0.0,,False,False,False
/Users/claudia/Desktop/isaac_odd/isaac_odd_dataset/id/dataset_ok/dataset_ok_construction-675-_jpg.rf.bb4a05441be707256175e04929da3478_8af4894464.jpg,id,0,0.0,0.0,,0,0.0,0.0,,False,False,False
/Users/claudia/Desktop/isaac_odd/isaac_odd_dataset/id/dataset_ok/dataset_ok_construction-800-_jpg.rf.a01fcddd0db9cc89c0cacf4af88c468d_f3c661d67e.jpg,id,0,0.0,0.0,,0,0.0,0.0,,False,False,False
/Users/claudia/Desktop/isaac_odd/isaac_odd_dataset/id/dataset_ok/dataset_ok_construction-843-_jpg.rf.c0ca85a10f6ad3c1375b37e52a51eeed_c84de19b85.jpg,id,0,0.0,0.0,,0,0.0,0.0,,False,False,False
/Users/claudia/Desktop/isaac_odd/isaac_odd_dataset/id/dataset_ok/dataset_ok_image_53_jpg.rf.3446e366b5d4d905a32e1aedc8fe87de_2dfc3bf7fc.jpg,id,1,0.8843812942504883,0.8843812942504883,person,1,0.9101568460464478,0.9101568460464478,vest,False,False,False
/Users/claudia/Desktop/isaac_odd/isaac_odd_dataset/id/dataset_ok/dataset_ok_image_55_jpg.rf.27ae4341a9b9647d73a8929ff7a22369_2106d14b55.jpg,id,1,0.886549711227417,0.886549711227417,person,1,0.8882586359977722,0.8882586359977722,vest,False,False,False
/Users/claudia/Desktop/isaac_odd/isaac_odd_dataset/id/dataset_ok/dataset_ok_ka_01181_png_jpg.rf.154ee4ef254eabd62e316be50470c578_17fedd343a.jpg,id,1,0.2882809638977051,0.2882809638977051,person,0,0.0,0.0,,False,False,False
/Users/claudia/Desktop/isaac_odd/isaac_odd_dataset/id/dataset_ok/dataset_ok_librairie_51_jpg.rf.56b0500ae2ad3820b4286133b627e59c_b9ee0a97f8.jpg,id,0,0.0,0.0,,0,0.0,0.0,,False,False,False
/Users/claudia/Desktop/isaac_odd/isaac_odd_dataset/id/dataset_ok/dataset_ok_maksssksksss17_png_jpg.rf.f685b497756b1facbf3d4c2d2d22c0d2_f4ef6a58ed.jpg,id,1,0.871477484703064,0.871477484703064,person,0,0.0,0.0,,False,False,False
/Users/claudia/Desktop/isaac_odd/isaac_odd_dataset/id/dataset_ok/dataset_ok_ppe_0018_jpg.rf.be66fabcc8627f60d963454b5a227095_6c7da855ce.jpg,id,2,0.9245213270187378,0.8682094216346741,person|person,2,0.7745993137359619,0.538700670003891,helmet|helmet,False,False,False
/Users/claudia/Desktop/isaac_odd/isaac_odd_dataset/id/dataset_ok/dataset_ok_ppe_1073_jpg.rf.72ea8a293a4f3e1135219e33701b1099_85405ffbfb.jpg,id,9,0.858610212802887,0.6237220135000017,person|person|person|person|person|person|person|person|person,7,0.7943006753921509,0.6250864097050258,vest|vest|vest|vest|vest|vest|vest,False,False,False
/Users/claudia/Desktop/isaac_odd/isaac_odd_dataset/id/dataset_ok/dataset_ok_thumbnail-ba5c72edb320b49a69e86b05775c49b2-scaled-1_jpeg_jpg.rf.3bb460e284098219861b894fb0db13d5_528800398c.jpg,id,9,0.8575020432472229,0.7131523854202695,person|person|person|person|person|person|person|person|person,0,0.0,0.0,,False,False,False
/Users/claudia/Desktop/isaac_odd/isaac_odd_dataset/id/dataset_ok/dataset_ok_youtube-108_jpg.rf.9dc7ed5f816f07d520f3dbfaad08d40f_bb1e44502d.jpg,id,2,0.7831446528434753,0.7729654014110565,person|person,2,0.7943982481956482,0.7684204876422882,vest|vest,False,False,False
/Users/claudia/Desktop/isaac_odd/isaac_odd_dataset/id/dataset_ok/dataset_ok_youtube-114_jpg.rf.5e02b6574ace1f4b3689befbc5051cd0_20922d9425.jpg,id,1,0.8614792823791504,0.8614792823791504,person,0,0.0,0.0,,False,False,False
/Users/claudia/Desktop/isaac_odd/isaac_odd_dataset/id/dataset_ok/dataset_ok_youtube-126_jpg.rf.786824e90daf3276130ca73ca610a8da_51dee1507f.jpg,id,1,0.6254268288612366,0.6254268288612366,person,1,0.4294591248035431,0.4294591248035431,vest,False,False,False
/Users/claudia/Desktop/isaac_odd/isaac_odd_dataset/id/dataset_ok/dataset_ok_youtube-152_jpg.rf.9147878e3ddda845e58f7d9c041f1338_b1fcde98f6.jpg,id,0,0.0,0.0,,0,0.0,0.0,,False,False,False
/Users/claudia/Desktop/isaac_odd/isaac_odd_dataset/id/dataset_ok/dataset_ok_youtube-186_jpg.rf.1f1d93447d4be3233c22c4ce9f6e0601_6d180807cb.jpg,id,1,0.37936580181121826,0.37936580181121826,person,2,0.7943249940872192,0.5312143415212631,vest|helmet,False,False,False
/Users/claudia/Desktop/isaac_odd/isaac_odd_dataset/id/dataset_ok/dataset_ok_youtube-192_jpg.rf.93bea040de8cd55f34ffb12f6ffe30b1_4a24d3c999.jpg,id,1,0.905982494354248,0.905982494354248,person,1,0.7212284207344055,0.7212284207344055,vest,False,False,False
/Users/claudia/Desktop/isaac_odd/isaac_odd_dataset/id/dataset_ok/dataset_ok_youtube-198_jpg.rf.e89faeb9765c6bd6cece5434d140f4af_f6f39aa1dc.jpg,id,0,0.0,0.0,,0,0.0,0.0,,False,False,False
/Users/claudia/Desktop/isaac_odd/isaac_odd_dataset/id/dataset_ok/dataset_ok_youtube-213_jpg.rf.da70b1d8cefd3cc9d56e43bb88dfb67d_216926cbf3.jpg,id,0,0.0,0.0,,1,0.5582416653633118,0.5582416653633118,helmet,False,False,False
/Users/claudia/Desktop/isaac_odd/isaac_odd_dataset/id/dataset_ok/dataset_ok_youtube-237_jpg.rf.d07a927721fe259757237c3706ea22e5_014968e7b4.jpg,id,0,0.0,0.0,,0,0.0,0.0,,False,False,False
/Users/claudia/Desktop/isaac_odd/isaac_odd_dataset/id/dataset_ok/dataset_ok_youtube-253_jpg.rf.5ad0a2d701e20141940508b809584856_6e6c48eeff.jpg,id,0,0.0,0.0,,0,0.0,0.0,,False,False,False
/Users/claudia/Desktop/isaac_odd/isaac_odd_dataset/id/dataset_ok/dataset_ok_youtube-263_jpg.rf.374e343e12ead395440dbd81417e1be9_587be30198.jpg,id,0,0.0,0.0,,0,0.0,0.0,,False,False,False
/Users/claudia/Desktop/isaac_odd/isaac_odd_dataset/id/dataset_ok/dataset_ok_youtube-263_jpg.rf.bb17b89dd2ec9a090ce53b728f48865e_186b257e1a.jpg,id,1,0.8030732274055481,0.8030732274055481,person,2,0.6631105542182922,0.6179331541061401,vest|helmet,False,False,False
/Users/claudia/Desktop/isaac_odd/isaac_odd_dataset/id/dataset_ok/dataset_ok_youtube-34_jpg.rf.03eacc444bae3c5caa3fef5c736c3e40_20c00c7acd.jpg,id,0,0.0,0.0,,0,0.0,0.0,,False,False,False
/Users/claudia/Desktop/isaac_odd/isaac_odd_dataset/id/dataset_ok/dataset_ok_youtube-388_jpg.rf.18caa1da4f818a65f73e48463cb2270e_72b95449e6.jpg,id,0,0.0,0.0,,0,0.0,0.0,,False,False,False
/Users/claudia/Desktop/isaac_odd/isaac_odd_dataset/id/dataset_ok/dataset_ok_youtube-462_jpg.rf.df73aa5089a04b8fbf3adf9d614a6740_b139a9dfc1.jpg,id,2,0.5920432209968567,0.44225215911865234,person|person,2,0.787226140499115,0.7217824459075928,vest|vest,False,False,False
/Users/claudia/Desktop/isaac_odd/isaac_odd_dataset/id/dataset_ok/dataset_ok_youtube-471_jpg.rf.4296b7bd9a5a07753077beddbcd651bf_2f85226952.jpg,id,2,0.4475261867046356,0.3675827533006668,person|person,1,0.8138522505760193,0.8138522505760193,vest,False,False,False
/Users/claudia/Desktop/isaac_odd/isaac_odd_dataset/id/dataset_ok/dataset_ok_youtube-472_jpg.rf.e9425ff40c0df2beeef70abbc2324956_c42ef71ebb.jpg,id,1,0.6821652054786682,0.6821652054786682,person,1,0.86815345287323,0.86815345287323,vest,False,False,False
/Users/claudia/Desktop/isaac_odd/isaac_odd_dataset/id/dataset_ok/dataset_ok_youtube-496_jpg.rf.def4e9964e9a354d0a02f4ac14334a73_d9bb717cf2.jpg,id,0,0.0,0.0,,0,0.0,0.0,,False,False,False
/Users/claudia/Desktop/isaac_odd/isaac_odd_dataset/id/dataset_ok/dataset_ok_youtube-510_jpg.rf.62f82e36d134d53587edb48f291986f4_0ddb7a3f7f.jpg,id,0,0.0,0.0,,0,0.0,0.0,,False,False,False
/Users/claudia/Desktop/isaac_odd/isaac_odd_dataset/id/dataset_ok/dataset_ok_youtube-53_jpg.rf.e96f8f81389f4e63a79663095680a617_aa2faee369.jpg,id,0,0.0,0.0,,1,0.27096545696258545,0.27096545696258545,vest,False,False,False
/Users/claudia/Desktop/isaac_odd/isaac_odd_dataset/id/dataset_ok/dataset_ok_youtube-596_jpg.rf.11a8a4ac01d8aadb80eeb0406dfa579a_a498e187df.jpg,id,1,0.27996015548706055,0.27996015548706055,person,2,0.5910604000091553,0.4311618506908417,vest|vest,False,False,False
/Users/claudia/Desktop/isaac_odd/isaac_odd_dataset/id/dataset_ok/dataset_ok_youtube-631_jpg.rf.7c6ecf859c1b0a659f8ea057ad27aebd_b7b0fff72c.jpg,id,2,0.5021617412567139,0.4090368002653122,person|person,2,0.7886536717414856,0.7051432430744171,helmet|vest,False,False,False
/Users/claudia/Desktop/isaac_odd/isaac_odd_dataset/id/dataset_ok/dataset_ok_youtube-671_jpg.rf.7b08643d6754cabe6caf2b49a963de47_2a82778520.jpg,id,0,0.0,0.0,,0,0.0,0.0,,False,False,False
/Users/claudia/Desktop/isaac_odd/isaac_odd_dataset/id/dataset_ok/dataset_ok_youtube-738_jpg.rf.6f300b76e12b325f7c373c95ef319005_73de776354.jpg,id,1,0.8755847215652466,0.8755847215652466,person,1,0.8557854890823364,0.8557854890823364,vest,False,False,False
/Users/claudia/Desktop/isaac_odd/isaac_odd_dataset/id/dataset_ok/dataset_ok_youtube-840_jpg.rf.974a83a7c5aee7c16e83435b043c6d96_25e717e314.jpg,id,1,0.8825967311859131,0.8825967311859131,person,1,0.8133658766746521,0.8133658766746521,vest,False,False,False
/Users/claudia/Desktop/isaac_odd/isaac_odd_dataset/ood/dataset_ood_hard_valid/dataset_ood_hard_valid_backpack_person_001_4de83c0d10.jpg,ood,10,0.9222503304481506,0.6702275604009629,person|person|person|person|person|person|person|person|person|person,0,0.0,0.0,,False,False,False
/Users/claudia/Desktop/isaac_odd/isaac_odd_dataset/ood/dataset_ood_hard_valid/dataset_ood_hard_valid_backpack_person_002_f89a50756b.jpg,ood,6,0.9167799353599548,0.8528243601322174,person|person|person|person|person|person,5,0.7277650237083435,0.5852601766586304,vest|vest|vest|vest|vest,True,False,True
/Users/claudia/Desktop/isaac_odd/isaac_odd_dataset/ood/dataset_ood_hard_valid/dataset_ood_hard_valid_backpack_person_003_fcffa27583.jpg,ood,2,0.8816509246826172,0.8779587149620056,person|person,1,0.40142491459846497,0.40142491459846497,vest,False,False,True
/Users/claudia/Desktop/isaac_odd/isaac_odd_dataset/ood/dataset_ood_hard_valid/dataset_ood_hard_valid_backpack_person_004_2e8fb3fceb.jpg,ood,1,0.6616732478141785,0.6616732478141785,person,0,0.0,0.0,,False,False,False
/Users/claudia/Desktop/isaac_odd/isaac_odd_dataset/ood/dataset_ood_hard_valid/dataset_ood_hard_valid_backpack_person_005_cff9f637d4.jpg,ood,0,0.0,0.0,,0,0.0,0.0,,False,False,False
/Users/claudia/Desktop/isaac_odd/isaac_odd_dataset/ood/dataset_ood_hard_valid/dataset_ood_hard_valid_backpack_person_006_ed52bc68cc.png,ood,1,0.5738766193389893,0.5738766193389893,person,1,0.5597719550132751,0.5597719550132751,helmet,True,False,True
/Users/claudia/Desktop/isaac_odd/isaac_odd_dataset/ood/dataset_ood_hard_valid/dataset_ood_hard_valid_backpack_person_007_32c095be26.jpg,ood,1,0.9057877063751221,0.9057877063751221,person,2,0.645011842250824,0.5344774574041367,vest|helmet,True,False,True
/Users/claudia/Desktop/isaac_odd/isaac_odd_dataset/ood/dataset_ood_hard_valid/dataset_ood_hard_valid_backpack_person_008_4338dd8133.jpg,ood,5,0.9249351620674133,0.7065479099750519,person|person|person|person|person,2,0.5819028615951538,0.5093995332717896,vest|helmet,True,False,True
/Users/claudia/Desktop/isaac_odd/isaac_odd_dataset/ood/dataset_ood_hard_valid/dataset_ood_hard_valid_backpack_person_009_eb1899062a.jpg,ood,1,0.9186059832572937,0.9186059832572937,person,1,0.48673301935195923,0.48673301935195923,helmet,False,False,True
/Users/claudia/Desktop/isaac_odd/isaac_odd_dataset/ood/dataset_ood_hard_valid/dataset_ood_hard_valid_backpack_person_010_9699f4551b.jpg,ood,0,0.0,0.0,,1,0.48263558745384216,0.48263558745384216,vest,False,True,False
/Users/claudia/Desktop/isaac_odd/isaac_odd_dataset/ood/dataset_ood_hard_valid/dataset_ood_hard_valid_backpack_person_011_cbfc121bcd.jpg,ood,3,0.9018656015396118,0.8583563367525736,person|person|person,0,0.0,0.0,,False,False,False
/Users/claudia/Desktop/isaac_odd/isaac_odd_dataset/ood/dataset_ood_hard_valid/dataset_ood_hard_valid_backpack_person_012_cdf6cc6543.jpg,ood,1,0.7790689468383789,0.7790689468383789,person,1,0.3807140588760376,0.3807140588760376,vest,False,False,True
/Users/claudia/Desktop/isaac_odd/isaac_odd_dataset/ood/dataset_ood_hard_valid/dataset_ood_hard_valid_backpack_person_013_a3bdad656b.jpg,ood,9,0.942542552947998,0.5426407853762308,person|person|person|person|person|person|person|person|person,0,0.0,0.0,,False,False,False
/Users/claudia/Desktop/isaac_odd/isaac_odd_dataset/ood/dataset_ood_hard_valid/dataset_ood_hard_valid_backpack_person_014_72cfc07779.jpg,ood,10,0.933510959148407,0.6934911608695984,person|person|person|person|person|person|person|person|person|person,0,0.0,0.0,,False,False,False
/Users/claudia/Desktop/isaac_odd/isaac_odd_dataset/ood/dataset_ood_hard_valid/dataset_ood_hard_valid_backpack_person_018_6beb892e3d.jpg,ood,6,0.8803485631942749,0.659448559085528,person|person|person|person|person|person,0,0.0,0.0,,False,False,False
/Users/claudia/Desktop/isaac_odd/isaac_odd_dataset/ood/dataset_ood_hard_valid/dataset_ood_hard_valid_backpack_person_019_eb1b40c683.jpg,ood,10,0.9033287763595581,0.6950468569993973,person|person|person|person|person|person|person|person|person|person,0,0.0,0.0,,False,False,False
/Users/claudia/Desktop/isaac_odd/isaac_odd_dataset/ood/dataset_ood_hard_valid/dataset_ood_hard_valid_backpack_person_020_ce6805fa17.jpg,ood,2,0.9314807057380676,0.9307690560817719,person|person,0,0.0,0.0,,False,False,False
/Users/claudia/Desktop/isaac_odd/isaac_odd_dataset/ood/dataset_ood_hard_valid/dataset_ood_hard_valid_backpack_person_024_1c65f90a3d.jpg,ood,4,0.932793915271759,0.6668260395526886,person|person|person|person,1,0.31245988607406616,0.31245988607406616,helmet,False,False,True
/Users/claudia/Desktop/isaac_odd/isaac_odd_dataset/ood/dataset_ood_hard_valid/dataset_ood_hard_valid_backpack_person_025_f14ee6a3f1.jpg,ood,17,0.9061567187309265,0.5841619460021749,person|person|person|person|person|person|person|person|person|person|person|person|person|person|person|person|person,0,0.0,0.0,,False,False,False
/Users/claudia/Desktop/isaac_odd/isaac_odd_dataset/ood/dataset_ood_hard_valid/dataset_ood_hard_valid_baseball_cap_001_1a6d3c8504.jpg,ood,0,0.0,0.0,,0,0.0,0.0,,False,False,False
/Users/claudia/Desktop/isaac_odd/isaac_odd_dataset/ood/dataset_ood_hard_valid/dataset_ood_hard_valid_baseball_cap_002_dbd1974ffc.jpg,ood,0,0.0,0.0,,0,0.0,0.0,,False,False,False
/Users/claudia/Desktop/isaac_odd/isaac_odd_dataset/ood/dataset_ood_hard_valid/dataset_ood_hard_valid_baseball_cap_005_e2a7da8d09.jpg,ood,0,0.0,0.0,,1,0.537161111831665,0.537161111831665,vest,True,True,False
/Users/claudia/Desktop/isaac_odd/isaac_odd_dataset/ood/dataset_ood_hard_valid/dataset_ood_hard_valid_baseball_cap_006_b186416c72.jpg,ood,0,0.0,0.0,,0,0.0,0.0,,False,False,False
/Users/claudia/Desktop/isaac_odd/isaac_odd_dataset/ood/dataset_ood_hard_valid/dataset_ood_hard_valid_baseball_cap_009_37eb202623.jpg,ood,1,0.7328139543533325,0.7328139543533325,person,0,0.0,0.0,,False,False,False
/Users/claudia/Desktop/isaac_odd/isaac_odd_dataset/ood/dataset_ood_hard_valid/dataset_ood_hard_valid_baseball_cap_012_364ec54e39.png,ood,1,0.7161813378334045,0.7161813378334045,person,1,0.3292360007762909,0.3292360007762909,helmet,False,False,True
/Users/claudia/Desktop/isaac_odd/isaac_odd_dataset/ood/dataset_ood_hard_valid/dataset_ood_hard_valid_baseball_cap_015_a36550c615.jpg,ood,1,0.7520319223403931,0.7520319223403931,person,1,0.7549425959587097,0.7549425959587097,vest,True,False,True
/Users/claudia/Desktop/isaac_odd/isaac_odd_dataset/ood/dataset_ood_hard_valid/dataset_ood_hard_valid_baseball_cap_016_309b570df8.jpg,ood,1,0.29223957657814026,0.29223957657814026,person,0,0.0,0.0,,False,False,False
/Users/claudia/Desktop/isaac_odd/isaac_odd_dataset/ood/dataset_ood_hard_valid/dataset_ood_hard_valid_baseball_cap_017_1b32d242ec.jpg,ood,1,0.2891122102737427,0.2891122102737427,person,0,0.0,0.0,,False,False,False
/Users/claudia/Desktop/isaac_odd/isaac_odd_dataset/ood/dataset_ood_hard_valid/dataset_ood_hard_valid_baseball_cap_021_82c0416866.jpg,ood,0,0.0,0.0,,0,0.0,0.0,,False,False,False
/Users/claudia/Desktop/isaac_odd/isaac_odd_dataset/ood/dataset_ood_hard_valid/dataset_ood_hard_valid_baseball_cap_024_ac691c6b77.jpg,ood,1,0.8250401616096497,0.8250401616096497,person,0,0.0,0.0,,False,False,False
/Users/claudia/Desktop/isaac_odd/isaac_odd_dataset/ood/dataset_ood_hard_valid/dataset_ood_hard_valid_beanie_hat_002_e6daf858bf.jpg,ood,0,0.0,0.0,,0,0.0,0.0,,False,False,False
/Users/claudia/Desktop/isaac_odd/isaac_odd_dataset/ood/dataset_ood_hard_valid/dataset_ood_hard_valid_beanie_hat_005_6fbd66a58b.jpg,ood,12,0.904394805431366,0.586546833316485,person|person|person|person|person|person|person|person|person|person|person|person,3,0.4664958119392395,0.40434086322784424,vest|vest|vest,False,False,True
/Users/claudia/Desktop/isaac_odd/isaac_odd_dataset/ood/dataset_ood_hard_valid/dataset_ood_hard_valid_beanie_hat_009_9a5db9d4e2.jpg,ood,1,0.8476226925849915,0.8476226925849915,person,0,0.0,0.0,,False,False,False
/Users/claudia/Desktop/isaac_odd/isaac_odd_dataset/ood/dataset_ood_hard_valid/dataset_ood_hard_valid_beanie_hat_013_4f6e54f796.jpg,ood,1,0.9259847402572632,0.9259847402572632,person,1,0.6795064806938171,0.6795064806938171,helmet,True,False,True
/Users/claudia/Desktop/isaac_odd/isaac_odd_dataset/ood/dataset_ood_hard_valid/dataset_ood_hard_valid_beanie_hat_018_6b146d8ada.jpg,ood,1,0.8255752921104431,0.8255752921104431,person,0,0.0,0.0,,False,False,False
/Users/claudia/Desktop/isaac_odd/isaac_odd_dataset/ood/dataset_ood_hard_valid/dataset_ood_hard_valid_beanie_hat_021_53fa5da250.jpeg,ood,1,0.8787793517112732,0.8787793517112732,person,1,0.715502917766571,0.715502917766571,vest,True,False,True
/Users/claudia/Desktop/isaac_odd/isaac_odd_dataset/ood/dataset_ood_hard_valid/dataset_ood_hard_valid_beanie_hat_024_c23a060e6c.jpg,ood,0,0.0,0.0,,0,0.0,0.0,,False,False,False
/Users/claudia/Desktop/isaac_odd/isaac_odd_dataset/ood/dataset_ood_hard_valid/dataset_ood_hard_valid_people_street_002_28d3b0b63b.jpg,ood,0,0.0,0.0,,0,0.0,0.0,,False,False,False
/Users/claudia/Desktop/isaac_odd/isaac_odd_dataset/ood/dataset_ood_hard_valid/dataset_ood_hard_valid_people_street_005_0467a472db.jpg,ood,15,0.8434818387031555,0.5815677245457967,person|person|person|person|person|person|person|person|person|person|person|person|person|person|person,0,0.0,0.0,,False,False,False
/Users/claudia/Desktop/isaac_odd/isaac_odd_dataset/ood/dataset_ood_hard_valid/dataset_ood_hard_valid_people_street_006_eb06043e64.jpg,ood,6,0.9264870882034302,0.7356167733669281,person|person|person|person|person|person,0,0.0,0.0,,False,False,False
/Users/claudia/Desktop/isaac_odd/isaac_odd_dataset/ood/dataset_ood_hard_valid/dataset_ood_hard_valid_people_street_007_338f5a05a6.jpg,ood,4,0.9013687372207642,0.6226204559206963,person|person|person|person,1,0.25830671191215515,0.25830671191215515,vest,False,False,True
/Users/claudia/Desktop/isaac_odd/isaac_odd_dataset/ood/dataset_ood_hard_valid/dataset_ood_hard_valid_people_street_008_609adf78b9.jpg,ood,1,0.26221591234207153,0.26221591234207153,person,3,0.6190853714942932,0.4139266014099121,vest|helmet|vest,True,False,True
/Users/claudia/Desktop/isaac_odd/isaac_odd_dataset/ood/dataset_ood_hard_valid/dataset_ood_hard_valid_people_street_011_15326cf4f3.jpg,ood,8,0.8023229837417603,0.5572219155728817,person|person|person|person|person|person|person|person,0,0.0,0.0,,False,False,False
/Users/claudia/Desktop/isaac_odd/isaac_odd_dataset/ood/dataset_ood_hard_valid/dataset_ood_hard_valid_people_street_014_bbd36ab600.jpg,ood,0,0.0,0.0,,3,0.5281625390052795,0.41353336970011395,vest|vest|vest,True,True,False
/Users/claudia/Desktop/isaac_odd/isaac_odd_dataset/ood/dataset_ood_hard_valid/dataset_ood_hard_valid_people_street_018_aa9c269ea4.jpg,ood,2,0.8043413758277893,0.733803927898407,person|person,2,0.3305196166038513,0.31048621237277985,helmet|vest,False,False,True
/Users/claudia/Desktop/isaac_odd/isaac_odd_dataset/ood/dataset_ood_hard_valid/dataset_ood_hard_valid_people_street_022_9739b6f33b.jpg,ood,1,0.5659304261207581,0.5659304261207581,person,1,0.3860728442668915,0.3860728442668915,helmet,False,False,True
/Users/claudia/Desktop/isaac_odd/isaac_odd_dataset/ood/dataset_ood_hard_valid/dataset_ood_hard_valid_reflective_jacket_001_d667907769.jpg,ood,1,0.8890578746795654,0.8890578746795654,person,0,0.0,0.0,,False,False,False
/Users/claudia/Desktop/isaac_odd/isaac_odd_dataset/ood/dataset_ood_hard_valid/dataset_ood_hard_valid_reflective_jacket_002_da7f29c5d6.png,ood,0,0.0,0.0,,1,0.2704631984233856,0.2704631984233856,vest,False,True,False
/Users/claudia/Desktop/isaac_odd/isaac_odd_dataset/ood/dataset_ood_hard_valid/dataset_ood_hard_valid_reflective_jacket_005_69b42ed8ce.jpg,ood,1,0.37955984473228455,0.37955984473228455,person,0,0.0,0.0,,False,False,False
/Users/claudia/Desktop/isaac_odd/isaac_odd_dataset/ood/dataset_ood_hard_valid/dataset_ood_hard_valid_reflective_jacket_006_a9f91eb997.jpg,ood,2,0.5064796209335327,0.3824601173400879,person|person,0,0.0,0.0,,False,False,False
/Users/claudia/Desktop/isaac_odd/isaac_odd_dataset/ood/dataset_ood_hard_valid/dataset_ood_hard_valid_reflective_jacket_010_60cf29636b.jpg,ood,7,0.9027316570281982,0.6160922731672015,person|person|person|person|person|person|person,2,0.5608502626419067,0.4470554441213608,helmet|helmet,True,False,True
/Users/claudia/Desktop/isaac_odd/isaac_odd_dataset/ood/dataset_ood_hard_valid/dataset_ood_hard_valid_reflective_jacket_014_098827978d.jpg,ood,0,0.0,0.0,,0,0.0,0.0,,False,False,False
/Users/claudia/Desktop/isaac_odd/isaac_odd_dataset/ood/dataset_ood_hard_valid/dataset_ood_hard_valid_reflective_jacket_017_64863cab1c.png,ood,0,0.0,0.0,,0,0.0,0.0,,False,False,False
/Users/claudia/Desktop/isaac_odd/isaac_odd_dataset/ood/dataset_ood_hard_valid/dataset_ood_hard_valid_reflective_jacket_020_abc908e9d7.jpg,ood,2,0.8672606348991394,0.8238251507282257,person|person,1,0.7979432344436646,0.7979432344436646,vest,True,False,True
/Users/claudia/Desktop/isaac_odd/isaac_odd_dataset/ood/dataset_ood_hard_valid/dataset_ood_hard_valid_reflective_jacket_023_5d40fef28d.png,ood,0,0.0,0.0,,1,0.44661659002304077,0.44661659002304077,vest,False,True,False
