image,stem,source,group_id,n_helmet,n_vest,is_empty_label,sha1
ood_negative_backpack_person_001_13f2233a63.jpg,ood_negative_backpack_person_001_13f2233a63,oodneg,oodneg:ood_negative_backpack_person_001,0,0,1,b853755d79e085bccf6cf7659cef191bbe7e7392
ood_negative_backpack_person_002_9f3d1010e1.jpg,ood_negative_backpack_person_002_9f3d1010e1,oodneg,oodneg:ood_negative_backpack_person_002,0,0,1,647d9ff58ccae96d29c56b4a25850ab7cdaa1866
ood_negative_backpack_person_003_22e65a5ac8.jpg,ood_negative_backpack_person_003_22e65a5ac8,oodneg,oodneg:ood_negative_backpack_person_003,0,0,1,8ce99d57d0b85d739514df617e572e278e75df04
ood_negative_backpack_person_004_43f26e1749.jpg,ood_negative_backpack_person_004_43f26e1749,oodneg,oodneg:ood_negative_backpack_person_004,0,0,1,676673d780ef6b0de5ca7a5b91d5c3b0a395e3de
ood_negative_backpack_person_005_a21deea6e0.jpg,ood_negative_backpack_person_005_a21deea6e0,oodneg,oodneg:ood_negative_backpack_person_005,0,0,1,1849c8613689bf63dae5026fcc0d0fb92db28035
ood_negative_backpack_person_006_466e06e24c.png,ood_negative_backpack_person_006_466e06e24c,oodneg,oodneg:ood_negative_backpack_person_006,0,0,1,2a67e8cd7ea2a4cf3900cc213238f58ef15fd630
ood_negative_backpack_person_007_a1c2ef3d1c.jpg,ood_negative_backpack_person_007_a1c2ef3d1c,oodneg,oodneg:ood_negative_backpack_person_007,0,0,1,6f770b026f55994a7affc5a733afda912dab9c6e
ood_negative_backpack_person_008_b1163a6259.jpg,ood_negative_backpack_person_008_b1163a6259,oodneg,oodneg:ood_negative_backpack_person_008,0,0,1,85708dd42921d7b3c61ee7163de5521059485ede
ood_negative_backpack_person_009_601e6858ab.jpg,ood_negative_backpack_person_009_601e6858ab,oodneg,oodneg:ood_negative_backpack_person_009,0,0,1,ea02f53f6498bf4a02a2d57df91cee38259f232e
ood_negative_backpack_person_010_2c21058e44.jpg,ood_negative_backpack_person_010_2c21058e44,oodneg,oodneg:ood_negative_backpack_person_010,0,0,1,07cc5117695ea9a531c0457038b29a7928810ac8
ood_negative_backpack_person_011_225a72b70f.jpg,ood_negative_backpack_person_011_225a72b70f,oodneg,oodneg:ood_negative_backpack_person_011,0,0,1,5c77e2f51d65fd8cfebf2659b3470155f50fcd5b
ood_negative_backpack_person_012_3d3c28b2af.jpg,ood_negative_backpack_person_012_3d3c28b2af,oodneg,oodneg:ood_negative_backpack_person_012,0,0,1,a5ba115ad660779f5751b3a6b8063c5798fa0606
ood_negative_backpack_person_013_db1251d243.jpg,ood_negative_backpack_person_013_db1251d243,oodneg,oodneg:ood_negative_backpack_person_013,0,0,1,7e742d6d1af1404af639773c0be564b29bdd5f26
ood_negative_backpack_person_014_5166509af2.jpg,ood_negative_backpack_person_014_5166509af2,oodneg,oodneg:ood_negative_backpack_person_014,0,0,1,8e4e286faf34dd1632485800451f4928bffe10f4
ood_negative_backpack_person_018_0270b468e6.jpg,ood_negative_backpack_person_018_0270b468e6,oodneg,oodneg:ood_negative_backpack_person_018,0,0,1,eeb0dc650fdd172f87c573a9ee223398cbfae488
ood_negative_backpack_person_019_4b52668a24.jpg,ood_negative_backpack_person_019_4b52668a24,oodneg,oodneg:ood_negative_backpack_person_019,0,0,1,7fe896111dcee81ab8efdb95631aef846ccddbac
ood_negative_backpack_person_020_8f504cd487.jpg,ood_negative_backpack_person_020_8f504cd487,oodneg,oodneg:ood_negative_backpack_person_020,0,0,1,af67fd9482dddfd1ddaada7be29f7cd6922760a8
ood_negative_backpack_person_024_8fbace2bc9.jpg,ood_negative_backpack_person_024_8fbace2bc9,oodneg,oodneg:ood_negative_backpack_person_024,0,0,1,aa05d45a858f29521846658e9df1ada8965392f0
ood_negative_backpack_person_025_1a5d7ab5e8.jpg,ood_negative_backpack_person_025_1a5d7ab5e8,oodneg,oodneg:ood_negative_backpack_person_025,0,0,1,c9b738b77c3637c4e609f56ab7c99b10a4caaabf
ood_negative_baseball_cap_001_23d26a7824.jpg,ood_negative_baseball_cap_001_23d26a7824,oodneg,oodneg:ood_negative_baseball_cap_001,0,0,1,6841ba0aa3621f318d35b4026bbaa59f04c29e2a
ood_negative_baseball_cap_002_0d60d86185.jpg,ood_negative_baseball_cap_002_0d60d86185,oodneg,oodneg:ood_negative_baseball_cap_002,0,0,1,2eede39d9b1a1cd4b30b43512bcaad5aa30114e2
ood_negative_baseball_cap_005_5f1f4a4ee3.jpg,ood_negative_baseball_cap_005_5f1f4a4ee3,oodneg,oodneg:ood_negative_baseball_cap_005,0,0,1,8fcdfcb6a83417f021dc51cea0d47667ad4ff9df
ood_negative_baseball_cap_006_79dca64c16.jpg,ood_negative_baseball_cap_006_79dca64c16,oodneg,oodneg:ood_negative_baseball_cap_006,0,0,1,2fc0ed300f37e321b92c91d81a39cfe284ba2417
ood_negative_baseball_cap_009_485f72b8cd.jpg,ood_negative_baseball_cap_009_485f72b8cd,oodneg,oodneg:ood_negative_baseball_cap_009,0,0,1,d8b075a7f059f2c5ca5cdcb4746c890c7f14b97f
ood_negative_baseball_cap_012_04b314c7f4.png,ood_negative_baseball_cap_012_04b314c7f4,oodneg,oodneg:ood_negative_baseball_cap_012,0,0,1,ddd24d976c16e614bf342b866bb29b881880a9b1
ood_negative_baseball_cap_015_bdec3806eb.jpg,ood_negative_baseball_cap_015_bdec3806eb,oodneg,oodneg:ood_negative_baseball_cap_015,0,0,1,17a5ccd29dc006d965008612561e1d067deb1fe8
ood_negative_baseball_cap_016_2ff4a9db0a.jpg,ood_negative_baseball_cap_016_2ff4a9db0a,oodneg,oodneg:ood_negative_baseball_cap_016,0,0,1,17e68649b4139901325d3aa7ad0a3aecd325d724
ood_negative_baseball_cap_017_25f731d08c.jpg,ood_negative_baseball_cap_017_25f731d08c,oodneg,oodneg:ood_negative_baseball_cap_017,0,0,1,112d67d7fc81c93274ee80c417c3421d49907302
ood_negative_baseball_cap_021_5b1d342fdd.jpg,ood_negative_baseball_cap_021_5b1d342fdd,oodneg,oodneg:ood_negative_baseball_cap_021,0,0,1,59630dfccf444067f2cbb0bfd234331dbb047127
ood_negative_baseball_cap_024_0bd2541142.jpg,ood_negative_baseball_cap_024_0bd2541142,oodneg,oodneg:ood_negative_baseball_cap_024,0,0,1,ed1cf7f47dd9d62744d5cf9738a141466b424f1a
ood_negative_beanie_hat_002_2434ff0da4.jpg,ood_negative_beanie_hat_002_2434ff0da4,oodneg,oodneg:ood_negative_beanie_hat_002,0,0,1,f3c207c143f56abd6dc51f5aeca49a15cde503d4
ood_negative_beanie_hat_005_4fb527ddef.jpg,ood_negative_beanie_hat_005_4fb527ddef,oodneg,oodneg:ood_negative_beanie_hat_005,0,0,1,6dcc4a859719f3f42be63d46d89cbd9ff9a0dcf3
ood_negative_beanie_hat_009_272f4f3b31.jpg,ood_negative_beanie_hat_009_272f4f3b31,oodneg,oodneg:ood_negative_beanie_hat_009,0,0,1,cd4b8b6953df102a8be432617292ca4494312a0c
ood_negative_beanie_hat_013_2c252c6040.jpg,ood_negative_beanie_hat_013_2c252c6040,oodneg,oodneg:ood_negative_beanie_hat_013,0,0,1,13519ed3d1fa14b8c007bbf144f3aa4574ecdb7e
ood_negative_beanie_hat_018_a71e71ba0c.jpg,ood_negative_beanie_hat_018_a71e71ba0c,oodneg,oodneg:ood_negative_beanie_hat_018,0,0,1,6a22e16db7b43950c18fe10a74c4b4aa861bf7f7
ood_negative_beanie_hat_021_4367bf7232.jpeg,ood_negative_beanie_hat_021_4367bf7232,oodneg,oodneg:ood_negative_beanie_hat_021,0,0,1,85c47cc46f2893975eee512916f14bba91a78043
ood_negative_beanie_hat_024_3fb1bccbaf.jpg,ood_negative_beanie_hat_024_3fb1bccbaf,oodneg,oodneg:ood_negative_beanie_hat_024,0,0,1,42a67ded2bb6dd33242971fe2d4e111f55536232
ood_negative_people_street_002_0251fc1618.jpg,ood_negative_people_street_002_0251fc1618,oodneg,oodneg:ood_negative_people_street_002,0,0,1,bfb96c36bf627886ddcf943a62e8f8e7a2692041
ood_negative_people_street_005_2d3f75dcc6.jpg,ood_negative_people_street_005_2d3f75dcc6,oodneg,oodneg:ood_negative_people_street_005,0,0,1,66eb36297384c577104d599fd08bf79a4add6940
ood_negative_people_street_006_7f54ded928.jpg,ood_negative_people_street_006_7f54ded928,oodneg,oodneg:ood_negative_people_street_006,0,0,1,968f8d86733b83815cd4c7e45963945137a3d293
ood_negative_people_street_007_00d2ae98a4.jpg,ood_negative_people_street_007_00d2ae98a4,oodneg,oodneg:ood_negative_people_street_007,0,0,1,a93015d968a40720d49a8363ff899d8243f58bce
ood_negative_people_street_008_67a5248238.jpg,ood_negative_people_street_008_67a5248238,oodneg,oodneg:ood_negative_people_street_008,0,0,1,123e2e6eebdd79ba82e6039f2f3adc24d5502974
ood_negative_people_street_011_00d08e339c.jpg,ood_negative_people_street_011_00d08e339c,oodneg,oodneg:ood_negative_people_street_011,0,0,1,f337f2ca549428937bc60a4ee3edcf36bd9a24e0
ood_negative_people_street_014_94b22247ad.jpg,ood_negative_people_street_014_94b22247ad,oodneg,oodneg:ood_negative_people_street_014,0,0,1,debda6dd9d3fc6c1e60570afff1aa0d55fe7a440
ood_negative_people_street_018_2759264504.jpg,ood_negative_people_street_018_2759264504,oodneg,oodneg:ood_negative_people_street_018,0,0,1,b78a72978c18577ba891913dcc7297d70c86cf4a
ood_negative_people_street_022_90180ab2bf.jpg,ood_negative_people_street_022_90180ab2bf,oodneg,oodneg:ood_negative_people_street_022,0,0,1,e350efc3d0f205e9b5e1318bb69891601549436f
ood_negative_reflective_jacket_001_22ce476c5e.jpg,ood_negative_reflective_jacket_001_22ce476c5e,oodneg,oodneg:ood_negative_reflective_jacket_001,0,0,1,2e929d5c8398dce6be2c2e775c859f18e5418d88
ood_negative_reflective_jacket_002_306662a961.png,ood_negative_reflective_jacket_002_306662a961,oodneg,oodneg:ood_negative_reflective_jacket_002,0,0,1,0d2d42fcb4f6c623a9a861b2c39175d92e3d84a3
ood_negative_reflective_jacket_005_8f5a20b38c.jpg,ood_negative_reflective_jacket_005_8f5a20b38c,oodneg,oodneg:ood_negative_reflective_jacket_005,0,0,1,f1dab119583d7ccfbabacdf36881d1f707d356c7
ood_negative_reflective_jacket_006_a60b098846.jpg,ood_negative_reflective_jacket_006_a60b098846,oodneg,oodneg:ood_negative_reflective_jacket_006,0,0,1,e8e0bb3d6f27b8ab2b33a0d783a32399e16bbf1a
ood_negative_reflective_jacket_010_3374c42f04.jpg,ood_negative_reflective_jacket_010_3374c42f04,oodneg,oodneg:ood_negative_reflective_jacket_010,0,0,1,bd05cb5c8de690d7848e2722425f557dd6bc48a1
ood_negative_reflective_jacket_014_19abace7ac.jpg,ood_negative_reflective_jacket_014_19abace7ac,oodneg,oodneg:ood_negative_reflective_jacket_014,0,0,1,b29be2e71100f60ad263d15871e5161a126e7991
ood_negative_reflective_jacket_017_a63089d269.png,ood_negative_reflective_jacket_017_a63089d269,oodneg,oodneg:ood_negative_reflective_jacket_017,0,0,1,1c1be20b1aadaef99c8a57500c8f31d49dc9bf84
ood_negative_reflective_jacket_020_23539bc6c0.jpg,ood_negative_reflective_jacket_020_23539bc6c0,oodneg,oodneg:ood_negative_reflective_jacket_020,0,0,1,8e997cde59a0884f51e94a3c51c18bef58074821
ood_negative_reflective_jacket_023_049ced4663.png,ood_negative_reflective_jacket_023_049ced4663,oodneg,oodneg:ood_negative_reflective_jacket_023,0,0,1,e96a85d66a6e6a74af10c324db3d7abcabcebd7f
oodneg_00000_002551_jpg.rf.ce4b9f934161faa72c80dc6898d37b2d.jpg,oodneg_00000_002551_jpg.rf.ce4b9f934161faa72c80dc6898d37b2d,oodneg,oodneg:oodneg_00000,0,0,1,2a375f1294cba870591171ed9fb721755968b3ab
oodneg_00001_003357_jpg.rf.9867f91e88089bb68dc95947d5116d14.jpg,oodneg_00001_003357_jpg.rf.9867f91e88089bb68dc95947d5116d14,oodneg,oodneg:oodneg_00001,0,0,1,6facef2bd2997dad4acba6418519b55679e0559e
oodneg_00002_004063_jpg.rf.1b7cdc4035bcb24ef69b8798b444053e.jpg,oodneg_00002_004063_jpg.rf.1b7cdc4035bcb24ef69b8798b444053e,oodneg,oodneg:oodneg_00002,0,0,1,d0bc2e7f64a3bd0d0cd5c4b76f2c8f0763ed6793
oodneg_00003_004763_jpg.rf.46484e6ca73caeaa9de45822cf1085a9.jpg,oodneg_00003_004763_jpg.rf.46484e6ca73caeaa9de45822cf1085a9,oodneg,oodneg:oodneg_00003,0,0,1,0e50988df31d2a2ae6cc58b11eaac67cba2eda82
oodneg_00004_006463_jpg.rf.02f19082420ecc5537b9d59abbe6050c.jpg,oodneg_00004_006463_jpg.rf.02f19082420ecc5537b9d59abbe6050c,oodneg,oodneg:oodneg_00004,0,0,1,ca5d2dc2dbc83797ae65584b6f5c051b20c9246e
oodneg_00005_006672_jpg.rf.87d5978c486feb53177408cf00a0d87f.jpg,oodneg_00005_006672_jpg.rf.87d5978c486feb53177408cf00a0d87f,oodneg,oodneg:oodneg_00005,0,0,1,c5df4c16c45793e3afb30b45e19715dd3ad81164
oodneg_00006_0_jpg.rf.2ff49f74309118f169e07aa12564df87.jpg,oodneg_00006_0_jpg.rf.2ff49f74309118f169e07aa12564df87,oodneg,oodneg:0,0,0,1,9d0f9bde977d2f4b08865ff7acaba059c4170f8d
oodneg_00007_2009_000059_jpg.rf.50e8398a37eb33f33fd9f662feeea083.jpg,oodneg_00007_2009_000059_jpg.rf.50e8398a37eb33f33fd9f662feeea083,oodneg,oodneg:2009,0,0,1,0b9ca68e76972ba23fa789e5bdb32b9eed14eb7c
oodneg_00008_IMG_3100_mp4-9_jpg.rf.413ccf5fe4a7ee67f71e07c2c43b6756.jpg,oodneg_00008_IMG_3100_mp4-9_jpg.rf.413ccf5fe4a7ee67f71e07c2c43b6756,oodneg,oodneg:IMG_3100_mp4,0,0,1,db14f7dbe64b75cb9252a61921cb078e42d0f629
oodneg_00009_IMG_3103_mp4-9_jpg.rf.b31bd2d816465a27aa1eb072f90bb5aa.jpg,oodneg_00009_IMG_3103_mp4-9_jpg.rf.b31bd2d816465a27aa1eb072f90bb5aa,oodneg,oodneg:IMG_3103_mp4,0,0,1,de7aad628c759430e41f141dfce8d969980981cb
oodneg_00010_IMG_5846_jpg.rf.0b9984069116e2acd928568eb7a8e214.jpg,oodneg_00010_IMG_5846_jpg.rf.0b9984069116e2acd928568eb7a8e214,oodneg,oodneg:IMG_5846,0,0,1,b2b004508a7eb09ac628071266e920065a123151
oodneg_00011_Image36_jpg.rf.8704f3450f736cdd01a61dcee588f2c2.jpg,oodneg_00011_Image36_jpg.rf.8704f3450f736cdd01a61dcee588f2c2,oodneg,oodneg:Image36,0,0,1,0cf55a5da1833183c4a1805402a3e4d08bf5eb94
oodneg_00012_NX_img_177_jpg.rf.c03709e5fadfe2109411f05a9e9bc25f.jpg,oodneg_00012_NX_img_177_jpg.rf.c03709e5fadfe2109411f05a9e9bc25f,oodneg,oodneg:NX_img_177,0,0,1,0d02d3db7590baafba6e72242644414c5ddafe08
oodneg_00013_autox3_mp4-187_jpg.rf.8340e2bd65afade3fb0d3194eadc5796.jpg,oodneg_00013_autox3_mp4-187_jpg.rf.8340e2bd65afade3fb0d3194eadc5796,oodneg,oodneg:autox3_mp4,0,0,1,6de5ffb5b7222a9067298bc2d8007f2bbe025c21
oodneg_00014_autox3_mp4-277_jpg.rf.a5ed8fd043fe7e1d8682768880b6d4db.jpg,oodneg_00014_autox3_mp4-277_jpg.rf.a5ed8fd043fe7e1d8682768880b6d4db,oodneg,oodneg:autox3_mp4,0,0,1,9671d33237eca633900f18de39de993f6a3f4f2e
oodneg_00015_autox3_mp4-65_jpg.rf.d933ce48947fa9bdb55dc702a0879ac9.jpg,oodneg_00015_autox3_mp4-65_jpg.rf.d933ce48947fa9bdb55dc702a0879ac9,oodneg,oodneg:autox3_mp4,0,0,1,b65ae29a5a2d8c6dafb6d0ec46528bb06c7bf018
oodneg_00016_class1_150_jpg.rf.5995dce34d38deb9eb0b6e36cae78f17.jpg,oodneg_00016_class1_150_jpg.rf.5995dce34d38deb9eb0b6e36cae78f17,oodneg,oodneg:class1_150,0,0,1,adf41a94882c3cfe03ef016889d04e92a795961c
oodneg_00017_image_53_jpg.rf.3446e366b5d4d905a32e1aedc8fe87de.jpg,oodneg_00017_image_53_jpg.rf.3446e366b5d4d905a32e1aedc8fe87de,oodneg,oodneg:image_53,0,0,1,25778d06a9e590a6cb9722d9eafd0d89d623c357
oodneg_00018_image_55_jpg.rf.27ae4341a9b9647d73a8929ff7a22369.jpg,oodneg_00018_image_55_jpg.rf.27ae4341a9b9647d73a8929ff7a22369,oodneg,oodneg:image_55,0,0,1,e26ee3106809d694124196aaffd040088a0c6c72
oodneg_00019_ppe_0018_jpg.rf.be66fabcc8627f60d963454b5a227095.jpg,oodneg_00019_ppe_0018_jpg.rf.be66fabcc8627f60d963454b5a227095,oodneg,oodneg:ppe_0018,0,0,1,e1eb8755784c8c096514f6bd75816a174b26282c
oodneg_00020_ppe_1073_jpg.rf.72ea8a293a4f3e1135219e33701b1099.jpg,oodneg_00020_ppe_1073_jpg.rf.72ea8a293a4f3e1135219e33701b1099,oodneg,oodneg:ppe_1073,0,0,1,d1e3ef59f40dadd93e9c6183b02bd76255493be4
oodneg_00021_youtube-108_jpg.rf.9dc7ed5f816f07d520f3dbfaad08d40f.jpg,oodneg_00021_youtube-108_jpg.rf.9dc7ed5f816f07d520f3dbfaad08d40f,oodneg,oodneg:youtube,0,0,1,c9d5b2fae4637c71bc15897d3ac3f60ed3a90571
oodneg_00022_youtube-126_jpg.rf.786824e90daf3276130ca73ca610a8da.jpg,oodneg_00022_youtube-126_jpg.rf.786824e90daf3276130ca73ca610a8da,oodneg,oodneg:youtube,0,0,1,d08d4a7d4a8d7d59db110a4b0e08cd147ec52e48
oodneg_00023_youtube-186_jpg.rf.1f1d93447d4be3233c22c4ce9f6e0601.jpg,oodneg_00023_youtube-186_jpg.rf.1f1d93447d4be3233c22c4ce9f6e0601,oodneg,oodneg:youtube,0,0,1,8546f2c2412a8ce80a37f60dc1080546b521aeb2
oodneg_00024_youtube-192_jpg.rf.93bea040de8cd55f34ffb12f6ffe30b1.jpg,oodneg_00024_youtube-192_jpg.rf.93bea040de8cd55f34ffb12f6ffe30b1,oodneg,oodneg:youtube,0,0,1,e6e34b13425c8c55bb3d5c8aeb5ffeb868e15c7e
oodneg_00025_youtube-213_jpg.rf.da70b1d8cefd3cc9d56e43bb88dfb67d.jpg,oodneg_00025_youtube-213_jpg.rf.da70b1d8cefd3cc9d56e43bb88dfb67d,oodneg,oodneg:youtube,0,0,1,fcc6784a8f8b48dde38fa3c951875ed6ef1af4c5
oodneg_00026_youtube-263_jpg.rf.bb17b89dd2ec9a090ce53b728f48865e.jpg,oodneg_00026_youtube-263_jpg.rf.bb17b89dd2ec9a090ce53b728f48865e,oodneg,oodneg:youtube,0,0,1,9a0bff2565a602521bf97711897f9406b027492a
oodneg_00027_youtube-462_jpg.rf.df73aa5089a04b8fbf3adf9d614a6740.jpg,oodneg_00027_youtube-462_jpg.rf.df73aa5089a04b8fbf3adf9d614a6740,oodneg,oodneg:youtube,0,0,1,e7703adb0ca4a76b79bebb131df201625454d867
oodneg_00028_youtube-471_jpg.rf.4296b7bd9a5a07753077beddbcd651bf.jpg,oodneg_00028_youtube-471_jpg.rf.4296b7bd9a5a07753077beddbcd651bf,oodneg,oodneg:youtube,0,0,1,b28eff1e36fbc038dada443b868de289ae1650b9
oodneg_00029_youtube-472_jpg.rf.e9425ff40c0df2beeef70abbc2324956.jpg,oodneg_00029_youtube-472_jpg.rf.e9425ff40c0df2beeef70abbc2324956,oodneg,oodneg:youtube,0,0,1,d732b6297ce4969c23144e0ace7322ba380333cf
oodneg_00030_youtube-53_jpg.rf.e96f8f81389f4e63a79663095680a617.jpg,oodneg_00030_youtube-53_jpg.rf.e96f8f81389f4e63a79663095680a617,oodneg,oodneg:youtube,0,0,1,b8e99fb7e08c0422d5beb84e53050e167ea00efa
oodneg_00031_youtube-596_jpg.rf.11a8a4ac01d8aadb80eeb0406dfa579a.jpg,oodneg_00031_youtube-596_jpg.rf.11a8a4ac01d8aadb80eeb0406dfa579a,oodneg,oodneg:youtube,0,0,1,627f1a120b2fc10d04f36002f36f6387821b8b1f
oodneg_00032_youtube-631_jpg.rf.7c6ecf859c1b0a659f8ea057ad27aebd.jpg,oodneg_00032_youtube-631_jpg.rf.7c6ecf859c1b0a659f8ea057ad27aebd,oodneg,oodneg:youtube,0,0,1,9c23044816429a82a57a9062b89ee88803cf627b
oodneg_00033_youtube-738_jpg.rf.6f300b76e12b325f7c373c95ef319005.jpg,oodneg_00033_youtube-738_jpg.rf.6f300b76e12b325f7c373c95ef319005,oodneg,oodneg:youtube,0,0,1,c4e2df9e5ddb8856e5c7598f056080bfccf2f3a5
oodneg_00034_youtube-840_jpg.rf.974a83a7c5aee7c16e83435b043c6d96.jpg,oodneg_00034_youtube-840_jpg.rf.974a83a7c5aee7c16e83435b043c6d96,oodneg,oodneg:youtube,0,0,1,3cf90018c9f3fd5d4f4fff4ba4128cc8b15c0eb5
oodneg_00035_-1670-_png_jpg.rf.3cb172ea2c4165c19ae2dd498b38f929.jpg,oodneg_00035_-1670-_png_jpg.rf.3cb172ea2c4165c19ae2dd498b38f929,oodneg,oodneg:1670-_png,0,0,1,efa71dc5319489b0fc8258da2885fd5c31551e83
oodneg_00036_-1670-_png_jpg.rf.b42b26d784545ce1a033679674a4f3e5.jpg,oodneg_00036_-1670-_png_jpg.rf.b42b26d784545ce1a033679674a4f3e5,oodneg,oodneg:1670-_png,0,0,1,fd620addc427f01a6dc7d702f47ee33915cb580c
oodneg_00037_-1680-_png_jpg.rf.19e88a5022427045071da3f267825d67.jpg,oodneg_00037_-1680-_png_jpg.rf.19e88a5022427045071da3f267825d67,oodneg,oodneg:1680-_png,0,0,1,7cd42e95aebec21f45abbf85ce5e037d27cb41b8
oodneg_00038_-1680-_png_jpg.rf.aac88b5b6fa0becf6442572810f8cf76.jpg,oodneg_00038_-1680-_png_jpg.rf.aac88b5b6fa0becf6442572810f8cf76,oodneg,oodneg:1680-_png,0,0,1,57060cc7955881c7d0abb5b404072a8228376e6f
oodneg_00039_-1680-_png_jpg.rf.fc3fb462afe2de723f6bc348720198f5.jpg,oodneg_00039_-1680-_png_jpg.rf.fc3fb462afe2de723f6bc348720198f5,oodneg,oodneg:1680-_png,0,0,1,353fcc7aa5fb92eca656b11735da9dcb911dde96
oodneg_00040_-1975-_png_jpg.rf.b5622016579bca7e2e993de3470405e0.jpg,oodneg_00040_-1975-_png_jpg.rf.b5622016579bca7e2e993de3470405e0,oodneg,oodneg:1975-_png,0,0,1,1d9a140d7fdc63cfa63a3f53f38a88be538cf9f2
oodneg_00041_-1975-_png_jpg.rf.c2be4021c4d6452f7941be256160f957.jpg,oodneg_00041_-1975-_png_jpg.rf.c2be4021c4d6452f7941be256160f957,oodneg,oodneg:1975-_png,0,0,1,1d9a0d4e627e8d800505b79e765ae0b76f2df770
oodneg_00042_-1975-_png_jpg.rf.cd700127b5005f75f2eaff2705c1cbb6.jpg,oodneg_00042_-1975-_png_jpg.rf.cd700127b5005f75f2eaff2705c1cbb6,oodneg,oodneg:1975-_png,0,0,1,62b3ad2ed04b009ba3732015363b275359cf35b8
oodneg_00043_-2252-_png_jpg.rf.5d2ba68a39912deb9e4383661418224f.jpg,oodneg_00043_-2252-_png_jpg.rf.5d2ba68a39912deb9e4383661418224f,oodneg,oodneg:2252-_png,0,0,1,8cb87dd5f063eda1bdb03497e0a0ee54464321a3
oodneg_00044_-2252-_png_jpg.rf.959ef543a1a8383d7ea395bec26b1030.jpg,oodneg_00044_-2252-_png_jpg.rf.959ef543a1a8383d7ea395bec26b1030,oodneg,oodneg:2252-_png,0,0,1,63d9f50ce25cdc3f22cc797b6d5633f2e95349dd
oodneg_00045_-2252-_png_jpg.rf.e294c55ec43d0a8f1eb80b7a52de697f.jpg,oodneg_00045_-2252-_png_jpg.rf.e294c55ec43d0a8f1eb80b7a52de697f,oodneg,oodneg:2252-_png,0,0,1,95c1aaf84bc04de9051bf6fe8be23f16c858b090
oodneg_00046_-2252-_png_jpg.rf.f1af5d3457c140c4af5f63f7ac6f79f4.jpg,oodneg_00046_-2252-_png_jpg.rf.f1af5d3457c140c4af5f63f7ac6f79f4,oodneg,oodneg:2252-_png,0,0,1,80b306884709be56ab0fed56648fb4c5d086cecf
oodneg_00047_-2270-_png_jpg.rf.4b73cc556e91bc8c587c923e348717f9.jpg,oodneg_00047_-2270-_png_jpg.rf.4b73cc556e91bc8c587c923e348717f9,oodneg,oodneg:2270-_png,0,0,1,ba675688790faa7d913135cdb072af5f2b950cdc
oodneg_00048_-2270-_png_jpg.rf.5bbc03681c0dfcdd978be9723da2cee2.jpg,oodneg_00048_-2270-_png_jpg.rf.5bbc03681c0dfcdd978be9723da2cee2,oodneg,oodneg:2270-_png,0,0,1,a7e80037fcce954067ddec27463543b4b0bf8850
oodneg_00049_-2270-_png_jpg.rf.6455ef559e463c1fca6b0d6d69da3ffb.jpg,oodneg_00049_-2270-_png_jpg.rf.6455ef559e463c1fca6b0d6d69da3ffb,oodneg,oodneg:2270-_png,0,0,1,06000951546b8e0dbe5e4dc47ffa8bba57fdd85d
oodneg_00050_-2270-_png_jpg.rf.fb11c18eea1ddb410b1b561de012a9f9.jpg,oodneg_00050_-2270-_png_jpg.rf.fb11c18eea1ddb410b1b561de012a9f9,oodneg,oodneg:2270-_png,0,0,1,d5e554d2712e2335ec06c226b335b29c20c89fe4
oodneg_00051_-2297-_png_jpg.rf.1d5b556861b3c2f1b54baa569a52cb1c.jpg,oodneg_00051_-2297-_png_jpg.rf.1d5b556861b3c2f1b54baa569a52cb1c,oodneg,oodneg:2297-_png,0,0,1,71a40ba21feba024c62e15b95958e71288227e02
oodneg_00052_-2297-_png_jpg.rf.202d3429d297ae78245d5fce0f84a81b.jpg,oodneg_00052_-2297-_png_jpg.rf.202d3429d297ae78245d5fce0f84a81b,oodneg,oodneg:2297-_png,0,0,1,9c2596f1f5cd36de1a93f8b94db24c83df259516
oodneg_00053_-2297-_png_jpg.rf.9fff3740d864fbec9cda50d783ad805e.jpg,oodneg_00053_-2297-_png_jpg.rf.9fff3740d864fbec9cda50d783ad805e,oodneg,oodneg:2297-_png,0,0,1,69c8be5cf0a22d0f0be9175c597b309a57411248
oodneg_00054_-2297-_png_jpg.rf.c11b54951365d9db2ce38e43da5a2482.jpg,oodneg_00054_-2297-_png_jpg.rf.c11b54951365d9db2ce38e43da5a2482,oodneg,oodneg:2297-_png,0,0,1,5ee97ef516753297e5a69a7faa1b07d72dd71686
oodneg_00055_-2297-_png_jpg.rf.feeef4f36bc6dfc96b77a1f7f686fb6c.jpg,oodneg_00055_-2297-_png_jpg.rf.feeef4f36bc6dfc96b77a1f7f686fb6c,oodneg,oodneg:2297-_png,0,0,1,7810ce926ed609771e9066b5adb25db73cdc5a04
oodneg_00056_-2406-_png_jpg.rf.58e52da2e6d3e816d59d716f3a2a1ae2.jpg,oodneg_00056_-2406-_png_jpg.rf.58e52da2e6d3e816d59d716f3a2a1ae2,oodneg,oodneg:2406-_png,0,0,1,28b868ea51a6c7cb3cb68d59fe0f5510e5aea6de
oodneg_00057_-2544-_png_jpg.rf.13bfe27776b4d713faf93d42421ae13f.jpg,oodneg_00057_-2544-_png_jpg.rf.13bfe27776b4d713faf93d42421ae13f,oodneg,oodneg:2544-_png,0,0,1,3a7623bc143f178865a4810ff2ed86465ec96c1e
oodneg_00058_-2544-_png_jpg.rf.185d1d1c0cb4027d76f7e31cd409022e.jpg,oodneg_00058_-2544-_png_jpg.rf.185d1d1c0cb4027d76f7e31cd409022e,oodneg,oodneg:2544-_png,0,0,1,7ba63795b98438aeae67ed3bde7ee4a4d82a9a74
oodneg_00059_-2544-_png_jpg.rf.cbcb183dbec853ee769df1327119472b.jpg,oodneg_00059_-2544-_png_jpg.rf.cbcb183dbec853ee769df1327119472b,oodneg,oodneg:2544-_png,0,0,1,048c7adabc8525516fb6b29eef973b3b74249e74
oodneg_00060_-2544-_png_jpg.rf.dcf58552354021e725e2535105969f5a.jpg,oodneg_00060_-2544-_png_jpg.rf.dcf58552354021e725e2535105969f5a,oodneg,oodneg:2544-_png,0,0,1,3bde0341040de74701d86185cf4836964aadd0a5
oodneg_00061_-3394-_png_jpg.rf.61441b8707107e91850cd9f576dd0ce8.jpg,oodneg_00061_-3394-_png_jpg.rf.61441b8707107e91850cd9f576dd0ce8,oodneg,oodneg:3394-_png,0,0,1,2ea83822b9d1cc6e661491951c7fa40ea038af70
oodneg_00062_-3394-_png_jpg.rf.a0f81aeb67bec81f0a77c518490205bc.jpg,oodneg_00062_-3394-_png_jpg.rf.a0f81aeb67bec81f0a77c518490205bc,oodneg,oodneg:3394-_png,0,0,1,0a8fa271f04b0ef90f8aef2f014791993540b31f
oodneg_00063_-I1-MS09uaqsLdGTFkgnS0Rcg1mmPyAj95ySg_eckoM_jpeg_jpg.rf.10828c2a406f3e985c87926751704f49.jpg,oodneg_00063_-I1-MS09uaqsLdGTFkgnS0Rcg1mmPyAj95ySg_eckoM_jpeg_jpg.rf.10828c2a406f3e985c87926751704f49,oodneg,oodneg:I1-MS09uaqsLdGTFkgnS0Rcg1mmPyAj95ySg_eckoM_jpeg,0,0,1,00c3251347b110886b66b845e7735930536ee667
oodneg_00064_-I1-MS09uaqsLdGTFkgnS0Rcg1mmPyAj95ySg_eckoM_jpeg_jpg.rf.8691072d7687a7a3251efdf544326795.jpg,oodneg_00064_-I1-MS09uaqsLdGTFkgnS0Rcg1mmPyAj95ySg_eckoM_jpeg_jpg.rf.8691072d7687a7a3251efdf544326795,oodneg,oodneg:I1-MS09uaqsLdGTFkgnS0Rcg1mmPyAj95ySg_eckoM_jpeg,0,0,1,ac17b2af9130ac22a57c10ee52b1a1d08bfc468e
oodneg_00065_-I1-MS09uaqsLdGTFkgnS0Rcg1mmPyAj95ySg_eckoM_jpeg_jpg.rf.ebf4adda36378f39ccb4a751d9c18183.jpg,oodneg_00065_-I1-MS09uaqsLdGTFkgnS0Rcg1mmPyAj95ySg_eckoM_jpeg_jpg.rf.ebf4adda36378f39ccb4a751d9c18183,oodneg,oodneg:I1-MS09uaqsLdGTFkgnS0Rcg1mmPyAj95ySg_eckoM_jpeg,0,0,1,19b63f669446769747a3b43ec5ea992caa052b13
oodneg_00066_-I1-MS09uaqsLdGTFkgnS0Rcg1mmPyAj95ySg_eckoM_jpeg_jpg.rf.fb09ca92aa0016318337101cb73199ae.jpg,oodneg_00066_-I1-MS09uaqsLdGTFkgnS0Rcg1mmPyAj95ySg_eckoM_jpeg_jpg.rf.fb09ca92aa0016318337101cb73199ae,oodneg,oodneg:I1-MS09uaqsLdGTFkgnS0Rcg1mmPyAj95ySg_eckoM_jpeg,0,0,1,47c1128206bff0f7344fb5fb1c7d54db38c0abc9
oodneg_00067_000415_jpg.rf.6e1ef08de110baace091eb9f5b5867a2.jpg,oodneg_00067_000415_jpg.rf.6e1ef08de110baace091eb9f5b5867a2,oodneg,oodneg:oodneg_00067,0,0,1,fbdae6fee7aef947d28a3a75d7edc738722576eb
oodneg_00068_000415_jpg.rf.8b898a9652182d324999f62f39119cfb.jpg,oodneg_00068_000415_jpg.rf.8b898a9652182d324999f62f39119cfb,oodneg,oodneg:oodneg_00068,0,0,1,d1c22fea0ffe76163980d09ff361e871ff531d1f
oodneg_00069_001425_jpg.rf.02937146b9b48ec81a3c3cf7f0d4d50e.jpg,oodneg_00069_001425_jpg.rf.02937146b9b48ec81a3c3cf7f0d4d50e,oodneg,oodneg:oodneg_00069,0,0,1,2171c48b4ef26ef307a4274975ff9be4e898e5b0
oodneg_00070_001425_jpg.rf.85bc2e1d337adb66e78e393c2aecff1c.jpg,oodneg_00070_001425_jpg.rf.85bc2e1d337adb66e78e393c2aecff1c,oodneg,oodneg:oodneg_00070,0,0,1,0da9e1fc23ff0d38a75408c5535ae70d523c8458
oodneg_00071_001425_jpg.rf.8d9766a13f37413d9a9b509766897167.jpg,oodneg_00071_001425_jpg.rf.8d9766a13f37413d9a9b509766897167,oodneg,oodneg:oodneg_00071,0,0,1,977e1de6a4c4670ca496214e29dbb2d77d2eaab9
oodneg_00072_001425_jpg.rf.970cbc9921e627d49bab629e2bc7dd6c.jpg,oodneg_00072_001425_jpg.rf.970cbc9921e627d49bab629e2bc7dd6c,oodneg,oodneg:oodneg_00072,0,0,1,4ac1cd6b7fdd9f26187098f605511ef192baca1b
oodneg_00073_001425_jpg.rf.ee12b5cd77b14d4b6edbec28be0b9b28.jpg,oodneg_00073_001425_jpg.rf.ee12b5cd77b14d4b6edbec28be0b9b28,oodneg,oodneg:oodneg_00073,0,0,1,4a8e1e2d17e520f1916509e1c6695bda57a242ca
oodneg_00074_002458_jpg.rf.1b4000f1327c1a3d54d98bceebcde622.jpg,oodneg_00074_002458_jpg.rf.1b4000f1327c1a3d54d98bceebcde622,oodneg,oodneg:oodneg_00074,0,0,1,c3d03b6449a07af4c6fdef172ec029ce08dd6f35
oodneg_00075_002458_jpg.rf.2a5e959314f62660e27f9ab53cf21952.jpg,oodneg_00075_002458_jpg.rf.2a5e959314f62660e27f9ab53cf21952,oodneg,oodneg:oodneg_00075,0,0,1,9e1571cf92060c748645e091a3dfbeae2018fe01
oodneg_00076_002458_jpg.rf.2d87971bcbefb5465fabce9ab5ec5967.jpg,oodneg_00076_002458_jpg.rf.2d87971bcbefb5465fabce9ab5ec5967,oodneg,oodneg:oodneg_00076,0,0,1,7c9c18836257c403e8235a09e18de06512168b53
oodneg_00077_002458_jpg.rf.5920dd0b127455ba3892de5ce09611e2.jpg,oodneg_00077_002458_jpg.rf.5920dd0b127455ba3892de5ce09611e2,oodneg,oodneg:oodneg_00077,0,0,1,ad44edac634857bdd7cb9acc3b7f5d40f1f47ad8
oodneg_00078_002458_jpg.rf.dca744088199d83f8e9236beda1f336b.jpg,oodneg_00078_002458_jpg.rf.dca744088199d83f8e9236beda1f336b,oodneg,oodneg:oodneg_00078,0,0,1,3f87aa508ccf35ddf931f466c547e392fda0ee0e
oodneg_00079_002654_jpg.rf.91da067adc57784316a2dc4685f239e0.jpg,oodneg_00079_002654_jpg.rf.91da067adc57784316a2dc4685f239e0,oodneg,oodneg:oodneg_00079,0,0,1,fe9e95be054f4ade1ef78627067021151b8c0981
oodneg_00080_002654_jpg.rf.f10456662b75b3d34e02a4db9cdf36a2.jpg,oodneg_00080_002654_jpg.rf.f10456662b75b3d34e02a4db9cdf36a2,oodneg,oodneg:oodneg_00080,0,0,1,346453e520916aab705061256f94d6c416afe7e1
oodneg_00081_002654_jpg.rf.ff1deb021121bfef83e8a9152093596e.jpg,oodneg_00081_002654_jpg.rf.ff1deb021121bfef83e8a9152093596e,oodneg,oodneg:oodneg_00081,0,0,1,37c1ca65d8907399f5d1cd62d81c76e73082ed82
oodneg_00082_002682_jpg.rf.29171c747ef34470238dd52b997917d8.jpg,oodneg_00082_002682_jpg.rf.29171c747ef34470238dd52b997917d8,oodneg,oodneg:oodneg_00082,0,0,1,1e397270b3b0e2a0e75e4ebb09f4b5932a35e4d7
oodneg_00083_002682_jpg.rf.32c372b1f8fe5c33729441cfa170fac6.jpg,oodneg_00083_002682_jpg.rf.32c372b1f8fe5c33729441cfa170fac6,oodneg,oodneg:oodneg_00083,0,0,1,11cbe39ebda3a488cf042d83b018825c57b1c3c8
oodneg_00084_002682_jpg.rf.b5f6e4d4f429c574db5367b57dad17ff.jpg,oodneg_00084_002682_jpg.rf.b5f6e4d4f429c574db5367b57dad17ff,oodneg,oodneg:oodneg_00084,0,0,1,f735bec899b55ee85578b7c21ab7844130fca7e8
oodneg_00085_003184_jpg.rf.028bc555473f5424473dac253d2e6de4.jpg,oodneg_00085_003184_jpg.rf.028bc555473f5424473dac253d2e6de4,oodneg,oodneg:oodneg_00085,0,0,1,6cda435cebb8bbe3528e4517ec84db89b094faa4
oodneg_00086_003184_jpg.rf.ddcabf097616516ad576f90948a0ac0f.jpg,oodneg_00086_003184_jpg.rf.ddcabf097616516ad576f90948a0ac0f,oodneg,oodneg:oodneg_00086,0,0,1,7f0faac60eb0b5236aa4b9e0ef439053f5eec916
oodneg_00087_003184_jpg.rf.ff0c89d68480e029f33402d458c7531c.jpg,oodneg_00087_003184_jpg.rf.ff0c89d68480e029f33402d458c7531c,oodneg,oodneg:oodneg_00087,0,0,1,03f49cad1e3dc40f3fcba85f46db247da531afbc
oodneg_00088_004720_jpg.rf.0dcf5ce7437210bdf3d5e2f1bab5f21e.jpg,oodneg_00088_004720_jpg.rf.0dcf5ce7437210bdf3d5e2f1bab5f21e,oodneg,oodneg:oodneg_00088,0,0,1,dc8c2adb8d1809fab0f6b67a3d7ae8d48d300a8c
oodneg_00089_004720_jpg.rf.2c90819deb7a595e4201b6be21fe29ec.jpg,oodneg_00089_004720_jpg.rf.2c90819deb7a595e4201b6be21fe29ec,oodneg,oodneg:oodneg_00089,0,0,1,6f99a676ac203c4f82fc69882e04a29c6d2f4fea
oodneg_00090_004720_jpg.rf.38351f09d6df1004a9d6fccb2f1cdf5c.jpg,oodneg_00090_004720_jpg.rf.38351f09d6df1004a9d6fccb2f1cdf5c,oodneg,oodneg:oodneg_00090,0,0,1,74df481c214c181165425674ef8dc028f02d269b
oodneg_00091_004720_jpg.rf.44b8db920085c7034b6b0637fa85fe11.jpg,oodneg_00091_004720_jpg.rf.44b8db920085c7034b6b0637fa85fe11,oodneg,oodneg:oodneg_00091,0,0,1,4493cba6c7c5747b6f914c8829aa0b87bc3c3b7c
oodneg_00092_004720_jpg.rf.afc486560a4004c7cfd67910af31a29c.jpg,oodneg_00092_004720_jpg.rf.afc486560a4004c7cfd67910af31a29c,oodneg,oodneg:oodneg_00092,0,0,1,2b90eadc01c3ae71a56e81ff7c2500f2e180aba8
oodneg_00093_005100_jpg.rf.11d7bd86fe6608dc8ca416382c74d469.jpg,oodneg_00093_005100_jpg.rf.11d7bd86fe6608dc8ca416382c74d469,oodneg,oodneg:oodneg_00093,0,0,1,dc357f81d33a07f348eaff85b27304674cbd60ac
oodneg_00094_005100_jpg.rf.2994d16a99c03162e7b756fa13fdd3c5.jpg,oodneg_00094_005100_jpg.rf.2994d16a99c03162e7b756fa13fdd3c5,oodneg,oodneg:oodneg_00094,0,0,1,03bfbe2ce31cdb9f3cbf97a5aa97255d666ce48e
oodneg_00095_005100_jpg.rf.8f58de6f4be40f7e676c1e35773b2056.jpg,oodneg_00095_005100_jpg.rf.8f58de6f4be40f7e676c1e35773b2056,oodneg,oodneg:oodneg_00095,0,0,1,1578887f15cab325468eb14e94b67ef4b164ec65
oodneg_00096_005100_jpg.rf.94a94bc12f13609d6c57cbd13100dd8e.jpg,oodneg_00096_005100_jpg.rf.94a94bc12f13609d6c57cbd13100dd8e,oodneg,oodneg:oodneg_00096,0,0,1,9ea41e0fee17afcae32e3db5f89331c6bd7c2ece
oodneg_00097_005139_jpg.rf.264f7aac166fc2d8628473d964339aa2.jpg,oodneg_00097_005139_jpg.rf.264f7aac166fc2d8628473d964339aa2,oodneg,oodneg:oodneg_00097,0,0,1,ad9e1b4a89efed378f54da229b3c21d1c8014047
oodneg_00098_005139_jpg.rf.b51d392a15c3ca4943cfe750427ceb97.jpg,oodneg_00098_005139_jpg.rf.b51d392a15c3ca4943cfe750427ceb97,oodneg,oodneg:oodneg_00098,0,0,1,c25f5f3bef5c076af783e7ce32a2806b2ed02fe9
oodneg_00099_005139_jpg.rf.df5b20b4373e6e301b010eda32f8ea3f.jpg,oodneg_00099_005139_jpg.rf.df5b20b4373e6e301b010eda32f8ea3f,oodneg,oodneg:oodneg_00099,0,0,1,c3310b8664e66da31bd97c44f8bb52be9de08e29
oodneg_00100_005139_jpg.rf.e8403525bf33f19710d4adb5344256a9.jpg,oodneg_00100_005139_jpg.rf.e8403525bf33f19710d4adb5344256a9,oodneg,oodneg:oodneg_00100,0,0,1,df829bd2787a8fae7079e2e4ee98ce0c8ab5fa81
oodneg_00101_005180_jpg.rf.07de45ecea6050e4afec7f8a3632ea11.jpg,oodneg_00101_005180_jpg.rf.07de45ecea6050e4afec7f8a3632ea11,oodneg,oodneg:oodneg_00101,0,0,1,36ecc225f5d233b16c97bfa23fbef5d807fe4d02
oodneg_00102_005180_jpg.rf.07f95f7d40be1642632bca5a25661ec5.jpg,oodneg_00102_005180_jpg.rf.07f95f7d40be1642632bca5a25661ec5,oodneg,oodneg:oodneg_00102,0,0,1,84abe09ab142bea7352d0557c0e94ef2e11d41d1
oodneg_00103_005180_jpg.rf.3c83b15d5bed446651582525866783fa.jpg,oodneg_00103_005180_jpg.rf.3c83b15d5bed446651582525866783fa,oodneg,oodneg:oodneg_00103,0,0,1,820d19ea0277c827e2d71321db6744749b94c684
oodneg_00104_005180_jpg.rf.765ddd4046b2ce2755fde8140f5009f1.jpg,oodneg_00104_005180_jpg.rf.765ddd4046b2ce2755fde8140f5009f1,oodneg,oodneg:oodneg_00104,0,0,1,d8aec1cc489103c71e1ad2777156ca746fa58114
oodneg_00105_005180_jpg.rf.77e5bbc190a7bde710749bae284e6fff.jpg,oodneg_00105_005180_jpg.rf.77e5bbc190a7bde710749bae284e6fff,oodneg,oodneg:oodneg_00105,0,0,1,ab42ef0e170d70370efcddc45e89cca553b39000
oodneg_00106_005239_jpg.rf.20727bffc9c5afe39c9bfdddf3a4f222.jpg,oodneg_00106_005239_jpg.rf.20727bffc9c5afe39c9bfdddf3a4f222,oodneg,oodneg:oodneg_00106,0,0,1,783de80817fd6a9c2ec70d07519afe3ae1ccac97
oodneg_00107_005239_jpg.rf.aa730ea2e24bd8c190a67478c76d14ca.jpg,oodneg_00107_005239_jpg.rf.aa730ea2e24bd8c190a67478c76d14ca,oodneg,oodneg:oodneg_00107,0,0,1,7c41ae7dd62195085c6aa305665450151a3f0501
oodneg_00108_005310_jpg.rf.31b8beb7dd8e338e4818d2e1a648656f.jpg,oodneg_00108_005310_jpg.rf.31b8beb7dd8e338e4818d2e1a648656f,oodneg,oodneg:oodneg_00108,0,0,1,c2f8e2ee7e461260f67f8309b12056f2df849a60
oodneg_00109_005310_jpg.rf.3fadf8fa69fb354db06bed4e42142276.jpg,oodneg_00109_005310_jpg.rf.3fadf8fa69fb354db06bed4e42142276,oodneg,oodneg:oodneg_00109,0,0,1,705031b1552ac2d78ef79f542fc6e2e99d18f696
oodneg_00110_005310_jpg.rf.462b38e32ee1aed612c4ed119dc9a06e.jpg,oodneg_00110_005310_jpg.rf.462b38e32ee1aed612c4ed119dc9a06e,oodneg,oodneg:oodneg_00110,0,0,1,27ea36a1cf7b8cbace9f1ca15e974693996fa843
oodneg_00111_005310_jpg.rf.5b524ed76d3e591d22c323212f22943f.jpg,oodneg_00111_005310_jpg.rf.5b524ed76d3e591d22c323212f22943f,oodneg,oodneg:oodneg_00111,0,0,1,69c7cfda30a6f572de17a1722235df603be1bd00
oodneg_00112_005310_jpg.rf.83e6f0a246ede1e981765bf75cb7b067.jpg,oodneg_00112_005310_jpg.rf.83e6f0a246ede1e981765bf75cb7b067,oodneg,oodneg:oodneg_00112,0,0,1,1b2ed424583620d4b84471bcc4885dd4f2a90c8a
oodneg_00113_005376_jpg.rf.0c1077624516cc048e465b4a675ce5e2.jpg,oodneg_00113_005376_jpg.rf.0c1077624516cc048e465b4a675ce5e2,oodneg,oodneg:oodneg_00113,0,0,1,5c518461bf90b3b9764e49528f70280864b18a55
oodneg_00114_005376_jpg.rf.2a20e5687918f570b05628736b28e9b4.jpg,oodneg_00114_005376_jpg.rf.2a20e5687918f570b05628736b28e9b4,oodneg,oodneg:oodneg_00114,0,0,1,7c3afeb24dca06a2b7bf45ff01725b257945c551
oodneg_00115_005376_jpg.rf.b5f5bae65dbd647030aa3a08c16f17f0.jpg,oodneg_00115_005376_jpg.rf.b5f5bae65dbd647030aa3a08c16f17f0,oodneg,oodneg:oodneg_00115,0,0,1,b9ab3eeff22507940347390e8ebd3c0d98bd2f36
oodneg_00116_005376_jpg.rf.de5b78706607737619faa1ba9ad6cd2e.jpg,oodneg_00116_005376_jpg.rf.de5b78706607737619faa1ba9ad6cd2e,oodneg,oodneg:oodneg_00116,0,0,1,c88bd122f59e9cf5ab527e00b6d1441cc414d10d
oodneg_00117_005376_jpg.rf.f9d2282335b826a6baedffbb64cde582.jpg,oodneg_00117_005376_jpg.rf.f9d2282335b826a6baedffbb64cde582,oodneg,oodneg:oodneg_00117,0,0,1,ffc2151c50e9bfb20bdca2abc02b94163fc2cf1e
oodneg_00118_005577_jpg.rf.28a70bd7ad7c4a004b19903de1eafc9e.jpg,oodneg_00118_005577_jpg.rf.28a70bd7ad7c4a004b19903de1eafc9e,oodneg,oodneg:oodneg_00118,0,0,1,ac88af26d6bcf8a6c0d254cb9664560ed3f36081
oodneg_00119_005577_jpg.rf.566862c761348eb4f58647d4d420213b.jpg,oodneg_00119_005577_jpg.rf.566862c761348eb4f58647d4d420213b,oodneg,oodneg:oodneg_00119,0,0,1,1eb3e9e1e2f4f213d1713d679176e895bd622b5f
oodneg_00120_005577_jpg.rf.6e948a65b0aa8a6128bec802e1131620.jpg,oodneg_00120_005577_jpg.rf.6e948a65b0aa8a6128bec802e1131620,oodneg,oodneg:oodneg_00120,0,0,1,5613447e7ffbdf96e9487f639645c8e78caa60a7
oodneg_00121_005577_jpg.rf.f153278ef72ca14b0fee9d9c16331fa2.jpg,oodneg_00121_005577_jpg.rf.f153278ef72ca14b0fee9d9c16331fa2,oodneg,oodneg:oodneg_00121,0,0,1,bdc9187112cdcbf48c34d615db3cf710e57aaefb
oodneg_00122_005577_jpg.rf.fef11b597712c48f52d5887ff414097d.jpg,oodneg_00122_005577_jpg.rf.fef11b597712c48f52d5887ff414097d,oodneg,oodneg:oodneg_00122,0,0,1,a2e79e4423a1f276e767db3812847220c013a34a
oodneg_00123_005773_jpg.rf.7918c8b086473cb1e6fcae60d5ad24e0.jpg,oodneg_00123_005773_jpg.rf.7918c8b086473cb1e6fcae60d5ad24e0,oodneg,oodneg:oodneg_00123,0,0,1,d09814758e129ce8624716a26ac5cc4c45be7ee8
oodneg_00124_005773_jpg.rf.8d8eb7d11388f2283ec465d523c98a6a.jpg,oodneg_00124_005773_jpg.rf.8d8eb7d11388f2283ec465d523c98a6a,oodneg,oodneg:oodneg_00124,0,0,1,f195e6da5ad44906b692f19cf8650b0be10b0af2
oodneg_00125_006012_jpg.rf.140391c68102321f02973bd473f607da.jpg,oodneg_00125_006012_jpg.rf.140391c68102321f02973bd473f607da,oodneg,oodneg:oodneg_00125,0,0,1,4b5cfce4c2e28de525416fddf3fcd3a10f7f3ba1
oodneg_00126_006012_jpg.rf.57e2757e014f88ed990284daa18faed6.jpg,oodneg_00126_006012_jpg.rf.57e2757e014f88ed990284daa18faed6,oodneg,oodneg:oodneg_00126,0,0,1,7ca80bb60fd770ce661f675cc23ad7d00e9a39c3
oodneg_00127_006012_jpg.rf.eb12c4a250f91e1f6efb9781b2c78604.jpg,oodneg_00127_006012_jpg.rf.eb12c4a250f91e1f6efb9781b2c78604,oodneg,oodneg:oodneg_00127,0,0,1,55b15b614d45708f04cc814171a9e9333c387d07
oodneg_00128_006118_jpg.rf.3a398e4f8ef5bf8cd84c4fc4a6f36ac6.jpg,oodneg_00128_006118_jpg.rf.3a398e4f8ef5bf8cd84c4fc4a6f36ac6,oodneg,oodneg:oodneg_00128,0,0,1,0b01be28bdef2669ada13ef649eb3f5a8b307f3c
oodneg_00129_006118_jpg.rf.52041b1d83e4a812028b6ead912c00e5.jpg,oodneg_00129_006118_jpg.rf.52041b1d83e4a812028b6ead912c00e5,oodneg,oodneg:oodneg_00129,0,0,1,54b631781f633d53123c3bed91dc941c45d4fc69
oodneg_00130_006118_jpg.rf.68e3bf2321bb87ec786d9fd5d60cb2a5.jpg,oodneg_00130_006118_jpg.rf.68e3bf2321bb87ec786d9fd5d60cb2a5,oodneg,oodneg:oodneg_00130,0,0,1,e9e439f002977ce1ef1b9ddeb8abc38cb7f276b2
oodneg_00131_006118_jpg.rf.f747f08bf972bd350b70c282e547a71c.jpg,oodneg_00131_006118_jpg.rf.f747f08bf972bd350b70c282e547a71c,oodneg,oodneg:oodneg_00131,0,0,1,f07a7e919c761513a83f67dd80e4fcf4662f30e5
oodneg_00132_006858_jpg.rf.ac43228cb397ef00766c39531a03e4d5.jpg,oodneg_00132_006858_jpg.rf.ac43228cb397ef00766c39531a03e4d5,oodneg,oodneg:oodneg_00132,0,0,1,f6fa189b204d7607bb1e8a32bc7a9c6e1993e464
oodneg_00133_006858_jpg.rf.fac7da50abd77496b63cb83cca271507.jpg,oodneg_00133_006858_jpg.rf.fac7da50abd77496b63cb83cca271507,oodneg,oodneg:oodneg_00133,0,0,1,4b145ee5ca7f9d6d760625cf7d63217b4ded18db
oodneg_00134_01094_jpg.rf.15d2452cfbd2f25016ddb1bb90f0e19a.jpg,oodneg_00134_01094_jpg.rf.15d2452cfbd2f25016ddb1bb90f0e19a,oodneg,oodneg:01094,0,0,1,6b61dfcda2d72a7c2db11194b56588f73d942587
oodneg_00135_01094_jpg.rf.a353aa741bea05e999eed430fbca7d6b.jpg,oodneg_00135_01094_jpg.rf.a353aa741bea05e999eed430fbca7d6b,oodneg,oodneg:01094,0,0,1,9b52f82f894cae720a5d8be97e0d7ccc0bfac85e
oodneg_00136_01094_jpg.rf.a95df02db342161eb0d886290b8f28b7.jpg,oodneg_00136_01094_jpg.rf.a95df02db342161eb0d886290b8f28b7,oodneg,oodneg:01094,0,0,1,a7cbe2980c5907d3868252234f12c80749b07520
oodneg_00137_01094_jpg.rf.ada3cfdaa41584a1f44bc13caea976fc.jpg,oodneg_00137_01094_jpg.rf.ada3cfdaa41584a1f44bc13caea976fc,oodneg,oodneg:01094,0,0,1,b9652b089ed7483bfe249454ecbb26a1ad8147b2
oodneg_00138_01235_jpg.rf.309f857849c1804ab1f2f1f168902f50.jpg,oodneg_00138_01235_jpg.rf.309f857849c1804ab1f2f1f168902f50,oodneg,oodneg:01235,0,0,1,f9c0f4aa8f89744064962d1ff32c93c39976033d
oodneg_00139_01235_jpg.rf.5602858e3d72530c62b1d2f4c3e15770.jpg,oodneg_00139_01235_jpg.rf.5602858e3d72530c62b1d2f4c3e15770,oodneg,oodneg:01235,0,0,1,6a8504e0e4e6f4df9d75c4a6f8776ec9560af526
oodneg_00140_01235_jpg.rf.a9a777b5a318084f48a13a5f125554f5.jpg,oodneg_00140_01235_jpg.rf.a9a777b5a318084f48a13a5f125554f5,oodneg,oodneg:01235,0,0,1,7e1ecb22f85497fd38e1c8a94aa6ac7274a35054
oodneg_00141_01261_jpg.rf.965dff8087002c174bf37951f02806a1.jpg,oodneg_00141_01261_jpg.rf.965dff8087002c174bf37951f02806a1,oodneg,oodneg:01261,0,0,1,3423666aa4b433ca6a5cf5d99e944bb81c39eab1
oodneg_00142_01261_jpg.rf.a2f9b65be201cebad78a1c25a855b0f2.jpg,oodneg_00142_01261_jpg.rf.a2f9b65be201cebad78a1c25a855b0f2,oodneg,oodneg:01261,0,0,1,c4ffa75122bab95ff3cba9bce21c71e8eb4ee9dd
oodneg_00143_01261_jpg.rf.e4057437ee374e03ad9d0faeccbdcc72.jpg,oodneg_00143_01261_jpg.rf.e4057437ee374e03ad9d0faeccbdcc72,oodneg,oodneg:01261,0,0,1,b83c2d7d1baed0b909d1d92593d9f508949d89bb
oodneg_00144_01261_jpg.rf.ed956fe33a91f0a8537ffcbda6e8b3ab.jpg,oodneg_00144_01261_jpg.rf.ed956fe33a91f0a8537ffcbda6e8b3ab,oodneg,oodneg:01261,0,0,1,6c5a69fa1650554bfcd48c830c941c690b3f40c5
oodneg_00145_01261_jpg.rf.ee044d42291843f1358960c4d8c1d466.jpg,oodneg_00145_01261_jpg.rf.ee044d42291843f1358960c4d8c1d466,oodneg,oodneg:01261,0,0,1,81dc4033d5c4a6462558ed1df1a10a1e040cfdd0
oodneg_00146_01437_jpg.rf.7839171efbe212f40b2c6ce1f3c8819b.jpg,oodneg_00146_01437_jpg.rf.7839171efbe212f40b2c6ce1f3c8819b,oodneg,oodneg:01437,0,0,1,fbedf5143db7ee2b44dcab94354599a2c684b352
oodneg_00147_01437_jpg.rf.dd545905fd49027442d36f029745a7c3.jpg,oodneg_00147_01437_jpg.rf.dd545905fd49027442d36f029745a7c3,oodneg,oodneg:01437,0,0,1,e1884dd6ac9b612cbefef83c64b479ae530b0016
oodneg_00148_01437_jpg.rf.ee92d3e0667ed377273097b6ddec65f6.jpg,oodneg_00148_01437_jpg.rf.ee92d3e0667ed377273097b6ddec65f6,oodneg,oodneg:01437,0,0,1,fda32640614144548fdfed41d711f7f3e004dd6a
oodneg_00149_01437_jpg.rf.f026cf7ba5513aa3755d04963571a8cc.jpg,oodneg_00149_01437_jpg.rf.f026cf7ba5513aa3755d04963571a8cc,oodneg,oodneg:01437,0,0,1,a6f3fc3cca4f358dc6533e4ea53ca1f03914152a
oodneg_00150_01437_jpg.rf.f33846f08de75ae3d897f2902747c725.jpg,oodneg_00150_01437_jpg.rf.f33846f08de75ae3d897f2902747c725,oodneg,oodneg:01437,0,0,1,a5088bd7256ea5f1236fd1900118af0eaba45a4a
oodneg_00151_02629_jpg.rf.0521012466fb729b8c9cf3291d35077a.jpg,oodneg_00151_02629_jpg.rf.0521012466fb729b8c9cf3291d35077a,oodneg,oodneg:02629,0,0,1,0c1bc4d72b1d2e97c810a740a3cc2e33699cc513
oodneg_00152_02629_jpg.rf.1c71d128f3dca9b80504e5e7163508bc.jpg,oodneg_00152_02629_jpg.rf.1c71d128f3dca9b80504e5e7163508bc,oodneg,oodneg:02629,0,0,1,44cfae83fb6a90538260de1dfb0b1da695daa1be
oodneg_00153_02629_jpg.rf.b9355827a29589ddae4528281e89a885.jpg,oodneg_00153_02629_jpg.rf.b9355827a29589ddae4528281e89a885,oodneg,oodneg:02629,0,0,1,b2670aaf166201ebc4db03408feb56a5af8d937b
oodneg_00154_1288788-une-employee-aide-des-voyageurs-en-provenance-de-chine-le-26-janvier-2020-a-l-aeroport-de-roissy_jpg.rf.35ed51188a266a262a24924aa32463a0.jpg,oodneg_00154_1288788-une-employee-aide-des-voyageurs-en-provenance-de-chine-le-26-janvier-2020-a-l-aeroport-de-roissy_jpg.rf.35ed51188a266a262a24924aa32463a0,oodneg,oodneg:1288788-une-employee-aide-des-voyageurs-en-provenance-de-chine-le-26-janvier-2020-a-l-aeroport-de-roissy,0,0,1,270768da3aa63bd915a7325140ae698c30b9112b
oodneg_00155_1288788-une-employee-aide-des-voyageurs-en-provenance-de-chine-le-26-janvier-2020-a-l-aeroport-de-roissy_jpg.rf.93dd6595c9b6f435a03af2e09588744c.jpg,oodneg_00155_1288788-une-employee-aide-des-voyageurs-en-provenance-de-chine-le-26-janvier-2020-a-l-aeroport-de-roissy_jpg.rf.93dd6595c9b6f435a03af2e09588744c,oodneg,oodneg:1288788-une-employee-aide-des-voyageurs-en-provenance-de-chine-le-26-janvier-2020-a-l-aeroport-de-roissy,0,0,1,2c27ac92320d87bf97478e117b42b6f25f15ec08
oodneg_00156_1288788-une-employee-aide-des-voyageurs-en-provenance-de-chine-le-26-janvier-2020-a-l-aeroport-de-roissy_jpg.rf.c0a0407a94e7eeb441a235b51752d178.jpg,oodneg_00156_1288788-une-employee-aide-des-voyageurs-en-provenance-de-chine-le-26-janvier-2020-a-l-aeroport-de-roissy_jpg.rf.c0a0407a94e7eeb441a235b51752d178,oodneg,oodneg:1288788-une-employee-aide-des-voyageurs-en-provenance-de-chine-le-26-janvier-2020-a-l-aeroport-de-roissy,0,0,1,c42f907ad8fce1ddc8f7fad8ee01ceb276725fba
oodneg_00157_1288788-une-employee-aide-des-voyageurs-en-provenance-de-chine-le-26-janvier-2020-a-l-aeroport-de-roissy_jpg.rf.e65c339a3dc986701e765116332dba2d.jpg,oodneg_00157_1288788-une-employee-aide-des-voyageurs-en-provenance-de-chine-le-26-janvier-2020-a-l-aeroport-de-roissy_jpg.rf.e65c339a3dc986701e765116332dba2d,oodneg,oodneg:1288788-une-employee-aide-des-voyageurs-en-provenance-de-chine-le-26-janvier-2020-a-l-aeroport-de-roissy,0,0,1,5fbac3b38111193750c6c3e1d9865559a24751aa
oodneg_00158_129_jpg.rf.0cb07be3237753e24204a014ebee12a0.jpg,oodneg_00158_129_jpg.rf.0cb07be3237753e24204a014ebee12a0,oodneg,oodneg:129,0,0,1,586066a79f7cdd27bfea54067dcc38e6c6cc129f
oodneg_00159_129_jpg.rf.3ddb7831c49cc812f103617cf0da07fa.jpg,oodneg_00159_129_jpg.rf.3ddb7831c49cc812f103617cf0da07fa,oodneg,oodneg:129,0,0,1,eef1200591328062b18148b4388c8b08002de4d3
oodneg_00160_129_jpg.rf.a68b454b70b3db44e61475f360275f39.jpg,oodneg_00160_129_jpg.rf.a68b454b70b3db44e61475f360275f39,oodneg,oodneg:129,0,0,1,7fa0fe7f78fa76b311156dcdd89754af3d1d37eb
oodneg_00161_129_jpg.rf.ffd6c2f950c552a16727f9bf145f7454.jpg,oodneg_00161_129_jpg.rf.ffd6c2f950c552a16727f9bf145f7454,oodneg,oodneg:129,0,0,1,db4f6a0a2a9c62ed125c7cc8443996f14f5ebc7d
oodneg_00162_135e-huxwryw6451820_jpg.rf.16d8f0c3161dae2375522c763c40b1a0.jpg,oodneg_00162_135e-huxwryw6451820_jpg.rf.16d8f0c3161dae2375522c763c40b1a0,oodneg,oodneg:135e-huxwryw6451820,0,0,1,9c93a08819aca6f169f0f706f946c8c2e0318961
oodneg_00163_135e-huxwryw6451820_jpg.rf.934c0f8f070cf99570b4fe46256e9c0f.jpg,oodneg_00163_135e-huxwryw6451820_jpg.rf.934c0f8f070cf99570b4fe46256e9c0f,oodneg,oodneg:135e-huxwryw6451820,0,0,1,8af00c98f4decef1960ee7284e6033e1e098a04c
oodneg_00164_135e-huxwryw6451820_jpg.rf.c9c6258ad45ebf19f75149b6d5c69134.jpg,oodneg_00164_135e-huxwryw6451820_jpg.rf.c9c6258ad45ebf19f75149b6d5c69134,oodneg,oodneg:135e-huxwryw6451820,0,0,1,08338562f1dc7dfa8341886fc257f9479523160d
oodneg_00165_135e-huxwryw6451820_jpg.rf.ee9ca43c493a451ed87dcea9c7b3e0c6.jpg,oodneg_00165_135e-huxwryw6451820_jpg.rf.ee9ca43c493a451ed87dcea9c7b3e0c6,oodneg,oodneg:135e-huxwryw6451820,0,0,1,36b2ebae3cb4ffbf140e2ff3f4b3f25dcb958ff4
oodneg_00166_1582_jpg.rf.484ffee7236baefd3d1e4434f99589b5.jpg,oodneg_00166_1582_jpg.rf.484ffee7236baefd3d1e4434f99589b5,oodneg,oodneg:1582,0,0,1,765cac3c35daaeb06b9820035a83ed9ca00a4d51
oodneg_00167_1582_jpg.rf.6dc2f84282eecbb00c4c620ae1119d36.jpg,oodneg_00167_1582_jpg.rf.6dc2f84282eecbb00c4c620ae1119d36,oodneg,oodneg:1582,0,0,1,a293e3d93426a85ec5fc94c4f2183fd1f49f5c2e
oodneg_00168_1582_jpg.rf.80ca40b216072d7fbf6a8a2f4e84ed7f.jpg,oodneg_00168_1582_jpg.rf.80ca40b216072d7fbf6a8a2f4e84ed7f,oodneg,oodneg:1582,0,0,1,63ef7895f97703de99a4870675433cb8ef44f7bf
oodneg_00169_1582_jpg.rf.a067bc50920883d43cd5cab0a1966ad4.jpg,oodneg_00169_1582_jpg.rf.a067bc50920883d43cd5cab0a1966ad4,oodneg,oodneg:1582,0,0,1,b25ac60e630279181b9c29baea1961a7061e7c4c
oodneg_00170_165_jpg.rf.6f14e3bb36293644e2dc07082e4e19ee.jpg,oodneg_00170_165_jpg.rf.6f14e3bb36293644e2dc07082e4e19ee,oodneg,oodneg:165,0,0,1,18539dd761e49ba06746c5a6c6e118aaf6796d16
oodneg_00171_165_jpg.rf.8b803b2c10eb3a316412e867ee14eaf5.jpg,oodneg_00171_165_jpg.rf.8b803b2c10eb3a316412e867ee14eaf5,oodneg,oodneg:165,0,0,1,a29fd99596791fa9ffd2b09683a1cbc164c3094c
oodneg_00172_165_jpg.rf.8e28e2ec55d7ab727f8a5cd072024dd2.jpg,oodneg_00172_165_jpg.rf.8e28e2ec55d7ab727f8a5cd072024dd2,oodneg,oodneg:165,0,0,1,703375c566bdf4670f5ecf18f57b68731f3272ab
oodneg_00173_165_jpg.rf.b04fddf04e5b76ae6a68fa12f94390d0.jpg,oodneg_00173_165_jpg.rf.b04fddf04e5b76ae6a68fa12f94390d0,oodneg,oodneg:165,0,0,1,503d63be406db96825108f6c144bee6c9d0c6c8a
oodneg_00174_165_jpg.rf.c64f254d162c3ae612e21e5f8ab4962c.jpg,oodneg_00174_165_jpg.rf.c64f254d162c3ae612e21e5f8ab4962c,oodneg,oodneg:165,0,0,1,7897168857933407c4b32757d3ab3721697a5126
oodneg_00175_2008_008337_jpg.rf.be5dc6de298823538b429246aa5dfa42.jpg,oodneg_00175_2008_008337_jpg.rf.be5dc6de298823538b429246aa5dfa42,oodneg,oodneg:2008,0,0,1,e8ac43c5df8b315588c0f821b8d6dd8eb0dd8e62
oodneg_00176_2008_008337_jpg.rf.d9c52a1f5351aea9e22393c29ac2436c.jpg,oodneg_00176_2008_008337_jpg.rf.d9c52a1f5351aea9e22393c29ac2436c,oodneg,oodneg:2008,0,0,1,6b552df8fc4a6ef5ff7dc923b36ada711bd5d4f8
oodneg_00177_2008_008364_jpg.rf.0457e5579a2dcd24852278b5657b25b5.jpg,oodneg_00177_2008_008364_jpg.rf.0457e5579a2dcd24852278b5657b25b5,oodneg,oodneg:2008,0,0,1,a75401c5c4320e6998007d4142017d705ba49bfc
oodneg_00178_2008_008364_jpg.rf.6c09ae7ec7500b18c2f9175f7ae996c9.jpg,oodneg_00178_2008_008364_jpg.rf.6c09ae7ec7500b18c2f9175f7ae996c9,oodneg,oodneg:2008,0,0,1,1859b4798b3f9feeab6684c6332381f4a41d19db
oodneg_00179_2008_008364_jpg.rf.7e993c289a92cc10642f3c86fd49615e.jpg,oodneg_00179_2008_008364_jpg.rf.7e993c289a92cc10642f3c86fd49615e,oodneg,oodneg:2008,0,0,1,2db4128bae483104432fdb7c9bdc0ca39094935f
oodneg_00180_2008_008382_jpg.rf.17d1f80e4513c2e3b16de5fbc649828d.jpg,oodneg_00180_2008_008382_jpg.rf.17d1f80e4513c2e3b16de5fbc649828d,oodneg,oodneg:2008,0,0,1,1a5a394fc60fcb770f5709e380d4ef02c0698c18
oodneg_00181_2008_008382_jpg.rf.23c52bce2cca27ec7c476e91b24de0ae.jpg,oodneg_00181_2008_008382_jpg.rf.23c52bce2cca27ec7c476e91b24de0ae,oodneg,oodneg:2008,0,0,1,431bb1e98f2680fd0d35dbadae587f6164f913b5
oodneg_00182_2008_008444_jpg.rf.429b802dc2a4bb0171d0b296fcb04454.jpg,oodneg_00182_2008_008444_jpg.rf.429b802dc2a4bb0171d0b296fcb04454,oodneg,oodneg:2008,0,0,1,dd92f06b55246bad3a0722a0b2d425361cfc2efe
oodneg_00183_2008_008526_jpg.rf.4c032b16756eb8ad94db6a8a224fb076.jpg,oodneg_00183_2008_008526_jpg.rf.4c032b16756eb8ad94db6a8a224fb076,oodneg,oodneg:2008,0,0,1,26c863f0ad17a058d881a0da6696f5ef94faa870
oodneg_00184_2008_008526_jpg.rf.a1eb584550fe5b07c45425a258c66052.jpg,oodneg_00184_2008_008526_jpg.rf.a1eb584550fe5b07c45425a258c66052,oodneg,oodneg:2008,0,0,1,6860585bd297c32c1519d9a6de81b90e3783c37c
oodneg_00185_2008_008593_jpg.rf.326b2332c5ad72b7eb4ff01251abbf4e.jpg,oodneg_00185_2008_008593_jpg.rf.326b2332c5ad72b7eb4ff01251abbf4e,oodneg,oodneg:2008,0,0,1,6eee6f8557736765a0a8c0506d6092e01b337dc4
oodneg_00186_2008_008593_jpg.rf.a997ae409b26bbc3efa95dd6da91554e.jpg,oodneg_00186_2008_008593_jpg.rf.a997ae409b26bbc3efa95dd6da91554e,oodneg,oodneg:2008,0,0,1,db09aae0ca99c0d7c784540d88debf86828b1580
ppe_train_image1000_74f0fb4fd8.jpeg,ppe_train_image1000_74f0fb4fd8,ppe_orig,ppe_orig:74f0fb4fd8,1,0,0,e14c71a864786d29e44ffaa105330d07c457c2fc
ppe_train_image1001_12db23b78d.jpg,ppe_train_image1001_12db23b78d,ppe_orig,ppe_orig:12db23b78d,1,0,0,98d97f6963955828652ad0c6c5ed816c312cad91
ppe_train_image1002_201a378c07.jpg,ppe_train_image1002_201a378c07,ppe_orig,ppe_orig:201a378c07,1,0,0,388e488429f7bd5b3851b82897f68404cdf633f2
ppe_train_image1004_e6417b3279.jpg,ppe_train_image1004_e6417b3279,ppe_orig,ppe_orig:e6417b3279,1,0,0,698a3fc377f5b50153092d3867c9c6200ab84f93
ppe_train_image1006_6d20de0aa3.jpg,ppe_train_image1006_6d20de0aa3,ppe_orig,ppe_orig:6d20de0aa3,1,0,0,2d050e4a5b6d720ef2ac4613d7cf98fac1781aeb
ppe_train_image1008_8303a19a49.jpeg,ppe_train_image1008_8303a19a49,ppe_orig,ppe_orig:8303a19a49,1,0,0,53f7b9c1c0ef56d22b8b8478618968fb1e6a9758
ppe_train_image100_c524fa3651.jpg,ppe_train_image100_c524fa3651,ppe_orig,ppe_orig:c524fa3651,4,0,0,50772448f25124248c21f05124777ee835b36f83
ppe_train_image1011_511201e96e.jpg,ppe_train_image1011_511201e96e,ppe_orig,ppe_orig:511201e96e,1,0,0,126dfbf2468352270a57f3e4703483fd15ff4626
ppe_train_image1012_63e5079a80.jpg,ppe_train_image1012_63e5079a80,ppe_orig,ppe_orig:63e5079a80,1,0,0,6fc3799c72bf6e8f3395d34394f0050654c9a155
ppe_train_image1013_ecb831168f.jpg,ppe_train_image1013_ecb831168f,ppe_orig,ppe_orig:ecb831168f,1,0,0,46aeb0e57d03cf4e26a7f5b4b24b9ea2dc0d6113
ppe_train_image1015_bbbdb76edb.jpg,ppe_train_image1015_bbbdb76edb,ppe_orig,ppe_orig:bbbdb76edb,1,0,0,d109a73d1c13728296f854f61c4e05f7ae651a6f
ppe_train_image1016_8e12d97ae6.jpeg,ppe_train_image1016_8e12d97ae6,ppe_orig,ppe_orig:8e12d97ae6,2,0,0,281c8fb8bfb8478ee75bd4c91eb6f836afd0d025
ppe_train_image1017_7353cc90e6.jpg,ppe_train_image1017_7353cc90e6,ppe_orig,ppe_orig:7353cc90e6,1,0,0,16188b318e6e9a38a506b7d7a1673be3e2d8f1d5
ppe_train_image1018_d494195b9c.jpg,ppe_train_image1018_d494195b9c,ppe_orig,ppe_orig:d494195b9c,1,0,0,c40a996d3ebf195bc203334b7c5b9c3dedd36f91
ppe_train_image1020_c44dfe5d04.jpg,ppe_train_image1020_c44dfe5d04,ppe_orig,ppe_orig:c44dfe5d04,1,0,0,a25ac67da8f65c3d8357ed08711f718bf82bb461
ppe_train_image1021_d4aecf950e.jpg,ppe_train_image1021_d4aecf950e,ppe_orig,ppe_orig:d4aecf950e,1,0,0,823de24848a4a830f6dcd7e4a9eb8114b00daa61
ppe_train_image1022_93bc83c3cd.jpg,ppe_train_image1022_93bc83c3cd,ppe_orig,ppe_orig:93bc83c3cd,1,0,0,6d45dbbcbc2771e9b40dda031062f4015f43b283
ppe_train_image1024_a1439249c1.jpeg,ppe_train_image1024_a1439249c1,ppe_orig,ppe_orig:a1439249c1,7,0,0,2d1083f63f63c75d743342f5af68479ee2004743
ppe_train_image1025_834e9e02ac.jpg,ppe_train_image1025_834e9e02ac,ppe_orig,ppe_orig:834e9e02ac,1,0,0,5ddd88909d67da7a9a6fcf17135b0330699b048a
ppe_train_image1026_8ecef6683b.jpg,ppe_train_image1026_8ecef6683b,ppe_orig,ppe_orig:8ecef6683b,1,0,0,87a1f3d4f9ba9f43cf9b1fb10cad3394fe2d3f9e
ppe_train_image1027_338f6c36e9.jpg,ppe_train_image1027_338f6c36e9,ppe_orig,ppe_orig:338f6c36e9,1,0,0,021c583ff479cb88873d85b429592edfff09c9e9
ppe_train_image1028_8490e33771.jpg,ppe_train_image1028_8490e33771,ppe_orig,ppe_orig:8490e33771,1,0,0,8cc5019513870eb2274debd93776aef09221b165
ppe_train_image1029_71c1dd5ded.jpg,ppe_train_image1029_71c1dd5ded,ppe_orig,ppe_orig:71c1dd5ded,1,0,0,bb7615715006aa62085447f72d02b6b7308e44f7
ppe_train_image102_4fd03afea3.jpg,ppe_train_image102_4fd03afea3,ppe_orig,ppe_orig:4fd03afea3,1,0,0,5bb9ae863f9c4ad4bb56164151d2d7383cca03e2
ppe_train_image1030_bfcd1fc210.jpg,ppe_train_image1030_bfcd1fc210,ppe_orig,ppe_orig:bfcd1fc210,1,0,0,d5bdd5789d4a006abca025a8b7e8d74c344524ce
ppe_train_image1031_8ba677caec.jpg,ppe_train_image1031_8ba677caec,ppe_orig,ppe_orig:8ba677caec,1,0,0,7bcbdfc96d956e98e3d2332efdf29f4e99e00a3b
ppe_train_image1032_bb824e6f32.jpg,ppe_train_image1032_bb824e6f32,ppe_orig,ppe_orig:bb824e6f32,1,0,0,46c10aa10a7cdf2cc10cc5b94fbf5f125dfc3cef
ppe_train_image1033_755f00889d.jpg,ppe_train_image1033_755f00889d,ppe_orig,ppe_orig:755f00889d,1,0,0,76bfbbea7924020c5183f894655190e750dcd5ad
ppe_train_image1034_06862451f6.jpg,ppe_train_image1034_06862451f6,ppe_orig,ppe_orig:06862451f6,1,0,0,5f763d58a56c5f11674262143689b8344b0da740
ppe_train_image1036_a25b58ec49.jpg,ppe_train_image1036_a25b58ec49,ppe_orig,ppe_orig:a25b58ec49,2,0,0,ad4d13a57487b77246bbed4d8387127f6538c418
ppe_train_image1038_7ad4bb338e.jpg,ppe_train_image1038_7ad4bb338e,ppe_orig,ppe_orig:7ad4bb338e,1,0,0,3689c01587a6e4d943ca14187a0b6d7dd0a6c7be
ppe_train_image1039_3b782c60f5.jpg,ppe_train_image1039_3b782c60f5,ppe_orig,ppe_orig:3b782c60f5,1,0,0,ad20fbe45d0e9071e0ae7131994f599e5d47dc62
ppe_train_image1040_7f54de5ca3.jpg,ppe_train_image1040_7f54de5ca3,ppe_orig,ppe_orig:7f54de5ca3,1,0,0,be6172407e61b2ffb7ac1307dacd4b437298327c
ppe_train_image1041_faa5e3642d.jpg,ppe_train_image1041_faa5e3642d,ppe_orig,ppe_orig:faa5e3642d,1,0,0,b7f94a23b98ee4716afabeb7beb7c164c34aab8d
ppe_train_image1042_7658e5a68d.jpg,ppe_train_image1042_7658e5a68d,ppe_orig,ppe_orig:7658e5a68d,1,0,0,6e6672dd5366c05aa576760e82e342e4be81514e
ppe_train_image1043_26125a3f86.jpg,ppe_train_image1043_26125a3f86,ppe_orig,ppe_orig:26125a3f86,1,0,0,d55802a6ef22deff6e6057daf4b912c993e4a00a
ppe_train_image1044_bc94fb896d.jpg,ppe_train_image1044_bc94fb896d,ppe_orig,ppe_orig:bc94fb896d,1,0,0,e7f755a64377b13553b93cccedd4d37b986cbb1c
ppe_train_image1045_302f1fb749.jpg,ppe_train_image1045_302f1fb749,ppe_orig,ppe_orig:302f1fb749,1,0,0,2e810151dd54ca11e77b385cd2ace3884ded30d8
ppe_train_image1047_811ccf867a.jpg,ppe_train_image1047_811ccf867a,ppe_orig,ppe_orig:811ccf867a,1,0,0,66f721215dfe509098f945061ebb3299e646a7a4
ppe_train_image1048_0838ee68ea.jpg,ppe_train_image1048_0838ee68ea,ppe_orig,ppe_orig:0838ee68ea,1,0,0,e933c32eafe03c4cc27e8f3ee1568cb3c3eadbaf
ppe_train_image104_e6edadd473.jpg,ppe_train_image104_e6edadd473,ppe_orig,ppe_orig:e6edadd473,1,0,0,0d5e3c59016029310299bf7a5253fb7ea6ae2f2f
ppe_train_image1050_a9e9e38bca.jpg,ppe_train_image1050_a9e9e38bca,ppe_orig,ppe_orig:a9e9e38bca,1,0,0,9344df5f8bf9ae1933a4bc4e59c899fb9b7939db
ppe_train_image1051_46b093f3b5.jpeg,ppe_train_image1051_46b093f3b5,ppe_orig,ppe_orig:46b093f3b5,10,0,0,eb8efa6ddfee48d5c39359e4d5c30caa8e4e2c0c
ppe_train_image1052_ea43e8be4e.jpg,ppe_train_image1052_ea43e8be4e,ppe_orig,ppe_orig:ea43e8be4e,1,0,0,3c88eadf7325d73c6df79faea2ed4ed8e4a88f17
ppe_train_image1053_1651179178.jpg,ppe_train_image1053_1651179178,ppe_orig,ppe_orig:1651179178,1,0,0,b51ed8401c61a617e91803afdace357b1774e0f3
ppe_train_image1054_9d8833f51c.jpg,ppe_train_image1054_9d8833f51c,ppe_orig,ppe_orig:9d8833f51c,1,0,0,56c24beb04f5d89418aedee1e89bb2c9f4dd6d29
ppe_train_image1056_2e3e485465.jpg,ppe_train_image1056_2e3e485465,ppe_orig,ppe_orig:2e3e485465,1,0,0,54088a8757a75bd443a0666f6ef9651d4b03b1f3
ppe_train_image1058_e7cb061ca0.jpg,ppe_train_image1058_e7cb061ca0,ppe_orig,ppe_orig:e7cb061ca0,1,0,0,8aa1b9002b9fe614027b7aac2002151439106d72
ppe_train_image1059_e41cb03bf8.jpg,ppe_train_image1059_e41cb03bf8,ppe_orig,ppe_orig:e41cb03bf8,1,0,0,a46220658290ce83074f2a972760668d03cb4659
ppe_train_image105_2ee5c2c711.jpg,ppe_train_image105_2ee5c2c711,ppe_orig,ppe_orig:2ee5c2c711,1,0,0,6aaed16a1e9ed6a515368cf0547ee8df3812b400
ppe_train_image1060_21e1df983d.jpeg,ppe_train_image1060_21e1df983d,ppe_orig,ppe_orig:21e1df983d,2,0,0,94892d7992bd335c703a8ff4839bc15db338c02d
ppe_train_image1061_1fb50f67b8.jpg,ppe_train_image1061_1fb50f67b8,ppe_orig,ppe_orig:1fb50f67b8,1,0,0,f17abc6d6273abf42dacaae1fac102b769f3775b
ppe_train_image1062_1e00de02c3.jpg,ppe_train_image1062_1e00de02c3,ppe_orig,ppe_orig:1e00de02c3,1,0,0,1ea038acb1bda7fd11408cfcbbee8e589a8bfce8
ppe_train_image1063_bbe2f20fa5.jpg,ppe_train_image1063_bbe2f20fa5,ppe_orig,ppe_orig:bbe2f20fa5,1,0,0,a85f4fa5e7e9742575ac7102fa3be98bd5838c02
ppe_train_image1064_cc8116f7f7.jpg,ppe_train_image1064_cc8116f7f7,ppe_orig,ppe_orig:cc8116f7f7,1,0,0,60ee123d71bbc1712ef359188aaaa694bda5f9fa
ppe_train_image1066_0074fc5f0c.jpg,ppe_train_image1066_0074fc5f0c,ppe_orig,ppe_orig:0074fc5f0c,1,0,0,739709061498b988d8302b5f97ebed3557202290
ppe_train_image1067_cb7007c9d7.jpg,ppe_train_image1067_cb7007c9d7,ppe_orig,ppe_orig:cb7007c9d7,1,0,0,9fdfd2a966eee98c9d8a5aa4adcfe983544e170f
ppe_train_image1068_9051b07751.jpg,ppe_train_image1068_9051b07751,ppe_orig,ppe_orig:9051b07751,1,0,0,2abc2869aae8d7c84a0b18bd538ed75e77f22a88
ppe_train_image106_7104e2ad4e.jpg,ppe_train_image106_7104e2ad4e,ppe_orig,ppe_orig:7104e2ad4e,1,0,0,a6f41c8ea5294f10554b4ffd11cecd523b6cca7c
ppe_train_image1070_13bbc0310a.jpg,ppe_train_image1070_13bbc0310a,ppe_orig,ppe_orig:13bbc0310a,1,0,0,dbe721bcea1e86269f254c9cefd92aff45131c7d
ppe_train_image1071_6dd266cbf7.jpg,ppe_train_image1071_6dd266cbf7,ppe_orig,ppe_orig:6dd266cbf7,1,0,0,d22b2658b439c06aa645d341bd1eca9eaec2635c
ppe_train_image1073_c7d3bce195.jpg,ppe_train_image1073_c7d3bce195,ppe_orig,ppe_orig:c7d3bce195,1,0,0,2897596ec0c52c4ca8ce75879d7c1d18d9f7210e
ppe_train_image1075_3985cd4d42.jpg,ppe_train_image1075_3985cd4d42,ppe_orig,ppe_orig:3985cd4d42,1,0,0,0e3f71ce51d0a8830fe300541720eb307175b45a
ppe_train_image1077_dd8c146abd.jpg,ppe_train_image1077_dd8c146abd,ppe_orig,ppe_orig:dd8c146abd,1,0,0,efe39e7c153663f0c71c5bb399ded3b276992bd0
ppe_train_image1078_044aad55e0.jpeg,ppe_train_image1078_044aad55e0,ppe_orig,ppe_orig:044aad55e0,2,0,0,9d10842d8b1420cf9d1c9f2e6b193784a89a5408
ppe_train_image1079_c9d8e0815f.jpg,ppe_train_image1079_c9d8e0815f,ppe_orig,ppe_orig:c9d8e0815f,1,0,0,2abe5b02e99b1115e61f1aa72a901b80007c1488
ppe_train_image1080_a1f1ea2fc8.jpg,ppe_train_image1080_a1f1ea2fc8,ppe_orig,ppe_orig:a1f1ea2fc8,1,0,0,cd5d4c527872474de9383fe06d0cf07f3e4ba1d6
ppe_train_image1081_4b9b300faf.jpg,ppe_train_image1081_4b9b300faf,ppe_orig,ppe_orig:4b9b300faf,1,0,0,50f4225e44fb018323370d01af9daf88f42472ba
ppe_train_image1082_2ec0a5d3cc.jpg,ppe_train_image1082_2ec0a5d3cc,ppe_orig,ppe_orig:2ec0a5d3cc,1,0,0,ef489c5c26dbd64d96909c1d2450ef2834ff9d62
ppe_train_image1084_7c08b8b1e5.jpg,ppe_train_image1084_7c08b8b1e5,ppe_orig,ppe_orig:7c08b8b1e5,1,0,0,2437cb1b1466cfb898fb68705ed31a1d336ba194
ppe_train_image1086_c6586b46d1.jpg,ppe_train_image1086_c6586b46d1,ppe_orig,ppe_orig:c6586b46d1,1,0,0,d166eeb17049fceac7b8b8d3cc2551456041b132
ppe_train_image1087_2ca82edf26.jpg,ppe_train_image1087_2ca82edf26,ppe_orig,ppe_orig:2ca82edf26,1,0,0,a3cbc443f0b099da429f54330ae7442ffa8d77aa
ppe_train_image108_5d38eab888.jpg,ppe_train_image108_5d38eab888,ppe_orig,ppe_orig:5d38eab888,1,0,0,97c5d45ba3ab2910720e5a453c6f2d8fb4572d4b
ppe_train_image1092_43e8de5cca.jpg,ppe_train_image1092_43e8de5cca,ppe_orig,ppe_orig:43e8de5cca,1,0,0,9a136c50c4a81f5a0277bd807e1f3ffd5255bc1f
ppe_train_image1093_b936e3e544.jpg,ppe_train_image1093_b936e3e544,ppe_orig,ppe_orig:b936e3e544,1,0,0,95d4a74182b314574fd805cfe4d5e646785da9d5
ppe_train_image1094_cdd226cf5a.jpg,ppe_train_image1094_cdd226cf5a,ppe_orig,ppe_orig:cdd226cf5a,1,0,0,97ce7b38c268ca1d6ae7e06168b298666e6f5b3a
ppe_train_image1095_91fc1abfc6.jpg,ppe_train_image1095_91fc1abfc6,ppe_orig,ppe_orig:91fc1abfc6,1,0,0,82d69a11e1d53ce591a784764502490f5f959515
ppe_train_image1097_44f2d2d085.jpg,ppe_train_image1097_44f2d2d085,ppe_orig,ppe_orig:44f2d2d085,1,0,0,64368b859e4ec19bd1f9ba9557e86d1c7b464f98
ppe_train_image1098_60674e1ef1.jpg,ppe_train_image1098_60674e1ef1,ppe_orig,ppe_orig:60674e1ef1,1,0,0,c7bdb67884724ba7850196f776d2c769e9387adc
ppe_train_image1099_2e79ef6fb0.jpg,ppe_train_image1099_2e79ef6fb0,ppe_orig,ppe_orig:2e79ef6fb0,1,0,0,0ff28b5a1ee5e2f0395f8cab2aeca1a49b3666e8
ppe_train_image109_bbd9d30645.jpg,ppe_train_image109_bbd9d30645,ppe_orig,ppe_orig:bbd9d30645,3,0,0,c9338b670bd5af4a9ed956775cac21c5ef598c63
ppe_train_image1100_f7f0ae99d8.jpeg,ppe_train_image1100_f7f0ae99d8,ppe_orig,ppe_orig:f7f0ae99d8,3,0,0,c58bd9599bff54747badee808ab039fdda7650f4
ppe_train_image1101_354d66a74d.jpg,ppe_train_image1101_354d66a74d,ppe_orig,ppe_orig:354d66a74d,1,0,0,fbfdb96a5c5e4258dabbbe1138c47ed1c7b14bb2
ppe_train_image1102_ebfe507d9d.jpg,ppe_train_image1102_ebfe507d9d,ppe_orig,ppe_orig:ebfe507d9d,1,0,0,b0b4b051f943652e739509a9b58b9c54bbc0e089
ppe_train_image1103_abf53641e0.jpg,ppe_train_image1103_abf53641e0,ppe_orig,ppe_orig:abf53641e0,1,0,0,46d4d4e98c65f1966ceaa8a26dd57fe8f07a9b8b
ppe_train_image1104_e0af3670ce.jpg,ppe_train_image1104_e0af3670ce,ppe_orig,ppe_orig:e0af3670ce,1,0,0,904b34040f5f71b2bae345db64308d1d5fd79ce8
ppe_train_image1105_979af4c464.jpg,ppe_train_image1105_979af4c464,ppe_orig,ppe_orig:979af4c464,1,0,0,6d8ac4bbd86c9114fa21e84c433c882a5e582f04
ppe_train_image1106_618990d1fa.jpg,ppe_train_image1106_618990d1fa,ppe_orig,ppe_orig:618990d1fa,1,0,0,a48ec1ad73aadf47ea26741076d09768e0f67895
ppe_train_image1108_ba74ff8fef.jpg,ppe_train_image1108_ba74ff8fef,ppe_orig,ppe_orig:ba74ff8fef,1,0,0,138b2397d7cc88fea3a84fa53a03a351acfbacb9
ppe_train_image1110_9a2e05cf02.jpeg,ppe_train_image1110_9a2e05cf02,ppe_orig,ppe_orig:9a2e05cf02,1,0,0,cfc94af03b301af8706226c973248458d3a9a05d
ppe_train_image1112_c580ed7032.jpg,ppe_train_image1112_c580ed7032,ppe_orig,ppe_orig:c580ed7032,1,0,0,d61ddb4c6b591a873ccc210262ff9b12fd363679
ppe_train_image1113_215aa92392.jpg,ppe_train_image1113_215aa92392,ppe_orig,ppe_orig:215aa92392,1,0,0,7c5f604be31bd44b12ebf300ef04bf379bbcf251
ppe_train_image1115_2063320f1d.jpg,ppe_train_image1115_2063320f1d,ppe_orig,ppe_orig:2063320f1d,1,0,0,157d3c4488f14b7cb18a02ccaa170e870b34e161
ppe_train_image1116_7f333b285e.jpg,ppe_train_image1116_7f333b285e,ppe_orig,ppe_orig:7f333b285e,1,0,0,9c1c2558ef868b9e67adad9ccd99b54c7403b67e
ppe_train_image1117_b5defb8e9e.jpg,ppe_train_image1117_b5defb8e9e,ppe_orig,ppe_orig:b5defb8e9e,0,1,0,e2fc4a2e3d5134b6c6594ab256829ecd51c95f4c
ppe_train_image1118_1d0d04a205.jpg,ppe_train_image1118_1d0d04a205,ppe_orig,ppe_orig:1d0d04a205,0,2,0,c8ebe0e2daffb82d374a92e6255c3db77d8d6e32
ppe_train_image1119_21fdbdc1a3.jpg,ppe_train_image1119_21fdbdc1a3,ppe_orig,ppe_orig:21fdbdc1a3,0,1,0,a8972828bb9716a1eab23bb818cf2459a0c586bd
ppe_train_image111_b4495f49b0.jpg,ppe_train_image111_b4495f49b0,ppe_orig,ppe_orig:b4495f49b0,3,0,0,17b4934f13f0b615442b8968c660986d5c924eda
ppe_train_image1122_3516b3b903.jpg,ppe_train_image1122_3516b3b903,ppe_orig,ppe_orig:3516b3b903,0,3,0,f4ebd2a28e4b33a16008e191f6e9977481ad4b55
ppe_train_image1123_442deff609.jpg,ppe_train_image1123_442deff609,ppe_orig,ppe_orig:442deff609,0,1,0,4ebcd87d7dfc7b55de2d8519be328d128ad312be
ppe_train_image1124_fef0917f55.jpg,ppe_train_image1124_fef0917f55,ppe_orig,ppe_orig:fef0917f55,0,5,0,e1f7eb6d370d02f7554e32b12034d9cd7ef1ea25
ppe_train_image1126_254fdd1d4f.jpg,ppe_train_image1126_254fdd1d4f,ppe_orig,ppe_orig:254fdd1d4f,0,2,0,1298fb8e10c29282fb63879815ef00a9bd389cf7
ppe_train_image1127_eba83ae7e8.jpg,ppe_train_image1127_eba83ae7e8,ppe_orig,ppe_orig:eba83ae7e8,0,1,0,a31face470aa2e79faa2da2411d5d49963bac5bc
ppe_train_image1128_d348f2b74c.jpg,ppe_train_image1128_d348f2b74c,ppe_orig,ppe_orig:d348f2b74c,0,2,0,f5a65d4dd72c397112e3d9eb51ddb94e51d0e966
ppe_train_image1131_c169cf8e2f.jpg,ppe_train_image1131_c169cf8e2f,ppe_orig,ppe_orig:c169cf8e2f,0,1,0,25d110300c83bbde2a6ec75a12014033b8575e2b
ppe_train_image1134_84b90e9233.jpg,ppe_train_image1134_84b90e9233,ppe_orig,ppe_orig:84b90e9233,0,2,0,99db759e545dc591e2c4f92eb6d6b774a40c6f18
ppe_train_image1135_b737f9e7c8.jpg,ppe_train_image1135_b737f9e7c8,ppe_orig,ppe_orig:b737f9e7c8,0,1,0,ad441a548fbca4b643204b35b02755089108dac7
ppe_train_image1136_76912921f0.jpg,ppe_train_image1136_76912921f0,ppe_orig,ppe_orig:76912921f0,0,1,0,1e3aa7491e631526f03eeb5c632bed925be36bcd
ppe_train_image1138_234cd7a2d3.jpg,ppe_train_image1138_234cd7a2d3,ppe_orig,ppe_orig:234cd7a2d3,0,2,0,d412e6a415aee1c176e05b23eb287f4baa71c7c2
ppe_train_image1140_f0bfcf8801.jpg,ppe_train_image1140_f0bfcf8801,ppe_orig,ppe_orig:f0bfcf8801,1,0,0,7f90ee2acc0883f244daeb3b391ba89a977465fc
ppe_train_image1141_2987d3c381.jpg,ppe_train_image1141_2987d3c381,ppe_orig,ppe_orig:2987d3c381,0,6,0,f6105a3c4426e93a80d36217f6eceede766413c8
ppe_train_image1142_b14aad4585.jpg,ppe_train_image1142_b14aad4585,ppe_orig,ppe_orig:b14aad4585,0,1,0,fd65d6a9c55210173963747fe8e4c053dc7a3b76
ppe_train_image1144_f2a8031437.jpg,ppe_train_image1144_f2a8031437,ppe_orig,ppe_orig:f2a8031437,0,2,0,76956687af07f5d9c1b54df96d211f036875f5fc
ppe_train_image1147_eda1fb96ff.jpg,ppe_train_image1147_eda1fb96ff,ppe_orig,ppe_orig:eda1fb96ff,0,1,0,85896bcb9f33b67fa0e29552066ea9722e731e2c
ppe_train_image1148_9c9a7d5f14.jpg,ppe_train_image1148_9c9a7d5f14,ppe_orig,ppe_orig:9c9a7d5f14,0,5,0,d3280de8f28b2662a0d1c76a14f544db0e006a18
ppe_train_image1149_d4d2e85c1b.jpg,ppe_train_image1149_d4d2e85c1b,ppe_orig,ppe_orig:d4d2e85c1b,0,3,0,ceb33eb9f9a43e8dd21ec4b1975947f11a32669d
ppe_train_image1150_8f529ec5cf.jpg,ppe_train_image1150_8f529ec5cf,ppe_orig,ppe_orig:8f529ec5cf,0,1,0,cafc733a4297376dd90391f08dd07c1733726440
ppe_train_image1153_19dbad668f.jpg,ppe_train_image1153_19dbad668f,ppe_orig,ppe_orig:19dbad668f,0,2,0,f46981d69c8ac40294d612c0ae0031743926fa63
ppe_train_image1154_ca335f4661.jpg,ppe_train_image1154_ca335f4661,ppe_orig,ppe_orig:ca335f4661,0,2,0,76bb7c747032b8bed2ab887838e765ee7cdeb1a9
ppe_train_image1155_02b4673053.jpg,ppe_train_image1155_02b4673053,ppe_orig,ppe_orig:02b4673053,0,2,0,3d9570d0a278be6b9b38902ee644c38c95f8b595
ppe_train_image1156_2fffca5e91.jpg,ppe_train_image1156_2fffca5e91,ppe_orig,ppe_orig:2fffca5e91,0,7,0,6851c9afb732bd9da3393a37bfbac76f03d0b2e5
ppe_train_image1157_89c25b7f13.jpg,ppe_train_image1157_89c25b7f13,ppe_orig,ppe_orig:89c25b7f13,0,1,0,c72acf4bbd91b3e71891460c5fb4697f1df40c14
ppe_train_image1158_80eb790911.jpg,ppe_train_image1158_80eb790911,ppe_orig,ppe_orig:80eb790911,0,1,0,27cfb89194ddb3e0bc4b7413f42057f007586acc
ppe_train_image1159_4b5b6021ff.jpg,ppe_train_image1159_4b5b6021ff,ppe_orig,ppe_orig:4b5b6021ff,0,1,0,2a5e08fd4b059fd0a180c665f2e8d9e40900f652
ppe_train_image1160_eaa22d296f.jpg,ppe_train_image1160_eaa22d296f,ppe_orig,ppe_orig:eaa22d296f,0,4,0,4dbe74c9c771a75a3cf61141032013ccca52e5d6
ppe_train_image1161_f5c6c1a1d4.jpg,ppe_train_image1161_f5c6c1a1d4,ppe_orig,ppe_orig:f5c6c1a1d4,0,1,0,edb1c235ee92d15d56e0eb54e4c16baafa4caa67
ppe_train_image1162_34b4101f8a.jpg,ppe_train_image1162_34b4101f8a,ppe_orig,ppe_orig:34b4101f8a,0,8,0,6150b6253eac7e68ac512d6b45528d098c2e8e46
ppe_train_image1163_4622dca438.jpg,ppe_train_image1163_4622dca438,ppe_orig,ppe_orig:4622dca438,0,1,0,5cb9381e8013710ba425a7cfc9d3dd96870a538e
ppe_train_image1165_ea523a6530.jpg,ppe_train_image1165_ea523a6530,ppe_orig,ppe_orig:ea523a6530,0,1,0,9c07174db2c794dba4d817b6d8460fd7f9783fab
ppe_train_image1166_55e19d675d.jpg,ppe_train_image1166_55e19d675d,ppe_orig,ppe_orig:55e19d675d,0,1,0,a8fb9ab62a53c11fbe77d878b1c8158cd046a356
ppe_train_image1167_15f6565ef2.jpg,ppe_train_image1167_15f6565ef2,ppe_orig,ppe_orig:15f6565ef2,0,1,0,8ce2648c784817ebf5afbe24a2275285775ba8ba
ppe_train_image1168_33e3f08153.jpg,ppe_train_image1168_33e3f08153,ppe_orig,ppe_orig:33e3f08153,0,1,0,0a68cbc8f1ce2ed6f366f7a4dd81bf19d1ef4a5e
ppe_train_image1169_c550aab16b.jpg,ppe_train_image1169_c550aab16b,ppe_orig,ppe_orig:c550aab16b,0,1,0,8bfdf0e9121b7e84823ae8c46c5e308c57c599b0
ppe_train_image1170_179fb7ddff.jpg,ppe_train_image1170_179fb7ddff,ppe_orig,ppe_orig:179fb7ddff,0,1,0,da7811b67e2a12d9d98a352936a26b14b2752949
ppe_train_image1172_f716fdfb87.jpg,ppe_train_image1172_f716fdfb87,ppe_orig,ppe_orig:f716fdfb87,0,2,0,a2a1736422ad806a7655583de5c99b9278b2855e
ppe_train_image1174_b8df4d101c.jpg,ppe_train_image1174_b8df4d101c,ppe_orig,ppe_orig:b8df4d101c,0,1,0,2bb7d26086f90e06187d8801bd9b68135c59b5d0
ppe_train_image1176_d2a0cafc4d.jpg,ppe_train_image1176_d2a0cafc4d,ppe_orig,ppe_orig:d2a0cafc4d,0,2,0,11a334537e5cbadfeb5f81bf9654a62137339302
ppe_train_image1177_b3fdf2da9c.jpg,ppe_train_image1177_b3fdf2da9c,ppe_orig,ppe_orig:b3fdf2da9c,0,1,0,8e0dc24ed9ac0c1bd29d4acf1f52654a8d00c41c
ppe_train_image1179_52cbb9752c.jpg,ppe_train_image1179_52cbb9752c,ppe_orig,ppe_orig:52cbb9752c,0,2,0,63e519d0d91ba53042ea0f6b49ac4e11e810756b
ppe_train_image1180_f5cc5d6943.jpg,ppe_train_image1180_f5cc5d6943,ppe_orig,ppe_orig:f5cc5d6943,0,1,0,c3437bae38b7e14f6511b22e7e689403ce0be839
ppe_train_image1181_1d63019409.jpg,ppe_train_image1181_1d63019409,ppe_orig,ppe_orig:1d63019409,0,5,0,e9bee8d8deec1912dd4a6e6b23627471ee7df5a8
ppe_train_image1182_8569aa2d99.jpg,ppe_train_image1182_8569aa2d99,ppe_orig,ppe_orig:8569aa2d99,0,1,0,fbc12beacc45b00375f827a4c04571b6d75a3d12
ppe_train_image1184_6bd15a62d2.jpg,ppe_train_image1184_6bd15a62d2,ppe_orig,ppe_orig:6bd15a62d2,0,1,0,1be52db9265be7fa1c815217258ac33a226cdf76
ppe_train_image1185_d641c0767a.jpg,ppe_train_image1185_d641c0767a,ppe_orig,ppe_orig:d641c0767a,0,2,0,569a5acdfb0781993d848748373c0e48c2bbace4
ppe_train_image1186_07183c9a2d.jpg,ppe_train_image1186_07183c9a2d,ppe_orig,ppe_orig:07183c9a2d,0,4,0,15bb05d5d5f14fb1674340f887805b03c8e6a5c4
ppe_train_image1187_04120bd9bc.jpg,ppe_train_image1187_04120bd9bc,ppe_orig,ppe_orig:04120bd9bc,0,1,0,f4ffb4e2efb753b40b801c921696a1b5ef6d7436
ppe_train_image1188_38f3213198.jpg,ppe_train_image1188_38f3213198,ppe_orig,ppe_orig:38f3213198,0,1,0,c3939d491364f503a52199b65cb4c3ec63ed2381
ppe_train_image1189_d7f2c309c7.jpg,ppe_train_image1189_d7f2c309c7,ppe_orig,ppe_orig:d7f2c309c7,0,4,0,794f6cd81425648f32db56d04dc5517ec2c3fb1f
ppe_train_image1191_91d8efbe25.jpg,ppe_train_image1191_91d8efbe25,ppe_orig,ppe_orig:91d8efbe25,0,1,0,222b54f6289bbcba6268594a78124b6cb2767d5a
ppe_train_image1192_dec5ba2617.jpg,ppe_train_image1192_dec5ba2617,ppe_orig,ppe_orig:dec5ba2617,0,1,0,440dff6d44d72b83e610fba7c1caa1a4b34d4481
ppe_train_image1194_87e4620dba.jpg,ppe_train_image1194_87e4620dba,ppe_orig,ppe_orig:87e4620dba,0,1,0,053fed7ac182ed82c7f2512d1b3e30d773fee80b
ppe_train_image1195_c961590669.jpg,ppe_train_image1195_c961590669,ppe_orig,ppe_orig:c961590669,0,1,0,ac82e193321c262f29d9e8ae6ec695ddf5d1b63e
ppe_train_image1196_a1c3de5a79.jpg,ppe_train_image1196_a1c3de5a79,ppe_orig,ppe_orig:a1c3de5a79,0,2,0,af349e10a7085f3843adb12669264f89a7a882e7
ppe_train_image1197_444a540209.jpg,ppe_train_image1197_444a540209,ppe_orig,ppe_orig:444a540209,0,3,0,1eaa037321c1f34b4c4fcae0eb7b9e7ec570495a
ppe_train_image1198_4e8076f198.jpg,ppe_train_image1198_4e8076f198,ppe_orig,ppe_orig:4e8076f198,0,2,0,df38144146e1ed0d1fb1f8164cc739504961ce29
ppe_train_image1199_9e21c9c67a.jpg,ppe_train_image1199_9e21c9c67a,ppe_orig,ppe_orig:9e21c9c67a,0,4,0,dd5bedc8322fa239236619baf4d96761a83edf1c
ppe_train_image119_f9b3a635f6.jpg,ppe_train_image119_f9b3a635f6,ppe_orig,ppe_orig:f9b3a635f6,3,0,0,a954a9615f00ccbc310c16cd7948c34262378ab8
ppe_train_image1200_e105cd7000.jpg,ppe_train_image1200_e105cd7000,ppe_orig,ppe_orig:e105cd7000,0,1,0,967e3716d274666ed72f810527f5e1a13dad0d9b
ppe_train_image1201_36991597b4.jpg,ppe_train_image1201_36991597b4,ppe_orig,ppe_orig:36991597b4,0,1,0,ecbd501e971392253bcf8e31fb8ab7e916d0bd4b
ppe_train_image1202_50124883b3.jpg,ppe_train_image1202_50124883b3,ppe_orig,ppe_orig:50124883b3,0,1,0,610eee5267a6e90302eb2d49fbe3b2ce896c9c64
ppe_train_image1204_d701da4e42.jpg,ppe_train_image1204_d701da4e42,ppe_orig,ppe_orig:d701da4e42,0,2,0,781362572fda261cfeda1c200e126df01b521d7a
ppe_train_image1206_f525ed3041.jpg,ppe_train_image1206_f525ed3041,ppe_orig,ppe_orig:f525ed3041,0,4,0,ea2680df58aa7f400fb01f9fd4374d5ca0ede8fd
ppe_train_image1207_5a0250c903.jpg,ppe_train_image1207_5a0250c903,ppe_orig,ppe_orig:5a0250c903,0,2,0,ca8c7bb7f2c5c1a132e2ae5c957d28333fd36e16
ppe_train_image1208_e01cfe95ca.jpg,ppe_train_image1208_e01cfe95ca,ppe_orig,ppe_orig:e01cfe95ca,0,1,0,b6eb7e06bdab13c794b3d835ce8f77a0e8d7c612
ppe_train_image1209_987f7d8be0.jpg,ppe_train_image1209_987f7d8be0,ppe_orig,ppe_orig:987f7d8be0,0,1,0,f350b2ffa5ee24766de6ba33929283fbb2033b2b
ppe_train_image120_c77b3b660a.jpg,ppe_train_image120_c77b3b660a,ppe_orig,ppe_orig:c77b3b660a,1,0,0,4d29a85587ddb733ce642af3ff8057f85321473e
ppe_train_image1210_609a1f3e7c.jpg,ppe_train_image1210_609a1f3e7c,ppe_orig,ppe_orig:609a1f3e7c,0,1,0,f5ef4d13a6bf89268d08ccc09448ca7d975f3bed
ppe_train_image1212_8c799c2bba.jpg,ppe_train_image1212_8c799c2bba,ppe_orig,ppe_orig:8c799c2bba,0,2,0,a725e6220d95fd5fe1e9cb9779c7bb54186dee2c
ppe_train_image1213_c4ca8f6a1d.jpg,ppe_train_image1213_c4ca8f6a1d,ppe_orig,ppe_orig:c4ca8f6a1d,0,1,0,ce4aa8daf8f51fda20881a0e382aa1d9be7ddb59
ppe_train_image1214_58dc2bbe46.jpg,ppe_train_image1214_58dc2bbe46,ppe_orig,ppe_orig:58dc2bbe46,0,1,0,4aa31f4d7cd389674f98bac776b780ef208760dc
ppe_train_image1216_47e89458ce.jpg,ppe_train_image1216_47e89458ce,ppe_orig,ppe_orig:47e89458ce,3,0,0,89ef18b85566ba792b0a749227c29b151abb4ce9
ppe_train_image1218_7288b2a216.jpg,ppe_train_image1218_7288b2a216,ppe_orig,ppe_orig:7288b2a216,0,9,0,a227aa6b27974128cf512ac862f29e128668a903
ppe_train_image1219_38be90602d.jpg,ppe_train_image1219_38be90602d,ppe_orig,ppe_orig:38be90602d,0,1,0,05a5ecfba162a8533c702298aa034c6715726b38
ppe_train_image121_0dfa7880e3.jpg,ppe_train_image121_0dfa7880e3,ppe_orig,ppe_orig:0dfa7880e3,4,0,0,5fdf775ea3391c35a3d9a2566bc29e73518c3fa5
ppe_train_image1220_96283700d7.jpg,ppe_train_image1220_96283700d7,ppe_orig,ppe_orig:96283700d7,0,1,0,836bc5443702cfdd277d0cd8b881eabc7e5566fd
ppe_train_image1221_61322fd6b1.jpg,ppe_train_image1221_61322fd6b1,ppe_orig,ppe_orig:61322fd6b1,0,1,0,b60e86baefa00465739f14965621f775881f1003
ppe_train_image1222_380d14b52d.jpg,ppe_train_image1222_380d14b52d,ppe_orig,ppe_orig:380d14b52d,0,1,0,242ac0c7689a6ec27579ff3bb27deec559ebd0b3
ppe_train_image1224_04a8c0766b.jpg,ppe_train_image1224_04a8c0766b,ppe_orig,ppe_orig:04a8c0766b,0,1,0,7b54cb2de46a8c9a31c00a06af312abebc0d17b0
ppe_train_image1225_abbbd24126.jpg,ppe_train_image1225_abbbd24126,ppe_orig,ppe_orig:abbbd24126,0,1,0,5119966075f52542f169ede713e5d9a7fe120e98
ppe_train_image1226_13acfaa49b.jpg,ppe_train_image1226_13acfaa49b,ppe_orig,ppe_orig:13acfaa49b,0,1,0,efa8e6de47041c339a0da9b6442986727045ea47
ppe_train_image1227_cb6a490b44.jpg,ppe_train_image1227_cb6a490b44,ppe_orig,ppe_orig:cb6a490b44,0,1,0,80a0bfdbd6b947718b06621f62f3ef3af61143ef
ppe_train_image1228_a22e2cfae3.jpg,ppe_train_image1228_a22e2cfae3,ppe_orig,ppe_orig:a22e2cfae3,0,1,0,9cf615431962219b8a3b125f1f9f31fb4022f0f3
ppe_train_image1230_3f8012e144.jpg,ppe_train_image1230_3f8012e144,ppe_orig,ppe_orig:3f8012e144,0,1,0,b87c4e4e3d3f3dae6f347b7cfd005e715b6063c4
ppe_train_image1232_6feda7efb0.jpg,ppe_train_image1232_6feda7efb0,ppe_orig,ppe_orig:6feda7efb0,0,1,0,781b9ec0552d7ee79c887c03c383b765e3f3a51a
ppe_train_image1233_713e781286.jpg,ppe_train_image1233_713e781286,ppe_orig,ppe_orig:713e781286,0,5,0,ee0e1179c1a13411775e62c5e2513850cefdfefd
ppe_train_image1236_d96902c47b.jpg,ppe_train_image1236_d96902c47b,ppe_orig,ppe_orig:d96902c47b,0,1,0,04802b028349962385684d33669a8a4cf0d1fb5c
ppe_train_image1237_42027fdbc0.jpg,ppe_train_image1237_42027fdbc0,ppe_orig,ppe_orig:42027fdbc0,0,3,0,7209d3d265e9ac52102e589c0d5bb9f5564bcacc
ppe_train_image1238_c8fa6031df.jpg,ppe_train_image1238_c8fa6031df,ppe_orig,ppe_orig:c8fa6031df,0,1,0,6d4a4be801d6a12d0f0ddc298edd281bf99b9901
ppe_train_image123_cdd3550626.jpg,ppe_train_image123_cdd3550626,ppe_orig,ppe_orig:cdd3550626,1,0,0,0302d35e8abd6b5572c08f34f994d52b38841923
ppe_train_image1240_f31eed5734.jpg,ppe_train_image1240_f31eed5734,ppe_orig,ppe_orig:f31eed5734,0,1,0,6565ce936bbb111331bc09a54ed9731802a2aa5b
ppe_train_image1241_439e3e5fc1.jpg,ppe_train_image1241_439e3e5fc1,ppe_orig,ppe_orig:439e3e5fc1,0,1,0,cf0a3914883daa81f8c4ebe3fc9618e5459796fb
ppe_train_image1242_6a8c061011.jpg,ppe_train_image1242_6a8c061011,ppe_orig,ppe_orig:6a8c061011,0,1,0,67bd1a5d339ed1278dfdffa1077f665cb1ee98c3
ppe_train_image1243_979d70319f.jpg,ppe_train_image1243_979d70319f,ppe_orig,ppe_orig:979d70319f,0,1,0,cc689b6a06d915fff517487e43cda216d5478764
ppe_train_image1244_fcd5d2bb80.jpg,ppe_train_image1244_fcd5d2bb80,ppe_orig,ppe_orig:fcd5d2bb80,1,0,0,c31361991fc923816e9d54d5395ee44e9a8db0bd
ppe_train_image1245_3aeb14dd62.jpg,ppe_train_image1245_3aeb14dd62,ppe_orig,ppe_orig:3aeb14dd62,0,1,0,560791910d33e1c90e6f7078aef111fd86cb2019
ppe_train_image1246_ac063704ab.jpg,ppe_train_image1246_ac063704ab,ppe_orig,ppe_orig:ac063704ab,0,1,0,07820f60115ec9ecac6e956bb9729c3bba5d2c19
ppe_train_image1247_caea0fa56e.jpg,ppe_train_image1247_caea0fa56e,ppe_orig,ppe_orig:caea0fa56e,0,1,0,728a62cd3796811f3aab639036c858909491c911
ppe_train_image1249_f26608dfdf.jpg,ppe_train_image1249_f26608dfdf,ppe_orig,ppe_orig:f26608dfdf,0,2,0,b007ca036bc693191240ea1c83d578007eeccee4
ppe_train_image124_1db942d427.jpg,ppe_train_image124_1db942d427,ppe_orig,ppe_orig:1db942d427,2,0,0,af02a9faccb0581263c329f7bea0bb26ce43afd9
ppe_train_image1250_24d5dc7a93.jpg,ppe_train_image1250_24d5dc7a93,ppe_orig,ppe_orig:24d5dc7a93,0,1,0,9e97c0a9ee9c510910f3f8565fe78fad8076f74c
ppe_train_image1251_6afb2d8de7.jpg,ppe_train_image1251_6afb2d8de7,ppe_orig,ppe_orig:6afb2d8de7,0,1,0,059fc258202829f4e45a22f9fc51475ae3195a1b
ppe_train_image1253_5d5e5c70c5.jpg,ppe_train_image1253_5d5e5c70c5,ppe_orig,ppe_orig:5d5e5c70c5,0,1,0,63e7959c6c0ca3098ffa538f54e55f0163ba1e89
ppe_train_image1254_12957d1fe3.jpg,ppe_train_image1254_12957d1fe3,ppe_orig,ppe_orig:12957d1fe3,0,1,0,36b59f85073c6567a949ada60eef0f8fc9eaee11
ppe_train_image1255_0cae328708.jpg,ppe_train_image1255_0cae328708,ppe_orig,ppe_orig:0cae328708,0,1,0,4ab725b3cbe67a5c94ec5d7426a270618079dad0
ppe_train_image1257_2afc3b4bbe.jpg,ppe_train_image1257_2afc3b4bbe,ppe_orig,ppe_orig:2afc3b4bbe,0,1,0,faaff58b37f6055973d36c084373b78c3db78013
ppe_train_image1258_64d245e39e.jpg,ppe_train_image1258_64d245e39e,ppe_orig,ppe_orig:64d245e39e,0,3,0,e79002b29917a1f8af5897d2257b0b055e0176b5
ppe_train_image1259_cbc0ff6e48.jpg,ppe_train_image1259_cbc0ff6e48,ppe_orig,ppe_orig:cbc0ff6e48,0,3,0,4454dd109a464ab6866eb15d4792ff864cd84e5b
ppe_train_image125_6dff3e65b5.jpg,ppe_train_image125_6dff3e65b5,ppe_orig,ppe_orig:6dff3e65b5,6,0,0,7b7a78a651037e76040a3e1956bc9e4ce8eb6abd
ppe_train_image1260_5726508fd2.jpg,ppe_train_image1260_5726508fd2,ppe_orig,ppe_orig:5726508fd2,0,2,0,3dc78335b41fab98d82f51c81eb17f66037685e9
ppe_train_image1261_cd80cc7442.jpg,ppe_train_image1261_cd80cc7442,ppe_orig,ppe_orig:cd80cc7442,0,2,0,2e3009e2908bc82b8a369e5b70f8753b06ed9611
ppe_train_image1262_d455cb6957.jpg,ppe_train_image1262_d455cb6957,ppe_orig,ppe_orig:d455cb6957,0,1,0,58fab1b58811872f074ed60c145cb9b97bc13108
ppe_train_image1263_ddf6d812e5.jpg,ppe_train_image1263_ddf6d812e5,ppe_orig,ppe_orig:ddf6d812e5,0,1,0,84e7d1441701be30fde27c13805356b33cd6d662
ppe_train_image1265_754771e440.jpg,ppe_train_image1265_754771e440,ppe_orig,ppe_orig:754771e440,0,1,0,807b8884d37f7cf478afa2b52f2b4663bcc587ac
ppe_train_image1266_640e054c95.jpg,ppe_train_image1266_640e054c95,ppe_orig,ppe_orig:640e054c95,0,1,0,5a1badea3493c4be13b1df95efd0bfe86dbcccad
ppe_train_image1267_8fd1e3aece.jpg,ppe_train_image1267_8fd1e3aece,ppe_orig,ppe_orig:8fd1e3aece,0,1,0,9393053b7f40fbc67fb32c940cf4b821e7c689eb
ppe_train_image1268_ab047ed5f4.jpg,ppe_train_image1268_ab047ed5f4,ppe_orig,ppe_orig:ab047ed5f4,0,1,0,a6c61d839688638a6f21d917ca303b2367508ac2
ppe_train_image1269_5a1a9851cf.jpg,ppe_train_image1269_5a1a9851cf,ppe_orig,ppe_orig:5a1a9851cf,1,1,0,c15cffea5523b142c4088aa88b69e50892e5aa51
ppe_train_image126_3fd831d66c.jpg,ppe_train_image126_3fd831d66c,ppe_orig,ppe_orig:3fd831d66c,5,0,0,29a0631ad42f361f169d7faaaab2f9f52233e589
ppe_train_image1271_a936201be0.jpg,ppe_train_image1271_a936201be0,ppe_orig,ppe_orig:a936201be0,0,1,0,7fb1250cddeb746827016d20e85d73b364d746af
ppe_train_image1272_8d4bb12803.jpg,ppe_train_image1272_8d4bb12803,ppe_orig,ppe_orig:8d4bb12803,0,1,0,b374135c7fb5b922e781f6aae663adee2edf893c
ppe_train_image1274_345e117009.jpg,ppe_train_image1274_345e117009,ppe_orig,ppe_orig:345e117009,0,3,0,5e23e5234b7e360671db780da92851b2e8069a54
ppe_train_image1275_2c1ed7766b.jpg,ppe_train_image1275_2c1ed7766b,ppe_orig,ppe_orig:2c1ed7766b,0,3,0,7bc9f4dadcb1fc4936cc5949c859d6243c4e153c
ppe_train_image1277_0315f991dc.jpg,ppe_train_image1277_0315f991dc,ppe_orig,ppe_orig:0315f991dc,0,1,0,a57cc92130674765196843c7d87568264318304a
ppe_train_image1278_16e25ed149.jpg,ppe_train_image1278_16e25ed149,ppe_orig,ppe_orig:16e25ed149,0,2,0,74e86fb53c1cd1eb744a79aedfb1a5caa2f0eb7d
ppe_train_image1279_3244c37ddb.jpg,ppe_train_image1279_3244c37ddb,ppe_orig,ppe_orig:3244c37ddb,0,2,0,80dfc2a843e61c9f9ade852e623c0a74e0d18b51
ppe_train_image127_92aee517ad.jpg,ppe_train_image127_92aee517ad,ppe_orig,ppe_orig:92aee517ad,3,0,0,2051a2c779b6262aeb25e4241d2ae88c776e1f3b
ppe_train_image1280_fc58871443.jpg,ppe_train_image1280_fc58871443,ppe_orig,ppe_orig:fc58871443,0,4,0,ca89d005d7444b40d3115b7caeaf0e339cd9b90f
ppe_train_image1281_1eb210e973.jpg,ppe_train_image1281_1eb210e973,ppe_orig,ppe_orig:1eb210e973,0,1,0,02d4ec4d814d908fa9a479741c5b7bf66fdafcd1
ppe_train_image1282_8a971f225a.jpg,ppe_train_image1282_8a971f225a,ppe_orig,ppe_orig:8a971f225a,0,1,0,bee248f693ef6a8dfbe40452610a01bda4ffe5c4
ppe_train_image1283_ba6b33ab75.jpg,ppe_train_image1283_ba6b33ab75,ppe_orig,ppe_orig:ba6b33ab75,0,1,0,39a6a56136186a190e447fe458e505fb628ec786
ppe_train_image1284_81aa220a50.jpg,ppe_train_image1284_81aa220a50,ppe_orig,ppe_orig:81aa220a50,0,2,0,07b4d6999ef128e84268c902658413d836db3de6
ppe_train_image1285_cdf34d9cae.jpg,ppe_train_image1285_cdf34d9cae,ppe_orig,ppe_orig:cdf34d9cae,0,3,0,496bcb4df453cbfafbd689c9780773b6344bc308
ppe_train_image1286_c79395473f.jpg,ppe_train_image1286_c79395473f,ppe_orig,ppe_orig:c79395473f,0,1,0,b7920499c667d4470096c35f97ded8eb5bd965f0
ppe_train_image1287_34895af3cc.jpg,ppe_train_image1287_34895af3cc,ppe_orig,ppe_orig:34895af3cc,0,1,0,ba824384d45a56d8703c2554cf228d50994976eb
ppe_train_image1288_c3d91c5999.jpg,ppe_train_image1288_c3d91c5999,ppe_orig,ppe_orig:c3d91c5999,0,2,0,4db91ddf21b734e1a329076063130795867e7672
ppe_train_image1289_0f22e65559.jpg,ppe_train_image1289_0f22e65559,ppe_orig,ppe_orig:0f22e65559,1,3,0,ef592ddc2631d86cfef948f644654a66104016ed
ppe_train_image128_6a081fd103.jpg,ppe_train_image128_6a081fd103,ppe_orig,ppe_orig:6a081fd103,15,0,0,f3a5af97c1e6104126c2dbd1d4040fe8d37fa880
ppe_train_image1291_06691b239f.jpg,ppe_train_image1291_06691b239f,ppe_orig,ppe_orig:06691b239f,0,1,0,21c3f9e442b10d8ee98398cf3a7395f5f78c388b
ppe_train_image1294_d826d4e460.jpg,ppe_train_image1294_d826d4e460,ppe_orig,ppe_orig:d826d4e460,0,2,0,a86764e756a136394016a0245f7882f210e7ad64
ppe_train_image1295_082e4a44a2.jpg,ppe_train_image1295_082e4a44a2,ppe_orig,ppe_orig:082e4a44a2,0,1,0,ca92d388fbd6ec85f158f426ff833cd5872bc892
ppe_train_image1296_1c10f9a8db.jpg,ppe_train_image1296_1c10f9a8db,ppe_orig,ppe_orig:1c10f9a8db,0,3,0,ab8247ce855764352477b54ab8fb995296515bdc
ppe_train_image1297_80e938b76f.jpg,ppe_train_image1297_80e938b76f,ppe_orig,ppe_orig:80e938b76f,0,5,0,b8e8f0aa181684c10f82cef52c7d9416b4d24e0d
ppe_train_image1298_07b7c43c90.jpg,ppe_train_image1298_07b7c43c90,ppe_orig,ppe_orig:07b7c43c90,0,1,0,c05ef1b1f61d9a9d15cbc6fd76e3c477ee993b3a
ppe_train_image1299_c07fa38280.jpg,ppe_train_image1299_c07fa38280,ppe_orig,ppe_orig:c07fa38280,1,0,0,538ff3a6b6549412911437c3aa1105e694f60457
ppe_train_image1300_cb20315642.jpg,ppe_train_image1300_cb20315642,ppe_orig,ppe_orig:cb20315642,0,1,0,03b2ae13162eedfe661eb6ab3924f2695b83f140
ppe_train_image1302_0dc5df7536.jpg,ppe_train_image1302_0dc5df7536,ppe_orig,ppe_orig:0dc5df7536,0,2,0,5ae4bcedc07bdb022788dc026c55b2c37536036d
ppe_train_image1303_a0c78e685f.jpg,ppe_train_image1303_a0c78e685f,ppe_orig,ppe_orig:a0c78e685f,0,1,0,d0615d42b18f73e3bc0cb336f55979ee1169fcb0
ppe_train_image1304_b6e3235f60.jpg,ppe_train_image1304_b6e3235f60,ppe_orig,ppe_orig:b6e3235f60,0,1,0,add0abe27cd7b845451f675bb04e2d8476e88574
ppe_train_image1305_b9046e0eff.jpg,ppe_train_image1305_b9046e0eff,ppe_orig,ppe_orig:b9046e0eff,0,1,0,1c2917d50e7cd7d6474a0f727134fe3617b17e3c
ppe_train_image1307_5d3c928296.jpg,ppe_train_image1307_5d3c928296,ppe_orig,ppe_orig:5d3c928296,0,1,0,20f3cac7f21c442dd5e612020be940ad28223c16
ppe_train_image1308_1e3597469f.jpg,ppe_train_image1308_1e3597469f,ppe_orig,ppe_orig:1e3597469f,0,1,0,98dd975a1681294680943d2d6986fb22fe09d10c
ppe_train_image1309_f86e1a939b.jpg,ppe_train_image1309_f86e1a939b,ppe_orig,ppe_orig:f86e1a939b,0,3,0,72fb788abe4498fb06be18f4f6c1ec2842944471
ppe_train_image1310_1f9c27359e.jpg,ppe_train_image1310_1f9c27359e,ppe_orig,ppe_orig:1f9c27359e,0,1,0,49b88eb067dae882542a01ab34bf3adf8626ae0e
ppe_train_image1311_b21bf2d7ac.jpg,ppe_train_image1311_b21bf2d7ac,ppe_orig,ppe_orig:b21bf2d7ac,0,1,0,6d8b45909fee75ce73261581922431677b4712b3
ppe_train_image1312_2908c8c892.jpg,ppe_train_image1312_2908c8c892,ppe_orig,ppe_orig:2908c8c892,0,1,0,7e43322714ce9cd62eaf1404d7a82a4a737537a5
ppe_train_image1313_0769720ced.jpg,ppe_train_image1313_0769720ced,ppe_orig,ppe_orig:0769720ced,0,1,0,52e5d73466f4f60f0ab601ba8253ae4b7a030f68
ppe_train_image1314_327c859c64.jpg,ppe_train_image1314_327c859c64,ppe_orig,ppe_orig:327c859c64,0,2,0,ea30551379b3d890fb69f2ca02a295c2d658fdd8
ppe_train_image1315_e5d4e4c350.jpg,ppe_train_image1315_e5d4e4c350,ppe_orig,ppe_orig:e5d4e4c350,0,2,0,09b61bbee9f374e16809c4f8ea761e3ce7f0a730
ppe_train_image1316_a4211fb2b9.jpg,ppe_train_image1316_a4211fb2b9,ppe_orig,ppe_orig:a4211fb2b9,0,1,0,6e29723517ae65ca6a04fe7701a139f97afe6835
ppe_train_image1317_e93be95acb.jpg,ppe_train_image1317_e93be95acb,ppe_orig,ppe_orig:e93be95acb,0,1,0,da43b72fb295b7179422cf9cdc8ef5c975caab1d
ppe_train_image1318_c1e0a55e24.jpg,ppe_train_image1318_c1e0a55e24,ppe_orig,ppe_orig:c1e0a55e24,0,1,0,a04daa23a74c4443d01b1b925c2d536e65efe215
ppe_train_image1319_f50fa4f25a.jpg,ppe_train_image1319_f50fa4f25a,ppe_orig,ppe_orig:f50fa4f25a,0,5,0,6bba1b888be49a6576622731557c9a2beb1c0c7b
ppe_train_image131_54923facb5.jpg,ppe_train_image131_54923facb5,ppe_orig,ppe_orig:54923facb5,4,0,0,f347ed00ddf710344488ba9acd318f6d367a3058
ppe_train_image1320_57bd49dffb.jpg,ppe_train_image1320_57bd49dffb,ppe_orig,ppe_orig:57bd49dffb,0,1,0,c653855807fb7f95e68e3ef6a8a2369877d91b3b
ppe_train_image1321_782dbb31a1.jpg,ppe_train_image1321_782dbb31a1,ppe_orig,ppe_orig:782dbb31a1,0,3,0,4f9ffa4961443ff759d92c062a0add79c0b01b1e
ppe_train_image1322_06f0ebe0ea.jpg,ppe_train_image1322_06f0ebe0ea,ppe_orig,ppe_orig:06f0ebe0ea,0,1,0,95da68272d964c678bcb4f71e5d41476632ca830
ppe_train_image1323_a8da95aaf7.jpg,ppe_train_image1323_a8da95aaf7,ppe_orig,ppe_orig:a8da95aaf7,0,1,0,2957cb880566d8201fd2d3fbd30fffb7fdfd33bc
ppe_train_image1324_fcaaea9cbf.jpg,ppe_train_image1324_fcaaea9cbf,ppe_orig,ppe_orig:fcaaea9cbf,0,3,0,d0fc3ee0d310a8e852e8c28ec83788c0ee223724
ppe_train_image1325_d2a24f2023.jpg,ppe_train_image1325_d2a24f2023,ppe_orig,ppe_orig:d2a24f2023,0,1,0,ac12de6aa4d474e4a0f115c9cc0f8ae1f1c0abb3
ppe_train_image1326_aa334bcfd3.jpg,ppe_train_image1326_aa334bcfd3,ppe_orig,ppe_orig:aa334bcfd3,0,3,0,e6127b25099e5c469dfe290b171c48db13d4cfb0
ppe_train_image1327_7ce8161cb3.jpg,ppe_train_image1327_7ce8161cb3,ppe_orig,ppe_orig:7ce8161cb3,0,1,0,6cf41b47305b22d8f812e72859dc2891c468e382
ppe_train_image1328_2f4c7e2903.jpg,ppe_train_image1328_2f4c7e2903,ppe_orig,ppe_orig:2f4c7e2903,0,3,0,8e3cba5a933bc27f85ac5c3d426ac4ae139e4eb4
ppe_train_image1329_61966176dd.jpg,ppe_train_image1329_61966176dd,ppe_orig,ppe_orig:61966176dd,0,2,0,9f8569ba0867a695b78a2db0590453f3931a09f5
ppe_train_image1334_7e9d487bdc.jpg,ppe_train_image1334_7e9d487bdc,ppe_orig,ppe_orig:7e9d487bdc,0,1,0,63a596f51d26e11e635b0d46513892bc1e73c537
ppe_train_image1335_cf93e88e1a.jpg,ppe_train_image1335_cf93e88e1a,ppe_orig,ppe_orig:cf93e88e1a,0,1,0,cd5d6c56cebb5084c551ba5eaa17d6bfd37ea4fd
ppe_train_image1336_4f9b6e2627.jpg,ppe_train_image1336_4f9b6e2627,ppe_orig,ppe_orig:4f9b6e2627,0,4,0,088471f926588dc2bc909f56a81e1748294da8ff
ppe_train_image1337_fa7c653485.jpg,ppe_train_image1337_fa7c653485,ppe_orig,ppe_orig:fa7c653485,0,1,0,681c1aa13d22ea8b628a7130cf3fa957382f09ee
ppe_train_image1338_0d937270c6.jpg,ppe_train_image1338_0d937270c6,ppe_orig,ppe_orig:0d937270c6,0,1,0,877ec3e53bc4108bf7ebf44f07bd595e9aecf559
ppe_train_image1339_b7b6dd88d5.jpg,ppe_train_image1339_b7b6dd88d5,ppe_orig,ppe_orig:b7b6dd88d5,0,2,0,b7d5ca486755d267ec90f84189e8130b97c3660e
ppe_train_image133_fb3100bf4b.jpeg,ppe_train_image133_fb3100bf4b,ppe_orig,ppe_orig:fb3100bf4b,1,0,0,3ce475d356d9b2dc3315d82ac2bfb03782eb070b
ppe_train_image1340_ebb4454267.jpg,ppe_train_image1340_ebb4454267,ppe_orig,ppe_orig:ebb4454267,0,1,0,8cea1f57ebfc31aa749275b88d0e9d4338a9d12a
ppe_train_image1343_6f198949e6.jpg,ppe_train_image1343_6f198949e6,ppe_orig,ppe_orig:6f198949e6,0,1,0,6f85c37c1a2959f8f087cfe4121eb8e43c6af900
ppe_train_image1345_78dcc3717d.jpg,ppe_train_image1345_78dcc3717d,ppe_orig,ppe_orig:78dcc3717d,0,1,0,9d584654108d8d6497e7f38e8dfdc36929ec9f4b
ppe_train_image1347_4fb6233963.jpg,ppe_train_image1347_4fb6233963,ppe_orig,ppe_orig:4fb6233963,0,3,0,f3d1afdb8ccb98a61ea2ba2971dccd071c8fe005
ppe_train_image1348_206cb813c9.jpg,ppe_train_image1348_206cb813c9,ppe_orig,ppe_orig:206cb813c9,0,1,0,997c5176c9d9de273796245a31c595c67c51d05b
ppe_train_image1349_2e18060e65.jpg,ppe_train_image1349_2e18060e65,ppe_orig,ppe_orig:2e18060e65,0,1,0,2487970710569f5d03c100941e9dd3cf37335566
ppe_train_image134_c2adf4ef2f.jpg,ppe_train_image134_c2adf4ef2f,ppe_orig,ppe_orig:c2adf4ef2f,3,0,0,927fba7174e084857346c598989fc36073ee6935
ppe_train_image1350_598aa40bac.jpg,ppe_train_image1350_598aa40bac,ppe_orig,ppe_orig:598aa40bac,0,1,0,2212c92a3940744771bb09bca6e59d73f3582fd4
ppe_train_image1351_4f39bd93ea.jpg,ppe_train_image1351_4f39bd93ea,ppe_orig,ppe_orig:4f39bd93ea,0,2,0,79337970ff9d1b8775e45b6ee78917f936cbdfd7
ppe_train_image1352_aa563f5744.jpg,ppe_train_image1352_aa563f5744,ppe_orig,ppe_orig:aa563f5744,0,1,0,b43e2c79f84e463b16abecd1d524ddcea802b4eb
ppe_train_image1353_be2c2da907.jpg,ppe_train_image1353_be2c2da907,ppe_orig,ppe_orig:be2c2da907,0,1,0,f6f2f9698be74face8219d03ab2a5eabf4f8a06c
ppe_train_image1355_a43e22ee30.jpg,ppe_train_image1355_a43e22ee30,ppe_orig,ppe_orig:a43e22ee30,0,3,0,e189af088def8f1d1435ff6fc34e91646823411a
ppe_train_image1356_67322f46d6.jpg,ppe_train_image1356_67322f46d6,ppe_orig,ppe_orig:67322f46d6,0,8,0,d863479f33a31a45869a32c8148c01c57f0eb0bb
ppe_train_image1357_6aa60db427.jpg,ppe_train_image1357_6aa60db427,ppe_orig,ppe_orig:6aa60db427,3,0,0,afe7f3647e23ce86aa5b44e174cbed194ca47b0a
ppe_train_image1358_f417de0ce3.jpg,ppe_train_image1358_f417de0ce3,ppe_orig,ppe_orig:f417de0ce3,1,0,0,2d608d874dd4cbe218a62c07d61f42a0cd10e80d
ppe_train_image1359_e55f62c7c9.jpg,ppe_train_image1359_e55f62c7c9,ppe_orig,ppe_orig:e55f62c7c9,0,7,0,85d063e819dc31944c1e537ad1b468ef535133a3
ppe_train_image135_b3baf9a358.jpg,ppe_train_image135_b3baf9a358,ppe_orig,ppe_orig:b3baf9a358,4,0,0,dc2c8f1f3073b76afbc603113bc536b6555d3dd8
ppe_train_image1360_b0516f264c.jpg,ppe_train_image1360_b0516f264c,ppe_orig,ppe_orig:b0516f264c,0,2,0,1f3fe987abe65a505f06a694772c324613e1ee81
ppe_train_image1361_cc85539fd8.jpg,ppe_train_image1361_cc85539fd8,ppe_orig,ppe_orig:cc85539fd8,0,1,0,4e0009192adb23998cddd37ad48774d0bbcc7ca5
ppe_train_image1362_e856573935.jpg,ppe_train_image1362_e856573935,ppe_orig,ppe_orig:e856573935,0,1,0,7109bbe1bd2fd36d73bfa87db88e8b75613cee67
ppe_train_image1363_c134ac056c.jpg,ppe_train_image1363_c134ac056c,ppe_orig,ppe_orig:c134ac056c,0,1,0,442c330437937314c76a920220a9fd9d0fe2e50c
ppe_train_image1364_7810c369c3.jpg,ppe_train_image1364_7810c369c3,ppe_orig,ppe_orig:7810c369c3,0,1,0,40085ce6bcdcc4cfe7baef41fee98d349f09a713
ppe_train_image1365_4b713bbab8.jpg,ppe_train_image1365_4b713bbab8,ppe_orig,ppe_orig:4b713bbab8,0,1,0,513110395cfcef0888e68c45ad610f58f04b19f3
ppe_train_image1366_fe4c1a056f.jpg,ppe_train_image1366_fe4c1a056f,ppe_orig,ppe_orig:fe4c1a056f,0,1,0,0b0ba3f2721f5ef855cc7a9662a54dc6957fd897
ppe_train_image1367_b0fdf8b75e.jpg,ppe_train_image1367_b0fdf8b75e,ppe_orig,ppe_orig:b0fdf8b75e,0,2,0,0e7447be2e8083fe4bd34070a9235dc099addd29
ppe_train_image1368_3a317c9861.jpg,ppe_train_image1368_3a317c9861,ppe_orig,ppe_orig:3a317c9861,0,6,0,592dc734473f59ed53deea5e2fa85fdc88d9b5a8
ppe_train_image136_78c5f3c981.jpg,ppe_train_image136_78c5f3c981,ppe_orig,ppe_orig:78c5f3c981,9,0,0,b623728c5e98cdeb59ed019384192616fcf27859
ppe_train_image1370_ce549a2407.jpg,ppe_train_image1370_ce549a2407,ppe_orig,ppe_orig:ce549a2407,0,1,0,1adeab1f2871adb79439fd578267dfdfad2536ea
ppe_train_image1371_d44f1aeffa.jpg,ppe_train_image1371_d44f1aeffa,ppe_orig,ppe_orig:d44f1aeffa,0,1,0,bdd3ca0d9d2e0c8cc4c2d351fd6d0d9c3637f595
ppe_train_image1372_edebda34ab.jpg,ppe_train_image1372_edebda34ab,ppe_orig,ppe_orig:edebda34ab,0,1,0,9756e467cbdb4180e474252a58b7a0c72e50af9c
ppe_train_image1373_dcd8cadef9.jpg,ppe_train_image1373_dcd8cadef9,ppe_orig,ppe_orig:dcd8cadef9,0,1,0,ce73e9e17302b78f1f05bb2c84b2311fb6b53780
ppe_train_image1374_122a080ef1.jpg,ppe_train_image1374_122a080ef1,ppe_orig,ppe_orig:122a080ef1,0,4,0,9844ab690bcaf8ba2d25491115355829478031c9
ppe_train_image1376_5e33e4b3fe.jpg,ppe_train_image1376_5e33e4b3fe,ppe_orig,ppe_orig:5e33e4b3fe,0,1,0,39752dc265b001470d7c44344ba192eadaab05d5
ppe_train_image1378_f5b7911713.jpg,ppe_train_image1378_f5b7911713,ppe_orig,ppe_orig:f5b7911713,0,1,0,7d64c9f02ac9ab093c7ad4605b48e9f0ee8e8f3a
ppe_train_image1379_47a3deec08.jpg,ppe_train_image1379_47a3deec08,ppe_orig,ppe_orig:47a3deec08,0,1,0,645eedc3ffe742e804554ec588d21627366ff573
ppe_train_image1380_6a7052a5de.jpg,ppe_train_image1380_6a7052a5de,ppe_orig,ppe_orig:6a7052a5de,0,1,0,6908afc8b2e8f0f8f0c8e1b4a6534d4fabf15159
ppe_train_image1381_6d087ab3d5.jpg,ppe_train_image1381_6d087ab3d5,ppe_orig,ppe_orig:6d087ab3d5,0,1,0,15990662286278189c836b19a54b37cd77edb02a
ppe_train_image1382_11b1c63b5e.jpg,ppe_train_image1382_11b1c63b5e,ppe_orig,ppe_orig:11b1c63b5e,0,1,0,8039550188653bab3ea18ff587e0561b5670fb82
ppe_train_image1383_4dd3a42ae3.jpg,ppe_train_image1383_4dd3a42ae3,ppe_orig,ppe_orig:4dd3a42ae3,0,1,0,604236480f0382b4db28d77f9953340d54c410d2
ppe_train_image1384_4bd6eaa390.jpg,ppe_train_image1384_4bd6eaa390,ppe_orig,ppe_orig:4bd6eaa390,0,1,0,b001f5eebdaebeb1e0a7c76de0a2938b80aa8481
ppe_train_image1385_51f41df365.jpg,ppe_train_image1385_51f41df365,ppe_orig,ppe_orig:51f41df365,0,1,0,292dbc48b16ce0454a54d7ee0c905e28b36b7a0d
ppe_train_image1386_c95889be90.jpg,ppe_train_image1386_c95889be90,ppe_orig,ppe_orig:c95889be90,0,1,0,c0731f36e9909f013355a8ea08d4d9751afecf85
ppe_train_image1387_d08fc36695.jpg,ppe_train_image1387_d08fc36695,ppe_orig,ppe_orig:d08fc36695,0,1,0,b81a231e46bdec81f5ec37f441b2a07daaaa3997
ppe_train_image1389_88e9729572.jpg,ppe_train_image1389_88e9729572,ppe_orig,ppe_orig:88e9729572,0,1,0,02e65865f38eb269d75e9a5541959e8afaf1c12f
ppe_train_image1390_0b05405fb4.jpg,ppe_train_image1390_0b05405fb4,ppe_orig,ppe_orig:0b05405fb4,0,1,0,f45afeaf2d01ce4f41c9a99ba129af71a62ebf6b
ppe_train_image1391_ae08dfb350.jpg,ppe_train_image1391_ae08dfb350,ppe_orig,ppe_orig:ae08dfb350,0,1,0,dda5897cb6cc5d6c041b7a61f7495eb1c474d3ba
ppe_train_image1393_ce67777618.jpg,ppe_train_image1393_ce67777618,ppe_orig,ppe_orig:ce67777618,0,1,0,833ba1e5012b985ab872f791b0da2e5140be0d11
ppe_train_image1394_7e694846ad.jpg,ppe_train_image1394_7e694846ad,ppe_orig,ppe_orig:7e694846ad,0,1,0,5bbf624e501c379867e0d01ed9ab6f7661ecf265
ppe_train_image1395_2de79b8e3d.jpg,ppe_train_image1395_2de79b8e3d,ppe_orig,ppe_orig:2de79b8e3d,0,2,0,5e1114dc313722745654f79f9acf46595044f999
ppe_train_image1396_0bcc47ba33.jpg,ppe_train_image1396_0bcc47ba33,ppe_orig,ppe_orig:0bcc47ba33,0,1,0,d47e7cc9bf56b4189427c3136aab89ddacd32e0f
ppe_train_image1398_5b8f122b3a.jpg,ppe_train_image1398_5b8f122b3a,ppe_orig,ppe_orig:5b8f122b3a,0,1,0,a381b505b941440bb38d79fe7ea4126d80f15903
ppe_train_image1399_4028c7102d.jpg,ppe_train_image1399_4028c7102d,ppe_orig,ppe_orig:4028c7102d,0,1,0,85fd81ba5b548b9b3b70c690a35b76b5b50011d2
ppe_train_image139_1f11fcf3fe.jpg,ppe_train_image139_1f11fcf3fe,ppe_orig,ppe_orig:1f11fcf3fe,1,0,0,25023e1a7f483525fd239aecb25e20957f9bc3d0
ppe_train_image13_4c1072dccf.jpeg,ppe_train_image13_4c1072dccf,ppe_orig,ppe_orig:4c1072dccf,1,0,0,6835a491b97fa3e9c6f870b2e94349a2784b5b53
ppe_train_image1400_c7c0e7245d.jpg,ppe_train_image1400_c7c0e7245d,ppe_orig,ppe_orig:c7c0e7245d,0,1,0,ca579afac9f4497a122824382f02f59144b7e27f
ppe_train_image1401_26881c6012.jpg,ppe_train_image1401_26881c6012,ppe_orig,ppe_orig:26881c6012,0,1,0,0df5862dfe0bd7c9ca6383ce0beaa7d9243a60b4
ppe_train_image1403_cf016ccd94.jpg,ppe_train_image1403_cf016ccd94,ppe_orig,ppe_orig:cf016ccd94,0,1,0,4a16d4be74fe41a8e95033c3eb8eda78170ad73e
ppe_train_image1404_5955bb22aa.jpg,ppe_train_image1404_5955bb22aa,ppe_orig,ppe_orig:5955bb22aa,0,1,0,0729fd37100dd61ff75022a05329e9adb4bbd2aa
ppe_train_image1405_2bd16fcaa9.jpg,ppe_train_image1405_2bd16fcaa9,ppe_orig,ppe_orig:2bd16fcaa9,0,2,0,6f2768bca8e5f53d0074b891e8a658d5a475a5ca
ppe_train_image1407_85a39e368d.jpg,ppe_train_image1407_85a39e368d,ppe_orig,ppe_orig:85a39e368d,0,1,0,215f6ea997dc2af2965add19b260baee0c792484
ppe_train_image1408_0b83f11b6d.jpg,ppe_train_image1408_0b83f11b6d,ppe_orig,ppe_orig:0b83f11b6d,0,3,0,161f926bb71734658fc29fffc74e0043a1933b94
ppe_train_image1409_57585d7aed.jpg,ppe_train_image1409_57585d7aed,ppe_orig,ppe_orig:57585d7aed,0,1,0,c7a49a33c8da4b159dc7ea7fd70855c0d16cec26
ppe_train_image1410_6484042575.jpg,ppe_train_image1410_6484042575,ppe_orig,ppe_orig:6484042575,0,1,0,d9a3370c1d249d0edb6f03ebfcb19ada6e3dd799
ppe_train_image1411_db8dc6391a.jpg,ppe_train_image1411_db8dc6391a,ppe_orig,ppe_orig:db8dc6391a,0,1,0,056e3a6bd32be9c7a075f7d26386de8ec6376b48
ppe_train_image1412_b0428451ba.jpg,ppe_train_image1412_b0428451ba,ppe_orig,ppe_orig:b0428451ba,0,1,0,b5cccf62dfe8b38e98fb5fda65b3d050f7189849
ppe_train_image1413_40294f20dc.jpg,ppe_train_image1413_40294f20dc,ppe_orig,ppe_orig:40294f20dc,0,1,0,a22b54ed8798e3d5826661600a577d178969d2fc
ppe_train_image1414_9d4f5369bb.jpg,ppe_train_image1414_9d4f5369bb,ppe_orig,ppe_orig:9d4f5369bb,0,1,0,2a369e02ab1c08d8a512466d4aca36dcfd9ae2c5
ppe_train_image1415_53a128fcaf.jpg,ppe_train_image1415_53a128fcaf,ppe_orig,ppe_orig:53a128fcaf,0,1,0,d0a847c9070089df43ffe0a3ddec9fe379b3d1db
ppe_train_image1416_4eeb1e17bb.jpg,ppe_train_image1416_4eeb1e17bb,ppe_orig,ppe_orig:4eeb1e17bb,0,3,0,c065760b0b43d92c71fd4795777229e2b9a32b7e
ppe_train_image142_853b21d750.jpg,ppe_train_image142_853b21d750,ppe_orig,ppe_orig:853b21d750,1,0,0,ff6f57a11d5592e86b307feb6456c0eb4f930e58
ppe_train_image143_74bf37467b.jpg,ppe_train_image143_74bf37467b,ppe_orig,ppe_orig:74bf37467b,4,0,0,9088a4542ffd897b47ea5e5c798e0b7c6669343a
ppe_train_image145_b4294ee57c.jpg,ppe_train_image145_b4294ee57c,ppe_orig,ppe_orig:b4294ee57c,4,0,0,964a068d3870b8a3a2b272e78029284180717a09
ppe_train_image146_8511acf6e0.jpg,ppe_train_image146_8511acf6e0,ppe_orig,ppe_orig:8511acf6e0,11,0,0,a704b49d83e22b671e973df4f60b40f196ab2f59
ppe_train_image147_fed4e63182.jpg,ppe_train_image147_fed4e63182,ppe_orig,ppe_orig:fed4e63182,4,0,0,e135d126db87ae2811eb2a0cfc9a199439dc6c73
ppe_train_image148_e2a73f70e4.jpg,ppe_train_image148_e2a73f70e4,ppe_orig,ppe_orig:e2a73f70e4,4,0,0,443fa26eac5a4db33c33e7e885d8762cb3a5bb1d
ppe_train_image14_3687263a9e.jpeg,ppe_train_image14_3687263a9e,ppe_orig,ppe_orig:3687263a9e,2,0,0,5243215ce8de52f6618163d1ff5a4b1b94c34f13
ppe_train_image152_01e03c01f5.jpeg,ppe_train_image152_01e03c01f5,ppe_orig,ppe_orig:01e03c01f5,2,0,0,0dd9d6222a0566c5e658c4c34562eb5228e4c7d5
ppe_train_image153_7a69d96919.jpg,ppe_train_image153_7a69d96919,ppe_orig,ppe_orig:7a69d96919,1,0,0,de2020d24f12fca77b58c23bdf70b2ac7c02e3d2
ppe_train_image154_64549732df.jpg,ppe_train_image154_64549732df,ppe_orig,ppe_orig:64549732df,18,0,0,294492408df84c9476de6f9066969b9bbc6c8159
ppe_train_image155_515fa3885b.jpeg,ppe_train_image155_515fa3885b,ppe_orig,ppe_orig:515fa3885b,2,0,0,8b1517c1ffa4eb1920b38006aa0c9eba4e308b5b
ppe_train_image156_1b947b9216.jpg,ppe_train_image156_1b947b9216,ppe_orig,ppe_orig:1b947b9216,1,0,0,8d26722fec8b7a10cf1db1a05bc7278b2cd50a40
ppe_train_image157_1331b8c1a0.jpeg,ppe_train_image157_1331b8c1a0,ppe_orig,ppe_orig:1331b8c1a0,2,0,0,87c42d6f8a78404408e27b6dbe77665d7cbaf31c
ppe_train_image158_1bc79cde04.jpeg,ppe_train_image158_1bc79cde04,ppe_orig,ppe_orig:1bc79cde04,1,0,0,d0941e857d4a3496caa288ebdfe2af333a76e825
ppe_train_image159_abbc0fc193.jpeg,ppe_train_image159_abbc0fc193,ppe_orig,ppe_orig:abbc0fc193,1,0,0,87a957d12ed81b41b6a0d8751df1180c10da8398
ppe_train_image15_5ecd17dbea.jpg,ppe_train_image15_5ecd17dbea,ppe_orig,ppe_orig:5ecd17dbea,1,0,0,7fd15dcc5dd8491209019a1391c3148ac230eb89
ppe_train_image162_f0811c689e.jpg,ppe_train_image162_f0811c689e,ppe_orig,ppe_orig:f0811c689e,3,0,0,b9b8fb224b813ee9ae77019a99b794fdf9d4c0a6
ppe_train_image163_329a87aa5d.jpg,ppe_train_image163_329a87aa5d,ppe_orig,ppe_orig:329a87aa5d,1,0,0,ed90d17861a49549d810941a5052f60a91bb4ce6
ppe_train_image165_5a00a91e28.jpg,ppe_train_image165_5a00a91e28,ppe_orig,ppe_orig:5a00a91e28,1,0,0,75bcbed03bb83bc1b43e8f4c931a853b6cf5c04b
ppe_train_image166_8034fb9491.jpg,ppe_train_image166_8034fb9491,ppe_orig,ppe_orig:8034fb9491,3,0,0,254f5fa202c6a4200111c4b5080f37c56416d1e5
ppe_train_image16_4246abcf7b.jpeg,ppe_train_image16_4246abcf7b,ppe_orig,ppe_orig:4246abcf7b,2,0,0,3dd3b58014008a8141d8e9358a7f3517f5e1929f
ppe_train_image170_c53a31d0f5.jpg,ppe_train_image170_c53a31d0f5,ppe_orig,ppe_orig:c53a31d0f5,1,0,0,3a6e255f626e6f9d934ae3923a51d30f66e219f9
ppe_train_image172_dd665555ba.jpg,ppe_train_image172_dd665555ba,ppe_orig,ppe_orig:dd665555ba,1,0,0,21099b788f13c1feaaa38232cb9af56b2fc8718f
ppe_train_image173_98140ed715.jpg,ppe_train_image173_98140ed715,ppe_orig,ppe_orig:98140ed715,1,0,0,3bef75b9e759dcfb19918772813de7f8b5e55958
ppe_train_image174_094b5a5084.jpg,ppe_train_image174_094b5a5084,ppe_orig,ppe_orig:094b5a5084,1,0,0,d522acb50b6fc877ac49fa0120c81c51057a700f
ppe_train_image175_36f20a5c33.jpg,ppe_train_image175_36f20a5c33,ppe_orig,ppe_orig:36f20a5c33,1,0,0,6f9c9ce588b7b0494ee8c4a66428e8fd8d3e31df
ppe_train_image177_d4ba6b5aec.jpg,ppe_train_image177_d4ba6b5aec,ppe_orig,ppe_orig:d4ba6b5aec,2,0,0,348e5d191387bf13b1778798d144f0cf0af6aeff
ppe_train_image178_467ad4cd5c.jpg,ppe_train_image178_467ad4cd5c,ppe_orig,ppe_orig:467ad4cd5c,2,0,0,dde6299af7169d54e1ced5588cb3d4af88cf23cf
ppe_train_image179_36d319db64.jpg,ppe_train_image179_36d319db64,ppe_orig,ppe_orig:36d319db64,1,0,0,fb53e95f0d4c16d0023a26ac642f74d9c2d8e9d5
ppe_train_image17_9e18ce0717.jpg,ppe_train_image17_9e18ce0717,ppe_orig,ppe_orig:9e18ce0717,1,0,0,0bedc2297a27d6ddc7833106a50dd23cddd3b7b1
ppe_train_image181_b0eec97578.jpg,ppe_train_image181_b0eec97578,ppe_orig,ppe_orig:b0eec97578,1,0,0,9a0b129b536bb0e2ecf4a6d3a0bcdaae03f5803c
ppe_train_image183_02c55b16a6.jpg,ppe_train_image183_02c55b16a6,ppe_orig,ppe_orig:02c55b16a6,1,0,0,dd07e1ecc0d1ec610f07b9a019a2729e00b0e91a
ppe_train_image184_433d140c82.jpg,ppe_train_image184_433d140c82,ppe_orig,ppe_orig:433d140c82,3,0,0,ee205f8dcf2fcd7d3f9a9b8b3bd4923060b8476f
ppe_train_image185_9459deba05.jpg,ppe_train_image185_9459deba05,ppe_orig,ppe_orig:9459deba05,10,0,0,42cc215e583224a8e46257bcb258287812810ced
ppe_train_image186_5134982237.jpg,ppe_train_image186_5134982237,ppe_orig,ppe_orig:5134982237,1,0,0,7c133008120f9b62cc565e699ea1bca9dd23bbfb
ppe_train_image187_79e0659593.jpg,ppe_train_image187_79e0659593,ppe_orig,ppe_orig:79e0659593,1,0,0,7d443644c74fb9b208e055dce1c33f29b3205000
ppe_train_image188_1d2e5b0fcd.jpg,ppe_train_image188_1d2e5b0fcd,ppe_orig,ppe_orig:1d2e5b0fcd,3,0,0,246d8d25a79dfc90d470d444611c1eb93207ad3e
ppe_train_image189_f718cbfd73.jpg,ppe_train_image189_f718cbfd73,ppe_orig,ppe_orig:f718cbfd73,2,0,0,fe510c5ad4d5d06b99e38063e427099f4ceef1c3
ppe_train_image18_88e31ca25b.jpeg,ppe_train_image18_88e31ca25b,ppe_orig,ppe_orig:88e31ca25b,2,0,0,475b191f4141e73de53a4a8da0de317397856a1b
ppe_train_image191_bad18d9abb.jpg,ppe_train_image191_bad18d9abb,ppe_orig,ppe_orig:bad18d9abb,1,0,0,76fbfaa9e848e6845b828c46f32702154f98b28c
ppe_train_image192_48c613eaf7.jpg,ppe_train_image192_48c613eaf7,ppe_orig,ppe_orig:48c613eaf7,1,0,0,b8d5d4ee516234dc34179f9bee189f1be9ecf104
ppe_train_image193_5a90562d7b.jpg,ppe_train_image193_5a90562d7b,ppe_orig,ppe_orig:5a90562d7b,1,0,0,136a4d7d8b00f295164638d562a335fa0745078d
ppe_train_image194_10289578df.jpg,ppe_train_image194_10289578df,ppe_orig,ppe_orig:10289578df,1,0,0,9444358f7d233d8822fcc08dc16569f44b74ffb4
ppe_train_image195_b827ff3e83.jpg,ppe_train_image195_b827ff3e83,ppe_orig,ppe_orig:b827ff3e83,1,0,0,2207f35d720bce921f8064f4db5164ea39c690ad
ppe_train_image196_72aef0925f.jpg,ppe_train_image196_72aef0925f,ppe_orig,ppe_orig:72aef0925f,1,0,0,0be6b6486442e09d22217b93859f372b59b41911
ppe_train_image197_4fa348c0a2.jpg,ppe_train_image197_4fa348c0a2,ppe_orig,ppe_orig:4fa348c0a2,1,0,0,41820626970e52e58b1131e3ba67c84640f719f4
ppe_train_image198_63d6195875.jpg,ppe_train_image198_63d6195875,ppe_orig,ppe_orig:63d6195875,1,0,0,266f45898c5acfd59c95d6929230eccaedd06be9
ppe_train_image19_7a3916f7ed.jpeg,ppe_train_image19_7a3916f7ed,ppe_orig,ppe_orig:7a3916f7ed,1,0,0,3347805921f9368c30b72450e0fb21299701f2ba
ppe_train_image200_c48a31efcf.jpg,ppe_train_image200_c48a31efcf,ppe_orig,ppe_orig:c48a31efcf,1,0,0,abd2a70924e679b47687e0231d38dfd32b525635
ppe_train_image201_fba150cb2e.jpg,ppe_train_image201_fba150cb2e,ppe_orig,ppe_orig:fba150cb2e,3,0,0,b87fbda985ce8ba8d16a703e7fd8b643af17f65d
ppe_train_image203_27fa830aac.jpg,ppe_train_image203_27fa830aac,ppe_orig,ppe_orig:27fa830aac,2,0,0,0b4b73debe79810602617bd919c2ca8c8b5fa7b5
ppe_train_image204_26f9ee7d1c.jpg,ppe_train_image204_26f9ee7d1c,ppe_orig,ppe_orig:26f9ee7d1c,1,0,0,ed159748ad9c2421076fea2037336aaab707659f
ppe_train_image205_1255cb2b53.jpg,ppe_train_image205_1255cb2b53,ppe_orig,ppe_orig:1255cb2b53,1,0,0,5325681e38f11c9309dfe3e62313ec6439a6f72a
ppe_train_image206_5bb635d0e6.jpg,ppe_train_image206_5bb635d0e6,ppe_orig,ppe_orig:5bb635d0e6,4,0,0,eac553c3abe7a8728223d57d5a637fa89bda8e20
ppe_train_image208_081de49c99.jpeg,ppe_train_image208_081de49c99,ppe_orig,ppe_orig:081de49c99,1,0,0,a13db0c9e2227d4efd62b424494708e13bb5e687
ppe_train_image209_d091805a74.jpg,ppe_train_image209_d091805a74,ppe_orig,ppe_orig:d091805a74,1,0,0,5b8aec64d7b131dc3897c35ea053f4cc996ffed0
ppe_train_image20_7d26d3cfcd.jpg,ppe_train_image20_7d26d3cfcd,ppe_orig,ppe_orig:7d26d3cfcd,1,0,0,e079b6152a43b93b488cca4a8a1d715d310e26d6
ppe_train_image210_0a082012d2.jpg,ppe_train_image210_0a082012d2,ppe_orig,ppe_orig:0a082012d2,1,0,0,d6078c2dd7cfef824d630e9a20c9670cbec2c698
ppe_train_image211_4aa46cbafa.jpeg,ppe_train_image211_4aa46cbafa,ppe_orig,ppe_orig:4aa46cbafa,1,0,0,f47a238f3350bcb5353139f208df7592901dcd99
ppe_train_image216_9ce24659d1.jpg,ppe_train_image216_9ce24659d1,ppe_orig,ppe_orig:9ce24659d1,1,0,0,9e966b396b95032debc1f6bae5af9c76e2085912
ppe_train_image217_79ad22abd8.jpg,ppe_train_image217_79ad22abd8,ppe_orig,ppe_orig:79ad22abd8,1,0,0,d8b3b71163f15e960a42f9a60a88ed7787250228
ppe_train_image218_4ae225a452.jpg,ppe_train_image218_4ae225a452,ppe_orig,ppe_orig:4ae225a452,1,0,0,10e0a8ba772636cc0659036d26f46ebef2aea94c
ppe_train_image219_eb40443f88.jpg,ppe_train_image219_eb40443f88,ppe_orig,ppe_orig:eb40443f88,1,0,0,d4b32f7dd15e7190d9e403b61206a517c1c87b87
ppe_train_image21_a745bec00f.jpeg,ppe_train_image21_a745bec00f,ppe_orig,ppe_orig:a745bec00f,4,0,0,1dd6ed2014e4c879fd39c6baa64e028d323b1a1d
ppe_train_image220_b3865c9523.jpg,ppe_train_image220_b3865c9523,ppe_orig,ppe_orig:b3865c9523,1,0,0,e6041a0db0cd89e2e5f1d997c1397bf277bc732b
ppe_train_image221_701ef853a6.jpg,ppe_train_image221_701ef853a6,ppe_orig,ppe_orig:701ef853a6,1,0,0,5fd0f504f5c849b38e380802af1b36d7c8b93c3f
ppe_train_image222_11f2791be3.jpg,ppe_train_image222_11f2791be3,ppe_orig,ppe_orig:11f2791be3,4,0,0,f63a3682d5f5939b7b136c3baa0ed9a7191482f0
ppe_train_image224_ebfca00607.jpg,ppe_train_image224_ebfca00607,ppe_orig,ppe_orig:ebfca00607,1,0,0,18598368287af0b89ce19a35dfd9a63c829676b1
ppe_train_image226_8af294b079.jpg,ppe_train_image226_8af294b079,ppe_orig,ppe_orig:8af294b079,6,0,0,b7d3f0b71b5876764edf055643b69f2fb741e28d
ppe_train_image227_c8685b71f6.jpg,ppe_train_image227_c8685b71f6,ppe_orig,ppe_orig:c8685b71f6,1,0,0,13c6ecbf4b002b965f491c3538f75b552b2a5037
ppe_train_image22_3109330662.jpg,ppe_train_image22_3109330662,ppe_orig,ppe_orig:3109330662,3,0,0,1662999e54ed56d74c1e7aa2a5c187e6a9935493
ppe_train_image232_c196721918.jpg,ppe_train_image232_c196721918,ppe_orig,ppe_orig:c196721918,1,0,0,f6590995aef1cb8614b74f5f8a69986b0ba3e4b9
ppe_train_image233_4aa78d5dc5.jpg,ppe_train_image233_4aa78d5dc5,ppe_orig,ppe_orig:4aa78d5dc5,1,0,0,ac7689bda3a41949592179549faddec676d49491
ppe_train_image234_24384ab38e.jpg,ppe_train_image234_24384ab38e,ppe_orig,ppe_orig:24384ab38e,1,0,0,88b8e4a7a23749016e275bbed680e9218e1b86ff
ppe_train_image235_91b3579b5a.jpg,ppe_train_image235_91b3579b5a,ppe_orig,ppe_orig:91b3579b5a,1,0,0,2e1cae6f22dffe3bd6969b441637e1c720bc2166
ppe_train_image236_88d6f5cdcd.jpg,ppe_train_image236_88d6f5cdcd,ppe_orig,ppe_orig:88d6f5cdcd,1,0,0,189567000d243587adbbefffdb0c557b3aa399b9
ppe_train_image237_15f0146745.jpg,ppe_train_image237_15f0146745,ppe_orig,ppe_orig:15f0146745,1,0,0,a245ca0d3ca9d225099e68039a5713c8f4182526
ppe_train_image239_4800b6ee8f.jpg,ppe_train_image239_4800b6ee8f,ppe_orig,ppe_orig:4800b6ee8f,1,0,0,236b29f174f98b2fcea4f299881f8368ac22214d
ppe_train_image240_6ddcc7e51d.jpg,ppe_train_image240_6ddcc7e51d,ppe_orig,ppe_orig:6ddcc7e51d,1,0,0,a346f376eaef63b256617e75dbe0d4c2c0749fe5
ppe_train_image242_1a00e0146d.jpg,ppe_train_image242_1a00e0146d,ppe_orig,ppe_orig:1a00e0146d,1,0,0,2cf10fa447172fe9756fc4cdc175ebf68da49e5c
ppe_train_image243_b6022842cf.jpg,ppe_train_image243_b6022842cf,ppe_orig,ppe_orig:b6022842cf,1,0,0,718ae5fbe7849d277983b2badf4be2e78d5d8c64
ppe_train_image244_f567d9a20b.jpg,ppe_train_image244_f567d9a20b,ppe_orig,ppe_orig:f567d9a20b,1,0,0,769a5dcfc01b402f668aecfb64b7807106896fd6
ppe_train_image245_8969cc7cc0.jpg,ppe_train_image245_8969cc7cc0,ppe_orig,ppe_orig:8969cc7cc0,1,0,0,912d82e05f1c65d4b4ee0ec9186868b8a4affa72
ppe_train_image246_18499fdf36.jpg,ppe_train_image246_18499fdf36,ppe_orig,ppe_orig:18499fdf36,1,0,0,ac9e8191782564831fb66588f4008ef7a106a7a3
ppe_train_image247_2bd015b585.jpg,ppe_train_image247_2bd015b585,ppe_orig,ppe_orig:2bd015b585,1,0,0,c7aa9da8740cd1b271514eda223ff8f221a101c2
ppe_train_image248_51762cc694.jpg,ppe_train_image248_51762cc694,ppe_orig,ppe_orig:51762cc694,1,0,0,be71c4a39d55a3af2383e0b56fc4e14dfb60177a
ppe_train_image249_13966c8152.jpg,ppe_train_image249_13966c8152,ppe_orig,ppe_orig:13966c8152,1,0,0,6cbcf58a9cfae89fe5d1b02a27b30952efe6d57f
ppe_train_image24_11332642b3.jpg,ppe_train_image24_11332642b3,ppe_orig,ppe_orig:11332642b3,1,0,0,94d753d347cd0bfb2cfe1fa4973df49b0f048cd4
ppe_train_image250_a30595552a.jpg,ppe_train_image250_a30595552a,ppe_orig,ppe_orig:a30595552a,1,0,0,4d2930c84072b985fde8d60307666e22193cc89c
ppe_train_image251_df5f5f95db.jpg,ppe_train_image251_df5f5f95db,ppe_orig,ppe_orig:df5f5f95db,1,0,0,69e5a7a8d4ff6eb07bc7a0118ac105b5c3a59500
ppe_train_image252_576b41c924.jpg,ppe_train_image252_576b41c924,ppe_orig,ppe_orig:576b41c924,1,0,0,c3012bc6dfd1f7522f4f43ad3c527fab670b9f97
ppe_train_image254_a64b1e0d00.jpg,ppe_train_image254_a64b1e0d00,ppe_orig,ppe_orig:a64b1e0d00,1,0,0,99adbb784e98241bec330579e0975a044ddcd830
ppe_train_image255_a4f60e7c62.jpg,ppe_train_image255_a4f60e7c62,ppe_orig,ppe_orig:a4f60e7c62,1,0,0,e2298de95d63451efa1a064225ab8934581bfab8
ppe_train_image256_c1386c265b.jpg,ppe_train_image256_c1386c265b,ppe_orig,ppe_orig:c1386c265b,1,0,0,00fae95cc0ec9acc446fd7e85817fd97b823865c
ppe_train_image258_ea5f5ff560.jpg,ppe_train_image258_ea5f5ff560,ppe_orig,ppe_orig:ea5f5ff560,1,0,0,e9efd0ce6fc4b144559f2b66f6c53c1bade6e93b
ppe_train_image25_4fdcc88cc2.jpeg,ppe_train_image25_4fdcc88cc2,ppe_orig,ppe_orig:4fdcc88cc2,5,0,0,14b444a0a2418b334e1267a74e84ed63aef4fca4
ppe_train_image260_178a35d5bd.jpg,ppe_train_image260_178a35d5bd,ppe_orig,ppe_orig:178a35d5bd,1,0,0,887e46c2622ca3ec10d3abd64e83b4b941a72c58
ppe_train_image261_02d26928e4.jpg,ppe_train_image261_02d26928e4,ppe_orig,ppe_orig:02d26928e4,1,0,0,943fb777504422aa30ce91ae27f9db70a7e52fb5
ppe_train_image262_11b36dc0bc.jpg,ppe_train_image262_11b36dc0bc,ppe_orig,ppe_orig:11b36dc0bc,1,0,0,3426c5675754e4b733d5e7276ad667f000bb54a1
ppe_train_image263_0eca629567.jpg,ppe_train_image263_0eca629567,ppe_orig,ppe_orig:0eca629567,1,0,0,a88f2ab2415e0569db0e40b1ad273dd115cea63d
ppe_train_image264_5efd59d5ff.jpg,ppe_train_image264_5efd59d5ff,ppe_orig,ppe_orig:5efd59d5ff,1,0,0,b9f9cbc8eac59ab1972b4641ff5cfb45500b28ee
ppe_train_image265_f127f37413.jpg,ppe_train_image265_f127f37413,ppe_orig,ppe_orig:f127f37413,1,0,0,b1fd9c8dc74376cbdf08d8f6bb045d2550e6ba67
ppe_train_image266_d46eb51832.jpg,ppe_train_image266_d46eb51832,ppe_orig,ppe_orig:d46eb51832,1,0,0,d3cd27a27d039b636b35cd76c415492ab45f1ce4
ppe_train_image267_012749bb56.jpg,ppe_train_image267_012749bb56,ppe_orig,ppe_orig:012749bb56,1,0,0,bb5ef3b2c7e6356b05561ae4419648f2ad7bcaff
ppe_train_image268_e968b8671f.jpg,ppe_train_image268_e968b8671f,ppe_orig,ppe_orig:e968b8671f,1,0,0,14da2a95cabdf93d90e1bf2d789ad6083a79af46
ppe_train_image269_d5bde8d896.jpg,ppe_train_image269_d5bde8d896,ppe_orig,ppe_orig:d5bde8d896,1,0,0,d77c94cec3b3f95f4897b3928545e43b2a0d511f
ppe_train_image26_900d640511.jpeg,ppe_train_image26_900d640511,ppe_orig,ppe_orig:900d640511,6,0,0,b8ac0e7c342e011f3a72b1d2615d7589f8f5dd65
ppe_train_image272_2d5771fe4c.jpg,ppe_train_image272_2d5771fe4c,ppe_orig,ppe_orig:2d5771fe4c,1,0,0,31746e3b44da76272ec1e3d58e270e26fab461f3
ppe_train_image273_9634eb686e.jpg,ppe_train_image273_9634eb686e,ppe_orig,ppe_orig:9634eb686e,1,0,0,9d5241e0f1d581b387ed73a4e75162d2c70d0061
ppe_train_image274_ed8c288bb9.jpg,ppe_train_image274_ed8c288bb9,ppe_orig,ppe_orig:ed8c288bb9,1,0,0,4f9526698992f4a37d63e1730add33a64adbb5fd
ppe_train_image275_8086c000b3.jpg,ppe_train_image275_8086c000b3,ppe_orig,ppe_orig:8086c000b3,1,0,0,e738d86398a05de5f197b0199536880cb56c7490
ppe_train_image276_5523fcaa6f.jpg,ppe_train_image276_5523fcaa6f,ppe_orig,ppe_orig:5523fcaa6f,1,0,0,7612c86fc2714da7c8d6538fbaf7ea8b4c25576d
ppe_train_image277_4c6436ebae.jpg,ppe_train_image277_4c6436ebae,ppe_orig,ppe_orig:4c6436ebae,1,0,0,62081d8927842f5e0cd47722ac234f8bd3c68814
ppe_train_image279_f0a82bf485.jpg,ppe_train_image279_f0a82bf485,ppe_orig,ppe_orig:f0a82bf485,1,0,0,87e85ebe0689847473dc00538ea35eca15b664e3
ppe_train_image280_a2cc924cb0.jpg,ppe_train_image280_a2cc924cb0,ppe_orig,ppe_orig:a2cc924cb0,1,0,0,856f99fbef858f95d80ccd461a35ccc8625b40dc
ppe_train_image281_e4aa0c44b8.jpg,ppe_train_image281_e4aa0c44b8,ppe_orig,ppe_orig:e4aa0c44b8,1,0,0,1c50cfc0860045d57903cc4f696fcef10e649708
ppe_train_image282_0cab758a0f.jpg,ppe_train_image282_0cab758a0f,ppe_orig,ppe_orig:0cab758a0f,1,0,0,0863314a08dd95915e9f3607b4a32ecc80fd6ff2
ppe_train_image283_0cd6509043.jpg,ppe_train_image283_0cd6509043,ppe_orig,ppe_orig:0cd6509043,1,0,0,26664f7cdb9b3e16d309aa733b26cf541f380174
ppe_train_image284_a760f0c339.jpg,ppe_train_image284_a760f0c339,ppe_orig,ppe_orig:a760f0c339,1,0,0,c786226b827236228a4a22dd3b77da80bbdb3383
ppe_train_image285_528aecfb09.jpg,ppe_train_image285_528aecfb09,ppe_orig,ppe_orig:528aecfb09,1,0,0,7e01837ec12cabcaf4b7a8a87a20dc01d55af6cf
ppe_train_image286_96203ba685.jpg,ppe_train_image286_96203ba685,ppe_orig,ppe_orig:96203ba685,1,0,0,aad7a01494d1dc6131dcc797d8a74cc8b203ddc4
ppe_train_image288_c4ecb7bd1e.jpg,ppe_train_image288_c4ecb7bd1e,ppe_orig,ppe_orig:c4ecb7bd1e,1,0,0,913ca8d334a035acd1072cb4951f0d2b02e8351b
ppe_train_image289_ef9998be5d.jpg,ppe_train_image289_ef9998be5d,ppe_orig,ppe_orig:ef9998be5d,1,0,0,a5cae032f1482fb55d60aab0cd894827dda58128
ppe_train_image28_d654c15bb0.jpeg,ppe_train_image28_d654c15bb0,ppe_orig,ppe_orig:d654c15bb0,2,0,0,2cb2a2c9bc5e421ba0e0d665ff65f8b41c841a24
ppe_train_image290_a53ebc7e0c.jpg,ppe_train_image290_a53ebc7e0c,ppe_orig,ppe_orig:a53ebc7e0c,1,0,0,c2cea7da87f835533d1e2e97ac161910193acd3d
ppe_train_image291_8dd36bf3c8.jpg,ppe_train_image291_8dd36bf3c8,ppe_orig,ppe_orig:8dd36bf3c8,1,0,0,55219ef5d471df48638e8002f1db8b566f45f055
ppe_train_image292_5d70d12071.jpg,ppe_train_image292_5d70d12071,ppe_orig,ppe_orig:5d70d12071,1,0,0,d6715a3d43271b69fac012c9db32ceaba8fb8e08
ppe_train_image294_b54f12d85d.jpg,ppe_train_image294_b54f12d85d,ppe_orig,ppe_orig:b54f12d85d,1,0,0,a99ec6e3c53dfecdc1061b6e3edfdecc165c9abb
ppe_train_image295_b60a026fe4.jpg,ppe_train_image295_b60a026fe4,ppe_orig,ppe_orig:b60a026fe4,1,0,0,093e34c2eda80e587e0bf42039b19cc3c69931b3
ppe_train_image297_243227771f.jpg,ppe_train_image297_243227771f,ppe_orig,ppe_orig:243227771f,1,0,0,56b86d101a3ce559bee1cfdedef216c24dec146c
ppe_train_image298_0b030b8328.jpg,ppe_train_image298_0b030b8328,ppe_orig,ppe_orig:0b030b8328,1,0,0,6600c7d6bedeaa53e80d3783abce63341aa32026
ppe_train_image299_6840c53ba6.jpg,ppe_train_image299_6840c53ba6,ppe_orig,ppe_orig:6840c53ba6,1,0,0,a74a33a358640c3092e21c95f907626e3356971d
ppe_train_image29_fd7e8cb31c.jpeg,ppe_train_image29_fd7e8cb31c,ppe_orig,ppe_orig:fd7e8cb31c,1,0,0,b6f5e9b9f152b89dff62207f1f619505a639df75
ppe_train_image2_225030730e.jpg,ppe_train_image2_225030730e,ppe_orig,ppe_orig:225030730e,3,0,0,a6f59cbb66f6c55446b6a4fcd1791af529353b74
ppe_train_image301_73f07027fe.jpg,ppe_train_image301_73f07027fe,ppe_orig,ppe_orig:73f07027fe,1,0,0,e043543ddbfda7b1f9cce25bdde849d66932bf24
ppe_train_image302_035e9b6388.jpg,ppe_train_image302_035e9b6388,ppe_orig,ppe_orig:035e9b6388,1,0,0,bfc156e5cd96a793767b68ccc045f70f942cffb8
ppe_train_image303_0ebdf7ceba.jpg,ppe_train_image303_0ebdf7ceba,ppe_orig,ppe_orig:0ebdf7ceba,1,0,0,53373549267b50e69fcfc6cd2d1bd4a5d748e56e
ppe_train_image305_bc185f236d.jpg,ppe_train_image305_bc185f236d,ppe_orig,ppe_orig:bc185f236d,4,0,0,ca1a266e1e3f77ae02e4a03aaa15c7b410feb0ea
ppe_train_image306_56961b4770.jpg,ppe_train_image306_56961b4770,ppe_orig,ppe_orig:56961b4770,9,0,0,d9f7788678793b24b9e2b5b31571015afd7c200a
ppe_train_image308_4e1f715e42.jpg,ppe_train_image308_4e1f715e42,ppe_orig,ppe_orig:4e1f715e42,6,0,0,96f44d2abae114ffe237fcc221ed506ab09acc8e
ppe_train_image309_212a011563.jpg,ppe_train_image309_212a011563,ppe_orig,ppe_orig:212a011563,10,0,0,e2e243267aa11be1a7f0558d1041508d09d2ab42
ppe_train_image30_f36d09d185.jpeg,ppe_train_image30_f36d09d185,ppe_orig,ppe_orig:f36d09d185,1,0,0,f5e72604e6215cb86af77f81e59a29921d338043
ppe_train_image310_070b77fda1.jpg,ppe_train_image310_070b77fda1,ppe_orig,ppe_orig:070b77fda1,1,0,0,54dbdd6eb075e9333674717c931e6199746e934f
ppe_train_image311_61729c4de3.jpg,ppe_train_image311_61729c4de3,ppe_orig,ppe_orig:61729c4de3,1,0,0,a6c76b91d0e5bc54a2f2b70f0f322d00f6bfde15
ppe_train_image312_1d77c328a9.jpg,ppe_train_image312_1d77c328a9,ppe_orig,ppe_orig:1d77c328a9,1,0,0,a486d4ab3c29e107719bcb8c9e01cbc91a2ad6cc
ppe_train_image313_fd32638859.jpg,ppe_train_image313_fd32638859,ppe_orig,ppe_orig:fd32638859,1,0,0,eef882f650d8f9ac0808a92a0049b482880cbd11
ppe_train_image314_4ec9ae39b0.jpg,ppe_train_image314_4ec9ae39b0,ppe_orig,ppe_orig:4ec9ae39b0,1,0,0,11c40019162e9173ec10a506d50c083938dedf18
ppe_train_image315_0a1471bd24.jpg,ppe_train_image315_0a1471bd24,ppe_orig,ppe_orig:0a1471bd24,2,0,0,35ce3219087f73f598b364db263b36fee7aacd8c
ppe_train_image316_3074a442f1.jpg,ppe_train_image316_3074a442f1,ppe_orig,ppe_orig:3074a442f1,1,0,0,c0f1337fca69e92699292789c5e3b4c2455f5e4e
ppe_train_image317_2bd5c23ebe.jpg,ppe_train_image317_2bd5c23ebe,ppe_orig,ppe_orig:2bd5c23ebe,1,0,0,512b0c72fec30fc2b2954ca56a7b78f249f23dcd
ppe_train_image319_c823d025a9.jpg,ppe_train_image319_c823d025a9,ppe_orig,ppe_orig:c823d025a9,1,0,0,acab9c48821e0093afb973a56d4fcae97d35d8e1
ppe_train_image320_fb87b5dd6f.jpg,ppe_train_image320_fb87b5dd6f,ppe_orig,ppe_orig:fb87b5dd6f,5,0,0,11a8b4a07448ee5dc37f4f45c6faab6c982882ac
ppe_train_image321_7f5893b726.jpg,ppe_train_image321_7f5893b726,ppe_orig,ppe_orig:7f5893b726,4,0,0,6776ac67d7c0d33513c399348062c3eceb9d0641
ppe_train_image322_d3cabae46e.jpg,ppe_train_image322_d3cabae46e,ppe_orig,ppe_orig:d3cabae46e,6,0,0,6ce365a47bdfcdaf43bbc3d542683f6f2da2845f
ppe_train_image323_573626c137.jpg,ppe_train_image323_573626c137,ppe_orig,ppe_orig:573626c137,3,0,0,04d1d83c2af26c9e6c50851e230b438bce05676a
ppe_train_image325_4d742a2271.jpg,ppe_train_image325_4d742a2271,ppe_orig,ppe_orig:4d742a2271,1,0,0,0d78fcf96bf5f41bfdf5d5d3c73f264dc894a570
ppe_train_image326_63752f9b4d.jpg,ppe_train_image326_63752f9b4d,ppe_orig,ppe_orig:63752f9b4d,1,0,0,a8d155496002858f7adea059327bf67ac8c9753c
ppe_train_image327_b01284d997.jpeg,ppe_train_image327_b01284d997,ppe_orig,ppe_orig:b01284d997,1,0,0,1660a7a0e0544d9a9a6e8dd18b4d76edc6fefa09
ppe_train_image328_850daf5431.jpeg,ppe_train_image328_850daf5431,ppe_orig,ppe_orig:850daf5431,1,0,0,eb13fa4583f5792ead0e9ab82b5c0da3d75dd57f
ppe_train_image32_4768069cdc.jpeg,ppe_train_image32_4768069cdc,ppe_orig,ppe_orig:4768069cdc,1,0,0,2b0c7341ed547c59b8155cc94f71c135a398664d
ppe_train_image332_1e9d0bf8df.jpg,ppe_train_image332_1e9d0bf8df,ppe_orig,ppe_orig:1e9d0bf8df,1,0,0,c674412854b0c1b4220c5c4c386735780e889172
ppe_train_image333_ad13daffe3.jpg,ppe_train_image333_ad13daffe3,ppe_orig,ppe_orig:ad13daffe3,1,0,0,28d38018178276a5ff18f2567db7d5af877d82cb
ppe_train_image334_def50190e7.jpg,ppe_train_image334_def50190e7,ppe_orig,ppe_orig:def50190e7,1,0,0,e7a9125444817198bdc6dbbb220b9e2cac609252
ppe_train_image335_e7f60030d5.jpg,ppe_train_image335_e7f60030d5,ppe_orig,ppe_orig:e7f60030d5,1,0,0,3102c4f2703e7fb9f43aec9ed591bd20492d1220
ppe_train_image336_c0a518ecd4.jpg,ppe_train_image336_c0a518ecd4,ppe_orig,ppe_orig:c0a518ecd4,2,0,0,2e777dcb425864ce2837a76ed8e3336ad45d35c1
ppe_train_image338_99d5bfcebd.jpg,ppe_train_image338_99d5bfcebd,ppe_orig,ppe_orig:99d5bfcebd,1,0,0,22236c6530d14ef84d302b8235ff67e8c515b9f4
ppe_train_image339_98427fdfd5.jpg,ppe_train_image339_98427fdfd5,ppe_orig,ppe_orig:98427fdfd5,1,0,0,4cf609fc6284019b72ac0045a125f688c33dec07
ppe_train_image33_1a02ad9905.jpg,ppe_train_image33_1a02ad9905,ppe_orig,ppe_orig:1a02ad9905,1,0,0,560005dc861e586071ec4ceafff9745a00fe1474
ppe_train_image340_e8f59e1b0c.jpg,ppe_train_image340_e8f59e1b0c,ppe_orig,ppe_orig:e8f59e1b0c,1,0,0,5ac48968338bf538eedea0d07833fb15fa72e741
ppe_train_image341_16ee1a2468.jpg,ppe_train_image341_16ee1a2468,ppe_orig,ppe_orig:16ee1a2468,1,0,0,2f4eb4a4ccae290980dd490b19b6638e35c47b91
ppe_train_image342_d591973bb3.jpg,ppe_train_image342_d591973bb3,ppe_orig,ppe_orig:d591973bb3,1,0,0,b4a917c574b2f3e762b4cb6f124c3a8e4b695f69
ppe_train_image343_41b0252c4a.jpeg,ppe_train_image343_41b0252c4a,ppe_orig,ppe_orig:41b0252c4a,4,0,0,f494ddb4f756051208f73aba7c6a390a2104fdaa
ppe_train_image344_bc312fa25a.jpg,ppe_train_image344_bc312fa25a,ppe_orig,ppe_orig:bc312fa25a,1,0,0,e5a017010cf3fddae8f02f82f97097abb31d8085
ppe_train_image346_0b8394b4a3.jpg,ppe_train_image346_0b8394b4a3,ppe_orig,ppe_orig:0b8394b4a3,1,0,0,20c9e34b13ccf35a2d3388ca1e8f07ecd1cf2412
ppe_train_image348_96ba61b1ab.jpg,ppe_train_image348_96ba61b1ab,ppe_orig,ppe_orig:96ba61b1ab,1,0,0,07dbe3fb76616245e00b49497212a65b0c927f2e
ppe_train_image34_09b7c01e58.jpeg,ppe_train_image34_09b7c01e58,ppe_orig,ppe_orig:09b7c01e58,2,0,0,0871083c8e8fe0c425d53002a596958f4c541dfb
ppe_train_image351_2a2606fa79.jpg,ppe_train_image351_2a2606fa79,ppe_orig,ppe_orig:2a2606fa79,1,0,0,bc9455886e41e1f28f37a100c9b4e3eddd6fc5c6
ppe_train_image352_2b515d0cd1.jpg,ppe_train_image352_2b515d0cd1,ppe_orig,ppe_orig:2b515d0cd1,2,0,0,a4b8b7d28e8ede0cde335ac1f353e4f6f5be9997
ppe_train_image353_3fe9b4f900.jpg,ppe_train_image353_3fe9b4f900,ppe_orig,ppe_orig:3fe9b4f900,1,0,0,59c63b2f6e5f9dfc4b6ce3b58f961c71bdb4ae22
ppe_train_image354_819042b951.jpg,ppe_train_image354_819042b951,ppe_orig,ppe_orig:819042b951,1,0,0,9c94a6d8a39305b10954167c14fb336edae05b35
ppe_train_image356_ef663160ce.jpg,ppe_train_image356_ef663160ce,ppe_orig,ppe_orig:ef663160ce,1,0,0,7fc8ecb602301a25f7d318398bc7241004a55d8d
ppe_train_image357_6d4e28c775.jpg,ppe_train_image357_6d4e28c775,ppe_orig,ppe_orig:6d4e28c775,1,0,0,edfbc85ce3a0208ceccd7cdf5fac5d475f6715bb
ppe_train_image358_e105c74ca1.jpg,ppe_train_image358_e105c74ca1,ppe_orig,ppe_orig:e105c74ca1,1,0,0,260a04f862f4c7666b20f543a21362b9a47a7055
ppe_train_image359_84161b01ca.jpg,ppe_train_image359_84161b01ca,ppe_orig,ppe_orig:84161b01ca,1,0,0,8d4882036fe31b1c1af235bd354c86c5a85a7412
ppe_train_image363_d22fafc0f7.jpg,ppe_train_image363_d22fafc0f7,ppe_orig,ppe_orig:d22fafc0f7,1,0,0,05396b2d52a4d8368f847ac18194148a747f4a7b
ppe_train_image364_09f1216ffb.jpg,ppe_train_image364_09f1216ffb,ppe_orig,ppe_orig:09f1216ffb,1,0,0,c512e21857557bbc723eeac3c520b0ff7741b1f5
ppe_train_image365_b5bdd483e6.jpg,ppe_train_image365_b5bdd483e6,ppe_orig,ppe_orig:b5bdd483e6,1,0,0,f33552d0894159ac90ed1e4ba267fb25b93a9857
ppe_train_image366_459654675e.jpg,ppe_train_image366_459654675e,ppe_orig,ppe_orig:459654675e,1,0,0,c8849f7f8d43492d464790c9eaab111e9774ba93
ppe_train_image367_27d6d827b5.jpg,ppe_train_image367_27d6d827b5,ppe_orig,ppe_orig:27d6d827b5,1,0,0,e5b740d9e8e5d1645dd566a11633f95979aa4c15
ppe_train_image368_216f9db891.jpg,ppe_train_image368_216f9db891,ppe_orig,ppe_orig:216f9db891,1,0,0,d45c5e7a69cf4c75d57e72d3fa1088178425e131
ppe_train_image369_91d445ca67.jpg,ppe_train_image369_91d445ca67,ppe_orig,ppe_orig:91d445ca67,1,0,0,e681db1e832094f050a7336ed62b382cb5f10358
ppe_train_image36_15c42d2df1.jpg,ppe_train_image36_15c42d2df1,ppe_orig,ppe_orig:15c42d2df1,1,0,0,fdf1a27c8894c22fb1bcb32c45a488e7bd7dc23c
ppe_train_image370_15dbbe6de7.jpg,ppe_train_image370_15dbbe6de7,ppe_orig,ppe_orig:15dbbe6de7,1,0,0,75a41c4629b89de234a633e105f5844b7aa81f2c
ppe_train_image371_f568f556de.jpg,ppe_train_image371_f568f556de,ppe_orig,ppe_orig:f568f556de,1,0,0,2f3d12489d9063f55c353b10b6c6fae2d6f78f37
ppe_train_image372_423475e1fa.jpg,ppe_train_image372_423475e1fa,ppe_orig,ppe_orig:423475e1fa,1,0,0,76a79773aa93cd3a3edb39f47cadd23d67eff41b
ppe_train_image373_5fbeae5914.jpg,ppe_train_image373_5fbeae5914,ppe_orig,ppe_orig:5fbeae5914,1,0,0,1452299de98782e3571caac89b96be48a907664e
ppe_train_image374_79f3dd1a3f.jpg,ppe_train_image374_79f3dd1a3f,ppe_orig,ppe_orig:79f3dd1a3f,1,0,0,fc53b9abee3a3341c740bbbb89d9e90df1a53b78
ppe_train_image375_243f963813.jpg,ppe_train_image375_243f963813,ppe_orig,ppe_orig:243f963813,1,0,0,c2c058efc920e5f4a7af328a1ae764e23ab27142
ppe_train_image376_36a0dae1d9.jpg,ppe_train_image376_36a0dae1d9,ppe_orig,ppe_orig:36a0dae1d9,1,0,0,90fd86e71497db8b05164481bdf076ef19a48298
ppe_train_image377_e6e0b5cec6.jpg,ppe_train_image377_e6e0b5cec6,ppe_orig,ppe_orig:e6e0b5cec6,1,0,0,4467018842a6cf5e2e5101a25cf273c9a775d64a
ppe_train_image378_78654770ef.jpg,ppe_train_image378_78654770ef,ppe_orig,ppe_orig:78654770ef,1,0,0,156814916d0f6a94c846f01a6b482bb2581fbdef
ppe_train_image379_aa769ea31e.jpg,ppe_train_image379_aa769ea31e,ppe_orig,ppe_orig:aa769ea31e,1,0,0,61e4c95ae7f3c9a1de2166ad22aadc761680b799
ppe_train_image37_374b1d91f9.jpeg,ppe_train_image37_374b1d91f9,ppe_orig,ppe_orig:374b1d91f9,2,0,0,c6c45a7419516866052ec03e9001c7a0c391a471
ppe_train_image380_a93be8cbda.jpg,ppe_train_image380_a93be8cbda,ppe_orig,ppe_orig:a93be8cbda,1,0,0,9f6821cd3b0a54e9ba81e451a078703847a0895d
ppe_train_image382_aa8755e138.jpg,ppe_train_image382_aa8755e138,ppe_orig,ppe_orig:aa8755e138,1,0,0,79ad4b1f9d0b368a13a95b42daf7273694925977
ppe_train_image383_241845a1d1.jpg,ppe_train_image383_241845a1d1,ppe_orig,ppe_orig:241845a1d1,1,0,0,cf0c3c0fe30cf08ecc573c76ccc1205586aab519
ppe_train_image384_b8155cb40d.jpg,ppe_train_image384_b8155cb40d,ppe_orig,ppe_orig:b8155cb40d,1,0,0,516c167e3a25a9ce7528bbd1cec362d130b5b4aa
ppe_train_image385_a0904c8faf.jpg,ppe_train_image385_a0904c8faf,ppe_orig,ppe_orig:a0904c8faf,1,0,0,f016299a9f3f4dc83c29b65164300ed39f64e390
ppe_train_image386_57ef7a0e2e.jpg,ppe_train_image386_57ef7a0e2e,ppe_orig,ppe_orig:57ef7a0e2e,1,0,0,4575371c44f95598b28291360a7ec5a7585ba3fb
ppe_train_image387_5d51e6d4e1.jpg,ppe_train_image387_5d51e6d4e1,ppe_orig,ppe_orig:5d51e6d4e1,1,0,0,ca63507e64439fa955b2a8204137a251f55cb022
ppe_train_image388_d9bd923c5b.jpg,ppe_train_image388_d9bd923c5b,ppe_orig,ppe_orig:d9bd923c5b,1,0,0,9082f5474a8ad1e63c205637f62ed9cb660875b0
ppe_train_image38_f3f86e1084.jpg,ppe_train_image38_f3f86e1084,ppe_orig,ppe_orig:f3f86e1084,1,0,0,4dd49979e797f86104909cfb41e81614a79dd1af
ppe_train_image390_cff82cb649.jpg,ppe_train_image390_cff82cb649,ppe_orig,ppe_orig:cff82cb649,1,0,0,dec437d01bf1a2c98fd51d7d451e22eb011c8442
ppe_train_image394_f6ac6ed29d.jpg,ppe_train_image394_f6ac6ed29d,ppe_orig,ppe_orig:f6ac6ed29d,1,0,0,8cbc083a4842f2c6e5fa6503779b18632457650d
ppe_train_image397_3e7effafa7.jpg,ppe_train_image397_3e7effafa7,ppe_orig,ppe_orig:3e7effafa7,1,0,0,b88c2c660d6ca81d1429e8abb06d1381963cc08d
ppe_train_image398_6bc907b77f.jpg,ppe_train_image398_6bc907b77f,ppe_orig,ppe_orig:6bc907b77f,1,0,0,81c125543c6498f39124bbfc6e610f841e201e4b
ppe_train_image399_9f2ea1074d.jpg,ppe_train_image399_9f2ea1074d,ppe_orig,ppe_orig:9f2ea1074d,1,0,0,cf08ce2756cb44d2aab6b970be5e8be06bf70afd
ppe_train_image3_7b5df54156.jpeg,ppe_train_image3_7b5df54156,ppe_orig,ppe_orig:7b5df54156,1,0,0,8ca82562043393f2ea31bd205645daf3b2b98a3d
ppe_train_image400_7efe33eab8.jpg,ppe_train_image400_7efe33eab8,ppe_orig,ppe_orig:7efe33eab8,1,0,0,f05dca1c65f520218c6928926ce08514bcc0f9ab
ppe_train_image402_52fc5a9269.jpg,ppe_train_image402_52fc5a9269,ppe_orig,ppe_orig:52fc5a9269,1,0,0,c9c443f2371484bc88632b7d15b9842fb8f53fb3
ppe_train_image403_72300fbba8.jpg,ppe_train_image403_72300fbba8,ppe_orig,ppe_orig:72300fbba8,1,0,0,e016d192bef9332447179377868da3c2d53c993e
ppe_train_image404_43e0a586f1.jpg,ppe_train_image404_43e0a586f1,ppe_orig,ppe_orig:43e0a586f1,1,0,0,fbf35d0827307319c5f8be422f782c8dc4c63925
ppe_train_image405_954406d397.jpg,ppe_train_image405_954406d397,ppe_orig,ppe_orig:954406d397,1,0,0,f19464975897e4e06b38aedd4d20bb73a39fda47
ppe_train_image406_db0fc3089a.jpg,ppe_train_image406_db0fc3089a,ppe_orig,ppe_orig:db0fc3089a,1,0,0,653e549fce5bada7bdb9eab3046356f40094e436
ppe_train_image408_a02f125cff.jpg,ppe_train_image408_a02f125cff,ppe_orig,ppe_orig:a02f125cff,1,0,0,a5054b4435fa152caf05efaed348ab340dfe92eb
ppe_train_image409_69b52f2092.jpg,ppe_train_image409_69b52f2092,ppe_orig,ppe_orig:69b52f2092,1,0,0,3306c657d4e3aeb2af754fe27d1e7a5d73d8e717
ppe_train_image412_4fd90449ff.jpg,ppe_train_image412_4fd90449ff,ppe_orig,ppe_orig:4fd90449ff,1,0,0,875cc02bf9e9e8115a914f9c01db170478e8ed3b
ppe_train_image413_445a1cf1a8.jpg,ppe_train_image413_445a1cf1a8,ppe_orig,ppe_orig:445a1cf1a8,1,0,0,2ac9af0831ed4ef125e013505964e437034e07e2
ppe_train_image414_1366eacc1d.jpg,ppe_train_image414_1366eacc1d,ppe_orig,ppe_orig:1366eacc1d,1,0,0,9b734e987735dc2201359292e2a9860cecc22108
ppe_train_image415_84f5984bb8.jpg,ppe_train_image415_84f5984bb8,ppe_orig,ppe_orig:84f5984bb8,1,0,0,9ed82f8fdb2c1cb316f3b0a69b8437b494d339f7
ppe_train_image416_08632b8a99.jpg,ppe_train_image416_08632b8a99,ppe_orig,ppe_orig:08632b8a99,1,0,0,f534cc69971a31f8e6ce54e2bf0e9629813f674b
ppe_train_image417_939e758c23.jpg,ppe_train_image417_939e758c23,ppe_orig,ppe_orig:939e758c23,1,0,0,b23420cd450225e19d8d4bd4ca463aab2b3e503d
ppe_train_image418_bff5336d38.jpg,ppe_train_image418_bff5336d38,ppe_orig,ppe_orig:bff5336d38,1,0,0,dd6dad419aca3255789f494698e8ceef31173ab0
ppe_train_image420_d2522d3b0d.jpg,ppe_train_image420_d2522d3b0d,ppe_orig,ppe_orig:d2522d3b0d,1,0,0,d5ae929bc7083eccc6f493d48b97a54a92ca42d3
ppe_train_image421_abce996dc3.jpg,ppe_train_image421_abce996dc3,ppe_orig,ppe_orig:abce996dc3,1,0,0,4b4458446b177c72a56b82e2d5d88abca8c7177d
ppe_train_image422_9ba0422d87.jpg,ppe_train_image422_9ba0422d87,ppe_orig,ppe_orig:9ba0422d87,1,0,0,8f4d1a0ebd0e2c013cd680c0406639ca73b4fbbf
ppe_train_image424_dbbd20bee1.jpg,ppe_train_image424_dbbd20bee1,ppe_orig,ppe_orig:dbbd20bee1,1,0,0,28fdf0a812c9ccd7ee56d2e262c5f58316ecbd2a
ppe_train_image425_768cab258e.jpg,ppe_train_image425_768cab258e,ppe_orig,ppe_orig:768cab258e,1,0,0,113fb054cf3d46a94a91970a50dc6cb5140d15fc
ppe_train_image426_e7b8c03695.jpg,ppe_train_image426_e7b8c03695,ppe_orig,ppe_orig:e7b8c03695,1,0,0,c91fb4237c86e09728b5ffcc5df1b6dce28b6415
ppe_train_image427_27188352a4.jpg,ppe_train_image427_27188352a4,ppe_orig,ppe_orig:27188352a4,1,0,0,853cb144c5c1abbd0cea5d34472a6d127fefb27e
ppe_train_image428_b5b604157e.jpg,ppe_train_image428_b5b604157e,ppe_orig,ppe_orig:b5b604157e,1,0,0,4b1b93016830f33e06ddfb1100246c38ff8e05f9
ppe_train_image429_04e95fda75.jpg,ppe_train_image429_04e95fda75,ppe_orig,ppe_orig:04e95fda75,1,0,0,6bcbcbbc65aafa02c23719cf56a24497a7ac9eb1
ppe_train_image42_b01ab959fb.jpg,ppe_train_image42_b01ab959fb,ppe_orig,ppe_orig:b01ab959fb,1,0,0,97ec474b90bf6a8b224d19530d4c182e30b80ed3
ppe_train_image432_a82a1f4a5a.jpg,ppe_train_image432_a82a1f4a5a,ppe_orig,ppe_orig:a82a1f4a5a,1,0,0,f8317acd398ed20da917fc0af03cb5a34ad7736f
ppe_train_image433_839ebfad5e.jpg,ppe_train_image433_839ebfad5e,ppe_orig,ppe_orig:839ebfad5e,1,0,0,74e0e5cbe7a77b63fb6cbf256fe4e5b272bcd139
ppe_train_image434_add33aede2.jpg,ppe_train_image434_add33aede2,ppe_orig,ppe_orig:add33aede2,1,0,0,29f4e4ca1da1c74e319bb6302984934a55b542d5
ppe_train_image435_492a6b6296.jpg,ppe_train_image435_492a6b6296,ppe_orig,ppe_orig:492a6b6296,1,0,0,04b3021115563ea57922a9a40dfcf3d5b855bad0
ppe_train_image436_b10eb91b5c.jpg,ppe_train_image436_b10eb91b5c,ppe_orig,ppe_orig:b10eb91b5c,1,0,0,38d48ccaf33b9a4c3907b35e6889a8a1ab385e5c
ppe_train_image437_93fdc8b4e2.jpg,ppe_train_image437_93fdc8b4e2,ppe_orig,ppe_orig:93fdc8b4e2,1,0,0,cfb978bf003272d4394eab31985b96f41f4e5ced
ppe_train_image438_9cb018242d.jpg,ppe_train_image438_9cb018242d,ppe_orig,ppe_orig:9cb018242d,1,0,0,255f2aab09663b1447a82725dbfc7bb040084dc1
ppe_train_image43_0839f13f16.jpeg,ppe_train_image43_0839f13f16,ppe_orig,ppe_orig:0839f13f16,1,0,0,c9b1be6dd4755d62e61dc67770e793f95803a6d5
ppe_train_image440_eea0a174c1.jpg,ppe_train_image440_eea0a174c1,ppe_orig,ppe_orig:eea0a174c1,1,0,0,5cf6d9145f188d7fab0a29175429ca0e815647a6
ppe_train_image442_05cc1df2c1.jpg,ppe_train_image442_05cc1df2c1,ppe_orig,ppe_orig:05cc1df2c1,1,0,0,bbf77ddb28a6a4acba963cae027e1065c173c276
ppe_train_image443_a726e571b1.jpg,ppe_train_image443_a726e571b1,ppe_orig,ppe_orig:a726e571b1,1,0,0,d90c45396f27c5f65f8da68c0baa519d048d4ce9
ppe_train_image445_f7b9bad117.jpg,ppe_train_image445_f7b9bad117,ppe_orig,ppe_orig:f7b9bad117,1,0,0,180ee00186e252e8d3e5a282d1db5342104740b7
ppe_train_image448_60b90b0335.jpg,ppe_train_image448_60b90b0335,ppe_orig,ppe_orig:60b90b0335,1,0,0,c587594742657493492635460f80a8d6c86bd936
ppe_train_image449_c3b0de03c0.jpg,ppe_train_image449_c3b0de03c0,ppe_orig,ppe_orig:c3b0de03c0,1,0,0,efd0b26247b5fcf81c0a97eda97d31b87acb75be
ppe_train_image44_6dc82b20f9.jpeg,ppe_train_image44_6dc82b20f9,ppe_orig,ppe_orig:6dc82b20f9,1,0,0,0a76a73479377876c43ae29b3536c1dbf1e6129e
ppe_train_image451_56a32d0660.jpg,ppe_train_image451_56a32d0660,ppe_orig,ppe_orig:56a32d0660,1,0,0,d07ec4d46572550bf2ff79d7dc81e230c5f2a96a
ppe_train_image452_6cbcf1cdaf.jpg,ppe_train_image452_6cbcf1cdaf,ppe_orig,ppe_orig:6cbcf1cdaf,1,0,0,583a04ae664884de821ed68adffd0602af159651
ppe_train_image453_bf574ace80.jpg,ppe_train_image453_bf574ace80,ppe_orig,ppe_orig:bf574ace80,1,0,0,45f4fa5cefad9d2752965bc888d588070ce07dcc
ppe_train_image454_53c3a8b104.jpg,ppe_train_image454_53c3a8b104,ppe_orig,ppe_orig:53c3a8b104,1,0,0,3f559c37a00b296219662a273ffbe2a60bae12da
ppe_train_image456_0f803f6932.jpg,ppe_train_image456_0f803f6932,ppe_orig,ppe_orig:0f803f6932,1,0,0,306383d3034891832ddadce589bfa253530ca4ae
ppe_train_image457_a33b79bee8.jpg,ppe_train_image457_a33b79bee8,ppe_orig,ppe_orig:a33b79bee8,1,0,0,495b95d4eebda6dd80f385f38b5de942c901983f
ppe_train_image458_52873da767.jpg,ppe_train_image458_52873da767,ppe_orig,ppe_orig:52873da767,1,0,0,3e1567586d8e86074d596289c83385bb3675f41d
ppe_train_image45_3b4715747a.jpg,ppe_train_image45_3b4715747a,ppe_orig,ppe_orig:3b4715747a,1,0,0,d381737994ee8f69c0c47b1fa6f2abf04242765c
ppe_train_image461_a6d9bcab61.jpg,ppe_train_image461_a6d9bcab61,ppe_orig,ppe_orig:a6d9bcab61,1,0,0,5af9fd0986990190e7bfcb02908de1d7fa0b27d4
ppe_train_image463_0fe5f538ed.jpg,ppe_train_image463_0fe5f538ed,ppe_orig,ppe_orig:0fe5f538ed,7,0,0,9727a3f17ddc637d6a9366456ff9139daeeeb59a
ppe_train_image465_43924239c9.jpg,ppe_train_image465_43924239c9,ppe_orig,ppe_orig:43924239c9,6,0,0,9b38bbfec3ef762a7fe99bd2358c9a629f565a70
ppe_train_image466_e9d2429a13.jpg,ppe_train_image466_e9d2429a13,ppe_orig,ppe_orig:e9d2429a13,4,0,0,f74f80961b63cb7e630a9c74dd2cb4e6a5ed8513
ppe_train_image467_5703d725d3.jpg,ppe_train_image467_5703d725d3,ppe_orig,ppe_orig:5703d725d3,2,0,0,9229c0d83d6236b2e12eeb406f37192f65f0833f
ppe_train_image468_4fe39698ca.jpg,ppe_train_image468_4fe39698ca,ppe_orig,ppe_orig:4fe39698ca,4,0,0,9e81a5f36e514ffa001447bd5987a2613b284a05
ppe_train_image469_e857fb29a3.jpg,ppe_train_image469_e857fb29a3,ppe_orig,ppe_orig:e857fb29a3,8,0,0,c914d1e01e3206fc26dfa2b24bf39764016a73e2
ppe_train_image471_576c0ab0f7.jpg,ppe_train_image471_576c0ab0f7,ppe_orig,ppe_orig:576c0ab0f7,1,0,0,008123b4bd929bc9adad2514612f84ab4fb8ad14
ppe_train_image472_5f246ee09c.jpg,ppe_train_image472_5f246ee09c,ppe_orig,ppe_orig:5f246ee09c,1,0,0,31b3753937fd9f1981d3470c8e10831d7e714f53
ppe_train_image473_4ab844dcbf.jpg,ppe_train_image473_4ab844dcbf,ppe_orig,ppe_orig:4ab844dcbf,1,0,0,5cb204c7d8a0cbc8011fb81e30d00d924736c895
ppe_train_image474_e79603322a.jpeg,ppe_train_image474_e79603322a,ppe_orig,ppe_orig:e79603322a,1,0,0,8f483531b7a5b5919b66d3b1d13f8f4db8e3102f
ppe_train_image476_2582c8a2cc.jpg,ppe_train_image476_2582c8a2cc,ppe_orig,ppe_orig:2582c8a2cc,2,0,0,0bab63215a8d051ca9b4e773f335b599c309f9df
ppe_train_image477_5847e9eaf7.jpg,ppe_train_image477_5847e9eaf7,ppe_orig,ppe_orig:5847e9eaf7,1,0,0,544b9650c406f7e2f0a644b94115863e675f8067
ppe_train_image478_c2aa8bcdf1.jpg,ppe_train_image478_c2aa8bcdf1,ppe_orig,ppe_orig:c2aa8bcdf1,1,0,0,4a56192d53db6e5e6ed4e5fa036898d64cf9e620
ppe_train_image47_ab4cbc6921.jpg,ppe_train_image47_ab4cbc6921,ppe_orig,ppe_orig:ab4cbc6921,1,0,0,8c180686508a6f4e4950b81e89195bd898331a21
ppe_train_image483_2363e2fe76.jpg,ppe_train_image483_2363e2fe76,ppe_orig,ppe_orig:2363e2fe76,1,0,0,d4dc5a0ba7e10a40d29c97d2b27cbc9531362ef5
ppe_train_image485_5b34512c5e.jpg,ppe_train_image485_5b34512c5e,ppe_orig,ppe_orig:5b34512c5e,1,0,0,91b54cf637d6cce937e23f0f80151a83fa42c700
ppe_train_image486_a472bc9abd.jpg,ppe_train_image486_a472bc9abd,ppe_orig,ppe_orig:a472bc9abd,1,0,0,4cb3169dd88417726bf0ac4ea20f8852899fcb3c
ppe_train_image488_b07bb163a5.jpg,ppe_train_image488_b07bb163a5,ppe_orig,ppe_orig:b07bb163a5,1,0,0,09c7d22d2bf4c3db9d8038f86d3c72535f33ba58
ppe_train_image489_7e41e66841.jpg,ppe_train_image489_7e41e66841,ppe_orig,ppe_orig:7e41e66841,1,0,0,4f8afa6193a7c1a99c47f68c8e8e02caf4e138fc
ppe_train_image48_166d91f885.jpeg,ppe_train_image48_166d91f885,ppe_orig,ppe_orig:166d91f885,1,0,0,8534abd89bd298e108a4a5e2379bd87c574ef0f9
ppe_train_image490_316f20d533.jpg,ppe_train_image490_316f20d533,ppe_orig,ppe_orig:316f20d533,1,0,0,f05c4d87268aebf4bfa6da8e252765280c36987e
ppe_train_image491_61dd400211.jpg,ppe_train_image491_61dd400211,ppe_orig,ppe_orig:61dd400211,1,0,0,777fc26db5b4b355f19ba9a8a1cc3829736abe6b
ppe_train_image492_4e8dce9876.jpg,ppe_train_image492_4e8dce9876,ppe_orig,ppe_orig:4e8dce9876,1,0,0,27c9bc60f96705ab07c1df8b3b36d3714bb57488
ppe_train_image493_4b1c8ce097.jpg,ppe_train_image493_4b1c8ce097,ppe_orig,ppe_orig:4b1c8ce097,1,0,0,804345cfb1c4b5445d0b3428a4cacb12a20dae1c
ppe_train_image494_8f798bbdf2.jpg,ppe_train_image494_8f798bbdf2,ppe_orig,ppe_orig:8f798bbdf2,1,0,0,e5f7950a4fcd4360af09ad43755a4148f470dd8f
ppe_train_image495_f4404fbfcf.jpg,ppe_train_image495_f4404fbfcf,ppe_orig,ppe_orig:f4404fbfcf,1,0,0,a645cd5e18cf43bf0ecd4931923c74743ba53ee2
ppe_train_image497_49eed350f2.jpg,ppe_train_image497_49eed350f2,ppe_orig,ppe_orig:49eed350f2,1,0,0,8369a34b1b28f2a465aa1550e2ae75aad049a3de
ppe_train_image498_f266c9e3fd.jpg,ppe_train_image498_f266c9e3fd,ppe_orig,ppe_orig:f266c9e3fd,4,0,0,1d2556499bb338baa58708b6a9ceccc03a502054
ppe_train_image499_e58258a346.jpg,ppe_train_image499_e58258a346,ppe_orig,ppe_orig:e58258a346,1,0,0,5b2039b2d42a18a6ef6abb59e6d79d591d8e5798
ppe_train_image49_972dfc414e.jpg,ppe_train_image49_972dfc414e,ppe_orig,ppe_orig:972dfc414e,1,0,0,8de11e4438f4bf81b0b97d9543261ca8fa4d67b5
ppe_train_image4_3c81e7cc58.jpg,ppe_train_image4_3c81e7cc58,ppe_orig,ppe_orig:3c81e7cc58,1,0,0,243189fe0ee675ec3741c9bec8afb53a0acaf1f3
ppe_train_image500_d48172cf40.jpg,ppe_train_image500_d48172cf40,ppe_orig,ppe_orig:d48172cf40,1,0,0,3b7c80cba37e47ee4606ed6103e8d362574187da
ppe_train_image501_ef29b1d1eb.jpg,ppe_train_image501_ef29b1d1eb,ppe_orig,ppe_orig:ef29b1d1eb,1,0,0,3c8685800404010b2931228e628e363f643f1c9f
ppe_train_image503_80fbd6498e.jpg,ppe_train_image503_80fbd6498e,ppe_orig,ppe_orig:80fbd6498e,1,0,0,6b2b94581d5c3e46dfec8d0cbdf1a30a3029f09c
ppe_train_image504_5b3050167b.jpg,ppe_train_image504_5b3050167b,ppe_orig,ppe_orig:5b3050167b,1,0,0,48a5b43487b4bee730c6696f3d3bda0885525209
ppe_train_image506_1804bda36d.jpg,ppe_train_image506_1804bda36d,ppe_orig,ppe_orig:1804bda36d,1,0,0,c33f3675275ba7fe688325aa8dc68060a82b8fb7
ppe_train_image507_042f2b512e.jpg,ppe_train_image507_042f2b512e,ppe_orig,ppe_orig:042f2b512e,1,0,0,120229e808f404fc6f8a05b91bc45f992177e0c3
ppe_train_image509_8e9bef2d92.jpg,ppe_train_image509_8e9bef2d92,ppe_orig,ppe_orig:8e9bef2d92,1,0,0,d81abb28a17965dfaac4df43cf5a0d7e7b2a012e
ppe_train_image50_edc52fe17c.jpeg,ppe_train_image50_edc52fe17c,ppe_orig,ppe_orig:edc52fe17c,2,0,0,b4b02257891cf48ee5c9e04f28a80ee51de54682
ppe_train_image510_ec9b232261.jpg,ppe_train_image510_ec9b232261,ppe_orig,ppe_orig:ec9b232261,1,0,0,4fd4e987e4e340e48cdfca31b432d13bae2eefd9
ppe_train_image511_a3950ce92e.jpg,ppe_train_image511_a3950ce92e,ppe_orig,ppe_orig:a3950ce92e,1,0,0,c9bd72fd10dedee6c1ef2d9240000f456ae0a067
ppe_train_image512_959a086673.jpg,ppe_train_image512_959a086673,ppe_orig,ppe_orig:959a086673,1,0,0,40b80f363750db6718b310b4dee5f9ed836de307
ppe_train_image513_721026f718.jpg,ppe_train_image513_721026f718,ppe_orig,ppe_orig:721026f718,1,0,0,1f2045901e6077ca9adffc5b5c264662c69d0c54
ppe_train_image514_7c4298f60c.jpg,ppe_train_image514_7c4298f60c,ppe_orig,ppe_orig:7c4298f60c,1,0,0,ead5553d0ce47d989a857cdc60fdfae513d20918
ppe_train_image515_4c0c454c23.jpg,ppe_train_image515_4c0c454c23,ppe_orig,ppe_orig:4c0c454c23,1,0,0,ab47da51089a29cb25223fe3ed5a2464551d1077
ppe_train_image516_21a2b0e05f.jpg,ppe_train_image516_21a2b0e05f,ppe_orig,ppe_orig:21a2b0e05f,1,0,0,82e4a98884a4d4a8a0394f83a81a349bf30f339e
ppe_train_image518_728775d034.jpg,ppe_train_image518_728775d034,ppe_orig,ppe_orig:728775d034,1,0,0,8016692ed4a49378bb21a346cf143ba916ed23ad
ppe_train_image519_7ab9b546fa.jpg,ppe_train_image519_7ab9b546fa,ppe_orig,ppe_orig:7ab9b546fa,1,0,0,d957f321e1e2b5ee61cc6013adb89759c9862a3c
ppe_train_image51_0c46779a3b.jpeg,ppe_train_image51_0c46779a3b,ppe_orig,ppe_orig:0c46779a3b,1,0,0,e44a914f04fdbee3d4c30c37656f5cadf3808562
ppe_train_image520_d77a942850.jpg,ppe_train_image520_d77a942850,ppe_orig,ppe_orig:d77a942850,1,0,0,f73e063765bf3b16bf9ab77798ed0164af03e67d
ppe_train_image521_09c9d0f91d.jpeg,ppe_train_image521_09c9d0f91d,ppe_orig,ppe_orig:09c9d0f91d,3,0,0,61dfc80875091a6b275404f91cfb2a130aef19ce
ppe_train_image522_c845e0a0d1.jpeg,ppe_train_image522_c845e0a0d1,ppe_orig,ppe_orig:c845e0a0d1,1,0,0,e2a5de4c1ecacdca095be889f7c85722e73fb214
ppe_train_image523_2d8f9d6fa3.jpg,ppe_train_image523_2d8f9d6fa3,ppe_orig,ppe_orig:2d8f9d6fa3,1,0,0,55d8c38aa69ebb78c18a55a21d7a2092031a0e63
ppe_train_image525_281f55f767.jpeg,ppe_train_image525_281f55f767,ppe_orig,ppe_orig:281f55f767,1,0,0,93d714d037e80b70acaf31cfe1d7cd8b455828b3
ppe_train_image527_2147f8c667.jpg,ppe_train_image527_2147f8c667,ppe_orig,ppe_orig:2147f8c667,1,0,0,bacb44fe46cbc09efd0add6abafa61334ad32c20
ppe_train_image528_b92a900aac.jpg,ppe_train_image528_b92a900aac,ppe_orig,ppe_orig:b92a900aac,1,0,0,43d5f5b14f85ed35d469cb340efed772a8bd65fe
ppe_train_image529_beb8c15efa.jpg,ppe_train_image529_beb8c15efa,ppe_orig,ppe_orig:beb8c15efa,1,0,0,70675dcc11ce90bdbd4daa13e525c8da8b7eaa23
ppe_train_image52_0e50c0b59a.jpg,ppe_train_image52_0e50c0b59a,ppe_orig,ppe_orig:0e50c0b59a,1,0,0,c9cdc813943b6fc993f5556afa61b1a13af1c3a2
ppe_train_image530_21c68ed1c7.jpg,ppe_train_image530_21c68ed1c7,ppe_orig,ppe_orig:21c68ed1c7,1,0,0,be501ec40e0ea587c6abc81a50616e917b443c4d
ppe_train_image531_74e344c661.jpg,ppe_train_image531_74e344c661,ppe_orig,ppe_orig:74e344c661,1,0,0,60bb20a02ffedcbdccd49613b4210dfb019857c0
ppe_train_image534_d0a908cb3c.jpg,ppe_train_image534_d0a908cb3c,ppe_orig,ppe_orig:d0a908cb3c,1,0,0,112caab9b965d51d3b0576277fd819bc94e443d8
ppe_train_image539_9f08bf2275.jpg,ppe_train_image539_9f08bf2275,ppe_orig,ppe_orig:9f08bf2275,6,0,0,5cd447b4940257d2bc14bcf15f837f5681b9d156
ppe_train_image53_132a62b571.jpeg,ppe_train_image53_132a62b571,ppe_orig,ppe_orig:132a62b571,1,0,0,04460a3e6b138f2a5a8af108c9874b517d033d08
ppe_train_image542_dfca52537d.jpg,ppe_train_image542_dfca52537d,ppe_orig,ppe_orig:dfca52537d,3,0,0,58e4227e3fc24410547b0d7d86da7bbbe67eb2ee
ppe_train_image543_5780966207.jpg,ppe_train_image543_5780966207,ppe_orig,ppe_orig:5780966207,1,0,0,363557cbdae0b4847337fed92e7798805f235acd
ppe_train_image544_ef23372c3a.jpg,ppe_train_image544_ef23372c3a,ppe_orig,ppe_orig:ef23372c3a,1,0,0,bb509f9e27f38c8ce91ed21668989aae2250d84a
ppe_train_image545_f3212489f7.jpg,ppe_train_image545_f3212489f7,ppe_orig,ppe_orig:f3212489f7,1,0,0,5c9ae7e1a32e3686283ae73916d062fb368f1418
ppe_train_image546_edcb73d9bb.jpg,ppe_train_image546_edcb73d9bb,ppe_orig,ppe_orig:edcb73d9bb,1,0,0,7fee76a4443981204b531c6dce56928701ac0442
ppe_train_image549_d1839651fc.jpg,ppe_train_image549_d1839651fc,ppe_orig,ppe_orig:d1839651fc,3,0,0,62005031e60401ed14d59c369e9aebceb96a0dca
ppe_train_image54_6b3fa9eb4c.jpg,ppe_train_image54_6b3fa9eb4c,ppe_orig,ppe_orig:6b3fa9eb4c,1,0,0,b63f5c2e7a430b917e810edf43f329b28ecc51c0
ppe_train_image551_bf33fc9d76.jpg,ppe_train_image551_bf33fc9d76,ppe_orig,ppe_orig:bf33fc9d76,1,0,0,97a5a4fc851fb9ee2f9a904f6fbb6a79ce64056c
ppe_train_image552_4d3ea6bee1.jpg,ppe_train_image552_4d3ea6bee1,ppe_orig,ppe_orig:4d3ea6bee1,1,0,0,c0df03373ecf8c007b42decef35c5164159c4623
ppe_train_image553_038676b988.jpg,ppe_train_image553_038676b988,ppe_orig,ppe_orig:038676b988,1,0,0,84bbf1834e71b775dc53ff12aefe30485601df27
ppe_train_image554_5732d72fe7.jpg,ppe_train_image554_5732d72fe7,ppe_orig,ppe_orig:5732d72fe7,2,0,0,cd6a1e25bcf5ce967dbdbf25902012f407d3422b
ppe_train_image555_b31bcc9ee7.jpg,ppe_train_image555_b31bcc9ee7,ppe_orig,ppe_orig:b31bcc9ee7,1,0,0,46bcf767ec73eb18e448cde7617e7f6c8257beff
ppe_train_image556_e5e528640d.jpg,ppe_train_image556_e5e528640d,ppe_orig,ppe_orig:e5e528640d,10,0,0,9c0aed32b1aa3af22b249bce470ab153de6fc857
ppe_train_image557_b88ff7ee55.jpg,ppe_train_image557_b88ff7ee55,ppe_orig,ppe_orig:b88ff7ee55,1,0,0,68fe2939d29c0802275acc921c77502bb709f7c4
ppe_train_image558_cc5a21ee75.jpg,ppe_train_image558_cc5a21ee75,ppe_orig,ppe_orig:cc5a21ee75,1,0,0,344b4f098b3b791ec4905c5958808841b623a985
ppe_train_image559_0703c9b5c9.jpg,ppe_train_image559_0703c9b5c9,ppe_orig,ppe_orig:0703c9b5c9,1,0,0,e69914bd721e0a57b17fc072e52e07eb4a4dcfa1
ppe_train_image560_0583cba027.jpg,ppe_train_image560_0583cba027,ppe_orig,ppe_orig:0583cba027,1,0,0,b0ed62a05fe81272c929203a170f62b6d07e1eda
ppe_train_image561_b36e8448a0.jpg,ppe_train_image561_b36e8448a0,ppe_orig,ppe_orig:b36e8448a0,1,0,0,98260b5f12631dd576c3fd76d29d98ab9fd9eaca
ppe_train_image562_88a02c7e68.jpg,ppe_train_image562_88a02c7e68,ppe_orig,ppe_orig:88a02c7e68,6,0,0,88a0f2f3997a7a41b192422f80e2e29435babecb
ppe_train_image563_e497951317.jpg,ppe_train_image563_e497951317,ppe_orig,ppe_orig:e497951317,1,0,0,233f9b347a943fd2826ae2d39768fa7016c98421
ppe_train_image564_a503e7e042.jpg,ppe_train_image564_a503e7e042,ppe_orig,ppe_orig:a503e7e042,1,0,0,3bbb6f4667134fb3dfe0f02c7379ff0699ea61dd
ppe_train_image565_dca93284b5.jpg,ppe_train_image565_dca93284b5,ppe_orig,ppe_orig:dca93284b5,1,0,0,86bf2618467099c67916ab98fe37dc41cd997cc6
ppe_train_image567_0231df41fd.jpg,ppe_train_image567_0231df41fd,ppe_orig,ppe_orig:0231df41fd,1,0,0,c0e44229dd545591ea50aa9171562aff12c26884
ppe_train_image568_b2dd7259c4.jpg,ppe_train_image568_b2dd7259c4,ppe_orig,ppe_orig:b2dd7259c4,1,0,0,725b36f43218a809a1863eaac1484c1539243d08
ppe_train_image569_e7e9592255.jpg,ppe_train_image569_e7e9592255,ppe_orig,ppe_orig:e7e9592255,1,0,0,aa9752b8fbfa13baaf8f0c66b46a1017ef71fa8e
ppe_train_image56_77931437fa.jpg,ppe_train_image56_77931437fa,ppe_orig,ppe_orig:77931437fa,1,0,0,e99c353a3af2aa70da54d9ec2d4ccb1d305c1571
ppe_train_image570_5fea2bb215.jpg,ppe_train_image570_5fea2bb215,ppe_orig,ppe_orig:5fea2bb215,1,0,0,91efeca83971cf53f00319991d3bfb295c0da222
ppe_train_image571_9e5a134825.jpg,ppe_train_image571_9e5a134825,ppe_orig,ppe_orig:9e5a134825,1,0,0,90557cac56aa4d8dff8fc1b07176d3b8c981f681
ppe_train_image572_8853364f7e.jpg,ppe_train_image572_8853364f7e,ppe_orig,ppe_orig:8853364f7e,1,0,0,3a5078057464946f11dbc3d80a4b9c1dbedb1545
ppe_train_image574_6129a7dd40.jpg,ppe_train_image574_6129a7dd40,ppe_orig,ppe_orig:6129a7dd40,1,0,0,ead417d288a503c93e634ae0485ae2661cc25e10
ppe_train_image575_721ae1fe49.jpg,ppe_train_image575_721ae1fe49,ppe_orig,ppe_orig:721ae1fe49,1,0,0,b253e1f6adf0aaed8ce539cc176919034339d080
ppe_train_image577_0c06256896.jpg,ppe_train_image577_0c06256896,ppe_orig,ppe_orig:0c06256896,1,0,0,96fbe51c700ccd2ae2b578e0daa4e042ed71da51
ppe_train_image578_b39b76c81b.jpg,ppe_train_image578_b39b76c81b,ppe_orig,ppe_orig:b39b76c81b,1,0,0,84e5fe7861e1e50cd853d9ca0a8146518a31b9f4
ppe_train_image579_757e55ede2.jpg,ppe_train_image579_757e55ede2,ppe_orig,ppe_orig:757e55ede2,1,0,0,31ee55ef7dc0fcdaa73664fa69f163da1df701d6
ppe_train_image580_d5c48d6266.jpg,ppe_train_image580_d5c48d6266,ppe_orig,ppe_orig:d5c48d6266,1,0,0,e078217ecfb2e72105559a949687f31241ccada8
ppe_train_image581_b3cab12cff.jpg,ppe_train_image581_b3cab12cff,ppe_orig,ppe_orig:b3cab12cff,1,0,0,1fe6cd81fee467f1df785e82a930d3f3192b5b6a
ppe_train_image582_72ffa70d2f.jpg,ppe_train_image582_72ffa70d2f,ppe_orig,ppe_orig:72ffa70d2f,1,0,0,49caffa3e972293e26a68bf18c769b4bb31e6046
ppe_train_image583_e1bf0fe2de.jpg,ppe_train_image583_e1bf0fe2de,ppe_orig,ppe_orig:e1bf0fe2de,1,0,0,f57843fa6e7358f11a3c56d2d0c10b4e43fcff14
ppe_train_image584_e046e152f0.jpg,ppe_train_image584_e046e152f0,ppe_orig,ppe_orig:e046e152f0,1,0,0,d78e14a6c527fc83450e610c4a41ad7585321470
ppe_train_image586_4294a81ba8.jpg,ppe_train_image586_4294a81ba8,ppe_orig,ppe_orig:4294a81ba8,1,0,0,c44c40daa1b64aca57913272c22812c5799efac7
ppe_train_image587_6ca120797f.jpg,ppe_train_image587_6ca120797f,ppe_orig,ppe_orig:6ca120797f,1,0,0,68ecf74c618c1ccb99c85636d40db1b49c2f7418
ppe_train_image588_274bd3f98f.jpg,ppe_train_image588_274bd3f98f,ppe_orig,ppe_orig:274bd3f98f,1,0,0,b0550a4f082d610955f4dfacd1e3de94f2f41c14
ppe_train_image589_ace40be468.jpg,ppe_train_image589_ace40be468,ppe_orig,ppe_orig:ace40be468,1,0,0,930adf44fe059169027a2945757788985fad5b0a
ppe_train_image590_2e43a352b2.jpg,ppe_train_image590_2e43a352b2,ppe_orig,ppe_orig:2e43a352b2,1,0,0,0aff6e52e610652cae3a0d67e08da510c0c40945
ppe_train_image591_b36fb9cb7d.jpg,ppe_train_image591_b36fb9cb7d,ppe_orig,ppe_orig:b36fb9cb7d,1,0,0,5e9bad4c61b208caacdefcc91cd0e003be89631a
ppe_train_image592_4dd0de360c.jpg,ppe_train_image592_4dd0de360c,ppe_orig,ppe_orig:4dd0de360c,1,0,0,de1700b3bc2528d16947d7af2b32fb392523fadf
ppe_train_image593_c4b14969cf.jpg,ppe_train_image593_c4b14969cf,ppe_orig,ppe_orig:c4b14969cf,1,0,0,3dc97a4c822823997dc5b4f1926a0c4ff173613d
ppe_train_image594_0048908ddd.jpg,ppe_train_image594_0048908ddd,ppe_orig,ppe_orig:0048908ddd,1,0,0,d39ef506cf9450c588d5657e8a88a9228ca5fa6b
ppe_train_image595_43549e4470.jpg,ppe_train_image595_43549e4470,ppe_orig,ppe_orig:43549e4470,1,0,0,87ae4d3a1f1ca95f509f37ca7f345ef75096f614
ppe_train_image596_09228539f7.jpg,ppe_train_image596_09228539f7,ppe_orig,ppe_orig:09228539f7,1,0,0,f9593632997f843ce350c7db5d5a8ddaca25facd
ppe_train_image597_5fbfa3faaf.jpeg,ppe_train_image597_5fbfa3faaf,ppe_orig,ppe_orig:5fbfa3faaf,1,0,0,8f877e15a7f188ecaaf9af5239469b0ae5503a44
ppe_train_image598_875331297c.jpg,ppe_train_image598_875331297c,ppe_orig,ppe_orig:875331297c,1,0,0,c1ee57baadbc6a3d52b8f6a7afe7d19d6dca3442
ppe_train_image599_36b6d93a1c.jpg,ppe_train_image599_36b6d93a1c,ppe_orig,ppe_orig:36b6d93a1c,1,0,0,1f19ad1d8ab1d8d84e706ee93fa6cd5e826b5e72
ppe_train_image59_2f22295eef.jpg,ppe_train_image59_2f22295eef,ppe_orig,ppe_orig:2f22295eef,1,0,0,28740bb3bd6c80f1f19ec3be0ef8decf02470f59
ppe_train_image5_9239d8c3e1.jpeg,ppe_train_image5_9239d8c3e1,ppe_orig,ppe_orig:9239d8c3e1,3,0,0,49038f3d63d2956aa4224d3050e4736fbd633fdc
ppe_train_image600_64623cf88c.jpg,ppe_train_image600_64623cf88c,ppe_orig,ppe_orig:64623cf88c,5,0,0,f2421270f048fac5556e53e82d9eb2628c67c93d
ppe_train_image601_42e5c29807.jpg,ppe_train_image601_42e5c29807,ppe_orig,ppe_orig:42e5c29807,7,0,0,fb54674c1753b4e52c33bc8c9128e116984dee97
ppe_train_image602_102841f2f0.jpg,ppe_train_image602_102841f2f0,ppe_orig,ppe_orig:102841f2f0,6,0,0,1548cae447fa7e0713306773fdea1e4192d22e18
ppe_train_image603_32d28beda5.jpg,ppe_train_image603_32d28beda5,ppe_orig,ppe_orig:32d28beda5,6,0,0,35c8fb19278a4a4fa607d882a47d79e21cffe61d
ppe_train_image604_a8c73d5fd7.jpg,ppe_train_image604_a8c73d5fd7,ppe_orig,ppe_orig:a8c73d5fd7,1,0,0,e1a74a99a726fd2fe62ab4a8144bb6bd34da6fe9
ppe_train_image605_caed1ec9d1.jpg,ppe_train_image605_caed1ec9d1,ppe_orig,ppe_orig:caed1ec9d1,1,0,0,ad24532b9482d13685d6682316ea495b335978da
ppe_train_image606_d871e02863.jpg,ppe_train_image606_d871e02863,ppe_orig,ppe_orig:d871e02863,1,0,0,98072bf15c056ae1adc205fba114bd88f3ec3d7a
ppe_train_image609_b5f8591015.jpeg,ppe_train_image609_b5f8591015,ppe_orig,ppe_orig:b5f8591015,1,0,0,19b5f98775037526985bfbf98f6927a455092700
ppe_train_image60_7cc7056e46.jpeg,ppe_train_image60_7cc7056e46,ppe_orig,ppe_orig:7cc7056e46,1,0,0,d06b8b03a44a9b85ff5bbab938a384a01f979fb8
ppe_train_image610_0fec06ed61.jpg,ppe_train_image610_0fec06ed61,ppe_orig,ppe_orig:0fec06ed61,3,0,0,cc2dd5006917dbb6147dceb36be2a5aba8826873
ppe_train_image613_1ec33cd2fa.jpg,ppe_train_image613_1ec33cd2fa,ppe_orig,ppe_orig:1ec33cd2fa,5,0,0,cda03605752ae05c63ae183204a16b6303308ea3
ppe_train_image614_c4b6b2441f.jpg,ppe_train_image614_c4b6b2441f,ppe_orig,ppe_orig:c4b6b2441f,6,0,0,4c1d7c89f09fd7437233d3e57c7483040b874325
ppe_train_image617_49a147fdb6.jpg,ppe_train_image617_49a147fdb6,ppe_orig,ppe_orig:49a147fdb6,1,0,0,1bcc814505700649760072a66a617f740afe181e
ppe_train_image618_f7b0d38aff.jpg,ppe_train_image618_f7b0d38aff,ppe_orig,ppe_orig:f7b0d38aff,1,0,0,6b8ea3eef91ae3d04cfd731e97ad83dacec6aa1d
ppe_train_image61_90d5efd8f8.jpg,ppe_train_image61_90d5efd8f8,ppe_orig,ppe_orig:90d5efd8f8,1,0,0,a16876aa21088222c21f693012bd4779250373d2
ppe_train_image620_ad71418f23.jpg,ppe_train_image620_ad71418f23,ppe_orig,ppe_orig:ad71418f23,5,0,0,11c6324432a32a80b1079bee6080e13d421dae1a
ppe_train_image621_d4c6ae5a89.jpg,ppe_train_image621_d4c6ae5a89,ppe_orig,ppe_orig:d4c6ae5a89,2,0,0,745f251cd8f80c35843f60ea11aa3eb9eb07b0ce
ppe_train_image623_31ccf7666f.jpg,ppe_train_image623_31ccf7666f,ppe_orig,ppe_orig:31ccf7666f,1,0,0,8500249b1d86ef70584f9a4285dfd4e2df4e5cda
ppe_train_image625_5ae0cdc99b.jpg,ppe_train_image625_5ae0cdc99b,ppe_orig,ppe_orig:5ae0cdc99b,1,0,0,8b3e76ea64ebd5f5ced1d91f1cb802bb000e6fb5
ppe_train_image626_da241bb9f3.jpg,ppe_train_image626_da241bb9f3,ppe_orig,ppe_orig:da241bb9f3,1,0,0,acbd31f748f0dfa16b1315c6ade807e83e60cc71
ppe_train_image629_18b912f27d.jpg,ppe_train_image629_18b912f27d,ppe_orig,ppe_orig:18b912f27d,2,0,0,16f0220916ea5aa432ae2d7c34a0a47b2b1ee1cd
ppe_train_image62_b16446c4b0.jpeg,ppe_train_image62_b16446c4b0,ppe_orig,ppe_orig:b16446c4b0,2,0,0,99d7896dc98d43415d0e151ba71a5b620d3ed3f2
ppe_train_image630_be5f568b39.jpg,ppe_train_image630_be5f568b39,ppe_orig,ppe_orig:be5f568b39,3,0,0,dd28cca9530c2f9785b66d4289ed39572ba9bef4
ppe_train_image631_3e0002532b.jpeg,ppe_train_image631_3e0002532b,ppe_orig,ppe_orig:3e0002532b,2,0,0,162d58b56cdd642f076e7fac3edd1834e6d98700
ppe_train_image632_3ae5096adc.jpg,ppe_train_image632_3ae5096adc,ppe_orig,ppe_orig:3ae5096adc,1,0,0,a274ccbc599f3b17b3ba51a8f9990ceeb35254f3
ppe_train_image634_5a11dbc381.jpg,ppe_train_image634_5a11dbc381,ppe_orig,ppe_orig:5a11dbc381,3,0,0,d1ae3496d5c2b624acb9a555c34d8009d2c3ff5b
ppe_train_image635_c792651aba.jpg,ppe_train_image635_c792651aba,ppe_orig,ppe_orig:c792651aba,1,0,0,10cbe9d1094f753ea870a6a32d95ff7e2db73e20
ppe_train_image636_80dd83a2e7.jpg,ppe_train_image636_80dd83a2e7,ppe_orig,ppe_orig:80dd83a2e7,1,0,0,01b84101142661e67aedfb2f8efa973e9d807386
ppe_train_image637_442d67cc72.jpg,ppe_train_image637_442d67cc72,ppe_orig,ppe_orig:442d67cc72,5,0,0,f0ef18afd3466f13ccdc37bc50303cd3bc8eac3b
ppe_train_image638_19b420e679.jpg,ppe_train_image638_19b420e679,ppe_orig,ppe_orig:19b420e679,6,0,0,1cf13bdbd7d1d3d6f6c1e638fe5eee125e12e30e
ppe_train_image639_03b757224e.jpg,ppe_train_image639_03b757224e,ppe_orig,ppe_orig:03b757224e,12,0,0,f86dcd76e40f619b4286a1c8af152bd7559d8641
ppe_train_image641_28e543dc0e.jpg,ppe_train_image641_28e543dc0e,ppe_orig,ppe_orig:28e543dc0e,2,0,0,9ac19a969d25d42d055b6883fe07eaf554d65eb9
ppe_train_image642_248cad96f5.jpeg,ppe_train_image642_248cad96f5,ppe_orig,ppe_orig:248cad96f5,1,0,0,fb93dd7de681a4d9615c818cda7aa65e32ffb912
ppe_train_image643_4f1ab708aa.jpg,ppe_train_image643_4f1ab708aa,ppe_orig,ppe_orig:4f1ab708aa,3,0,0,0393ced4422c3728871ee7478adb3b1caa114f85
ppe_train_image645_27a92b43f7.jpg,ppe_train_image645_27a92b43f7,ppe_orig,ppe_orig:27a92b43f7,8,0,0,7a07534d3baaab591c104a947ed98aced155e3c1
ppe_train_image646_6f71847d6a.jpg,ppe_train_image646_6f71847d6a,ppe_orig,ppe_orig:6f71847d6a,14,0,0,6c2e0a642a9b80477f509f01689dd31c765e1810
ppe_train_image647_b4b14b9700.jpg,ppe_train_image647_b4b14b9700,ppe_orig,ppe_orig:b4b14b9700,2,0,0,1960dcf0078e5de527b20743d036af6d35f04dcd
ppe_train_image648_e237323f05.jpg,ppe_train_image648_e237323f05,ppe_orig,ppe_orig:e237323f05,1,0,0,54c052c508853af55f039bc4893aa3a9ce4df868
ppe_train_image649_d2f8b7cad9.jpg,ppe_train_image649_d2f8b7cad9,ppe_orig,ppe_orig:d2f8b7cad9,1,0,0,d8edd83a9dbf8a555596d51d38b361ec63647c84
ppe_train_image64_2d9d020ff0.jpeg,ppe_train_image64_2d9d020ff0,ppe_orig,ppe_orig:2d9d020ff0,2,0,0,720e09ceaa18e51a3fd7069fb75e9cad2dcc3b04
ppe_train_image650_c0730d7b14.jpg,ppe_train_image650_c0730d7b14,ppe_orig,ppe_orig:c0730d7b14,2,0,0,8e23691a12fbe6988133792c1a525c4236b74361
ppe_train_image651_0fe3bd819f.jpg,ppe_train_image651_0fe3bd819f,ppe_orig,ppe_orig:0fe3bd819f,1,0,0,dfdf84216cc8a101b802c5c41746bed0fa2b21c1
ppe_train_image652_2bef355bc1.jpg,ppe_train_image652_2bef355bc1,ppe_orig,ppe_orig:2bef355bc1,3,0,0,4dd91e74e8a5026eaa6ae188ba5db191e69d9714
ppe_train_image653_f236141df8.jpeg,ppe_train_image653_f236141df8,ppe_orig,ppe_orig:f236141df8,4,0,0,1221d9409fbba9b987dced0c442906c3a15abc3b
ppe_train_image655_85190c8e11.jpg,ppe_train_image655_85190c8e11,ppe_orig,ppe_orig:85190c8e11,3,0,0,1fe9a3e168c58981247cce1ab547b3f85590c126
ppe_train_image657_ef5ef54b3c.jpg,ppe_train_image657_ef5ef54b3c,ppe_orig,ppe_orig:ef5ef54b3c,2,0,0,1674c246f9a50c15489a605dc0b17964e7324809
ppe_train_image658_ea85ec523c.jpg,ppe_train_image658_ea85ec523c,ppe_orig,ppe_orig:ea85ec523c,1,0,0,fb2af680db8e73b45d06f35f56cb6793a00f2675
ppe_train_image659_7120c60241.jpg,ppe_train_image659_7120c60241,ppe_orig,ppe_orig:7120c60241,7,0,0,3359bd9e6815354c4696114992742d8a20198b2f
ppe_train_image661_f3bef64fe6.jpg,ppe_train_image661_f3bef64fe6,ppe_orig,ppe_orig:f3bef64fe6,4,0,0,c706256db3460bde43a09f83e7b816b605d9baa0
ppe_train_image662_0d4c2a7e63.jpg,ppe_train_image662_0d4c2a7e63,ppe_orig,ppe_orig:0d4c2a7e63,1,0,0,8b7cb190db1e948ad7d8aff628e2a9ebacd9a82f
ppe_train_image663_d31484311a.jpg,ppe_train_image663_d31484311a,ppe_orig,ppe_orig:d31484311a,2,0,0,cba3e5beb3943ffcfc44035b25e2c569377a5db4
ppe_train_image664_42dd6327ef.jpeg,ppe_train_image664_42dd6327ef,ppe_orig,ppe_orig:42dd6327ef,1,0,0,be0f7f470bc08810170a6ccdcbf2f2a1dff3e447
ppe_train_image665_5f9fa46052.jpg,ppe_train_image665_5f9fa46052,ppe_orig,ppe_orig:5f9fa46052,2,0,0,617f965e03a82fb5fbcf2eaf983fc362cef72295
ppe_train_image667_f3849f41aa.jpg,ppe_train_image667_f3849f41aa,ppe_orig,ppe_orig:f3849f41aa,1,0,0,5ee7358f8e6507e3487aa7fddc7f53553e4a37a2
ppe_train_image668_e6f7d99b7d.jpg,ppe_train_image668_e6f7d99b7d,ppe_orig,ppe_orig:e6f7d99b7d,1,0,0,31d8fa9bba749421e940ffd218644c1fb2d37b08
ppe_train_image66_e3b2369153.jpg,ppe_train_image66_e3b2369153,ppe_orig,ppe_orig:e3b2369153,1,0,0,ecc8aa0afb44b8d1f90e5f3da24692aa309362d7
ppe_train_image671_0db1070896.jpeg,ppe_train_image671_0db1070896,ppe_orig,ppe_orig:0db1070896,1,0,0,110e11663af9f237ca74e9890807ef1ce5737bad
ppe_train_image672_386d34a7b6.jpg,ppe_train_image672_386d34a7b6,ppe_orig,ppe_orig:386d34a7b6,9,0,0,cd5a768fe24d0f5d813121d3e6a546ce7dfe0505
ppe_train_image673_534503ff3d.jpg,ppe_train_image673_534503ff3d,ppe_orig,ppe_orig:534503ff3d,1,0,0,76e70356d5e75be4ca2a05c1aba26212a5bedccc
ppe_train_image677_e476999d57.jpeg,ppe_train_image677_e476999d57,ppe_orig,ppe_orig:e476999d57,1,0,0,5a6bdc67c495873c4891c49dbafe065f6f9204ac
ppe_train_image678_93d9ce3b09.jpg,ppe_train_image678_93d9ce3b09,ppe_orig,ppe_orig:93d9ce3b09,4,0,0,76acf07b1df457a0b83100e21a3394d5fd93b127
ppe_train_image679_6c8fcd74b3.jpeg,ppe_train_image679_6c8fcd74b3,ppe_orig,ppe_orig:6c8fcd74b3,1,0,0,3bd0ea747a4fcca9e0445a410c6310a4223314fa
ppe_train_image67_c7524f5773.jpeg,ppe_train_image67_c7524f5773,ppe_orig,ppe_orig:c7524f5773,1,0,0,24c32fb0e60f27598eecc01e501233b6596cc32a
ppe_train_image681_2138a62384.jpg,ppe_train_image681_2138a62384,ppe_orig,ppe_orig:2138a62384,1,0,0,f0f4590a22a5dd8be8cfa3c41bd4615913fd1de6
ppe_train_image682_1291134fb1.jpeg,ppe_train_image682_1291134fb1,ppe_orig,ppe_orig:1291134fb1,1,0,0,8c5ec2e3eb29b27c6a879df9e01d3c2486382d41
ppe_train_image683_08318740cb.jpg,ppe_train_image683_08318740cb,ppe_orig,ppe_orig:08318740cb,1,0,0,7f84e69eb76efd528ae903c5588fde644b1ee99d
ppe_train_image684_d954366f4d.jpg,ppe_train_image684_d954366f4d,ppe_orig,ppe_orig:d954366f4d,1,0,0,d48067ea0cffa19a97e257fd43175d674d96a8df
ppe_train_image685_642b0c961c.jpg,ppe_train_image685_642b0c961c,ppe_orig,ppe_orig:642b0c961c,1,0,0,aec670aa20db730b51af8bf8ac5c15671a236ce7
ppe_train_image687_0525f140de.jpg,ppe_train_image687_0525f140de,ppe_orig,ppe_orig:0525f140de,1,0,0,74db498585c682932ad474e63f4346a4cebbe8ba
ppe_train_image688_8cb6cdb61b.jpeg,ppe_train_image688_8cb6cdb61b,ppe_orig,ppe_orig:8cb6cdb61b,1,0,0,6b0c91d9e5ccdea51cbbea9f0a2be9ec65f958bb
ppe_train_image689_63ea24886f.jpg,ppe_train_image689_63ea24886f,ppe_orig,ppe_orig:63ea24886f,1,0,0,fd8a0fa6ba439e912a592819afe23a35ac06cab2
ppe_train_image68_52a25f13b0.jpg,ppe_train_image68_52a25f13b0,ppe_orig,ppe_orig:52a25f13b0,1,0,0,944ec90ce418de550b49c7faefe1b1e052807f65
ppe_train_image690_00105535e5.jpg,ppe_train_image690_00105535e5,ppe_orig,ppe_orig:00105535e5,1,0,0,54d25401acd99c7792c936b34e1c1b0aa105fe45
ppe_train_image691_7089a211bb.jpeg,ppe_train_image691_7089a211bb,ppe_orig,ppe_orig:7089a211bb,1,0,0,485aaaaf4b08cdfa07d3c4d784053e4dce200e60
ppe_train_image692_c27e0b8d11.jpg,ppe_train_image692_c27e0b8d11,ppe_orig,ppe_orig:c27e0b8d11,1,0,0,f44261abf5789d7ade98a2240b4f664060f3e7fd
ppe_train_image693_5d0f04eed1.jpg,ppe_train_image693_5d0f04eed1,ppe_orig,ppe_orig:5d0f04eed1,1,0,0,6aa3061d605652577a12fc41a84f4a0f3ca0fc05
ppe_train_image695_b2ab85f3c0.jpg,ppe_train_image695_b2ab85f3c0,ppe_orig,ppe_orig:b2ab85f3c0,1,0,0,0facec76513879ce61efcc1400b08ae2060ea886
ppe_train_image697_c136f8ff4e.jpeg,ppe_train_image697_c136f8ff4e,ppe_orig,ppe_orig:c136f8ff4e,1,0,0,71aee66aaa86cf05686402881f9dfa22f8a7ed81
ppe_train_image699_4d7754513b.jpg,ppe_train_image699_4d7754513b,ppe_orig,ppe_orig:4d7754513b,1,0,0,9c6eaae822924a9c231439baa375414d26e08388
ppe_train_image69_12f0b981df.jpeg,ppe_train_image69_12f0b981df,ppe_orig,ppe_orig:12f0b981df,1,0,0,faef82693bdc40aa70a76276f0685025b922e374
ppe_train_image701_ffa19d6569.jpg,ppe_train_image701_ffa19d6569,ppe_orig,ppe_orig:ffa19d6569,3,0,0,474eaa08b1c9890c848bbc7006980f7c09312a43
ppe_train_image702_4c3f75b8d4.jpg,ppe_train_image702_4c3f75b8d4,ppe_orig,ppe_orig:4c3f75b8d4,1,0,0,40077fade0e9416668e998d2caafedb94a4c7d50
ppe_train_image703_8b0ec0959e.jpeg,ppe_train_image703_8b0ec0959e,ppe_orig,ppe_orig:8b0ec0959e,1,0,0,b56a9b3d93e193c7638f8001a8cf85cf53eef7a3
ppe_train_image704_40fa8e2d10.jpg,ppe_train_image704_40fa8e2d10,ppe_orig,ppe_orig:40fa8e2d10,5,0,0,219bd95d0df2527c08b86c7a6c707a0c02f05688
ppe_train_image706_7c20f5a9ff.jpeg,ppe_train_image706_7c20f5a9ff,ppe_orig,ppe_orig:7c20f5a9ff,1,0,0,2c622f59eecfdeebdf9ef23ba246798a9c49e58f
ppe_train_image707_7804540c45.jpg,ppe_train_image707_7804540c45,ppe_orig,ppe_orig:7804540c45,3,0,0,e1756ecd48e87803dd455dc37b25a434938c310d
ppe_train_image710_1490593548.jpeg,ppe_train_image710_1490593548,ppe_orig,ppe_orig:1490593548,1,0,0,3eeaa7c06842a2a2c772e2105de617b96e6c989a
ppe_train_image711_e7c4e12fd9.jpg,ppe_train_image711_e7c4e12fd9,ppe_orig,ppe_orig:e7c4e12fd9,2,0,0,e07170b6ad0f0f996eff0f7ea9b2913c9ed6e9d8
ppe_train_image712_8f36bcafaa.jpg,ppe_train_image712_8f36bcafaa,ppe_orig,ppe_orig:8f36bcafaa,1,0,0,ac16d24a117507d4b1b0ef6967944e87f1f04ca8
ppe_train_image715_2215ce6dc8.jpg,ppe_train_image715_2215ce6dc8,ppe_orig,ppe_orig:2215ce6dc8,2,0,0,195c82058d92b53f2e47c4725bc1f75eb151e6f8
ppe_train_image716_de6f96ea81.jpg,ppe_train_image716_de6f96ea81,ppe_orig,ppe_orig:de6f96ea81,1,0,0,ee897b54f816dde3427e42865bee3b562e0782f0
ppe_train_image717_408902d6de.jpeg,ppe_train_image717_408902d6de,ppe_orig,ppe_orig:408902d6de,1,0,0,527c3c9509fc7286fecf72873fd711cb4c9aa02c
ppe_train_image71_41d94789f8.jpg,ppe_train_image71_41d94789f8,ppe_orig,ppe_orig:41d94789f8,1,0,0,32a79d55f903097a7586388d8af561a076221f43
ppe_train_image721_4ad829a58d.jpg,ppe_train_image721_4ad829a58d,ppe_orig,ppe_orig:4ad829a58d,5,0,0,4646a12b9f1a8c2278ec10dfd98a5da4dfe4265f
ppe_train_image723_eb98f5fc2d.jpg,ppe_train_image723_eb98f5fc2d,ppe_orig,ppe_orig:eb98f5fc2d,1,0,0,6d4bc433e691de6b4214ae1bb4d101ef4641122f
ppe_train_image724_1fb50df43a.jpg,ppe_train_image724_1fb50df43a,ppe_orig,ppe_orig:1fb50df43a,1,0,0,3bc7927074cf5ce30360b9927cb5d61fc7ab356c
ppe_train_image725_08da531014.jpg,ppe_train_image725_08da531014,ppe_orig,ppe_orig:08da531014,1,0,0,be438294c1090ac748eaf085a6001b116cf9b887
ppe_train_image726_1e92eb1e1c.jpeg,ppe_train_image726_1e92eb1e1c,ppe_orig,ppe_orig:1e92eb1e1c,3,0,0,3bb6d9fdbafdd9e669a39a929bc68f190b587c1a
ppe_train_image727_01d82d562c.jpg,ppe_train_image727_01d82d562c,ppe_orig,ppe_orig:01d82d562c,2,0,0,751237e455a69e5859e6b281ee1620345da8c902
ppe_train_image728_f46e2c33db.jpeg,ppe_train_image728_f46e2c33db,ppe_orig,ppe_orig:f46e2c33db,1,0,0,962fac31b5974b56201dbbb452cb78be86091753
ppe_train_image729_8a25df3907.jpg,ppe_train_image729_8a25df3907,ppe_orig,ppe_orig:8a25df3907,3,0,0,40865a2abf0f9ebf92774cf6ae586fdc97250381
ppe_train_image72_f898a7065c.jpeg,ppe_train_image72_f898a7065c,ppe_orig,ppe_orig:f898a7065c,2,0,0,b9146e1b15fa916faf35538d3f7301261a3e3ae4
ppe_train_image730_edb6f26c81.jpg,ppe_train_image730_edb6f26c81,ppe_orig,ppe_orig:edb6f26c81,1,0,0,efd538a545319f13330521940a4e6b7b8f7e6d1b
ppe_train_image733_50b7674f07.jpg,ppe_train_image733_50b7674f07,ppe_orig,ppe_orig:50b7674f07,1,0,0,ec8cf5588d799e550499f00d9237a648ed4c6ac9
ppe_train_image735_20c8f5eab6.jpg,ppe_train_image735_20c8f5eab6,ppe_orig,ppe_orig:20c8f5eab6,1,0,0,1aa76ef9460eddc09ec46448f661ca455e857ad1
ppe_train_image736_faac1b92d9.jpg,ppe_train_image736_faac1b92d9,ppe_orig,ppe_orig:faac1b92d9,1,0,0,345ee27431f256552a8b7c1ce679e86afd5af55d
ppe_train_image73_7a68f71d56.jpg,ppe_train_image73_7a68f71d56,ppe_orig,ppe_orig:7a68f71d56,1,0,0,f913c2832faf71de010ca614995952b3d1803ca1
ppe_train_image740_666d0c9495.jpg,ppe_train_image740_666d0c9495,ppe_orig,ppe_orig:666d0c9495,1,0,0,9051ac1d871fe62283e093d92fe16aab3bb7b06d
ppe_train_image743_536a888548.jpg,ppe_train_image743_536a888548,ppe_orig,ppe_orig:536a888548,1,0,0,e554beae426b717c27948543d7d0046ff2d6083e
ppe_train_image746_20d7865bd1.jpg,ppe_train_image746_20d7865bd1,ppe_orig,ppe_orig:20d7865bd1,1,0,0,85c9e981ed2bb0ee0220725e9592b7aa8aae81a5
ppe_train_image747_9df7e65b8c.jpg,ppe_train_image747_9df7e65b8c,ppe_orig,ppe_orig:9df7e65b8c,1,0,0,1aa1136d4e359f4d95fa1a6ba85ab9ed788bc606
ppe_train_image748_192d88c7c5.jpeg,ppe_train_image748_192d88c7c5,ppe_orig,ppe_orig:192d88c7c5,1,0,0,85d584db403bdcffca7f0bc31bedc7c845f954a0
ppe_train_image750_bbe5a3bdab.jpg,ppe_train_image750_bbe5a3bdab,ppe_orig,ppe_orig:bbe5a3bdab,1,0,0,dffead68479f696d5563202ef02c508958b8faa5
ppe_train_image751_85f6161e79.jpg,ppe_train_image751_85f6161e79,ppe_orig,ppe_orig:85f6161e79,1,0,0,ce43f55d485bb6ad808ec0258caf7b0933c65340
ppe_train_image752_cf227407b8.jpg,ppe_train_image752_cf227407b8,ppe_orig,ppe_orig:cf227407b8,1,0,0,25f4160254923d7faab00b34f3aae15339268fa4
ppe_train_image753_a617313fe4.jpg,ppe_train_image753_a617313fe4,ppe_orig,ppe_orig:a617313fe4,1,0,0,b115ad2545fa5505e7c2ebb75ad39e17767301f3
ppe_train_image754_0818d8f269.jpg,ppe_train_image754_0818d8f269,ppe_orig,ppe_orig:0818d8f269,1,0,0,4267eb081621efad7aeaacade8ad6a8e9157061c
ppe_train_image755_a4634a48a4.jpg,ppe_train_image755_a4634a48a4,ppe_orig,ppe_orig:a4634a48a4,1,0,0,2c362b79ba58573f1a3548197764fefa76abc60a
ppe_train_image756_feb933a5db.jpeg,ppe_train_image756_feb933a5db,ppe_orig,ppe_orig:feb933a5db,2,0,0,9e5e8f768202c08222ebd77853d573d2c8a73391
ppe_train_image757_7d273d1ee6.jpg,ppe_train_image757_7d273d1ee6,ppe_orig,ppe_orig:7d273d1ee6,2,0,0,0a131521e77194ed4117749577bfccd928a7ad85
ppe_train_image75_93b8aa7261.jpg,ppe_train_image75_93b8aa7261,ppe_orig,ppe_orig:93b8aa7261,2,0,0,b2e95afcbe417575e4d2869a54f4d1ea1c84d121
ppe_train_image760_10d0b9cd46.jpg,ppe_train_image760_10d0b9cd46,ppe_orig,ppe_orig:10d0b9cd46,1,0,0,461fdab6569782eac95a7f54581459520787a8ab
ppe_train_image761_d923883e09.jpg,ppe_train_image761_d923883e09,ppe_orig,ppe_orig:d923883e09,1,0,0,e7310b5a1024b84738479efb958edb4f7d3df4a3
ppe_train_image764_95783968a5.jpg,ppe_train_image764_95783968a5,ppe_orig,ppe_orig:95783968a5,1,0,0,f5b5659e970b879055974af22df54834633e36da
ppe_train_image765_dbeeb512b2.jpg,ppe_train_image765_dbeeb512b2,ppe_orig,ppe_orig:dbeeb512b2,1,0,0,a6133ca4365a5d45aab41c846c0b21d0f9d5c9c6
ppe_train_image766_56a3ed764c.jpeg,ppe_train_image766_56a3ed764c,ppe_orig,ppe_orig:56a3ed764c,1,0,0,f9366eb1765d0e1bed7860b27e9bb506925e8e79
ppe_train_image768_c3d4480f1d.jpg,ppe_train_image768_c3d4480f1d,ppe_orig,ppe_orig:c3d4480f1d,1,0,0,3ec3e3308ffd40c36314f292452f8c3496be5853
ppe_train_image769_3445bbb6ca.jpg,ppe_train_image769_3445bbb6ca,ppe_orig,ppe_orig:3445bbb6ca,1,0,0,ca23fbd57134c97ed9cc063c0f56c6a0d1b0e776
ppe_train_image76_ef2765a01e.jpg,ppe_train_image76_ef2765a01e,ppe_orig,ppe_orig:ef2765a01e,1,0,0,6976a49a74eeb9233a63ef41e61f8a18716da3df
ppe_train_image770_f78cd816c8.jpg,ppe_train_image770_f78cd816c8,ppe_orig,ppe_orig:f78cd816c8,1,0,0,1e388f2c61b4cc9de62aa0ff2c10ca8112b862b9
ppe_train_image773_fbaf5882f3.jpg,ppe_train_image773_fbaf5882f3,ppe_orig,ppe_orig:fbaf5882f3,2,0,0,968d597271178df76b0fd1db7858a130feff16b7
ppe_train_image774_2ed10bd887.jpeg,ppe_train_image774_2ed10bd887,ppe_orig,ppe_orig:2ed10bd887,6,0,0,77e19dba47e47d6a70e9a8d947c489ed63bd3daa
ppe_train_image775_82b271cead.jpg,ppe_train_image775_82b271cead,ppe_orig,ppe_orig:82b271cead,2,0,0,b7d2637c546887ce04828e33ac13c4895872d661
ppe_train_image776_b275ec4624.jpg,ppe_train_image776_b275ec4624,ppe_orig,ppe_orig:b275ec4624,2,0,0,c6f71605b6fe5ef295827aec34af259dc751b517
ppe_train_image777_4f8687ad05.jpg,ppe_train_image777_4f8687ad05,ppe_orig,ppe_orig:4f8687ad05,2,0,0,bf3ea31c8f9f02624276c26fd34771120312e955
ppe_train_image778_b12ee8ec08.jpg,ppe_train_image778_b12ee8ec08,ppe_orig,ppe_orig:b12ee8ec08,2,0,0,3194ad76b6179ba37f5bfff9f73b1099ece210b0
ppe_train_image77_4159630c18.jpg,ppe_train_image77_4159630c18,ppe_orig,ppe_orig:4159630c18,1,0,0,65575906e3a99fbbfe498dea8dbf823dc0c134f2
ppe_train_image780_f2df3dcfbc.jpg,ppe_train_image780_f2df3dcfbc,ppe_orig,ppe_orig:f2df3dcfbc,1,0,0,63039124cff5bb49c0efa50986cab2c19ab077fb
ppe_train_image781_7e6b160119.jpg,ppe_train_image781_7e6b160119,ppe_orig,ppe_orig:7e6b160119,1,0,0,ec9e9292b2c4d1dfecd15bbb1a5ff1e4c8ce91bc
ppe_train_image782_5241c48f84.jpg,ppe_train_image782_5241c48f84,ppe_orig,ppe_orig:5241c48f84,1,0,0,d38a5b3cb6fb3ed6805e983ba385d65163452d4e
ppe_train_image784_2729af3f13.jpg,ppe_train_image784_2729af3f13,ppe_orig,ppe_orig:2729af3f13,10,0,0,4ea6819478b1ef8de652dbb9c611669b66c3b24f
ppe_train_image785_687f5828c2.jpeg,ppe_train_image785_687f5828c2,ppe_orig,ppe_orig:687f5828c2,1,0,0,5b6e2bdfa6efe6c74dfdcddc27df19d291d89bab
ppe_train_image786_28bcaf8e10.jpg,ppe_train_image786_28bcaf8e10,ppe_orig,ppe_orig:28bcaf8e10,1,0,0,9abac05f4ae61575048f06570363e2d6f1cc0590
ppe_train_image788_74c8467e91.jpg,ppe_train_image788_74c8467e91,ppe_orig,ppe_orig:74c8467e91,1,0,0,30285ed995601d81ee7ffd9f2327c4931b371d73
ppe_train_image789_a80efdce56.jpg,ppe_train_image789_a80efdce56,ppe_orig,ppe_orig:a80efdce56,4,0,0,848523127095d92dba302b6aa1321f6f17eeca3f
ppe_train_image78_d9617469cd.jpg,ppe_train_image78_d9617469cd,ppe_orig,ppe_orig:d9617469cd,2,0,0,74d91e03deaeb892b1cf6e2faf545639d1ef42a7
ppe_train_image794_8461b4438f.jpg,ppe_train_image794_8461b4438f,ppe_orig,ppe_orig:8461b4438f,1,0,0,be958f31b1e20d92aea594eb1e854d27120708e9
ppe_train_image795_8fc341b2b2.jpeg,ppe_train_image795_8fc341b2b2,ppe_orig,ppe_orig:8fc341b2b2,2,0,0,539cfff7653e61876247ff32500dc16a34b74665
ppe_train_image797_f518fe01eb.jpg,ppe_train_image797_f518fe01eb,ppe_orig,ppe_orig:f518fe01eb,2,0,0,0c7db656067c52b26b8e2e8c8115894bfda02dbb
ppe_train_image799_f45e5994a6.jpg,ppe_train_image799_f45e5994a6,ppe_orig,ppe_orig:f45e5994a6,3,0,0,68de7ba8fc5d02529bee214395d55f99d1092738
ppe_train_image79_95b010f81d.jpg,ppe_train_image79_95b010f81d,ppe_orig,ppe_orig:95b010f81d,1,0,0,cf3b594365c07f991dcacdbca3091b2042019de3
ppe_train_image7_2eb7636419.jpg,ppe_train_image7_2eb7636419,ppe_orig,ppe_orig:2eb7636419,1,0,0,3c32e518d071b7dddd06338da77b05eb0995775d
ppe_train_image800_b1dd9fdf48.jpg,ppe_train_image800_b1dd9fdf48,ppe_orig,ppe_orig:b1dd9fdf48,1,0,0,4096c4fbd29d49d18e9ec64328939c751781de99
ppe_train_image801_db10ee13fc.jpg,ppe_train_image801_db10ee13fc,ppe_orig,ppe_orig:db10ee13fc,7,0,0,4cf60b3a61224986e5f064a496b0cced75e97d34
ppe_train_image802_2d6c44504c.jpg,ppe_train_image802_2d6c44504c,ppe_orig,ppe_orig:2d6c44504c,1,0,0,5a07b0a69a6b5713e248114b52bd8b3bbebe7867
ppe_train_image803_784306c0df.jpg,ppe_train_image803_784306c0df,ppe_orig,ppe_orig:784306c0df,2,0,0,caab49abe44c25361c08d2361a4933d9a6e743fa
ppe_train_image806_893ac4659c.jpg,ppe_train_image806_893ac4659c,ppe_orig,ppe_orig:893ac4659c,1,0,0,5b8cfdfa1e206476ed8576ee3099a19683f301e1
ppe_train_image807_4c6d22c073.jpeg,ppe_train_image807_4c6d22c073,ppe_orig,ppe_orig:4c6d22c073,1,0,0,aa2ed23442fbb0d73cbc692243e8cd08f40e314f
ppe_train_image809_a588810d5f.jpg,ppe_train_image809_a588810d5f,ppe_orig,ppe_orig:a588810d5f,2,0,0,1185e472aaafa4a11aff0402a98647f5d1ca1af3
ppe_train_image80_027409842c.jpg,ppe_train_image80_027409842c,ppe_orig,ppe_orig:027409842c,1,0,0,12c067d5f557a8a4a7ddd9e6b0a0c53a124d7cb9
ppe_train_image811_5775230a8d.jpg,ppe_train_image811_5775230a8d,ppe_orig,ppe_orig:5775230a8d,3,0,0,493c9eb382e323c20c5b7d909fb9c7182b78e3a8
ppe_train_image812_2b8d3266e2.jpg,ppe_train_image812_2b8d3266e2,ppe_orig,ppe_orig:2b8d3266e2,3,0,0,d3a2e68acc6830a32b26ee93939bebabace40403
ppe_train_image813_1ab251da37.jpg,ppe_train_image813_1ab251da37,ppe_orig,ppe_orig:1ab251da37,1,0,0,2cf11cb1a26905bc2836eb41a22ffdcfe317a343
ppe_train_image814_c141279879.jpg,ppe_train_image814_c141279879,ppe_orig,ppe_orig:c141279879,1,0,0,ecbf827d77660edc5697bdc0ccf47790007ea414
ppe_train_image815_7b0e55c90e.jpg,ppe_train_image815_7b0e55c90e,ppe_orig,ppe_orig:7b0e55c90e,1,0,0,2d57031ad50cbcc9525961025f96d35ca24b9615
ppe_train_image816_e4bd05c21f.jpg,ppe_train_image816_e4bd05c21f,ppe_orig,ppe_orig:e4bd05c21f,1,0,0,281dea9562dde49969406f3fcb8efd749a9861b7
ppe_train_image817_89ca322218.jpg,ppe_train_image817_89ca322218,ppe_orig,ppe_orig:89ca322218,1,0,0,cd5d404445a8be6e99cafdfb80d68dacf2a93412
ppe_train_image819_0f2a3e520b.jpg,ppe_train_image819_0f2a3e520b,ppe_orig,ppe_orig:0f2a3e520b,1,0,0,4bd22e3a2a461071791384c58a1e49610b657761
ppe_train_image81_aeb3d1e7de.jpg,ppe_train_image81_aeb3d1e7de,ppe_orig,ppe_orig:aeb3d1e7de,1,0,0,e3d9f09509850177681e521eb767dc481593390a
ppe_train_image820_3a6d2e9736.jpg,ppe_train_image820_3a6d2e9736,ppe_orig,ppe_orig:3a6d2e9736,1,0,0,9c9e0faf61def927746e3c8d9f1b1ca20c050767
ppe_train_image821_f13210e876.jpg,ppe_train_image821_f13210e876,ppe_orig,ppe_orig:f13210e876,1,0,0,cda41262d38bca6f0357b81f76fdda93579aee26
ppe_train_image822_dbd1cb4902.jpg,ppe_train_image822_dbd1cb4902,ppe_orig,ppe_orig:dbd1cb4902,1,0,0,b7abaf5e92842a5918bf26a9a03eae505fa3cab7
ppe_train_image823_f21f9cfcb3.jpg,ppe_train_image823_f21f9cfcb3,ppe_orig,ppe_orig:f21f9cfcb3,1,0,0,fbe3e08c5459e5390de55358f72bfea02de4972b
ppe_train_image827_af1aa2f208.jpg,ppe_train_image827_af1aa2f208,ppe_orig,ppe_orig:af1aa2f208,1,0,0,0ebbf143638761fa62fd03b16703d4e4ff9a917f
ppe_train_image828_fe1821014f.jpg,ppe_train_image828_fe1821014f,ppe_orig,ppe_orig:fe1821014f,1,0,0,ecc1a09ceeb826c0fd4a1ff1805f17dc36ff4d80
ppe_train_image829_235d8e4849.jpg,ppe_train_image829_235d8e4849,ppe_orig,ppe_orig:235d8e4849,1,0,0,d2cfebed14120ef51deb125eddc529092be83398
ppe_train_image82_b4b8056cb6.jpg,ppe_train_image82_b4b8056cb6,ppe_orig,ppe_orig:b4b8056cb6,1,0,0,be04839a40e6f2eedccb8b1122c90b77114eb272
ppe_train_image830_362084b424.jpeg,ppe_train_image830_362084b424,ppe_orig,ppe_orig:362084b424,1,0,0,a670f1ad41e4d3d84d92c39f31517a2a2cc87cc8
ppe_train_image831_f07fc29c09.jpg,ppe_train_image831_f07fc29c09,ppe_orig,ppe_orig:f07fc29c09,4,0,0,35946a5fbfc376f1626049d9ffd2d33181b262ec
ppe_train_image832_28b0863354.jpg,ppe_train_image832_28b0863354,ppe_orig,ppe_orig:28b0863354,1,0,0,06f92842a78afb404808eac97fed079037e4fb4a
ppe_train_image833_60ac1b15b2.jpg,ppe_train_image833_60ac1b15b2,ppe_orig,ppe_orig:60ac1b15b2,1,0,0,dbfcabbd666ea4eae33a7bd35a90be2aeece403b
ppe_train_image835_3d809a83bf.jpg,ppe_train_image835_3d809a83bf,ppe_orig,ppe_orig:3d809a83bf,1,0,0,9aadf0713d8deee3a743bfcc8267db2d33d6eabd
ppe_train_image836_a734ccef24.jpg,ppe_train_image836_a734ccef24,ppe_orig,ppe_orig:a734ccef24,1,0,0,5a7791875942e2381d49437a0c70e790d07d2d5a
ppe_train_image837_390b602e63.jpg,ppe_train_image837_390b602e63,ppe_orig,ppe_orig:390b602e63,1,0,0,50835713e82d15b620f4862e77e1bb6b0c74a96a
ppe_train_image838_2ab8536cd3.jpg,ppe_train_image838_2ab8536cd3,ppe_orig,ppe_orig:2ab8536cd3,1,0,0,6bf32fdf0b22e949cb8e15373e6b24a85c5306c6
ppe_train_image839_7805b1c66f.jpg,ppe_train_image839_7805b1c66f,ppe_orig,ppe_orig:7805b1c66f,1,0,0,f98b06c8ba39765eabd07a3791ccb64e051bf0f0
ppe_train_image83_cd11b96505.jpg,ppe_train_image83_cd11b96505,ppe_orig,ppe_orig:cd11b96505,1,0,0,4557762c646aa3c1acc3e5d110d56347bc13a9c1
ppe_train_image840_6b17def3b3.jpeg,ppe_train_image840_6b17def3b3,ppe_orig,ppe_orig:6b17def3b3,1,0,0,56376a5b6ff994966efeca26272b76be0a9d9925
ppe_train_image841_1edd12dcc7.jpg,ppe_train_image841_1edd12dcc7,ppe_orig,ppe_orig:1edd12dcc7,1,0,0,85fd2f45988211affcde3ea54eab77ece1191d4b
ppe_train_image842_d225bb6557.jpg,ppe_train_image842_d225bb6557,ppe_orig,ppe_orig:d225bb6557,1,0,0,6fb7a1a6aec2639caae3a4d66e8a4e1c64b4a039
ppe_train_image843_ab4dac1278.jpg,ppe_train_image843_ab4dac1278,ppe_orig,ppe_orig:ab4dac1278,1,0,0,236cb778cca9801f08d07f0bf1c2448e382e3b04
ppe_train_image844_0aafefe5b1.jpg,ppe_train_image844_0aafefe5b1,ppe_orig,ppe_orig:0aafefe5b1,1,0,0,455b50e7f242db1cb4e63b563943191e6b69171e
ppe_train_image845_9f4b2645ae.jpg,ppe_train_image845_9f4b2645ae,ppe_orig,ppe_orig:9f4b2645ae,1,0,0,aad81d633990957848991f3eb754a3fd849a2295
ppe_train_image847_e1fb385895.jpeg,ppe_train_image847_e1fb385895,ppe_orig,ppe_orig:e1fb385895,2,0,0,b5036bb7e8a13f32d6224f7a3b5f7f018a199748
ppe_train_image848_6f298f119d.jpg,ppe_train_image848_6f298f119d,ppe_orig,ppe_orig:6f298f119d,2,0,0,681df386e220ba4e6fa440b74a938600b8e7c777
ppe_train_image84_669c63d01d.jpg,ppe_train_image84_669c63d01d,ppe_orig,ppe_orig:669c63d01d,1,0,0,06201898f961b0129139354f5448b5604c8e88eb
ppe_train_image850_327618223c.jpg,ppe_train_image850_327618223c,ppe_orig,ppe_orig:327618223c,1,0,0,368a25adbea2a022fbfc8d2d8daf7aaec2640f49
ppe_train_image851_a9d6f7c352.jpg,ppe_train_image851_a9d6f7c352,ppe_orig,ppe_orig:a9d6f7c352,1,0,0,6930f38bc6224a88474e4a57de22deeb95f51276
ppe_train_image853_617c834d2c.jpg,ppe_train_image853_617c834d2c,ppe_orig,ppe_orig:617c834d2c,2,0,0,cfaa9ee47249040a0c49a25cf7e78cfe39f1b069
ppe_train_image854_1c149e2b29.jpg,ppe_train_image854_1c149e2b29,ppe_orig,ppe_orig:1c149e2b29,1,0,0,952a8f85f8e39b700cb4141da69dac145d1a297b
ppe_train_image855_fdceb86f45.jpg,ppe_train_image855_fdceb86f45,ppe_orig,ppe_orig:fdceb86f45,1,0,0,520a81e01225b49e37d5fa36afba81dd66fdf216
ppe_train_image856_a654a594c3.jpg,ppe_train_image856_a654a594c3,ppe_orig,ppe_orig:a654a594c3,1,0,0,af3048a7ca7ef5aa6f4913c0aae7237f4b8bf8bd
ppe_train_image857_b4f840b6cf.jpg,ppe_train_image857_b4f840b6cf,ppe_orig,ppe_orig:b4f840b6cf,1,0,0,f567693d3be94e84234cef5d63b2f81da4db82f2
ppe_train_image858_96f5962e2e.jpeg,ppe_train_image858_96f5962e2e,ppe_orig,ppe_orig:96f5962e2e,2,0,0,aafe95cb92d623d6431871ecf8129d1fbab096a6
ppe_train_image859_7cddeaaf62.jpg,ppe_train_image859_7cddeaaf62,ppe_orig,ppe_orig:7cddeaaf62,4,0,0,3f1df5774539fe445d49da823b8031e0ccb080f4
ppe_train_image85_5f1026e7da.jpg,ppe_train_image85_5f1026e7da,ppe_orig,ppe_orig:5f1026e7da,1,0,0,d7a681f4676cf9b31ed0cf10f33a760560b0b476
ppe_train_image861_3a1eb1fad0.jpg,ppe_train_image861_3a1eb1fad0,ppe_orig,ppe_orig:3a1eb1fad0,1,0,0,0a2f7ede1b7daa77db9e0094ffee571037b27523
ppe_train_image862_543651e539.jpg,ppe_train_image862_543651e539,ppe_orig,ppe_orig:543651e539,1,0,0,8ea35d1f8189d126fb77936fd14f76963166a21d
ppe_train_image863_dfef6805a9.jpg,ppe_train_image863_dfef6805a9,ppe_orig,ppe_orig:dfef6805a9,1,0,0,265af31e5adb48f0d6963bc1413dfaa6a770ce66
ppe_train_image864_7cc24c9e8e.jpg,ppe_train_image864_7cc24c9e8e,ppe_orig,ppe_orig:7cc24c9e8e,1,0,0,28df7106d04131096457ae6489e590cf0b9b4238
ppe_train_image865_5ad6a64757.jpeg,ppe_train_image865_5ad6a64757,ppe_orig,ppe_orig:5ad6a64757,1,0,0,3a40b6b6fe5063d3e13c0181507005726da38791
ppe_train_image866_5b213e848c.jpg,ppe_train_image866_5b213e848c,ppe_orig,ppe_orig:5b213e848c,6,0,0,63e6e8a241b9e594c6154cc69550afd39e482a56
ppe_train_image869_75632745bf.jpg,ppe_train_image869_75632745bf,ppe_orig,ppe_orig:75632745bf,1,0,0,a5df451e07147a626655f909575d5e6ccaf312ef
ppe_train_image86_fdfe58bf45.jpg,ppe_train_image86_fdfe58bf45,ppe_orig,ppe_orig:fdfe58bf45,1,0,0,c02bdc7991481aa828a829424cab9097222f7016
ppe_train_image870_035b651448.jpg,ppe_train_image870_035b651448,ppe_orig,ppe_orig:035b651448,1,0,0,01e398ab40ed4aafd6512d4768dd48ad563f721b
ppe_train_image871_0b0c60cc4c.jpg,ppe_train_image871_0b0c60cc4c,ppe_orig,ppe_orig:0b0c60cc4c,1,0,0,ee17a4c122dbcb263c7f2bd47797a7b29a210308
ppe_train_image872_b7b3d702ea.jpg,ppe_train_image872_b7b3d702ea,ppe_orig,ppe_orig:b7b3d702ea,1,0,0,976d8d1eba870b72992c1cd06203212eeb2db36d
ppe_train_image873_adc80e1c45.jpeg,ppe_train_image873_adc80e1c45,ppe_orig,ppe_orig:adc80e1c45,1,0,0,4f9f89dff6fe3c06107506975c0f05dfc892864c
ppe_train_image874_f5489a1e40.jpeg,ppe_train_image874_f5489a1e40,ppe_orig,ppe_orig:f5489a1e40,2,0,0,70949a395c9fa19584c2177442e954ace179777b
ppe_train_image875_b39a424f95.jpg,ppe_train_image875_b39a424f95,ppe_orig,ppe_orig:b39a424f95,7,0,0,12f8fca1335665878192c08a0a06ba1e3957d8de
ppe_train_image877_9ae387dc94.jpg,ppe_train_image877_9ae387dc94,ppe_orig,ppe_orig:9ae387dc94,1,0,0,98b7cf717b421b8a5ccb48481736834f7cd54e02
ppe_train_image878_1d1d3a335b.jpg,ppe_train_image878_1d1d3a335b,ppe_orig,ppe_orig:1d1d3a335b,1,0,0,179b9aea1bb5ea0ed50dcc8ab71818eccb0bb1ce
ppe_train_image879_7853c073ad.jpg,ppe_train_image879_7853c073ad,ppe_orig,ppe_orig:7853c073ad,1,0,0,71055ce22999323f5a0ccc8bdecb0288e472dc51
ppe_train_image87_7a29b91ff0.jpg,ppe_train_image87_7a29b91ff0,ppe_orig,ppe_orig:7a29b91ff0,1,0,0,30a37770e0fa99e33c0f9c535fe9e50b0b3f1e80
ppe_train_image880_13e30f8f0c.jpg,ppe_train_image880_13e30f8f0c,ppe_orig,ppe_orig:13e30f8f0c,1,0,0,1834ff4fe03869807ec16bc1403e4736e9ea2de8
ppe_train_image881_0dd78a0b24.jpg,ppe_train_image881_0dd78a0b24,ppe_orig,ppe_orig:0dd78a0b24,1,0,0,8c6cf815f7e2c1e763e3ea085a0720bdaaf12595
ppe_train_image882_a94a22d291.jpg,ppe_train_image882_a94a22d291,ppe_orig,ppe_orig:a94a22d291,1,0,0,36663b2ff220cca074b202438ab374e5ba40ecb0
ppe_train_image883_085b868d16.jpg,ppe_train_image883_085b868d16,ppe_orig,ppe_orig:085b868d16,1,0,0,4f4c7c5010f983a305153a6e2b5522389e6fe453
ppe_train_image886_21cedd5a67.jpeg,ppe_train_image886_21cedd5a67,ppe_orig,ppe_orig:21cedd5a67,2,0,0,7d0768a627aa4a487e5fb7cc4be4cfb2202911e7
ppe_train_image887_96a3f3b456.jpg,ppe_train_image887_96a3f3b456,ppe_orig,ppe_orig:96a3f3b456,2,0,0,d9c0af1d22947b09904dccb28d0ae1bbf638b1df
ppe_train_image888_6f693af014.jpg,ppe_train_image888_6f693af014,ppe_orig,ppe_orig:6f693af014,1,0,0,0dc0c274e431f84f1dc46c0d16184efae90465e7
ppe_train_image889_ff1f3fefab.jpg,ppe_train_image889_ff1f3fefab,ppe_orig,ppe_orig:ff1f3fefab,1,0,0,cf445556c6c0d38fd38fa95a7df200137d68fcab
ppe_train_image88_15191f4478.jpg,ppe_train_image88_15191f4478,ppe_orig,ppe_orig:15191f4478,1,0,0,a8a3c4bb3ddf7c787e937fe5ad6ea77998de6298
ppe_train_image890_49098458d8.jpg,ppe_train_image890_49098458d8,ppe_orig,ppe_orig:49098458d8,1,0,0,11acd294d90001d0b912d762fc933587bb3a37c9
ppe_train_image891_ec8ff1f204.jpg,ppe_train_image891_ec8ff1f204,ppe_orig,ppe_orig:ec8ff1f204,1,0,0,28ab5f0c60317fd56d556e7808832703fab49501
ppe_train_image892_464e274692.jpg,ppe_train_image892_464e274692,ppe_orig,ppe_orig:464e274692,1,0,0,e8c02daa2ce1a145af6cebe824398d9737e5a30e
ppe_train_image893_55077b8779.jpg,ppe_train_image893_55077b8779,ppe_orig,ppe_orig:55077b8779,1,0,0,0462fa0c5b660982c82ac05f32026e2494f04427
ppe_train_image894_6c4e35213a.jpg,ppe_train_image894_6c4e35213a,ppe_orig,ppe_orig:6c4e35213a,1,0,0,5622713c575703b6d010729c724d79a806ac5a69
ppe_train_image895_0c69dc19ae.jpg,ppe_train_image895_0c69dc19ae,ppe_orig,ppe_orig:0c69dc19ae,1,0,0,23414c5cd024a1d398c312943bf6d6b1578d47fc
ppe_train_image898_265ff3de09.jpg,ppe_train_image898_265ff3de09,ppe_orig,ppe_orig:265ff3de09,1,0,0,f7b1623d626b6b4c4254cb1aeb372772a8772497
ppe_train_image899_593d849339.jpg,ppe_train_image899_593d849339,ppe_orig,ppe_orig:593d849339,1,0,0,14912b3d8c52ae1df371d78742fad261ec703bac
ppe_train_image8_bd7ee56cc3.jpeg,ppe_train_image8_bd7ee56cc3,ppe_orig,ppe_orig:bd7ee56cc3,1,0,0,239ddbc2df04ab9e2176714ae4c4b495af4197b5
ppe_train_image900_ad2d7028cf.jpg,ppe_train_image900_ad2d7028cf,ppe_orig,ppe_orig:ad2d7028cf,1,0,0,575d42cb25994137f7e6bf0f306f00310da29405
ppe_train_image901_ddebec378b.jpg,ppe_train_image901_ddebec378b,ppe_orig,ppe_orig:ddebec378b,1,0,0,3676a0ffc7ef235157f78b21f2a50e0bef2756f2
ppe_train_image902_e0f4136916.jpg,ppe_train_image902_e0f4136916,ppe_orig,ppe_orig:e0f4136916,1,0,0,8a6a0afbe28730699832a7e89adc835a79b5acfc
ppe_train_image903_a68069e3ce.jpg,ppe_train_image903_a68069e3ce,ppe_orig,ppe_orig:a68069e3ce,1,0,0,87c92b6cbb1fea7e622e5d062f6b74840a03d12b
ppe_train_image904_49d2361780.jpg,ppe_train_image904_49d2361780,ppe_orig,ppe_orig:49d2361780,1,0,0,e7f3b4a5a15ea6c172bde4329e0478a701b05d55
ppe_train_image906_1bda69cd9a.jpg,ppe_train_image906_1bda69cd9a,ppe_orig,ppe_orig:1bda69cd9a,1,0,0,260b1df43bbdc85a8fe2fbc9a4e9672efb054701
ppe_train_image907_26b3012f6b.jpeg,ppe_train_image907_26b3012f6b,ppe_orig,ppe_orig:26b3012f6b,2,0,0,8cae4ac9004144ae5d86f93219d12a798e246d0c
ppe_train_image908_4de2a77a45.jpg,ppe_train_image908_4de2a77a45,ppe_orig,ppe_orig:4de2a77a45,3,0,0,4ec0a37988e8ffb20ef929518bd22e7d0006afd5
ppe_train_image909_b5e115d126.jpg,ppe_train_image909_b5e115d126,ppe_orig,ppe_orig:b5e115d126,1,0,0,a1fedfcad62e6842ff2b9b768804092d4f82c826
ppe_train_image90_4e326e2915.jpg,ppe_train_image90_4e326e2915,ppe_orig,ppe_orig:4e326e2915,1,0,0,f73e22962d97d68cef4fc86d0eef1a5cede49d4c
ppe_train_image911_ba2f2dbea3.jpg,ppe_train_image911_ba2f2dbea3,ppe_orig,ppe_orig:ba2f2dbea3,1,0,0,7e83b735f6d59067c19412dda29028a8bc26dde1
ppe_train_image912_09bb45ba7c.jpg,ppe_train_image912_09bb45ba7c,ppe_orig,ppe_orig:09bb45ba7c,1,0,0,63893cea5dc52c3ca3a5d14e6aeba9a69c5a4037
ppe_train_image914_70d38fe7bf.jpeg,ppe_train_image914_70d38fe7bf,ppe_orig,ppe_orig:70d38fe7bf,2,0,0,e7ddd2b64693d9931252327b2a2a9d07bacc5d4f
ppe_train_image915_b605493017.jpg,ppe_train_image915_b605493017,ppe_orig,ppe_orig:b605493017,1,0,0,a306353e87aef2ded1a68a851f5bbb278ba0a6ef
ppe_train_image916_38b8152603.jpg,ppe_train_image916_38b8152603,ppe_orig,ppe_orig:38b8152603,1,0,0,d961c32ef24587732f3c3190be359f62e808115d
ppe_train_image917_5d15669e18.jpg,ppe_train_image917_5d15669e18,ppe_orig,ppe_orig:5d15669e18,1,0,0,36e66793c5e43d6dcfa8faac587ad109c6da27b2
ppe_train_image918_f6e67fd94b.jpg,ppe_train_image918_f6e67fd94b,ppe_orig,ppe_orig:f6e67fd94b,1,0,0,36c9e7d2262d0c6fd18c598c033c9e051cc0fcce
ppe_train_image919_c23bd5d394.jpeg,ppe_train_image919_c23bd5d394,ppe_orig,ppe_orig:c23bd5d394,2,0,0,e52cfc7fc96d5208149572d90b834ff50df72784
ppe_train_image91_da1f54daae.jpg,ppe_train_image91_da1f54daae,ppe_orig,ppe_orig:da1f54daae,1,0,0,efea55a5045e72b4c7820b1e3d6e475902e32e29
ppe_train_image920_782caabb0a.jpg,ppe_train_image920_782caabb0a,ppe_orig,ppe_orig:782caabb0a,4,0,0,c8f98bbb8ee3459461a7c34fac88cc5f1e92a303
ppe_train_image924_bd299f8922.jpeg,ppe_train_image924_bd299f8922,ppe_orig,ppe_orig:bd299f8922,2,0,0,265fe2be6521ee10f844116525d26ac183de0fef
ppe_train_image925_e7d96f59b5.jpg,ppe_train_image925_e7d96f59b5,ppe_orig,ppe_orig:e7d96f59b5,1,0,0,9f42b50c0357bf1020d81bfa194be6b174ec2d85
ppe_train_image926_577b522fbf.jpg,ppe_train_image926_577b522fbf,ppe_orig,ppe_orig:577b522fbf,1,0,0,5ceb0784a8d9a64bcbc802bd8ca3eaca4610f99f
ppe_train_image928_03e346dca9.jpg,ppe_train_image928_03e346dca9,ppe_orig,ppe_orig:03e346dca9,1,0,0,d6ceda76ca55f970a094c1f00e283e7b629f94fe
ppe_train_image929_4cd02d3263.jpg,ppe_train_image929_4cd02d3263,ppe_orig,ppe_orig:4cd02d3263,1,0,0,8537030d272a8a5b6a926e1971f2a2ee51093bd1
ppe_train_image92_c43d0e5051.jpg,ppe_train_image92_c43d0e5051,ppe_orig,ppe_orig:c43d0e5051,1,0,0,7a372a58c72e9982bab448ca3e45a9e3bbbc47ae
ppe_train_image930_aa49689d02.jpeg,ppe_train_image930_aa49689d02,ppe_orig,ppe_orig:aa49689d02,2,0,0,45e3c56774e22e6418b100358654dd1032d94387
ppe_train_image931_5fea1fb84e.jpg,ppe_train_image931_5fea1fb84e,ppe_orig,ppe_orig:5fea1fb84e,1,0,0,4764cbafbb3e60d68c6864e5c80f9a8ff39ae920
ppe_train_image932_eb601f70c0.jpg,ppe_train_image932_eb601f70c0,ppe_orig,ppe_orig:eb601f70c0,1,0,0,ab8062c70e2969e023d492aadcc3f847e720f80d
ppe_train_image936_583ebfc54e.jpg,ppe_train_image936_583ebfc54e,ppe_orig,ppe_orig:583ebfc54e,1,0,0,0f5e6362f8cea228dceaefb170b1b18769275951
ppe_train_image937_0b12982868.jpg,ppe_train_image937_0b12982868,ppe_orig,ppe_orig:0b12982868,1,0,0,446990215e7777f5de79ccbc39597af8a73c3e20
ppe_train_image938_cedf338814.jpg,ppe_train_image938_cedf338814,ppe_orig,ppe_orig:cedf338814,1,0,0,3830b6d94a49cde7f9ba050266a2688e657032e0
ppe_train_image939_199609e24f.jpeg,ppe_train_image939_199609e24f,ppe_orig,ppe_orig:199609e24f,2,0,0,4a475633ecd383e2c85a3fe85506a49d980a9877
ppe_train_image93_b698345085.jpg,ppe_train_image93_b698345085,ppe_orig,ppe_orig:b698345085,1,0,0,28f5921b8b3b53c683fe22f1499cd227c4b6d2b9
ppe_train_image940_8c3d9ab8e8.jpg,ppe_train_image940_8c3d9ab8e8,ppe_orig,ppe_orig:8c3d9ab8e8,6,0,0,e5b6b317a2adafaf358c0155a4eadd726a89e437
ppe_train_image941_e1cfff3b79.jpg,ppe_train_image941_e1cfff3b79,ppe_orig,ppe_orig:e1cfff3b79,1,0,0,8c6df34d83ac2779848afb032c6a24cfcb2f3379
ppe_train_image944_e332cb252e.jpg,ppe_train_image944_e332cb252e,ppe_orig,ppe_orig:e332cb252e,1,0,0,e9d853a5c138900c939dae60e11a8866fb42f14c
ppe_train_image945_c2296b995b.jpg,ppe_train_image945_c2296b995b,ppe_orig,ppe_orig:c2296b995b,1,0,0,2068788a76c189ae46600b9549b77506a044f08a
ppe_train_image946_6223914e6b.jpg,ppe_train_image946_6223914e6b,ppe_orig,ppe_orig:6223914e6b,1,0,0,65ea524511046ec0543c197a9b48e986cedea7fb
ppe_train_image947_5c51d12a8d.jpg,ppe_train_image947_5c51d12a8d,ppe_orig,ppe_orig:5c51d12a8d,1,0,0,b8753725da2898a26da410be42dc758e78dace7e
ppe_train_image948_d3567a060e.jpg,ppe_train_image948_d3567a060e,ppe_orig,ppe_orig:d3567a060e,1,0,0,062fc569ed9de38a0140653c755716afcb86f965
ppe_train_image949_0645941a6d.jpg,ppe_train_image949_0645941a6d,ppe_orig,ppe_orig:0645941a6d,1,0,0,deea6cc9b1c942943cc56a7e8f1d1b05ddb1b1ab
ppe_train_image94_2d4687077b.jpg,ppe_train_image94_2d4687077b,ppe_orig,ppe_orig:2d4687077b,1,0,0,3ea7c48feee20a0bfbf1c6bd726c8da64c5d0064
ppe_train_image950_cc2cb4bea2.jpeg,ppe_train_image950_cc2cb4bea2,ppe_orig,ppe_orig:cc2cb4bea2,2,0,0,8aed62eb2a52a909430394de4b27948ee3de09b5
ppe_train_image951_6b201984bc.jpg,ppe_train_image951_6b201984bc,ppe_orig,ppe_orig:6b201984bc,4,0,0,7bcb0c0e08f5c78bd3f9a9f8974d0b14b3f66fcc
ppe_train_image952_5a83036ff7.jpg,ppe_train_image952_5a83036ff7,ppe_orig,ppe_orig:5a83036ff7,1,0,0,4c7b91d53817c01f7a21cf609d9136e029b478ae
ppe_train_image953_870cda4ec6.jpg,ppe_train_image953_870cda4ec6,ppe_orig,ppe_orig:870cda4ec6,1,0,0,959f9c2830deb277535c496f066e705578c1c347
ppe_train_image954_e7e8f0ec45.jpg,ppe_train_image954_e7e8f0ec45,ppe_orig,ppe_orig:e7e8f0ec45,1,0,0,0ec2ec7d64bd708c339bf99730699d94705fb613
ppe_train_image957_297262dff1.jpg,ppe_train_image957_297262dff1,ppe_orig,ppe_orig:297262dff1,1,0,0,465b4c81b0d0dc4450ddf1939a90f0e8152847d1
ppe_train_image958_2beed5021d.jpg,ppe_train_image958_2beed5021d,ppe_orig,ppe_orig:2beed5021d,1,0,0,4efffa08fcd8b7162efde9c68b98292052b7ba81
ppe_train_image959_dc7dd4df02.jpg,ppe_train_image959_dc7dd4df02,ppe_orig,ppe_orig:dc7dd4df02,1,0,0,78e5fd5e043539854649a9fe6fc961b0f94ae94c
ppe_train_image95_314efadfc1.jpg,ppe_train_image95_314efadfc1,ppe_orig,ppe_orig:314efadfc1,1,0,0,008d55f11aead41440cb933cd1f96f03cf44baf4
ppe_train_image960_83436112d2.jpg,ppe_train_image960_83436112d2,ppe_orig,ppe_orig:83436112d2,1,0,0,f8f779f0b512b97ce38316a1aeb72d65650578ca
ppe_train_image962_d8d727a706.jpg,ppe_train_image962_d8d727a706,ppe_orig,ppe_orig:d8d727a706,3,0,0,ac993105c748be34fb1db92b33dca6b0af580f92
ppe_train_image963_4109b66cc1.jpeg,ppe_train_image963_4109b66cc1,ppe_orig,ppe_orig:4109b66cc1,1,0,0,a41111340977418e1032534b356054808b5cdb21
ppe_train_image964_b27b682004.jpg,ppe_train_image964_b27b682004,ppe_orig,ppe_orig:b27b682004,5,0,0,7680375447ecbea02bb416b6eeef7bcdc1778ee6
ppe_train_image966_d23d65da24.jpg,ppe_train_image966_d23d65da24,ppe_orig,ppe_orig:d23d65da24,1,0,0,99a78d8b916547e487f382dd0d07553306dc6d0e
ppe_train_image967_807727338b.jpg,ppe_train_image967_807727338b,ppe_orig,ppe_orig:807727338b,1,0,0,3a110588973bf6e1567069dd4f2eeb3062523af7
ppe_train_image968_865ec91f91.jpg,ppe_train_image968_865ec91f91,ppe_orig,ppe_orig:865ec91f91,1,0,0,c50d39646193da17d88415cb077ea7fe4853715d
ppe_train_image969_0c2376c707.jpg,ppe_train_image969_0c2376c707,ppe_orig,ppe_orig:0c2376c707,1,0,0,e46d1edbe79244579b1dfc272aaa2eaf8a6b6d25
ppe_train_image96_bbf1cc426d.jpg,ppe_train_image96_bbf1cc426d,ppe_orig,ppe_orig:bbf1cc426d,1,0,0,111e83aadacd4df0119ce33d16de02de51867fd6
ppe_train_image971_b6165a3b1e.jpg,ppe_train_image971_b6165a3b1e,ppe_orig,ppe_orig:b6165a3b1e,1,0,0,478134dfb4af05a3d57f0be0f271d06aa50b4acb
ppe_train_image972_2393a97902.jpg,ppe_train_image972_2393a97902,ppe_orig,ppe_orig:2393a97902,1,0,0,231b4b98c6a81bdace0e030021b73a7f92b87934
ppe_train_image973_9fa80272f1.jpg,ppe_train_image973_9fa80272f1,ppe_orig,ppe_orig:9fa80272f1,1,0,0,668b4abb98ca8b1a58d3831dced1dece9391d785
ppe_train_image974_e0ca3ced74.jpg,ppe_train_image974_e0ca3ced74,ppe_orig,ppe_orig:e0ca3ced74,1,0,0,8b84666afdfcfe4fd8fd254ac60d1afac19c267e
ppe_train_image975_7921841783.jpg,ppe_train_image975_7921841783,ppe_orig,ppe_orig:7921841783,1,0,0,e237d301bc769a550c3a0d66efb0913d9a009903
ppe_train_image976_ce6fc0afb8.jpeg,ppe_train_image976_ce6fc0afb8,ppe_orig,ppe_orig:ce6fc0afb8,1,0,0,50f815769acd237f5fe710a4a930e4c89bdacadc
ppe_train_image977_878dbc799e.jpg,ppe_train_image977_878dbc799e,ppe_orig,ppe_orig:878dbc799e,1,0,0,27265b6098bd87a8d06ff0fc1fc5f064f599caa3
ppe_train_image978_059bdcd43a.jpg,ppe_train_image978_059bdcd43a,ppe_orig,ppe_orig:059bdcd43a,1,0,0,0cddfbfc5155c8477f45b29fc4d12b42340dcb4e
ppe_train_image97_52bee23fa8.jpg,ppe_train_image97_52bee23fa8,ppe_orig,ppe_orig:52bee23fa8,1,0,0,5100ed9f79784f1b356d5ce02b04f68cc6d8aa8a
ppe_train_image980_832503feb9.jpg,ppe_train_image980_832503feb9,ppe_orig,ppe_orig:832503feb9,1,0,0,3c8ce2d3ba20ab46e7cd0c712a2673d50c1a21c1
ppe_train_image982_44a50b451f.jpg,ppe_train_image982_44a50b451f,ppe_orig,ppe_orig:44a50b451f,1,0,0,d515aba58388565152199a2ebeaecda7a6406c25
ppe_train_image983_dc5c221eed.jpg,ppe_train_image983_dc5c221eed,ppe_orig,ppe_orig:dc5c221eed,1,0,0,6d4e0e123b30ccac0a4399efb996db44cd455a67
ppe_train_image984_c74c883d77.jpg,ppe_train_image984_c74c883d77,ppe_orig,ppe_orig:c74c883d77,1,0,0,4a9b92901ebe3a471327c15f6636f13d1818fa3c
ppe_train_image985_fa36e9f79d.jpg,ppe_train_image985_fa36e9f79d,ppe_orig,ppe_orig:fa36e9f79d,1,0,0,5ea6818559a51119906ca975b959c43acce324be
ppe_train_image986_359ad7d7c2.jpg,ppe_train_image986_359ad7d7c2,ppe_orig,ppe_orig:359ad7d7c2,1,0,0,83a01608703c8229760bc82af6108200a80bd6a2
ppe_train_image990_a745d6c43e.jpg,ppe_train_image990_a745d6c43e,ppe_orig,ppe_orig:a745d6c43e,1,0,0,60d237a38400f281310b2a3b7eac7aaef27939aa
ppe_train_image991_36bba525d6.jpg,ppe_train_image991_36bba525d6,ppe_orig,ppe_orig:36bba525d6,1,0,0,f5904005e789211054c79f6b4bebc8d523b9df08
ppe_train_image992_87d0204b9a.jpg,ppe_train_image992_87d0204b9a,ppe_orig,ppe_orig:87d0204b9a,1,0,0,77f2bfbee6a62002e22d2d05ff87d0e16e104d66
ppe_train_image993_94180474c4.jpg,ppe_train_image993_94180474c4,ppe_orig,ppe_orig:94180474c4,1,0,0,fff0f9551f706bd30d90d1da81cd324b1f1b83a8
ppe_train_image994_6e83affa88.jpg,ppe_train_image994_6e83affa88,ppe_orig,ppe_orig:6e83affa88,1,0,0,df41a726dea0c28dcaed2b78338c8b8acb18a0bc
ppe_train_image995_edd347ce1d.jpg,ppe_train_image995_edd347ce1d,ppe_orig,ppe_orig:edd347ce1d,1,0,0,820d66fa46579ee500eaa62538381cc1f1a28708
ppe_train_image996_20b8402f70.jpg,ppe_train_image996_20b8402f70,ppe_orig,ppe_orig:20b8402f70,1,0,0,9139bd9646ad4d417107fa8a2740d6c20a22fd60
ppe_train_image998_64c5262050.jpg,ppe_train_image998_64c5262050,ppe_orig,ppe_orig:64c5262050,1,0,0,3ec53e28ad15397cf0bfc34e8d575d136de3a6db
ppe_val_image1010_5ef51dd684.jpg,ppe_val_image1010_5ef51dd684,ppe_orig,ppe_orig:5ef51dd684,1,0,0,8f8238af6b74a193806400459a263b9cd84aa28d
ppe_val_image1046_e301d26381.jpeg,ppe_val_image1046_e301d26381,ppe_orig,ppe_orig:e301d26381,1,0,0,e38aa073c6706008a1a042e241542e1197f46bea
ppe_val_image1049_f13e049624.jpg,ppe_val_image1049_f13e049624,ppe_orig,ppe_orig:f13e049624,1,0,0,07babf5ce76ee71650d1702b58092d2548e8f084
ppe_val_image1055_7b0600c9f4.jpg,ppe_val_image1055_7b0600c9f4,ppe_orig,ppe_orig:7b0600c9f4,1,0,0,813ce222ae72d9c9006f3196c6fafbe39e8f8dbc
ppe_val_image1057_9d595a6301.jpg,ppe_val_image1057_9d595a6301,ppe_orig,ppe_orig:9d595a6301,1,0,0,dad079cdceac9dfef01549a25987b63d0291a75a
ppe_val_image1072_93e4041f55.jpg,ppe_val_image1072_93e4041f55,ppe_orig,ppe_orig:93e4041f55,1,0,0,9b1e0a6f5c2ec0105ce2646eda2cd9c655176d4f
ppe_val_image1083_8f54992fbc.jpg,ppe_val_image1083_8f54992fbc,ppe_orig,ppe_orig:8f54992fbc,1,0,0,6896fc1b718c3d502de8a8f5fd13c9ddf7805730
ppe_val_image1085_0d97490043.jpg,ppe_val_image1085_0d97490043,ppe_orig,ppe_orig:0d97490043,1,0,0,b2aa03dfa08f21e0e785d1c7732a0a7a0cb6ec83
ppe_val_image1091_fb8f005c04.jpg,ppe_val_image1091_fb8f005c04,ppe_orig,ppe_orig:fb8f005c04,1,0,0,f3c9b2248ad174c67a0f7101327196804ff6fb21
ppe_val_image1096_29db3c0f85.jpg,ppe_val_image1096_29db3c0f85,ppe_orig,ppe_orig:29db3c0f85,1,0,0,0eda9aedbcbfddc9410243d5a075c19bf354b147
ppe_val_image1107_e9691438d0.jpg,ppe_val_image1107_e9691438d0,ppe_orig,ppe_orig:e9691438d0,1,0,0,1a4bfbaee33e8c317d0c93a61c664f2d7f8d254a
ppe_val_image1109_ac0303e08f.jpg,ppe_val_image1109_ac0303e08f,ppe_orig,ppe_orig:ac0303e08f,1,0,0,36283b0558ba4d7811962d33db8bfae41f249942
ppe_val_image1121_4e1fe5e35c.jpg,ppe_val_image1121_4e1fe5e35c,ppe_orig,ppe_orig:4e1fe5e35c,16,0,0,ab3b3d17fbb11ff5b5e3c9e722e3a9a9af7232fe
ppe_val_image1129_75bd70e26d.jpg,ppe_val_image1129_75bd70e26d,ppe_orig,ppe_orig:75bd70e26d,0,2,0,7009c23ae2f1b65c7210244d94226510a139bf58
ppe_val_image1130_25bbc0a3b4.jpg,ppe_val_image1130_25bbc0a3b4,ppe_orig,ppe_orig:25bbc0a3b4,0,1,0,98d4ea307dcbe79c1abc0c2f2e0475456096c6e2
ppe_val_image1137_c357499233.jpg,ppe_val_image1137_c357499233,ppe_orig,ppe_orig:c357499233,0,1,0,d27ef88d8bfbbccf400a7f697cee52f1919ff3bf
ppe_val_image1146_8df56e5323.jpg,ppe_val_image1146_8df56e5323,ppe_orig,ppe_orig:8df56e5323,0,1,0,b0c5701c546279a07f0e809c70e4c930206a0626
ppe_val_image1151_ece3afe8d3.jpg,ppe_val_image1151_ece3afe8d3,ppe_orig,ppe_orig:ece3afe8d3,0,1,0,1f17dec9282a0b23b131f516b29e9e792175a12b
ppe_val_image115_365b0b7451.jpg,ppe_val_image115_365b0b7451,ppe_orig,ppe_orig:365b0b7451,1,0,0,eb36f5aafbb9e48d4b7b1c6ac8c0fed80a6cb181
ppe_val_image117_ade486b9ae.jpg,ppe_val_image117_ade486b9ae,ppe_orig,ppe_orig:ade486b9ae,10,0,0,12294848685e3871dfeb7f6281256eafc9fc9f05
ppe_val_image1183_0f7ca1c82d.jpg,ppe_val_image1183_0f7ca1c82d,ppe_orig,ppe_orig:0f7ca1c82d,0,2,0,ee11140b8f9435b34e877a26acce4f746a698e68
ppe_val_image1190_1c6386f37c.jpg,ppe_val_image1190_1c6386f37c,ppe_orig,ppe_orig:1c6386f37c,0,1,0,d80382fe94f7da66e4b3c7ae2f3026ea9f5c152d
ppe_val_image1193_9bec2e985a.jpg,ppe_val_image1193_9bec2e985a,ppe_orig,ppe_orig:9bec2e985a,0,2,0,ce91a5e3b66b5a84ff5c588b4a72cdc65447db85
ppe_val_image11_8948196839.jpeg,ppe_val_image11_8948196839,ppe_orig,ppe_orig:8948196839,3,0,0,bc07ade4722acede7edad99ebeb882eb58a5f63f
ppe_val_image1203_6aa3ca52aa.jpg,ppe_val_image1203_6aa3ca52aa,ppe_orig,ppe_orig:6aa3ca52aa,0,2,0,76c81ecb13566dc1a181ddc196447b6864126bc0
ppe_val_image1211_b2841c0534.jpg,ppe_val_image1211_b2841c0534,ppe_orig,ppe_orig:b2841c0534,0,2,0,c547b469888741adcf523169c9439d896e24e0b2
ppe_val_image1215_8e8c309917.jpg,ppe_val_image1215_8e8c309917,ppe_orig,ppe_orig:8e8c309917,0,2,0,78f238604365568fea84e77a185cc11ce451e558
ppe_val_image1217_41fe3a73a8.jpg,ppe_val_image1217_41fe3a73a8,ppe_orig,ppe_orig:41fe3a73a8,0,4,0,c9ec49d3b87d089421bb0c2b442b7de6e6300938
ppe_val_image1223_ac506114b8.jpg,ppe_val_image1223_ac506114b8,ppe_orig,ppe_orig:ac506114b8,0,1,0,ca0d43b0df8737cd604b8535b8c6205f18d910e6
ppe_val_image1234_9a8bad6e6c.jpg,ppe_val_image1234_9a8bad6e6c,ppe_orig,ppe_orig:9a8bad6e6c,0,3,0,84b08efc7adbe6bd9785922009bf63c7fe34d68d
ppe_val_image1248_b7e28e92ac.jpg,ppe_val_image1248_b7e28e92ac,ppe_orig,ppe_orig:b7e28e92ac,0,1,0,893027045a3bcad2d7f1a65f49dd629f86fd68db
ppe_val_image1273_2bc84b061f.jpg,ppe_val_image1273_2bc84b061f,ppe_orig,ppe_orig:2bc84b061f,0,1,0,0af9becdd0b4308f5ddb03391bbee38d5599a6b4
ppe_val_image1290_c47996cd97.jpg,ppe_val_image1290_c47996cd97,ppe_orig,ppe_orig:c47996cd97,0,1,0,4c031505cb48c609edf57464b25a688e2ca53607
ppe_val_image12_6fc8972587.jpg,ppe_val_image12_6fc8972587,ppe_orig,ppe_orig:6fc8972587,1,0,0,e446ba031deb2147deb2e7fcbc487939d2399f1f
ppe_val_image1301_ff5fa7e65f.jpg,ppe_val_image1301_ff5fa7e65f,ppe_orig,ppe_orig:ff5fa7e65f,0,1,0,0f105e35e76112da5aa71d23b6b8477f6bfb3873
ppe_val_image130_a51a560b64.jpg,ppe_val_image130_a51a560b64,ppe_orig,ppe_orig:a51a560b64,5,0,0,2526ea66788d7af5621eb8d5b637a4520574bd76
ppe_val_image132_5c56e11e33.jpg,ppe_val_image132_5c56e11e33,ppe_orig,ppe_orig:5c56e11e33,3,0,0,6604f22743af5bfafc3136ea6875a9fea0815f07
ppe_val_image1333_d925d5976a.jpg,ppe_val_image1333_d925d5976a,ppe_orig,ppe_orig:d925d5976a,0,1,0,236587881302080702b036ed3772d685c4f1382d
ppe_val_image1341_9f9cc16c7d.jpg,ppe_val_image1341_9f9cc16c7d,ppe_orig,ppe_orig:9f9cc16c7d,0,2,0,2d9ad40dba31bb2bf50e972e719f55b717ecb050
ppe_val_image1342_d6cec52e7b.jpg,ppe_val_image1342_d6cec52e7b,ppe_orig,ppe_orig:d6cec52e7b,0,1,0,dcb7a02d69e1c9688016dec291500a71d5f5d519
ppe_val_image1346_02b1633e5d.jpg,ppe_val_image1346_02b1633e5d,ppe_orig,ppe_orig:02b1633e5d,0,2,0,b9d0ef3bfe23497b53329f862e488b1fbd86cbc0
ppe_val_image1369_b80f65fdf8.jpg,ppe_val_image1369_b80f65fdf8,ppe_orig,ppe_orig:b80f65fdf8,0,4,0,20012865a7d917ef10f7734ae5d4cc45861850e8
ppe_val_image1377_ad927aa783.jpg,ppe_val_image1377_ad927aa783,ppe_orig,ppe_orig:ad927aa783,0,1,0,b62c6c2ad991d9ba2b9025eee2bb986563f2692b
ppe_val_image137_d81a2c6a8a.jpg,ppe_val_image137_d81a2c6a8a,ppe_orig,ppe_orig:d81a2c6a8a,3,0,0,809a69f58172f9081fdb2ff93a4b986b3f2dec16
ppe_val_image1392_5b40dafe93.jpg,ppe_val_image1392_5b40dafe93,ppe_orig,ppe_orig:5b40dafe93,0,1,0,5ca48d3e032e0f7a432d7fb414417f0b0e85916e
ppe_val_image1397_694dc009f7.jpg,ppe_val_image1397_694dc009f7,ppe_orig,ppe_orig:694dc009f7,0,1,0,0561e8a3a3b29549bc19e9f557609553f526a2cc
ppe_val_image1402_85b92d36a0.jpg,ppe_val_image1402_85b92d36a0,ppe_orig,ppe_orig:85b92d36a0,0,3,0,5d81d123d91eb77eab5efb851367c4be6964d51c
ppe_val_image141_3918d431d3.jpeg,ppe_val_image141_3918d431d3,ppe_orig,ppe_orig:3918d431d3,2,0,0,3d7b5c23c44655a3540dfe9aac561feee6015fa0
ppe_val_image144_822cc5e6ad.jpg,ppe_val_image144_822cc5e6ad,ppe_orig,ppe_orig:822cc5e6ad,11,0,0,f4f5d82e0cb535cb055aa7491bf6964cb77043fc
ppe_val_image151_7de9f675d5.jpg,ppe_val_image151_7de9f675d5,ppe_orig,ppe_orig:7de9f675d5,4,0,0,570cd0adf33289196afbfac1f4cdee6277e8721f
ppe_val_image164_315770c5a3.jpg,ppe_val_image164_315770c5a3,ppe_orig,ppe_orig:315770c5a3,1,0,0,7aa5eeebef2044cb9754fb6eb7e76e9c520eda38
ppe_val_image176_9d11981552.jpg,ppe_val_image176_9d11981552,ppe_orig,ppe_orig:9d11981552,1,0,0,8748572b5c471fe7b76b20d89b51363f262c4e24
ppe_val_image199_5820fb28fa.jpg,ppe_val_image199_5820fb28fa,ppe_orig,ppe_orig:5820fb28fa,1,0,0,d9d34a6f9424ce0aa1fd4fe6f2983ad4e357594e
ppe_val_image202_009d440212.jpg,ppe_val_image202_009d440212,ppe_orig,ppe_orig:009d440212,3,0,0,c34934a8a3871ae0f328f0283014ebe237409294
ppe_val_image212_ce99dffde1.jpg,ppe_val_image212_ce99dffde1,ppe_orig,ppe_orig:ce99dffde1,3,0,0,8f27cf2b5ccc243f8621854ec52cdd750de2d953
ppe_val_image230_06c01baa54.jpg,ppe_val_image230_06c01baa54,ppe_orig,ppe_orig:06c01baa54,1,0,0,85097272fa701228e5a71fa527da95e5b2ba4be4
ppe_val_image238_4698ab97d4.jpg,ppe_val_image238_4698ab97d4,ppe_orig,ppe_orig:4698ab97d4,1,0,0,bb8feb31023182f9163478399f84e51455bebe40
ppe_val_image23_5b0ad9c85e.jpeg,ppe_val_image23_5b0ad9c85e,ppe_orig,ppe_orig:5b0ad9c85e,1,0,0,1944cd412fe3ec855397bcdbafb59f7b76cbd869
ppe_val_image253_85f3b550e5.jpg,ppe_val_image253_85f3b550e5,ppe_orig,ppe_orig:85f3b550e5,1,0,0,27e4da5125a74d56a9765513f456f75b8723a945
ppe_val_image259_794464fdfe.jpg,ppe_val_image259_794464fdfe,ppe_orig,ppe_orig:794464fdfe,1,0,0,cf4e73d2b50f0a316c240851d4df804f820bc8f1
ppe_val_image270_066d38189b.jpg,ppe_val_image270_066d38189b,ppe_orig,ppe_orig:066d38189b,1,0,0,2ab87bad274ed665362e99838a5dae8566b8e26d
ppe_val_image278_cc315892f0.jpg,ppe_val_image278_cc315892f0,ppe_orig,ppe_orig:cc315892f0,1,0,0,471506d25cb40b8c09d7109025db057f6bbc2c1a
ppe_val_image27_6afde9884c.jpeg,ppe_val_image27_6afde9884c,ppe_orig,ppe_orig:6afde9884c,1,0,0,4fb37ca4cd310fdcd027a255eacfb489d95b8b41
ppe_val_image318_45f4d7b829.jpg,ppe_val_image318_45f4d7b829,ppe_orig,ppe_orig:45f4d7b829,1,0,0,26653b33938a3935b6ea59f84fbbc929765cd3bb
ppe_val_image31_49834bf089.jpg,ppe_val_image31_49834bf089,ppe_orig,ppe_orig:49834bf089,1,0,0,9f59244bd2205c76015161b23434928b3515f491
ppe_val_image329_427871272d.jpeg,ppe_val_image329_427871272d,ppe_orig,ppe_orig:427871272d,1,0,0,9b2b8359bee26fbb687f8c9ae9dc6429e0486eeb
ppe_val_image330_99135774ce.jpg,ppe_val_image330_99135774ce,ppe_orig,ppe_orig:99135774ce,1,0,0,33d0e1e85395e382e249744cf0b282240f8c8df6
ppe_val_image337_48ee874abc.jpg,ppe_val_image337_48ee874abc,ppe_orig,ppe_orig:48ee874abc,1,0,0,aad44faf6afe9db7b4bf360dee56ec5b9be99318
ppe_val_image347_28bb558acd.jpg,ppe_val_image347_28bb558acd,ppe_orig,ppe_orig:28bb558acd,1,0,0,76507990ec0cfa098c406b9880a52fa12480e2c7
ppe_val_image355_6b556ba6fd.jpg,ppe_val_image355_6b556ba6fd,ppe_orig,ppe_orig:6b556ba6fd,1,0,0,1c2e54a302c593b39d90f3eff0ca67ef3d848c64
ppe_val_image35_d4bd508293.jpeg,ppe_val_image35_d4bd508293,ppe_orig,ppe_orig:d4bd508293,1,0,0,e2cfa949d9c96ab544608460412641589939cb0e
ppe_val_image391_f6a2764186.jpg,ppe_val_image391_f6a2764186,ppe_orig,ppe_orig:f6a2764186,1,0,0,2bc32fc1b1772f05393986097c155557e28d7e20
ppe_val_image392_6862b00921.jpg,ppe_val_image392_6862b00921,ppe_orig,ppe_orig:6862b00921,1,0,0,6dd0eba63cf69097d12d73815dff4aaac26ad373
ppe_val_image395_3d33f99783.jpg,ppe_val_image395_3d33f99783,ppe_orig,ppe_orig:3d33f99783,1,0,0,8317ee4bb568101e0281f1f22aee892ab0d50ce0
ppe_val_image396_d5e71d7975.jpg,ppe_val_image396_d5e71d7975,ppe_orig,ppe_orig:d5e71d7975,1,0,0,9431264a4f5880c65ca2bd9c5d0e10c67d74eba1
ppe_val_image407_35ee46d8bd.jpg,ppe_val_image407_35ee46d8bd,ppe_orig,ppe_orig:35ee46d8bd,1,0,0,0cc519cb0b464dfacff44b19e633387b4bedf604
ppe_val_image411_f9ba6aa7ba.jpg,ppe_val_image411_f9ba6aa7ba,ppe_orig,ppe_orig:f9ba6aa7ba,1,0,0,15ae7551e7262d18a55a1ed9719210e952540c0a
ppe_val_image419_9626103fff.jpg,ppe_val_image419_9626103fff,ppe_orig,ppe_orig:9626103fff,1,0,0,5623793a57a4d9cb9be9bd712d56459a2ba6bb3b
ppe_val_image430_e53143abc3.jpg,ppe_val_image430_e53143abc3,ppe_orig,ppe_orig:e53143abc3,1,0,0,f5df8402f5a623f1267c5c4782a5cc4d7b7ad7cb
ppe_val_image439_6091781dc4.jpeg,ppe_val_image439_6091781dc4,ppe_orig,ppe_orig:6091781dc4,4,0,0,7d944313e94d45df6eacfb13613a377545a370d5
ppe_val_image446_b7a5a02409.jpg,ppe_val_image446_b7a5a02409,ppe_orig,ppe_orig:b7a5a02409,1,0,0,5759b80e54ce7d529708097492ee5d7042eefce1
ppe_val_image464_63992c7205.jpg,ppe_val_image464_63992c7205,ppe_orig,ppe_orig:63992c7205,4,0,0,216af3a28b9ef708fbf0cdc6254c94cfbecc8447
ppe_val_image46_314d89390b.jpeg,ppe_val_image46_314d89390b,ppe_orig,ppe_orig:314d89390b,1,0,0,cbc8314c6344cfb37e17a05261ef119fa0c1ec7e
ppe_val_image487_93f86bce7b.jpg,ppe_val_image487_93f86bce7b,ppe_orig,ppe_orig:93f86bce7b,1,0,0,1000e79bcc42031f7c9872d9815edb71a34a27b9
ppe_val_image505_ee875594a6.jpg,ppe_val_image505_ee875594a6,ppe_orig,ppe_orig:ee875594a6,1,0,0,12abd46f4900e08d6d4a33dd8de1aa4f474a2546
ppe_val_image508_6843a966d9.jpg,ppe_val_image508_6843a966d9,ppe_orig,ppe_orig:6843a966d9,1,0,0,183096ba41a79b53e0f5ec0e9102b551e836bc94
ppe_val_image524_607b372aff.jpeg,ppe_val_image524_607b372aff,ppe_orig,ppe_orig:607b372aff,5,0,0,2193b996f9b5fbe528724a0b868acfc5d3e0a8f1
ppe_val_image547_f1b3dbd441.jpg,ppe_val_image547_f1b3dbd441,ppe_orig,ppe_orig:f1b3dbd441,3,0,0,5dc5660491f1c6c78a71e44861eec47320f3c6fd
ppe_val_image573_1e33a0df7b.jpg,ppe_val_image573_1e33a0df7b,ppe_orig,ppe_orig:1e33a0df7b,1,0,0,5c1435402d4c4e3191d5a7d5a936197858cbeeda
ppe_val_image576_7af6865c98.jpg,ppe_val_image576_7af6865c98,ppe_orig,ppe_orig:7af6865c98,1,0,0,796bc10a8779e218750e0cb8d6107323b1ea7c65
ppe_val_image607_e271f66b54.jpeg,ppe_val_image607_e271f66b54,ppe_orig,ppe_orig:e271f66b54,2,0,0,55aa1524e822015f4f374955bb4bb2b8f2d6256e
ppe_val_image608_8ea5496db0.jpg,ppe_val_image608_8ea5496db0,ppe_orig,ppe_orig:8ea5496db0,6,0,0,5029a759bf35a6654fade3eeee5a26be7345dee6
ppe_val_image615_1be6a1e01e.jpg,ppe_val_image615_1be6a1e01e,ppe_orig,ppe_orig:1be6a1e01e,6,0,0,b22e70c1f4696d71badcdbf898fe7b1482d8f800
ppe_val_image627_0c9833ba05.jpg,ppe_val_image627_0c9833ba05,ppe_orig,ppe_orig:0c9833ba05,2,0,0,5dee7ca42603b5d8243a4350630546e12321b23f
ppe_val_image628_1dd9e41eaa.jpg,ppe_val_image628_1dd9e41eaa,ppe_orig,ppe_orig:1dd9e41eaa,2,0,0,fff267f7a5ac65483f54853db590df1de0b1c6f5
ppe_val_image640_e47b5d5e8b.jpg,ppe_val_image640_e47b5d5e8b,ppe_orig,ppe_orig:e47b5d5e8b,1,0,0,eadd4ae1b8b842b19a9b3fcbfdfd9c29c2fcd4af
ppe_val_image644_e027b4e309.jpg,ppe_val_image644_e027b4e309,ppe_orig,ppe_orig:e027b4e309,4,0,0,6df24474a99d00e4c8e9098e01dfee047202d3ee
ppe_val_image654_1259cef2f6.jpg,ppe_val_image654_1259cef2f6,ppe_orig,ppe_orig:1259cef2f6,4,0,0,0d3a01f6b09199785708c477e7b2762f0eb3b619
ppe_val_image65_1523d7be47.jpeg,ppe_val_image65_1523d7be47,ppe_orig,ppe_orig:1523d7be47,2,0,0,783c50f277e0faeeeba8adffec614b966dd6176d
ppe_val_image660_94542b9bcc.jpg,ppe_val_image660_94542b9bcc,ppe_orig,ppe_orig:94542b9bcc,1,0,0,eccabf83625414a3096cb814fa553148e40476f0
ppe_val_image666_0371715c1c.jpg,ppe_val_image666_0371715c1c,ppe_orig,ppe_orig:0371715c1c,1,0,0,8383b2b1d62530c1fd8f5b2aff8648cbe6a4a9d4
ppe_val_image669_0ca7007e14.jpg,ppe_val_image669_0ca7007e14,ppe_orig,ppe_orig:0ca7007e14,1,0,0,cc721582d7425f940a3f3381cc5607c1add62682
ppe_val_image670_1fff97f1e4.jpg,ppe_val_image670_1fff97f1e4,ppe_orig,ppe_orig:1fff97f1e4,1,0,0,d37dddbac9a2e289ac3a01efad7286a203f37c4c
ppe_val_image674_01a21c25b5.jpg,ppe_val_image674_01a21c25b5,ppe_orig,ppe_orig:01a21c25b5,1,0,0,38477dbbb5f142069cf3d14e0c1a75e1b32a8f17
ppe_val_image680_a67596d272.jpg,ppe_val_image680_a67596d272,ppe_orig,ppe_orig:a67596d272,1,0,0,123e453fa1cbcc7edef9996032a9f7ed8c82cf4c
ppe_val_image686_aafc9bf4a1.jpeg,ppe_val_image686_aafc9bf4a1,ppe_orig,ppe_orig:aafc9bf4a1,1,0,0,5c17fc629abe66580ec35fde9ec8df220914e44f
ppe_val_image698_1fe3c01d68.jpg,ppe_val_image698_1fe3c01d68,ppe_orig,ppe_orig:1fe3c01d68,2,0,0,161385229e1e3fac6ee1a1bc99526f1cea82530f
ppe_val_image709_03267f9529.jpg,ppe_val_image709_03267f9529,ppe_orig,ppe_orig:03267f9529,1,0,0,7f76a8e0f4cd798a63746a96c03b7b286d19b32c
ppe_val_image742_cca78a7bf2.jpeg,ppe_val_image742_cca78a7bf2,ppe_orig,ppe_orig:cca78a7bf2,1,0,0,d6e0db51f1c9e2f55c50d504a72e1a8c30be5a5a
ppe_val_image749_908dd18cb0.jpg,ppe_val_image749_908dd18cb0,ppe_orig,ppe_orig:908dd18cb0,2,0,0,3ad5b51b49f2a0541bd44e957a79a99219bf55d7
ppe_val_image759_8a655150b8.jpg,ppe_val_image759_8a655150b8,ppe_orig,ppe_orig:8a655150b8,1,0,0,ffa666c3b1190838ff45f5b6de41ae17c872ea2b
ppe_val_image762_8c72b2dc3f.jpg,ppe_val_image762_8c72b2dc3f,ppe_orig,ppe_orig:8c72b2dc3f,1,0,0,67f9efc9d011938d93332547de28effcb972d577
ppe_val_image763_4b9f6c36c0.jpg,ppe_val_image763_4b9f6c36c0,ppe_orig,ppe_orig:4b9f6c36c0,1,0,0,34d9fa7891ce851f06d969390717e0869c10bde9
ppe_val_image767_bf77f2d8c7.jpg,ppe_val_image767_bf77f2d8c7,ppe_orig,ppe_orig:bf77f2d8c7,1,0,0,e4b4cf86428f0272279213742a91a1b83165471e
ppe_val_image771_1b5d986fa4.jpg,ppe_val_image771_1b5d986fa4,ppe_orig,ppe_orig:1b5d986fa4,2,0,0,a485984bd577ac1628a35b421ca9faf7f8b3c7d4
ppe_val_image798_36f6a59ccb.jpg,ppe_val_image798_36f6a59ccb,ppe_orig,ppe_orig:36f6a59ccb,1,0,0,0f34e523da267ec69a480bf30dbaf6b3bd52b5e3
ppe_val_image804_6e9740af05.jpg,ppe_val_image804_6e9740af05,ppe_orig,ppe_orig:6e9740af05,5,0,0,4adc0761139f5abd45057a949d2b9f72cbf47989
ppe_val_image808_a2b714d0e0.jpg,ppe_val_image808_a2b714d0e0,ppe_orig,ppe_orig:a2b714d0e0,3,0,0,bf3290f6a63cb40e644d61476e65c61b2a639dcd
ppe_val_image824_809e875a99.jpg,ppe_val_image824_809e875a99,ppe_orig,ppe_orig:809e875a99,1,0,0,e9c5eac7e0cd1e1b5e68232b43d6b2542351b355
ppe_val_image826_04025d39b3.jpg,ppe_val_image826_04025d39b3,ppe_orig,ppe_orig:04025d39b3,1,0,0,297b059590c229dfcc3bf7e327c63da2a89742fb
ppe_val_image852_ed061914e0.jpeg,ppe_val_image852_ed061914e0,ppe_orig,ppe_orig:ed061914e0,1,0,0,9e407171cc3ef89bb5e6223eef4753f8af83a560
ppe_val_image867_b8bda4658a.jpg,ppe_val_image867_b8bda4658a,ppe_orig,ppe_orig:b8bda4658a,1,0,0,a7636df502c0c43b911bd8dda64aa3c341fb171f
ppe_val_image868_fa843a4497.jpg,ppe_val_image868_fa843a4497,ppe_orig,ppe_orig:fa843a4497,1,0,0,e62cdbe299175c38f8987a0825e1c5a358e40ee3
ppe_val_image876_103ed1d990.jpg,ppe_val_image876_103ed1d990,ppe_orig,ppe_orig:103ed1d990,1,0,0,dff443792d71e5ae1135139c4beeb4ed77a60e16
ppe_val_image885_26ab3aa3c9.jpg,ppe_val_image885_26ab3aa3c9,ppe_orig,ppe_orig:26ab3aa3c9,1,0,0,0ffebd6cd0c960d62823376b39397667cb94fa34
ppe_val_image896_7ff3554b49.jpg,ppe_val_image896_7ff3554b49,ppe_orig,ppe_orig:7ff3554b49,1,0,0,ea9a2fee5f0270f66afeb25692d44a2ddd3b8aa7
ppe_val_image897_c3e5dfff3e.jpeg,ppe_val_image897_c3e5dfff3e,ppe_orig,ppe_orig:c3e5dfff3e,2,0,0,8927841f48dbaa53ea575502340339e8dcc0f9b5
ppe_val_image933_99458ff9cd.jpg,ppe_val_image933_99458ff9cd,ppe_orig,ppe_orig:99458ff9cd,1,0,0,213a6570ff9f534100aa2462a7dd1e47670af6b6
ppe_val_image942_8a89c1999e.jpg,ppe_val_image942_8a89c1999e,ppe_orig,ppe_orig:8a89c1999e,1,0,0,28eba6d9618ecfcac204ec8a7206a505b577ae08
ppe_val_image955_c36a44a242.jpg,ppe_val_image955_c36a44a242,ppe_orig,ppe_orig:c36a44a242,1,0,0,892944b45276e2817aa090866d0b634e990a1183
ppe_val_image961_35c6769ddb.jpeg,ppe_val_image961_35c6769ddb,ppe_orig,ppe_orig:35c6769ddb,1,0,0,1334ac1df9613454eeac49fff992a8c9a7a45ed7
ppe_val_image989_fffd93113a.jpg,ppe_val_image989_fffd93113a,ppe_orig,ppe_orig:fffd93113a,1,0,0,ff50b9666f306d7298e895f9b2aaca8d638afb0c
ppe_val_image997_759d25701a.jpg,ppe_val_image997_759d25701a,ppe_orig,ppe_orig:759d25701a,1,0,0,26c4b82ebe13d26b57f3b49390672e674b54d198
ppe_val_image9_b79bba4787.jpg,ppe_val_image9_b79bba4787,ppe_orig,ppe_orig:b79bba4787,1,0,0,916c1a03b9e6ceeef74bd68f0f7bf2eddecb24c6
vestboost_train_00000_jhboyo_train_00000_000040_jpg.rf.49d5307e76d80bcdb7959efc47947d53.jpg,vestboost_train_00000_jhboyo_train_00000_000040_jpg.rf.49d5307e76d80bcdb7959efc47947d53,vest_ext,vest_ext:000040,0,3,0,3f7e4f9354fdbc1f8a46b053b91b32853132c99e
vestboost_train_00001_jhboyo_train_00001_000045_jpg.rf.6df733f2c4076ebe9ab3a25d6ed9b63e.jpg,vestboost_train_00001_jhboyo_train_00001_000045_jpg.rf.6df733f2c4076ebe9ab3a25d6ed9b63e,vest_ext,vest_ext:000045,0,3,0,62679460a31fb9773738f5eb56978e43c4dc1c54
vestboost_train_00002_jhboyo_train_00002_000093_jpg.rf.5a930e33b4dde5d3e0efbeb1f29d1b08.jpg,vestboost_train_00002_jhboyo_train_00002_000093_jpg.rf.5a930e33b4dde5d3e0efbeb1f29d1b08,vest_ext,vest_ext:000093,0,4,0,56e036ab0bd53793ea5ed69a350c464d9efd4d79
vestboost_train_00003_jhboyo_train_00003_000185_jpg.rf.29cd08286e5a0d6e4c0142a8c5bb5bc5.jpg,vestboost_train_00003_jhboyo_train_00003_000185_jpg.rf.29cd08286e5a0d6e4c0142a8c5bb5bc5,vest_ext,vest_ext:000185,0,2,0,306722f933649e030d330b9085847ff230ed5516
vestboost_train_00004_jhboyo_train_00004_000190_jpg.rf.26c56a5680e04aa2df6ed993bd8dc26c.jpg,vestboost_train_00004_jhboyo_train_00004_000190_jpg.rf.26c56a5680e04aa2df6ed993bd8dc26c,vest_ext,vest_ext:000190,0,2,0,5b738036dac8599e57c30eee318bc40a5565d434
vestboost_train_00005_jhboyo_train_00005_00266_jpg.rf.bc4b7941286277d27ed66c163352e538.jpg,vestboost_train_00005_jhboyo_train_00005_00266_jpg.rf.bc4b7941286277d27ed66c163352e538,vest_ext,vest_ext:00266,0,1,0,32cb1bbcc2a2ae8a8f967ff3f3992e5e573afca1
vestboost_train_00006_jhboyo_train_00006_00291_jpg.rf.1da2e7d91f97a6922e43a70d3cb7c7d5.jpg,vestboost_train_00006_jhboyo_train_00006_00291_jpg.rf.1da2e7d91f97a6922e43a70d3cb7c7d5,vest_ext,vest_ext:00291,0,1,0,82e65b092d165506c4ce1b72793388d0fc583d6d
vestboost_train_00007_jhboyo_train_00007_00341_jpg.rf.266a07c5b867e6c21c1974dafcf05998.jpg,vestboost_train_00007_jhboyo_train_00007_00341_jpg.rf.266a07c5b867e6c21c1974dafcf05998,vest_ext,vest_ext:00341,0,2,0,bc4db95d298138ddf091606f9831c059d0ac9342
vestboost_train_00008_jhboyo_train_00008_00343_jpg.rf.d87162554450de7e210e7963b33adcd1.jpg,vestboost_train_00008_jhboyo_train_00008_00343_jpg.rf.d87162554450de7e210e7963b33adcd1,vest_ext,vest_ext:00343,0,2,0,cfaab647e1feb181e84a0ce63150b01a72709611
vestboost_train_00009_jhboyo_train_00009_00354_jpg.rf.fd63906e941f5f1b6f0ebd0cc9c858a1.jpg,vestboost_train_00009_jhboyo_train_00009_00354_jpg.rf.fd63906e941f5f1b6f0ebd0cc9c858a1,vest_ext,vest_ext:00354,0,1,0,9001ff3adbb0d9cd1c42152a71bfef85835489d9
vestboost_train_00010_jhboyo_train_00010_00360_jpg.rf.de3bc7a6c1e69baf0ce43c057f04e9fc.jpg,vestboost_train_00010_jhboyo_train_00010_00360_jpg.rf.de3bc7a6c1e69baf0ce43c057f04e9fc,vest_ext,vest_ext:00360,0,1,0,d6f8ae951b2a4e4dfe01f32c67905fb5c8324c9c
vestboost_train_00011_jhboyo_train_00011_00376_jpg.rf.5eaf1b2411aa6105aaec87b1c410a9f6.jpg,vestboost_train_00011_jhboyo_train_00011_00376_jpg.rf.5eaf1b2411aa6105aaec87b1c410a9f6,vest_ext,vest_ext:00376,0,3,0,f011b60fb2122c3f895c756473810c99f1db23bf
vestboost_train_00012_jhboyo_train_00012_00379_jpg.rf.e6826158a00e15b483767ddd6aac21cb.jpg,vestboost_train_00012_jhboyo_train_00012_00379_jpg.rf.e6826158a00e15b483767ddd6aac21cb,vest_ext,vest_ext:00379,0,3,0,a97b220729cb66dcbf078c159f7947ec6c955cc0
vestboost_train_00013_jhboyo_train_00013_00387_jpg.rf.b11345f1310672dd465c8774fe3b7d6e.jpg,vestboost_train_00013_jhboyo_train_00013_00387_jpg.rf.b11345f1310672dd465c8774fe3b7d6e,vest_ext,vest_ext:00387,0,2,0,e3014f21dae3b5cd32c93376958543e09ed80506
vestboost_train_00014_jhboyo_train_00014_00392_jpg.rf.a03bd996faceda9bfde2c3932ee243f5.jpg,vestboost_train_00014_jhboyo_train_00014_00392_jpg.rf.a03bd996faceda9bfde2c3932ee243f5,vest_ext,vest_ext:00392,0,1,0,174517c11965cffebabce935c62a8fcc3906e948
vestboost_train_00015_jhboyo_train_00015_00398_jpg.rf.aed87f380dfd833798ee3835302421a2.jpg,vestboost_train_00015_jhboyo_train_00015_00398_jpg.rf.aed87f380dfd833798ee3835302421a2,vest_ext,vest_ext:00398,0,1,0,cfa3d8854ff5710ced8c19c98010fc16d1875c3a
vestboost_train_00016_jhboyo_train_00016_00503_jpg.rf.b308dabc9c964dbaec0b35de16446956.jpg,vestboost_train_00016_jhboyo_train_00016_00503_jpg.rf.b308dabc9c964dbaec0b35de16446956,vest_ext,vest_ext:00503,0,2,0,b76a4cca8169639c3a794e73583b52e5fe7b8eec
vestboost_train_00017_jhboyo_train_00017_00504_jpg.rf.a8c0c5a7d259ee3f51fd1da53ca3f92f.jpg,vestboost_train_00017_jhboyo_train_00017_00504_jpg.rf.a8c0c5a7d259ee3f51fd1da53ca3f92f,vest_ext,vest_ext:00504,0,5,0,4574eae21c1aa589315a0c99a35e3523963e7dc2
vestboost_train_00018_jhboyo_train_00018_00506_jpg.rf.fff3a12f8b3c8bc57ea25e8a15a9548a.jpg,vestboost_train_00018_jhboyo_train_00018_00506_jpg.rf.fff3a12f8b3c8bc57ea25e8a15a9548a,vest_ext,vest_ext:00506,0,6,0,c496a41c2032c1741d7082023eff5be95f932fba
vestboost_train_00019_jhboyo_train_00019_00519_jpg.rf.f4e2a0ce5264680c943ea11a21815e3d.jpg,vestboost_train_00019_jhboyo_train_00019_00519_jpg.rf.f4e2a0ce5264680c943ea11a21815e3d,vest_ext,vest_ext:00519,0,1,0,ca7061c1063f1850d55499be34fa773b57f05b03
vestboost_train_00020_jhboyo_train_00020_00546_jpg.rf.bfd572668b1e126c456b963880a11464.jpg,vestboost_train_00020_jhboyo_train_00020_00546_jpg.rf.bfd572668b1e126c456b963880a11464,vest_ext,vest_ext:00546,0,1,0,a255a3a21384ef84b11d53d47093fc480737a955
vestboost_train_00021_jhboyo_train_00021_00549_jpg.rf.401079e21b27fa06e6a50fffb2a7f7d0.jpg,vestboost_train_00021_jhboyo_train_00021_00549_jpg.rf.401079e21b27fa06e6a50fffb2a7f7d0,vest_ext,vest_ext:00549,0,2,0,45e5eb5cd277808cccc2412b9ef73a9ad6fddbf8
vestboost_train_00022_jhboyo_train_00022_00554_jpg.rf.a4d1532397cdd729addeade0568d341e.jpg,vestboost_train_00022_jhboyo_train_00022_00554_jpg.rf.a4d1532397cdd729addeade0568d341e,vest_ext,vest_ext:00554,0,5,0,96c6fb22634b6434a08c12c9b16fea0e1c314224
vestboost_train_00023_jhboyo_train_00023_00564_jpg.rf.43fec520a7303b33bee6f1c0d3193c5d.jpg,vestboost_train_00023_jhboyo_train_00023_00564_jpg.rf.43fec520a7303b33bee6f1c0d3193c5d,vest_ext,vest_ext:00564,0,2,0,588e010dd7fc7fe9d881289daeccff199d513f5c
vestboost_train_00024_jhboyo_train_00024_00581_jpg.rf.8b87ff90d8164e2ef9f2cf9b9e7cbcf8.jpg,vestboost_train_00024_jhboyo_train_00024_00581_jpg.rf.8b87ff90d8164e2ef9f2cf9b9e7cbcf8,vest_ext,vest_ext:00581,0,3,0,450a73c3b7381927420b65b51076e0a1124b3bf4
vestboost_train_00025_jhboyo_train_00025_00587_jpg.rf.73e0978be4ad8e3b80fd17e7879e92f9.jpg,vestboost_train_00025_jhboyo_train_00025_00587_jpg.rf.73e0978be4ad8e3b80fd17e7879e92f9,vest_ext,vest_ext:00587,0,2,0,9f62a90996fd96298f18dd215687c55b3d2bb24d
vestboost_train_00026_jhboyo_train_00026_00599_jpg.rf.4dc3f991c53bcf458d3addce1ecc6b5c.jpg,vestboost_train_00026_jhboyo_train_00026_00599_jpg.rf.4dc3f991c53bcf458d3addce1ecc6b5c,vest_ext,vest_ext:00599,0,2,0,26732ef0c007c7a5c1e1840c9b20285ca855d664
vestboost_train_00027_jhboyo_train_00027_00602_jpg.rf.fc2f3984b3ace10d4dce1d4dd6c7fa56.jpg,vestboost_train_00027_jhboyo_train_00027_00602_jpg.rf.fc2f3984b3ace10d4dce1d4dd6c7fa56,vest_ext,vest_ext:00602,0,5,0,8e461fd2a94c87dd7106f69709b0cbc521ff70c9
vestboost_train_00028_jhboyo_train_00028_00609_jpg.rf.5162a9896866349d1e67abe31632a6a0.jpg,vestboost_train_00028_jhboyo_train_00028_00609_jpg.rf.5162a9896866349d1e67abe31632a6a0,vest_ext,vest_ext:00609,0,4,0,d4296551235cea76cb4b6af94a3794ea71b54664
vestboost_train_00029_jhboyo_train_00029_00619_jpg.rf.a2e4659732c8165baa4611047f49037a.jpg,vestboost_train_00029_jhboyo_train_00029_00619_jpg.rf.a2e4659732c8165baa4611047f49037a,vest_ext,vest_ext:00619,0,1,0,2453bc3aefb88bc155c110239cbfdd66232ef7df
vestboost_train_00030_jhboyo_train_00030_00620_jpg.rf.7c9846dc5606a91192e5367a0b9c5885.jpg,vestboost_train_00030_jhboyo_train_00030_00620_jpg.rf.7c9846dc5606a91192e5367a0b9c5885,vest_ext,vest_ext:00620,0,2,0,f96ef02d4dc122bb36a0977b4376d53fcb935c7c
vestboost_train_00031_jhboyo_train_00031_00635_jpg.rf.fce01a39303495762fcc1229eb78e725.jpg,vestboost_train_00031_jhboyo_train_00031_00635_jpg.rf.fce01a39303495762fcc1229eb78e725,vest_ext,vest_ext:00635,0,3,0,57491fd701b6f8d53ac31d3a5403f3d991e5d47f
vestboost_train_00032_jhboyo_train_00032_00674_jpg.rf.9a6cc8a94fa8266ed60d8bc6cae91867.jpg,vestboost_train_00032_jhboyo_train_00032_00674_jpg.rf.9a6cc8a94fa8266ed60d8bc6cae91867,vest_ext,vest_ext:00674,0,1,0,cda34b38cbdacc6bb4fea4df0313ec673d8c6eb7
vestboost_train_00033_jhboyo_train_00033_00747_jpg.rf.bdf114b6bb93e9241122685017faa1f7.jpg,vestboost_train_00033_jhboyo_train_00033_00747_jpg.rf.bdf114b6bb93e9241122685017faa1f7,vest_ext,vest_ext:00747,0,7,0,4f425d8fbeafe8046d30aba0c619c97135dbf529
vestboost_train_00034_jhboyo_train_00034_01003_jpg.rf.57268d14d850ef1b70fa02a2eb8dd0c6.jpg,vestboost_train_00034_jhboyo_train_00034_01003_jpg.rf.57268d14d850ef1b70fa02a2eb8dd0c6,vest_ext,vest_ext:01003,0,1,0,405c46cf0666824aaa9054f13217c70f949a7ec9
vestboost_train_00035_jhboyo_train_00035_01094_jpg.rf.801c68d7e4e29b79ca2fbf7f53784167.jpg,vestboost_train_00035_jhboyo_train_00035_01094_jpg.rf.801c68d7e4e29b79ca2fbf7f53784167,vest_ext,vest_ext:01094,0,2,0,96bc08147e72486c3b84253a0642e04068083c52
vestboost_train_00036_jhboyo_train_00036_01110_jpg.rf.ba0333264d441801be9276a24add2aed.jpg,vestboost_train_00036_jhboyo_train_00036_01110_jpg.rf.ba0333264d441801be9276a24add2aed,vest_ext,vest_ext:01110,0,3,0,e91a69c35819a5031bcaff6acc2a4e351f762d34
vestboost_train_00037_jhboyo_train_00037_01261_jpg.rf.185d535afc73018c56fa51146f384546.jpg,vestboost_train_00037_jhboyo_train_00037_01261_jpg.rf.185d535afc73018c56fa51146f384546,vest_ext,vest_ext:01261,0,3,0,281171721375e56ad6659ebdca53a1bb2fa446df
vestboost_train_00038_jhboyo_train_00038_02012_jpg.rf.a15b29270ec2b95ef8462e86664c90f2.jpg,vestboost_train_00038_jhboyo_train_00038_02012_jpg.rf.a15b29270ec2b95ef8462e86664c90f2,vest_ext,vest_ext:02012,0,1,0,b0d4cba87e8dada4a3389075f20741f06e06ce67
vestboost_train_00039_jhboyo_train_00039_02013_jpg.rf.3c52fc4a24d32b9f9b0a7fbf88e2ecf4.jpg,vestboost_train_00039_jhboyo_train_00039_02013_jpg.rf.3c52fc4a24d32b9f9b0a7fbf88e2ecf4,vest_ext,vest_ext:02013,0,3,0,f78b1246fcb6b8c8f36cbd14610484c2cbd9afd4
vestboost_train_00040_jhboyo_train_00040_02044_jpg.rf.157fa1846eec7a65194d45ca6139a63b.jpg,vestboost_train_00040_jhboyo_train_00040_02044_jpg.rf.157fa1846eec7a65194d45ca6139a63b,vest_ext,vest_ext:02044,0,4,0,73cf748c09b8fae02219af6d363137aae33efcef
vestboost_train_00041_jhboyo_train_00041_02045_jpg.rf.bf74448195e9f8a4a373f95d6acd8645.jpg,vestboost_train_00041_jhboyo_train_00041_02045_jpg.rf.bf74448195e9f8a4a373f95d6acd8645,vest_ext,vest_ext:02045,0,2,0,b8a4fc4be94c25c96766411c5cd1870bbe4c9470
vestboost_train_00042_jhboyo_train_00042_02054_jpg.rf.fb44bd1b0e2c37d6412731a01f38f1ca.jpg,vestboost_train_00042_jhboyo_train_00042_02054_jpg.rf.fb44bd1b0e2c37d6412731a01f38f1ca,vest_ext,vest_ext:02054,0,1,0,d9e131a20743ad52a7b3b4a0fe24cfcd0a5514be
vestboost_train_00043_jhboyo_train_00043_02060_jpg.rf.89066a4d8ece5259095c92aae2c5532d.jpg,vestboost_train_00043_jhboyo_train_00043_02060_jpg.rf.89066a4d8ece5259095c92aae2c5532d,vest_ext,vest_ext:02060,0,1,0,084ae1b53eeee31d3be42949726f6095e6bf4b49
vestboost_train_00044_jhboyo_train_00044_02062_jpg.rf.57f5fa1e0228ff855edd59be23f2f19e.jpg,vestboost_train_00044_jhboyo_train_00044_02062_jpg.rf.57f5fa1e0228ff855edd59be23f2f19e,vest_ext,vest_ext:02062,0,3,0,ed513fce0220a63a516aacfe3a4e1f8b2dba67ac
vestboost_train_00045_jhboyo_train_00045_02078_jpg.rf.de8cc2b86beb22d22398faf1b2ef3ba3.jpg,vestboost_train_00045_jhboyo_train_00045_02078_jpg.rf.de8cc2b86beb22d22398faf1b2ef3ba3,vest_ext,vest_ext:02078,0,8,0,eaa5945d57453e17a8cb90fb73885a3607cac9df
vestboost_train_00046_jhboyo_train_00046_02092_jpg.rf.b22fbab35c820790d58f3bfd81a92686.jpg,vestboost_train_00046_jhboyo_train_00046_02092_jpg.rf.b22fbab35c820790d58f3bfd81a92686,vest_ext,vest_ext:02092,0,1,0,5ce33fe92eb7e61e761e597db826b8fc6c8ab92d
vestboost_train_00047_jhboyo_train_00047_02095_jpg.rf.c1d8a956c7ce5f89f1156311bfe274cb.jpg,vestboost_train_00047_jhboyo_train_00047_02095_jpg.rf.c1d8a956c7ce5f89f1156311bfe274cb,vest_ext,vest_ext:02095,0,1,0,74717563eb448bcf56376cf37a36ea17a5e5c60d
vestboost_train_00048_jhboyo_train_00048_02102_jpg.rf.393abb7c4e881afa4ad1a3edea9c1e42.jpg,vestboost_train_00048_jhboyo_train_00048_02102_jpg.rf.393abb7c4e881afa4ad1a3edea9c1e42,vest_ext,vest_ext:02102,0,3,0,89d3fe9f6e4474ef11031e147c43f1828aa878fa
vestboost_train_00049_jhboyo_train_00049_02122_jpg.rf.00945974c4c1851c33a7e20b365310d5.jpg,vestboost_train_00049_jhboyo_train_00049_02122_jpg.rf.00945974c4c1851c33a7e20b365310d5,vest_ext,vest_ext:02122,0,1,0,cda22f4a89c4ab08eb60c1eb80a12ee44794c02d
vestboost_train_00050_jhboyo_train_00050_02244_jpg.rf.f2202ffb8f6684b105d0dd8a62f31674.jpg,vestboost_train_00050_jhboyo_train_00050_02244_jpg.rf.f2202ffb8f6684b105d0dd8a62f31674,vest_ext,vest_ext:02244,0,5,0,877321ad1d36535eec26f89b9041dc34902228f0
vestboost_train_00051_jhboyo_train_00051_02298_jpg.rf.e9e0fcf85facd7f8b9518879cd43608d.jpg,vestboost_train_00051_jhboyo_train_00051_02298_jpg.rf.e9e0fcf85facd7f8b9518879cd43608d,vest_ext,vest_ext:02298,0,2,0,7496de1e94484ecbca21b582f1eba64977aff1f7
vestboost_train_00052_jhboyo_train_00052_02316_jpg.rf.329a64784d3a33d128c07c6b1ae1b2c1.jpg,vestboost_train_00052_jhboyo_train_00052_02316_jpg.rf.329a64784d3a33d128c07c6b1ae1b2c1,vest_ext,vest_ext:02316,0,2,0,42864aea613a84fe23462d6380669c62c037e762
vestboost_train_00053_jhboyo_train_00053_02404_jpg.rf.47e6558ad13b502c174326e46344258b.jpg,vestboost_train_00053_jhboyo_train_00053_02404_jpg.rf.47e6558ad13b502c174326e46344258b,vest_ext,vest_ext:02404,0,3,0,4980a09392116b249c8fb1f2914abc03d74bfbef
vestboost_train_00054_jhboyo_train_00054_02514_jpg.rf.8e39844c80059ffa7e3dab76216ebddb.jpg,vestboost_train_00054_jhboyo_train_00054_02514_jpg.rf.8e39844c80059ffa7e3dab76216ebddb,vest_ext,vest_ext:02514,0,2,0,caf451ecf005ac925c482376b9702c0957a3b044
vestboost_train_00055_jhboyo_train_00055_02519_jpg.rf.63ef5c4b1593f2bf61f49d6a2057235a.jpg,vestboost_train_00055_jhboyo_train_00055_02519_jpg.rf.63ef5c4b1593f2bf61f49d6a2057235a,vest_ext,vest_ext:02519,0,2,0,41b85211418ff935bd52d407d1a9419570fbb457
vestboost_train_00056_jhboyo_train_00056_02544_jpg.rf.048a3a62e6582cc7d02346c819e2c991.jpg,vestboost_train_00056_jhboyo_train_00056_02544_jpg.rf.048a3a62e6582cc7d02346c819e2c991,vest_ext,vest_ext:02544,0,1,0,a3527efc00427a2f45ca8861ee0ed1f7acb37354
vestboost_train_00057_jhboyo_train_00057_02571_jpg.rf.e68ea95d96525f61e6ca9bff85f12508.jpg,vestboost_train_00057_jhboyo_train_00057_02571_jpg.rf.e68ea95d96525f61e6ca9bff85f12508,vest_ext,vest_ext:02571,0,2,0,4a3ffd526a51de652fe57a9507fdb1b37ca6de1d
vestboost_train_00058_jhboyo_train_00058_02581_jpg.rf.9e0f8d03c5896eeb62738fa04435287e.jpg,vestboost_train_00058_jhboyo_train_00058_02581_jpg.rf.9e0f8d03c5896eeb62738fa04435287e,vest_ext,vest_ext:02581,0,1,0,b2b2bb50c18de9a3e575d4ce73c0b410034897bb
vestboost_train_00059_jhboyo_train_00059_02603_jpg.rf.685766108216ad19fb46b21cc9bcfc29.jpg,vestboost_train_00059_jhboyo_train_00059_02603_jpg.rf.685766108216ad19fb46b21cc9bcfc29,vest_ext,vest_ext:02603,0,1,0,214dac5140e09fe78a5514b30fddd6703bbc3c17
vestboost_train_00060_jhboyo_train_00060_02617_jpg.rf.418dd49a0ed26c3a1cdaf99119317220.jpg,vestboost_train_00060_jhboyo_train_00060_02617_jpg.rf.418dd49a0ed26c3a1cdaf99119317220,vest_ext,vest_ext:02617,0,1,0,58c0c602c77d06c10b5160fcb5ef263fcf3453c4
vestboost_train_00061_jhboyo_train_00061_02626_jpg.rf.0caf6959e2068367e7aa07e911ccab64.jpg,vestboost_train_00061_jhboyo_train_00061_02626_jpg.rf.0caf6959e2068367e7aa07e911ccab64,vest_ext,vest_ext:02626,0,2,0,5d46cf7d71a58fb10b5387b54613450a8afca990
vestboost_train_00062_jhboyo_train_00062_02649_jpg.rf.cd2fc7878f7c37e8d027ee9d457b849b.jpg,vestboost_train_00062_jhboyo_train_00062_02649_jpg.rf.cd2fc7878f7c37e8d027ee9d457b849b,vest_ext,vest_ext:02649,0,1,0,dedaa23b896eb3b47a3d87ae0c017579b6b9fb69
vestboost_train_00063_jhboyo_train_00063_02653_jpg.rf.7f15438f4ded099b9e12ed303cad5954.jpg,vestboost_train_00063_jhboyo_train_00063_02653_jpg.rf.7f15438f4ded099b9e12ed303cad5954,vest_ext,vest_ext:02653,0,1,0,74ddcf405f66e0d8ef933be4f1c2e63b348f8f25
vestboost_train_00064_jhboyo_train_00064_02761_jpg.rf.ecc3f7b3b6a7d0532428cfef2fda4c96.jpg,vestboost_train_00064_jhboyo_train_00064_02761_jpg.rf.ecc3f7b3b6a7d0532428cfef2fda4c96,vest_ext,vest_ext:02761,0,1,0,6ea12adf3a74ba5336e24319870b108a53d0976e
vestboost_train_00065_jhboyo_train_00065_02927_jpg.rf.4e93cb47436bad1ab72a513a056cf0c3.jpg,vestboost_train_00065_jhboyo_train_00065_02927_jpg.rf.4e93cb47436bad1ab72a513a056cf0c3,vest_ext,vest_ext:02927,0,1,0,c203aee9b59fe058da75d0bf92d4449da63557b9
vestboost_train_00066_jhboyo_train_00066_03108_jpg.rf.542c3df336811345ed439077cbfbb19c.jpg,vestboost_train_00066_jhboyo_train_00066_03108_jpg.rf.542c3df336811345ed439077cbfbb19c,vest_ext,vest_ext:03108,0,1,0,f6d4f37865e36132531eae867ad8c28b39b33e8a
vestboost_train_00067_jhboyo_train_00067_03126_jpg.rf.d4c88db77c75ac60ea81d416418e97f4.jpg,vestboost_train_00067_jhboyo_train_00067_03126_jpg.rf.d4c88db77c75ac60ea81d416418e97f4,vest_ext,vest_ext:03126,0,1,0,4c1d724f804a57b39a578ad59fb6d033c45a6d98
vestboost_train_00068_jhboyo_train_00068_060824-F-2185F-013_JPG_jpg.rf.11a4dcbd40477cec4e8ba368d0066015.jpg,vestboost_train_00068_jhboyo_train_00068_060824-F-2185F-013_JPG_jpg.rf.11a4dcbd40477cec4e8ba368d0066015,vest_ext,vest_ext:060824-F-2185F-013_JPG,0,2,0,9fc4fc19060c6531583e9e3a700daaded40b6fb4
vestboost_train_00069_jhboyo_train_00069_080707-F-6278H-011_JPG_jpg.rf.9b6ff9d24a5698c5ab3dc3c10b5f074a.jpg,vestboost_train_00069_jhboyo_train_00069_080707-F-6278H-011_JPG_jpg.rf.9b6ff9d24a5698c5ab3dc3c10b5f074a,vest_ext,vest_ext:080707-F-6278H-011_JPG,0,1,0,c9cf4df2c1cd1e7f9addcb0f8cfb28096baa2dee
vestboost_train_00070_jhboyo_train_00070_100713-F-1124Q-062_JPG_jpg.rf.b56e59d9581dbf56763ef9e3bc7bffac.jpg,vestboost_train_00070_jhboyo_train_00070_100713-F-1124Q-062_JPG_jpg.rf.b56e59d9581dbf56763ef9e3bc7bffac,vest_ext,vest_ext:100713-F-1124Q-062_JPG,0,1,0,131d0224b1c6dbc4a32642a2ec4930c1c6c9f451
vestboost_train_00071_jhboyo_train_00071_120712-F-EJ686-074_JPG_jpg.rf.e97dc81859a1ce80117b7b1663d78cad.jpg,vestboost_train_00071_jhboyo_train_00071_120712-F-EJ686-074_JPG_jpg.rf.e97dc81859a1ce80117b7b1663d78cad,vest_ext,vest_ext:120712-F-EJ686-074_JPG,0,1,0,55e685f1b54d90e7f8e411f272029dcd4f7bad75
vestboost_train_00072_jhboyo_train_00072_130829-F-XB934-001_JPG_jpg.rf.abf19103bebf0009b92d20dd5a60bef6.jpg,vestboost_train_00072_jhboyo_train_00072_130829-F-XB934-001_JPG_jpg.rf.abf19103bebf0009b92d20dd5a60bef6,vest_ext,vest_ext:130829-F-XB934-001_JPG,0,2,0,18c58ce0e61acc5a7f74abf7089fd146b6f7536e
vestboost_train_00073_jhboyo_train_00073_130829-F-XB934-002_JPG_jpg.rf.3eac3f53f687ad02890bc3a3851d7893.jpg,vestboost_train_00073_jhboyo_train_00073_130829-F-XB934-002_JPG_jpg.rf.3eac3f53f687ad02890bc3a3851d7893,vest_ext,vest_ext:130829-F-XB934-002_JPG,0,2,0,026207663e876d884ed77da203f2dc7c36b6b2d2
vestboost_train_00074_jhboyo_train_00074_13985536214341_jpg.rf.5dc783e27244bb8876d28cad0116b3af.jpg,vestboost_train_00074_jhboyo_train_00074_13985536214341_jpg.rf.5dc783e27244bb8876d28cad0116b3af,vest_ext,vest_ext:13985536214341,0,3,0,37591856a91b27b8bce120515ecd8532f14c2647
vestboost_train_00075_jhboyo_train_00075_13994348425068_jpg.rf.c564fed10778bb91044f7c55933da1c2.jpg,vestboost_train_00075_jhboyo_train_00075_13994348425068_jpg.rf.c564fed10778bb91044f7c55933da1c2,vest_ext,vest_ext:13994348425068,0,4,0,97db8e4262e272c1bf7400c842db0b4d0c73e020
vestboost_train_00076_jhboyo_train_00076_140226-M-TH017-079_JPG_jpg.rf.0ef23964e906193aa00f637428c5e766.jpg,vestboost_train_00076_jhboyo_train_00076_140226-M-TH017-079_JPG_jpg.rf.0ef23964e906193aa00f637428c5e766,vest_ext,vest_ext:140226-M-TH017-079_JPG,0,1,0,5117d84d79b56659f867fff2f97a71f66597aa57
vestboost_train_00077_jhboyo_train_00077_141003-F-UN284-065_JPG_jpg.rf.64ea7e3401cc9b0ee24ae1097ba19877.jpg,vestboost_train_00077_jhboyo_train_00077_141003-F-UN284-065_JPG_jpg.rf.64ea7e3401cc9b0ee24ae1097ba19877,vest_ext,vest_ext:141003-F-UN284-065_JPG,0,1,0,491424de55cb09387ceed7d9e2d93db6717270d1
vestboost_train_00078_jhboyo_train_00078_160112-F-ME609-065_JPG_jpg.rf.b114583c081e16171c2de67a5ac13fc5.jpg,vestboost_train_00078_jhboyo_train_00078_160112-F-ME609-065_JPG_jpg.rf.b114583c081e16171c2de67a5ac13fc5,vest_ext,vest_ext:160112-F-ME609-065_JPG,0,1,0,ebebcb90673e964039f5f7b1555227440d466b2f
vestboost_train_00079_jhboyo_train_00079_160210-F-YG475-107_JPG_jpg.rf.367865cb5d591eba2088c79d1e1dc777.jpg,vestboost_train_00079_jhboyo_train_00079_160210-F-YG475-107_JPG_jpg.rf.367865cb5d591eba2088c79d1e1dc777,vest_ext,vest_ext:160210-F-YG475-107_JPG,0,2,0,3f479a3b05479c854941cbfe1d5b5c0c52130f20
vestboost_train_00080_jhboyo_train_00080_160616-Z-FF793-005_JPG_jpg.rf.319bc66e1a97862d773c7fcba6b5f637.jpg,vestboost_train_00080_jhboyo_train_00080_160616-Z-FF793-005_JPG_jpg.rf.319bc66e1a97862d773c7fcba6b5f637,vest_ext,vest_ext:160616-Z-FF793-005_JPG,0,4,0,6834ebec586fea11d2a8436e95b539afe42cf1f7
vestboost_train_00081_jhboyo_train_00081_160616-Z-FF793-042_JPG_jpg.rf.87c5383d30fdf7b330f98ceae0f5ca61.jpg,vestboost_train_00081_jhboyo_train_00081_160616-Z-FF793-042_JPG_jpg.rf.87c5383d30fdf7b330f98ceae0f5ca61,vest_ext,vest_ext:160616-Z-FF793-042_JPG,0,5,0,7ad8c2b2f346e7db9b3460d1facda4138d19fe22
vestboost_train_00082_jhboyo_train_00082_160621-F-YW511-091_JPG_jpg.rf.5e0d3067638f0a9ef1efd7b2131a6a19.jpg,vestboost_train_00082_jhboyo_train_00082_160621-F-YW511-091_JPG_jpg.rf.5e0d3067638f0a9ef1efd7b2131a6a19,vest_ext,vest_ext:160621-F-YW511-091_JPG,0,3,0,18091cd09bd1dffba1a9e0a32471c76920a5dc14
vestboost_train_00083_jhboyo_train_00083_160801-F-DB969-017_JPG_jpg.rf.3803524b536cb21fda2ddfe37f5d2e79.jpg,vestboost_train_00083_jhboyo_train_00083_160801-F-DB969-017_JPG_jpg.rf.3803524b536cb21fda2ddfe37f5d2e79,vest_ext,vest_ext:160801-F-DB969-017_JPG,0,1,0,23c2188c5c7a28a7e3be4da834aa48b98836765c
vestboost_train_00084_jhboyo_train_00084_170201-Z-CO490-006_JPG_jpg.rf.e232c85f684e5a6cd7e98c64fcb495b3.jpg,vestboost_train_00084_jhboyo_train_00084_170201-Z-CO490-006_JPG_jpg.rf.e232c85f684e5a6cd7e98c64fcb495b3,vest_ext,vest_ext:170201-Z-CO490-006_JPG,0,1,0,7dabd7350fd82c3d4bc3dea7d366b67f46c843c2
vestboost_train_00085_jhboyo_train_00085_170614-F-NC874-013_JPG_jpg.rf.10d26589a6cd9f336f1df5bee880546c.jpg,vestboost_train_00085_jhboyo_train_00085_170614-F-NC874-013_JPG_jpg.rf.10d26589a6cd9f336f1df5bee880546c,vest_ext,vest_ext:170614-F-NC874-013_JPG,0,3,0,cdb38233440373bafed014f8f90cd4b4d09df752
vestboost_train_00086_jhboyo_train_00086_21487159874_6a144e5f75_o_d_jpg.rf.416b4656da572ba1789e95c9a86591c1.jpg,vestboost_train_00086_jhboyo_train_00086_21487159874_6a144e5f75_o_d_jpg.rf.416b4656da572ba1789e95c9a86591c1,vest_ext,vest_ext:21487159874_6a144e5f75_o_d,0,3,0,4c01b91d0e25b9d6deca6db917791f6d761efe45
vestboost_train_00087_jhboyo_train_00087_26186903119_d0c7cbb0e4_b_jpg.rf.71ca105c0b2e3156c3eb1030b4e5c694.jpg,vestboost_train_00087_jhboyo_train_00087_26186903119_d0c7cbb0e4_b_jpg.rf.71ca105c0b2e3156c3eb1030b4e5c694,vest_ext,vest_ext:26186903119_d0c7cbb0e4_b,0,2,0,8c412c1d22f4fc752bf97a998f56ebda538c8245
vestboost_train_00088_jhboyo_train_00088_28694088838_28e2e41f93_o_jpg.rf.d4f1f9cd0cf226201e5dc07093661cde.jpg,vestboost_train_00088_jhboyo_train_00088_28694088838_28e2e41f93_o_jpg.rf.d4f1f9cd0cf226201e5dc07093661cde,vest_ext,vest_ext:28694088838_28e2e41f93_o,0,1,0,ef9b997dd1d4d45e7e729fdd74c20f664bbff3b8
vestboost_train_00089_jhboyo_train_00089_32929765953_41407ba6bb_o_d_jpg.rf.9032e076f96a83cab6bc802e28518b4a.jpg,vestboost_train_00089_jhboyo_train_00089_32929765953_41407ba6bb_o_d_jpg.rf.9032e076f96a83cab6bc802e28518b4a,vest_ext,vest_ext:32929765953_41407ba6bb_o_d,0,1,0,6044d2037b347a920d2d2ddae5fda8f6f1b54fc0
vestboost_train_00090_jhboyo_train_00090_36456198521_4aaca90084_o_d_jpg.rf.5f0d8661715a9d254b04e94c0bfb02fe.jpg,vestboost_train_00090_jhboyo_train_00090_36456198521_4aaca90084_o_d_jpg.rf.5f0d8661715a9d254b04e94c0bfb02fe,vest_ext,vest_ext:36456198521_4aaca90084_o_d,0,1,0,653aef22b0f71e1ea39dc81af86381ae1b17949e
vestboost_train_00091_jhboyo_train_00091_36547872586_1d2ecf5383_b_jpg.rf.70764c9023c60cd5beb277f810314680.jpg,vestboost_train_00091_jhboyo_train_00091_36547872586_1d2ecf5383_b_jpg.rf.70764c9023c60cd5beb277f810314680,vest_ext,vest_ext:36547872586_1d2ecf5383_b,0,1,0,4b4c72776277f066110a2dcb20ee34266b256142
vestboost_train_00092_jhboyo_train_00092_36547872656_382aa24252_o_d_jpg.rf.cea95cdd297c066f72397cea10104d05.jpg,vestboost_train_00092_jhboyo_train_00092_36547872656_382aa24252_o_d_jpg.rf.cea95cdd297c066f72397cea10104d05,vest_ext,vest_ext:36547872656_382aa24252_o_d,0,2,0,8a791f62dbddf12b18a4c84a6fdf12875d9d52c4
vestboost_train_00093_jhboyo_train_00093_5861249610_86bbabe6c8_o_jpg.rf.329b4725ebca64ce6412cf247e0c0192.jpg,vestboost_train_00093_jhboyo_train_00093_5861249610_86bbabe6c8_o_jpg.rf.329b4725ebca64ce6412cf247e0c0192,vest_ext,vest_ext:5861249610_86bbabe6c8_o,0,4,0,0c470f43bdfe1c9f6f397f42fbca025abb932f04
vestboost_train_00094_jhboyo_train_00094_6264269976_03d12796e1_o_jpg.rf.ed621142600951e7e434178a1d5b26f5.jpg,vestboost_train_00094_jhboyo_train_00094_6264269976_03d12796e1_o_jpg.rf.ed621142600951e7e434178a1d5b26f5,vest_ext,vest_ext:6264269976_03d12796e1_o,0,4,0,ebbdfe7f90d4bee50c6b51c687e84b2b245817ee
vestboost_train_00095_jhboyo_train_00095_6876946433_592575131a_o_jpg.rf.f3fa0339df0b1ec58ca699a414bc2005.jpg,vestboost_train_00095_jhboyo_train_00095_6876946433_592575131a_o_jpg.rf.f3fa0339df0b1ec58ca699a414bc2005,vest_ext,vest_ext:6876946433_592575131a_o,0,1,0,c6c7335bc424f026940682321e86c617134bbb53
vestboost_train_00096_jhboyo_train_00096_7263253008_ec96376b34_b_jpg.rf.d2dfb8f7e02e5907c1f8b77b7f0ae771.jpg,vestboost_train_00096_jhboyo_train_00096_7263253008_ec96376b34_b_jpg.rf.d2dfb8f7e02e5907c1f8b77b7f0ae771,vest_ext,vest_ext:7263253008_ec96376b34_b,0,2,0,dce9e25892662586689508c914ecff3f7b9924d8
vestboost_train_00097_jhboyo_train_00097_7402701204_71ee55434a_o_jpg.rf.3c7626d118ec5139ccc1fd11f763aeef.jpg,vestboost_train_00097_jhboyo_train_00097_7402701204_71ee55434a_o_jpg.rf.3c7626d118ec5139ccc1fd11f763aeef,vest_ext,vest_ext:7402701204_71ee55434a_o,0,8,0,6095a23f4ecce7c008184111e6ab3579f903bfd8
vestboost_train_00098_jhboyo_train_00098_800px-US_Air_Force_100915-F-0938O-001_Marshalling_a_C-5_Galaxy_aircraft_after_it_lands_at_Yokota_Air_Base-2C_Japan_jpg.rf.b7a887718b62a414744124b3fd9c2f56.jpg,vestboost_train_00098_jhboyo_train_00098_800px-US_Air_Force_100915-F-0938O-001_Marshalling_a_C-5_Galaxy_aircraft_after_it_lands_at_Yokota_Air_Base-2C_Japan_jpg.rf.b7a887718b62a414744124b3fd9c2f56,vest_ext,vest_ext:800px-US_Air_Force_100915-F-0938O-001_Marshalling_a_C-5_Galaxy_aircraft_after_it_lands_at_Yokota_Air_Base-2C_Japan,0,1,0,9bfa956d38b0c7d52b97f8fe8670cdd698128f27
vestboost_train_00099_jhboyo_train_00099_Ground_crew_with_a_C-135FR_jpg.rf.94bf3dfffe7af1a57de1ce7f36e8e56f.jpg,vestboost_train_00099_jhboyo_train_00099_Ground_crew_with_a_C-135FR_jpg.rf.94bf3dfffe7af1a57de1ce7f36e8e56f,vest_ext,vest_ext:Ground_crew_with_a_C-135FR,0,3,0,c5bd9d637252dcee7aa67bcaf80ffa78edb66b5b
vestboost_train_00100_jhboyo_train_00100_Image12_jpg.rf.06dd997661a956846310b4fa99085243.jpg,vestboost_train_00100_jhboyo_train_00100_Image12_jpg.rf.06dd997661a956846310b4fa99085243,vest_ext,vest_ext:Image12,0,6,0,c58564e8b5df68024e5f5bffa1898ab18f35b1c7
vestboost_train_00101_jhboyo_train_00101_Image12_jpg.rf.d4abe4fb8cb95b614ef9d198734949ca.jpg,vestboost_train_00101_jhboyo_train_00101_Image12_jpg.rf.d4abe4fb8cb95b614ef9d198734949ca,vest_ext,vest_ext:Image12,0,6,0,05f0cb0e99106917df6828405e5f86e416712ad9
vestboost_train_00102_jhboyo_train_00102_Image14_jpg.rf.074d1827ecc625f35ddf32423602eb2c.jpg,vestboost_train_00102_jhboyo_train_00102_Image14_jpg.rf.074d1827ecc625f35ddf32423602eb2c,vest_ext,vest_ext:Image14,0,8,0,4d1aaa5c318ff0f5afafd1332f6fe89e0e328ee4
vestboost_train_00103_jhboyo_train_00103_Image14_jpg.rf.1c0030d256f7dc1e9e313e225a95ce21.jpg,vestboost_train_00103_jhboyo_train_00103_Image14_jpg.rf.1c0030d256f7dc1e9e313e225a95ce21,vest_ext,vest_ext:Image14,0,7,0,d26b0f6d804e186a548282adb053fc33dca37d29
vestboost_train_00104_jhboyo_train_00104_Image15_jpg.rf.6f5a6474b2b32a02cbd9cb385b1d65dd.jpg,vestboost_train_00104_jhboyo_train_00104_Image15_jpg.rf.6f5a6474b2b32a02cbd9cb385b1d65dd,vest_ext,vest_ext:Image15,0,4,0,26d03c1017461955cf464b7b9f51f09f7765f740
vestboost_train_00105_jhboyo_train_00105_Image15_jpg.rf.eb37edfdb6a739ce4440207080165542.jpg,vestboost_train_00105_jhboyo_train_00105_Image15_jpg.rf.eb37edfdb6a739ce4440207080165542,vest_ext,vest_ext:Image15,0,1,0,bf5079dd10df892bb3d4a602cfa8d15388efecb5
vestboost_train_00106_jhboyo_train_00106_Image16_jpg.rf.7f8ceba157d377750532eae3bc8fb08f.jpg,vestboost_train_00106_jhboyo_train_00106_Image16_jpg.rf.7f8ceba157d377750532eae3bc8fb08f,vest_ext,vest_ext:Image16,0,8,0,eb2de2f7b1039f582d65e12aaca3fa7783003124
vestboost_train_00107_jhboyo_train_00107_Image16_jpg.rf.a00b7712c95b6beae5b820844fea42b6.jpg,vestboost_train_00107_jhboyo_train_00107_Image16_jpg.rf.a00b7712c95b6beae5b820844fea42b6,vest_ext,vest_ext:Image16,0,10,0,613718f6b55a5082e0292727bed4f9287cd3bfd2
vestboost_train_00108_jhboyo_train_00108_Image16_jpg.rf.fea39aa2bead7c1b83b8a9eab68bd6f3.jpg,vestboost_train_00108_jhboyo_train_00108_Image16_jpg.rf.fea39aa2bead7c1b83b8a9eab68bd6f3,vest_ext,vest_ext:Image16,0,3,0,45763754cdcaef790e98ab070111cf6441604ac0
vestboost_train_00109_jhboyo_train_00109_Image17_jpg.rf.4148912df7cc651b1aed2559f4feb96d.jpg,vestboost_train_00109_jhboyo_train_00109_Image17_jpg.rf.4148912df7cc651b1aed2559f4feb96d,vest_ext,vest_ext:Image17,0,5,0,d64b393ca1f924d1906982346f2c39fcb433acc7
vestboost_train_00110_jhboyo_train_00110_Image17_jpg.rf.75ab385bb4b9c255b3bf67756c06c355.jpg,vestboost_train_00110_jhboyo_train_00110_Image17_jpg.rf.75ab385bb4b9c255b3bf67756c06c355,vest_ext,vest_ext:Image17,0,2,0,cbb95bb69d4fb2287723efa29837a253108aa1d3
vestboost_train_00111_jhboyo_train_00111_Image17_jpg.rf.f5ea705228d2aa164978624742b6c7df.jpg,vestboost_train_00111_jhboyo_train_00111_Image17_jpg.rf.f5ea705228d2aa164978624742b6c7df,vest_ext,vest_ext:Image17,0,8,0,bd48033217986d13bc41b28633082e574d99b042
vestboost_train_00112_jhboyo_train_00112_Image18_jpg.rf.06dfdf1b508759e1bf57dffb64262f01.jpg,vestboost_train_00112_jhboyo_train_00112_Image18_jpg.rf.06dfdf1b508759e1bf57dffb64262f01,vest_ext,vest_ext:Image18,0,4,0,254769b45412467b031ae25e9724254e5d55eb89
vestboost_train_00113_jhboyo_train_00113_Image18_jpg.rf.d9347fdeef928b469412f84495ef4085.jpg,vestboost_train_00113_jhboyo_train_00113_Image18_jpg.rf.d9347fdeef928b469412f84495ef4085,vest_ext,vest_ext:Image18,0,3,0,560a51ead27185a946d15e004438edacb5419ce7
vestboost_train_00114_jhboyo_train_00114_Image1_jpg.rf.ac1b6dc46617bc2eddfe1fca294f637e.jpg,vestboost_train_00114_jhboyo_train_00114_Image1_jpg.rf.ac1b6dc46617bc2eddfe1fca294f637e,vest_ext,vest_ext:Image1,0,11,0,9fb766ad0c0e1dad5fe976bcffbb68fb5adcbbba
vestboost_train_00115_jhboyo_train_00115_Image21_jpg.rf.4da20095297b400e047c1ba7c4390d06.jpg,vestboost_train_00115_jhboyo_train_00115_Image21_jpg.rf.4da20095297b400e047c1ba7c4390d06,vest_ext,vest_ext:Image21,0,8,0,cc4c7b47a926e5d80268fbd7f89d9fc0801f0ec8
vestboost_train_00116_jhboyo_train_00116_Image21_jpg.rf.9691a839c2fe492be19c5522f0817eb6.jpg,vestboost_train_00116_jhboyo_train_00116_Image21_jpg.rf.9691a839c2fe492be19c5522f0817eb6,vest_ext,vest_ext:Image21,0,11,0,e112e8b6d62743d46dcf243a9a9d3a218b1b5a5b
vestboost_train_00117_jhboyo_train_00117_Image21_jpg.rf.afb88b832f315611df455ad8ccee8da1.jpg,vestboost_train_00117_jhboyo_train_00117_Image21_jpg.rf.afb88b832f315611df455ad8ccee8da1,vest_ext,vest_ext:Image21,0,7,0,49ad901e35a45f8a188b845b4ee130ea190b2143
vestboost_train_00118_jhboyo_train_00118_Image22_jpg.rf.56bb30a16e117e9235e2be3529f20fb1.jpg,vestboost_train_00118_jhboyo_train_00118_Image22_jpg.rf.56bb30a16e117e9235e2be3529f20fb1,vest_ext,vest_ext:Image22,0,7,0,b5b9aa52736486518487d31e47163b44e8d02f41
vestboost_train_00119_jhboyo_train_00119_Image22_jpg.rf.bbd136134246c8f02b46d8e5d889fa97.jpg,vestboost_train_00119_jhboyo_train_00119_Image22_jpg.rf.bbd136134246c8f02b46d8e5d889fa97,vest_ext,vest_ext:Image22,0,6,0,11b1fc1cf2dbd6cf2d22d76c06c5fa734f87529d
vestboost_train_00120_jhboyo_train_00120_Image22_jpg.rf.e472cbead70c6486be2ae365d11150e4.jpg,vestboost_train_00120_jhboyo_train_00120_Image22_jpg.rf.e472cbead70c6486be2ae365d11150e4,vest_ext,vest_ext:Image22,0,8,0,9c5ad2f476af6693462b60800f441dd1400940e4
vestboost_train_00121_jhboyo_train_00121_Image23_jpg.rf.1d98df71736133d94160bd3f395bbc07.jpg,vestboost_train_00121_jhboyo_train_00121_Image23_jpg.rf.1d98df71736133d94160bd3f395bbc07,vest_ext,vest_ext:Image23,0,6,0,c438fea9ca3d4e1ff296b6b5c6fe8dd7624a857c
vestboost_train_00122_jhboyo_train_00122_Image23_jpg.rf.4427c4d5a658429878c90f327a459dae.jpg,vestboost_train_00122_jhboyo_train_00122_Image23_jpg.rf.4427c4d5a658429878c90f327a459dae,vest_ext,vest_ext:Image23,0,10,0,46d24ceffff65c47da11811e1cd252130fe2ef70
vestboost_train_00123_jhboyo_train_00123_Image25_jpg.rf.07eeafe6506f4221e9b713edf99d9c01.jpg,vestboost_train_00123_jhboyo_train_00123_Image25_jpg.rf.07eeafe6506f4221e9b713edf99d9c01,vest_ext,vest_ext:Image25,0,4,0,a920632e9a98f6d5a79c9d44ac1a3f35001a4426
vestboost_train_00124_jhboyo_train_00124_Image25_jpg.rf.d55a3c3ef6dc61c420de28a73a9f0a93.jpg,vestboost_train_00124_jhboyo_train_00124_Image25_jpg.rf.d55a3c3ef6dc61c420de28a73a9f0a93,vest_ext,vest_ext:Image25,0,8,0,543c3e9bed6bcda04f75fbcbb1ac5564e0f2acfc
vestboost_train_00125_jhboyo_train_00125_Image26_jpg.rf.8f243a7e0b9dca44fdd7fd399d1cc4d4.jpg,vestboost_train_00125_jhboyo_train_00125_Image26_jpg.rf.8f243a7e0b9dca44fdd7fd399d1cc4d4,vest_ext,vest_ext:Image26,0,5,0,20b349feda1b792bb85dc60e3194819b07dada15
vestboost_train_00126_jhboyo_train_00126_Image27_jpg.rf.8e9f479e5c8ac6457e6cc16e7031215e.jpg,vestboost_train_00126_jhboyo_train_00126_Image27_jpg.rf.8e9f479e5c8ac6457e6cc16e7031215e,vest_ext,vest_ext:Image27,0,4,0,1b58ce442bea41c73916d877ee43bfae493f97c0
vestboost_train_00127_jhboyo_train_00127_Image28_jpg.rf.f6fb76f0bac66bb9ad30dbcbd967d470.jpg,vestboost_train_00127_jhboyo_train_00127_Image28_jpg.rf.f6fb76f0bac66bb9ad30dbcbd967d470,vest_ext,vest_ext:Image28,0,4,0,cf4e38837ec6295af16dc2c51f9db3b5f63e7984
vestboost_train_00128_jhboyo_train_00128_Image29_jpg.rf.3e4f50d592d6c9d810ab791414791e6d.jpg,vestboost_train_00128_jhboyo_train_00128_Image29_jpg.rf.3e4f50d592d6c9d810ab791414791e6d,vest_ext,vest_ext:Image29,0,7,0,08306b36f4893be52853c7e09fe8afa7174706b1
vestboost_train_00129_jhboyo_train_00129_Image29_jpg.rf.776549bd1d8425c1eafd649fe8d93291.jpg,vestboost_train_00129_jhboyo_train_00129_Image29_jpg.rf.776549bd1d8425c1eafd649fe8d93291,vest_ext,vest_ext:Image29,0,9,0,4e379002d548da79013d6145ff0cd0cde26228c7
vestboost_train_00130_jhboyo_train_00130_Image2_jpg.rf.f1b02f9b1001121fc4d7affd82d6d422.jpg,vestboost_train_00130_jhboyo_train_00130_Image2_jpg.rf.f1b02f9b1001121fc4d7affd82d6d422,vest_ext,vest_ext:Image2,0,4,0,fbaa5128585de5c081433ad78dbde596ca36f352
vestboost_train_00131_jhboyo_train_00131_Image30_jpg.rf.a649cae1b89740473711dc6b0fa22fe0.jpg,vestboost_train_00131_jhboyo_train_00131_Image30_jpg.rf.a649cae1b89740473711dc6b0fa22fe0,vest_ext,vest_ext:Image30,0,8,0,dff769ea4694ee83d433e0e1d49b356b91a2c81f
vestboost_train_00132_jhboyo_train_00132_Image30_jpg.rf.f11be1e3df92752708ae92e002a703c2.jpg,vestboost_train_00132_jhboyo_train_00132_Image30_jpg.rf.f11be1e3df92752708ae92e002a703c2,vest_ext,vest_ext:Image30,0,11,0,a7d028f234bc23867e66e27b1a936a58184118eb
vestboost_train_00133_jhboyo_train_00133_Image31_jpg.rf.808ca4c50a80580f5242c8ee8e8970eb.jpg,vestboost_train_00133_jhboyo_train_00133_Image31_jpg.rf.808ca4c50a80580f5242c8ee8e8970eb,vest_ext,vest_ext:Image31,0,5,0,f6dd9d88906eba2fa9781ab76e3b22794743fd21
vestboost_train_00134_jhboyo_train_00134_Image31_jpg.rf.ccf37342e6443690d30d3d94d0c059a6.jpg,vestboost_train_00134_jhboyo_train_00134_Image31_jpg.rf.ccf37342e6443690d30d3d94d0c059a6,vest_ext,vest_ext:Image31,0,4,0,fb6963e67d6431480470394f047ccd20228e5442
vestboost_train_00135_jhboyo_train_00135_Image31_jpg.rf.d2efe5054c962ef58a0905b58eddb43e.jpg,vestboost_train_00135_jhboyo_train_00135_Image31_jpg.rf.d2efe5054c962ef58a0905b58eddb43e,vest_ext,vest_ext:Image31,0,3,0,13ccbd45635cc0f2e8d37651dd4ffcbc364969cc
vestboost_train_00136_jhboyo_train_00136_Image33_jpg.rf.876d9eaff1582682d781796b4296ecee.jpg,vestboost_train_00136_jhboyo_train_00136_Image33_jpg.rf.876d9eaff1582682d781796b4296ecee,vest_ext,vest_ext:Image33,0,4,0,ff08fb4ed226c031e406012203026f1dded6c1c9
vestboost_train_00137_jhboyo_train_00137_Image33_jpg.rf.c311c44a80f4b921fa025c67f4265290.jpg,vestboost_train_00137_jhboyo_train_00137_Image33_jpg.rf.c311c44a80f4b921fa025c67f4265290,vest_ext,vest_ext:Image33,0,4,0,a38380cc3fb4f6f34ea542b6d6594a805f3aded3
vestboost_train_00138_jhboyo_train_00138_Image34_jpg.rf.2bd2b46a6bd423657dcccd5308046fa3.jpg,vestboost_train_00138_jhboyo_train_00138_Image34_jpg.rf.2bd2b46a6bd423657dcccd5308046fa3,vest_ext,vest_ext:Image34,0,5,0,39320349ca046c589aa973f087c4c986513680d2
vestboost_train_00139_jhboyo_train_00139_Image34_jpg.rf.36414508027d0316ee8e8d5a676b959d.jpg,vestboost_train_00139_jhboyo_train_00139_Image34_jpg.rf.36414508027d0316ee8e8d5a676b959d,vest_ext,vest_ext:Image34,0,7,0,adb0c313e21323186d76ac1d39892955c7ac8179
vestboost_train_00140_jhboyo_train_00140_Image34_jpg.rf.3c7fd7e441121812a35209ed3ca56a00.jpg,vestboost_train_00140_jhboyo_train_00140_Image34_jpg.rf.3c7fd7e441121812a35209ed3ca56a00,vest_ext,vest_ext:Image34,0,7,0,496811f487c775afcd6ff4d564d3174a699bbf08
vestboost_train_00141_jhboyo_train_00141_Image35_jpg.rf.293fdd94d35fd14427d213b3bbc29bdc.jpg,vestboost_train_00141_jhboyo_train_00141_Image35_jpg.rf.293fdd94d35fd14427d213b3bbc29bdc,vest_ext,vest_ext:Image35,0,4,0,7feee6717aa3fd8745845bba7c91b671e108e64f
vestboost_train_00142_jhboyo_train_00142_Image35_jpg.rf.e85301cafa1cfefac8a0dd2ee2a247e1.jpg,vestboost_train_00142_jhboyo_train_00142_Image35_jpg.rf.e85301cafa1cfefac8a0dd2ee2a247e1,vest_ext,vest_ext:Image35,0,3,0,2a05cbf56fd80f75575db0ac1d3c3dea6a16ac67
vestboost_train_00143_jhboyo_train_00143_Image36_jpg.rf.712fbb7bb9150115a8b2d91b8ae35a51.jpg,vestboost_train_00143_jhboyo_train_00143_Image36_jpg.rf.712fbb7bb9150115a8b2d91b8ae35a51,vest_ext,vest_ext:Image36,0,3,0,c1e1c55146bffeee3498cc1bfaaf779e74683b5b
vestboost_train_00144_jhboyo_train_00144_Image36_jpg.rf.c07bc0935b8b4f474ab3a6fab7ba0c17.jpg,vestboost_train_00144_jhboyo_train_00144_Image36_jpg.rf.c07bc0935b8b4f474ab3a6fab7ba0c17,vest_ext,vest_ext:Image36,0,4,0,345f34531eb7b129faa21bd08da356b40a9a1469
vestboost_train_00145_jhboyo_train_00145_Image37_jpg.rf.e42ecb143638ef0a5d8c528df53935b4.jpg,vestboost_train_00145_jhboyo_train_00145_Image37_jpg.rf.e42ecb143638ef0a5d8c528df53935b4,vest_ext,vest_ext:Image37,0,9,0,172b17d2499f890ea814c20ed8513a1809ea2eda
vestboost_train_00146_jhboyo_train_00146_Image38_jpg.rf.05dd5e8182ceb56372b93918bac832dd.jpg,vestboost_train_00146_jhboyo_train_00146_Image38_jpg.rf.05dd5e8182ceb56372b93918bac832dd,vest_ext,vest_ext:Image38,0,4,0,e0b1c91472175f7bcedbbbd68041aedd207a16f4
vestboost_train_00147_jhboyo_train_00147_Image38_jpg.rf.49e387c8356f9cb231c099d8f0666b60.jpg,vestboost_train_00147_jhboyo_train_00147_Image38_jpg.rf.49e387c8356f9cb231c099d8f0666b60,vest_ext,vest_ext:Image38,0,3,0,6f5b1c79a9791fe84303a7acd8f19025bc5a163e
vestboost_train_00148_jhboyo_train_00148_Image38_jpg.rf.80fd94ae207c47c3b19f90067a69d493.jpg,vestboost_train_00148_jhboyo_train_00148_Image38_jpg.rf.80fd94ae207c47c3b19f90067a69d493,vest_ext,vest_ext:Image38,0,4,0,006eea38de5af6506021d78b0edd4ca22e294ef8
vestboost_train_00149_jhboyo_train_00149_Image3_jpg.rf.04c7a8d209c30acc23d764939c26804b.jpg,vestboost_train_00149_jhboyo_train_00149_Image3_jpg.rf.04c7a8d209c30acc23d764939c26804b,vest_ext,vest_ext:Image3,0,2,0,f8ba72d09ed7b9c1988686d0d8c214be98443e9f
vestboost_train_00150_jhboyo_train_00150_Image3_jpg.rf.d2ea0cf668bc42502bcb23896ace1e63.jpg,vestboost_train_00150_jhboyo_train_00150_Image3_jpg.rf.d2ea0cf668bc42502bcb23896ace1e63,vest_ext,vest_ext:Image3,0,8,0,fe140c4d6561ab5d45a0fc92b2667cf22fac2d5c
vestboost_train_00151_jhboyo_train_00151_Image40_jpg.rf.0d9171df7f872859ca88dc795afdd126.jpg,vestboost_train_00151_jhboyo_train_00151_Image40_jpg.rf.0d9171df7f872859ca88dc795afdd126,vest_ext,vest_ext:Image40,0,10,0,ae44c56f9caff3c60d51bf41c07110cb946a8f05
vestboost_train_00152_jhboyo_train_00152_Image40_jpg.rf.c174f0bc3bd1dab662f9e0da8e38e700.jpg,vestboost_train_00152_jhboyo_train_00152_Image40_jpg.rf.c174f0bc3bd1dab662f9e0da8e38e700,vest_ext,vest_ext:Image40,0,6,0,787395a1a2334f28767e632dc63345c064a235fd
vestboost_train_00153_jhboyo_train_00153_Image40_jpg.rf.deffa80321f6fa62b5a44872307ac4ba.jpg,vestboost_train_00153_jhboyo_train_00153_Image40_jpg.rf.deffa80321f6fa62b5a44872307ac4ba,vest_ext,vest_ext:Image40,0,7,0,c5fab2d89d0de34f1c8dcd8cf8ce80100f569c9f
vestboost_train_00154_jhboyo_train_00154_Image41_jpg.rf.b9179878d4b8c8d9e600f6c4de8ea947.jpg,vestboost_train_00154_jhboyo_train_00154_Image41_jpg.rf.b9179878d4b8c8d9e600f6c4de8ea947,vest_ext,vest_ext:Image41,0,2,0,6069975ed4a8dc89835d51c654dd2be13464d153
vestboost_train_00155_jhboyo_train_00155_Image43_jpg.rf.3edfba3aef63ea17eae9ec8989465beb.jpg,vestboost_train_00155_jhboyo_train_00155_Image43_jpg.rf.3edfba3aef63ea17eae9ec8989465beb,vest_ext,vest_ext:Image43,0,5,0,1e51c54512403b618ca832152df71981bc58202c
vestboost_train_00156_jhboyo_train_00156_Image43_jpg.rf.4b9b75b1009107b4a6aedab901abe5b1.jpg,vestboost_train_00156_jhboyo_train_00156_Image43_jpg.rf.4b9b75b1009107b4a6aedab901abe5b1,vest_ext,vest_ext:Image43,0,3,0,acb9fd84e8e66681950a8c86d90ae16ac7372536
vestboost_train_00157_jhboyo_train_00157_Image44_jpg.rf.e15f66f6abd03010d8bb0f4a95ec3840.jpg,vestboost_train_00157_jhboyo_train_00157_Image44_jpg.rf.e15f66f6abd03010d8bb0f4a95ec3840,vest_ext,vest_ext:Image44,0,4,0,2b8ac29e50377c1eb529c832c5c968f0c7e7d0f6
vestboost_train_00158_jhboyo_train_00158_Image47_jpg.rf.67123ee6e044eeec8523611546ed7071.jpg,vestboost_train_00158_jhboyo_train_00158_Image47_jpg.rf.67123ee6e044eeec8523611546ed7071,vest_ext,vest_ext:Image47,0,6,0,d8fcadd0edd35be7d117f9ea78365f1af6b0db9c
vestboost_train_00159_jhboyo_train_00159_Image48_jpg.rf.04dbb143d966b792b0b8b5f2ee488009.jpg,vestboost_train_00159_jhboyo_train_00159_Image48_jpg.rf.04dbb143d966b792b0b8b5f2ee488009,vest_ext,vest_ext:Image48,0,6,0,08b9dd4266107c8b00d3e3cd851abae5c57477eb
vestboost_train_00160_jhboyo_train_00160_Image48_jpg.rf.1bbd2a92ed456c851a22dbefac4fed8d.jpg,vestboost_train_00160_jhboyo_train_00160_Image48_jpg.rf.1bbd2a92ed456c851a22dbefac4fed8d,vest_ext,vest_ext:Image48,0,8,0,78862112bdca2421079b21d3979749beba270913
vestboost_train_00161_jhboyo_train_00161_Image49_jpg.rf.95f059bf238f2dfc8a5960b47927f2fb.jpg,vestboost_train_00161_jhboyo_train_00161_Image49_jpg.rf.95f059bf238f2dfc8a5960b47927f2fb,vest_ext,vest_ext:Image49,0,8,0,b056b133616419c72504e543777ce96ff950101d
vestboost_train_00162_jhboyo_train_00162_Image4_jpg.rf.2bb0a2cd7847870dc3daf1571cd81340.jpg,vestboost_train_00162_jhboyo_train_00162_Image4_jpg.rf.2bb0a2cd7847870dc3daf1571cd81340,vest_ext,vest_ext:Image4,0,6,0,92885d409150e0f06014d05ac2e00f6e5412ed35
vestboost_train_00163_jhboyo_train_00163_Image4_jpg.rf.3ef1efdc9f06a5901472646d459fb3f3.jpg,vestboost_train_00163_jhboyo_train_00163_Image4_jpg.rf.3ef1efdc9f06a5901472646d459fb3f3,vest_ext,vest_ext:Image4,0,12,0,b0fd576f8c4b9c000f1a2f455344b4c301ffa2eb
vestboost_train_00164_jhboyo_train_00164_Image51_jpg.rf.b29bd3b35c7010830929e5306df530be.jpg,vestboost_train_00164_jhboyo_train_00164_Image51_jpg.rf.b29bd3b35c7010830929e5306df530be,vest_ext,vest_ext:Image51,0,7,0,c5cfbfdf6a8a3c8949d6e9ab38f24aed5fff607f
vestboost_train_00165_jhboyo_train_00165_Image51_jpg.rf.f36bba3fe14708eac50fa6e1c299216d.jpg,vestboost_train_00165_jhboyo_train_00165_Image51_jpg.rf.f36bba3fe14708eac50fa6e1c299216d,vest_ext,vest_ext:Image51,0,4,0,5453ec460086010e51d9096159b29d6c16ed151a
vestboost_train_00166_jhboyo_train_00166_Image53_jpg.rf.822c3dd7d6e4c5f5b7e3547569fccb0d.jpg,vestboost_train_00166_jhboyo_train_00166_Image53_jpg.rf.822c3dd7d6e4c5f5b7e3547569fccb0d,vest_ext,vest_ext:Image53,0,6,0,880fbeadcfae918237159dc87377559d80f4d6d5
vestboost_train_00167_jhboyo_train_00167_Image53_jpg.rf.b70a6a21a41c9d2657d54c90fe48e621.jpg,vestboost_train_00167_jhboyo_train_00167_Image53_jpg.rf.b70a6a21a41c9d2657d54c90fe48e621,vest_ext,vest_ext:Image53,0,10,0,1301f1a562f6f62fb6de8afb5f7880c35557b37a
vestboost_train_00168_jhboyo_train_00168_Image53_jpg.rf.cd0203761a1109358352a5082c7fc7a7.jpg,vestboost_train_00168_jhboyo_train_00168_Image53_jpg.rf.cd0203761a1109358352a5082c7fc7a7,vest_ext,vest_ext:Image53,0,7,0,cec46841dba3588278af666167a27789d3b34b09
vestboost_train_00169_jhboyo_train_00169_Image54_jpg.rf.4b26b4c5a510ee54f59b1c830ef4d842.jpg,vestboost_train_00169_jhboyo_train_00169_Image54_jpg.rf.4b26b4c5a510ee54f59b1c830ef4d842,vest_ext,vest_ext:Image54,0,15,0,360a371c70b348d16a90fbced07776fed8d2cbac
vestboost_train_00170_jhboyo_train_00170_Image54_jpg.rf.6c656563957b8cc5c09b77982615c17d.jpg,vestboost_train_00170_jhboyo_train_00170_Image54_jpg.rf.6c656563957b8cc5c09b77982615c17d,vest_ext,vest_ext:Image54,0,5,0,06137c13361ae402c1ef8596d8035f8b223e51a9
vestboost_train_00171_jhboyo_train_00171_Image55_jpg.rf.4b23f7a08a67d0b37c6624827a01a806.jpg,vestboost_train_00171_jhboyo_train_00171_Image55_jpg.rf.4b23f7a08a67d0b37c6624827a01a806,vest_ext,vest_ext:Image55,0,5,0,46367066de4cc8e80081f094b28efe3033077b7d
vestboost_train_00172_jhboyo_train_00172_Image55_jpg.rf.64a6af268dbad2f9b2e08a36dfc213ed.jpg,vestboost_train_00172_jhboyo_train_00172_Image55_jpg.rf.64a6af268dbad2f9b2e08a36dfc213ed,vest_ext,vest_ext:Image55,0,5,0,2aa69fca1ce886709bdf73cbfd32a1929acd1786
vestboost_train_00173_jhboyo_train_00173_Image55_jpg.rf.81ace0288d0aa2a5f36532e95b6f3004.jpg,vestboost_train_00173_jhboyo_train_00173_Image55_jpg.rf.81ace0288d0aa2a5f36532e95b6f3004,vest_ext,vest_ext:Image55,0,4,0,1128db761f00fe48dad22937ec1a12ad26ddc773
vestboost_train_00174_jhboyo_train_00174_Image56_jpg.rf.44f1a5d5ab2d5b4d833b203a8388b8cd.jpg,vestboost_train_00174_jhboyo_train_00174_Image56_jpg.rf.44f1a5d5ab2d5b4d833b203a8388b8cd,vest_ext,vest_ext:Image56,0,4,0,e3c24c83338b5b258fa5a3638917bfba2e33842e
vestboost_train_00175_jhboyo_train_00175_Image56_jpg.rf.8231cd258f0fb766ec502a5458c2db38.jpg,vestboost_train_00175_jhboyo_train_00175_Image56_jpg.rf.8231cd258f0fb766ec502a5458c2db38,vest_ext,vest_ext:Image56,0,8,0,1a0e3f459622754b8162793e1ee399b2a1e568ef
vestboost_train_00176_jhboyo_train_00176_Image57_jpg.rf.8b2cf4ea638b10851227fbe3487fa06e.jpg,vestboost_train_00176_jhboyo_train_00176_Image57_jpg.rf.8b2cf4ea638b10851227fbe3487fa06e,vest_ext,vest_ext:Image57,0,6,0,27df624789ee152c4b5cb7a91bb832a16882fb88
vestboost_train_00177_jhboyo_train_00177_Image57_jpg.rf.abec34c529094ca618e16044df23ff52.jpg,vestboost_train_00177_jhboyo_train_00177_Image57_jpg.rf.abec34c529094ca618e16044df23ff52,vest_ext,vest_ext:Image57,0,4,0,9eab3c99119763bcc902b8c954d7c7a5548c8f74
vestboost_train_00178_jhboyo_train_00178_Image57_jpg.rf.c6ae27064085a7fa50957b01651d6e85.jpg,vestboost_train_00178_jhboyo_train_00178_Image57_jpg.rf.c6ae27064085a7fa50957b01651d6e85,vest_ext,vest_ext:Image57,0,3,0,d96dfdb922fae48731228bdc55f6b3d278294ef5
vestboost_train_00179_jhboyo_train_00179_Image5_jpg.rf.11dae1e553643ba9e2440b60541b6c57.jpg,vestboost_train_00179_jhboyo_train_00179_Image5_jpg.rf.11dae1e553643ba9e2440b60541b6c57,vest_ext,vest_ext:Image5,0,9,0,d3f3e3bf10e35f6147f15a3079377f292c88df17
vestboost_train_00180_jhboyo_train_00180_Image5_jpg.rf.2645bf5357c395a25d1e3a56caba7aa2.jpg,vestboost_train_00180_jhboyo_train_00180_Image5_jpg.rf.2645bf5357c395a25d1e3a56caba7aa2,vest_ext,vest_ext:Image5,0,6,0,d14f4a9328b36b9ffed8258bbfcb729281fda86d
vestboost_train_00181_jhboyo_train_00181_Image5_jpg.rf.fd0c6104ab9c1973a5e7aebfd8de491d.jpg,vestboost_train_00181_jhboyo_train_00181_Image5_jpg.rf.fd0c6104ab9c1973a5e7aebfd8de491d,vest_ext,vest_ext:Image5,0,6,0,7771910df312c6e5ef49a06011061cdecb5d245d
vestboost_train_00182_jhboyo_train_00182_Image60_jpg.rf.567682d1ca638f2e325a5d310c37f7b4.jpg,vestboost_train_00182_jhboyo_train_00182_Image60_jpg.rf.567682d1ca638f2e325a5d310c37f7b4,vest_ext,vest_ext:Image60,0,8,0,24a0abadd0276a62098744848b20818ca1aff471
vestboost_train_00183_jhboyo_train_00183_Image60_jpg.rf.981818cdc9b866a584eaf587ad2ed79d.jpg,vestboost_train_00183_jhboyo_train_00183_Image60_jpg.rf.981818cdc9b866a584eaf587ad2ed79d,vest_ext,vest_ext:Image60,0,6,0,489920c79024c84cb801c740508c76a46172edf5
vestboost_train_00184_jhboyo_train_00184_Image60_jpg.rf.c994286975b8e48958b76fdab7f668bf.jpg,vestboost_train_00184_jhboyo_train_00184_Image60_jpg.rf.c994286975b8e48958b76fdab7f668bf,vest_ext,vest_ext:Image60,0,3,0,b011d953f4aaa009108874b6b8eb2fee7eb18d06
vestboost_train_00185_jhboyo_train_00185_Image61_jpg.rf.066e6a27d788f7d6cc1ca33fe1401771.jpg,vestboost_train_00185_jhboyo_train_00185_Image61_jpg.rf.066e6a27d788f7d6cc1ca33fe1401771,vest_ext,vest_ext:Image61,0,7,0,aeb0712a4a9a7d025116506088604ad281d7b872
vestboost_train_00186_jhboyo_train_00186_Image61_jpg.rf.0bff37fe96726778862e965457f90804.jpg,vestboost_train_00186_jhboyo_train_00186_Image61_jpg.rf.0bff37fe96726778862e965457f90804,vest_ext,vest_ext:Image61,0,3,0,afa67d35b77d3906f9fe27d5f826dffa9eacfc5e
vestboost_train_00187_jhboyo_train_00187_Image63_jpg.rf.09027627d1089454bee5a9511a3fe3b6.jpg,vestboost_train_00187_jhboyo_train_00187_Image63_jpg.rf.09027627d1089454bee5a9511a3fe3b6,vest_ext,vest_ext:Image63,0,5,0,38295aaaa10ebc53e27b4891acc6fe5ab5bfe647
vestboost_train_00188_jhboyo_train_00188_Image63_jpg.rf.38a19f7d8ef3ba0eec5fc3ae55394e58.jpg,vestboost_train_00188_jhboyo_train_00188_Image63_jpg.rf.38a19f7d8ef3ba0eec5fc3ae55394e58,vest_ext,vest_ext:Image63,0,4,0,f363f9d874bbff9c4ddc660a917857ab5872c4c8
vestboost_train_00189_jhboyo_train_00189_Image63_jpg.rf.5505648ca446a039a4d76358769f5de6.jpg,vestboost_train_00189_jhboyo_train_00189_Image63_jpg.rf.5505648ca446a039a4d76358769f5de6,vest_ext,vest_ext:Image63,0,7,0,b8a28979196a0dd76c768723776893f16229b376
vestboost_train_00190_jhboyo_train_00190_Image64_jpg.rf.0824430572ce591438e0c894d7f5f1bb.jpg,vestboost_train_00190_jhboyo_train_00190_Image64_jpg.rf.0824430572ce591438e0c894d7f5f1bb,vest_ext,vest_ext:Image64,0,4,0,edc4ec1ea2e434a3f0ce040e15abf4113614aebc
vestboost_train_00191_jhboyo_train_00191_Image66_jpg.rf.8977dabc8c9e937ad6c74990491aff66.jpg,vestboost_train_00191_jhboyo_train_00191_Image66_jpg.rf.8977dabc8c9e937ad6c74990491aff66,vest_ext,vest_ext:Image66,0,4,0,d734d338280214f926c935a8a70364fcb4f86c81
vestboost_train_00192_jhboyo_train_00192_Image66_jpg.rf.f29ecfa4dfaff0da4056f219fc247316.jpg,vestboost_train_00192_jhboyo_train_00192_Image66_jpg.rf.f29ecfa4dfaff0da4056f219fc247316,vest_ext,vest_ext:Image66,0,7,0,af6e722c244ff2195c68b1b0cfb5ac5be3391c63
vestboost_train_00193_jhboyo_train_00193_Image67_jpg.rf.449b9cddee4a1536b03e86d22ec334e6.jpg,vestboost_train_00193_jhboyo_train_00193_Image67_jpg.rf.449b9cddee4a1536b03e86d22ec334e6,vest_ext,vest_ext:Image67,0,4,0,ba0832c55096d0849b3b44a9f97397e97b56cd67
vestboost_train_00194_jhboyo_train_00194_Image67_jpg.rf.96bb583995c31924f4c5af9c33da2b94.jpg,vestboost_train_00194_jhboyo_train_00194_Image67_jpg.rf.96bb583995c31924f4c5af9c33da2b94,vest_ext,vest_ext:Image67,0,5,0,8898a0fbb4cd9e42884d704013a1896eaede8c3a
vestboost_train_00195_jhboyo_train_00195_Image67_jpg.rf.9cf028b5133cfa6edc694fc07cf69e16.jpg,vestboost_train_00195_jhboyo_train_00195_Image67_jpg.rf.9cf028b5133cfa6edc694fc07cf69e16,vest_ext,vest_ext:Image67,0,3,0,8379df2427d5596430c7b6436d24370b4486f0c3
vestboost_train_00196_jhboyo_train_00196_Image68_jpg.rf.645449affb0578abe6434cd3cedf54c4.jpg,vestboost_train_00196_jhboyo_train_00196_Image68_jpg.rf.645449affb0578abe6434cd3cedf54c4,vest_ext,vest_ext:Image68,0,5,0,5513b3c6c73afbad3856d0b328f3ff07f43a12ad
vestboost_train_00197_jhboyo_train_00197_Image68_jpg.rf.ec54f21d2f8910ca6a188c39ed393156.jpg,vestboost_train_00197_jhboyo_train_00197_Image68_jpg.rf.ec54f21d2f8910ca6a188c39ed393156,vest_ext,vest_ext:Image68,0,10,0,812eaaa484d5678f4ec57e1f210f4726f63a40bb
vestboost_train_00198_jhboyo_train_00198_Image68_jpg.rf.ed73973903a2753707ab2b1d020c13e4.jpg,vestboost_train_00198_jhboyo_train_00198_Image68_jpg.rf.ed73973903a2753707ab2b1d020c13e4,vest_ext,vest_ext:Image68,0,10,0,e71af5254370330dcf79d14d7bea3c91ab49a9a5
vestboost_train_00199_jhboyo_train_00199_Image69_jpg.rf.66c0271fa0401f79f657da963a036980.jpg,vestboost_train_00199_jhboyo_train_00199_Image69_jpg.rf.66c0271fa0401f79f657da963a036980,vest_ext,vest_ext:Image69,0,8,0,741e91d3d2d6d3ab163a880ce3fe1bae7d98f64c
vestboost_train_00200_jhboyo_train_00200_Image69_jpg.rf.ea035ac89f595773e98e6f0fc777ef1d.jpg,vestboost_train_00200_jhboyo_train_00200_Image69_jpg.rf.ea035ac89f595773e98e6f0fc777ef1d,vest_ext,vest_ext:Image69,0,7,0,42210e0a61a7b6b0a3d552b2fd30918508d91fd8
vestboost_train_00201_jhboyo_train_00201_Image69_jpg.rf.f1e1aeea5c87ef17580723617e15d0cf.jpg,vestboost_train_00201_jhboyo_train_00201_Image69_jpg.rf.f1e1aeea5c87ef17580723617e15d0cf,vest_ext,vest_ext:Image69,0,7,0,8ba643c012b3cdbeb6a59f224e5339aa1db83439
vestboost_train_00202_jhboyo_train_00202_Image70_jpg.rf.7fb41f04d296d7aac234728bb2d52501.jpg,vestboost_train_00202_jhboyo_train_00202_Image70_jpg.rf.7fb41f04d296d7aac234728bb2d52501,vest_ext,vest_ext:Image70,0,3,0,36f00a097c5d7c8dc71e62e0a1c034fea3305022
vestboost_train_00203_jhboyo_train_00203_Image70_jpg.rf.881188bc87858020517aabc7a64bd6fc.jpg,vestboost_train_00203_jhboyo_train_00203_Image70_jpg.rf.881188bc87858020517aabc7a64bd6fc,vest_ext,vest_ext:Image70,0,1,0,f595e7e17b3f838dc8674bb5802bac4dcdce560c
vestboost_train_00204_jhboyo_train_00204_Image70_jpg.rf.95f781fd30def9a11316151aa083d9da.jpg,vestboost_train_00204_jhboyo_train_00204_Image70_jpg.rf.95f781fd30def9a11316151aa083d9da,vest_ext,vest_ext:Image70,0,8,0,f52293bcf0b104a895f7611f3e2d7cbba245615e
vestboost_train_00205_jhboyo_train_00205_Image71_jpg.rf.2ca5b1e179eacd3f5f032f70c7f1d98c.jpg,vestboost_train_00205_jhboyo_train_00205_Image71_jpg.rf.2ca5b1e179eacd3f5f032f70c7f1d98c,vest_ext,vest_ext:Image71,0,4,0,77f644f7b8c2361d5991de548cb253a8acfad3b2
vestboost_train_00206_jhboyo_train_00206_Image71_jpg.rf.4af128075503dcbad8537709bdc38ba6.jpg,vestboost_train_00206_jhboyo_train_00206_Image71_jpg.rf.4af128075503dcbad8537709bdc38ba6,vest_ext,vest_ext:Image71,0,3,0,7a4d873210348d14bd6de0281b39f6344e41cf38
vestboost_train_00207_jhboyo_train_00207_Image71_jpg.rf.c4205f5e18fa7562c9104585ced2271e.jpg,vestboost_train_00207_jhboyo_train_00207_Image71_jpg.rf.c4205f5e18fa7562c9104585ced2271e,vest_ext,vest_ext:Image71,0,4,0,308877ae7a4ba26b6f85cd6fde5805a1456905fa
vestboost_train_00208_jhboyo_train_00208_Image72_jpg.rf.46e25d3bad32d23820ac307d6e3c130a.jpg,vestboost_train_00208_jhboyo_train_00208_Image72_jpg.rf.46e25d3bad32d23820ac307d6e3c130a,vest_ext,vest_ext:Image72,0,6,0,aaee716a725c58d5e0db5c171c057fbd4dfc31da
vestboost_train_00209_jhboyo_train_00209_Image73_jpg.rf.123f908bec4f0b465773d8ce04a02559.jpg,vestboost_train_00209_jhboyo_train_00209_Image73_jpg.rf.123f908bec4f0b465773d8ce04a02559,vest_ext,vest_ext:Image73,0,12,0,c147bd2fee0712aae44b85e60cb777a389e14a2f
vestboost_train_00210_jhboyo_train_00210_Image73_jpg.rf.79500753e52840923cc79535600a4ef8.jpg,vestboost_train_00210_jhboyo_train_00210_Image73_jpg.rf.79500753e52840923cc79535600a4ef8,vest_ext,vest_ext:Image73,0,1,0,aef00ff64f55a0fa14e4e2a72b2ff81f9289d516
vestboost_train_00211_jhboyo_train_00211_Image74_jpg.rf.9dfd9edf19fd6feaec2ac33379afa47a.jpg,vestboost_train_00211_jhboyo_train_00211_Image74_jpg.rf.9dfd9edf19fd6feaec2ac33379afa47a,vest_ext,vest_ext:Image74,0,5,0,58d83c6cc246e05deb02ece0061f292e14655aa0
vestboost_train_00212_jhboyo_train_00212_Image75_jpg.rf.7a3fc3a5fb4ffa278d30788d56c2be9e.jpg,vestboost_train_00212_jhboyo_train_00212_Image75_jpg.rf.7a3fc3a5fb4ffa278d30788d56c2be9e,vest_ext,vest_ext:Image75,0,11,0,6d666ce55c7bcee34f83ef4b2511502c3810b6df
vestboost_train_00213_jhboyo_train_00213_Image75_jpg.rf.bd554e3cc26085333a1681f3e3e61f4d.jpg,vestboost_train_00213_jhboyo_train_00213_Image75_jpg.rf.bd554e3cc26085333a1681f3e3e61f4d,vest_ext,vest_ext:Image75,0,6,0,0d7ea0276ea0ac49be37adb75195c871e8b6fee6
vestboost_train_00214_jhboyo_train_00214_Image76_jpg.rf.05bd93a813f4c3366d12a48063281777.jpg,vestboost_train_00214_jhboyo_train_00214_Image76_jpg.rf.05bd93a813f4c3366d12a48063281777,vest_ext,vest_ext:Image76,0,2,0,e337056a026fda4e2f7bb69ea26fb5147480a93d
vestboost_train_00215_jhboyo_train_00215_Image76_jpg.rf.3e32c4442e062eb223cfcdd42773e512.jpg,vestboost_train_00215_jhboyo_train_00215_Image76_jpg.rf.3e32c4442e062eb223cfcdd42773e512,vest_ext,vest_ext:Image76,0,3,0,c1daafb06b66f0cbca56784d3c7668ee3f804a3b
vestboost_train_00216_jhboyo_train_00216_Image76_jpg.rf.50bbf727bfb66a28d19d9c8f0c29a8e0.jpg,vestboost_train_00216_jhboyo_train_00216_Image76_jpg.rf.50bbf727bfb66a28d19d9c8f0c29a8e0,vest_ext,vest_ext:Image76,0,6,0,5d418e4de62364d333ede0a3b8efe6bb5346b00c
vestboost_train_00217_jhboyo_train_00217_Image77_jpg.rf.50b210876e75ffe72eb0e4e05c38b68e.jpg,vestboost_train_00217_jhboyo_train_00217_Image77_jpg.rf.50b210876e75ffe72eb0e4e05c38b68e,vest_ext,vest_ext:Image77,0,4,0,ced091f8b48987621b4e0858f3c57e6fdcbeb7e8
vestboost_train_00218_jhboyo_train_00218_Image77_jpg.rf.783f510a7d79cbda369ed29d98c32aad.jpg,vestboost_train_00218_jhboyo_train_00218_Image77_jpg.rf.783f510a7d79cbda369ed29d98c32aad,vest_ext,vest_ext:Image77,0,5,0,708244bc17d3e2920971c51a7fabae29ca7a7056
vestboost_train_00219_jhboyo_train_00219_Image78_jpg.rf.185bec5c68eadf97c67deddee16a91d0.jpg,vestboost_train_00219_jhboyo_train_00219_Image78_jpg.rf.185bec5c68eadf97c67deddee16a91d0,vest_ext,vest_ext:Image78,0,2,0,c57074a25a4d5aaa2b85c57fbb10aa368ea157c1
vestboost_train_00220_jhboyo_train_00220_Image78_jpg.rf.c636323c9444007ebba48fbafd806b1e.jpg,vestboost_train_00220_jhboyo_train_00220_Image78_jpg.rf.c636323c9444007ebba48fbafd806b1e,vest_ext,vest_ext:Image78,0,6,0,cd5a66776e1f31aa40ac750b87c67bb700656848
vestboost_train_00221_jhboyo_train_00221_Image79_jpg.rf.3d8736c8f72fdbf5ac4afa1bed026fcb.jpg,vestboost_train_00221_jhboyo_train_00221_Image79_jpg.rf.3d8736c8f72fdbf5ac4afa1bed026fcb,vest_ext,vest_ext:Image79,0,4,0,6b5717414dd9423077f9a579063929b223067822
vestboost_train_00222_jhboyo_train_00222_Image79_jpg.rf.6fb3a888389f988a18f2aa6949063ca9.jpg,vestboost_train_00222_jhboyo_train_00222_Image79_jpg.rf.6fb3a888389f988a18f2aa6949063ca9,vest_ext,vest_ext:Image79,0,2,0,9a918c9ea67b11f4e159cee5d6ab294395b81749
vestboost_train_00223_jhboyo_train_00223_Image7_jpg.rf.1b6067ea4ae5cd28f4978c31ec69e5ff.jpg,vestboost_train_00223_jhboyo_train_00223_Image7_jpg.rf.1b6067ea4ae5cd28f4978c31ec69e5ff,vest_ext,vest_ext:Image7,0,12,0,7c5e26eb1926e61dcec75f8524d6e128560c56e2
vestboost_train_00224_jhboyo_train_00224_Image7_jpg.rf.785a530ac68f6b62202df5c16051e0a5.jpg,vestboost_train_00224_jhboyo_train_00224_Image7_jpg.rf.785a530ac68f6b62202df5c16051e0a5,vest_ext,vest_ext:Image7,0,5,0,78bd1412aca67778653d923994065acbbd937666
vestboost_train_00225_jhboyo_train_00225_Image80_jpg.rf.2764c454ddfba0b8ed8df77b34728785.jpg,vestboost_train_00225_jhboyo_train_00225_Image80_jpg.rf.2764c454ddfba0b8ed8df77b34728785,vest_ext,vest_ext:Image80,0,7,0,26662a55da7ccbad5de9d1be681c47cbed2034a2
vestboost_train_00226_jhboyo_train_00226_Image80_jpg.rf.4eee2049eb9c4868ff6e6e616b2ed4f7.jpg,vestboost_train_00226_jhboyo_train_00226_Image80_jpg.rf.4eee2049eb9c4868ff6e6e616b2ed4f7,vest_ext,vest_ext:Image80,0,5,0,f86a543944a63a608434628f4c0ba66e58edce75
vestboost_train_00227_jhboyo_train_00227_Image80_jpg.rf.61132f39cd17eb93a2dbc83f83b8630a.jpg,vestboost_train_00227_jhboyo_train_00227_Image80_jpg.rf.61132f39cd17eb93a2dbc83f83b8630a,vest_ext,vest_ext:Image80,0,3,0,dd8f37462e67828ca438d817ad37db39963a5590
vestboost_train_00228_jhboyo_train_00228_Image9_jpg.rf.39179a16ca0f335014c00d980b729c0f.jpg,vestboost_train_00228_jhboyo_train_00228_Image9_jpg.rf.39179a16ca0f335014c00d980b729c0f,vest_ext,vest_ext:Image9,0,5,0,fc8ba17967bb7d60043b76f4588ed81618c392b7
vestboost_train_00229_jhboyo_train_00229_Image9_jpg.rf.667ee4a09119b4f378ca1f3c88d58478.jpg,vestboost_train_00229_jhboyo_train_00229_Image9_jpg.rf.667ee4a09119b4f378ca1f3c88d58478,vest_ext,vest_ext:Image9,0,3,0,6a6fae87c041e3305c2d1d8d7055462eff740eaf
vestboost_train_00230_jhboyo_train_00230_NRC_Commissioner_Svinicki_Visits_Vogtle_Construction_Site_-28April_2014-29_-2813609195514-29_jpg.rf.458d2ede478ef62e1500fdd3cf3cfa4a.jpg,vestboost_train_00230_jhboyo_train_00230_NRC_Commissioner_Svinicki_Visits_Vogtle_Construction_Site_-28April_2014-29_-2813609195514-29_jpg.rf.458d2ede478ef62e1500fdd3cf3cfa4a,vest_ext,vest_ext:NRC_Commissioner_Svinicki_Visits_Vogtle_Construction_Site_-28April_2014-29_-2813609195514-29,0,2,0,50a4d80ab2e84ddaef55487b9f6d13a96bf0bb16
vestboost_train_00231_jhboyo_train_00231_NSF-Deveselu-Pont1_jpg.rf.00ae29e5a16bf3c0d7363697ec24b18e.jpg,vestboost_train_00231_jhboyo_train_00231_NSF-Deveselu-Pont1_jpg.rf.00ae29e5a16bf3c0d7363697ec24b18e,vest_ext,vest_ext:NSF-Deveselu-Pont1,0,2,0,4672087b6075a2a8d333b55c90954e2e625e22d8
vestboost_train_00232_jhboyo_train_00232_NSF-Deveselu-Stars1_jpg.rf.dbc256d3de166a4a111f4daac0d35bae.jpg,vestboost_train_00232_jhboyo_train_00232_NSF-Deveselu-Stars1_jpg.rf.dbc256d3de166a4a111f4daac0d35bae,vest_ext,vest_ext:NSF-Deveselu-Stars1,0,3,0,6384198adf38596b594442d6ba6a444344c6849b
vestboost_train_00233_jhboyo_train_00233_Pless_jpg.rf.d2c065f74589528ef1e4a7ee3317f9f8.jpg,vestboost_train_00233_jhboyo_train_00233_Pless_jpg.rf.d2c065f74589528ef1e4a7ee3317f9f8,vest_ext,vest_ext:Pless,0,1,0,f4d0f8b2341686bce2bb42ec80e9dd552cbcd800
vestboost_train_00234_jhboyo_train_00234_Salt_Lake_City_-_Ramp_Agent_-2828301616073-29_jpg.rf.467b36813b9f6331e7db527c1bb1db65.jpg,vestboost_train_00234_jhboyo_train_00234_Salt_Lake_City_-_Ramp_Agent_-2828301616073-29_jpg.rf.467b36813b9f6331e7db527c1bb1db65,vest_ext,vest_ext:Salt_Lake_City_-_Ramp_Agent_-2828301616073-29,0,1,0,32629f29f85f67229bef4cae452364edaeb363bd
vestboost_train_00235_jhboyo_train_00235_Salt_Lake_City_-_Ramp_Agents_-2828299336074-29_jpg.rf.6befecddfb02685aec7d2f4e1e51d792.jpg,vestboost_train_00235_jhboyo_train_00235_Salt_Lake_City_-_Ramp_Agents_-2828299336074-29_jpg.rf.6befecddfb02685aec7d2f4e1e51d792,vest_ext,vest_ext:Salt_Lake_City_-_Ramp_Agents_-2828299336074-29,0,3,0,dfd52ff115c3fa01cfed967fa0b404f598cbcb78
vestboost_train_00236_jhboyo_train_00236_construction-site-build-construction-work-159306_jpeg_jpg.rf.187ed8ca3e646b5f3b6833cd3ab1b32d.jpg,vestboost_train_00236_jhboyo_train_00236_construction-site-build-construction-work-159306_jpeg_jpg.rf.187ed8ca3e646b5f3b6833cd3ab1b32d,vest_ext,vest_ext:construction-site-build-construction-work-159306_jpeg,0,2,0,004da17ae715199fbd6a82deffc04e36b0bcc60f
vestboost_train_00237_jhboyo_train_00237_construction_worker_man_people_job_helmet_safety_vest_construction_sector-690436_jpg.rf.ab5fe772a3ce4a5c2e7e12f04a1112f9.jpg,vestboost_train_00237_jhboyo_train_00237_construction_worker_man_people_job_helmet_safety_vest_construction_sector-690436_jpg.rf.ab5fe772a3ce4a5c2e7e12f04a1112f9,vest_ext,vest_ext:construction_worker_man_people_job_helmet_safety_vest_construction_sector-690436,0,1,0,08412af393f0d7585e17f2db8849000fb6dbf7b7
vestboost_train_00238_jhboyo_train_00238_construction_worker_work_worker_man_industry_building_site_engineer_architecture-1087305_jpg.rf.8688b2f2bd96223acc2dd6e731e00758.jpg,vestboost_train_00238_jhboyo_train_00238_construction_worker_work_worker_man_industry_building_site_engineer_architecture-1087305_jpg.rf.8688b2f2bd96223acc2dd6e731e00758,vest_ext,vest_ext:construction_worker_work_worker_man_industry_building_site_engineer_architecture-1087305,0,1,0,4c40dc7b22a5e0ce0446f1419520e9d00488b70a
vestboost_train_00239_jhboyo_train_00239_front_crawling_00620_jpg.rf.24a972741db9c0b50b45b6da3c3558e8.jpg,vestboost_train_00239_jhboyo_train_00239_front_crawling_00620_jpg.rf.24a972741db9c0b50b45b6da3c3558e8,vest_ext,vest_ext:front_crawling_00620,0,2,0,3dece801a965289023d96a5847ba37e48bed8db0
vestboost_train_00240_jhboyo_train_00240_front_crawling_00622_jpg.rf.485d167886c7d5bd48c1126853d36e25.jpg,vestboost_train_00240_jhboyo_train_00240_front_crawling_00622_jpg.rf.485d167886c7d5bd48c1126853d36e25,vest_ext,vest_ext:front_crawling_00622,0,5,0,7df06bfe82ff72023d45ec6572a5b6876f9421a9
vestboost_train_00241_jhboyo_train_00241_helmet_industrial_security_logistic_work_clothes_industrial_safety_protective_goggles_vest-1218559_jpg.rf.e403f82e6fdfc3be682769e3d608c9db.jpg,vestboost_train_00241_jhboyo_train_00241_helmet_industrial_security_logistic_work_clothes_industrial_safety_protective_goggles_vest-1218559_jpg.rf.e403f82e6fdfc3be682769e3d608c9db,vest_ext,vest_ext:helmet_industrial_security_logistic_work_clothes_industrial_safety_protective_goggles_vest-1218559,0,1,0,bed0ecc601a2fc3c370cfa8a131243193b0ff098
vestboost_train_00242_jhboyo_train_00242_image_100_jpg.rf.19365648169c4e5cbafa203b11d7adaa.jpg,vestboost_train_00242_jhboyo_train_00242_image_100_jpg.rf.19365648169c4e5cbafa203b11d7adaa,vest_ext,vest_ext:image_100,0,1,0,d4f676213b670c4beca96b525ba48bd5b015fe0f
vestboost_train_00243_jhboyo_train_00243_image_100_jpg.rf.7ff7f274c774f28da20d55d51f282864.jpg,vestboost_train_00243_jhboyo_train_00243_image_100_jpg.rf.7ff7f274c774f28da20d55d51f282864,vest_ext,vest_ext:image_100,0,1,0,62a536e0a9a61eb28b0c9d05eed4f13d5061b4dd
vestboost_train_00244_jhboyo_train_00244_image_100_jpg.rf.8d11f18783cf6fecf697c5e1c538cc21.jpg,vestboost_train_00244_jhboyo_train_00244_image_100_jpg.rf.8d11f18783cf6fecf697c5e1c538cc21,vest_ext,vest_ext:image_100,0,1,0,374497c673e1317837819cb79fe5644de7e535f4
vestboost_train_00245_jhboyo_train_00245_image_101_jpg.rf.33e62b68b971b5e5d7d7fa75a19152e3.jpg,vestboost_train_00245_jhboyo_train_00245_image_101_jpg.rf.33e62b68b971b5e5d7d7fa75a19152e3,vest_ext,vest_ext:image_101,0,1,0,2b23a7a350acf2633eef9b9629b37993a1ec7146
vestboost_train_00246_jhboyo_train_00246_image_101_jpg.rf.4eff8f4ee2ab8cddda068c51b31c457a.jpg,vestboost_train_00246_jhboyo_train_00246_image_101_jpg.rf.4eff8f4ee2ab8cddda068c51b31c457a,vest_ext,vest_ext:image_101,0,1,0,8633a68b44a4f362c7e1dbf6bbdb8b0a7fbb4de5
vestboost_train_00247_jhboyo_train_00247_image_102_jpg.rf.adcb48989c9551417ebd9a4cedac6492.jpg,vestboost_train_00247_jhboyo_train_00247_image_102_jpg.rf.adcb48989c9551417ebd9a4cedac6492,vest_ext,vest_ext:image_102,0,1,0,6dbe872f68095ea5f361077772e10221bd6aee15
vestboost_train_00248_jhboyo_train_00248_image_103_jpg.rf.35cd9adf2a6d2b40b155802418629e7f.jpg,vestboost_train_00248_jhboyo_train_00248_image_103_jpg.rf.35cd9adf2a6d2b40b155802418629e7f,vest_ext,vest_ext:image_103,0,1,0,5074fa47523602938953a47ddab0bf2902bfdeb7
vestboost_train_00249_jhboyo_train_00249_image_103_jpg.rf.c075a1120b73defd84ff50daa467fb36.jpg,vestboost_train_00249_jhboyo_train_00249_image_103_jpg.rf.c075a1120b73defd84ff50daa467fb36,vest_ext,vest_ext:image_103,0,1,0,89197933fac8a40567947b050f92c573d3c8efbe
vestboost_train_00250_jhboyo_train_00250_image_103_jpg.rf.d558241be4994336b8edd404d8d93868.jpg,vestboost_train_00250_jhboyo_train_00250_image_103_jpg.rf.d558241be4994336b8edd404d8d93868,vest_ext,vest_ext:image_103,0,1,0,42fae4ee8b869acb3392a4aa065076a55b57357b
vestboost_train_00251_jhboyo_train_00251_image_104_jpg.rf.ff762435d77dc7607e1fc966302cd0ab.jpg,vestboost_train_00251_jhboyo_train_00251_image_104_jpg.rf.ff762435d77dc7607e1fc966302cd0ab,vest_ext,vest_ext:image_104,0,1,0,497088cb12ce51d5233f6ff553ac0a54b52c20f9
vestboost_train_00252_jhboyo_train_00252_image_105_jpg.rf.dd149373d7689922a621694e24094e2b.jpg,vestboost_train_00252_jhboyo_train_00252_image_105_jpg.rf.dd149373d7689922a621694e24094e2b,vest_ext,vest_ext:image_105,0,1,0,6a3fe05eb1d517901b9a7fc73afa14b63c0fd8e0
vestboost_train_00253_jhboyo_train_00253_image_106_jpg.rf.e6e82550439c13160bb4792de091d0aa.jpg,vestboost_train_00253_jhboyo_train_00253_image_106_jpg.rf.e6e82550439c13160bb4792de091d0aa,vest_ext,vest_ext:image_106,0,1,0,6ebd96f02000e9574613bde0dc4bafd985df0494
vestboost_train_00254_jhboyo_train_00254_image_107_jpg.rf.67d626ac696b01d934bd3a6a44a7f45e.jpg,vestboost_train_00254_jhboyo_train_00254_image_107_jpg.rf.67d626ac696b01d934bd3a6a44a7f45e,vest_ext,vest_ext:image_107,0,1,0,4956f20e9b921b949e57b6026206a666fefebab0
vestboost_train_00255_jhboyo_train_00255_image_108_jpg.rf.22c4cd7d30b5b729793adbd8e4109d27.jpg,vestboost_train_00255_jhboyo_train_00255_image_108_jpg.rf.22c4cd7d30b5b729793adbd8e4109d27,vest_ext,vest_ext:image_108,0,1,0,27f26e68e5d125497b11bc11b4acba8f92713f1a
vestboost_train_00256_jhboyo_train_00256_image_108_jpg.rf.72cea90e8cc75fde112741676b4c24e2.jpg,vestboost_train_00256_jhboyo_train_00256_image_108_jpg.rf.72cea90e8cc75fde112741676b4c24e2,vest_ext,vest_ext:image_108,0,2,0,6b16d45d3f068730eb1d6f552b17b8cb500daef5
vestboost_train_00257_jhboyo_train_00257_image_108_jpg.rf.a2b2e3ef1a7c31d052767d8717397b29.jpg,vestboost_train_00257_jhboyo_train_00257_image_108_jpg.rf.a2b2e3ef1a7c31d052767d8717397b29,vest_ext,vest_ext:image_108,0,1,0,8a23e4a1d8456c2f028ebe195efda196527a487c
vestboost_train_00258_jhboyo_train_00258_image_109_jpg.rf.572032a513cdb15466946008990c4503.jpg,vestboost_train_00258_jhboyo_train_00258_image_109_jpg.rf.572032a513cdb15466946008990c4503,vest_ext,vest_ext:image_109,0,1,0,871ecd4c7a624203e67783ac820e44e87f93ae3b
vestboost_train_00259_jhboyo_train_00259_image_109_jpg.rf.9f65b4c740d2df05433dd69897372b99.jpg,vestboost_train_00259_jhboyo_train_00259_image_109_jpg.rf.9f65b4c740d2df05433dd69897372b99,vest_ext,vest_ext:image_109,0,1,0,fed5981a1a6605cff4339570542780759754d5dc
vestboost_train_00260_jhboyo_train_00260_image_10_jpg.rf.cdac524995d1f17729c1e3e0e87c6297.jpg,vestboost_train_00260_jhboyo_train_00260_image_10_jpg.rf.cdac524995d1f17729c1e3e0e87c6297,vest_ext,vest_ext:image_10,0,1,0,c9de248bdc47ce63ac6acf786f4d4a244c8fbe4e
vestboost_train_00261_jhboyo_train_00261_image_110_jpg.rf.1139d5f7aaf8eff3d3514214ec299422.jpg,vestboost_train_00261_jhboyo_train_00261_image_110_jpg.rf.1139d5f7aaf8eff3d3514214ec299422,vest_ext,vest_ext:image_110,0,1,0,88205d7f81114ae0c7d58b4488e761e454e32319
vestboost_train_00262_jhboyo_train_00262_image_110_jpg.rf.430a462ca79201fb921d350f92e3997a.jpg,vestboost_train_00262_jhboyo_train_00262_image_110_jpg.rf.430a462ca79201fb921d350f92e3997a,vest_ext,vest_ext:image_110,0,1,0,5dda333608f814c282d5f96c5301e5fe7f271dc4
vestboost_train_00263_jhboyo_train_00263_image_110_jpg.rf.f5819d7dca8ea8a096f7d963c9732ef1.jpg,vestboost_train_00263_jhboyo_train_00263_image_110_jpg.rf.f5819d7dca8ea8a096f7d963c9732ef1,vest_ext,vest_ext:image_110,0,1,0,4a3cd693febf21a003b719adddcffd2636e30dc4
vestboost_train_00264_jhboyo_train_00264_image_111_jpg.rf.57e9e89c2a7e7132a97cdf93eae1722a.jpg,vestboost_train_00264_jhboyo_train_00264_image_111_jpg.rf.57e9e89c2a7e7132a97cdf93eae1722a,vest_ext,vest_ext:image_111,0,1,0,79112204198749b43ae16a25654cc2af9526cf5e
vestboost_train_00265_jhboyo_train_00265_image_111_jpg.rf.6cceaa309b8b518278c8c0b36b8c29bd.jpg,vestboost_train_00265_jhboyo_train_00265_image_111_jpg.rf.6cceaa309b8b518278c8c0b36b8c29bd,vest_ext,vest_ext:image_111,0,1,0,00b68caaf2a6eb36540bca0e54ab468fbacd4077
vestboost_train_00266_jhboyo_train_00266_image_111_jpg.rf.ee4f016e1be5a2a68d2fd1dda626011e.jpg,vestboost_train_00266_jhboyo_train_00266_image_111_jpg.rf.ee4f016e1be5a2a68d2fd1dda626011e,vest_ext,vest_ext:image_111,0,1,0,e9ef06f9e70428efacfb47388e2fb741f0a8c7b7
vestboost_train_00267_jhboyo_train_00267_image_112_jpg.rf.a729bf0d3d76badc7222139fb33d0a0b.jpg,vestboost_train_00267_jhboyo_train_00267_image_112_jpg.rf.a729bf0d3d76badc7222139fb33d0a0b,vest_ext,vest_ext:image_112,0,1,0,f35a2cee72266f1fb5273b0d55fbfdbbb4b5aee2
vestboost_train_00268_jhboyo_train_00268_image_113_jpg.rf.2e2b2279b15ed12499dbd713e0284ce0.jpg,vestboost_train_00268_jhboyo_train_00268_image_113_jpg.rf.2e2b2279b15ed12499dbd713e0284ce0,vest_ext,vest_ext:image_113,0,1,0,5c15bf01f4e19ffd7aff40ed0d6606110ad87202
vestboost_train_00269_jhboyo_train_00269_image_115_jpg.rf.d9ebe8cb41b66a9bb5e522714e9d4f17.jpg,vestboost_train_00269_jhboyo_train_00269_image_115_jpg.rf.d9ebe8cb41b66a9bb5e522714e9d4f17,vest_ext,vest_ext:image_115,0,1,0,82842a5c088d75dee7d237be6210832388593bd2
vestboost_train_00270_jhboyo_train_00270_image_116_jpg.rf.28710c8a335571bdb48628bcff792dac.jpg,vestboost_train_00270_jhboyo_train_00270_image_116_jpg.rf.28710c8a335571bdb48628bcff792dac,vest_ext,vest_ext:image_116,0,1,0,92bae002824e477467fcd6546bc709bb3d352824
vestboost_train_00271_jhboyo_train_00271_image_116_jpg.rf.8bc152657c9317f0fcdab122f1e33eaa.jpg,vestboost_train_00271_jhboyo_train_00271_image_116_jpg.rf.8bc152657c9317f0fcdab122f1e33eaa,vest_ext,vest_ext:image_116,0,1,0,a81148d1e437069932af0b88076f2addb7193128
vestboost_train_00272_jhboyo_train_00272_image_117_jpg.rf.24fa97ccebb4dd36946a6f1265a6255d.jpg,vestboost_train_00272_jhboyo_train_00272_image_117_jpg.rf.24fa97ccebb4dd36946a6f1265a6255d,vest_ext,vest_ext:image_117,0,1,0,9463610548712f1e6a4761dbeafbb06b899205b1
vestboost_train_00273_jhboyo_train_00273_image_117_jpg.rf.9407462658babb8a90a51f3650a5ed8a.jpg,vestboost_train_00273_jhboyo_train_00273_image_117_jpg.rf.9407462658babb8a90a51f3650a5ed8a,vest_ext,vest_ext:image_117,0,1,0,f15a140641cd752f0f33edd59979cf47bdc845d0
vestboost_train_00274_jhboyo_train_00274_image_118_jpg.rf.a297ad76b6ee565c60feed8a3df07059.jpg,vestboost_train_00274_jhboyo_train_00274_image_118_jpg.rf.a297ad76b6ee565c60feed8a3df07059,vest_ext,vest_ext:image_118,0,1,0,7d469a6b1ccf032faa89fca1a0dbd59ebc41fc97
vestboost_train_00275_jhboyo_train_00275_image_118_jpg.rf.d2202338b137cd4c73e16486802ef81c.jpg,vestboost_train_00275_jhboyo_train_00275_image_118_jpg.rf.d2202338b137cd4c73e16486802ef81c,vest_ext,vest_ext:image_118,0,1,0,3ffb5b5cf9d75a71cce7317f3a8272c7bed249c3
vestboost_train_00276_jhboyo_train_00276_image_118_jpg.rf.f391255ed171b8ea71d858132e4c4604.jpg,vestboost_train_00276_jhboyo_train_00276_image_118_jpg.rf.f391255ed171b8ea71d858132e4c4604,vest_ext,vest_ext:image_118,0,1,0,b9c52f5d35dea707dd2b7f5703c7074f3e988dec
vestboost_train_00277_jhboyo_train_00277_image_119_jpg.rf.4b131c61153e67c40fb3bf2c4c6ec494.jpg,vestboost_train_00277_jhboyo_train_00277_image_119_jpg.rf.4b131c61153e67c40fb3bf2c4c6ec494,vest_ext,vest_ext:image_119,0,1,0,d327db1e4392eb7c8f7d39f2d29accc0a7247e9b
vestboost_train_00278_jhboyo_train_00278_image_119_jpg.rf.cc2dec0137621e1de4bcf6778171a712.jpg,vestboost_train_00278_jhboyo_train_00278_image_119_jpg.rf.cc2dec0137621e1de4bcf6778171a712,vest_ext,vest_ext:image_119,0,1,0,41258bb099f4a5d705877aa51e61157edd864664
vestboost_train_00279_jhboyo_train_00279_image_11_jpg.rf.a1f2deca8cd9d11d2b4c78f9212cc8ed.jpg,vestboost_train_00279_jhboyo_train_00279_image_11_jpg.rf.a1f2deca8cd9d11d2b4c78f9212cc8ed,vest_ext,vest_ext:image_11,0,1,0,0ec3834113164fc721dc49c86ca190a1fdcbb267
vestboost_train_00280_jhboyo_train_00280_image_120_jpg.rf.2fc15ea5e522ba9d366c17c613faa436.jpg,vestboost_train_00280_jhboyo_train_00280_image_120_jpg.rf.2fc15ea5e522ba9d366c17c613faa436,vest_ext,vest_ext:image_120,0,1,0,b3882dca84befaf3f700d600aa3b74c3569009b6
vestboost_train_00281_jhboyo_train_00281_image_120_jpg.rf.31f00bcc4b18958365ede0a0399e45c9.jpg,vestboost_train_00281_jhboyo_train_00281_image_120_jpg.rf.31f00bcc4b18958365ede0a0399e45c9,vest_ext,vest_ext:image_120,0,1,0,4f0600f3eca490f9a222d29976f0732a222d2ce7
vestboost_train_00282_jhboyo_train_00282_image_120_jpg.rf.689cfcbe6a0e5cf92cd43967610e252c.jpg,vestboost_train_00282_jhboyo_train_00282_image_120_jpg.rf.689cfcbe6a0e5cf92cd43967610e252c,vest_ext,vest_ext:image_120,0,1,0,9ca9ead7b62d3f0f1c0fa9b4f9cbe94376ce8d3e
vestboost_train_00283_jhboyo_train_00283_image_121_jpg.rf.2a2bb2fdcb05e8ea7069acf2577668b7.jpg,vestboost_train_00283_jhboyo_train_00283_image_121_jpg.rf.2a2bb2fdcb05e8ea7069acf2577668b7,vest_ext,vest_ext:image_121,0,1,0,44891318a1c85a53640c0be459412f6ebe97244e
vestboost_train_00284_jhboyo_train_00284_image_122_jpg.rf.2afd1ab94c913d7df451d0ae4163edcc.jpg,vestboost_train_00284_jhboyo_train_00284_image_122_jpg.rf.2afd1ab94c913d7df451d0ae4163edcc,vest_ext,vest_ext:image_122,0,1,0,144a36ce764e66bb353dbf274b0d9efc137a5be4
vestboost_train_00285_jhboyo_train_00285_image_123_jpg.rf.7a9ef1b1edf2b3a9160f1a5f6af38b43.jpg,vestboost_train_00285_jhboyo_train_00285_image_123_jpg.rf.7a9ef1b1edf2b3a9160f1a5f6af38b43,vest_ext,vest_ext:image_123,0,1,0,a6938b0f72434c5db98afc0039533e04f5878370
vestboost_train_00286_jhboyo_train_00286_image_123_jpg.rf.b5e6b6a801ccb433df2c51a4d924cdc6.jpg,vestboost_train_00286_jhboyo_train_00286_image_123_jpg.rf.b5e6b6a801ccb433df2c51a4d924cdc6,vest_ext,vest_ext:image_123,0,1,0,06b20a4feec5a354e0df07a2441432e6a657af7a
vestboost_train_00287_jhboyo_train_00287_image_124_jpg.rf.18a0d5bc743587d28906d08e3abddd64.jpg,vestboost_train_00287_jhboyo_train_00287_image_124_jpg.rf.18a0d5bc743587d28906d08e3abddd64,vest_ext,vest_ext:image_124,0,1,0,d89debbbf177b496fd8d5100edd7eb265172210b
vestboost_train_00288_jhboyo_train_00288_image_125_jpg.rf.51468b294476f56dc234eaa78a55802f.jpg,vestboost_train_00288_jhboyo_train_00288_image_125_jpg.rf.51468b294476f56dc234eaa78a55802f,vest_ext,vest_ext:image_125,0,1,0,5f587636b8cd4d2cf9ffb74add2f11cc2bde103e
vestboost_train_00289_jhboyo_train_00289_image_125_jpg.rf.534fd19ef7ab5c13d419968252d8b422.jpg,vestboost_train_00289_jhboyo_train_00289_image_125_jpg.rf.534fd19ef7ab5c13d419968252d8b422,vest_ext,vest_ext:image_125,0,1,0,93272cd1f3f30b7b30e8b623c1085a44b2370001
vestboost_train_00290_jhboyo_train_00290_image_125_jpg.rf.69de9ca916381ea0219f8f412d1a9749.jpg,vestboost_train_00290_jhboyo_train_00290_image_125_jpg.rf.69de9ca916381ea0219f8f412d1a9749,vest_ext,vest_ext:image_125,0,1,0,c35e8821814f5de37be405c667311fc64d2fa91b
vestboost_train_00291_jhboyo_train_00291_image_125_jpg.rf.e4d8c3ecb9cdfe3345ac291968eda217.jpg,vestboost_train_00291_jhboyo_train_00291_image_125_jpg.rf.e4d8c3ecb9cdfe3345ac291968eda217,vest_ext,vest_ext:image_125,0,1,0,bb6e07ac38803f3e486fc836ffa79b213f33132d
vestboost_train_00292_jhboyo_train_00292_image_126_jpg.rf.68aa85cd02d1d81104f5e765f36d90e4.jpg,vestboost_train_00292_jhboyo_train_00292_image_126_jpg.rf.68aa85cd02d1d81104f5e765f36d90e4,vest_ext,vest_ext:image_126,0,1,0,26881cf8d7955087a89a4576461a3c5c398c9977
vestboost_train_00293_jhboyo_train_00293_image_126_jpg.rf.7378f94c6094985ecd54ca105b839a63.jpg,vestboost_train_00293_jhboyo_train_00293_image_126_jpg.rf.7378f94c6094985ecd54ca105b839a63,vest_ext,vest_ext:image_126,0,1,0,f6022a21a4a7dc81c64571a111b7c179a1f86bf7
vestboost_train_00294_jhboyo_train_00294_image_127_jpg.rf.5cd7085f0841afe6bf527dd8698daff3.jpg,vestboost_train_00294_jhboyo_train_00294_image_127_jpg.rf.5cd7085f0841afe6bf527dd8698daff3,vest_ext,vest_ext:image_127,0,1,0,5fc136bdbe6be410df2eba3e1c1ffe0fb528550c
vestboost_train_00295_jhboyo_train_00295_image_127_jpg.rf.cec2b52d398effee8930eb0e0726805f.jpg,vestboost_train_00295_jhboyo_train_00295_image_127_jpg.rf.cec2b52d398effee8930eb0e0726805f,vest_ext,vest_ext:image_127,0,1,0,2dad965c80a925a2fb9a557bf7402bfe7881d5fa
vestboost_train_00296_jhboyo_train_00296_image_127_jpg.rf.eb5af1df1758cfc308c36ce8da554bba.jpg,vestboost_train_00296_jhboyo_train_00296_image_127_jpg.rf.eb5af1df1758cfc308c36ce8da554bba,vest_ext,vest_ext:image_127,0,1,0,0608cce0fcdfe57adcdb4217d633f6f4d2a6824b
vestboost_train_00297_jhboyo_train_00297_image_128_jpg.rf.0e189ef3409658dd6b3ccbca4b14ce49.jpg,vestboost_train_00297_jhboyo_train_00297_image_128_jpg.rf.0e189ef3409658dd6b3ccbca4b14ce49,vest_ext,vest_ext:image_128,0,1,0,aaaf81c3f47962bf3893fb45ecf66ad3a4324a41
vestboost_train_00298_jhboyo_train_00298_image_128_jpg.rf.9114f11e4a3abfd36eaf3e9b9da0db0f.jpg,vestboost_train_00298_jhboyo_train_00298_image_128_jpg.rf.9114f11e4a3abfd36eaf3e9b9da0db0f,vest_ext,vest_ext:image_128,0,1,0,feca85078e32f2d8b4604a50696cfae8a823583d
vestboost_train_00299_jhboyo_train_00299_image_128_jpg.rf.d89e3cc0af2846d4905832f00450283c.jpg,vestboost_train_00299_jhboyo_train_00299_image_128_jpg.rf.d89e3cc0af2846d4905832f00450283c,vest_ext,vest_ext:image_128,0,1,0,cb0cba54e3169109b1a1e272d23163da921a6125
vestboost_train_00300_jhboyo_train_00300_image_128_jpg.rf.e3fd9046d0aeac9025f432262dd18059.jpg,vestboost_train_00300_jhboyo_train_00300_image_128_jpg.rf.e3fd9046d0aeac9025f432262dd18059,vest_ext,vest_ext:image_128,0,1,0,a7bedf4445ae0d60f677ccdf6db027bf958d96d7
vestboost_train_00301_jhboyo_train_00301_image_129_jpg.rf.66bd129d46095e5ba7f251c6cd80e169.jpg,vestboost_train_00301_jhboyo_train_00301_image_129_jpg.rf.66bd129d46095e5ba7f251c6cd80e169,vest_ext,vest_ext:image_129,0,1,0,75b579e34274729d743111378a5296c54e9718ad
vestboost_train_00302_jhboyo_train_00302_image_129_jpg.rf.6a3ca6efb5bba7b6cc8eb82cbfe34e9a.jpg,vestboost_train_00302_jhboyo_train_00302_image_129_jpg.rf.6a3ca6efb5bba7b6cc8eb82cbfe34e9a,vest_ext,vest_ext:image_129,0,1,0,40da70d1e9d9228389e63028f158f3dbede3a902
vestboost_train_00303_jhboyo_train_00303_image_129_jpg.rf.f65863824b9a3b7be9ce79caa6da1b84.jpg,vestboost_train_00303_jhboyo_train_00303_image_129_jpg.rf.f65863824b9a3b7be9ce79caa6da1b84,vest_ext,vest_ext:image_129,0,1,0,210fa841ecd8934f08b2d9c3c59407dda518ad25
vestboost_train_00304_jhboyo_train_00304_image_12_jpg.rf.55c4871161a073624a0d4f5d46d7209e.jpg,vestboost_train_00304_jhboyo_train_00304_image_12_jpg.rf.55c4871161a073624a0d4f5d46d7209e,vest_ext,vest_ext:image_12,0,1,0,502eba351955f64965fedd366d9aa10614e3f829
vestboost_train_00305_jhboyo_train_00305_image_12_jpg.rf.65d8d4e2499623cf546fad69beae7f66.jpg,vestboost_train_00305_jhboyo_train_00305_image_12_jpg.rf.65d8d4e2499623cf546fad69beae7f66,vest_ext,vest_ext:image_12,0,1,0,5ecb01536b6e54de8c783993da1438184993f56d
vestboost_train_00306_jhboyo_train_00306_image_130_jpg.rf.4d9e29c426a161ff3a50f41d56ba8278.jpg,vestboost_train_00306_jhboyo_train_00306_image_130_jpg.rf.4d9e29c426a161ff3a50f41d56ba8278,vest_ext,vest_ext:image_130,0,1,0,34bc324182261cf673db023d2dea9214e13d8d9c
vestboost_train_00307_jhboyo_train_00307_image_130_jpg.rf.88417ce32ff2a8a0151b0e7272de5cdc.jpg,vestboost_train_00307_jhboyo_train_00307_image_130_jpg.rf.88417ce32ff2a8a0151b0e7272de5cdc,vest_ext,vest_ext:image_130,0,1,0,7e3b4248f5bd4b189de2322c90753f2201176c0f
vestboost_train_00308_jhboyo_train_00308_image_131_jpg.rf.2d290924f258ae95b24b24e7cba5f686.jpg,vestboost_train_00308_jhboyo_train_00308_image_131_jpg.rf.2d290924f258ae95b24b24e7cba5f686,vest_ext,vest_ext:image_131,0,1,0,c5f747d827d92c575522955d90173180705d1e5b
vestboost_train_00309_jhboyo_train_00309_image_132_jpg.rf.bd8511d3349bc5e800d7f5b371bcc020.jpg,vestboost_train_00309_jhboyo_train_00309_image_132_jpg.rf.bd8511d3349bc5e800d7f5b371bcc020,vest_ext,vest_ext:image_132,0,1,0,6cedd1925cb8e9bdb44464eae30ea9929a95a614
vestboost_train_00310_jhboyo_train_00310_image_133_jpg.rf.ad5d75ca3f3eb9447049c90ba20e422b.jpg,vestboost_train_00310_jhboyo_train_00310_image_133_jpg.rf.ad5d75ca3f3eb9447049c90ba20e422b,vest_ext,vest_ext:image_133,0,1,0,89df507dae82ff1c66149322ae88b6471729fee3
vestboost_train_00311_jhboyo_train_00311_image_133_jpg.rf.d0a5cda12c9ea2c5184bbbefc0edbf46.jpg,vestboost_train_00311_jhboyo_train_00311_image_133_jpg.rf.d0a5cda12c9ea2c5184bbbefc0edbf46,vest_ext,vest_ext:image_133,0,1,0,97db248579ba83d32e80a5f7c8e646a485d4a498
vestboost_train_00312_jhboyo_train_00312_image_134_jpg.rf.4f07b3bc92990ed222b713c619b9322b.jpg,vestboost_train_00312_jhboyo_train_00312_image_134_jpg.rf.4f07b3bc92990ed222b713c619b9322b,vest_ext,vest_ext:image_134,0,1,0,038dda3efd0ae2d9a32c0dafb5c3cda1f405c7a0
vestboost_train_00313_jhboyo_train_00313_image_136_jpg.rf.95d12ca5a2c0a80c29168732e974add5.jpg,vestboost_train_00313_jhboyo_train_00313_image_136_jpg.rf.95d12ca5a2c0a80c29168732e974add5,vest_ext,vest_ext:image_136,0,1,0,74957582294b3b817fa3cbcc1e522f10c75a98a2
vestboost_train_00314_jhboyo_train_00314_image_136_jpg.rf.c62959464c82adc585aeb8fb050f1b59.jpg,vestboost_train_00314_jhboyo_train_00314_image_136_jpg.rf.c62959464c82adc585aeb8fb050f1b59,vest_ext,vest_ext:image_136,0,1,0,7dcda764700a85749cca7b83ee3bb1a0e4e65da6
vestboost_train_00315_jhboyo_train_00315_image_137_jpg.rf.bfe5495196d4b173546449a4338f2230.jpg,vestboost_train_00315_jhboyo_train_00315_image_137_jpg.rf.bfe5495196d4b173546449a4338f2230,vest_ext,vest_ext:image_137,0,1,0,192a7a9430bae2ffbade6ea91f541ac1a8ff4db5
vestboost_train_00316_jhboyo_train_00316_image_137_jpg.rf.e50b9ed6e49c8b112379f63002972fd3.jpg,vestboost_train_00316_jhboyo_train_00316_image_137_jpg.rf.e50b9ed6e49c8b112379f63002972fd3,vest_ext,vest_ext:image_137,0,1,0,01aca32daf52a8788926ae54d16d05d901a1c8bb
vestboost_train_00317_jhboyo_train_00317_image_138_jpg.rf.2bdfd5269e22402cbe6501250375dc60.jpg,vestboost_train_00317_jhboyo_train_00317_image_138_jpg.rf.2bdfd5269e22402cbe6501250375dc60,vest_ext,vest_ext:image_138,0,1,0,f0e00d6a0f1e79dee83e7e33195b90ec80cbda7b
vestboost_train_00318_jhboyo_train_00318_image_138_jpg.rf.3d9730a52e44b0edb3c0cc198724f283.jpg,vestboost_train_00318_jhboyo_train_00318_image_138_jpg.rf.3d9730a52e44b0edb3c0cc198724f283,vest_ext,vest_ext:image_138,0,1,0,5e9bca7dae5fb8cbb58dcfdd7b9b4b496cabef46
vestboost_train_00319_jhboyo_train_00319_image_138_jpg.rf.b5cd99b669b5f9767924bed2b405f822.jpg,vestboost_train_00319_jhboyo_train_00319_image_138_jpg.rf.b5cd99b669b5f9767924bed2b405f822,vest_ext,vest_ext:image_138,0,1,0,d314dc0f5d57fc4ab41e547469b97c2302fb56d5
vestboost_train_00320_jhboyo_train_00320_image_139_jpg.rf.71976f70c7baaad8a9ac9c67e3e5ee9a.jpg,vestboost_train_00320_jhboyo_train_00320_image_139_jpg.rf.71976f70c7baaad8a9ac9c67e3e5ee9a,vest_ext,vest_ext:image_139,0,1,0,ca81443958740ca61e624cf552902d10912cdbe7
vestboost_train_00321_jhboyo_train_00321_image_13_jpg.rf.89f6b53020c8ebbf7543051fde27502d.jpg,vestboost_train_00321_jhboyo_train_00321_image_13_jpg.rf.89f6b53020c8ebbf7543051fde27502d,vest_ext,vest_ext:image_13,0,1,0,cf4d6b98cff60a3dccca36382923bba0941c7f53
vestboost_train_00322_jhboyo_train_00322_image_13_jpg.rf.b56ceaa20d27f8b5647bf4bc85c5d47a.jpg,vestboost_train_00322_jhboyo_train_00322_image_13_jpg.rf.b56ceaa20d27f8b5647bf4bc85c5d47a,vest_ext,vest_ext:image_13,0,1,0,f4f29294390e2f630064899f32153d2751bd615d
vestboost_train_00323_jhboyo_train_00323_image_140_jpg.rf.503313a9cb9b1c3398a1d6461891c472.jpg,vestboost_train_00323_jhboyo_train_00323_image_140_jpg.rf.503313a9cb9b1c3398a1d6461891c472,vest_ext,vest_ext:image_140,0,1,0,68e38a9040c695d352ae2e379621493f85551fd3
vestboost_train_00324_jhboyo_train_00324_image_140_jpg.rf.7137d07458a46f4749e970d97bde8235.jpg,vestboost_train_00324_jhboyo_train_00324_image_140_jpg.rf.7137d07458a46f4749e970d97bde8235,vest_ext,vest_ext:image_140,0,1,0,fac514a090db265e43074ece010568a6790107f9
vestboost_train_00325_jhboyo_train_00325_image_141_jpg.rf.2320ad37f8cec63bf928cf127b62b171.jpg,vestboost_train_00325_jhboyo_train_00325_image_141_jpg.rf.2320ad37f8cec63bf928cf127b62b171,vest_ext,vest_ext:image_141,0,1,0,4e90fef2f4cb326a7f33ef9067ab26cfd8c9bd1f
vestboost_train_00326_jhboyo_train_00326_image_142_jpg.rf.90c1c445e55112f03fc56e25d75fa00a.jpg,vestboost_train_00326_jhboyo_train_00326_image_142_jpg.rf.90c1c445e55112f03fc56e25d75fa00a,vest_ext,vest_ext:image_142,0,1,0,c5590f62f9ea97dc0ba0cc46e9c370118939aecb
vestboost_train_00327_jhboyo_train_00327_image_142_jpg.rf.a3751f019db4fdc8a5f332f2eb8f5b9a.jpg,vestboost_train_00327_jhboyo_train_00327_image_142_jpg.rf.a3751f019db4fdc8a5f332f2eb8f5b9a,vest_ext,vest_ext:image_142,0,1,0,b3eefd32c3f295ea922ec9d4cf457c2ef8ce143a
vestboost_train_00328_jhboyo_train_00328_image_142_jpg.rf.f9e798fdd53defb6612af62642982ec2.jpg,vestboost_train_00328_jhboyo_train_00328_image_142_jpg.rf.f9e798fdd53defb6612af62642982ec2,vest_ext,vest_ext:image_142,0,1,0,3d52d867035a4861e657e21cc0978a15c4e9ab9d
vestboost_train_00329_jhboyo_train_00329_image_143_jpg.rf.902ab91149823140880d9c341e95916f.jpg,vestboost_train_00329_jhboyo_train_00329_image_143_jpg.rf.902ab91149823140880d9c341e95916f,vest_ext,vest_ext:image_143,0,1,0,cd5e49c1056efcccc79989a917ea1e8a667d878d
vestboost_train_00330_jhboyo_train_00330_image_144_jpg.rf.1c20be86c854e3f4eb226cbf1a9bcb1a.jpg,vestboost_train_00330_jhboyo_train_00330_image_144_jpg.rf.1c20be86c854e3f4eb226cbf1a9bcb1a,vest_ext,vest_ext:image_144,0,1,0,f57c18f679e8cfa2e553db159db8dd64d411098d
vestboost_train_00331_jhboyo_train_00331_image_144_jpg.rf.fceb3179b2303dbf615c356403a8860c.jpg,vestboost_train_00331_jhboyo_train_00331_image_144_jpg.rf.fceb3179b2303dbf615c356403a8860c,vest_ext,vest_ext:image_144,0,1,0,2cfae002fdf74c7e293e17f6a4af374a0134dd16
vestboost_train_00332_jhboyo_train_00332_image_145_jpg.rf.9ee002777f137ecf808f8e7836080611.jpg,vestboost_train_00332_jhboyo_train_00332_image_145_jpg.rf.9ee002777f137ecf808f8e7836080611,vest_ext,vest_ext:image_145,0,1,0,76a12162b5d5cf33df93088296c9abde610db268
vestboost_train_00333_jhboyo_train_00333_image_146_jpg.rf.3a5affefd16f476f2683df2d97c4b0f8.jpg,vestboost_train_00333_jhboyo_train_00333_image_146_jpg.rf.3a5affefd16f476f2683df2d97c4b0f8,vest_ext,vest_ext:image_146,0,1,0,35add2c2906b4f9d1ffa0045e39fe41971a87cc4
vestboost_train_00334_jhboyo_train_00334_image_146_jpg.rf.82746cf9526f68914463c2db26dda6ca.jpg,vestboost_train_00334_jhboyo_train_00334_image_146_jpg.rf.82746cf9526f68914463c2db26dda6ca,vest_ext,vest_ext:image_146,0,1,0,15799ca69085d87a3f17d46722e339be0abeec13
vestboost_train_00335_jhboyo_train_00335_image_146_jpg.rf.b1c997cee091c5ce94adec541284830c.jpg,vestboost_train_00335_jhboyo_train_00335_image_146_jpg.rf.b1c997cee091c5ce94adec541284830c,vest_ext,vest_ext:image_146,0,1,0,8e4588411e26b1960844c9c9555ec93ace4f1183
vestboost_train_00336_jhboyo_train_00336_image_147_jpg.rf.c3247006fc785d672960d0428fdfcbf3.jpg,vestboost_train_00336_jhboyo_train_00336_image_147_jpg.rf.c3247006fc785d672960d0428fdfcbf3,vest_ext,vest_ext:image_147,0,1,0,2a2df94d67151283bfc5dcf12903dba2ade46484
vestboost_train_00337_jhboyo_train_00337_image_148_jpg.rf.e62e8d2a59cb210f1c988697ed706c33.jpg,vestboost_train_00337_jhboyo_train_00337_image_148_jpg.rf.e62e8d2a59cb210f1c988697ed706c33,vest_ext,vest_ext:image_148,0,1,0,509a8b1f1e61acdeec1644168b2d73ca1e72be0e
vestboost_train_00338_jhboyo_train_00338_image_149_jpg.rf.2d18cb5a2a5e2509930716763368f010.jpg,vestboost_train_00338_jhboyo_train_00338_image_149_jpg.rf.2d18cb5a2a5e2509930716763368f010,vest_ext,vest_ext:image_149,0,1,0,9f5fbb4fc0d9f369b225688fdb988d2162d77c74
vestboost_train_00339_jhboyo_train_00339_image_149_jpg.rf.acb9970c9805029f41968df929ebfbc4.jpg,vestboost_train_00339_jhboyo_train_00339_image_149_jpg.rf.acb9970c9805029f41968df929ebfbc4,vest_ext,vest_ext:image_149,0,1,0,40154eeff1566a6d1f6f1f24a96433a1ad0a8478
vestboost_train_00340_jhboyo_train_00340_image_14_jpg.rf.164d825d4d58862de9de3e8d4303f283.jpg,vestboost_train_00340_jhboyo_train_00340_image_14_jpg.rf.164d825d4d58862de9de3e8d4303f283,vest_ext,vest_ext:image_14,0,1,0,fafa8694eb90722e2708ee0ebefa0ceb2882e127
vestboost_train_00341_jhboyo_train_00341_image_14_jpg.rf.39d5f5162859ae3fe973c8f9c92853f6.jpg,vestboost_train_00341_jhboyo_train_00341_image_14_jpg.rf.39d5f5162859ae3fe973c8f9c92853f6,vest_ext,vest_ext:image_14,0,1,0,d676a1b92a6e18cd324e51aa80532b763440a35f
vestboost_train_00342_jhboyo_train_00342_image_14_jpg.rf.3d8c90d723d7d041cf06b527cb943637.jpg,vestboost_train_00342_jhboyo_train_00342_image_14_jpg.rf.3d8c90d723d7d041cf06b527cb943637,vest_ext,vest_ext:image_14,0,1,0,63237d88bb4585b88927cd57e39a09c644c4c982
vestboost_train_00343_jhboyo_train_00343_image_14_jpg.rf.d3ce49cceb0c356f90f9e899f67328da.jpg,vestboost_train_00343_jhboyo_train_00343_image_14_jpg.rf.d3ce49cceb0c356f90f9e899f67328da,vest_ext,vest_ext:image_14,0,1,0,d3bdab575fcd0b43eb04924b89f4646bf88179fb
vestboost_train_00344_jhboyo_train_00344_image_150_jpg.rf.ce60864621efc44b56475f9f3867d9cb.jpg,vestboost_train_00344_jhboyo_train_00344_image_150_jpg.rf.ce60864621efc44b56475f9f3867d9cb,vest_ext,vest_ext:image_150,0,1,0,026b69d00cc59e6bae266af2a43ea9b865533229
vestboost_train_00345_jhboyo_train_00345_image_150_jpg.rf.f0d8f30d1e159436a392ab175aa5151e.jpg,vestboost_train_00345_jhboyo_train_00345_image_150_jpg.rf.f0d8f30d1e159436a392ab175aa5151e,vest_ext,vest_ext:image_150,0,1,0,d05369b5f777c408c94e0a7a73a59f63b47646a7
vestboost_train_00346_jhboyo_train_00346_image_151_jpg.rf.0a35689d48d61f7ca61b6abddf4fd39a.jpg,vestboost_train_00346_jhboyo_train_00346_image_151_jpg.rf.0a35689d48d61f7ca61b6abddf4fd39a,vest_ext,vest_ext:image_151,0,1,0,79f9b1d80a9ed027619dadbe3601ea437e86dcee
vestboost_train_00347_jhboyo_train_00347_image_151_jpg.rf.16fc52328c3bfa49066e82c310468948.jpg,vestboost_train_00347_jhboyo_train_00347_image_151_jpg.rf.16fc52328c3bfa49066e82c310468948,vest_ext,vest_ext:image_151,0,1,0,c75ab5b8c70c8af2e13f80bd2eb4b082dbe894ea
vestboost_train_00348_jhboyo_train_00348_image_151_jpg.rf.a8d2ef64c35b0228df34fe496c5a904e.jpg,vestboost_train_00348_jhboyo_train_00348_image_151_jpg.rf.a8d2ef64c35b0228df34fe496c5a904e,vest_ext,vest_ext:image_151,0,1,0,6a83de4ccf9e986b2bc6d5b9a0f5af133b0165b5
vestboost_train_00349_jhboyo_train_00349_image_152_jpg.rf.7fe4b95886350bff5ff6d887346e38ef.jpg,vestboost_train_00349_jhboyo_train_00349_image_152_jpg.rf.7fe4b95886350bff5ff6d887346e38ef,vest_ext,vest_ext:image_152,0,1,0,9f15c146e9c88640cfe73c9e5af5de55e5784d6b
vestboost_train_00350_jhboyo_train_00350_image_152_jpg.rf.f406689a2e0b8b94fb4d7c798c790657.jpg,vestboost_train_00350_jhboyo_train_00350_image_152_jpg.rf.f406689a2e0b8b94fb4d7c798c790657,vest_ext,vest_ext:image_152,0,1,0,dab432da90ed7f0c4297ff718833a3a3a48b575c
vestboost_train_00351_jhboyo_train_00351_image_153_jpg.rf.a28acba90e6d3158d1052da563f6497c.jpg,vestboost_train_00351_jhboyo_train_00351_image_153_jpg.rf.a28acba90e6d3158d1052da563f6497c,vest_ext,vest_ext:image_153,0,1,0,48119ae879c64e710f8ca1e77cc5b079de83596f
vestboost_train_00352_jhboyo_train_00352_image_153_jpg.rf.d8bf39305439d65c924819e91c0ccd19.jpg,vestboost_train_00352_jhboyo_train_00352_image_153_jpg.rf.d8bf39305439d65c924819e91c0ccd19,vest_ext,vest_ext:image_153,0,1,0,bd935680b48e21cb687044647f95ab5c474f3a87
vestboost_train_00353_jhboyo_train_00353_image_154_jpg.rf.985d495bf1bafe6da7c5314cfbd0a21e.jpg,vestboost_train_00353_jhboyo_train_00353_image_154_jpg.rf.985d495bf1bafe6da7c5314cfbd0a21e,vest_ext,vest_ext:image_154,0,1,0,85663aaa1f939bd5bac7350a87434f0b3c009e78
vestboost_train_00354_jhboyo_train_00354_image_154_jpg.rf.f592b24270a5ba511549333b172050f6.jpg,vestboost_train_00354_jhboyo_train_00354_image_154_jpg.rf.f592b24270a5ba511549333b172050f6,vest_ext,vest_ext:image_154,0,1,0,4d07e28e850f75f4bfcd2a8a1a8622df78fb82ae
vestboost_train_00355_jhboyo_train_00355_image_154_jpg.rf.f7439a0b55693066796a8694c7e3d990.jpg,vestboost_train_00355_jhboyo_train_00355_image_154_jpg.rf.f7439a0b55693066796a8694c7e3d990,vest_ext,vest_ext:image_154,0,1,0,56077231e78bdd97733b6e691679bb57f042a706
vestboost_train_00356_jhboyo_train_00356_image_155_jpg.rf.40b09b041517a41689860592bf800418.jpg,vestboost_train_00356_jhboyo_train_00356_image_155_jpg.rf.40b09b041517a41689860592bf800418,vest_ext,vest_ext:image_155,0,1,0,5756c30d11ba4e7db42d0409a2f02b8d0eed73a8
vestboost_train_00357_jhboyo_train_00357_image_155_jpg.rf.87dc33ab96c40a19a010c8e455621b94.jpg,vestboost_train_00357_jhboyo_train_00357_image_155_jpg.rf.87dc33ab96c40a19a010c8e455621b94,vest_ext,vest_ext:image_155,0,1,0,ac1534616b769630aef54f72a17758bc7c192d9e
vestboost_train_00358_jhboyo_train_00358_image_155_jpg.rf.96757fc040042fc1e914b23d20e0c95e.jpg,vestboost_train_00358_jhboyo_train_00358_image_155_jpg.rf.96757fc040042fc1e914b23d20e0c95e,vest_ext,vest_ext:image_155,0,1,0,5c324844b57dfbd4d560ea4e7297b6f0ccbfdee3
vestboost_train_00359_jhboyo_train_00359_image_156_jpg.rf.c0747460ef5b50e20d4d146f8708d316.jpg,vestboost_train_00359_jhboyo_train_00359_image_156_jpg.rf.c0747460ef5b50e20d4d146f8708d316,vest_ext,vest_ext:image_156,0,1,0,04522448a98c3a45bc6341646be922f32542cf59
vestboost_train_00360_jhboyo_train_00360_image_156_jpg.rf.f4593537e04828e62e72df8d0ee51502.jpg,vestboost_train_00360_jhboyo_train_00360_image_156_jpg.rf.f4593537e04828e62e72df8d0ee51502,vest_ext,vest_ext:image_156,0,1,0,6f0cf8021b0a5f3ec03df7f4a35a8d9b8668fa0a
vestboost_train_00361_jhboyo_train_00361_image_157_jpg.rf.9b399870490950d55fa7717c63a2089a.jpg,vestboost_train_00361_jhboyo_train_00361_image_157_jpg.rf.9b399870490950d55fa7717c63a2089a,vest_ext,vest_ext:image_157,0,1,0,6e90edbbaf38e419d4e9076f6bd4fe83fd66d00f
vestboost_train_00362_jhboyo_train_00362_image_158_jpg.rf.72d52e18fc63df7a7c83be55b846c9ca.jpg,vestboost_train_00362_jhboyo_train_00362_image_158_jpg.rf.72d52e18fc63df7a7c83be55b846c9ca,vest_ext,vest_ext:image_158,0,1,0,a04e3a938f320921dc9988de8862b81369a4c209
vestboost_train_00363_jhboyo_train_00363_image_158_jpg.rf.80d8fc112ba124ae5a3bcfb4db096b38.jpg,vestboost_train_00363_jhboyo_train_00363_image_158_jpg.rf.80d8fc112ba124ae5a3bcfb4db096b38,vest_ext,vest_ext:image_158,0,1,0,beef0790a68e9bc53cdfd1e2fdfd4cee4af58d20
vestboost_train_00364_jhboyo_train_00364_image_158_jpg.rf.aa3b1bd58f9598a98ad0e069791f2816.jpg,vestboost_train_00364_jhboyo_train_00364_image_158_jpg.rf.aa3b1bd58f9598a98ad0e069791f2816,vest_ext,vest_ext:image_158,0,1,0,8a08eb56a61815058a9d7da0b79d7b6362de84d5
vestboost_train_00365_jhboyo_train_00365_image_159_jpg.rf.01c592acf1836f304ba4b19896d10735.jpg,vestboost_train_00365_jhboyo_train_00365_image_159_jpg.rf.01c592acf1836f304ba4b19896d10735,vest_ext,vest_ext:image_159,0,1,0,be8d63e68661b725b19d8545f7008ceea493d368
vestboost_train_00366_jhboyo_train_00366_image_159_jpg.rf.73edee4264b188613756e4316ea84135.jpg,vestboost_train_00366_jhboyo_train_00366_image_159_jpg.rf.73edee4264b188613756e4316ea84135,vest_ext,vest_ext:image_159,0,1,0,847295542c25bd7d703da31974893762cf498f8c
vestboost_train_00367_jhboyo_train_00367_image_159_jpg.rf.a4fdf05defe849f534ec590ab8640cfe.jpg,vestboost_train_00367_jhboyo_train_00367_image_159_jpg.rf.a4fdf05defe849f534ec590ab8640cfe,vest_ext,vest_ext:image_159,0,1,0,ed92466a3a21e795585c5515d11d5af93549a59f
vestboost_train_00368_jhboyo_train_00368_image_15_jpg.rf.7caac0d74ebe75d9d2d03fd2b23a7a1d.jpg,vestboost_train_00368_jhboyo_train_00368_image_15_jpg.rf.7caac0d74ebe75d9d2d03fd2b23a7a1d,vest_ext,vest_ext:image_15,0,1,0,9135cb3ae2bf0adf01642bbc8c0272d393c9512e
vestboost_train_00369_jhboyo_train_00369_image_15_jpg.rf.ba586acddfea7cc38b28c78d553c445a.jpg,vestboost_train_00369_jhboyo_train_00369_image_15_jpg.rf.ba586acddfea7cc38b28c78d553c445a,vest_ext,vest_ext:image_15,0,1,0,1c3e4f282d4e2acb5d04e4a9657e9f733e7a32a1
vestboost_train_00370_jhboyo_train_00370_image_15_jpg.rf.d714a5529c56417a28f6bd8000f4f315.jpg,vestboost_train_00370_jhboyo_train_00370_image_15_jpg.rf.d714a5529c56417a28f6bd8000f4f315,vest_ext,vest_ext:image_15,0,1,0,1c3c56bce8247ca4019fa2545d70fa9d7db15078
vestboost_train_00371_jhboyo_train_00371_image_160_jpg.rf.4509c2b43aef7c48cdb44a3de578109d.jpg,vestboost_train_00371_jhboyo_train_00371_image_160_jpg.rf.4509c2b43aef7c48cdb44a3de578109d,vest_ext,vest_ext:image_160,0,1,0,91478c0ac8bf2196c6afc3fce39c7062be7acd0f
vestboost_train_00372_jhboyo_train_00372_image_160_jpg.rf.509d7bc4a83329c04e35a5592789c7bc.jpg,vestboost_train_00372_jhboyo_train_00372_image_160_jpg.rf.509d7bc4a83329c04e35a5592789c7bc,vest_ext,vest_ext:image_160,0,1,0,4fe38f5f75240bec533fbee7c1cda8a4b1f0bea4
vestboost_train_00373_jhboyo_train_00373_image_160_jpg.rf.9834d2c58486bcc4326dca55ed5027d1.jpg,vestboost_train_00373_jhboyo_train_00373_image_160_jpg.rf.9834d2c58486bcc4326dca55ed5027d1,vest_ext,vest_ext:image_160,0,1,0,9cc7039155ce735f3c8294e17ac52accd463baa7
vestboost_train_00374_jhboyo_train_00374_image_161_jpg.rf.6d544346ee13478e1c39a9477360f745.jpg,vestboost_train_00374_jhboyo_train_00374_image_161_jpg.rf.6d544346ee13478e1c39a9477360f745,vest_ext,vest_ext:image_161,0,1,0,0c47907af50815a68e073824434d11dafd974f31
vestboost_train_00375_jhboyo_train_00375_image_161_jpg.rf.edaeb176386e0963ec5fc10c91f74ec5.jpg,vestboost_train_00375_jhboyo_train_00375_image_161_jpg.rf.edaeb176386e0963ec5fc10c91f74ec5,vest_ext,vest_ext:image_161,0,1,0,ee887ac61f59379e7e7040798f87479e8564cc0b
vestboost_train_00376_jhboyo_train_00376_image_162_jpg.rf.4d5f984435530dce9cdee8d2c464e619.jpg,vestboost_train_00376_jhboyo_train_00376_image_162_jpg.rf.4d5f984435530dce9cdee8d2c464e619,vest_ext,vest_ext:image_162,0,1,0,9ab4cb3fc0d7fa8d56c413545bea2e261b402e26
vestboost_train_00377_jhboyo_train_00377_image_162_jpg.rf.6f97c43e60cbc99bf72e1c0e212dd2cd.jpg,vestboost_train_00377_jhboyo_train_00377_image_162_jpg.rf.6f97c43e60cbc99bf72e1c0e212dd2cd,vest_ext,vest_ext:image_162,0,1,0,1fd361e185859c3a3c92cce5b3597aeb482e452b
vestboost_train_00378_jhboyo_train_00378_image_162_jpg.rf.f7793d14bc9fa63b0653153043f09c02.jpg,vestboost_train_00378_jhboyo_train_00378_image_162_jpg.rf.f7793d14bc9fa63b0653153043f09c02,vest_ext,vest_ext:image_162,0,1,0,f2a2829ccd8b8f0f0e0c41ab5e84356dd8650388
vestboost_train_00379_jhboyo_train_00379_image_163_jpg.rf.1c2641b6310254ab88713c43b077d0be.jpg,vestboost_train_00379_jhboyo_train_00379_image_163_jpg.rf.1c2641b6310254ab88713c43b077d0be,vest_ext,vest_ext:image_163,0,1,0,38bae5077904714c3f4075dc2340b7d6074a2897
vestboost_train_00380_jhboyo_train_00380_image_163_jpg.rf.e728a284ec20a2f2798c56c1e6f16340.jpg,vestboost_train_00380_jhboyo_train_00380_image_163_jpg.rf.e728a284ec20a2f2798c56c1e6f16340,vest_ext,vest_ext:image_163,0,1,0,601b41c0138b8275f3bfaccdfcc76daa5c9a3729
vestboost_train_00381_jhboyo_train_00381_image_164_jpg.rf.6536d516180e04d5e7eb7fd8a285b739.jpg,vestboost_train_00381_jhboyo_train_00381_image_164_jpg.rf.6536d516180e04d5e7eb7fd8a285b739,vest_ext,vest_ext:image_164,0,1,0,609cd159cd0f918906dd8bc5f15e5e1909ea7c06
vestboost_train_00382_jhboyo_train_00382_image_164_jpg.rf.a88bc330171c10ccacb3e0e625a1dc95.jpg,vestboost_train_00382_jhboyo_train_00382_image_164_jpg.rf.a88bc330171c10ccacb3e0e625a1dc95,vest_ext,vest_ext:image_164,0,1,0,1c9b3b586729e28bcd211e9931c107353c49e5e6
vestboost_train_00383_jhboyo_train_00383_image_165_jpg.rf.576f12b1e66374c02aab095ff6f62733.jpg,vestboost_train_00383_jhboyo_train_00383_image_165_jpg.rf.576f12b1e66374c02aab095ff6f62733,vest_ext,vest_ext:image_165,0,1,0,1093fa1b8088ff1934e750d08edf28c45f2317c0
vestboost_train_00384_jhboyo_train_00384_image_165_jpg.rf.87b0eaf53e0228a5c4c492a8782fcfa0.jpg,vestboost_train_00384_jhboyo_train_00384_image_165_jpg.rf.87b0eaf53e0228a5c4c492a8782fcfa0,vest_ext,vest_ext:image_165,0,1,0,9cc3758752701e807942fb36c4b96e2c2f349c0a
vestboost_train_00385_jhboyo_train_00385_image_165_jpg.rf.9b81f3e1356693881d2bb2cdc85a65cc.jpg,vestboost_train_00385_jhboyo_train_00385_image_165_jpg.rf.9b81f3e1356693881d2bb2cdc85a65cc,vest_ext,vest_ext:image_165,0,1,0,8e0f1fe88a8fe586eb4e8d4aa148c0f26f9ba793
vestboost_train_00386_jhboyo_train_00386_image_166_jpg.rf.2c804bcac9b22ecec1a8232c1dbf9bc4.jpg,vestboost_train_00386_jhboyo_train_00386_image_166_jpg.rf.2c804bcac9b22ecec1a8232c1dbf9bc4,vest_ext,vest_ext:image_166,0,1,0,b3549d1a00454ee07660ff9ba4d2ecaa91b182ad
vestboost_train_00387_jhboyo_train_00387_image_166_jpg.rf.319534772b03e87e1faa270c12aac1e9.jpg,vestboost_train_00387_jhboyo_train_00387_image_166_jpg.rf.319534772b03e87e1faa270c12aac1e9,vest_ext,vest_ext:image_166,0,1,0,1913144a326f6008e3a70f5879b74c8e2f97e920
vestboost_train_00388_jhboyo_train_00388_image_166_jpg.rf.66b059a7bc65b5f6f564b9efd3162204.jpg,vestboost_train_00388_jhboyo_train_00388_image_166_jpg.rf.66b059a7bc65b5f6f564b9efd3162204,vest_ext,vest_ext:image_166,0,1,0,c0aae6cefd621a5e728f9551f8b72ae87915b829
vestboost_train_00389_jhboyo_train_00389_image_167_jpg.rf.196f7cfa09f57ba85c585b4aa6e3c260.jpg,vestboost_train_00389_jhboyo_train_00389_image_167_jpg.rf.196f7cfa09f57ba85c585b4aa6e3c260,vest_ext,vest_ext:image_167,0,1,0,f2d251f0cc22fead0ba6ec433e2002c1cd37a199
vestboost_train_00390_jhboyo_train_00390_image_167_jpg.rf.5bf266a9c3192b7bbc3e396a2d88a163.jpg,vestboost_train_00390_jhboyo_train_00390_image_167_jpg.rf.5bf266a9c3192b7bbc3e396a2d88a163,vest_ext,vest_ext:image_167,0,1,0,df7490662b77dbf6327287f26d04cbeca46f2e0a
vestboost_train_00391_jhboyo_train_00391_image_167_jpg.rf.63e15618f71d1790478a1a630559a432.jpg,vestboost_train_00391_jhboyo_train_00391_image_167_jpg.rf.63e15618f71d1790478a1a630559a432,vest_ext,vest_ext:image_167,0,1,0,2839db747af196e3e830d69c6e16cdbdb29fd89e
vestboost_train_00392_jhboyo_train_00392_image_168_jpg.rf.47522131015611d3c79217897b337652.jpg,vestboost_train_00392_jhboyo_train_00392_image_168_jpg.rf.47522131015611d3c79217897b337652,vest_ext,vest_ext:image_168,0,1,0,4cccfd29746fd7ccc9604a7bb41cb111a236d086
vestboost_train_00393_jhboyo_train_00393_image_168_jpg.rf.9ddc47d192c17b42dc69e45661457c46.jpg,vestboost_train_00393_jhboyo_train_00393_image_168_jpg.rf.9ddc47d192c17b42dc69e45661457c46,vest_ext,vest_ext:image_168,0,1,0,0d7eff647ea9be4b50f00fa933dd890a735a43bc
vestboost_train_00394_jhboyo_train_00394_image_168_jpg.rf.ac501b05fbfd94a0094b22ea143c8b19.jpg,vestboost_train_00394_jhboyo_train_00394_image_168_jpg.rf.ac501b05fbfd94a0094b22ea143c8b19,vest_ext,vest_ext:image_168,0,1,0,9c20de79f296683be0e96f7a157e31c29d2379ab
vestboost_train_00395_jhboyo_train_00395_image_169_jpg.rf.0b1e24f6fcdb651528d428a10fbc3bb6.jpg,vestboost_train_00395_jhboyo_train_00395_image_169_jpg.rf.0b1e24f6fcdb651528d428a10fbc3bb6,vest_ext,vest_ext:image_169,0,1,0,a7ff322763736191eeae20ff967ce87aefa48d5f
vestboost_train_00396_jhboyo_train_00396_image_169_jpg.rf.3751d411ff43aa91785d46fcf97dac94.jpg,vestboost_train_00396_jhboyo_train_00396_image_169_jpg.rf.3751d411ff43aa91785d46fcf97dac94,vest_ext,vest_ext:image_169,0,1,0,d003e547574037cfa2d9e6551238a093cf9c5d2f
vestboost_train_00397_jhboyo_train_00397_image_16_jpg.rf.5addc8c7b5ec83a6460f1f480cdf210f.jpg,vestboost_train_00397_jhboyo_train_00397_image_16_jpg.rf.5addc8c7b5ec83a6460f1f480cdf210f,vest_ext,vest_ext:image_16,0,1,0,7902decb214705d2bb6a75a7f07e6a082b502b4d
vestboost_train_00398_jhboyo_train_00398_image_16_jpg.rf.d4a39ff3fa31e0a26d5a4e61e3e92aaf.jpg,vestboost_train_00398_jhboyo_train_00398_image_16_jpg.rf.d4a39ff3fa31e0a26d5a4e61e3e92aaf,vest_ext,vest_ext:image_16,0,1,0,b79dfa8d9985e606c4640daceadd165933055315
vestboost_train_00399_jhboyo_train_00399_image_16_jpg.rf.e7db72736cf284498f769668b6c7df46.jpg,vestboost_train_00399_jhboyo_train_00399_image_16_jpg.rf.e7db72736cf284498f769668b6c7df46,vest_ext,vest_ext:image_16,0,1,0,ac24c9e4651fee0447fdf8ea2ba7fbf66b91dac7
vestboost_train_00400_jhboyo_train_00400_image_170_jpg.rf.39253bf0100c26cb664361337d39f47f.jpg,vestboost_train_00400_jhboyo_train_00400_image_170_jpg.rf.39253bf0100c26cb664361337d39f47f,vest_ext,vest_ext:image_170,0,1,0,9f391e47de33bea800f427e1fe1bbd9f395fbf12
vestboost_train_00401_jhboyo_train_00401_image_170_jpg.rf.b9364b30fb42141945f9abe49fa7daa2.jpg,vestboost_train_00401_jhboyo_train_00401_image_170_jpg.rf.b9364b30fb42141945f9abe49fa7daa2,vest_ext,vest_ext:image_170,0,1,0,18883f4d64b6e22c95ad1943f7c6ce1432efc9bd
vestboost_train_00402_jhboyo_train_00402_image_170_jpg.rf.cdda6e5d3e52bc19c84b2620235486d3.jpg,vestboost_train_00402_jhboyo_train_00402_image_170_jpg.rf.cdda6e5d3e52bc19c84b2620235486d3,vest_ext,vest_ext:image_170,0,1,0,8949efa97380d3327b6dfe5177faa61ca1890eff
vestboost_train_00403_jhboyo_train_00403_image_171_jpg.rf.77f1a36b75587923898ccdf4f97e3b65.jpg,vestboost_train_00403_jhboyo_train_00403_image_171_jpg.rf.77f1a36b75587923898ccdf4f97e3b65,vest_ext,vest_ext:image_171,0,1,0,1e6f1c8beb2397877c99a0bb0ef31e0c80714cdd
vestboost_train_00404_jhboyo_train_00404_image_171_jpg.rf.9f2ffee83af98483c43db20c955a462e.jpg,vestboost_train_00404_jhboyo_train_00404_image_171_jpg.rf.9f2ffee83af98483c43db20c955a462e,vest_ext,vest_ext:image_171,0,1,0,de15772739deca45245fffea34143923a0dbe52f
vestboost_train_00405_jhboyo_train_00405_image_173_jpg.rf.41a4652f667a6a6f9122eb397aa0fd9b.jpg,vestboost_train_00405_jhboyo_train_00405_image_173_jpg.rf.41a4652f667a6a6f9122eb397aa0fd9b,vest_ext,vest_ext:image_173,0,1,0,f9175458b7478aa019dc2c7ade060e75a409ee59
vestboost_train_00406_jhboyo_train_00406_image_173_jpg.rf.499de8c40972b72516b12809e19d18d9.jpg,vestboost_train_00406_jhboyo_train_00406_image_173_jpg.rf.499de8c40972b72516b12809e19d18d9,vest_ext,vest_ext:image_173,0,1,0,d7874cc6f1fe8c20ae4809d8243059518f20330c
vestboost_train_00407_jhboyo_train_00407_image_174_jpg.rf.3b472852376bd66c20a13cdc1e34077e.jpg,vestboost_train_00407_jhboyo_train_00407_image_174_jpg.rf.3b472852376bd66c20a13cdc1e34077e,vest_ext,vest_ext:image_174,0,1,0,6bab3554eb06e8a0cf6ff05829f0afe2434fa958
vestboost_train_00408_jhboyo_train_00408_image_174_jpg.rf.79d9a0e2841f8724c0b478280baded05.jpg,vestboost_train_00408_jhboyo_train_00408_image_174_jpg.rf.79d9a0e2841f8724c0b478280baded05,vest_ext,vest_ext:image_174,0,1,0,dfe6427fc3bc7caceeea3cd9584f03f734bfa9c2
vestboost_train_00409_jhboyo_train_00409_image_175_jpg.rf.4ecc7fd4fd8d388ba552a8d51edf0146.jpg,vestboost_train_00409_jhboyo_train_00409_image_175_jpg.rf.4ecc7fd4fd8d388ba552a8d51edf0146,vest_ext,vest_ext:image_175,0,1,0,ff5ebb1656c6e12a8cec984b4569626ba5d08849
vestboost_train_00410_jhboyo_train_00410_image_176_jpg.rf.4a27c222b53ba9c372682e0e39b8cbde.jpg,vestboost_train_00410_jhboyo_train_00410_image_176_jpg.rf.4a27c222b53ba9c372682e0e39b8cbde,vest_ext,vest_ext:image_176,0,1,0,299a388e6692476e3bec25fd68a82057bbb46d41
vestboost_train_00411_jhboyo_train_00411_image_177_jpg.rf.0fda6020bf3f421ee0f7a5a9d75c7c5a.jpg,vestboost_train_00411_jhboyo_train_00411_image_177_jpg.rf.0fda6020bf3f421ee0f7a5a9d75c7c5a,vest_ext,vest_ext:image_177,0,1,0,0aeca333c0bd8430aff4b8e44e0b26b60c117820
vestboost_train_00412_jhboyo_train_00412_image_177_jpg.rf.7dbdbde9fd7145ee3b614f8ec4f83e96.jpg,vestboost_train_00412_jhboyo_train_00412_image_177_jpg.rf.7dbdbde9fd7145ee3b614f8ec4f83e96,vest_ext,vest_ext:image_177,0,1,0,0a18844df414bbbaa5f05b084d9e49688490d10d
vestboost_train_00413_jhboyo_train_00413_image_178_jpg.rf.0ea96f355f96cda96d71261bd3ee6cca.jpg,vestboost_train_00413_jhboyo_train_00413_image_178_jpg.rf.0ea96f355f96cda96d71261bd3ee6cca,vest_ext,vest_ext:image_178,0,1,0,49b199e680de2653b3d1e927cfc0f0478c280453
vestboost_train_00414_jhboyo_train_00414_image_179_jpg.rf.0fb431cce2a7ac200fadf87a3fa08162.jpg,vestboost_train_00414_jhboyo_train_00414_image_179_jpg.rf.0fb431cce2a7ac200fadf87a3fa08162,vest_ext,vest_ext:image_179,0,1,0,37a395665693eef4317aa4a5f8563b07737e79c1
vestboost_train_00415_jhboyo_train_00415_image_179_jpg.rf.7dc686080398bc2b572ec6f934a1d6ae.jpg,vestboost_train_00415_jhboyo_train_00415_image_179_jpg.rf.7dc686080398bc2b572ec6f934a1d6ae,vest_ext,vest_ext:image_179,0,1,0,37925c55c0410d6a0547abfacb557546f97d13c4
vestboost_train_00416_jhboyo_train_00416_image_179_jpg.rf.f10946017d5e5106c8d880ccf286f69d.jpg,vestboost_train_00416_jhboyo_train_00416_image_179_jpg.rf.f10946017d5e5106c8d880ccf286f69d,vest_ext,vest_ext:image_179,0,1,0,a736fe8a1ed0bd8baf6545e1638a8cf48da46fe5
vestboost_train_00417_jhboyo_train_00417_image_17_jpg.rf.772f6f4d9e90aad093f121e6bd7c9316.jpg,vestboost_train_00417_jhboyo_train_00417_image_17_jpg.rf.772f6f4d9e90aad093f121e6bd7c9316,vest_ext,vest_ext:image_17,0,1,0,238c713500961c5df4e0daba06f561015680fde5
vestboost_train_00418_jhboyo_train_00418_image_17_jpg.rf.9431b7cf75b928331153168a8c0c14ad.jpg,vestboost_train_00418_jhboyo_train_00418_image_17_jpg.rf.9431b7cf75b928331153168a8c0c14ad,vest_ext,vest_ext:image_17,0,1,0,40d9db15d89f8e8b4f73ac085700cc81c8dcab16
vestboost_train_00419_jhboyo_train_00419_image_180_jpg.rf.0ad02bfcc385cdec0998e7d8a48af991.jpg,vestboost_train_00419_jhboyo_train_00419_image_180_jpg.rf.0ad02bfcc385cdec0998e7d8a48af991,vest_ext,vest_ext:image_180,0,1,0,416fb97cb0878f1717b8ea2e5419c6f3922b8e06
vestboost_train_00420_jhboyo_train_00420_image_180_jpg.rf.6358d3c79ed7491d465ab67ed45c0851.jpg,vestboost_train_00420_jhboyo_train_00420_image_180_jpg.rf.6358d3c79ed7491d465ab67ed45c0851,vest_ext,vest_ext:image_180,0,1,0,360b5fed83fa0da8c866b53b3836a6f52539b30b
vestboost_train_00421_jhboyo_train_00421_image_180_jpg.rf.ecdeeaa1733a41c12b463e4309f5bdb5.jpg,vestboost_train_00421_jhboyo_train_00421_image_180_jpg.rf.ecdeeaa1733a41c12b463e4309f5bdb5,vest_ext,vest_ext:image_180,0,1,0,9cc67774efe4dc10d976bd29b39dba676d6bd74c
vestboost_train_00422_jhboyo_train_00422_image_181_jpg.rf.c11808207c7b2083e031146dd7755158.jpg,vestboost_train_00422_jhboyo_train_00422_image_181_jpg.rf.c11808207c7b2083e031146dd7755158,vest_ext,vest_ext:image_181,0,1,0,3b0480458bc231dda79a85fe7e646cfe278b4f22
vestboost_train_00423_jhboyo_train_00423_image_182_jpg.rf.42f22ea58ffdcf15ad33e9fe6fd76b79.jpg,vestboost_train_00423_jhboyo_train_00423_image_182_jpg.rf.42f22ea58ffdcf15ad33e9fe6fd76b79,vest_ext,vest_ext:image_182,0,1,0,b9b731ec8268e4adb1d400e6f88c1af4fb5c5b4a
vestboost_train_00424_jhboyo_train_00424_image_183_jpg.rf.3c173f2458fe2d4e869bf012459b9f7a.jpg,vestboost_train_00424_jhboyo_train_00424_image_183_jpg.rf.3c173f2458fe2d4e869bf012459b9f7a,vest_ext,vest_ext:image_183,0,1,0,dea66d95a3e950a034ead530b5be90626b019873
vestboost_train_00425_jhboyo_train_00425_image_183_jpg.rf.7bd856495bae4c0ea7f483aec239717d.jpg,vestboost_train_00425_jhboyo_train_00425_image_183_jpg.rf.7bd856495bae4c0ea7f483aec239717d,vest_ext,vest_ext:image_183,0,1,0,9cefcc9e75622bccbe16610a04cd1f46798f36e3
vestboost_train_00426_jhboyo_train_00426_image_184_jpg.rf.30946b6fa7cce3209edf7ba2d1ccf311.jpg,vestboost_train_00426_jhboyo_train_00426_image_184_jpg.rf.30946b6fa7cce3209edf7ba2d1ccf311,vest_ext,vest_ext:image_184,0,1,0,1eae827846b931b059e36b3a26d399bc767ccd30
vestboost_train_00427_jhboyo_train_00427_image_184_jpg.rf.3c97134da18d1973bbcc85179aa5c2be.jpg,vestboost_train_00427_jhboyo_train_00427_image_184_jpg.rf.3c97134da18d1973bbcc85179aa5c2be,vest_ext,vest_ext:image_184,0,1,0,253af6e7ec79aef997f2c0c13481c2f66044d44a
vestboost_train_00428_jhboyo_train_00428_image_184_jpg.rf.b82f578a94d9883fad11cc4a4f81b323.jpg,vestboost_train_00428_jhboyo_train_00428_image_184_jpg.rf.b82f578a94d9883fad11cc4a4f81b323,vest_ext,vest_ext:image_184,0,1,0,fd9619d9ad2f1bd162d902eb21878245cc91041b
vestboost_train_00429_jhboyo_train_00429_image_185_jpg.rf.20ab39c5b5e7c3fece34ecf9980d44a9.jpg,vestboost_train_00429_jhboyo_train_00429_image_185_jpg.rf.20ab39c5b5e7c3fece34ecf9980d44a9,vest_ext,vest_ext:image_185,0,1,0,185f35d40ea2042573507eeb1d9f407f7200c18d
vestboost_train_00430_jhboyo_train_00430_image_185_jpg.rf.65b05797d79a262cbd9c373c34d82c94.jpg,vestboost_train_00430_jhboyo_train_00430_image_185_jpg.rf.65b05797d79a262cbd9c373c34d82c94,vest_ext,vest_ext:image_185,0,1,0,ddd86018d766f927637427699e2ce1b6eb26a98f
vestboost_train_00431_jhboyo_train_00431_image_185_jpg.rf.6d98e0ac6f70f1f0b7999a4e6dcc1143.jpg,vestboost_train_00431_jhboyo_train_00431_image_185_jpg.rf.6d98e0ac6f70f1f0b7999a4e6dcc1143,vest_ext,vest_ext:image_185,0,1,0,97e0534468c4896814ef8124d6b9ad177b454836
vestboost_train_00432_jhboyo_train_00432_image_186_jpg.rf.07f764b0b1343e61ef50615c2f02ef9b.jpg,vestboost_train_00432_jhboyo_train_00432_image_186_jpg.rf.07f764b0b1343e61ef50615c2f02ef9b,vest_ext,vest_ext:image_186,0,1,0,62afac88af4e2d0c362a1f294af37627cce885e6
vestboost_train_00433_jhboyo_train_00433_image_189_jpg.rf.35f699c1ef4522a47968ed3b084ad1e2.jpg,vestboost_train_00433_jhboyo_train_00433_image_189_jpg.rf.35f699c1ef4522a47968ed3b084ad1e2,vest_ext,vest_ext:image_189,0,1,0,cbfc742245009354619d22808587e41680539ca6
vestboost_train_00434_jhboyo_train_00434_image_18_jpg.rf.1efb72a1e5b906de12308478b3147127.jpg,vestboost_train_00434_jhboyo_train_00434_image_18_jpg.rf.1efb72a1e5b906de12308478b3147127,vest_ext,vest_ext:image_18,0,1,0,28d4605fef8e2898ebc86b62231d3299fbb1e0c2
vestboost_train_00435_jhboyo_train_00435_image_18_jpg.rf.99e73509b8e63714d148f34c0d9b0e28.jpg,vestboost_train_00435_jhboyo_train_00435_image_18_jpg.rf.99e73509b8e63714d148f34c0d9b0e28,vest_ext,vest_ext:image_18,0,1,0,24d8283148d128f53f5f4f89ec2debb2b6e5898c
vestboost_train_00436_jhboyo_train_00436_image_190_jpg.rf.743775b68d824cfc29e872a55275db85.jpg,vestboost_train_00436_jhboyo_train_00436_image_190_jpg.rf.743775b68d824cfc29e872a55275db85,vest_ext,vest_ext:image_190,0,1,0,e78af46c8a95a9fe291e91048764d87a4bcee239
vestboost_train_00437_jhboyo_train_00437_image_190_jpg.rf.b53872cd340301d854f8025ff6fa0e81.jpg,vestboost_train_00437_jhboyo_train_00437_image_190_jpg.rf.b53872cd340301d854f8025ff6fa0e81,vest_ext,vest_ext:image_190,0,1,0,0d26d6a1fce7f40ad3df343a3f73693d673786f9
vestboost_train_00438_jhboyo_train_00438_image_190_jpg.rf.f720473f391159cd5d4a5051afc54088.jpg,vestboost_train_00438_jhboyo_train_00438_image_190_jpg.rf.f720473f391159cd5d4a5051afc54088,vest_ext,vest_ext:image_190,0,1,0,b7d70cda78029401d1e66326e8a590b274261135
vestboost_train_00439_jhboyo_train_00439_image_191_jpg.rf.5f724ac99ed9bf4e993da0727a7da53e.jpg,vestboost_train_00439_jhboyo_train_00439_image_191_jpg.rf.5f724ac99ed9bf4e993da0727a7da53e,vest_ext,vest_ext:image_191,0,1,0,a1f99e440c287f6f98c456c98c7d744a9b620001
vestboost_train_00440_jhboyo_train_00440_image_191_jpg.rf.a102bf43a607d3cb4ec9d9edf190b64c.jpg,vestboost_train_00440_jhboyo_train_00440_image_191_jpg.rf.a102bf43a607d3cb4ec9d9edf190b64c,vest_ext,vest_ext:image_191,0,1,0,719ca7a0979922bc74804af9965abe77451aab78
vestboost_train_00441_jhboyo_train_00441_image_192_jpg.rf.71a7a92c49fbbddf5511790ba4c9c737.jpg,vestboost_train_00441_jhboyo_train_00441_image_192_jpg.rf.71a7a92c49fbbddf5511790ba4c9c737,vest_ext,vest_ext:image_192,0,1,0,a4fa91e840b0cfb05163a73222d95390998e8a4a
vestboost_train_00442_jhboyo_train_00442_image_193_jpg.rf.37536135f109d2ff8590d309d6a729c0.jpg,vestboost_train_00442_jhboyo_train_00442_image_193_jpg.rf.37536135f109d2ff8590d309d6a729c0,vest_ext,vest_ext:image_193,0,1,0,272916cbf8e1c2676540b42acd7dc83391f13fb8
vestboost_train_00443_jhboyo_train_00443_image_193_jpg.rf.bc97d19de5bd5b1619cc02e0423a9f3e.jpg,vestboost_train_00443_jhboyo_train_00443_image_193_jpg.rf.bc97d19de5bd5b1619cc02e0423a9f3e,vest_ext,vest_ext:image_193,0,1,0,60e17c392a3bcf9345d08e44452784046803de03
vestboost_train_00444_jhboyo_train_00444_image_194_jpg.rf.12cf8e43f7c7b01037bf0fac3ad1f636.jpg,vestboost_train_00444_jhboyo_train_00444_image_194_jpg.rf.12cf8e43f7c7b01037bf0fac3ad1f636,vest_ext,vest_ext:image_194,0,1,0,07a87963fab2fd05b7a50b7ba57e5c2828ad3101
vestboost_train_00445_jhboyo_train_00445_image_194_jpg.rf.9190f93f1be66c453aa90d17812fa382.jpg,vestboost_train_00445_jhboyo_train_00445_image_194_jpg.rf.9190f93f1be66c453aa90d17812fa382,vest_ext,vest_ext:image_194,0,1,0,93b77de8e880a1f303bd2973a62bc7c928eaa3b9
vestboost_train_00446_jhboyo_train_00446_image_195_jpg.rf.0922e5a01e40c2363a824f8c15ffb8e6.jpg,vestboost_train_00446_jhboyo_train_00446_image_195_jpg.rf.0922e5a01e40c2363a824f8c15ffb8e6,vest_ext,vest_ext:image_195,0,1,0,13e39677b8ef596f98b8027a8052c08370b1e60c
vestboost_train_00447_jhboyo_train_00447_image_195_jpg.rf.3c302c452114c40d1f5281bc9039d245.jpg,vestboost_train_00447_jhboyo_train_00447_image_195_jpg.rf.3c302c452114c40d1f5281bc9039d245,vest_ext,vest_ext:image_195,0,1,0,338c673871f57de4899d351491bcdfe47aa96f3b
vestboost_train_00448_jhboyo_train_00448_image_196_jpg.rf.a274ba94304ba526cc585808982b4264.jpg,vestboost_train_00448_jhboyo_train_00448_image_196_jpg.rf.a274ba94304ba526cc585808982b4264,vest_ext,vest_ext:image_196,0,1,0,f72db015b30b7ff82d055183c1186764a0385f98
vestboost_train_00449_jhboyo_train_00449_image_198_jpg.rf.bfe1b02b3c9938418b1acab18006ea36.jpg,vestboost_train_00449_jhboyo_train_00449_image_198_jpg.rf.bfe1b02b3c9938418b1acab18006ea36,vest_ext,vest_ext:image_198,0,1,0,cf88ff5c0759fed9c704d4a534e0939a2c256029
vestboost_train_00450_jhboyo_train_00450_image_198_jpg.rf.c6dad6ede1cc3eb5f9392f6bb3e44002.jpg,vestboost_train_00450_jhboyo_train_00450_image_198_jpg.rf.c6dad6ede1cc3eb5f9392f6bb3e44002,vest_ext,vest_ext:image_198,0,1,0,d432cabcc7a8bccfa51684400ddba69e1e100921
vestboost_train_00451_jhboyo_train_00451_image_199_jpg.rf.2f5678cc13d59c9055dccbd2400260d8.jpg,vestboost_train_00451_jhboyo_train_00451_image_199_jpg.rf.2f5678cc13d59c9055dccbd2400260d8,vest_ext,vest_ext:image_199,0,1,0,85939a177ec4e2e188bd8d7f3865479b232d616c
vestboost_train_00452_jhboyo_train_00452_image_199_jpg.rf.b8ce44035a14a5ebae906ec5ba813701.jpg,vestboost_train_00452_jhboyo_train_00452_image_199_jpg.rf.b8ce44035a14a5ebae906ec5ba813701,vest_ext,vest_ext:image_199,0,1,0,572086dfd4a1487b4cbfdcc023eaa11bb20e7f7c
vestboost_train_00453_jhboyo_train_00453_image_19_jpg.rf.dc39b907a8ee789a7939d828202aae04.jpg,vestboost_train_00453_jhboyo_train_00453_image_19_jpg.rf.dc39b907a8ee789a7939d828202aae04,vest_ext,vest_ext:image_19,0,1,0,fe2214c9d016d6b706f114d5d357802ddfb1ee48
vestboost_train_00454_jhboyo_train_00454_image_19_jpg.rf.e7d463093ac895641c19c28f7f5386db.jpg,vestboost_train_00454_jhboyo_train_00454_image_19_jpg.rf.e7d463093ac895641c19c28f7f5386db,vest_ext,vest_ext:image_19,0,1,0,139ace4c32f9b5b8451baffceab9d81100ce203e
vestboost_train_00455_jhboyo_train_00455_image_19_jpg.rf.eeab317dd12119353ba973d3b2434aae.jpg,vestboost_train_00455_jhboyo_train_00455_image_19_jpg.rf.eeab317dd12119353ba973d3b2434aae,vest_ext,vest_ext:image_19,0,1,0,f9208240cee49926a375a7433e7b98bac956be50
vestboost_train_00456_jhboyo_train_00456_image_19_jpg.rf.fd051436feaa88062f12582eba28415a.jpg,vestboost_train_00456_jhboyo_train_00456_image_19_jpg.rf.fd051436feaa88062f12582eba28415a,vest_ext,vest_ext:image_19,0,1,0,5423d83e9bbabd665ade75f979545fafc825ae0c
vestboost_train_00457_jhboyo_train_00457_image_200_jpg.rf.f2f29e42d3b2547d00f27f6a23adbc19.jpg,vestboost_train_00457_jhboyo_train_00457_image_200_jpg.rf.f2f29e42d3b2547d00f27f6a23adbc19,vest_ext,vest_ext:image_200,0,1,0,4d5d8ceb4afae09099e7ef4a22b6b6178b2e63ea
vestboost_train_00458_jhboyo_train_00458_image_201_jpg.rf.b6d7eb4c4cd4957934143ff36b6ec994.jpg,vestboost_train_00458_jhboyo_train_00458_image_201_jpg.rf.b6d7eb4c4cd4957934143ff36b6ec994,vest_ext,vest_ext:image_201,0,1,0,3d81ce61a0b64a56c716b4df3cd56981540d0425
vestboost_train_00459_jhboyo_train_00459_image_202_jpg.rf.159b9355980ae3fc794445dff0a92bcd.jpg,vestboost_train_00459_jhboyo_train_00459_image_202_jpg.rf.159b9355980ae3fc794445dff0a92bcd,vest_ext,vest_ext:image_202,0,1,0,064ae486c6a389d6e1f8f2e4a4ea20c50f77f2cc
vestboost_train_00460_jhboyo_train_00460_image_202_jpg.rf.c9a89f55c6b17b80092b495aeed32c89.jpg,vestboost_train_00460_jhboyo_train_00460_image_202_jpg.rf.c9a89f55c6b17b80092b495aeed32c89,vest_ext,vest_ext:image_202,0,1,0,b223ae65f6b6a57fbc97bef9c72ca6f72b94d446
vestboost_train_00461_jhboyo_train_00461_image_207_jpg.rf.226e81a8450a77b36e67c08dcb2763a3.jpg,vestboost_train_00461_jhboyo_train_00461_image_207_jpg.rf.226e81a8450a77b36e67c08dcb2763a3,vest_ext,vest_ext:image_207,0,1,0,67d90ee223e7ef808c52507be59896a37ff6313f
vestboost_train_00462_jhboyo_train_00462_image_208_jpg.rf.8333187e5fdbcdb86824a0e47bac8a0e.jpg,vestboost_train_00462_jhboyo_train_00462_image_208_jpg.rf.8333187e5fdbcdb86824a0e47bac8a0e,vest_ext,vest_ext:image_208,0,1,0,42490da48366e96be1d728aed9510581e49e87ab
vestboost_train_00463_jhboyo_train_00463_image_209_jpg.rf.68d17af22eed3654a7e205e73dff9786.jpg,vestboost_train_00463_jhboyo_train_00463_image_209_jpg.rf.68d17af22eed3654a7e205e73dff9786,vest_ext,vest_ext:image_209,0,1,0,2a2c6f205020b5f966e43e28bd12dca3378d0b23
vestboost_train_00464_jhboyo_train_00464_image_20_jpg.rf.8f62ad7d3f62a7a9abace42240abc348.jpg,vestboost_train_00464_jhboyo_train_00464_image_20_jpg.rf.8f62ad7d3f62a7a9abace42240abc348,vest_ext,vest_ext:image_20,0,1,0,89b982b30353495b27dc1748622b73ceff4d1ceb
vestboost_train_00465_jhboyo_train_00465_image_20_jpg.rf.cb3c4937789cdb95528c5c2c8583b902.jpg,vestboost_train_00465_jhboyo_train_00465_image_20_jpg.rf.cb3c4937789cdb95528c5c2c8583b902,vest_ext,vest_ext:image_20,0,1,0,db45d4ff5b4e09f084a8e440d550b2b650ea15a1
vestboost_train_00466_jhboyo_train_00466_image_210_jpg.rf.a0227b3f0a2f3c97f7498b32e5e75fa5.jpg,vestboost_train_00466_jhboyo_train_00466_image_210_jpg.rf.a0227b3f0a2f3c97f7498b32e5e75fa5,vest_ext,vest_ext:image_210,0,1,0,b9ed4d0f467238f6c91ce7fd913b1699698d9e9a
vestboost_train_00467_jhboyo_train_00467_image_211_jpg.rf.08187692501f65548ffb790d748bc2cc.jpg,vestboost_train_00467_jhboyo_train_00467_image_211_jpg.rf.08187692501f65548ffb790d748bc2cc,vest_ext,vest_ext:image_211,0,1,0,f31a8ae4b73219ae36dac15726801ba652d6cfd6
vestboost_train_00468_jhboyo_train_00468_image_212_jpg.rf.9985bcb24c2912df678467ff290ec033.jpg,vestboost_train_00468_jhboyo_train_00468_image_212_jpg.rf.9985bcb24c2912df678467ff290ec033,vest_ext,vest_ext:image_212,0,1,0,3a2070125116fd5cce2f44713e267ff380955f03
vestboost_train_00469_jhboyo_train_00469_image_213_jpg.rf.656fc8391beabddeac2fe006ff70a4ba.jpg,vestboost_train_00469_jhboyo_train_00469_image_213_jpg.rf.656fc8391beabddeac2fe006ff70a4ba,vest_ext,vest_ext:image_213,0,1,0,5b0bb91fac10584bc6180a5d3ff2907e2980c81b
vestboost_train_00470_jhboyo_train_00470_image_213_jpg.rf.844bea76b1e92ddae74b298f84fd15db.jpg,vestboost_train_00470_jhboyo_train_00470_image_213_jpg.rf.844bea76b1e92ddae74b298f84fd15db,vest_ext,vest_ext:image_213,0,1,0,01b74425c854513038a8d4f23dce3881a1feec79
vestboost_train_00471_jhboyo_train_00471_image_214_jpg.rf.1ec047b86686eeb5d16febf2ea3800fe.jpg,vestboost_train_00471_jhboyo_train_00471_image_214_jpg.rf.1ec047b86686eeb5d16febf2ea3800fe,vest_ext,vest_ext:image_214,0,1,0,9004cdd78b305e0b653f7494a9b87b2cc8d80973
vestboost_train_00472_jhboyo_train_00472_image_215_jpg.rf.64329e424b3b43995cc1f0e0b52f8433.jpg,vestboost_train_00472_jhboyo_train_00472_image_215_jpg.rf.64329e424b3b43995cc1f0e0b52f8433,vest_ext,vest_ext:image_215,0,1,0,2775d94b1d7a350173648c30296619e38709c6e0
vestboost_train_00473_jhboyo_train_00473_image_215_jpg.rf.7e6f6b316574963e6ba130bef49104e9.jpg,vestboost_train_00473_jhboyo_train_00473_image_215_jpg.rf.7e6f6b316574963e6ba130bef49104e9,vest_ext,vest_ext:image_215,0,1,0,afc992ab5cb7d5ebd4b38b9c339afd8756079b7c
vestboost_train_00474_jhboyo_train_00474_image_216_jpg.rf.837a43092a4e0d47831382395bcafbaa.jpg,vestboost_train_00474_jhboyo_train_00474_image_216_jpg.rf.837a43092a4e0d47831382395bcafbaa,vest_ext,vest_ext:image_216,0,1,0,1fdf980368c39b29608d6543f706730f2958526a
vestboost_train_00475_jhboyo_train_00475_image_217_jpg.rf.63930149578812e802395837fded1073.jpg,vestboost_train_00475_jhboyo_train_00475_image_217_jpg.rf.63930149578812e802395837fded1073,vest_ext,vest_ext:image_217,0,1,0,973e5e1d0ba025b2839427b6151e8e009b117808
vestboost_train_00476_jhboyo_train_00476_image_217_jpg.rf.79d630b2c2cff47bb70459695762eb91.jpg,vestboost_train_00476_jhboyo_train_00476_image_217_jpg.rf.79d630b2c2cff47bb70459695762eb91,vest_ext,vest_ext:image_217,0,1,0,a2727ac9ffc095dff138d7499e1fb79850b2a761
vestboost_train_00477_jhboyo_train_00477_image_218_jpg.rf.a836d2fc542a42f92599f111b09e2454.jpg,vestboost_train_00477_jhboyo_train_00477_image_218_jpg.rf.a836d2fc542a42f92599f111b09e2454,vest_ext,vest_ext:image_218,0,1,0,1bdff3a0bcdb138c2189ee0c2e2fd00da9dd4e80
vestboost_train_00478_jhboyo_train_00478_image_21_jpg.rf.5291d81cf31221eb1589df589bcff707.jpg,vestboost_train_00478_jhboyo_train_00478_image_21_jpg.rf.5291d81cf31221eb1589df589bcff707,vest_ext,vest_ext:image_21,0,1,0,535c138b7cd10f08fc5c02f9a8f1019cc4501cd0
vestboost_train_00479_jhboyo_train_00479_image_21_jpg.rf.74e2eb231eaa647ec205aa002d25a037.jpg,vestboost_train_00479_jhboyo_train_00479_image_21_jpg.rf.74e2eb231eaa647ec205aa002d25a037,vest_ext,vest_ext:image_21,0,1,0,a7a077650d216014a2ed39e8adba028ac86dcd4b
vestboost_train_00480_jhboyo_train_00480_image_21_jpg.rf.e08b256bc617c0988e84004036563b43.jpg,vestboost_train_00480_jhboyo_train_00480_image_21_jpg.rf.e08b256bc617c0988e84004036563b43,vest_ext,vest_ext:image_21,0,1,0,2eb637e8294b981a5e4ccd7d45c2afdd5ea2cc79
vestboost_train_00481_jhboyo_train_00481_image_220_jpg.rf.24b7ad48b2b419f105015e8eab822afc.jpg,vestboost_train_00481_jhboyo_train_00481_image_220_jpg.rf.24b7ad48b2b419f105015e8eab822afc,vest_ext,vest_ext:image_220,0,1,0,75d1de2d560dcc883c26bff06587fd12aa5937e5
vestboost_train_00482_jhboyo_train_00482_image_221_jpg.rf.d8f5c426b568fb057a27970d14a094c2.jpg,vestboost_train_00482_jhboyo_train_00482_image_221_jpg.rf.d8f5c426b568fb057a27970d14a094c2,vest_ext,vest_ext:image_221,0,1,0,f5ea2e7a58700c219515bd6ec542d0e6fe30bca7
vestboost_train_00483_jhboyo_train_00483_image_222_jpg.rf.8946982dc146580b26aed08c95a026a0.jpg,vestboost_train_00483_jhboyo_train_00483_image_222_jpg.rf.8946982dc146580b26aed08c95a026a0,vest_ext,vest_ext:image_222,0,1,0,81f4e5993e3a779da780973044af942d3c272ff2
vestboost_train_00484_jhboyo_train_00484_image_223_jpg.rf.d24152f3d95efc61540e111faf01dff8.jpg,vestboost_train_00484_jhboyo_train_00484_image_223_jpg.rf.d24152f3d95efc61540e111faf01dff8,vest_ext,vest_ext:image_223,0,1,0,5109fe67de53083a831755a0029627370743ff5e
vestboost_train_00485_jhboyo_train_00485_image_224_jpg.rf.42d6a3902f3c81eb9afcbad38bd0440e.jpg,vestboost_train_00485_jhboyo_train_00485_image_224_jpg.rf.42d6a3902f3c81eb9afcbad38bd0440e,vest_ext,vest_ext:image_224,0,1,0,dcc3b154969b0eadc62f09be11aa2d03df111e6f
vestboost_train_00486_jhboyo_train_00486_image_224_jpg.rf.59ec72cb5983bad90a321ea6f63b9cf0.jpg,vestboost_train_00486_jhboyo_train_00486_image_224_jpg.rf.59ec72cb5983bad90a321ea6f63b9cf0,vest_ext,vest_ext:image_224,0,1,0,96019e7c5c57d97c3314d19010e801f606a05e5f
vestboost_train_00487_jhboyo_train_00487_image_225_jpg.rf.32a29ebe5dcfa0c3a0d61c4793d7f009.jpg,vestboost_train_00487_jhboyo_train_00487_image_225_jpg.rf.32a29ebe5dcfa0c3a0d61c4793d7f009,vest_ext,vest_ext:image_225,0,1,0,38fdd9106c4491b2100d646dbaf6db93810b537d
vestboost_train_00488_jhboyo_train_00488_image_225_jpg.rf.87e7f00565c0f63fd33f9579a801c925.jpg,vestboost_train_00488_jhboyo_train_00488_image_225_jpg.rf.87e7f00565c0f63fd33f9579a801c925,vest_ext,vest_ext:image_225,0,1,0,b18d8fbe5fd9e33ccad5a5fc07c5c30857304cbd
vestboost_train_00489_jhboyo_train_00489_image_226_jpg.rf.f8d7357edec25af059f4595b51b0a5f4.jpg,vestboost_train_00489_jhboyo_train_00489_image_226_jpg.rf.f8d7357edec25af059f4595b51b0a5f4,vest_ext,vest_ext:image_226,0,1,0,bf70c6bee6a7cb0a21284416d7d23109eed61bec
vestboost_train_00490_jhboyo_train_00490_image_227_jpg.rf.2bc1d96b59f6f5531b793db7b093479a.jpg,vestboost_train_00490_jhboyo_train_00490_image_227_jpg.rf.2bc1d96b59f6f5531b793db7b093479a,vest_ext,vest_ext:image_227,0,1,0,915937796ee3b8a50b5ef8cd3bc58abc1369a4fb
vestboost_train_00491_jhboyo_train_00491_image_227_jpg.rf.49d2b212aa9163124fe383fac62efc18.jpg,vestboost_train_00491_jhboyo_train_00491_image_227_jpg.rf.49d2b212aa9163124fe383fac62efc18,vest_ext,vest_ext:image_227,0,1,0,169bdb03455af569c09e94cb4044e1a538684771
vestboost_train_00492_jhboyo_train_00492_image_228_jpg.rf.75b3767837f9c08bf53044534801f6ce.jpg,vestboost_train_00492_jhboyo_train_00492_image_228_jpg.rf.75b3767837f9c08bf53044534801f6ce,vest_ext,vest_ext:image_228,0,1,0,e16d5b2a20fdb1386b6251679041e3579229e19a
vestboost_train_00493_jhboyo_train_00493_image_22_jpg.rf.25b5e457f680ebadee58572799fb9a35.jpg,vestboost_train_00493_jhboyo_train_00493_image_22_jpg.rf.25b5e457f680ebadee58572799fb9a35,vest_ext,vest_ext:image_22,0,1,0,e826b7a1cf9e71c42bbd37f51e1ee767c7f4254b
vestboost_train_00494_jhboyo_train_00494_image_231_jpg.rf.70e8f50b5182b2ceed3a959b6ef22159.jpg,vestboost_train_00494_jhboyo_train_00494_image_231_jpg.rf.70e8f50b5182b2ceed3a959b6ef22159,vest_ext,vest_ext:image_231,0,1,0,aea32ca8bf1b4bd396885a4cf450cb0041ee64d0
vestboost_train_00495_jhboyo_train_00495_image_232_jpg.rf.49fe8e0820193d9fee7af74d52087317.jpg,vestboost_train_00495_jhboyo_train_00495_image_232_jpg.rf.49fe8e0820193d9fee7af74d52087317,vest_ext,vest_ext:image_232,0,1,0,75f92bc9abb14754be01d57207c43466855dfa5c
vestboost_train_00496_jhboyo_train_00496_image_232_jpg.rf.9080b1e71879c5927db08feab964c2df.jpg,vestboost_train_00496_jhboyo_train_00496_image_232_jpg.rf.9080b1e71879c5927db08feab964c2df,vest_ext,vest_ext:image_232,0,1,0,266dcf60d3de2a50157ebb3718da39e7bb2b2067
vestboost_train_00497_jhboyo_train_00497_image_234_jpg.rf.2c859c6344690b2ecfd2dda48d077a49.jpg,vestboost_train_00497_jhboyo_train_00497_image_234_jpg.rf.2c859c6344690b2ecfd2dda48d077a49,vest_ext,vest_ext:image_234,0,1,0,229c4c3fc8fde68b4bab388e6f64e9a078b081e5
vestboost_train_00498_jhboyo_train_00498_image_235_jpg.rf.054ac32f9f714824f8b1632b367be6b9.jpg,vestboost_train_00498_jhboyo_train_00498_image_235_jpg.rf.054ac32f9f714824f8b1632b367be6b9,vest_ext,vest_ext:image_235,0,1,0,e38418fd6629fb8354cef40fd0eb988b7f5a5f2b
vestboost_train_00499_jhboyo_train_00499_image_235_jpg.rf.e2f8802b22be8c89319628bdd0da5641.jpg,vestboost_train_00499_jhboyo_train_00499_image_235_jpg.rf.e2f8802b22be8c89319628bdd0da5641,vest_ext,vest_ext:image_235,0,1,0,13c5b9f3d788cf8500e3c675eff4dbf57248ae1d
vestboost_train_00500_jhboyo_train_00500_image_236_jpg.rf.126e4846f2664a876786ffac3406302e.jpg,vestboost_train_00500_jhboyo_train_00500_image_236_jpg.rf.126e4846f2664a876786ffac3406302e,vest_ext,vest_ext:image_236,0,1,0,8d4746e30d517024cb2de17419e75c11c167659f
vestboost_train_00501_jhboyo_train_00501_image_236_jpg.rf.fe08aa19a265ba51667937eba5aa9151.jpg,vestboost_train_00501_jhboyo_train_00501_image_236_jpg.rf.fe08aa19a265ba51667937eba5aa9151,vest_ext,vest_ext:image_236,0,1,0,f73d7b85c1ce5736232f55ba4b712d84905edc97
vestboost_train_00502_jhboyo_train_00502_image_237_jpg.rf.c510425293c0b2db0c3257343484f91e.jpg,vestboost_train_00502_jhboyo_train_00502_image_237_jpg.rf.c510425293c0b2db0c3257343484f91e,vest_ext,vest_ext:image_237,0,1,0,77ede5c546cabd75740ae044c3abfa5efb87a8e4
vestboost_train_00503_jhboyo_train_00503_image_238_jpg.rf.2ff01f540b97bf1f380886af8f0e0288.jpg,vestboost_train_00503_jhboyo_train_00503_image_238_jpg.rf.2ff01f540b97bf1f380886af8f0e0288,vest_ext,vest_ext:image_238,0,1,0,939b38e71d80bc8f3d25ed30386072a899821f10
vestboost_train_00504_jhboyo_train_00504_image_239_jpg.rf.a0ef6bbaea4566a1e6f8a8e7734caf31.jpg,vestboost_train_00504_jhboyo_train_00504_image_239_jpg.rf.a0ef6bbaea4566a1e6f8a8e7734caf31,vest_ext,vest_ext:image_239,0,1,0,3c08d907c8caa9357837db97bb6baf726b818dd8
vestboost_train_00505_jhboyo_train_00505_image_23_jpg.rf.1abe3edf349fb080b4f65a951cd930d8.jpg,vestboost_train_00505_jhboyo_train_00505_image_23_jpg.rf.1abe3edf349fb080b4f65a951cd930d8,vest_ext,vest_ext:image_23,0,1,0,58a6e6edb94b45b8150433c8f76095fa33be643e
vestboost_train_00506_jhboyo_train_00506_image_23_jpg.rf.73bdf92767d24a745fe814874c7941a1.jpg,vestboost_train_00506_jhboyo_train_00506_image_23_jpg.rf.73bdf92767d24a745fe814874c7941a1,vest_ext,vest_ext:image_23,0,1,0,7d7ae676de3c7040e9bd0659bf0c59b8c45d3126
vestboost_train_00507_jhboyo_train_00507_image_240_jpg.rf.09844ada35844558fced8bfd0de00aeb.jpg,vestboost_train_00507_jhboyo_train_00507_image_240_jpg.rf.09844ada35844558fced8bfd0de00aeb,vest_ext,vest_ext:image_240,0,1,0,b1d31efb0254a9e1bc8ce94cd177cf1a3fea680a
vestboost_train_00508_jhboyo_train_00508_image_240_jpg.rf.3bf4aec138d7349b986e58a71d2a1435.jpg,vestboost_train_00508_jhboyo_train_00508_image_240_jpg.rf.3bf4aec138d7349b986e58a71d2a1435,vest_ext,vest_ext:image_240,0,1,0,5f10ee5e5fdff362c2d4ca18f936067acb80e282
vestboost_train_00509_jhboyo_train_00509_image_241_jpg.rf.2661d97ae1e661da36c67585060188e8.jpg,vestboost_train_00509_jhboyo_train_00509_image_241_jpg.rf.2661d97ae1e661da36c67585060188e8,vest_ext,vest_ext:image_241,0,1,0,6d57aa960efc36698578a20510357d4aa160ed31
vestboost_train_00510_jhboyo_train_00510_image_243_jpg.rf.5efbb4def449b2256950dc1b100f1fb4.jpg,vestboost_train_00510_jhboyo_train_00510_image_243_jpg.rf.5efbb4def449b2256950dc1b100f1fb4,vest_ext,vest_ext:image_243,0,1,0,29a80d5de9c66eb79f35d7f4e6b0c6f6b092f348
vestboost_train_00511_jhboyo_train_00511_image_243_jpg.rf.89c55a62425c676bb743424e64300353.jpg,vestboost_train_00511_jhboyo_train_00511_image_243_jpg.rf.89c55a62425c676bb743424e64300353,vest_ext,vest_ext:image_243,0,1,0,99182bedf370deec930cb3ef0272894b536f4ac6
vestboost_train_00512_jhboyo_train_00512_image_244_jpg.rf.7b4f8f4ffa5ac6753514ae158a6e5ba9.jpg,vestboost_train_00512_jhboyo_train_00512_image_244_jpg.rf.7b4f8f4ffa5ac6753514ae158a6e5ba9,vest_ext,vest_ext:image_244,0,1,0,7ea4cc8bed4a18126cd010350d932b9e3b8b7436
vestboost_train_00513_jhboyo_train_00513_image_245_jpg.rf.51bc1b90b78cf46b807f7a309e43d555.jpg,vestboost_train_00513_jhboyo_train_00513_image_245_jpg.rf.51bc1b90b78cf46b807f7a309e43d555,vest_ext,vest_ext:image_245,0,1,0,d7f94ad772e3c1cbe328b1c1860d801e92032b63
vestboost_train_00514_jhboyo_train_00514_image_246_jpg.rf.cd1445bec47da5bc460b3b6b9d327aab.jpg,vestboost_train_00514_jhboyo_train_00514_image_246_jpg.rf.cd1445bec47da5bc460b3b6b9d327aab,vest_ext,vest_ext:image_246,0,1,0,4db217bf3c96963d83c74007ca8630888d5d94df
vestboost_train_00515_jhboyo_train_00515_image_247_jpg.rf.9824a4d82e96629f51b59a827e711d2e.jpg,vestboost_train_00515_jhboyo_train_00515_image_247_jpg.rf.9824a4d82e96629f51b59a827e711d2e,vest_ext,vest_ext:image_247,0,1,0,4ab701ff2aa809a97d46b4c3c6545a9a021d3cbb
vestboost_train_00516_jhboyo_train_00516_image_24_jpg.rf.4f2fb7d7850e9e4f7a902a0867818f04.jpg,vestboost_train_00516_jhboyo_train_00516_image_24_jpg.rf.4f2fb7d7850e9e4f7a902a0867818f04,vest_ext,vest_ext:image_24,0,1,0,7916d57e7b68b748e85ce7c11c7a67a9f86c7715
vestboost_train_00517_jhboyo_train_00517_image_24_jpg.rf.b73c102216f27073a8b65dc48c130f4f.jpg,vestboost_train_00517_jhboyo_train_00517_image_24_jpg.rf.b73c102216f27073a8b65dc48c130f4f,vest_ext,vest_ext:image_24,0,1,0,ff1794812ca0206dc2367ba64c5d1ed5ec934898
vestboost_train_00518_jhboyo_train_00518_image_250_jpg.rf.7883307f448ac578615d750b3ed5c7ca.jpg,vestboost_train_00518_jhboyo_train_00518_image_250_jpg.rf.7883307f448ac578615d750b3ed5c7ca,vest_ext,vest_ext:image_250,0,1,0,f563b166fd773a72aa25081909153eefcd4ac617
vestboost_train_00519_jhboyo_train_00519_image_253_jpg.rf.84ed718995b459d3c6094729ac435eb1.jpg,vestboost_train_00519_jhboyo_train_00519_image_253_jpg.rf.84ed718995b459d3c6094729ac435eb1,vest_ext,vest_ext:image_253,0,1,0,a97f813c1d3cc50817d11bcc481752612da52065
vestboost_train_00520_jhboyo_train_00520_image_254_jpg.rf.8d83cf16f744feb72b051cd033ff4f31.jpg,vestboost_train_00520_jhboyo_train_00520_image_254_jpg.rf.8d83cf16f744feb72b051cd033ff4f31,vest_ext,vest_ext:image_254,0,1,0,b17343326877c4227f3fc9c1144c93f81410da6f
vestboost_train_00521_jhboyo_train_00521_image_255_jpg.rf.baeb2ecb482a9db0372be6742766dfef.jpg,vestboost_train_00521_jhboyo_train_00521_image_255_jpg.rf.baeb2ecb482a9db0372be6742766dfef,vest_ext,vest_ext:image_255,0,1,0,efebb9ef66d2039ef2129ff493df5408df2e407b
vestboost_train_00522_jhboyo_train_00522_image_256_jpg.rf.b02b18ec7c1c5f7a47373f9106bcc09f.jpg,vestboost_train_00522_jhboyo_train_00522_image_256_jpg.rf.b02b18ec7c1c5f7a47373f9106bcc09f,vest_ext,vest_ext:image_256,0,1,0,5ae1ca9317ededc168a0404b5818a0533eba39f5
vestboost_train_00523_jhboyo_train_00523_image_257_jpg.rf.87e1847444342493d0633f2f944d0b47.jpg,vestboost_train_00523_jhboyo_train_00523_image_257_jpg.rf.87e1847444342493d0633f2f944d0b47,vest_ext,vest_ext:image_257,0,1,0,50c9d074c8b2a435f7fee7f8a807da463ffc8f7e
vestboost_train_00524_jhboyo_train_00524_image_257_jpg.rf.b0d816ae0f3fef07420640d930111bea.jpg,vestboost_train_00524_jhboyo_train_00524_image_257_jpg.rf.b0d816ae0f3fef07420640d930111bea,vest_ext,vest_ext:image_257,0,1,0,d42713ac1e76d5e6a34e877efd6805cfb8bcaae7
vestboost_train_00525_jhboyo_train_00525_image_258_jpg.rf.8ac750815018a1341658dc6f1efedf89.jpg,vestboost_train_00525_jhboyo_train_00525_image_258_jpg.rf.8ac750815018a1341658dc6f1efedf89,vest_ext,vest_ext:image_258,0,1,0,f4a236335057c26ad8ab6e4059676109ef82b6f1
vestboost_train_00526_jhboyo_train_00526_image_258_jpg.rf.a86cca04a212442140d88924ceeb0378.jpg,vestboost_train_00526_jhboyo_train_00526_image_258_jpg.rf.a86cca04a212442140d88924ceeb0378,vest_ext,vest_ext:image_258,0,1,0,2109caa10bf11d231080c68fcec4396110433ee3
vestboost_train_00527_jhboyo_train_00527_image_259_jpg.rf.aad3711cf214db6804fb5100b95219f1.jpg,vestboost_train_00527_jhboyo_train_00527_image_259_jpg.rf.aad3711cf214db6804fb5100b95219f1,vest_ext,vest_ext:image_259,0,1,0,923f151a456183920904a2f891e7eb82e58e9c1b
vestboost_train_00528_jhboyo_train_00528_image_25_jpg.rf.52ea545cc7b148c7f7616cc57f872111.jpg,vestboost_train_00528_jhboyo_train_00528_image_25_jpg.rf.52ea545cc7b148c7f7616cc57f872111,vest_ext,vest_ext:image_25,0,1,0,189a80183daef77990ccba9018f59317e4564f72
vestboost_train_00529_jhboyo_train_00529_image_25_jpg.rf.dceeb10dc9d2d754db0e9276d7d26c78.jpg,vestboost_train_00529_jhboyo_train_00529_image_25_jpg.rf.dceeb10dc9d2d754db0e9276d7d26c78,vest_ext,vest_ext:image_25,0,1,0,e353d2902c5d6cdd4af2807d40a0544b7e3f8777
vestboost_train_00530_jhboyo_train_00530_image_260_jpg.rf.bea923b9b9a6b9cfac5b442c3d44a5e3.jpg,vestboost_train_00530_jhboyo_train_00530_image_260_jpg.rf.bea923b9b9a6b9cfac5b442c3d44a5e3,vest_ext,vest_ext:image_260,0,1,0,814f904732f0e5b330f2443b0ed61963d9685fb2
vestboost_train_00531_jhboyo_train_00531_image_262_jpg.rf.4306bbc23880dda0e3830e42d7829671.jpg,vestboost_train_00531_jhboyo_train_00531_image_262_jpg.rf.4306bbc23880dda0e3830e42d7829671,vest_ext,vest_ext:image_262,0,1,0,773277f2abc93f7f0d76b1c9bc75653b6323a2f3
vestboost_train_00532_jhboyo_train_00532_image_262_jpg.rf.8817284ab693b154543d4c39b753e364.jpg,vestboost_train_00532_jhboyo_train_00532_image_262_jpg.rf.8817284ab693b154543d4c39b753e364,vest_ext,vest_ext:image_262,0,1,0,27369c105d32105e856074846671778a11d6a1e6
vestboost_train_00533_jhboyo_train_00533_image_263_jpg.rf.26af174db99e2aa465374cb0025e3f8b.jpg,vestboost_train_00533_jhboyo_train_00533_image_263_jpg.rf.26af174db99e2aa465374cb0025e3f8b,vest_ext,vest_ext:image_263,0,1,0,01d225d6cc5a0ab764f1778007f4559cc630c56b
vestboost_train_00534_jhboyo_train_00534_image_263_jpg.rf.9a045a275e313a5f6284ed06ffe2f671.jpg,vestboost_train_00534_jhboyo_train_00534_image_263_jpg.rf.9a045a275e313a5f6284ed06ffe2f671,vest_ext,vest_ext:image_263,0,1,0,1ede9f761030205185fca9f3364577d8d079632d
vestboost_train_00535_jhboyo_train_00535_image_264_jpg.rf.335c60ab64bd1da3d76413c340ece885.jpg,vestboost_train_00535_jhboyo_train_00535_image_264_jpg.rf.335c60ab64bd1da3d76413c340ece885,vest_ext,vest_ext:image_264,0,1,0,3deeef7fbe52367552d5a19111cfc6e66229b1ba
vestboost_train_00536_jhboyo_train_00536_image_266_jpg.rf.ccf830ee87e511019fbea7102fb1a810.jpg,vestboost_train_00536_jhboyo_train_00536_image_266_jpg.rf.ccf830ee87e511019fbea7102fb1a810,vest_ext,vest_ext:image_266,0,1,0,c34f9ebf38dfadeedff2fd3b72966bbebd4b37e8
vestboost_train_00537_jhboyo_train_00537_image_26_jpg.rf.055399d002e7831f7cbfa7f2beccb2dc.jpg,vestboost_train_00537_jhboyo_train_00537_image_26_jpg.rf.055399d002e7831f7cbfa7f2beccb2dc,vest_ext,vest_ext:image_26,0,1,0,13a757f0604920577db9f94ce00931a0ff90f7bd
vestboost_train_00538_jhboyo_train_00538_image_26_jpg.rf.6cc91debcc0d9bb6a67600568f62394d.jpg,vestboost_train_00538_jhboyo_train_00538_image_26_jpg.rf.6cc91debcc0d9bb6a67600568f62394d,vest_ext,vest_ext:image_26,0,1,0,2eb1e973b09a1c375f2ab4911ec8d8fb83ea6fe5
vestboost_train_00539_jhboyo_train_00539_image_28_jpg.rf.6731fd6c773627407b271c26ef82e047.jpg,vestboost_train_00539_jhboyo_train_00539_image_28_jpg.rf.6731fd6c773627407b271c26ef82e047,vest_ext,vest_ext:image_28,0,1,0,17e5ef1598e707c05c6e544bd39e5bee8921195d
vestboost_train_00540_jhboyo_train_00540_image_29_jpg.rf.73fdbf43c732850ad6a9c2c410e945d4.jpg,vestboost_train_00540_jhboyo_train_00540_image_29_jpg.rf.73fdbf43c732850ad6a9c2c410e945d4,vest_ext,vest_ext:image_29,0,1,0,e7bf34c10a89ba3ad8d591416b46aa4fa7e1a304
vestboost_train_00541_jhboyo_train_00541_image_29_jpg.rf.abde1668a1d55a7ccfde9ce751e5f9ec.jpg,vestboost_train_00541_jhboyo_train_00541_image_29_jpg.rf.abde1668a1d55a7ccfde9ce751e5f9ec,vest_ext,vest_ext:image_29,0,1,0,3660001750862b6cf4649147548b8ed8c505e216
vestboost_train_00542_jhboyo_train_00542_image_31_jpg.rf.10e13290aae497744c365f297b63c4a3.jpg,vestboost_train_00542_jhboyo_train_00542_image_31_jpg.rf.10e13290aae497744c365f297b63c4a3,vest_ext,vest_ext:image_31,0,1,0,0c901615454ea83213e805381d9c7f98b9dcc88c
vestboost_train_00543_jhboyo_train_00543_image_31_jpg.rf.736646bfff47beda85a49a5faeb1806a.jpg,vestboost_train_00543_jhboyo_train_00543_image_31_jpg.rf.736646bfff47beda85a49a5faeb1806a,vest_ext,vest_ext:image_31,0,1,0,d7b3d3faf8651c4e6954746a96a2b8c7d66b3127
vestboost_train_00544_jhboyo_train_00544_image_33_jpg.rf.46fa2919ccb66766a00ddb23c2f6f93b.jpg,vestboost_train_00544_jhboyo_train_00544_image_33_jpg.rf.46fa2919ccb66766a00ddb23c2f6f93b,vest_ext,vest_ext:image_33,0,1,0,50e53d72fdf12b01cc8384c14e03e75483b0f57e
vestboost_train_00545_jhboyo_train_00545_image_33_jpg.rf.76e6340bed50be517bb8dd2f23856748.jpg,vestboost_train_00545_jhboyo_train_00545_image_33_jpg.rf.76e6340bed50be517bb8dd2f23856748,vest_ext,vest_ext:image_33,0,1,0,8eaacbecd77cbcd23b0e3d4c967811f8bb2c5a42
vestboost_train_00546_jhboyo_train_00546_image_33_jpg.rf.9be76fc11f8bb4f64f98a4e3d3151b64.jpg,vestboost_train_00546_jhboyo_train_00546_image_33_jpg.rf.9be76fc11f8bb4f64f98a4e3d3151b64,vest_ext,vest_ext:image_33,0,1,0,83967b552f6071cbfe5a4c559e6653d8b09ca900
vestboost_train_00547_jhboyo_train_00547_image_33_jpg.rf.fe9618bf3de12956bc3130e53558c071.jpg,vestboost_train_00547_jhboyo_train_00547_image_33_jpg.rf.fe9618bf3de12956bc3130e53558c071,vest_ext,vest_ext:image_33,0,1,0,70be9b00483027745d514081c61429081e61aa6a
vestboost_train_00548_jhboyo_train_00548_image_34_jpg.rf.26f1b69358c8520e304fd4c3e8b9e4de.jpg,vestboost_train_00548_jhboyo_train_00548_image_34_jpg.rf.26f1b69358c8520e304fd4c3e8b9e4de,vest_ext,vest_ext:image_34,0,1,0,3891907b6067d42d887d93ceb98e99258c27c0a7
vestboost_train_00549_jhboyo_train_00549_image_34_jpg.rf.28b505c35ebec43addddc3a82f18152e.jpg,vestboost_train_00549_jhboyo_train_00549_image_34_jpg.rf.28b505c35ebec43addddc3a82f18152e,vest_ext,vest_ext:image_34,0,1,0,1364849dbac12033f09baf56f656dbee89479f37
vestboost_train_00550_jhboyo_train_00550_image_34_jpg.rf.b925976f5b2bdae81fae0154361cee39.jpg,vestboost_train_00550_jhboyo_train_00550_image_34_jpg.rf.b925976f5b2bdae81fae0154361cee39,vest_ext,vest_ext:image_34,0,1,0,2c3e3400c9a57bc670e555e50891aec6182738d4
vestboost_train_00551_jhboyo_train_00551_image_34_jpg.rf.c54773c2707a610307b2235420b2e4b5.jpg,vestboost_train_00551_jhboyo_train_00551_image_34_jpg.rf.c54773c2707a610307b2235420b2e4b5,vest_ext,vest_ext:image_34,0,1,0,3e4a5a4687278782356f6c242093721828b656e3
vestboost_train_00552_jhboyo_train_00552_image_34_jpg.rf.eba4b0551e233658627a4700bbeced35.jpg,vestboost_train_00552_jhboyo_train_00552_image_34_jpg.rf.eba4b0551e233658627a4700bbeced35,vest_ext,vest_ext:image_34,0,1,0,c2eaa0f6a9cb39a3199747a8c799f18aeede9562
vestboost_train_00553_jhboyo_train_00553_image_35_jpg.rf.72c7881c6dd74826068c08444962a226.jpg,vestboost_train_00553_jhboyo_train_00553_image_35_jpg.rf.72c7881c6dd74826068c08444962a226,vest_ext,vest_ext:image_35,0,1,0,18bef0d6dd512203db373e92add8f2588eb05e80
vestboost_train_00554_jhboyo_train_00554_image_35_jpg.rf.8c9bb24920c1b06307bb8dbc8f72ed9a.jpg,vestboost_train_00554_jhboyo_train_00554_image_35_jpg.rf.8c9bb24920c1b06307bb8dbc8f72ed9a,vest_ext,vest_ext:image_35,0,1,0,7d86921e917a648eb61e9a2d79fa08a16a1bbdb4
vestboost_train_00555_jhboyo_train_00555_image_35_jpg.rf.a71bd0a3982a1b4cffa8c7ddec21fe63.jpg,vestboost_train_00555_jhboyo_train_00555_image_35_jpg.rf.a71bd0a3982a1b4cffa8c7ddec21fe63,vest_ext,vest_ext:image_35,0,1,0,ddbc5d53f6ca3072ab27a1ae841a9f095316506d
vestboost_train_00556_jhboyo_train_00556_image_35_jpg.rf.fe288315a901e5ab1a6360f7f760bbe0.jpg,vestboost_train_00556_jhboyo_train_00556_image_35_jpg.rf.fe288315a901e5ab1a6360f7f760bbe0,vest_ext,vest_ext:image_35,0,1,0,22b3822aa1bed1f83411b1eef97082e3a6ba96eb
vestboost_train_00557_jhboyo_train_00557_image_36_jpg.rf.443be6cb28d1c0030d1795d35c8fb444.jpg,vestboost_train_00557_jhboyo_train_00557_image_36_jpg.rf.443be6cb28d1c0030d1795d35c8fb444,vest_ext,vest_ext:image_36,0,1,0,a79b18addfd2408413f6e9ff478941238a0bdd05
vestboost_train_00558_jhboyo_train_00558_image_36_jpg.rf.6f151e9865a61d2d1e45f663fbee8375.jpg,vestboost_train_00558_jhboyo_train_00558_image_36_jpg.rf.6f151e9865a61d2d1e45f663fbee8375,vest_ext,vest_ext:image_36,0,1,0,f69db6e5ca8b7ee10c8e52c731f650f37a074695
vestboost_train_00559_jhboyo_train_00559_image_36_jpg.rf.ea161d1b5fd5663ecd7916ad1716ef9e.jpg,vestboost_train_00559_jhboyo_train_00559_image_36_jpg.rf.ea161d1b5fd5663ecd7916ad1716ef9e,vest_ext,vest_ext:image_36,0,1,0,a256f6979f8f3609b4b468032ce097985065ca6a
vestboost_train_00560_jhboyo_train_00560_image_37_jpg.rf.8713d6db434e820a2f65205dd7517922.jpg,vestboost_train_00560_jhboyo_train_00560_image_37_jpg.rf.8713d6db434e820a2f65205dd7517922,vest_ext,vest_ext:image_37,0,1,0,d37f60bcefe685635de3ed6286386251bcc43d3a
vestboost_train_00561_jhboyo_train_00561_image_37_jpg.rf.c1ad664ef3b87579eb83b56c2311c35b.jpg,vestboost_train_00561_jhboyo_train_00561_image_37_jpg.rf.c1ad664ef3b87579eb83b56c2311c35b,vest_ext,vest_ext:image_37,0,1,0,af2c7d7b73e1a34e1a1f7a8c9903771d652594c9
vestboost_train_00562_jhboyo_train_00562_image_38_jpg.rf.4990e1adcd75db82d7badb992bcbf79d.jpg,vestboost_train_00562_jhboyo_train_00562_image_38_jpg.rf.4990e1adcd75db82d7badb992bcbf79d,vest_ext,vest_ext:image_38,0,2,0,894e4b28c9c38f109250f080240eb15763500a14
vestboost_train_00563_jhboyo_train_00563_image_38_jpg.rf.4cdcbde0514cf6b353a92efc1b13ef6f.jpg,vestboost_train_00563_jhboyo_train_00563_image_38_jpg.rf.4cdcbde0514cf6b353a92efc1b13ef6f,vest_ext,vest_ext:image_38,0,1,0,0a15114cb21eab8b1c3183d5b60047018c5f9d81
vestboost_train_00564_jhboyo_train_00564_image_39_jpg.rf.a058651a849b4c941db52c2208c403c7.jpg,vestboost_train_00564_jhboyo_train_00564_image_39_jpg.rf.a058651a849b4c941db52c2208c403c7,vest_ext,vest_ext:image_39,0,1,0,4a135bc558a64122cede1675dd636fcdc599bd54
vestboost_train_00565_jhboyo_train_00565_image_39_jpg.rf.d42b8e2a487d000b61dce7e3c2299d1c.jpg,vestboost_train_00565_jhboyo_train_00565_image_39_jpg.rf.d42b8e2a487d000b61dce7e3c2299d1c,vest_ext,vest_ext:image_39,0,1,0,244eb054314e392b3eee3d1e4d2a9110aa3be9e6
vestboost_train_00566_jhboyo_train_00566_image_40_jpg.rf.2c4b76ef8fcc07bd8da4376045755c5c.jpg,vestboost_train_00566_jhboyo_train_00566_image_40_jpg.rf.2c4b76ef8fcc07bd8da4376045755c5c,vest_ext,vest_ext:image_40,0,1,0,001572546af82176da7fe5a6fb7d8866405b75fb
vestboost_train_00567_jhboyo_train_00567_image_40_jpg.rf.4387a2650e333d06885c7ec0424cd763.jpg,vestboost_train_00567_jhboyo_train_00567_image_40_jpg.rf.4387a2650e333d06885c7ec0424cd763,vest_ext,vest_ext:image_40,0,1,0,ef93283347b2578c981f0387db2aafc6584f71e7
vestboost_train_00568_jhboyo_train_00568_image_40_jpg.rf.74821f0eb36825a80d62879326483e1d.jpg,vestboost_train_00568_jhboyo_train_00568_image_40_jpg.rf.74821f0eb36825a80d62879326483e1d,vest_ext,vest_ext:image_40,0,1,0,9dcd4a26ecbd0ac2fa19a9544cd08903029e6a7a
vestboost_train_00569_jhboyo_train_00569_image_41_jpg.rf.15c13539c411679bba85f1497a39d029.jpg,vestboost_train_00569_jhboyo_train_00569_image_41_jpg.rf.15c13539c411679bba85f1497a39d029,vest_ext,vest_ext:image_41,0,1,0,a73aa9940a13dd8c779dbf88a6bae934d951803a
vestboost_train_00570_jhboyo_train_00570_image_42_jpg.rf.21e822ffee5945aa9c59dfab4e3d19d9.jpg,vestboost_train_00570_jhboyo_train_00570_image_42_jpg.rf.21e822ffee5945aa9c59dfab4e3d19d9,vest_ext,vest_ext:image_42,0,1,0,b2d9daa9f7c42e0f69f30deecf55280998bb718f
vestboost_train_00571_jhboyo_train_00571_image_42_jpg.rf.443381422c5f2d43fa0625ba0dbad561.jpg,vestboost_train_00571_jhboyo_train_00571_image_42_jpg.rf.443381422c5f2d43fa0625ba0dbad561,vest_ext,vest_ext:image_42,0,1,0,695507ed96990aa3cef6f47315994add8808d461
vestboost_train_00572_jhboyo_train_00572_image_42_jpg.rf.7b0b62710604f5c6f0aac5451de329a5.jpg,vestboost_train_00572_jhboyo_train_00572_image_42_jpg.rf.7b0b62710604f5c6f0aac5451de329a5,vest_ext,vest_ext:image_42,0,1,0,2e9f50cdbe427a5ef32fe2fbb310c4cd58352718
vestboost_train_00573_jhboyo_train_00573_image_43_jpg.rf.653243a4aeb0e7f68c8dac0239ec7510.jpg,vestboost_train_00573_jhboyo_train_00573_image_43_jpg.rf.653243a4aeb0e7f68c8dac0239ec7510,vest_ext,vest_ext:image_43,0,1,0,00cdfd403b91c4f22e193e171e310be87185944c
vestboost_train_00574_jhboyo_train_00574_image_43_jpg.rf.7574052c36848aeae2883785ca8d5fb7.jpg,vestboost_train_00574_jhboyo_train_00574_image_43_jpg.rf.7574052c36848aeae2883785ca8d5fb7,vest_ext,vest_ext:image_43,0,1,0,4cc202f8f5ca6746aa18da1a7dc32865874583a6
vestboost_train_00575_jhboyo_train_00575_image_43_jpg.rf.d7c9af387175741289ab5b6887a67bdf.jpg,vestboost_train_00575_jhboyo_train_00575_image_43_jpg.rf.d7c9af387175741289ab5b6887a67bdf,vest_ext,vest_ext:image_43,0,1,0,c58ceedf2a9622134fe29218194d6504cf5219ce
vestboost_train_00576_jhboyo_train_00576_image_43_jpg.rf.fc655644430377fe35f6a3ae6c34c3ec.jpg,vestboost_train_00576_jhboyo_train_00576_image_43_jpg.rf.fc655644430377fe35f6a3ae6c34c3ec,vest_ext,vest_ext:image_43,0,1,0,1dd115f41a1c56831de829181ab25d2b49d35512
vestboost_train_00577_jhboyo_train_00577_image_44_jpg.rf.2eabfcf48552ce5cf9c85ab75a277ed0.jpg,vestboost_train_00577_jhboyo_train_00577_image_44_jpg.rf.2eabfcf48552ce5cf9c85ab75a277ed0,vest_ext,vest_ext:image_44,0,1,0,cf279c7156f8dbb7029ff810005bef13e5dddb7b
vestboost_train_00578_jhboyo_train_00578_image_44_jpg.rf.59518448ac42d1519f12d27d286c095d.jpg,vestboost_train_00578_jhboyo_train_00578_image_44_jpg.rf.59518448ac42d1519f12d27d286c095d,vest_ext,vest_ext:image_44,0,1,0,bd0a66c0f082d743e619eba77a92011b47406cc0
vestboost_train_00579_jhboyo_train_00579_image_44_jpg.rf.8e073b9950452e181a48d1abb0f97e49.jpg,vestboost_train_00579_jhboyo_train_00579_image_44_jpg.rf.8e073b9950452e181a48d1abb0f97e49,vest_ext,vest_ext:image_44,0,1,0,d07363dad7f67cc158f47038fc0f75eb53b1c037
vestboost_train_00580_jhboyo_train_00580_image_45_jpg.rf.557ea7117005f1c6e9b3c14334de456b.jpg,vestboost_train_00580_jhboyo_train_00580_image_45_jpg.rf.557ea7117005f1c6e9b3c14334de456b,vest_ext,vest_ext:image_45,0,1,0,d10d12db6706720d3c41321b5b6429e91f4dc9a4
vestboost_train_00581_jhboyo_train_00581_image_46_jpg.rf.4c809918e96e5b7bba20d7b1c3c417d2.jpg,vestboost_train_00581_jhboyo_train_00581_image_46_jpg.rf.4c809918e96e5b7bba20d7b1c3c417d2,vest_ext,vest_ext:image_46,0,1,0,d45954c7adb16f2681a8153fb550ef91360af131
vestboost_train_00582_jhboyo_train_00582_image_46_jpg.rf.9037b63a238fd5eb45034b6864fb0a0e.jpg,vestboost_train_00582_jhboyo_train_00582_image_46_jpg.rf.9037b63a238fd5eb45034b6864fb0a0e,vest_ext,vest_ext:image_46,0,1,0,e37505b82c407e2385846d43cc14c908a0bf4f7d
vestboost_train_00583_jhboyo_train_00583_image_46_jpg.rf.c5d9c77196bc5914b3c1e9986cd5a6e5.jpg,vestboost_train_00583_jhboyo_train_00583_image_46_jpg.rf.c5d9c77196bc5914b3c1e9986cd5a6e5,vest_ext,vest_ext:image_46,0,1,0,49416933eeda92f8b12ddd65ba567a043ad8c34f
vestboost_train_00584_jhboyo_train_00584_image_47_jpg.rf.14969ee0c4fa931ff1d08b50ad6e8291.jpg,vestboost_train_00584_jhboyo_train_00584_image_47_jpg.rf.14969ee0c4fa931ff1d08b50ad6e8291,vest_ext,vest_ext:image_47,0,1,0,bbca3ffb5859113cc3824497f928b74b39a87d66
vestboost_train_00585_jhboyo_train_00585_image_47_jpg.rf.4bc6febfe01f58602d900f41130e3423.jpg,vestboost_train_00585_jhboyo_train_00585_image_47_jpg.rf.4bc6febfe01f58602d900f41130e3423,vest_ext,vest_ext:image_47,0,1,0,e137d207d53135b2c9139939c1a1af93609077a7
vestboost_train_00586_jhboyo_train_00586_image_47_jpg.rf.5b804fdcd8ab3b52b637a3b844d6b4f5.jpg,vestboost_train_00586_jhboyo_train_00586_image_47_jpg.rf.5b804fdcd8ab3b52b637a3b844d6b4f5,vest_ext,vest_ext:image_47,0,1,0,9c5149090b50a431479a8442b7e307829e7a1c2c
vestboost_train_00587_jhboyo_train_00587_image_47_jpg.rf.b913e5663babfe8fb0d6425ee8fda18a.jpg,vestboost_train_00587_jhboyo_train_00587_image_47_jpg.rf.b913e5663babfe8fb0d6425ee8fda18a,vest_ext,vest_ext:image_47,0,1,0,9b3ef57122998e007ce1188f8a46ae7be677eed0
vestboost_train_00588_jhboyo_train_00588_image_48_jpg.rf.056c72720b24b1a5780817f609d8db74.jpg,vestboost_train_00588_jhboyo_train_00588_image_48_jpg.rf.056c72720b24b1a5780817f609d8db74,vest_ext,vest_ext:image_48,0,1,0,3d4362332c6bb9f1a248bc90096185bc14eba20c
vestboost_train_00589_jhboyo_train_00589_image_48_jpg.rf.23a58c6476618b12d2afddb9c71dfa37.jpg,vestboost_train_00589_jhboyo_train_00589_image_48_jpg.rf.23a58c6476618b12d2afddb9c71dfa37,vest_ext,vest_ext:image_48,0,1,0,b96ae9ad12135f2d9ff3afc276d09f4ba1f1307e
vestboost_train_00590_jhboyo_train_00590_image_48_jpg.rf.41f917a540e4def4c8a41599aa72ad4b.jpg,vestboost_train_00590_jhboyo_train_00590_image_48_jpg.rf.41f917a540e4def4c8a41599aa72ad4b,vest_ext,vest_ext:image_48,0,1,0,9e81b58506f1160c7d7448aa256a60812735139a
vestboost_train_00591_jhboyo_train_00591_image_49_jpg.rf.05af6a2a5c30a6908e21ec901822f258.jpg,vestboost_train_00591_jhboyo_train_00591_image_49_jpg.rf.05af6a2a5c30a6908e21ec901822f258,vest_ext,vest_ext:image_49,0,1,0,afc6aca6ce241a173a06498d2130733b43c04602
vestboost_train_00592_jhboyo_train_00592_image_49_jpg.rf.556711a9846719e677a54bb32474e8b1.jpg,vestboost_train_00592_jhboyo_train_00592_image_49_jpg.rf.556711a9846719e677a54bb32474e8b1,vest_ext,vest_ext:image_49,0,1,0,280ab7eff957db8498d3ab34ed9b36e54fe0e36d
vestboost_train_00593_jhboyo_train_00593_image_4_jpg.rf.35805d2f932442448b6bf5e468cde799.jpg,vestboost_train_00593_jhboyo_train_00593_image_4_jpg.rf.35805d2f932442448b6bf5e468cde799,vest_ext,vest_ext:image_4,0,1,0,a3479302695c217e83e38d9bd16ea5baae03668f
vestboost_train_00594_jhboyo_train_00594_image_50_jpg.rf.10685a9040bbe14649d4f26adcad6a34.jpg,vestboost_train_00594_jhboyo_train_00594_image_50_jpg.rf.10685a9040bbe14649d4f26adcad6a34,vest_ext,vest_ext:image_50,0,1,0,631a64da949536985faa2be0bddf57132f80549b
vestboost_train_00595_jhboyo_train_00595_image_50_jpg.rf.35b0696c9958b0d0d143b2db0bc667ed.jpg,vestboost_train_00595_jhboyo_train_00595_image_50_jpg.rf.35b0696c9958b0d0d143b2db0bc667ed,vest_ext,vest_ext:image_50,0,1,0,8f4e44ad17e19464ecb5d1ee5ac6b8cc9d308494
vestboost_train_00596_jhboyo_train_00596_image_50_jpg.rf.37031e0ef5ca6ab1dc743ccd5e0c7a11.jpg,vestboost_train_00596_jhboyo_train_00596_image_50_jpg.rf.37031e0ef5ca6ab1dc743ccd5e0c7a11,vest_ext,vest_ext:image_50,0,1,0,6391151061bb36a123f7833c00c4807b33fd0e74
vestboost_train_00597_jhboyo_train_00597_image_51_jpg.rf.255fad551ab0bbf96513e61055fa68d0.jpg,vestboost_train_00597_jhboyo_train_00597_image_51_jpg.rf.255fad551ab0bbf96513e61055fa68d0,vest_ext,vest_ext:image_51,0,1,0,32c1e7d91d18b8feb698ed46873a6e261b285cb6
vestboost_train_00598_jhboyo_train_00598_image_51_jpg.rf.78353f2ff32ff01101edd8ed4ee67e38.jpg,vestboost_train_00598_jhboyo_train_00598_image_51_jpg.rf.78353f2ff32ff01101edd8ed4ee67e38,vest_ext,vest_ext:image_51,0,1,0,451046af499835873f5d3123307599d165318b65
vestboost_train_00599_jhboyo_train_00599_image_51_jpg.rf.b3f8798c722af7c811ace224a560d1f0.jpg,vestboost_train_00599_jhboyo_train_00599_image_51_jpg.rf.b3f8798c722af7c811ace224a560d1f0,vest_ext,vest_ext:image_51,0,1,0,befcad97cb806497800dc0856ecc699073e64313
vestboost_train_00600_jhboyo_train_00600_image_51_jpg.rf.b4391b5fbe054b191202763e43fe369c.jpg,vestboost_train_00600_jhboyo_train_00600_image_51_jpg.rf.b4391b5fbe054b191202763e43fe369c,vest_ext,vest_ext:image_51,0,1,0,cf7434469be814931e16e518f02a4ef0b4fc8d69
vestboost_train_00601_jhboyo_train_00601_image_52_jpg.rf.2b334e5be3829ecefd1076fded65f299.jpg,vestboost_train_00601_jhboyo_train_00601_image_52_jpg.rf.2b334e5be3829ecefd1076fded65f299,vest_ext,vest_ext:image_52,0,1,0,1b4a04181f0bb0032e714d0de9777dd809521985
vestboost_train_00602_jhboyo_train_00602_image_52_jpg.rf.d73732a3c94c19df24dd0df9238e67b0.jpg,vestboost_train_00602_jhboyo_train_00602_image_52_jpg.rf.d73732a3c94c19df24dd0df9238e67b0,vest_ext,vest_ext:image_52,0,1,0,f70e73b934c36dc08eac445e6d752b0d12802efb
vestboost_train_00603_jhboyo_train_00603_image_53_jpg.rf.8d674ad6de63fffaf22a6b4812b999bb.jpg,vestboost_train_00603_jhboyo_train_00603_image_53_jpg.rf.8d674ad6de63fffaf22a6b4812b999bb,vest_ext,vest_ext:image_53,0,1,0,5761825b29e912e546fc22454f7f3743de40aae6
vestboost_train_00604_jhboyo_train_00604_image_53_jpg.rf.f025e3188659e64910c27723a6456ca3.jpg,vestboost_train_00604_jhboyo_train_00604_image_53_jpg.rf.f025e3188659e64910c27723a6456ca3,vest_ext,vest_ext:image_53,0,1,0,0c17b04f623b2ce1428b518bb1d7c43f768dd0e4
vestboost_train_00605_jhboyo_train_00605_image_53_jpg.rf.f33576f713d07b968f05a80080e99554.jpg,vestboost_train_00605_jhboyo_train_00605_image_53_jpg.rf.f33576f713d07b968f05a80080e99554,vest_ext,vest_ext:image_53,0,1,0,b330e7e64954fd38a613b2214f4423bf39e77367
vestboost_train_00606_jhboyo_train_00606_image_54_jpg.rf.295821ed53cfa163112317f8ca5e5c9c.jpg,vestboost_train_00606_jhboyo_train_00606_image_54_jpg.rf.295821ed53cfa163112317f8ca5e5c9c,vest_ext,vest_ext:image_54,0,1,0,ae2c8142afe05d52edffd1c601e50a82c6043d20
vestboost_train_00607_jhboyo_train_00607_image_54_jpg.rf.8f5d5b55a14afd39b16121fcc54f6ce7.jpg,vestboost_train_00607_jhboyo_train_00607_image_54_jpg.rf.8f5d5b55a14afd39b16121fcc54f6ce7,vest_ext,vest_ext:image_54,0,1,0,08fb9aae2abd91b90368eb2f99687abe4d89f00c
vestboost_train_00608_jhboyo_train_00608_image_55_jpg.rf.7cba50191bf29aecc00852a9608294fc.jpg,vestboost_train_00608_jhboyo_train_00608_image_55_jpg.rf.7cba50191bf29aecc00852a9608294fc,vest_ext,vest_ext:image_55,0,1,0,53b1210b1a3abced7094c04b2a18c8c65109351f
vestboost_train_00609_jhboyo_train_00609_image_55_jpg.rf.9ddb4029ecbfbcd4d05cb4a1f0196fb0.jpg,vestboost_train_00609_jhboyo_train_00609_image_55_jpg.rf.9ddb4029ecbfbcd4d05cb4a1f0196fb0,vest_ext,vest_ext:image_55,0,1,0,a48f26c444767edd37051a58835db902c415c300
vestboost_train_00610_jhboyo_train_00610_image_58_jpg.rf.42fa360d31d5739547f860b177fb14f7.jpg,vestboost_train_00610_jhboyo_train_00610_image_58_jpg.rf.42fa360d31d5739547f860b177fb14f7,vest_ext,vest_ext:image_58,0,1,0,703205c0c1c6a90b7de546eb5dfd9e807b3c0ee5
vestboost_train_00611_jhboyo_train_00611_image_58_jpg.rf.bc4d9f0ea38e088b0ea303fbf7465d68.jpg,vestboost_train_00611_jhboyo_train_00611_image_58_jpg.rf.bc4d9f0ea38e088b0ea303fbf7465d68,vest_ext,vest_ext:image_58,0,1,0,8e8e0b846cc09856cfbcf64e722cbbcd7ee284a8
vestboost_train_00612_jhboyo_train_00612_image_59_jpg.rf.7757b6913cab5c5f98f99039ac1c10b7.jpg,vestboost_train_00612_jhboyo_train_00612_image_59_jpg.rf.7757b6913cab5c5f98f99039ac1c10b7,vest_ext,vest_ext:image_59,0,1,0,b5164be511715b3d8881f16fac171c84811ff677
vestboost_train_00613_jhboyo_train_00613_image_5_jpg.rf.69af497a990c06c6c7f42f8a80c00493.jpg,vestboost_train_00613_jhboyo_train_00613_image_5_jpg.rf.69af497a990c06c6c7f42f8a80c00493,vest_ext,vest_ext:image_5,0,1,0,3828c9292d7417e892a9b40931b2451f13ce9072
vestboost_train_00614_jhboyo_train_00614_image_60_jpg.rf.0ba0ed95b70e13fcfebe18027a345c04.jpg,vestboost_train_00614_jhboyo_train_00614_image_60_jpg.rf.0ba0ed95b70e13fcfebe18027a345c04,vest_ext,vest_ext:image_60,0,1,0,1f3efb67cf5d21aee2837ccab8ea52cb94364ef5
vestboost_train_00615_jhboyo_train_00615_image_60_jpg.rf.17a33146417d49f8b0f8e589622a1f9d.jpg,vestboost_train_00615_jhboyo_train_00615_image_60_jpg.rf.17a33146417d49f8b0f8e589622a1f9d,vest_ext,vest_ext:image_60,0,1,0,dc1b3bacdea0f16d7562990feb6e70214c072fdd
vestboost_train_00616_jhboyo_train_00616_image_60_jpg.rf.4a2125619f00a270530ac1f83eeda2c7.jpg,vestboost_train_00616_jhboyo_train_00616_image_60_jpg.rf.4a2125619f00a270530ac1f83eeda2c7,vest_ext,vest_ext:image_60,0,1,0,78eae21206b2f48c695c205c2c2c64a875585b91
vestboost_train_00617_jhboyo_train_00617_image_60_jpg.rf.b62007a3e23f4bda072e8709a03e017c.jpg,vestboost_train_00617_jhboyo_train_00617_image_60_jpg.rf.b62007a3e23f4bda072e8709a03e017c,vest_ext,vest_ext:image_60,0,1,0,e71197cf28c67a7e96ffbce4f735ede05fda963f
vestboost_train_00618_jhboyo_train_00618_image_61_jpg.rf.e43133f0c79bfd5e76615c190f9f1a39.jpg,vestboost_train_00618_jhboyo_train_00618_image_61_jpg.rf.e43133f0c79bfd5e76615c190f9f1a39,vest_ext,vest_ext:image_61,0,1,0,31a62a88880afc2fbb8cdb65a350926b276fcec6
vestboost_train_00619_jhboyo_train_00619_image_62_jpg.rf.9de3990a542d3bff1bc4ea243c798a77.jpg,vestboost_train_00619_jhboyo_train_00619_image_62_jpg.rf.9de3990a542d3bff1bc4ea243c798a77,vest_ext,vest_ext:image_62,0,1,0,1e890f03d7f2d6ae228beb1ea7ddb79d4bbc4790
vestboost_train_00620_jhboyo_train_00620_image_62_jpg.rf.ab9a85376ef2cdb93daeaa30f39dc71f.jpg,vestboost_train_00620_jhboyo_train_00620_image_62_jpg.rf.ab9a85376ef2cdb93daeaa30f39dc71f,vest_ext,vest_ext:image_62,0,1,0,2a2cd029a818d496c097ffe8c384b1b7c4bd53f9
vestboost_train_00621_jhboyo_train_00621_image_64_jpg.rf.cf402600915c05e8067813f08f37a3ef.jpg,vestboost_train_00621_jhboyo_train_00621_image_64_jpg.rf.cf402600915c05e8067813f08f37a3ef,vest_ext,vest_ext:image_64,0,1,0,004916428225a37982ef793768c6b3df2a0c26b0
vestboost_train_00622_jhboyo_train_00622_image_64_jpg.rf.fc424b4765b3752b3050bd15dec71d40.jpg,vestboost_train_00622_jhboyo_train_00622_image_64_jpg.rf.fc424b4765b3752b3050bd15dec71d40,vest_ext,vest_ext:image_64,0,1,0,d354a21703585fc43b1023d8fd80b90ae9d373d7
vestboost_train_00623_jhboyo_train_00623_image_65_jpg.rf.442a696abc1b0aa4e80c27bf52d866e1.jpg,vestboost_train_00623_jhboyo_train_00623_image_65_jpg.rf.442a696abc1b0aa4e80c27bf52d866e1,vest_ext,vest_ext:image_65,0,1,0,881e6a5ff82d1f05592cd24be30e68d7bb0eabda
vestboost_train_00624_jhboyo_train_00624_image_66_jpg.rf.2da8f6e85c2ac03f9b13c2c1600e80ef.jpg,vestboost_train_00624_jhboyo_train_00624_image_66_jpg.rf.2da8f6e85c2ac03f9b13c2c1600e80ef,vest_ext,vest_ext:image_66,0,1,0,454a25525b9ddc1a3c34e5262f08c8a5cce01f91
vestboost_train_00625_jhboyo_train_00625_image_66_jpg.rf.dfff5a705cdbd2c20932e242d944ee21.jpg,vestboost_train_00625_jhboyo_train_00625_image_66_jpg.rf.dfff5a705cdbd2c20932e242d944ee21,vest_ext,vest_ext:image_66,0,1,0,d2e01e3436582b0544a5486a8a1c41f755a29d2c
vestboost_train_00626_jhboyo_train_00626_image_66_jpg.rf.e2e3b52a9ff00d88b111738aa1334294.jpg,vestboost_train_00626_jhboyo_train_00626_image_66_jpg.rf.e2e3b52a9ff00d88b111738aa1334294,vest_ext,vest_ext:image_66,0,1,0,1e6ee8b3d6abbcd6ad5c37ccc148480fc2781943
vestboost_train_00627_jhboyo_train_00627_image_67_jpg.rf.77f89884d38ea7fc52d347655c27fc3d.jpg,vestboost_train_00627_jhboyo_train_00627_image_67_jpg.rf.77f89884d38ea7fc52d347655c27fc3d,vest_ext,vest_ext:image_67,0,1,0,a46f3148173a59c768d0559df15142fbcc3b19b5
vestboost_train_00628_jhboyo_train_00628_image_67_jpg.rf.863e2e220d02d71e49ba3b33751195d3.jpg,vestboost_train_00628_jhboyo_train_00628_image_67_jpg.rf.863e2e220d02d71e49ba3b33751195d3,vest_ext,vest_ext:image_67,0,1,0,7c2d67138f591a43f23223b83ab76bffb4dd89c7
vestboost_train_00629_jhboyo_train_00629_image_68_jpg.rf.678164aed10c72aa9c27696f2ed56ee8.jpg,vestboost_train_00629_jhboyo_train_00629_image_68_jpg.rf.678164aed10c72aa9c27696f2ed56ee8,vest_ext,vest_ext:image_68,0,1,0,564b4729dacabf659a2840b3b262aa8ceba60e21
vestboost_train_00630_jhboyo_train_00630_image_68_jpg.rf.a32a7235b0686956adf34e09cac36d9d.jpg,vestboost_train_00630_jhboyo_train_00630_image_68_jpg.rf.a32a7235b0686956adf34e09cac36d9d,vest_ext,vest_ext:image_68,0,1,0,a3c66946045a630e5df07c85abb2fc65dc19cc63
vestboost_train_00631_jhboyo_train_00631_image_69_jpg.rf.ca8dc4866b2ab0dbed3d117533d382f3.jpg,vestboost_train_00631_jhboyo_train_00631_image_69_jpg.rf.ca8dc4866b2ab0dbed3d117533d382f3,vest_ext,vest_ext:image_69,0,1,0,a4af8a6763343d151d219a3285d2acbb21924f8a
vestboost_train_00632_jhboyo_train_00632_image_69_jpg.rf.e9978a09d32d9c565e0e8d462f65b86c.jpg,vestboost_train_00632_jhboyo_train_00632_image_69_jpg.rf.e9978a09d32d9c565e0e8d462f65b86c,vest_ext,vest_ext:image_69,0,1,0,c58271dacec3b4af4f988a0de096d0983fd2ae77
vestboost_train_00633_jhboyo_train_00633_image_70_jpg.rf.5d3e1c6f8d93e553b13245c8f16e39df.jpg,vestboost_train_00633_jhboyo_train_00633_image_70_jpg.rf.5d3e1c6f8d93e553b13245c8f16e39df,vest_ext,vest_ext:image_70,0,1,0,5da9e747c323ff23d34f6f6a6a9d21feb5d2e520
vestboost_train_00634_jhboyo_train_00634_image_71_jpg.rf.18d18d0f422213b202cfaf35aa2f2ceb.jpg,vestboost_train_00634_jhboyo_train_00634_image_71_jpg.rf.18d18d0f422213b202cfaf35aa2f2ceb,vest_ext,vest_ext:image_71,0,1,0,465d1e08884d9f36257dcb024b61a2c8a0ec83a4
vestboost_train_00635_jhboyo_train_00635_image_73_jpg.rf.e9ab9cc233515c6707f51661e30ed649.jpg,vestboost_train_00635_jhboyo_train_00635_image_73_jpg.rf.e9ab9cc233515c6707f51661e30ed649,vest_ext,vest_ext:image_73,0,1,0,7740031fdc817e1904517dc975c7c80208c5e7e8
vestboost_train_00636_jhboyo_train_00636_image_73_jpg.rf.eb95a36b55e172bbbc2a390e8e8f88a3.jpg,vestboost_train_00636_jhboyo_train_00636_image_73_jpg.rf.eb95a36b55e172bbbc2a390e8e8f88a3,vest_ext,vest_ext:image_73,0,1,0,5f2484a411afaaf28888677bdd05ac82c1b0e3d4
vestboost_train_00637_jhboyo_train_00637_image_74_jpg.rf.a22d274e7a0c500976f9a897bd3f357b.jpg,vestboost_train_00637_jhboyo_train_00637_image_74_jpg.rf.a22d274e7a0c500976f9a897bd3f357b,vest_ext,vest_ext:image_74,0,1,0,2cf8da6dbddafa9c52969464b670ebca4d06b068
vestboost_train_00638_jhboyo_train_00638_image_75_jpg.rf.6e8907b104d3bead7d98686adde40f79.jpg,vestboost_train_00638_jhboyo_train_00638_image_75_jpg.rf.6e8907b104d3bead7d98686adde40f79,vest_ext,vest_ext:image_75,0,1,0,bcbbb53da6651de03585a0d7becbb8518cc7b0d8
vestboost_train_00639_jhboyo_train_00639_image_76_jpg.rf.d417dc70d7c8a7c48d58ee75cb59f53b.jpg,vestboost_train_00639_jhboyo_train_00639_image_76_jpg.rf.d417dc70d7c8a7c48d58ee75cb59f53b,vest_ext,vest_ext:image_76,0,1,0,006e0b86780d5f8a73cc328216fe48d26dd4166e
vestboost_train_00640_jhboyo_train_00640_image_77_jpg.rf.e3d0c535b45b2373e95ed5a13acb66a9.jpg,vestboost_train_00640_jhboyo_train_00640_image_77_jpg.rf.e3d0c535b45b2373e95ed5a13acb66a9,vest_ext,vest_ext:image_77,0,1,0,4a5f4c3f7eefd99e395f9748a29c94d400f7910e
vestboost_train_00641_jhboyo_train_00641_image_78_jpg.rf.bde3815fa8a16a74c3dd89e33c761f22.jpg,vestboost_train_00641_jhboyo_train_00641_image_78_jpg.rf.bde3815fa8a16a74c3dd89e33c761f22,vest_ext,vest_ext:image_78,0,1,0,77e1e0af47ea4538ebcc3d901366bccaa26f7e4f
vestboost_train_00642_jhboyo_train_00642_image_78_jpg.rf.be055777891f3131629ef5e5a1b0e48b.jpg,vestboost_train_00642_jhboyo_train_00642_image_78_jpg.rf.be055777891f3131629ef5e5a1b0e48b,vest_ext,vest_ext:image_78,0,1,0,37bb99b590e1d39f7856a9d7e739eacf1e5f8c19
vestboost_train_00643_jhboyo_train_00643_image_79_jpg.rf.27a24952428f9938210a392c6680e876.jpg,vestboost_train_00643_jhboyo_train_00643_image_79_jpg.rf.27a24952428f9938210a392c6680e876,vest_ext,vest_ext:image_79,0,1,0,0742e278891f02e77f08518121eb5530c5262159
vestboost_train_00644_jhboyo_train_00644_image_7_jpg.rf.169c803d783dd5db55b53ca33d3da8c6.jpg,vestboost_train_00644_jhboyo_train_00644_image_7_jpg.rf.169c803d783dd5db55b53ca33d3da8c6,vest_ext,vest_ext:image_7,0,1,0,30f8b4370b5b7d9e1443d8dbd73f100445bcc227
vestboost_train_00645_jhboyo_train_00645_image_80_jpg.rf.269d7687602e1cd5a6ef6f27d7a644f7.jpg,vestboost_train_00645_jhboyo_train_00645_image_80_jpg.rf.269d7687602e1cd5a6ef6f27d7a644f7,vest_ext,vest_ext:image_80,0,1,0,a2053a2a2cef9309f080609d8271871836194786
vestboost_train_00646_jhboyo_train_00646_image_81_jpg.rf.1b115c0575d4c855230d281b282398f2.jpg,vestboost_train_00646_jhboyo_train_00646_image_81_jpg.rf.1b115c0575d4c855230d281b282398f2,vest_ext,vest_ext:image_81,0,1,0,69575ec243f4a13ba3ca5e7aee39178b0b28faea
vestboost_train_00647_jhboyo_train_00647_image_81_jpg.rf.81c04c1dac447263e2caf9fa3508e476.jpg,vestboost_train_00647_jhboyo_train_00647_image_81_jpg.rf.81c04c1dac447263e2caf9fa3508e476,vest_ext,vest_ext:image_81,0,1,0,f17e98452bc016b32859408d2c5e63bb22790874
vestboost_train_00648_jhboyo_train_00648_image_82_jpg.rf.191daccd14852b833a7d4618caf83841.jpg,vestboost_train_00648_jhboyo_train_00648_image_82_jpg.rf.191daccd14852b833a7d4618caf83841,vest_ext,vest_ext:image_82,0,1,0,15eb89d60926a1ca8bde1555b7987eca41efe147
vestboost_train_00649_jhboyo_train_00649_image_83_jpg.rf.3649cb3f3e60e25acae7660e22d7cf58.jpg,vestboost_train_00649_jhboyo_train_00649_image_83_jpg.rf.3649cb3f3e60e25acae7660e22d7cf58,vest_ext,vest_ext:image_83,0,1,0,5da09bfeba3f427a02f427b5b4bef93b6397079d
vestboost_train_00650_jhboyo_train_00650_image_83_jpg.rf.dcb5e03e76e41b68ed581e93ab7efa4c.jpg,vestboost_train_00650_jhboyo_train_00650_image_83_jpg.rf.dcb5e03e76e41b68ed581e93ab7efa4c,vest_ext,vest_ext:image_83,0,1,0,83e0868ee6d026997e3c048023f1a5875f85a878
vestboost_train_00651_jhboyo_train_00651_image_84_jpg.rf.a8958e56487f0f9ea5a01dbadfa1216a.jpg,vestboost_train_00651_jhboyo_train_00651_image_84_jpg.rf.a8958e56487f0f9ea5a01dbadfa1216a,vest_ext,vest_ext:image_84,0,1,0,69d5995073efd9fde3a1aeb3ff05367ed9fb8e29
vestboost_train_00652_jhboyo_train_00652_image_84_jpg.rf.ad393ac43a35cb986c0268bb663e4a84.jpg,vestboost_train_00652_jhboyo_train_00652_image_84_jpg.rf.ad393ac43a35cb986c0268bb663e4a84,vest_ext,vest_ext:image_84,0,1,0,0fc5a1ba42f066819e582615525b1bad2476b38a
vestboost_train_00653_jhboyo_train_00653_image_86_jpg.rf.5c7c8b1df2ba708bf071194cab446446.jpg,vestboost_train_00653_jhboyo_train_00653_image_86_jpg.rf.5c7c8b1df2ba708bf071194cab446446,vest_ext,vest_ext:image_86,0,1,0,86ff268554a728d29faebc48fdf1925e9c399064
vestboost_train_00654_jhboyo_train_00654_image_88_jpg.rf.7a92de2e3e7e7fc62c40401b48652cc0.jpg,vestboost_train_00654_jhboyo_train_00654_image_88_jpg.rf.7a92de2e3e7e7fc62c40401b48652cc0,vest_ext,vest_ext:image_88,0,1,0,5f0728da74a96591f7d2a5553e54e0afcdd5b297
vestboost_train_00655_jhboyo_train_00655_image_88_jpg.rf.a5fb0bf499ee5ef72665dac2360c91d4.jpg,vestboost_train_00655_jhboyo_train_00655_image_88_jpg.rf.a5fb0bf499ee5ef72665dac2360c91d4,vest_ext,vest_ext:image_88,0,1,0,455b85d63c7f34337b4a6596430d5b79cd9aae6c
vestboost_train_00656_jhboyo_train_00656_image_90_jpg.rf.b37016f014cac1f5e2a0b8cb48816c1b.jpg,vestboost_train_00656_jhboyo_train_00656_image_90_jpg.rf.b37016f014cac1f5e2a0b8cb48816c1b,vest_ext,vest_ext:image_90,0,1,0,4addfe24dd149be28cf2e9000f9272bbb9fb3fb1
vestboost_train_00657_jhboyo_train_00657_image_92_jpg.rf.7133bb0466278393b7672b4f46b14ec8.jpg,vestboost_train_00657_jhboyo_train_00657_image_92_jpg.rf.7133bb0466278393b7672b4f46b14ec8,vest_ext,vest_ext:image_92,0,1,0,dee4c140ca469562f40b60e4dec3c64ac621687d
vestboost_train_00658_jhboyo_train_00658_image_93_jpg.rf.0ae6e60c5d8ab9120ddaff165d7b8b53.jpg,vestboost_train_00658_jhboyo_train_00658_image_93_jpg.rf.0ae6e60c5d8ab9120ddaff165d7b8b53,vest_ext,vest_ext:image_93,0,1,0,6dac6a2393c72b0b84a8a74a49c460fe43826600
vestboost_train_00659_jhboyo_train_00659_image_93_jpg.rf.b527f25e020eb301c0739017823a236f.jpg,vestboost_train_00659_jhboyo_train_00659_image_93_jpg.rf.b527f25e020eb301c0739017823a236f,vest_ext,vest_ext:image_93,0,1,0,3cf96a44ab4cf7413618cba495383b9bbbcb0c43
vestboost_train_00660_jhboyo_train_00660_image_94_jpg.rf.1dca521e4542a7021076df4109cbefee.jpg,vestboost_train_00660_jhboyo_train_00660_image_94_jpg.rf.1dca521e4542a7021076df4109cbefee,vest_ext,vest_ext:image_94,0,1,0,5a1bb3a31d78335a69efe84272698438770b8bfc
vestboost_train_00661_jhboyo_train_00661_image_94_jpg.rf.90723b2841f59d26bc44fcaabcf33dd6.jpg,vestboost_train_00661_jhboyo_train_00661_image_94_jpg.rf.90723b2841f59d26bc44fcaabcf33dd6,vest_ext,vest_ext:image_94,0,1,0,98b1e5be406ad4ca66a27061395ad6cff999b890
vestboost_train_00662_jhboyo_train_00662_image_94_jpg.rf.e1d5d9ae9da982332b9fa38e95bec297.jpg,vestboost_train_00662_jhboyo_train_00662_image_94_jpg.rf.e1d5d9ae9da982332b9fa38e95bec297,vest_ext,vest_ext:image_94,0,1,0,618d1d6a81e029d6d3a3b2245606371c30411a10
vestboost_train_00663_jhboyo_train_00663_image_95_jpg.rf.a619d0836598b74d95774d5fbdc8d0e7.jpg,vestboost_train_00663_jhboyo_train_00663_image_95_jpg.rf.a619d0836598b74d95774d5fbdc8d0e7,vest_ext,vest_ext:image_95,0,1,0,02088f3313db0c7a38fdd97c6dda8383f37fa090
vestboost_train_00664_jhboyo_train_00664_image_95_jpg.rf.a85f8c178fdb5f0ffad78c930d978515.jpg,vestboost_train_00664_jhboyo_train_00664_image_95_jpg.rf.a85f8c178fdb5f0ffad78c930d978515,vest_ext,vest_ext:image_95,0,1,0,d0a6809a4bcf8ecc4dd06e07ee6dc9350e5fd968
vestboost_train_00665_jhboyo_train_00665_image_95_jpg.rf.e55de7abe6df509a4df0c35b2141ac5f.jpg,vestboost_train_00665_jhboyo_train_00665_image_95_jpg.rf.e55de7abe6df509a4df0c35b2141ac5f,vest_ext,vest_ext:image_95,0,1,0,0cda3ef1c8601bda4b960b6b7fc7176734b0ea7c
vestboost_train_00666_jhboyo_train_00666_image_96_jpg.rf.43872d06551e19472b507bf23ac7e4b6.jpg,vestboost_train_00666_jhboyo_train_00666_image_96_jpg.rf.43872d06551e19472b507bf23ac7e4b6,vest_ext,vest_ext:image_96,0,1,0,4b04211c03c3d736d6a5dcd1bae8c8379cb66c93
vestboost_train_00667_jhboyo_train_00667_image_96_jpg.rf.ce3283a010ed46e31cac0671b3d55fdf.jpg,vestboost_train_00667_jhboyo_train_00667_image_96_jpg.rf.ce3283a010ed46e31cac0671b3d55fdf,vest_ext,vest_ext:image_96,0,1,0,8db1c1f27e379c1a6b01ffcaae27291574b13cbd
vestboost_train_00668_jhboyo_train_00668_image_97_jpg.rf.6691f210bb13601b555fb57cc8da37cc.jpg,vestboost_train_00668_jhboyo_train_00668_image_97_jpg.rf.6691f210bb13601b555fb57cc8da37cc,vest_ext,vest_ext:image_97,0,1,0,db52fe65c7be005fb13c4fb3773cd3f0015cf779
vestboost_train_00669_jhboyo_train_00669_image_97_jpg.rf.71fe5c92105379348f20feb393d730a3.jpg,vestboost_train_00669_jhboyo_train_00669_image_97_jpg.rf.71fe5c92105379348f20feb393d730a3,vest_ext,vest_ext:image_97,0,1,0,de2213a00a96d83d841134cc4baf03165fb8872b
vestboost_train_00670_jhboyo_train_00670_image_97_jpg.rf.b7f7da9279559970ab0869c33c5c4156.jpg,vestboost_train_00670_jhboyo_train_00670_image_97_jpg.rf.b7f7da9279559970ab0869c33c5c4156,vest_ext,vest_ext:image_97,0,1,0,5395e172ae4703e3193f367e4824ffde8834a777
vestboost_train_00671_jhboyo_train_00671_image_98_jpg.rf.639a751d49ffbba058c4f759ff5ab636.jpg,vestboost_train_00671_jhboyo_train_00671_image_98_jpg.rf.639a751d49ffbba058c4f759ff5ab636,vest_ext,vest_ext:image_98,0,1,0,04964146bc5edaff6f2bb6d324cc89a1c6143f16
vestboost_train_00672_jhboyo_train_00672_image_99_jpg.rf.591a7e18af74b69c56a86198102c9810.jpg,vestboost_train_00672_jhboyo_train_00672_image_99_jpg.rf.591a7e18af74b69c56a86198102c9810,vest_ext,vest_ext:image_99,0,1,0,e897667b14cce0befffa607a86a21f44cf9b00e4
vestboost_train_00673_jhboyo_train_00673_image_99_jpg.rf.af864b78dcbdbb7f62685f5556fc1635.jpg,vestboost_train_00673_jhboyo_train_00673_image_99_jpg.rf.af864b78dcbdbb7f62685f5556fc1635,vest_ext,vest_ext:image_99,0,1,0,762050b50c6ca50c739e9dcbfaf753748ccbeef0
vestboost_train_00674_jhboyo_train_00674_image_99_jpg.rf.cdda999c802aae6fa0bb100e5c535b77.jpg,vestboost_train_00674_jhboyo_train_00674_image_99_jpg.rf.cdda999c802aae6fa0bb100e5c535b77,vest_ext,vest_ext:image_99,0,1,0,67b954eeec545e1b8b0f6bebd326e73241c0af2f
vestboost_train_00675_jhboyo_train_00675_image_9_jpg.rf.ea97e4c89eaba78f8fedf7d5022ed5ee.jpg,vestboost_train_00675_jhboyo_train_00675_image_9_jpg.rf.ea97e4c89eaba78f8fedf7d5022ed5ee,vest_ext,vest_ext:image_9,0,1,0,233a0e60b25f76d86fa249183c7aaced40515f36
vestboost_train_00676_jhboyo_train_00676_img11_jpg.rf.7c3f1cb56b92d47c9533309d8329022e.jpg,vestboost_train_00676_jhboyo_train_00676_img11_jpg.rf.7c3f1cb56b92d47c9533309d8329022e,vest_ext,vest_ext:img11,0,1,0,2800b960316e62f3e85d4203fd5396d6182b2f09
vestboost_train_00677_jhboyo_train_00677_img12_jpg.rf.6da24f2d6e17170300c257df5d1da5f4.jpg,vestboost_train_00677_jhboyo_train_00677_img12_jpg.rf.6da24f2d6e17170300c257df5d1da5f4,vest_ext,vest_ext:img12,0,1,0,009975c93e6f2c8cafae996dec964ec4cb101930
vestboost_train_00678_jhboyo_train_00678_img_001_jpg.rf.ba922c7b6500568da3eb6bf04e2f5f91.jpg,vestboost_train_00678_jhboyo_train_00678_img_001_jpg.rf.ba922c7b6500568da3eb6bf04e2f5f91,vest_ext,vest_ext:img_001,0,6,0,7433468358da5088a52b7bcaa1fc6f07d30c256f
vestboost_train_00679_jhboyo_train_00679_img_001_jpg.rf.e9cf7a5c08f3e5c32df340d01fc1660d.jpg,vestboost_train_00679_jhboyo_train_00679_img_001_jpg.rf.e9cf7a5c08f3e5c32df340d01fc1660d,vest_ext,vest_ext:img_001,0,4,0,7462395eca13cbfa9fd114bbbb3283aa729c33d8
vestboost_train_00680_jhboyo_train_00680_img_001_jpg.rf.f6f78e40618923e71a07875c0d59faf7.jpg,vestboost_train_00680_jhboyo_train_00680_img_001_jpg.rf.f6f78e40618923e71a07875c0d59faf7,vest_ext,vest_ext:img_001,0,7,0,1b2fa900d520318e01441a9a63da313781f973fd
vestboost_train_00681_jhboyo_train_00681_img_002_jpg.rf.5780f633f58746d4ffbe3dcfecc62986.jpg,vestboost_train_00681_jhboyo_train_00681_img_002_jpg.rf.5780f633f58746d4ffbe3dcfecc62986,vest_ext,vest_ext:img_002,0,4,0,1e78a042bbfc969d84a166d56aba2923aa83a010
vestboost_train_00682_jhboyo_train_00682_img_002_jpg.rf.6017b02a94571f8247e8e371c75edd02.jpg,vestboost_train_00682_jhboyo_train_00682_img_002_jpg.rf.6017b02a94571f8247e8e371c75edd02,vest_ext,vest_ext:img_002,0,12,0,3a236dbc69989aa57de9aa55924174355caf5be4
vestboost_train_00683_jhboyo_train_00683_img_003_jpg.rf.495fd155353c6071fdfd4cc941f6bfbd.jpg,vestboost_train_00683_jhboyo_train_00683_img_003_jpg.rf.495fd155353c6071fdfd4cc941f6bfbd,vest_ext,vest_ext:img_003,0,5,0,14c67fbf0f076d096684e2a6181f38ffd0098cb8
vestboost_train_00684_jhboyo_train_00684_img_003_jpg.rf.54abc7520879cc5ce6f7756cd97b383e.jpg,vestboost_train_00684_jhboyo_train_00684_img_003_jpg.rf.54abc7520879cc5ce6f7756cd97b383e,vest_ext,vest_ext:img_003,0,8,0,022bad8b3b1701449af9aa4a068b50064bdf5b75
vestboost_train_00685_jhboyo_train_00685_img_005_jpg.rf.2b99c116a1c75b003be8198ee75a48b3.jpg,vestboost_train_00685_jhboyo_train_00685_img_005_jpg.rf.2b99c116a1c75b003be8198ee75a48b3,vest_ext,vest_ext:img_005,0,12,0,4512869ccade6c8f4bb09222f56aa61b704c9541
vestboost_train_00686_jhboyo_train_00686_img_005_jpg.rf.6ac5148084692171d50db12771d79012.jpg,vestboost_train_00686_jhboyo_train_00686_img_005_jpg.rf.6ac5148084692171d50db12771d79012,vest_ext,vest_ext:img_005,0,7,0,d787768024fa2b246b61c5486adf42c254852e4e
vestboost_train_00687_jhboyo_train_00687_img_006_jpg.rf.449a75f4ae98d2778fa6ab1737c6e9f2.jpg,vestboost_train_00687_jhboyo_train_00687_img_006_jpg.rf.449a75f4ae98d2778fa6ab1737c6e9f2,vest_ext,vest_ext:img_006,0,20,0,f61c356bae1068e0650462006c8391e11403963c
vestboost_train_00688_jhboyo_train_00688_img_007_jpg.rf.601265179d7ed191f52b24a028139d2a.jpg,vestboost_train_00688_jhboyo_train_00688_img_007_jpg.rf.601265179d7ed191f52b24a028139d2a,vest_ext,vest_ext:img_007,0,7,0,b55da4ac50800685d15a9135af657523a5568922
vestboost_train_00689_jhboyo_train_00689_img_008_jpg.rf.3ee7a76c0e9645e0588d6588634ee46b.jpg,vestboost_train_00689_jhboyo_train_00689_img_008_jpg.rf.3ee7a76c0e9645e0588d6588634ee46b,vest_ext,vest_ext:img_008,0,7,0,e9bac5f2c2d030dc1dcc1ca52eae1f4da5ef36ce
vestboost_train_00690_jhboyo_train_00690_img_008_jpg.rf.bd7bc3fd5336fbba722bdab7797f5ae6.jpg,vestboost_train_00690_jhboyo_train_00690_img_008_jpg.rf.bd7bc3fd5336fbba722bdab7797f5ae6,vest_ext,vest_ext:img_008,0,3,0,67bb87307202cf61f35b49c9bb6051061b9d6d98
vestboost_train_00691_jhboyo_train_00691_img_009_jpg.rf.024edfa8256b98d75c57ee803deb63be.jpg,vestboost_train_00691_jhboyo_train_00691_img_009_jpg.rf.024edfa8256b98d75c57ee803deb63be,vest_ext,vest_ext:img_009,0,1,0,08181ad59453085bf773b331f4bb32fc400896e7
vestboost_train_00692_jhboyo_train_00692_img_009_jpg.rf.7b7e1c94b62217ccca0d2d50cde21c90.jpg,vestboost_train_00692_jhboyo_train_00692_img_009_jpg.rf.7b7e1c94b62217ccca0d2d50cde21c90,vest_ext,vest_ext:img_009,0,5,0,6e5176a215b99e9596f3d5b59c9bcc18df99423b
vestboost_train_00693_jhboyo_train_00693_img_009_jpg.rf.d5fda940c86b1b9c29b0b4f253779658.jpg,vestboost_train_00693_jhboyo_train_00693_img_009_jpg.rf.d5fda940c86b1b9c29b0b4f253779658,vest_ext,vest_ext:img_009,0,7,0,646a88a0aea173901bcb984e4d8cb74dbd4eec39
vestboost_train_00694_jhboyo_train_00694_img_010_jpg.rf.d8087d10f377dda428e7ab7dd15ff36c.jpg,vestboost_train_00694_jhboyo_train_00694_img_010_jpg.rf.d8087d10f377dda428e7ab7dd15ff36c,vest_ext,vest_ext:img_010,0,5,0,f50f3692b2e603d7596cb55a5d0b87453140575f
vestboost_train_00695_jhboyo_train_00695_img_010_jpg.rf.dd1056d5b7c55270db36c38f4683e655.jpg,vestboost_train_00695_jhboyo_train_00695_img_010_jpg.rf.dd1056d5b7c55270db36c38f4683e655,vest_ext,vest_ext:img_010,0,5,0,1c7816a2b50663d749e9b0afbe3c3a5bb531592b
vestboost_train_00696_jhboyo_train_00696_img_011_jpeg_jpg.rf.5d338a91238bf17a86d686a7831654f2.jpg,vestboost_train_00696_jhboyo_train_00696_img_011_jpeg_jpg.rf.5d338a91238bf17a86d686a7831654f2,vest_ext,vest_ext:img_011_jpeg,0,2,0,f2db40148f140171986be92d9febdf8702b526d1
vestboost_train_00697_jhboyo_train_00697_img_011_jpeg_jpg.rf.fd795478f3f7bd269d8e87360b51f174.jpg,vestboost_train_00697_jhboyo_train_00697_img_011_jpeg_jpg.rf.fd795478f3f7bd269d8e87360b51f174,vest_ext,vest_ext:img_011_jpeg,0,1,0,f423bddf377286001cea6582b13e2ba01495d9f7
vestboost_train_00698_jhboyo_train_00698_img_013_jpeg_jpg.rf.239b18b11c1bd2a5bbb1b7f03472db4a.jpg,vestboost_train_00698_jhboyo_train_00698_img_013_jpeg_jpg.rf.239b18b11c1bd2a5bbb1b7f03472db4a,vest_ext,vest_ext:img_013_jpeg,0,5,0,5366ec20d541ba966f8b66d300a506118c73559d
vestboost_train_00699_jhboyo_train_00699_img_013_jpeg_jpg.rf.bee28c0d6bd077831a8889a92b24f2c9.jpg,vestboost_train_00699_jhboyo_train_00699_img_013_jpeg_jpg.rf.bee28c0d6bd077831a8889a92b24f2c9,vest_ext,vest_ext:img_013_jpeg,0,2,0,4bc9fd6c851d484a45fced28770624bc0639c0b0
vestboost_train_00700_jhboyo_train_00700_img_014_jpg.rf.450fead8af6ac53ecd80d2df5ed4bb11.jpg,vestboost_train_00700_jhboyo_train_00700_img_014_jpg.rf.450fead8af6ac53ecd80d2df5ed4bb11,vest_ext,vest_ext:img_014,0,4,0,448c5da59ec6dc5ea9696152681d8b9b53b64f89
vestboost_train_00701_jhboyo_train_00701_img_014_jpg.rf.7cf380464f9edb563b35e1c3257cf097.jpg,vestboost_train_00701_jhboyo_train_00701_img_014_jpg.rf.7cf380464f9edb563b35e1c3257cf097,vest_ext,vest_ext:img_014,0,9,0,8883182e192da606b8bfd5ad5e2d6cdd3daf6f4f
vestboost_train_00702_jhboyo_train_00702_img_014_jpg.rf.a848da19a4350f39012077675c5df3f8.jpg,vestboost_train_00702_jhboyo_train_00702_img_014_jpg.rf.a848da19a4350f39012077675c5df3f8,vest_ext,vest_ext:img_014,0,4,0,729ab852061bec93537a45c6c69a3beadfc453c6
vestboost_train_00703_jhboyo_train_00703_img_015_png_jpg.rf.3c5515107beb1efd5cb113a9cca182dc.jpg,vestboost_train_00703_jhboyo_train_00703_img_015_png_jpg.rf.3c5515107beb1efd5cb113a9cca182dc,vest_ext,vest_ext:img_015_png,0,4,0,4e8ad3912ece9de93876ff238dd9874f096c2302
vestboost_train_00704_jhboyo_train_00704_img_015_png_jpg.rf.45940c285d5693cd4f84a9fda2e55da3.jpg,vestboost_train_00704_jhboyo_train_00704_img_015_png_jpg.rf.45940c285d5693cd4f84a9fda2e55da3,vest_ext,vest_ext:img_015_png,0,5,0,e030183330445693a7abfd3aed40c4cf68e55f26
vestboost_train_00705_jhboyo_train_00705_img_016_jpg.rf.643c1deec0dda3e6d63b74af390a0ab6.jpg,vestboost_train_00705_jhboyo_train_00705_img_016_jpg.rf.643c1deec0dda3e6d63b74af390a0ab6,vest_ext,vest_ext:img_016,0,4,0,f67832c8479b0f09c808aa66d442792c405b798b
vestboost_train_00706_jhboyo_train_00706_img_016_jpg.rf.963bc99cdb9e9ed78357738cf799fd43.jpg,vestboost_train_00706_jhboyo_train_00706_img_016_jpg.rf.963bc99cdb9e9ed78357738cf799fd43,vest_ext,vest_ext:img_016,0,5,0,3a396820f8b79a6ed31c19ad78432102bc7758d7
vestboost_train_00707_jhboyo_train_00707_img_018_jpg.rf.3c817832824d90a99c75000db8174be2.jpg,vestboost_train_00707_jhboyo_train_00707_img_018_jpg.rf.3c817832824d90a99c75000db8174be2,vest_ext,vest_ext:img_018,0,17,0,de402ce87c3d311a4bbe74da9f7c037fb837e4e0
vestboost_train_00708_jhboyo_train_00708_img_018_jpg.rf.ea4aeebc22a6b4e7ddcdff653a6e97c5.jpg,vestboost_train_00708_jhboyo_train_00708_img_018_jpg.rf.ea4aeebc22a6b4e7ddcdff653a6e97c5,vest_ext,vest_ext:img_018,0,11,0,c4c131f3047c41fa7bc961f959a210fefb4818b6
vestboost_train_00709_jhboyo_train_00709_img_020_jpeg_jpg.rf.64d95a6654bb071e13b43e276801c833.jpg,vestboost_train_00709_jhboyo_train_00709_img_020_jpeg_jpg.rf.64d95a6654bb071e13b43e276801c833,vest_ext,vest_ext:img_020_jpeg,0,2,0,bd008a8c152aed605a2add65aff68c622a4e80d0
vestboost_train_00710_jhboyo_train_00710_img_020_jpeg_jpg.rf.d9542e3d6f2a6a9bfbaa99da67a2d64d.jpg,vestboost_train_00710_jhboyo_train_00710_img_020_jpeg_jpg.rf.d9542e3d6f2a6a9bfbaa99da67a2d64d,vest_ext,vest_ext:img_020_jpeg,0,3,0,0575f528493e4c0f75d49b7377795733a21c1d01
vestboost_train_00711_jhboyo_train_00711_img_021_jpg.rf.0c0e392c63a71569bad3dc2cf93dea7b.jpg,vestboost_train_00711_jhboyo_train_00711_img_021_jpg.rf.0c0e392c63a71569bad3dc2cf93dea7b,vest_ext,vest_ext:img_021,0,5,0,078c0129be1b48f0b8a38c4e3593764b3486dcd6
vestboost_train_00712_jhboyo_train_00712_img_021_jpg.rf.d56f28b3943d01728a3e9f574da7c1e7.jpg,vestboost_train_00712_jhboyo_train_00712_img_021_jpg.rf.d56f28b3943d01728a3e9f574da7c1e7,vest_ext,vest_ext:img_021,0,4,0,1dab5e918363b37ade0df65c23dd9018af2acc03
vestboost_train_00713_jhboyo_train_00713_img_022_jpg.rf.44f4be2eb600b608ad78dda874f75013.jpg,vestboost_train_00713_jhboyo_train_00713_img_022_jpg.rf.44f4be2eb600b608ad78dda874f75013,vest_ext,vest_ext:img_022,0,5,0,74fc25b774e6394caa05d2583bb7899e4ad35768
vestboost_train_00714_jhboyo_train_00714_img_022_jpg.rf.613435e8665a269c040514c78642e3ac.jpg,vestboost_train_00714_jhboyo_train_00714_img_022_jpg.rf.613435e8665a269c040514c78642e3ac,vest_ext,vest_ext:img_022,0,3,0,79e1368268e7a6f2c515307d09d3132c4bcfa8d0
vestboost_train_00715_jhboyo_train_00715_img_023_jpg.rf.348e4e2800a5cb980e303ffaaf6698df.jpg,vestboost_train_00715_jhboyo_train_00715_img_023_jpg.rf.348e4e2800a5cb980e303ffaaf6698df,vest_ext,vest_ext:img_023,0,8,0,ae2f987d1bd69015c36ed31fc92c3f197a481df0
vestboost_train_00716_jhboyo_train_00716_img_024_jpg.rf.eef058828a7392d13d99ea078b8dd602.jpg,vestboost_train_00716_jhboyo_train_00716_img_024_jpg.rf.eef058828a7392d13d99ea078b8dd602,vest_ext,vest_ext:img_024,0,11,0,afd2bc6c725d7792fa03af210a84d2c0e1cddaf4
vestboost_train_00717_jhboyo_train_00717_img_026_jpg.rf.17426acaf7ac75b884e50bde53d69f2b.jpg,vestboost_train_00717_jhboyo_train_00717_img_026_jpg.rf.17426acaf7ac75b884e50bde53d69f2b,vest_ext,vest_ext:img_026,0,5,0,10d3e0ddd660ceab85e556bd16492a77fa5cf0d0
vestboost_train_00718_jhboyo_train_00718_img_026_jpg.rf.675e0f8f0ce089b434bada6cccabb816.jpg,vestboost_train_00718_jhboyo_train_00718_img_026_jpg.rf.675e0f8f0ce089b434bada6cccabb816,vest_ext,vest_ext:img_026,0,7,0,4edc57d2aeaafe11fd51d2d5b72f2586fb486af0
vestboost_train_00719_jhboyo_train_00719_img_026_jpg.rf.8177d3fa97dc02480dd349b351a5c735.jpg,vestboost_train_00719_jhboyo_train_00719_img_026_jpg.rf.8177d3fa97dc02480dd349b351a5c735,vest_ext,vest_ext:img_026,0,4,0,acd68aa682c45f47ec91ef6522756f86188f660b
vestboost_train_00720_jhboyo_train_00720_img_028_jpg.rf.41e1ff5ac772656a952490f743dd7c35.jpg,vestboost_train_00720_jhboyo_train_00720_img_028_jpg.rf.41e1ff5ac772656a952490f743dd7c35,vest_ext,vest_ext:img_028,0,1,0,4ff214d432d73c339d42d137cf7ba19afaf9dfb0
vestboost_train_00721_jhboyo_train_00721_img_028_jpg.rf.aeccd7cfbe1e466b9114359609c1da30.jpg,vestboost_train_00721_jhboyo_train_00721_img_028_jpg.rf.aeccd7cfbe1e466b9114359609c1da30,vest_ext,vest_ext:img_028,0,2,0,2f59ce2aced2c94769be13adbd2b9d46c90db0bf
vestboost_train_00722_jhboyo_train_00722_img_029_jpg.rf.1bf538aae8c139c27267d4cdb74326d2.jpg,vestboost_train_00722_jhboyo_train_00722_img_029_jpg.rf.1bf538aae8c139c27267d4cdb74326d2,vest_ext,vest_ext:img_029,0,5,0,502ce9932c13b60422f71b942d298474728d06b1
vestboost_train_00723_jhboyo_train_00723_img_029_jpg.rf.844e3b8b3d20d666b6dc416a073b745f.jpg,vestboost_train_00723_jhboyo_train_00723_img_029_jpg.rf.844e3b8b3d20d666b6dc416a073b745f,vest_ext,vest_ext:img_029,0,8,0,50eaf6a2b227a2933734faec50e0916185de32d8
vestboost_train_00724_jhboyo_train_00724_img_029_jpg.rf.9371f461ca64852476145fcd91fd7005.jpg,vestboost_train_00724_jhboyo_train_00724_img_029_jpg.rf.9371f461ca64852476145fcd91fd7005,vest_ext,vest_ext:img_029,0,7,0,6b574f069868b9351dbd5e74fd7438fe4cdad4ba
vestboost_train_00725_jhboyo_train_00725_img_030_jpg.rf.5548d8ec0a6cdbc61efc77bfadba253b.jpg,vestboost_train_00725_jhboyo_train_00725_img_030_jpg.rf.5548d8ec0a6cdbc61efc77bfadba253b,vest_ext,vest_ext:img_030,0,7,0,93bf39d3d9833ec23db0d161ed5de261f004e0a5
vestboost_train_00726_jhboyo_train_00726_img_032_jpg.rf.21aa4cfe02d35ec68adbe7c279672712.jpg,vestboost_train_00726_jhboyo_train_00726_img_032_jpg.rf.21aa4cfe02d35ec68adbe7c279672712,vest_ext,vest_ext:img_032,0,4,0,7854408a8614d8f9f02df57c0ca50464ff818a65
vestboost_train_00727_jhboyo_train_00727_img_032_jpg.rf.9a44e319f9d674309c2d87dfbc5ac7aa.jpg,vestboost_train_00727_jhboyo_train_00727_img_032_jpg.rf.9a44e319f9d674309c2d87dfbc5ac7aa,vest_ext,vest_ext:img_032,0,7,0,07b6b4da7e0fb3e49398d5422f63add6d9919002
vestboost_train_00728_jhboyo_train_00728_img_033_jpg.rf.3a154cc3c0c9a63f326b460c683aa0fc.jpg,vestboost_train_00728_jhboyo_train_00728_img_033_jpg.rf.3a154cc3c0c9a63f326b460c683aa0fc,vest_ext,vest_ext:img_033,0,5,0,4c13713f47d1f6f0f21f587986240bdb019ecc8f
vestboost_train_00729_jhboyo_train_00729_img_033_jpg.rf.7eb1694592b5fef26f65c996de788d38.jpg,vestboost_train_00729_jhboyo_train_00729_img_033_jpg.rf.7eb1694592b5fef26f65c996de788d38,vest_ext,vest_ext:img_033,0,4,0,ed5b241b6a6cdac64335f0a43fea2d536343c726
vestboost_train_00730_jhboyo_train_00730_img_034_jpg.rf.7a4c6ae7d3d18ed6cbad178e6581f92b.jpg,vestboost_train_00730_jhboyo_train_00730_img_034_jpg.rf.7a4c6ae7d3d18ed6cbad178e6581f92b,vest_ext,vest_ext:img_034,0,5,0,bb59f53006d753ef41548e87ecf182064ae1dfb4
vestboost_train_00731_jhboyo_train_00731_img_034_jpg.rf.99ad3f4472fc80ff1a17cb34e91c1370.jpg,vestboost_train_00731_jhboyo_train_00731_img_034_jpg.rf.99ad3f4472fc80ff1a17cb34e91c1370,vest_ext,vest_ext:img_034,0,3,0,1e808893813bb7ce9af0679107dfcdd924f991ec
vestboost_train_00732_jhboyo_train_00732_img_034_jpg.rf.ad295e6c0784d8fd0d9750cf0fdc4f92.jpg,vestboost_train_00732_jhboyo_train_00732_img_034_jpg.rf.ad295e6c0784d8fd0d9750cf0fdc4f92,vest_ext,vest_ext:img_034,0,3,0,e4e451348937654c20aecbfa852eb3b86b0c4053
vestboost_train_00733_jhboyo_train_00733_img_035_png_jpg.rf.17c8e7942ea98d2aa3cb46931fba7527.jpg,vestboost_train_00733_jhboyo_train_00733_img_035_png_jpg.rf.17c8e7942ea98d2aa3cb46931fba7527,vest_ext,vest_ext:img_035_png,0,4,0,61d9ca509f5a83a9fdc2fa2a453e48ecab92a19a
vestboost_train_00734_jhboyo_train_00734_img_035_png_jpg.rf.41aa28899a80ece3437ec3ca1719f3dc.jpg,vestboost_train_00734_jhboyo_train_00734_img_035_png_jpg.rf.41aa28899a80ece3437ec3ca1719f3dc,vest_ext,vest_ext:img_035_png,0,4,0,925bb972eef88d11780ad6be26e4a96df53c7428
vestboost_train_00735_jhboyo_train_00735_img_035_png_jpg.rf.6e2fa09b27f3ac4f011c62c06d9e1202.jpg,vestboost_train_00735_jhboyo_train_00735_img_035_png_jpg.rf.6e2fa09b27f3ac4f011c62c06d9e1202,vest_ext,vest_ext:img_035_png,0,7,0,cba8da735da24f2fe4a4bfea2dd1fa4a40ecc143
vestboost_train_00736_jhboyo_train_00736_img_036_jpg.rf.12b21a495dec944d712a52cd251e3d3f.jpg,vestboost_train_00736_jhboyo_train_00736_img_036_jpg.rf.12b21a495dec944d712a52cd251e3d3f,vest_ext,vest_ext:img_036,0,9,0,cd0ee55a5a0d998c35e8f9aad492f681e7158573
vestboost_train_00737_jhboyo_train_00737_img_036_jpg.rf.4e02f61db5990beb2000538256d64e07.jpg,vestboost_train_00737_jhboyo_train_00737_img_036_jpg.rf.4e02f61db5990beb2000538256d64e07,vest_ext,vest_ext:img_036,0,6,0,4c0d7e59a4fe16ba1c7fed5e43c4c81bea805bb7
vestboost_train_00738_jhboyo_train_00738_img_036_jpg.rf.8d5d2e9f778838c00334ba0cc5f7ffa7.jpg,vestboost_train_00738_jhboyo_train_00738_img_036_jpg.rf.8d5d2e9f778838c00334ba0cc5f7ffa7,vest_ext,vest_ext:img_036,0,14,0,14fad5a40c5da30b0f902fff26c6d7538005ea84
vestboost_train_00739_jhboyo_train_00739_img_037_jpg.rf.526c4046c1c278f4100ac54ad5820601.jpg,vestboost_train_00739_jhboyo_train_00739_img_037_jpg.rf.526c4046c1c278f4100ac54ad5820601,vest_ext,vest_ext:img_037,0,3,0,a2f266b7429f17b4ae55d5be86b69afad6301b7f
vestboost_train_00740_jhboyo_train_00740_img_037_jpg.rf.8e3e2c026130de166a29cc3694495708.jpg,vestboost_train_00740_jhboyo_train_00740_img_037_jpg.rf.8e3e2c026130de166a29cc3694495708,vest_ext,vest_ext:img_037,0,3,0,c1e18e1ad8b7de0f88e6de108dee702dbc6c34df
vestboost_train_00741_jhboyo_train_00741_img_037_jpg.rf.ff5bf8c63df577cdfbd8f510cf48b86e.jpg,vestboost_train_00741_jhboyo_train_00741_img_037_jpg.rf.ff5bf8c63df577cdfbd8f510cf48b86e,vest_ext,vest_ext:img_037,0,2,0,a16028ae0d813946f0fdfbfd6d84e5eec2faacde
vestboost_train_00742_jhboyo_train_00742_img_038_jpg.rf.96f4f4a22e48871f0a4d31fa19c30e57.jpg,vestboost_train_00742_jhboyo_train_00742_img_038_jpg.rf.96f4f4a22e48871f0a4d31fa19c30e57,vest_ext,vest_ext:img_038,0,2,0,ee14142c498bf4bf6c53b9f00d05313f5e9db4dd
vestboost_train_00743_jhboyo_train_00743_img_038_jpg.rf.a6eb4955bbc7a0e901df0ab75a51bb3c.jpg,vestboost_train_00743_jhboyo_train_00743_img_038_jpg.rf.a6eb4955bbc7a0e901df0ab75a51bb3c,vest_ext,vest_ext:img_038,0,7,0,98d319e91d34f39dba1aacb2224d426b1e854e83
vestboost_train_00744_jhboyo_train_00744_img_039_jpg.rf.976a1288668afdb98d9721e7141670c8.jpg,vestboost_train_00744_jhboyo_train_00744_img_039_jpg.rf.976a1288668afdb98d9721e7141670c8,vest_ext,vest_ext:img_039,0,5,0,2b1e39262f912e1cfdcda9e18699b0c6476ad5f5
vestboost_train_00745_jhboyo_train_00745_img_039_jpg.rf.f0e5ea1b660d79200caba79d7c46bf13.jpg,vestboost_train_00745_jhboyo_train_00745_img_039_jpg.rf.f0e5ea1b660d79200caba79d7c46bf13,vest_ext,vest_ext:img_039,0,2,0,f32b91b7f3cf7c0d86e510264a4d81b07a007a56
vestboost_train_00746_jhboyo_train_00746_img_040_jpg.rf.253f7837017bff3a05fc66c0cd999024.jpg,vestboost_train_00746_jhboyo_train_00746_img_040_jpg.rf.253f7837017bff3a05fc66c0cd999024,vest_ext,vest_ext:img_040,0,4,0,b23c684a64e4cfd87771b2aeed2e68137f66a0d6
vestboost_train_00747_jhboyo_train_00747_img_040_jpg.rf.32f94450d64aac362a04507c1a44106a.jpg,vestboost_train_00747_jhboyo_train_00747_img_040_jpg.rf.32f94450d64aac362a04507c1a44106a,vest_ext,vest_ext:img_040,0,3,0,efee741a433cf0e6cb5c1dd33d9cfe6935f965cf
vestboost_train_00748_jhboyo_train_00748_img_041_jpg.rf.16223a826c135af92393c39cfcfb84be.jpg,vestboost_train_00748_jhboyo_train_00748_img_041_jpg.rf.16223a826c135af92393c39cfcfb84be,vest_ext,vest_ext:img_041,0,2,0,9528ac1e18aa23ea3521bec2fcdbd395d340f454
vestboost_train_00749_jhboyo_train_00749_img_041_jpg.rf.9d605d523e59fa11d2f1a9dcd62424c3.jpg,vestboost_train_00749_jhboyo_train_00749_img_041_jpg.rf.9d605d523e59fa11d2f1a9dcd62424c3,vest_ext,vest_ext:img_041,0,9,0,a6ee69b4599dc04b0c1b8fa9d9817e90110cc162
vestboost_train_00750_jhboyo_train_00750_img_042_jpg.rf.b74efb7b86f0fb27ab4f39745f5c7685.jpg,vestboost_train_00750_jhboyo_train_00750_img_042_jpg.rf.b74efb7b86f0fb27ab4f39745f5c7685,vest_ext,vest_ext:img_042,0,3,0,06cc4612e87ed56da7b48e6731be6090c3bb6cfe
vestboost_train_00751_jhboyo_train_00751_img_042_jpg.rf.f58f589fa21bc674d3792f9dbc4c932a.jpg,vestboost_train_00751_jhboyo_train_00751_img_042_jpg.rf.f58f589fa21bc674d3792f9dbc4c932a,vest_ext,vest_ext:img_042,0,3,0,83c2386615aae3ff48b952c39af930cdcdf60818
vestboost_train_00752_jhboyo_train_00752_img_043_jpg.rf.3a687ec93bfdf2263b0cf10f9938daf9.jpg,vestboost_train_00752_jhboyo_train_00752_img_043_jpg.rf.3a687ec93bfdf2263b0cf10f9938daf9,vest_ext,vest_ext:img_043,0,5,0,f763e50d327aa9d2dd8e7677b5585c7f8f177ef0
vestboost_train_00753_jhboyo_train_00753_img_043_jpg.rf.4a01ac557f7b608b1a3b8572fffce68d.jpg,vestboost_train_00753_jhboyo_train_00753_img_043_jpg.rf.4a01ac557f7b608b1a3b8572fffce68d,vest_ext,vest_ext:img_043,0,12,0,d37228a4827c117439e5d41895a92dfc4afd2c38
vestboost_train_00754_jhboyo_train_00754_img_046_jpg.rf.68d8ebaacc1392419037866db266e5ed.jpg,vestboost_train_00754_jhboyo_train_00754_img_046_jpg.rf.68d8ebaacc1392419037866db266e5ed,vest_ext,vest_ext:img_046,0,11,0,596366883f23bc10107c1906174eb7f6fa6742cb
vestboost_train_00755_jhboyo_train_00755_img_046_jpg.rf.97fddd35ced46b62c1f72241c0500eb8.jpg,vestboost_train_00755_jhboyo_train_00755_img_046_jpg.rf.97fddd35ced46b62c1f72241c0500eb8,vest_ext,vest_ext:img_046,0,4,0,8beb5b920efc6b95f321846a3feee0718eddb183
vestboost_train_00756_jhboyo_train_00756_img_047_jpg.rf.a3a7ff7ff03b4ab9bc5e963ac2b265c2.jpg,vestboost_train_00756_jhboyo_train_00756_img_047_jpg.rf.a3a7ff7ff03b4ab9bc5e963ac2b265c2,vest_ext,vest_ext:img_047,0,17,0,8408d6ca65d1c08fbc4c080f8e4b4ceb60458374
vestboost_train_00757_jhboyo_train_00757_img_047_jpg.rf.b83fec10d34d43d95e9294841e2cbd03.jpg,vestboost_train_00757_jhboyo_train_00757_img_047_jpg.rf.b83fec10d34d43d95e9294841e2cbd03,vest_ext,vest_ext:img_047,0,3,0,539418777a33c0aed150801a6609ad01ae44e98a
vestboost_train_00758_jhboyo_train_00758_img_049_jpg.rf.15a78df572a7a7bc5dab3948f9bde588.jpg,vestboost_train_00758_jhboyo_train_00758_img_049_jpg.rf.15a78df572a7a7bc5dab3948f9bde588,vest_ext,vest_ext:img_049,0,8,0,db0363034e3f6dbb3b8134cdf9e09e912f6908af
vestboost_train_00759_jhboyo_train_00759_img_049_jpg.rf.881f9a465ad3e232c43371e49ba92568.jpg,vestboost_train_00759_jhboyo_train_00759_img_049_jpg.rf.881f9a465ad3e232c43371e49ba92568,vest_ext,vest_ext:img_049,0,11,0,33fb6352b9f61b6ba29a1429de72937e40839cc1
vestboost_train_00760_jhboyo_train_00760_img_050_jpg.rf.21efc0136d871377d15564bf6c7ddf1a.jpg,vestboost_train_00760_jhboyo_train_00760_img_050_jpg.rf.21efc0136d871377d15564bf6c7ddf1a,vest_ext,vest_ext:img_050,0,11,0,1a176e86e44be2592cf6e7982b32d53c3c34d9ba
vestboost_train_00761_jhboyo_train_00761_img_050_jpg.rf.4bf076dc36864986f3f75d05dac87b3b.jpg,vestboost_train_00761_jhboyo_train_00761_img_050_jpg.rf.4bf076dc36864986f3f75d05dac87b3b,vest_ext,vest_ext:img_050,0,7,0,539e4828f6578eb8f629b579499cfeb9f68cb02e
vestboost_train_00762_jhboyo_train_00762_img_051_jpeg_jpg.rf.a4f9838c84533379e8f874ea89177c9b.jpg,vestboost_train_00762_jhboyo_train_00762_img_051_jpeg_jpg.rf.a4f9838c84533379e8f874ea89177c9b,vest_ext,vest_ext:img_051_jpeg,0,10,0,21d29686213638f145726b9cd5fba0dffee6dcb9
vestboost_train_00763_jhboyo_train_00763_img_051_jpeg_jpg.rf.c558a444c1b6c81b5442d9d36db5d021.jpg,vestboost_train_00763_jhboyo_train_00763_img_051_jpeg_jpg.rf.c558a444c1b6c81b5442d9d36db5d021,vest_ext,vest_ext:img_051_jpeg,0,5,0,10bc4572ad89b18d50732e0d22a250994ffccaa1
vestboost_train_00764_jhboyo_train_00764_img_051_jpeg_jpg.rf.d4410b034bcb73e490d6fe6e92f29de1.jpg,vestboost_train_00764_jhboyo_train_00764_img_051_jpeg_jpg.rf.d4410b034bcb73e490d6fe6e92f29de1,vest_ext,vest_ext:img_051_jpeg,0,9,0,9178d2e8b664ea47d54e2af153ecdf60c4a4159b
vestboost_train_00765_jhboyo_train_00765_img_053_jpg.rf.391b1a43ab73e625d95f5865c6f84f67.jpg,vestboost_train_00765_jhboyo_train_00765_img_053_jpg.rf.391b1a43ab73e625d95f5865c6f84f67,vest_ext,vest_ext:img_053,0,9,0,186228c86efdd911d0aec9b05fae9ae5bce46323
vestboost_train_00766_jhboyo_train_00766_img_053_jpg.rf.e0a265428fa14ad5d16e1ca9f63feedb.jpg,vestboost_train_00766_jhboyo_train_00766_img_053_jpg.rf.e0a265428fa14ad5d16e1ca9f63feedb,vest_ext,vest_ext:img_053,0,6,0,6d7c522a244e85b4298e838e980654d11bc5d6b5
vestboost_train_00767_jhboyo_train_00767_img_054_jpg.rf.167f413a90eecbe7c3c3e36213e8a40e.jpg,vestboost_train_00767_jhboyo_train_00767_img_054_jpg.rf.167f413a90eecbe7c3c3e36213e8a40e,vest_ext,vest_ext:img_054,0,7,0,8900a7e19cb309910fe7af1dc87dc6f6711e7dcc
vestboost_train_00768_jhboyo_train_00768_img_054_jpg.rf.1b68c638ccd1b3199c809382ed85a893.jpg,vestboost_train_00768_jhboyo_train_00768_img_054_jpg.rf.1b68c638ccd1b3199c809382ed85a893,vest_ext,vest_ext:img_054,0,14,0,f430bd79030caeaf05283cd1a43c3624817ba871
vestboost_train_00769_jhboyo_train_00769_img_054_jpg.rf.d6d860944bf7a80f76e2dca6b15e11f3.jpg,vestboost_train_00769_jhboyo_train_00769_img_054_jpg.rf.d6d860944bf7a80f76e2dca6b15e11f3,vest_ext,vest_ext:img_054,0,9,0,1d50305e34db439fe7de59a82e8890b364bbbcb5
vestboost_train_00770_jhboyo_train_00770_img_055_jpg.rf.b6ec0be8ea8cd7f47cda598e511f8a12.jpg,vestboost_train_00770_jhboyo_train_00770_img_055_jpg.rf.b6ec0be8ea8cd7f47cda598e511f8a12,vest_ext,vest_ext:img_055,0,16,0,a4bb5603fd52111e485bdc8ae3102c243dbe1f96
vestboost_train_00771_jhboyo_train_00771_img_055_jpg.rf.d1d47b76d11c1fdcc20df0d5cc40f4ff.jpg,vestboost_train_00771_jhboyo_train_00771_img_055_jpg.rf.d1d47b76d11c1fdcc20df0d5cc40f4ff,vest_ext,vest_ext:img_055,0,6,0,7fdacb1e0809c6793a34b3b1226e283a36848848
vestboost_train_00772_jhboyo_train_00772_img_056_jpg.rf.82c115ee65934486888493e54b625466.jpg,vestboost_train_00772_jhboyo_train_00772_img_056_jpg.rf.82c115ee65934486888493e54b625466,vest_ext,vest_ext:img_056,0,5,0,de9a116cf815f8a2c472b4176d2b3d481e8f6b3b
vestboost_train_00773_jhboyo_train_00773_img_057_jpg.rf.2e4a67a57a6f962ec40260bee6b72d06.jpg,vestboost_train_00773_jhboyo_train_00773_img_057_jpg.rf.2e4a67a57a6f962ec40260bee6b72d06,vest_ext,vest_ext:img_057,0,9,0,f7f52183caf03789d6d1e9773aacf11c0496cf8c
vestboost_train_00774_jhboyo_train_00774_img_057_jpg.rf.7e2fbb1cfcee7d6b5415283e304f9d93.jpg,vestboost_train_00774_jhboyo_train_00774_img_057_jpg.rf.7e2fbb1cfcee7d6b5415283e304f9d93,vest_ext,vest_ext:img_057,0,3,0,9966bcf872aca091503ab7c3e8793005aca75136
vestboost_train_00775_jhboyo_train_00775_img_057_jpg.rf.7f22c13abb50e52588a0a4a2c5b0eed4.jpg,vestboost_train_00775_jhboyo_train_00775_img_057_jpg.rf.7f22c13abb50e52588a0a4a2c5b0eed4,vest_ext,vest_ext:img_057,0,4,0,58e4edde53ec1c038ad7ee896a635f802736a5ec
vestboost_train_00776_jhboyo_train_00776_img_059_jpg.rf.15aaaaac892b5ac999f6e0bf775cfa0c.jpg,vestboost_train_00776_jhboyo_train_00776_img_059_jpg.rf.15aaaaac892b5ac999f6e0bf775cfa0c,vest_ext,vest_ext:img_059,0,7,0,535d9afa1982661fba526b639ba96d7f690f5722
vestboost_train_00777_jhboyo_train_00777_img_059_jpg.rf.5439757da6c7eb595136950a051aff4c.jpg,vestboost_train_00777_jhboyo_train_00777_img_059_jpg.rf.5439757da6c7eb595136950a051aff4c,vest_ext,vest_ext:img_059,0,8,0,a2c6ee16032f8a51668eeb327458f345d4d7fc11
vestboost_train_00778_jhboyo_train_00778_img_059_jpg.rf.89083a50db32f61bf2f6d503e7042d81.jpg,vestboost_train_00778_jhboyo_train_00778_img_059_jpg.rf.89083a50db32f61bf2f6d503e7042d81,vest_ext,vest_ext:img_059,0,12,0,487982224ae27898977653ac9cda853cc29c1a04
vestboost_train_00779_jhboyo_train_00779_img_060_jpg.rf.6caefe09af17ff2b437777b122a20ccb.jpg,vestboost_train_00779_jhboyo_train_00779_img_060_jpg.rf.6caefe09af17ff2b437777b122a20ccb,vest_ext,vest_ext:img_060,0,7,0,0eb4026fafee95d55e8e8369467724a11a4a81b8
vestboost_train_00780_jhboyo_train_00780_img_060_jpg.rf.d265e716a34e0e17c99d92388633c803.jpg,vestboost_train_00780_jhboyo_train_00780_img_060_jpg.rf.d265e716a34e0e17c99d92388633c803,vest_ext,vest_ext:img_060,0,6,0,6df5803bbc51958442ea6983c36756c6650607cb
vestboost_train_00781_jhboyo_train_00781_industrial_security_logistic_work_clothes_industrial_safety_protective_goggles_vest_worker-513142_jpg.rf.f16b07b4b64083bcdf96fb78884797d9.jpg,vestboost_train_00781_jhboyo_train_00781_industrial_security_logistic_work_clothes_industrial_safety_protective_goggles_vest_worker-513142_jpg.rf.f16b07b4b64083bcdf96fb78884797d9,vest_ext,vest_ext:industrial_security_logistic_work_clothes_industrial_safety_protective_goggles_vest_worker-513142,0,1,0,b1b4eaf9c14de5d70efc73112ee574258f6ba18a
vestboost_train_00782_jhboyo_train_00782_kempten_site_construction_workers_team_foundation_concrete_brewhouse_new_building-566773_jpg.rf.8b049b8be458cba2402f2f4589b49e16.jpg,vestboost_train_00782_jhboyo_train_00782_kempten_site_construction_workers_team_foundation_concrete_brewhouse_new_building-566773_jpg.rf.8b049b8be458cba2402f2f4589b49e16,vest_ext,vest_ext:kempten_site_construction_workers_team_foundation_concrete_brewhouse_new_building-566773,0,1,0,766e542450360080689a20222bfa54afbde023e4
vestboost_train_00783_jhboyo_train_00783_may_14_wilbur_drilling_jpg.rf.571dd605b01c6fb6df72b5f9a8f1a4d3.jpg,vestboost_train_00783_jhboyo_train_00783_may_14_wilbur_drilling_jpg.rf.571dd605b01c6fb6df72b5f9a8f1a4d3,vest_ext,vest_ext:may_14_wilbur_drilling,0,2,0,68f8d6e7680644c222f436657df5cf7ff9dca889
vestboost_train_00784_jhboyo_train_00784_may_14_wilbur_jpg.rf.03884dd0f4a8d662975312e133a578b5.jpg,vestboost_train_00784_jhboyo_train_00784_may_14_wilbur_jpg.rf.03884dd0f4a8d662975312e133a578b5,vest_ext,vest_ext:may_14_wilbur,0,1,0,86f3a9375c4f25ed623f91a7ac21475c1fee65ee
vestboost_train_00785_jhboyo_train_00785_men_onsite_man_construction_worker_industry_industrial_work-874653_jpg.rf.bfee0aef89123e9920dda30b4bc76f5c.jpg,vestboost_train_00785_jhboyo_train_00785_men_onsite_man_construction_worker_industry_industrial_work-874653_jpg.rf.bfee0aef89123e9920dda30b4bc76f5c,vest_ext,vest_ext:men_onsite_man_construction_worker_industry_industrial_work-874653,0,1,0,ec4a7c93b4751fead66ef0fb46d8d0bd9f5e7da0
vestboost_train_00786_jhboyo_train_00786_pexels-photo-259869_jpeg_jpg.rf.b37a2de3150831740a756d4f23ccff92.jpg,vestboost_train_00786_jhboyo_train_00786_pexels-photo-259869_jpeg_jpg.rf.b37a2de3150831740a756d4f23ccff92,vest_ext,vest_ext:pexels-photo-259869_jpeg,0,1,0,41afad7f6ffdf484fb0704fe3f009c87c7b18f7e
vestboost_train_00787_jhboyo_train_00787_pos_1003_jpg.rf.9a7ffbd0aea61611de74dda1a1475052.jpg,vestboost_train_00787_jhboyo_train_00787_pos_1003_jpg.rf.9a7ffbd0aea61611de74dda1a1475052,vest_ext,vest_ext:pos_1003,0,4,0,0e20125c1a98ffe74c9fbd3bdbf5f95260d41ba2
vestboost_train_00788_jhboyo_train_00788_pos_1018_jpg.rf.dd2fe50970b330f3dd59e35951226b6d.jpg,vestboost_train_00788_jhboyo_train_00788_pos_1018_jpg.rf.dd2fe50970b330f3dd59e35951226b6d,vest_ext,vest_ext:pos_1018,0,4,0,c4086766ea6ece5f116ade4a600b702ad1c8d745
vestboost_train_00789_jhboyo_train_00789_pos_101_jpg.rf.ef22e30a047efcb63b6250c66c612747.jpg,vestboost_train_00789_jhboyo_train_00789_pos_101_jpg.rf.ef22e30a047efcb63b6250c66c612747,vest_ext,vest_ext:pos_101,0,1,0,01e74d801b7cbea9e5240561f97c5eecdfb25473
vestboost_train_00790_jhboyo_train_00790_pos_104_jpg.rf.bb6c8a35a8a86fb4c9082578aad8d6ba.jpg,vestboost_train_00790_jhboyo_train_00790_pos_104_jpg.rf.bb6c8a35a8a86fb4c9082578aad8d6ba,vest_ext,vest_ext:pos_104,0,1,0,fd2b5f2d3572b6f291938ae6d46dea874c608575
vestboost_train_00791_jhboyo_train_00791_pos_1056_jpg.rf.94cda7322a635da349d66d14e23e48ba.jpg,vestboost_train_00791_jhboyo_train_00791_pos_1056_jpg.rf.94cda7322a635da349d66d14e23e48ba,vest_ext,vest_ext:pos_1056,0,1,0,619b61ce3929cf6af5b2f9fbb4c46b27e439d68c
vestboost_train_00792_jhboyo_train_00792_pos_1064_jpg.rf.a08491c53ea27b740004b09a01480058.jpg,vestboost_train_00792_jhboyo_train_00792_pos_1064_jpg.rf.a08491c53ea27b740004b09a01480058,vest_ext,vest_ext:pos_1064,0,1,0,cf0daf34433ba309465a690b566442e169d4c291
vestboost_train_00793_jhboyo_train_00793_pos_106_jpg.rf.da8372580abf83cf7df588c39f368242.jpg,vestboost_train_00793_jhboyo_train_00793_pos_106_jpg.rf.da8372580abf83cf7df588c39f368242,vest_ext,vest_ext:pos_106,0,1,0,60b7b0f35f9e9c2ffbc3b1ce577107f9d6531f05
vestboost_train_00794_jhboyo_train_00794_pos_1075_jpg.rf.3ad6922232d8e7545eea02e980055c98.jpg,vestboost_train_00794_jhboyo_train_00794_pos_1075_jpg.rf.3ad6922232d8e7545eea02e980055c98,vest_ext,vest_ext:pos_1075,0,1,0,87e5f4a4f309f9285cc8e3f9e3eabf02d8fc72ec
vestboost_train_00795_jhboyo_train_00795_pos_1078_jpg.rf.f4b0030707ffee4e95246b0db8f25ec4.jpg,vestboost_train_00795_jhboyo_train_00795_pos_1078_jpg.rf.f4b0030707ffee4e95246b0db8f25ec4,vest_ext,vest_ext:pos_1078,0,2,0,57377be80e0a4c2d48075464b916ce6b85558d4f
vestboost_train_00796_jhboyo_train_00796_pos_1092_jpg.rf.acaa646a78cb6a8f60dbe9c0fa1bb654.jpg,vestboost_train_00796_jhboyo_train_00796_pos_1092_jpg.rf.acaa646a78cb6a8f60dbe9c0fa1bb654,vest_ext,vest_ext:pos_1092,0,5,0,bfdf4e2e28a66eaaf7fb25d708d22c80081b418d
vestboost_train_00797_jhboyo_train_00797_pos_109_jpg.rf.44329c0ecfa79f07c714351adafa5431.jpg,vestboost_train_00797_jhboyo_train_00797_pos_109_jpg.rf.44329c0ecfa79f07c714351adafa5431,vest_ext,vest_ext:pos_109,0,1,0,c2ad784fc38c51e822d59a2ebe3b5f4128e5720d
vestboost_train_00798_jhboyo_train_00798_pos_10_jpg.rf.9e9307c871e7b089441feb43d24143a1.jpg,vestboost_train_00798_jhboyo_train_00798_pos_10_jpg.rf.9e9307c871e7b089441feb43d24143a1,vest_ext,vest_ext:pos_10,0,2,0,7c5915d47d6aefd1fb52e3dc7bbb88f697a19125
vestboost_train_00799_jhboyo_train_00799_pos_1100_jpg.rf.23b42b3849518c927f412e5783762bd9.jpg,vestboost_train_00799_jhboyo_train_00799_pos_1100_jpg.rf.23b42b3849518c927f412e5783762bd9,vest_ext,vest_ext:pos_1100,0,1,0,21e259ab05f148370921a1bf065eca001311665e
vestboost_train_00800_jhboyo_train_00800_pos_1109_jpg.rf.44fcf988983c8abfff1082ff3c28f369.jpg,vestboost_train_00800_jhboyo_train_00800_pos_1109_jpg.rf.44fcf988983c8abfff1082ff3c28f369,vest_ext,vest_ext:pos_1109,0,3,0,ce830abc02d61f8ff8cf8d23fb8f1aed0b05c47b
vestboost_train_00801_jhboyo_train_00801_pos_1117_jpg.rf.515729b70a20b711270dc793bac9ae0a.jpg,vestboost_train_00801_jhboyo_train_00801_pos_1117_jpg.rf.515729b70a20b711270dc793bac9ae0a,vest_ext,vest_ext:pos_1117,0,1,0,82bf84483cb5761009b43d1cc634349c2cb938f8
vestboost_train_00802_jhboyo_train_00802_pos_112_jpg.rf.118c894c23abbe4bc05c470c9c1ad774.jpg,vestboost_train_00802_jhboyo_train_00802_pos_112_jpg.rf.118c894c23abbe4bc05c470c9c1ad774,vest_ext,vest_ext:pos_112,0,1,0,f9a13a4e3cb40e6e3e40b9b782320efb9c58e3ce
vestboost_train_00803_jhboyo_train_00803_pos_1136_jpg.rf.a447d6274c287d72b0777dbc1554b0e2.jpg,vestboost_train_00803_jhboyo_train_00803_pos_1136_jpg.rf.a447d6274c287d72b0777dbc1554b0e2,vest_ext,vest_ext:pos_1136,0,1,0,8996f487daec459f41cec21dcf643aaee93d2982
vestboost_train_00804_jhboyo_train_00804_pos_1137_jpg.rf.7cdd936ce02d3d816a2c017f9c160f2c.jpg,vestboost_train_00804_jhboyo_train_00804_pos_1137_jpg.rf.7cdd936ce02d3d816a2c017f9c160f2c,vest_ext,vest_ext:pos_1137,0,1,0,2b3710a2d7bfd6cf9ee6cd268678eaf447562a47
vestboost_train_00805_jhboyo_train_00805_pos_114_jpg.rf.9e78f3b3637abc70409a9e022175cc26.jpg,vestboost_train_00805_jhboyo_train_00805_pos_114_jpg.rf.9e78f3b3637abc70409a9e022175cc26,vest_ext,vest_ext:pos_114,0,2,0,0157e115de2add6565de391be6db4d3dba2995da
vestboost_train_00806_jhboyo_train_00806_pos_1151_jpg.rf.c35572062031084e55147d7a88b71e16.jpg,vestboost_train_00806_jhboyo_train_00806_pos_1151_jpg.rf.c35572062031084e55147d7a88b71e16,vest_ext,vest_ext:pos_1151,0,1,0,ff0322add03b91e5c4619c99e0be5b5f6e575441
vestboost_train_00807_jhboyo_train_00807_pos_1166_jpg.rf.b74a66d02b8dd29ab0f9c889f0034ec3.jpg,vestboost_train_00807_jhboyo_train_00807_pos_1166_jpg.rf.b74a66d02b8dd29ab0f9c889f0034ec3,vest_ext,vest_ext:pos_1166,0,1,0,a170a25abe23bb83ef35a2df2b5537594d3bb00f
vestboost_train_00808_jhboyo_train_00808_pos_116_jpg.rf.8e62684a8ef4fab76f9326b784b70c91.jpg,vestboost_train_00808_jhboyo_train_00808_pos_116_jpg.rf.8e62684a8ef4fab76f9326b784b70c91,vest_ext,vest_ext:pos_116,0,1,0,9229d4c87931e6eb69e1a8c88b483260a15a4f92
vestboost_train_00809_jhboyo_train_00809_pos_1176_jpg.rf.bff6c0f4649ed8b38a14a410e7b6d618.jpg,vestboost_train_00809_jhboyo_train_00809_pos_1176_jpg.rf.bff6c0f4649ed8b38a14a410e7b6d618,vest_ext,vest_ext:pos_1176,0,2,0,f45d6ebb04566919244b4aa8f31511e6b1f4f1bb
vestboost_train_00810_jhboyo_train_00810_pos_1180_jpg.rf.46d631da1d69b20ff210f9fea5bd991f.jpg,vestboost_train_00810_jhboyo_train_00810_pos_1180_jpg.rf.46d631da1d69b20ff210f9fea5bd991f,vest_ext,vest_ext:pos_1180,0,1,0,fd625a918840e3e9b88654c5dbd1e71bf079bde4
vestboost_train_00811_jhboyo_train_00811_pos_1181_jpg.rf.b5ab32d3636c66ce2160b0794dc81fc6.jpg,vestboost_train_00811_jhboyo_train_00811_pos_1181_jpg.rf.b5ab32d3636c66ce2160b0794dc81fc6,vest_ext,vest_ext:pos_1181,0,1,0,dec60d2579703ccd94d26f3de63429f0f7907dfc
vestboost_train_00812_jhboyo_train_00812_pos_118_jpg.rf.adb9b13d419d8e0aeb6e5a0276e29ccd.jpg,vestboost_train_00812_jhboyo_train_00812_pos_118_jpg.rf.adb9b13d419d8e0aeb6e5a0276e29ccd,vest_ext,vest_ext:pos_118,0,1,0,6c990d1400e36d0d5944f0cec32cd4f59e8d1187
vestboost_train_00813_jhboyo_train_00813_pos_11_jpg.rf.cc8eb177db653501a6558b311a74852f.jpg,vestboost_train_00813_jhboyo_train_00813_pos_11_jpg.rf.cc8eb177db653501a6558b311a74852f,vest_ext,vest_ext:pos_11,0,1,0,054b9ffc889125ca9588a81382a619e7b97cf366
vestboost_train_00814_jhboyo_train_00814_pos_1208_jpg.rf.4d9830f3e44ef6b3180bf0e0dfb7b2b2.jpg,vestboost_train_00814_jhboyo_train_00814_pos_1208_jpg.rf.4d9830f3e44ef6b3180bf0e0dfb7b2b2,vest_ext,vest_ext:pos_1208,0,7,0,52f0b67d77441d3eafd546e71ec772b02db1986f
vestboost_train_00815_jhboyo_train_00815_pos_121_jpg.rf.e3e6b4189e703e693fc088548bdcb165.jpg,vestboost_train_00815_jhboyo_train_00815_pos_121_jpg.rf.e3e6b4189e703e693fc088548bdcb165,vest_ext,vest_ext:pos_121,0,2,0,c872297e54bdf0f5606882dbd50df4ef60106548
vestboost_train_00816_jhboyo_train_00816_pos_1221_jpg.rf.05bdc1756d9f81b4d71becb3546f47da.jpg,vestboost_train_00816_jhboyo_train_00816_pos_1221_jpg.rf.05bdc1756d9f81b4d71becb3546f47da,vest_ext,vest_ext:pos_1221,0,1,0,ee715bd0b1a762144896ad3e278a612b9e5d1566
vestboost_train_00817_jhboyo_train_00817_pos_123_jpg.rf.41133a2f5fc7ade8917ccc5f2e47455e.jpg,vestboost_train_00817_jhboyo_train_00817_pos_123_jpg.rf.41133a2f5fc7ade8917ccc5f2e47455e,vest_ext,vest_ext:pos_123,0,1,0,384a6b06c88a1b74f786bd862b7581107b08959f
vestboost_train_00818_jhboyo_train_00818_pos_125_jpg.rf.ae53bd6fb89b2c6871e71819daa2c3c4.jpg,vestboost_train_00818_jhboyo_train_00818_pos_125_jpg.rf.ae53bd6fb89b2c6871e71819daa2c3c4,vest_ext,vest_ext:pos_125,0,2,0,d4c5a03b9018b030055726d2eafa6da830b21aad
vestboost_train_00819_jhboyo_train_00819_pos_126_jpg.rf.4d6c7298feca1e606d5d7bc41d277b1a.jpg,vestboost_train_00819_jhboyo_train_00819_pos_126_jpg.rf.4d6c7298feca1e606d5d7bc41d277b1a,vest_ext,vest_ext:pos_126,0,1,0,42946eb03a8329182ae6d3a06aa5e14b3ce6eb91
vestboost_train_00820_jhboyo_train_00820_pos_129_jpg.rf.1a9d48c6db46bf09b7ebd8640a0808df.jpg,vestboost_train_00820_jhboyo_train_00820_pos_129_jpg.rf.1a9d48c6db46bf09b7ebd8640a0808df,vest_ext,vest_ext:pos_129,0,1,0,3426bddac0b8102d37791fa98ddd53cb0c29222e
vestboost_train_00821_jhboyo_train_00821_pos_12_jpg.rf.2252dd9e89693eba2c390cd65681b4b8.jpg,vestboost_train_00821_jhboyo_train_00821_pos_12_jpg.rf.2252dd9e89693eba2c390cd65681b4b8,vest_ext,vest_ext:pos_12,0,1,0,627da04977b667ed1e2415b5772ca4b1441af675
vestboost_train_00822_jhboyo_train_00822_pos_131_jpg.rf.afd041ef80bd598d2138f077b8d2d001.jpg,vestboost_train_00822_jhboyo_train_00822_pos_131_jpg.rf.afd041ef80bd598d2138f077b8d2d001,vest_ext,vest_ext:pos_131,0,1,0,c738cbaf1692d549237e350546ad9dbaa2e46d91
vestboost_train_00823_jhboyo_train_00823_pos_1343_jpg.rf.d11aee6438030e94762c63f3da49705f.jpg,vestboost_train_00823_jhboyo_train_00823_pos_1343_jpg.rf.d11aee6438030e94762c63f3da49705f,vest_ext,vest_ext:pos_1343,0,1,0,325201662a7ed38443e3c93c00b9394e2d771a0d
vestboost_train_00824_jhboyo_train_00824_pos_1344_jpg.rf.7e2bb9037e19b1930e938c27a0f23475.jpg,vestboost_train_00824_jhboyo_train_00824_pos_1344_jpg.rf.7e2bb9037e19b1930e938c27a0f23475,vest_ext,vest_ext:pos_1344,0,2,0,f66f2547f12f70d56b4a62a4a387a0b9b5d34bbb
vestboost_train_00825_jhboyo_train_00825_pos_1345_jpg.rf.e7b74b561d0f1027715035d686d74fe7.jpg,vestboost_train_00825_jhboyo_train_00825_pos_1345_jpg.rf.e7b74b561d0f1027715035d686d74fe7,vest_ext,vest_ext:pos_1345,0,1,0,a292c0eb7ad234c74f59ca70bf4c208499a6f7d3
vestboost_train_00826_jhboyo_train_00826_pos_1346_jpg.rf.271e1a3f93869e2633a3ab475f0a9cff.jpg,vestboost_train_00826_jhboyo_train_00826_pos_1346_jpg.rf.271e1a3f93869e2633a3ab475f0a9cff,vest_ext,vest_ext:pos_1346,0,2,0,78200ccaebaacbfe9db9bf1cedd3fbac6112184d
vestboost_train_00827_jhboyo_train_00827_pos_1348_jpg.rf.661d7c661e11950b35d78a95b9410891.jpg,vestboost_train_00827_jhboyo_train_00827_pos_1348_jpg.rf.661d7c661e11950b35d78a95b9410891,vest_ext,vest_ext:pos_1348,0,3,0,aad1a380b1991fadf5aa5a5d1cc45ae20f02ddc0
vestboost_train_00828_jhboyo_train_00828_pos_1349_jpg.rf.b3e13095674436d36e847a98438e4477.jpg,vestboost_train_00828_jhboyo_train_00828_pos_1349_jpg.rf.b3e13095674436d36e847a98438e4477,vest_ext,vest_ext:pos_1349,0,3,0,2eef8d0985ec81cbb77d66b384c0655eef4dcd17
vestboost_train_00829_jhboyo_train_00829_pos_1350_jpg.rf.742aee36c16b6813aa73048cb7e307cf.jpg,vestboost_train_00829_jhboyo_train_00829_pos_1350_jpg.rf.742aee36c16b6813aa73048cb7e307cf,vest_ext,vest_ext:pos_1350,0,3,0,40960b66a1066cf744dff2f8bb1a3af26ebbb196
vestboost_train_00830_jhboyo_train_00830_pos_1352_jpg.rf.e6c97a270b7d7d3038a29f1283f62ed9.jpg,vestboost_train_00830_jhboyo_train_00830_pos_1352_jpg.rf.e6c97a270b7d7d3038a29f1283f62ed9,vest_ext,vest_ext:pos_1352,0,1,0,7c99d59e3759f65bc696f9f2a6845c182f22848b
vestboost_train_00831_jhboyo_train_00831_pos_1353_jpg.rf.3a3c17ab3369646ac7715f1f5f71938a.jpg,vestboost_train_00831_jhboyo_train_00831_pos_1353_jpg.rf.3a3c17ab3369646ac7715f1f5f71938a,vest_ext,vest_ext:pos_1353,0,3,0,584f73ac2347241d7d4a7cb5f57bf42f26f69b37
vestboost_train_00832_jhboyo_train_00832_pos_1354_jpg.rf.50bec778120cb62d3d975685349e271c.jpg,vestboost_train_00832_jhboyo_train_00832_pos_1354_jpg.rf.50bec778120cb62d3d975685349e271c,vest_ext,vest_ext:pos_1354,0,1,0,e77374762b8c09f54f1b33f4d8b5f497498fa180
vestboost_train_00833_jhboyo_train_00833_pos_1355_jpg.rf.a043aec25ff3f2057cf39e401d26a5e2.jpg,vestboost_train_00833_jhboyo_train_00833_pos_1355_jpg.rf.a043aec25ff3f2057cf39e401d26a5e2,vest_ext,vest_ext:pos_1355,0,2,0,749bc9ef33e510135692e766346794a6e3febcd3
vestboost_train_00834_jhboyo_train_00834_pos_1356_jpg.rf.3cc4fd8ad18ddaa32f203149e8a1afc3.jpg,vestboost_train_00834_jhboyo_train_00834_pos_1356_jpg.rf.3cc4fd8ad18ddaa32f203149e8a1afc3,vest_ext,vest_ext:pos_1356,0,2,0,d8ee39a9603949357b9df37e65712ec9b251d4b1
vestboost_train_00835_jhboyo_train_00835_pos_1357_jpg.rf.8a761e3030fc84d3fae69a542c55294b.jpg,vestboost_train_00835_jhboyo_train_00835_pos_1357_jpg.rf.8a761e3030fc84d3fae69a542c55294b,vest_ext,vest_ext:pos_1357,0,2,0,1abef3c122ece0ee26ce0740e04d1e2c549f6d06
vestboost_train_00836_jhboyo_train_00836_pos_1358_jpg.rf.0fe6407610d7c5e979a6a9bbb00e0ae6.jpg,vestboost_train_00836_jhboyo_train_00836_pos_1358_jpg.rf.0fe6407610d7c5e979a6a9bbb00e0ae6,vest_ext,vest_ext:pos_1358,0,4,0,61e59e08251b0e75b5e44455db359b63defd3af2
vestboost_train_00837_jhboyo_train_00837_pos_1359_jpg.rf.f44a7ff7344d398693f8f4a6b7fd2de4.jpg,vestboost_train_00837_jhboyo_train_00837_pos_1359_jpg.rf.f44a7ff7344d398693f8f4a6b7fd2de4,vest_ext,vest_ext:pos_1359,0,3,0,2e22e61370b0a9221f9f41170f4da435581d10e5
vestboost_train_00838_jhboyo_train_00838_pos_1360_jpg.rf.a67a29f995abf8baa31252899bcb3f80.jpg,vestboost_train_00838_jhboyo_train_00838_pos_1360_jpg.rf.a67a29f995abf8baa31252899bcb3f80,vest_ext,vest_ext:pos_1360,0,3,0,f37459fc52ea28d221b01906eaa626bc6e847ec7
vestboost_train_00839_jhboyo_train_00839_pos_1361_jpg.rf.01f02fc9d7cbdbdfbebc918570fc977d.jpg,vestboost_train_00839_jhboyo_train_00839_pos_1361_jpg.rf.01f02fc9d7cbdbdfbebc918570fc977d,vest_ext,vest_ext:pos_1361,0,1,0,8ff0925a8bd360c75e3a1207c4946a1a30e64470
vestboost_train_00840_jhboyo_train_00840_pos_1362_jpg.rf.582894147bb0d8200077c21dc4c9bd8d.jpg,vestboost_train_00840_jhboyo_train_00840_pos_1362_jpg.rf.582894147bb0d8200077c21dc4c9bd8d,vest_ext,vest_ext:pos_1362,0,1,0,37437b4fe45db65d85a52f74b271b035bd47721a
vestboost_train_00841_jhboyo_train_00841_pos_1363_jpg.rf.2bef22a8f132d02447b52b88c32412c6.jpg,vestboost_train_00841_jhboyo_train_00841_pos_1363_jpg.rf.2bef22a8f132d02447b52b88c32412c6,vest_ext,vest_ext:pos_1363,0,2,0,02ae1c8da12b7da0f1794251163ccc522a4e30c9
vestboost_train_00842_jhboyo_train_00842_pos_1365_jpg.rf.8367103792937f79bd67fbeb80f3e46e.jpg,vestboost_train_00842_jhboyo_train_00842_pos_1365_jpg.rf.8367103792937f79bd67fbeb80f3e46e,vest_ext,vest_ext:pos_1365,0,2,0,0abf306ba33b4a5174bf2a3262a9312ba23958a0
vestboost_train_00843_jhboyo_train_00843_pos_1366_jpg.rf.ba847a0288f71ae0320bfd7f92f8b485.jpg,vestboost_train_00843_jhboyo_train_00843_pos_1366_jpg.rf.ba847a0288f71ae0320bfd7f92f8b485,vest_ext,vest_ext:pos_1366,0,2,0,487e2abc16f5bf7afe4134031c7a71a2bf43fbd7
vestboost_train_00844_jhboyo_train_00844_pos_1367_jpg.rf.221f762ca52eab5b2eaa41873af5e660.jpg,vestboost_train_00844_jhboyo_train_00844_pos_1367_jpg.rf.221f762ca52eab5b2eaa41873af5e660,vest_ext,vest_ext:pos_1367,0,2,0,9d3eaea1926315a66c547dfbe87a7d63a3483738
vestboost_train_00845_jhboyo_train_00845_pos_1369_jpg.rf.67a1a48cf0382b2f8a60f6f9dca6b92e.jpg,vestboost_train_00845_jhboyo_train_00845_pos_1369_jpg.rf.67a1a48cf0382b2f8a60f6f9dca6b92e,vest_ext,vest_ext:pos_1369,0,2,0,4c27e77bc3d0608c031f60b01d29fadb6e27b89c
vestboost_train_00846_jhboyo_train_00846_pos_136_jpg.rf.a652ca043899c1e11b6960c74a8c5aef.jpg,vestboost_train_00846_jhboyo_train_00846_pos_136_jpg.rf.a652ca043899c1e11b6960c74a8c5aef,vest_ext,vest_ext:pos_136,0,1,0,14cf5c206e9fa284059e9ec948afe0b958075e1b
vestboost_train_00847_jhboyo_train_00847_pos_1372_jpg.rf.695f32e531d1a694486d796e12ff919a.jpg,vestboost_train_00847_jhboyo_train_00847_pos_1372_jpg.rf.695f32e531d1a694486d796e12ff919a,vest_ext,vest_ext:pos_1372,0,2,0,51dc52bdac0183717d99eb13dcccb488673deb17
vestboost_train_00848_jhboyo_train_00848_pos_1373_jpg.rf.9d1f90353a722244ad8ac5bef3dd73ab.jpg,vestboost_train_00848_jhboyo_train_00848_pos_1373_jpg.rf.9d1f90353a722244ad8ac5bef3dd73ab,vest_ext,vest_ext:pos_1373,0,3,0,171e30a459da0142fd8f915f977243ab1e291c36
vestboost_train_00849_jhboyo_train_00849_pos_1374_jpg.rf.c0115147f7586d90fed59a85eb4e140e.jpg,vestboost_train_00849_jhboyo_train_00849_pos_1374_jpg.rf.c0115147f7586d90fed59a85eb4e140e,vest_ext,vest_ext:pos_1374,0,3,0,aa05b0427a14c697c4443d3804f7a8dfd1d89820
vestboost_train_00850_jhboyo_train_00850_pos_1376_jpg.rf.953e141880d21176fd0b3de4de2cb33f.jpg,vestboost_train_00850_jhboyo_train_00850_pos_1376_jpg.rf.953e141880d21176fd0b3de4de2cb33f,vest_ext,vest_ext:pos_1376,0,1,0,12ff7e4d5b474b3f915656443621bc8492aee336
vestboost_train_00851_jhboyo_train_00851_pos_1377_jpg.rf.51dc2add81320600bb53d8d434e6a627.jpg,vestboost_train_00851_jhboyo_train_00851_pos_1377_jpg.rf.51dc2add81320600bb53d8d434e6a627,vest_ext,vest_ext:pos_1377,0,1,0,3b276648e8c51926e7af7b7fd60a7d12b541589d
vestboost_train_00852_jhboyo_train_00852_pos_1378_jpg.rf.c3cfa3afe4b568a079ec1d4aa5b5c180.jpg,vestboost_train_00852_jhboyo_train_00852_pos_1378_jpg.rf.c3cfa3afe4b568a079ec1d4aa5b5c180,vest_ext,vest_ext:pos_1378,0,2,0,39b337519045094a3476cb340198b1aa112d61a5
vestboost_train_00853_jhboyo_train_00853_pos_1379_jpg.rf.b61ad1114f95623a61b94af3beef03da.jpg,vestboost_train_00853_jhboyo_train_00853_pos_1379_jpg.rf.b61ad1114f95623a61b94af3beef03da,vest_ext,vest_ext:pos_1379,0,3,0,5b6f8d67a989a27902990af04f0c5f0a14efbf4c
vestboost_train_00854_jhboyo_train_00854_pos_1380_jpg.rf.aadf02f68ac59ec326180602c94892d9.jpg,vestboost_train_00854_jhboyo_train_00854_pos_1380_jpg.rf.aadf02f68ac59ec326180602c94892d9,vest_ext,vest_ext:pos_1380,0,2,0,7c63b2b9b5c2863f309bf6b9ce172928f260517f
vestboost_train_00855_jhboyo_train_00855_pos_1381_jpg.rf.86ef76ba9d5a0e5b699bd77bae5c3c4e.jpg,vestboost_train_00855_jhboyo_train_00855_pos_1381_jpg.rf.86ef76ba9d5a0e5b699bd77bae5c3c4e,vest_ext,vest_ext:pos_1381,0,3,0,fe4068ecdeb74d295d42c2285d0b4eb08b80061f
vestboost_train_00856_jhboyo_train_00856_pos_1383_jpg.rf.fda55a7cfffa904e2c09eec371f7406b.jpg,vestboost_train_00856_jhboyo_train_00856_pos_1383_jpg.rf.fda55a7cfffa904e2c09eec371f7406b,vest_ext,vest_ext:pos_1383,0,3,0,08eb4b4951b541a675c280e58a94c8d2921620d5
vestboost_train_00857_jhboyo_train_00857_pos_1384_jpg.rf.dba2623b730fbdfd34ef59d70beb14a2.jpg,vestboost_train_00857_jhboyo_train_00857_pos_1384_jpg.rf.dba2623b730fbdfd34ef59d70beb14a2,vest_ext,vest_ext:pos_1384,0,3,0,e4c16242aaa54ce34aa1c67809f6144eddb7a928
vestboost_train_00858_jhboyo_train_00858_pos_1385_jpg.rf.470973797378890cfbdf4e46aa6886ca.jpg,vestboost_train_00858_jhboyo_train_00858_pos_1385_jpg.rf.470973797378890cfbdf4e46aa6886ca,vest_ext,vest_ext:pos_1385,0,2,0,4bcc3c5ad42bd3c6b1a581a4afcbfc92aa2fb19d
vestboost_train_00859_jhboyo_train_00859_pos_1386_jpg.rf.b01df8cc41218b2872efcf10c6175fb9.jpg,vestboost_train_00859_jhboyo_train_00859_pos_1386_jpg.rf.b01df8cc41218b2872efcf10c6175fb9,vest_ext,vest_ext:pos_1386,0,2,0,8d2b6bd47721b18435e9e88ea6aa983b1f7cac90
vestboost_train_00860_jhboyo_train_00860_pos_1388_jpg.rf.c948a9aa84ead74a464f9ce2e08a7f2a.jpg,vestboost_train_00860_jhboyo_train_00860_pos_1388_jpg.rf.c948a9aa84ead74a464f9ce2e08a7f2a,vest_ext,vest_ext:pos_1388,0,1,0,02cb2c8d33665dd9214e3b6d9b7bb2fcc37bbc6e
vestboost_train_00861_jhboyo_train_00861_pos_1389_jpg.rf.9eae8252d2e1f3afd716901e95740ea7.jpg,vestboost_train_00861_jhboyo_train_00861_pos_1389_jpg.rf.9eae8252d2e1f3afd716901e95740ea7,vest_ext,vest_ext:pos_1389,0,1,0,f903e4b7929c33fafcf7c411dcae32642070c067
vestboost_train_00862_jhboyo_train_00862_pos_138_jpg.rf.1308963568451f95e06a57c88bb4c17d.jpg,vestboost_train_00862_jhboyo_train_00862_pos_138_jpg.rf.1308963568451f95e06a57c88bb4c17d,vest_ext,vest_ext:pos_138,0,2,0,600e5e20c13ddf44b809213c55421df4c1d4eea9
vestboost_train_00863_jhboyo_train_00863_pos_1390_jpg.rf.6c26a850d3b1ec9151a38d3e23a72a74.jpg,vestboost_train_00863_jhboyo_train_00863_pos_1390_jpg.rf.6c26a850d3b1ec9151a38d3e23a72a74,vest_ext,vest_ext:pos_1390,0,1,0,72360174e4ac10ea7246e04c3d3178ffcb112b2e
vestboost_train_00864_jhboyo_train_00864_pos_1391_jpg.rf.ae20fe02f4fb145839f3840a44fe5adf.jpg,vestboost_train_00864_jhboyo_train_00864_pos_1391_jpg.rf.ae20fe02f4fb145839f3840a44fe5adf,vest_ext,vest_ext:pos_1391,0,1,0,c45bb2b0fb131255538594f912e2d10287082f4f
vestboost_train_00865_jhboyo_train_00865_pos_1392_jpg.rf.ee3bc7ea76e1869c579028ea8ddb2f2e.jpg,vestboost_train_00865_jhboyo_train_00865_pos_1392_jpg.rf.ee3bc7ea76e1869c579028ea8ddb2f2e,vest_ext,vest_ext:pos_1392,0,1,0,95dfc8867efa8da1ee21123ab835335e1ec3e1b7
vestboost_train_00866_jhboyo_train_00866_pos_1393_jpg.rf.d753f9dfcc1113cb3b51b9795b48833b.jpg,vestboost_train_00866_jhboyo_train_00866_pos_1393_jpg.rf.d753f9dfcc1113cb3b51b9795b48833b,vest_ext,vest_ext:pos_1393,0,2,0,e7d16e5c6656b1385cabb26fc19c4598f529e90d
vestboost_train_00867_jhboyo_train_00867_pos_1394_jpg.rf.799e233fc7734510288187b2e4021da9.jpg,vestboost_train_00867_jhboyo_train_00867_pos_1394_jpg.rf.799e233fc7734510288187b2e4021da9,vest_ext,vest_ext:pos_1394,0,2,0,11cfa061193487e1ab09dde94077e03ac69eafa4
vestboost_train_00868_jhboyo_train_00868_pos_1395_jpg.rf.eb1e71eafce3435ae5cd59b4a3654371.jpg,vestboost_train_00868_jhboyo_train_00868_pos_1395_jpg.rf.eb1e71eafce3435ae5cd59b4a3654371,vest_ext,vest_ext:pos_1395,0,2,0,029276d27290d138dda858b6d7702dadc2bc2266
vestboost_train_00869_jhboyo_train_00869_pos_1396_jpg.rf.1f1c2b48201650533fd6ac14cef87672.jpg,vestboost_train_00869_jhboyo_train_00869_pos_1396_jpg.rf.1f1c2b48201650533fd6ac14cef87672,vest_ext,vest_ext:pos_1396,0,2,0,f46ae65fa88eec8625bf107d96fbcefc38e9550a
vestboost_train_00870_jhboyo_train_00870_pos_1397_jpg.rf.0ae90c039ddbe16019adea1af79ea306.jpg,vestboost_train_00870_jhboyo_train_00870_pos_1397_jpg.rf.0ae90c039ddbe16019adea1af79ea306,vest_ext,vest_ext:pos_1397,0,2,0,25cf1a0cc3c027ef117be5920035a778650a900f
vestboost_train_00871_jhboyo_train_00871_pos_1398_jpg.rf.3311838c64f54ae07acd7507dd052c02.jpg,vestboost_train_00871_jhboyo_train_00871_pos_1398_jpg.rf.3311838c64f54ae07acd7507dd052c02,vest_ext,vest_ext:pos_1398,0,2,0,95be178536c316842b22d239eb3a0812c256d86e
vestboost_train_00872_jhboyo_train_00872_pos_1399_jpg.rf.acba3b761f14767cc4551e0b322c5f58.jpg,vestboost_train_00872_jhboyo_train_00872_pos_1399_jpg.rf.acba3b761f14767cc4551e0b322c5f58,vest_ext,vest_ext:pos_1399,0,2,0,2577c7ed955851944447e8c34be0449aa3baa81d
vestboost_train_00873_jhboyo_train_00873_pos_139_jpg.rf.3abc4f79d9c133fffabe2adea05cfcbc.jpg,vestboost_train_00873_jhboyo_train_00873_pos_139_jpg.rf.3abc4f79d9c133fffabe2adea05cfcbc,vest_ext,vest_ext:pos_139,0,3,0,9ccf7e3dbaf866ef9e7cb48a970a76a09eb36959
vestboost_train_00874_jhboyo_train_00874_pos_13_jpg.rf.2b10eefa705e8f25d6a2a230c10c57c4.jpg,vestboost_train_00874_jhboyo_train_00874_pos_13_jpg.rf.2b10eefa705e8f25d6a2a230c10c57c4,vest_ext,vest_ext:pos_13,0,1,0,b7d81ba6296a5f3d94ca4308c2fa608a755fedbf
vestboost_train_00875_jhboyo_train_00875_pos_1400_jpg.rf.fd68d8aa3fed81fcc05cc240017fdb01.jpg,vestboost_train_00875_jhboyo_train_00875_pos_1400_jpg.rf.fd68d8aa3fed81fcc05cc240017fdb01,vest_ext,vest_ext:pos_1400,0,1,0,1fec301b25ee79a950a3225c3831cbb31c8d0ed5
vestboost_train_00876_jhboyo_train_00876_pos_1402_jpg.rf.d76d6de6cf3539410c29643e4412d5a7.jpg,vestboost_train_00876_jhboyo_train_00876_pos_1402_jpg.rf.d76d6de6cf3539410c29643e4412d5a7,vest_ext,vest_ext:pos_1402,0,1,0,9c34cf1508fa7a683a7d39f3ef81e875325123d1
vestboost_train_00877_jhboyo_train_00877_pos_1403_jpg.rf.92fdd6fc4fb22635c90b775879920f4e.jpg,vestboost_train_00877_jhboyo_train_00877_pos_1403_jpg.rf.92fdd6fc4fb22635c90b775879920f4e,vest_ext,vest_ext:pos_1403,0,1,0,df762f5f9a4a943bd8ecf739b2719a6d927288af
vestboost_train_00878_jhboyo_train_00878_pos_1404_jpg.rf.54570bbd51d2a8601ed1c65138f8d1fd.jpg,vestboost_train_00878_jhboyo_train_00878_pos_1404_jpg.rf.54570bbd51d2a8601ed1c65138f8d1fd,vest_ext,vest_ext:pos_1404,0,1,0,2f4410c70fbdc0bf4364786c5285eff7eb6ad341
vestboost_train_00879_jhboyo_train_00879_pos_1406_jpg.rf.650c027d0152deacc78a8c8a6a0b4faf.jpg,vestboost_train_00879_jhboyo_train_00879_pos_1406_jpg.rf.650c027d0152deacc78a8c8a6a0b4faf,vest_ext,vest_ext:pos_1406,0,2,0,cfb830a141af5e9b51f27d2073c7224e8b50fa26
vestboost_train_00880_jhboyo_train_00880_pos_1407_jpg.rf.f7f5f6347bcbd4fd08d669c192cdb3c2.jpg,vestboost_train_00880_jhboyo_train_00880_pos_1407_jpg.rf.f7f5f6347bcbd4fd08d669c192cdb3c2,vest_ext,vest_ext:pos_1407,0,2,0,bfd9aa111f6f2a79f260803d3ac6659e59c15551
vestboost_train_00881_jhboyo_train_00881_pos_1408_jpg.rf.36ea8285b258d1b34b621cfeecda8168.jpg,vestboost_train_00881_jhboyo_train_00881_pos_1408_jpg.rf.36ea8285b258d1b34b621cfeecda8168,vest_ext,vest_ext:pos_1408,0,1,0,77b9b1d42dd4112c931125fff4613538d4ec4ba6
vestboost_train_00882_jhboyo_train_00882_pos_1411_jpg.rf.9856e3216e346f06edbd799b9b5b69c7.jpg,vestboost_train_00882_jhboyo_train_00882_pos_1411_jpg.rf.9856e3216e346f06edbd799b9b5b69c7,vest_ext,vest_ext:pos_1411,0,1,0,7cc2666c6f00afb9fc31db5c7ca6a75e50d22243
vestboost_train_00883_jhboyo_train_00883_pos_1412_jpg.rf.deb423e5d98898dec84d35a7c0b122d7.jpg,vestboost_train_00883_jhboyo_train_00883_pos_1412_jpg.rf.deb423e5d98898dec84d35a7c0b122d7,vest_ext,vest_ext:pos_1412,0,1,0,f1577d711abeb972e8ff2c53c97e86922fb6c2a1
vestboost_train_00884_jhboyo_train_00884_pos_1413_jpg.rf.d15a53aeff115307599bd9acfb752d08.jpg,vestboost_train_00884_jhboyo_train_00884_pos_1413_jpg.rf.d15a53aeff115307599bd9acfb752d08,vest_ext,vest_ext:pos_1413,0,1,0,82246b3f9cf7048f7b623794b661865f197ffddc
vestboost_train_00885_jhboyo_train_00885_pos_1416_jpg.rf.d729ce286007009c5afabfcf87ba668a.jpg,vestboost_train_00885_jhboyo_train_00885_pos_1416_jpg.rf.d729ce286007009c5afabfcf87ba668a,vest_ext,vest_ext:pos_1416,0,1,0,b0d98dfb1b173434a9bc6bae3745c27a7145449d
vestboost_train_00886_jhboyo_train_00886_pos_1419_jpg.rf.7d41767d744c73c90ebbdbdad717e8f7.jpg,vestboost_train_00886_jhboyo_train_00886_pos_1419_jpg.rf.7d41767d744c73c90ebbdbdad717e8f7,vest_ext,vest_ext:pos_1419,0,2,0,3f03648d636087a9245c7c136dd9b1aa01c622c9
vestboost_train_00887_jhboyo_train_00887_pos_1422_jpg.rf.7c87a1c109e020c268e13f78bd6c52ad.jpg,vestboost_train_00887_jhboyo_train_00887_pos_1422_jpg.rf.7c87a1c109e020c268e13f78bd6c52ad,vest_ext,vest_ext:pos_1422,0,1,0,6a6b9f3c5cf89b094bfb4638b8ebc8d99e195734
vestboost_train_00888_jhboyo_train_00888_pos_1423_jpg.rf.f9af4b1b06bfce70126d9113d8ecd316.jpg,vestboost_train_00888_jhboyo_train_00888_pos_1423_jpg.rf.f9af4b1b06bfce70126d9113d8ecd316,vest_ext,vest_ext:pos_1423,0,2,0,cde7dcc566ca298aee8d9f967c79771ba4d43908
vestboost_train_00889_jhboyo_train_00889_pos_1425_jpg.rf.2b078104d0da4f07592a70d59fe50179.jpg,vestboost_train_00889_jhboyo_train_00889_pos_1425_jpg.rf.2b078104d0da4f07592a70d59fe50179,vest_ext,vest_ext:pos_1425,0,2,0,d07a5cdd3f2ab48923692bfbe0d6393547336056
vestboost_train_00890_jhboyo_train_00890_pos_1426_jpg.rf.23263ee998ffe7211300af8df24ccac5.jpg,vestboost_train_00890_jhboyo_train_00890_pos_1426_jpg.rf.23263ee998ffe7211300af8df24ccac5,vest_ext,vest_ext:pos_1426,0,1,0,9504904875db701c642a8c55483ab4523fc44264
vestboost_train_00891_jhboyo_train_00891_pos_1427_jpg.rf.29e72f73f583680516c02a9712e51161.jpg,vestboost_train_00891_jhboyo_train_00891_pos_1427_jpg.rf.29e72f73f583680516c02a9712e51161,vest_ext,vest_ext:pos_1427,0,2,0,baae164915f1c115aafb61b31613fa185fd270e7
vestboost_train_00892_jhboyo_train_00892_pos_1429_jpg.rf.f859ad08bf83df2f9160eaaf8012a491.jpg,vestboost_train_00892_jhboyo_train_00892_pos_1429_jpg.rf.f859ad08bf83df2f9160eaaf8012a491,vest_ext,vest_ext:pos_1429,0,1,0,313ad8b3ccadbca6b62c06f0a3812a4afc3f3c8b
vestboost_train_00893_jhboyo_train_00893_pos_1432_jpg.rf.dbf4db38ec2f139c08f414c266abbca8.jpg,vestboost_train_00893_jhboyo_train_00893_pos_1432_jpg.rf.dbf4db38ec2f139c08f414c266abbca8,vest_ext,vest_ext:pos_1432,0,1,0,175a8a2a03521efe73d72531cc28cec56a214cd4
vestboost_train_00894_jhboyo_train_00894_pos_1433_jpg.rf.66e394897f3377dde919a1eb5a377835.jpg,vestboost_train_00894_jhboyo_train_00894_pos_1433_jpg.rf.66e394897f3377dde919a1eb5a377835,vest_ext,vest_ext:pos_1433,0,1,0,93d09aa18021da04869b33fc5c760d5151085d9a
vestboost_train_00895_jhboyo_train_00895_pos_1435_jpg.rf.44cba503d92d7399309074c6bfc4f487.jpg,vestboost_train_00895_jhboyo_train_00895_pos_1435_jpg.rf.44cba503d92d7399309074c6bfc4f487,vest_ext,vest_ext:pos_1435,0,1,0,3048e21003ed72360bdc33dd7246bc35abe77bbf
vestboost_train_00896_jhboyo_train_00896_pos_1436_jpg.rf.5164a6250a0a964fa889645557bb4d8c.jpg,vestboost_train_00896_jhboyo_train_00896_pos_1436_jpg.rf.5164a6250a0a964fa889645557bb4d8c,vest_ext,vest_ext:pos_1436,0,1,0,bae50fe8499d0037b30481583aeab5cb817043f4
vestboost_train_00897_jhboyo_train_00897_pos_1437_jpg.rf.be18e0117025e9e739ae566e4891a785.jpg,vestboost_train_00897_jhboyo_train_00897_pos_1437_jpg.rf.be18e0117025e9e739ae566e4891a785,vest_ext,vest_ext:pos_1437,0,1,0,752325848c532eb646f765064ba69865a16a0e56
vestboost_train_00898_jhboyo_train_00898_pos_1439_jpg.rf.d0814bf0e8932ac18570233a7c1ca0ea.jpg,vestboost_train_00898_jhboyo_train_00898_pos_1439_jpg.rf.d0814bf0e8932ac18570233a7c1ca0ea,vest_ext,vest_ext:pos_1439,0,2,0,839c2e6ac84c6eac988b5777e7cddfe7e96bdd56
vestboost_train_00899_jhboyo_train_00899_pos_1442_jpg.rf.9bf9d8cdb1108190724c24814d923070.jpg,vestboost_train_00899_jhboyo_train_00899_pos_1442_jpg.rf.9bf9d8cdb1108190724c24814d923070,vest_ext,vest_ext:pos_1442,0,1,0,85cd0c3e9fc9d141e0c72e9f4152694db9edd005
vestboost_train_00900_jhboyo_train_00900_pos_1443_jpg.rf.54a0e4b948f22ef9b0c4a58964b7c9e9.jpg,vestboost_train_00900_jhboyo_train_00900_pos_1443_jpg.rf.54a0e4b948f22ef9b0c4a58964b7c9e9,vest_ext,vest_ext:pos_1443,0,2,0,ab6bcc41a65f76c24ab5e2d2416045effedff8c8
vestboost_train_00901_jhboyo_train_00901_pos_1445_jpg.rf.72527bf38ce2ebed2a961f4fca13cf32.jpg,vestboost_train_00901_jhboyo_train_00901_pos_1445_jpg.rf.72527bf38ce2ebed2a961f4fca13cf32,vest_ext,vest_ext:pos_1445,0,1,0,cfc6466267df50daf34aecb24dcb964c63c25804
vestboost_train_00902_jhboyo_train_00902_pos_1446_jpg.rf.95037fe7d6d4d86066c6bf042e663fdf.jpg,vestboost_train_00902_jhboyo_train_00902_pos_1446_jpg.rf.95037fe7d6d4d86066c6bf042e663fdf,vest_ext,vest_ext:pos_1446,0,1,0,d7863115a74a73ebc81b2d6409ff2386b8cf1a25
vestboost_train_00903_jhboyo_train_00903_pos_1447_jpg.rf.e9c92635b7c470cecaf531e689babcef.jpg,vestboost_train_00903_jhboyo_train_00903_pos_1447_jpg.rf.e9c92635b7c470cecaf531e689babcef,vest_ext,vest_ext:pos_1447,0,2,0,883e61985eb85f71e5d2f2f181bd564792a2a3e9
vestboost_train_00904_jhboyo_train_00904_pos_1448_jpg.rf.53f741a26bbf530edf738af521eff475.jpg,vestboost_train_00904_jhboyo_train_00904_pos_1448_jpg.rf.53f741a26bbf530edf738af521eff475,vest_ext,vest_ext:pos_1448,0,1,0,cec466e899b8b9cebe0b6239afd9aa126c7c90bb
vestboost_train_00905_jhboyo_train_00905_pos_1449_jpg.rf.b8f26d4358a297d5813f01546c7ffec8.jpg,vestboost_train_00905_jhboyo_train_00905_pos_1449_jpg.rf.b8f26d4358a297d5813f01546c7ffec8,vest_ext,vest_ext:pos_1449,0,2,0,22498e96bdb913993f33eb0c3d6d686cc30cc60b
vestboost_train_00906_jhboyo_train_00906_pos_1450_jpg.rf.e383e014c3ebe9900621aa9be59025e9.jpg,vestboost_train_00906_jhboyo_train_00906_pos_1450_jpg.rf.e383e014c3ebe9900621aa9be59025e9,vest_ext,vest_ext:pos_1450,0,2,0,31a70e87dd0a2e24bee4f7b5c2a14abe2177ed61
vestboost_train_00907_jhboyo_train_00907_pos_1451_jpg.rf.3c4213d58a35d311f8af97a42a07dfbe.jpg,vestboost_train_00907_jhboyo_train_00907_pos_1451_jpg.rf.3c4213d58a35d311f8af97a42a07dfbe,vest_ext,vest_ext:pos_1451,0,1,0,5789f3722ad783c7e4407d12f55c2f3f809a03fe
vestboost_train_00908_jhboyo_train_00908_pos_1452_jpg.rf.4a0b79e8b60918ce172aabe66366425f.jpg,vestboost_train_00908_jhboyo_train_00908_pos_1452_jpg.rf.4a0b79e8b60918ce172aabe66366425f,vest_ext,vest_ext:pos_1452,0,1,0,fe2a284be7c01bb7744c9410cb73b00f7f0325d4
vestboost_train_00909_jhboyo_train_00909_pos_1453_jpg.rf.1315eeb47fe5382c1756d98b0967e737.jpg,vestboost_train_00909_jhboyo_train_00909_pos_1453_jpg.rf.1315eeb47fe5382c1756d98b0967e737,vest_ext,vest_ext:pos_1453,0,1,0,6ba60be7c732a53464255a855fe1f5e99619bdd1
vestboost_train_00910_jhboyo_train_00910_pos_1454_jpg.rf.d5186ad433627ff3ac8b6f4386c06091.jpg,vestboost_train_00910_jhboyo_train_00910_pos_1454_jpg.rf.d5186ad433627ff3ac8b6f4386c06091,vest_ext,vest_ext:pos_1454,0,2,0,2871950637ce787c588397a15da6f8b3124007ce
vestboost_train_00911_jhboyo_train_00911_pos_1456_jpg.rf.94e8eb65dd168edc5c2e9d2360f63b93.jpg,vestboost_train_00911_jhboyo_train_00911_pos_1456_jpg.rf.94e8eb65dd168edc5c2e9d2360f63b93,vest_ext,vest_ext:pos_1456,0,1,0,4979b353bbe6703e08533c5476ec397d1c4a7c09
vestboost_train_00912_jhboyo_train_00912_pos_1458_jpg.rf.e717cb30098a40a0bd82f563ede98486.jpg,vestboost_train_00912_jhboyo_train_00912_pos_1458_jpg.rf.e717cb30098a40a0bd82f563ede98486,vest_ext,vest_ext:pos_1458,0,1,0,09e93a1ef2af03f0cfaf974562b24f873f7c875a
vestboost_train_00913_jhboyo_train_00913_pos_1460_jpg.rf.a9004890181d3096bda3f6c2572e42ed.jpg,vestboost_train_00913_jhboyo_train_00913_pos_1460_jpg.rf.a9004890181d3096bda3f6c2572e42ed,vest_ext,vest_ext:pos_1460,0,1,0,9100570f9c29d2e8eab13b4a51f4d159be9e4f89
vestboost_train_00914_jhboyo_train_00914_pos_1461_jpg.rf.8468c90d82490f0e183a254682fd039e.jpg,vestboost_train_00914_jhboyo_train_00914_pos_1461_jpg.rf.8468c90d82490f0e183a254682fd039e,vest_ext,vest_ext:pos_1461,0,1,0,ffb9ae527a378efb5974b34987842fd49dfb2fee
vestboost_train_00915_jhboyo_train_00915_pos_1462_jpg.rf.8ec07933663d0bdc81e892e5f2868282.jpg,vestboost_train_00915_jhboyo_train_00915_pos_1462_jpg.rf.8ec07933663d0bdc81e892e5f2868282,vest_ext,vest_ext:pos_1462,0,2,0,47420eb4f5244c694ed2b7385b813cb00bda9321
vestboost_train_00916_jhboyo_train_00916_pos_1463_jpg.rf.47297a21814f01b673c43df0acdc1331.jpg,vestboost_train_00916_jhboyo_train_00916_pos_1463_jpg.rf.47297a21814f01b673c43df0acdc1331,vest_ext,vest_ext:pos_1463,0,1,0,21b2c716a27fa21a9b170632ba3f700ed2fea163
vestboost_train_00917_jhboyo_train_00917_pos_1464_jpg.rf.711d2771840ab32624e91ecfb75a127f.jpg,vestboost_train_00917_jhboyo_train_00917_pos_1464_jpg.rf.711d2771840ab32624e91ecfb75a127f,vest_ext,vest_ext:pos_1464,0,1,0,6dc5480a1ba1b98a6cecdfe82b27d83a3e6ab2a5
vestboost_train_00918_jhboyo_train_00918_pos_1465_jpg.rf.ab967c582ce5be52ec0d44e389e86b2c.jpg,vestboost_train_00918_jhboyo_train_00918_pos_1465_jpg.rf.ab967c582ce5be52ec0d44e389e86b2c,vest_ext,vest_ext:pos_1465,0,1,0,3f76942790301b8b3b9db1c7de996ea3781633fb
vestboost_train_00919_jhboyo_train_00919_pos_1466_jpg.rf.d0220287a4a3edff97463e8a78bb146c.jpg,vestboost_train_00919_jhboyo_train_00919_pos_1466_jpg.rf.d0220287a4a3edff97463e8a78bb146c,vest_ext,vest_ext:pos_1466,0,1,0,7f2b5bc434e891ad0fa2dc755425e914b0b0fe60
vestboost_train_00920_jhboyo_train_00920_pos_1467_jpg.rf.7a126404522324a0b6838f8a3cf8786b.jpg,vestboost_train_00920_jhboyo_train_00920_pos_1467_jpg.rf.7a126404522324a0b6838f8a3cf8786b,vest_ext,vest_ext:pos_1467,0,1,0,fdf21e02be23d3eacdbd98d53f62cf341a6c4549
vestboost_train_00921_jhboyo_train_00921_pos_1468_jpg.rf.4d244581dcd39328f9f133bc4374a290.jpg,vestboost_train_00921_jhboyo_train_00921_pos_1468_jpg.rf.4d244581dcd39328f9f133bc4374a290,vest_ext,vest_ext:pos_1468,0,1,0,7e51f0092f53587965034282e4c04cebf6fd1c1c
vestboost_train_00922_jhboyo_train_00922_pos_1470_jpg.rf.9782069364f360aba4daa2b99c494328.jpg,vestboost_train_00922_jhboyo_train_00922_pos_1470_jpg.rf.9782069364f360aba4daa2b99c494328,vest_ext,vest_ext:pos_1470,0,1,0,86274dd258b3dc76103ed7e411082d8f5c407ae5
vestboost_train_00923_jhboyo_train_00923_pos_1471_jpg.rf.f757f874d982a2601b52024593faee15.jpg,vestboost_train_00923_jhboyo_train_00923_pos_1471_jpg.rf.f757f874d982a2601b52024593faee15,vest_ext,vest_ext:pos_1471,0,1,0,2dec92725d6e60544cdd0578d569756732a044fa
vestboost_train_00924_jhboyo_train_00924_pos_1472_jpg.rf.3b7b0f10fe39fdd1e5447b43cd490cb8.jpg,vestboost_train_00924_jhboyo_train_00924_pos_1472_jpg.rf.3b7b0f10fe39fdd1e5447b43cd490cb8,vest_ext,vest_ext:pos_1472,0,1,0,5182e7e1029600b9c78f362482133723c94c6455
vestboost_train_00925_jhboyo_train_00925_pos_1473_jpg.rf.6b0fc5bf91c3fab77433da240f945155.jpg,vestboost_train_00925_jhboyo_train_00925_pos_1473_jpg.rf.6b0fc5bf91c3fab77433da240f945155,vest_ext,vest_ext:pos_1473,0,1,0,ba13531d4ca36b97f08b46642222f937451162f0
vestboost_train_00926_jhboyo_train_00926_pos_1474_jpg.rf.786ee82676b338c0e49e416711eb2dec.jpg,vestboost_train_00926_jhboyo_train_00926_pos_1474_jpg.rf.786ee82676b338c0e49e416711eb2dec,vest_ext,vest_ext:pos_1474,0,1,0,8dc9346bc4c60c8dd3c3a225f2daf91b45ca1e85
vestboost_train_00927_jhboyo_train_00927_pos_1477_jpg.rf.d4c6a34f732e93387093f6dea73e92b6.jpg,vestboost_train_00927_jhboyo_train_00927_pos_1477_jpg.rf.d4c6a34f732e93387093f6dea73e92b6,vest_ext,vest_ext:pos_1477,0,1,0,c41fabd28a21b9444b6c1aaac03ddbb774bb3354
vestboost_train_00928_jhboyo_train_00928_pos_1478_jpg.rf.fb2d4dc89da5950363093fc1428e66a5.jpg,vestboost_train_00928_jhboyo_train_00928_pos_1478_jpg.rf.fb2d4dc89da5950363093fc1428e66a5,vest_ext,vest_ext:pos_1478,0,2,0,d4259755573318634ee746d621f61caed324ebc2
vestboost_train_00929_jhboyo_train_00929_pos_1479_jpg.rf.4b4a413c9197617f569ac9f44efb305e.jpg,vestboost_train_00929_jhboyo_train_00929_pos_1479_jpg.rf.4b4a413c9197617f569ac9f44efb305e,vest_ext,vest_ext:pos_1479,0,1,0,cea983b13e73fd50e4807bbbc0e92cde991430b3
vestboost_train_00930_jhboyo_train_00930_pos_147_jpg.rf.ab1f002e180d6160e6ce71d6013ca9bc.jpg,vestboost_train_00930_jhboyo_train_00930_pos_147_jpg.rf.ab1f002e180d6160e6ce71d6013ca9bc,vest_ext,vest_ext:pos_147,0,1,0,e70b39b0eea87ba8bdc6a05d114dcffb1e64d219
vestboost_train_00931_jhboyo_train_00931_pos_1480_jpg.rf.5b9ab30f1efe634bdb44cd99cfa7faa9.jpg,vestboost_train_00931_jhboyo_train_00931_pos_1480_jpg.rf.5b9ab30f1efe634bdb44cd99cfa7faa9,vest_ext,vest_ext:pos_1480,0,1,0,a2aebb7e78e7e10a038ac6f2b1713a70cde1d321
vestboost_train_00932_jhboyo_train_00932_pos_1481_jpg.rf.36d1960d6d666c360ce1197857123265.jpg,vestboost_train_00932_jhboyo_train_00932_pos_1481_jpg.rf.36d1960d6d666c360ce1197857123265,vest_ext,vest_ext:pos_1481,0,1,0,d3ddc6d03b5d010d9b034070c2ca6bfa9a0789d3
vestboost_train_00933_jhboyo_train_00933_pos_1482_jpg.rf.f720a430735a023d67278340dfde0609.jpg,vestboost_train_00933_jhboyo_train_00933_pos_1482_jpg.rf.f720a430735a023d67278340dfde0609,vest_ext,vest_ext:pos_1482,0,1,0,0a503855a581a69f071d8197487b03872c3742ce
vestboost_train_00934_jhboyo_train_00934_pos_1483_jpg.rf.7c64302b577129c5418aeeb8f2699a29.jpg,vestboost_train_00934_jhboyo_train_00934_pos_1483_jpg.rf.7c64302b577129c5418aeeb8f2699a29,vest_ext,vest_ext:pos_1483,0,2,0,eb478e51f0e24b0ac181a098d0410d1b619af28c
vestboost_train_00935_jhboyo_train_00935_pos_1484_jpg.rf.56d6a843c8492514b881cb4bab046abb.jpg,vestboost_train_00935_jhboyo_train_00935_pos_1484_jpg.rf.56d6a843c8492514b881cb4bab046abb,vest_ext,vest_ext:pos_1484,0,2,0,f88143a408ce13f6892ce6b643a1ee025827d402
vestboost_train_00936_jhboyo_train_00936_pos_1485_jpg.rf.f91e79a4c63e312d23ec2081f2be7514.jpg,vestboost_train_00936_jhboyo_train_00936_pos_1485_jpg.rf.f91e79a4c63e312d23ec2081f2be7514,vest_ext,vest_ext:pos_1485,0,2,0,3dbf51721949db8b6bf258e1df3ff9e1ee1009ef
vestboost_train_00937_jhboyo_train_00937_pos_1486_jpg.rf.d471e0cecc734de565614aa2532a9351.jpg,vestboost_train_00937_jhboyo_train_00937_pos_1486_jpg.rf.d471e0cecc734de565614aa2532a9351,vest_ext,vest_ext:pos_1486,0,2,0,2945e6ab25239a79ac450f8c6e8814c649e7a1a8
vestboost_train_00938_jhboyo_train_00938_pos_1488_jpg.rf.2c03497d34e53b125e1ceb7507db117c.jpg,vestboost_train_00938_jhboyo_train_00938_pos_1488_jpg.rf.2c03497d34e53b125e1ceb7507db117c,vest_ext,vest_ext:pos_1488,0,2,0,9941db9ff94ff10472f25eb289a5eab5a51a8a30
vestboost_train_00939_jhboyo_train_00939_pos_1489_jpg.rf.6b457b17dc5fd7b0b05c08ee55a20b34.jpg,vestboost_train_00939_jhboyo_train_00939_pos_1489_jpg.rf.6b457b17dc5fd7b0b05c08ee55a20b34,vest_ext,vest_ext:pos_1489,0,2,0,a90d87e9d6aab7628ae038f8a359f187e880e2f1
vestboost_train_00940_jhboyo_train_00940_pos_1490_jpg.rf.931b586fb3bf6516914e416de674c14c.jpg,vestboost_train_00940_jhboyo_train_00940_pos_1490_jpg.rf.931b586fb3bf6516914e416de674c14c,vest_ext,vest_ext:pos_1490,0,2,0,4ad2d77d05b27741f3c001b885fb525d2fcfe884
vestboost_train_00941_jhboyo_train_00941_pos_1492_jpg.rf.94ee76408c9c4c28f1b89b7a067dd14e.jpg,vestboost_train_00941_jhboyo_train_00941_pos_1492_jpg.rf.94ee76408c9c4c28f1b89b7a067dd14e,vest_ext,vest_ext:pos_1492,0,1,0,88942a2c872a8ef66b620ad9d02a8feeccb379d9
vestboost_train_00942_jhboyo_train_00942_pos_1494_jpg.rf.0a9610142a7d60d4d7b17ef6d218e645.jpg,vestboost_train_00942_jhboyo_train_00942_pos_1494_jpg.rf.0a9610142a7d60d4d7b17ef6d218e645,vest_ext,vest_ext:pos_1494,0,1,0,3dbdcf4ae345ffd477bca8929097988b26c0cce4
vestboost_train_00943_jhboyo_train_00943_pos_1496_jpg.rf.523274b542061ba4835d63fff389080d.jpg,vestboost_train_00943_jhboyo_train_00943_pos_1496_jpg.rf.523274b542061ba4835d63fff389080d,vest_ext,vest_ext:pos_1496,0,2,0,dad358d9124c0d7494bc8f4e1f8022ecbf042492
vestboost_train_00944_jhboyo_train_00944_pos_1497_jpg.rf.a675e0e1252ea9025082515e7377d320.jpg,vestboost_train_00944_jhboyo_train_00944_pos_1497_jpg.rf.a675e0e1252ea9025082515e7377d320,vest_ext,vest_ext:pos_1497,0,2,0,c7b8d024e15a6eed397d4e2ec9481886e791772c
vestboost_train_00945_jhboyo_train_00945_pos_1498_jpg.rf.cfccafa657ec8032a5217f71cf6ee51c.jpg,vestboost_train_00945_jhboyo_train_00945_pos_1498_jpg.rf.cfccafa657ec8032a5217f71cf6ee51c,vest_ext,vest_ext:pos_1498,0,1,0,2aaf4cf759bbe202b924c87036c918c70c0983cb
vestboost_train_00946_jhboyo_train_00946_pos_1499_jpg.rf.d3fadaba78e7862a7fe282935e45b645.jpg,vestboost_train_00946_jhboyo_train_00946_pos_1499_jpg.rf.d3fadaba78e7862a7fe282935e45b645,vest_ext,vest_ext:pos_1499,0,1,0,e53e83e04e2a01464504d66cd74523a5bddb709d
vestboost_train_00947_jhboyo_train_00947_pos_1501_jpg.rf.feef515a1ab8ef59bc0127ecb1364914.jpg,vestboost_train_00947_jhboyo_train_00947_pos_1501_jpg.rf.feef515a1ab8ef59bc0127ecb1364914,vest_ext,vest_ext:pos_1501,0,1,0,4bfc8a45637bd4a9ad7f6413e5b70c8066c3e367
vestboost_train_00948_jhboyo_train_00948_pos_1502_jpg.rf.4baefbc7e41989ea73ba0008eeb71044.jpg,vestboost_train_00948_jhboyo_train_00948_pos_1502_jpg.rf.4baefbc7e41989ea73ba0008eeb71044,vest_ext,vest_ext:pos_1502,0,1,0,c0f442ee9ae272551a915d01ef411ec7f7278b44
vestboost_train_00949_jhboyo_train_00949_pos_1503_jpg.rf.7a4f5da056feec87f4936cb69cd052f2.jpg,vestboost_train_00949_jhboyo_train_00949_pos_1503_jpg.rf.7a4f5da056feec87f4936cb69cd052f2,vest_ext,vest_ext:pos_1503,0,1,0,3ced6f216e24ad12d236e75f81ad493d7b8c56a0
vestboost_train_00950_jhboyo_train_00950_pos_1504_jpg.rf.1fdf1a9a1d815d6332d7ebd1adfafb9f.jpg,vestboost_train_00950_jhboyo_train_00950_pos_1504_jpg.rf.1fdf1a9a1d815d6332d7ebd1adfafb9f,vest_ext,vest_ext:pos_1504,0,1,0,207e8fb425ddd18f2cc56551f2141ccd9f2e4432
vestboost_train_00951_jhboyo_train_00951_pos_1507_jpg.rf.3186897456afbf8e6f27d18b4b26021b.jpg,vestboost_train_00951_jhboyo_train_00951_pos_1507_jpg.rf.3186897456afbf8e6f27d18b4b26021b,vest_ext,vest_ext:pos_1507,0,1,0,0a1e06c649b6b2e122dc12463b127f68185e67d6
vestboost_train_00952_jhboyo_train_00952_pos_1508_jpg.rf.517001d77816586ad55a72e34e2c6e1a.jpg,vestboost_train_00952_jhboyo_train_00952_pos_1508_jpg.rf.517001d77816586ad55a72e34e2c6e1a,vest_ext,vest_ext:pos_1508,0,1,0,71ea175c1ab30a5e0c11c5cd0fccfd82ada7843d
vestboost_train_00953_jhboyo_train_00953_pos_1510_jpg.rf.d2664c5bc9e1d9cb440e91885ef268e7.jpg,vestboost_train_00953_jhboyo_train_00953_pos_1510_jpg.rf.d2664c5bc9e1d9cb440e91885ef268e7,vest_ext,vest_ext:pos_1510,0,1,0,7cd22ebb91b4682b9a77066008a74027b5c6a2ef
vestboost_train_00954_jhboyo_train_00954_pos_1511_jpg.rf.ddc1346efb42e4d76dd213ed6e0a3a60.jpg,vestboost_train_00954_jhboyo_train_00954_pos_1511_jpg.rf.ddc1346efb42e4d76dd213ed6e0a3a60,vest_ext,vest_ext:pos_1511,0,2,0,f0d4ec1d61666f53d113a1258d1d3f8ed2be7d99
vestboost_train_00955_jhboyo_train_00955_pos_1512_jpg.rf.066cfb541380bc98be83184a1b7c62ce.jpg,vestboost_train_00955_jhboyo_train_00955_pos_1512_jpg.rf.066cfb541380bc98be83184a1b7c62ce,vest_ext,vest_ext:pos_1512,0,2,0,62fcc2787e4d2436661905e886f40770a03dfb33
vestboost_train_00956_jhboyo_train_00956_pos_1513_jpg.rf.65a758618e243f9fb9471edf4b48e3b7.jpg,vestboost_train_00956_jhboyo_train_00956_pos_1513_jpg.rf.65a758618e243f9fb9471edf4b48e3b7,vest_ext,vest_ext:pos_1513,0,3,0,941ef0d7536536fc2c16eb31c733d43c37f3081c
vestboost_train_00957_jhboyo_train_00957_pos_1514_jpg.rf.f31f0917bbf6399a86e72ddd2b9e169a.jpg,vestboost_train_00957_jhboyo_train_00957_pos_1514_jpg.rf.f31f0917bbf6399a86e72ddd2b9e169a,vest_ext,vest_ext:pos_1514,0,2,0,abdd1546fb9865c6991d494a1d11d56e8c05e0bc
vestboost_train_00958_jhboyo_train_00958_pos_1515_jpg.rf.c83652000e3f6d3468afbca1048fd7a4.jpg,vestboost_train_00958_jhboyo_train_00958_pos_1515_jpg.rf.c83652000e3f6d3468afbca1048fd7a4,vest_ext,vest_ext:pos_1515,0,1,0,7bd27591aa39ee384cb5e018fe6b47b57d558e8e
vestboost_train_00959_jhboyo_train_00959_pos_1516_jpg.rf.73b1146bd3e022d757a39bde34b884d4.jpg,vestboost_train_00959_jhboyo_train_00959_pos_1516_jpg.rf.73b1146bd3e022d757a39bde34b884d4,vest_ext,vest_ext:pos_1516,0,2,0,d946cbeca4acdb9905cec753ba2e4f946612f801
vestboost_train_00960_jhboyo_train_00960_pos_1517_jpg.rf.6b956980f48e1555bcc563d8f9aa6b1c.jpg,vestboost_train_00960_jhboyo_train_00960_pos_1517_jpg.rf.6b956980f48e1555bcc563d8f9aa6b1c,vest_ext,vest_ext:pos_1517,0,1,0,7a67a0bf37c311d353e63896cd1a253bffcfefc2
vestboost_train_00961_jhboyo_train_00961_pos_1518_jpg.rf.d402f42a073995ebd626182ab46384de.jpg,vestboost_train_00961_jhboyo_train_00961_pos_1518_jpg.rf.d402f42a073995ebd626182ab46384de,vest_ext,vest_ext:pos_1518,0,1,0,8dac396270847962e92f784308473e60a5fbc7f6
vestboost_train_00962_jhboyo_train_00962_pos_1519_jpg.rf.3d38c07d0297f721cea4b06f89ed0e99.jpg,vestboost_train_00962_jhboyo_train_00962_pos_1519_jpg.rf.3d38c07d0297f721cea4b06f89ed0e99,vest_ext,vest_ext:pos_1519,0,1,0,46801fb523f85fb1b0b4672061124a212f645122
vestboost_train_00963_jhboyo_train_00963_pos_1521_jpg.rf.28160f6995b650658393c1195d6663d4.jpg,vestboost_train_00963_jhboyo_train_00963_pos_1521_jpg.rf.28160f6995b650658393c1195d6663d4,vest_ext,vest_ext:pos_1521,0,1,0,ce850583aec43e664e080c70a6f4a12415766a45
vestboost_train_00964_jhboyo_train_00964_pos_1523_jpg.rf.de4872eafaaf5d27a36e3b7f3b6e6e97.jpg,vestboost_train_00964_jhboyo_train_00964_pos_1523_jpg.rf.de4872eafaaf5d27a36e3b7f3b6e6e97,vest_ext,vest_ext:pos_1523,0,3,0,0d3c4016b08730cd79788180a038829bd9b286f8
vestboost_train_00965_jhboyo_train_00965_pos_1529_jpg.rf.841a182174a2c1d6ef6940f38df67bbd.jpg,vestboost_train_00965_jhboyo_train_00965_pos_1529_jpg.rf.841a182174a2c1d6ef6940f38df67bbd,vest_ext,vest_ext:pos_1529,0,2,0,efe7051e6c40bd6f09d7fd48631ab49bbe560b0e
vestboost_train_00966_jhboyo_train_00966_pos_1530_jpg.rf.825e313a67af27845a79c4c24b266d75.jpg,vestboost_train_00966_jhboyo_train_00966_pos_1530_jpg.rf.825e313a67af27845a79c4c24b266d75,vest_ext,vest_ext:pos_1530,0,1,0,e66ac0f8911543f7d9c542cbd5924bf18cb32871
vestboost_train_00967_jhboyo_train_00967_pos_1531_jpg.rf.fed3f9147d1f805ab91334f62f96cd33.jpg,vestboost_train_00967_jhboyo_train_00967_pos_1531_jpg.rf.fed3f9147d1f805ab91334f62f96cd33,vest_ext,vest_ext:pos_1531,0,1,0,ed4fef939e551c34f43f3b5ba3a58539d4640156
vestboost_train_00968_jhboyo_train_00968_pos_1533_jpg.rf.b65b7b70bf31bc6a2b268953d2eac959.jpg,vestboost_train_00968_jhboyo_train_00968_pos_1533_jpg.rf.b65b7b70bf31bc6a2b268953d2eac959,vest_ext,vest_ext:pos_1533,0,2,0,7ae86fd7fc356534866900cc2a1c00b540772f1a
vestboost_train_00969_jhboyo_train_00969_pos_1535_jpg.rf.d5212a952dc201bbc16b00473be74cfe.jpg,vestboost_train_00969_jhboyo_train_00969_pos_1535_jpg.rf.d5212a952dc201bbc16b00473be74cfe,vest_ext,vest_ext:pos_1535,0,2,0,972f4aba1a4f74550b10e655ffa17e98508550e6
vestboost_train_00970_jhboyo_train_00970_pos_153_jpg.rf.67696cd5a58cfc6aa8ec26439ce47883.jpg,vestboost_train_00970_jhboyo_train_00970_pos_153_jpg.rf.67696cd5a58cfc6aa8ec26439ce47883,vest_ext,vest_ext:pos_153,0,1,0,5b957c1d8a5a13104e93d6651fbbc298fb47df47
vestboost_train_00971_jhboyo_train_00971_pos_1541_jpg.rf.e5dbdc0e116f307fe04d61617786c387.jpg,vestboost_train_00971_jhboyo_train_00971_pos_1541_jpg.rf.e5dbdc0e116f307fe04d61617786c387,vest_ext,vest_ext:pos_1541,0,2,0,e62d60c75e2a73bfca5e541a9fd0fc0f3ca1258b
vestboost_train_00972_jhboyo_train_00972_pos_1542_jpg.rf.78ced2c87e8b518bd86bd04cd6c028b1.jpg,vestboost_train_00972_jhboyo_train_00972_pos_1542_jpg.rf.78ced2c87e8b518bd86bd04cd6c028b1,vest_ext,vest_ext:pos_1542,0,2,0,095b1fecd0c0cb11007550e526247225d0413f7b
vestboost_train_00973_jhboyo_train_00973_pos_1544_jpg.rf.288c10d17e7b99f4bdf9c9c6a2fdb0d1.jpg,vestboost_train_00973_jhboyo_train_00973_pos_1544_jpg.rf.288c10d17e7b99f4bdf9c9c6a2fdb0d1,vest_ext,vest_ext:pos_1544,0,2,0,e8a53810b75eeb0848c3ae882ac0403a1ebb9709
vestboost_train_00974_jhboyo_train_00974_pos_1545_jpg.rf.82e2810c28dad729897f81c608da64fa.jpg,vestboost_train_00974_jhboyo_train_00974_pos_1545_jpg.rf.82e2810c28dad729897f81c608da64fa,vest_ext,vest_ext:pos_1545,0,4,0,616faec3cae72126c1ad599d97b96ba4278a2742
vestboost_train_00975_jhboyo_train_00975_pos_1546_jpg.rf.574b118e7ff254e0eccb3bda09fc5621.jpg,vestboost_train_00975_jhboyo_train_00975_pos_1546_jpg.rf.574b118e7ff254e0eccb3bda09fc5621,vest_ext,vest_ext:pos_1546,0,2,0,a0d88f0e6f64e54b7e3dd37f3b55bbd13a907fd6
vestboost_train_00976_jhboyo_train_00976_pos_1547_jpg.rf.6fe346acc522a34da66bf14f9a29b224.jpg,vestboost_train_00976_jhboyo_train_00976_pos_1547_jpg.rf.6fe346acc522a34da66bf14f9a29b224,vest_ext,vest_ext:pos_1547,0,2,0,a3c494ac9363e2956dddb5d87cf79bd1e97831e0
vestboost_train_00977_jhboyo_train_00977_pos_1549_jpg.rf.a0320d685870fb1c6c6bf73f7d26b1a8.jpg,vestboost_train_00977_jhboyo_train_00977_pos_1549_jpg.rf.a0320d685870fb1c6c6bf73f7d26b1a8,vest_ext,vest_ext:pos_1549,0,2,0,382d5212e547e81ea5453baf92cda6f86b696670
vestboost_train_00978_jhboyo_train_00978_pos_1550_jpg.rf.82d238df862260066567593d14ddd60a.jpg,vestboost_train_00978_jhboyo_train_00978_pos_1550_jpg.rf.82d238df862260066567593d14ddd60a,vest_ext,vest_ext:pos_1550,0,2,0,8a7a5af5677acda68b94c1844128bbda7352f298
vestboost_train_00979_jhboyo_train_00979_pos_1552_jpg.rf.a45569480465c3e67411b4ed88275c4d.jpg,vestboost_train_00979_jhboyo_train_00979_pos_1552_jpg.rf.a45569480465c3e67411b4ed88275c4d,vest_ext,vest_ext:pos_1552,0,2,0,bf00b4c7bcb2705de91c0f628b5195f73c646b7d
vestboost_train_00980_jhboyo_train_00980_pos_1553_jpg.rf.b74c96cc08812b0ee2bcc4978eb88ee1.jpg,vestboost_train_00980_jhboyo_train_00980_pos_1553_jpg.rf.b74c96cc08812b0ee2bcc4978eb88ee1,vest_ext,vest_ext:pos_1553,0,2,0,6d147e27d9c11c96523634591dcf791dea323d78
vestboost_train_00981_jhboyo_train_00981_pos_1554_jpg.rf.e53c2d26612c829145d7b477a2e04acc.jpg,vestboost_train_00981_jhboyo_train_00981_pos_1554_jpg.rf.e53c2d26612c829145d7b477a2e04acc,vest_ext,vest_ext:pos_1554,0,2,0,4f532dbc8b0441c6cc3d5736abc91f07dca77c2b
vestboost_train_00982_jhboyo_train_00982_pos_155_jpg.rf.0488cedcb9aca2cae0fe77a811f127f0.jpg,vestboost_train_00982_jhboyo_train_00982_pos_155_jpg.rf.0488cedcb9aca2cae0fe77a811f127f0,vest_ext,vest_ext:pos_155,0,2,0,d011158afc19f7b01aade016eaa534f85ad08681
vestboost_train_00983_jhboyo_train_00983_pos_1560_jpg.rf.b244d63e26f61397834f0848637bb839.jpg,vestboost_train_00983_jhboyo_train_00983_pos_1560_jpg.rf.b244d63e26f61397834f0848637bb839,vest_ext,vest_ext:pos_1560,0,1,0,576dc9f306f330d1d355f0f28ee65aa08447957e
vestboost_train_00984_jhboyo_train_00984_pos_1562_jpg.rf.06315289f005c71caceb4ab268ff3af1.jpg,vestboost_train_00984_jhboyo_train_00984_pos_1562_jpg.rf.06315289f005c71caceb4ab268ff3af1,vest_ext,vest_ext:pos_1562,0,2,0,da0013ec24aa5ddac20d7f7e2ff53fe4a6775095
vestboost_train_00985_jhboyo_train_00985_pos_1563_jpg.rf.51b9fee26ed719823c1c9f4328bf57dc.jpg,vestboost_train_00985_jhboyo_train_00985_pos_1563_jpg.rf.51b9fee26ed719823c1c9f4328bf57dc,vest_ext,vest_ext:pos_1563,0,2,0,a82bad4e90258ce54ac7503fb5ab0c3bce019d05
vestboost_train_00986_jhboyo_train_00986_pos_1564_jpg.rf.d43b71c5a36a7f53f661458f247a4226.jpg,vestboost_train_00986_jhboyo_train_00986_pos_1564_jpg.rf.d43b71c5a36a7f53f661458f247a4226,vest_ext,vest_ext:pos_1564,0,1,0,3724d5e27bb734fc4153fe570a06a673b17d1ef2
vestboost_train_00987_jhboyo_train_00987_pos_1566_jpg.rf.1e013f31f8a9284cfea9c7a7e8ef2400.jpg,vestboost_train_00987_jhboyo_train_00987_pos_1566_jpg.rf.1e013f31f8a9284cfea9c7a7e8ef2400,vest_ext,vest_ext:pos_1566,0,1,0,fb885514e7e766bb9d5a24584b111f990eb37995
vestboost_train_00988_jhboyo_train_00988_pos_1567_jpg.rf.b3dae262cce063e79d5d391e1992a74f.jpg,vestboost_train_00988_jhboyo_train_00988_pos_1567_jpg.rf.b3dae262cce063e79d5d391e1992a74f,vest_ext,vest_ext:pos_1567,0,3,0,926fdc31e382ad745c9e9b460ad35a8580264bce
vestboost_train_00989_jhboyo_train_00989_pos_1568_jpg.rf.b9622a115a3fdad5db679cb8d424f2b8.jpg,vestboost_train_00989_jhboyo_train_00989_pos_1568_jpg.rf.b9622a115a3fdad5db679cb8d424f2b8,vest_ext,vest_ext:pos_1568,0,1,0,ea157794c81ec28b4d967c9b327b294cf4a2720a
vestboost_train_00990_jhboyo_train_00990_pos_1570_jpg.rf.f96abf2840a76c368f2904c016dd89c9.jpg,vestboost_train_00990_jhboyo_train_00990_pos_1570_jpg.rf.f96abf2840a76c368f2904c016dd89c9,vest_ext,vest_ext:pos_1570,0,1,0,e5d6f8694dc35b27607f6a1bbb79fddc0f9f6acd
vestboost_train_00991_jhboyo_train_00991_pos_1571_jpg.rf.46dd3eeef74d5c73727a0eeba61f16f9.jpg,vestboost_train_00991_jhboyo_train_00991_pos_1571_jpg.rf.46dd3eeef74d5c73727a0eeba61f16f9,vest_ext,vest_ext:pos_1571,0,1,0,332960e38eb0c332578ce1b7caf0e348d90726b8
vestboost_train_00992_jhboyo_train_00992_pos_1572_jpg.rf.0fac191c93753ae97496f60477dfdeda.jpg,vestboost_train_00992_jhboyo_train_00992_pos_1572_jpg.rf.0fac191c93753ae97496f60477dfdeda,vest_ext,vest_ext:pos_1572,0,2,0,827c8af38bf1bb31d01d44835350bbceb7d8fdea
vestboost_train_00993_jhboyo_train_00993_pos_1573_jpg.rf.b9a3e6777f2f8983fa90fc751d3083c6.jpg,vestboost_train_00993_jhboyo_train_00993_pos_1573_jpg.rf.b9a3e6777f2f8983fa90fc751d3083c6,vest_ext,vest_ext:pos_1573,0,1,0,37043c0e5f0b287688dc1fe2b171126d378788ca
vestboost_train_00994_jhboyo_train_00994_pos_1575_jpg.rf.1d94fef4657f9c74fbf32296184d6ced.jpg,vestboost_train_00994_jhboyo_train_00994_pos_1575_jpg.rf.1d94fef4657f9c74fbf32296184d6ced,vest_ext,vest_ext:pos_1575,0,2,0,d6772fbc994e656d9daeab679b0275402de13385
vestboost_train_00995_jhboyo_train_00995_pos_1576_jpg.rf.153aa6f073e82473a84ca9f704f94c0f.jpg,vestboost_train_00995_jhboyo_train_00995_pos_1576_jpg.rf.153aa6f073e82473a84ca9f704f94c0f,vest_ext,vest_ext:pos_1576,0,1,0,98e2c3f24fe6ceb342d6725861bb400c54c22f32
vestboost_train_00996_jhboyo_train_00996_pos_1577_jpg.rf.c5282dad52e412d499b8bb842ca88f64.jpg,vestboost_train_00996_jhboyo_train_00996_pos_1577_jpg.rf.c5282dad52e412d499b8bb842ca88f64,vest_ext,vest_ext:pos_1577,0,1,0,1712c5c2370de03fce5b132a60e1d6b5aea429cc
vestboost_train_00997_jhboyo_train_00997_pos_1578_jpg.rf.03c4d27b2469a0fd12f36eb9bf42ff61.jpg,vestboost_train_00997_jhboyo_train_00997_pos_1578_jpg.rf.03c4d27b2469a0fd12f36eb9bf42ff61,vest_ext,vest_ext:pos_1578,0,3,0,5b3a5880b98b7ff8931e1768b0bbe9bfd295d1b1
vestboost_train_00998_jhboyo_train_00998_pos_1581_jpg.rf.e84a4d852c00e500ecb3935ec33b520b.jpg,vestboost_train_00998_jhboyo_train_00998_pos_1581_jpg.rf.e84a4d852c00e500ecb3935ec33b520b,vest_ext,vest_ext:pos_1581,0,1,0,badd637097c0230a8876b757b4024d35beeb4ec8
vestboost_train_00999_jhboyo_train_00999_pos_1582_jpg.rf.239bfe1f8678b48c0f4c263bfeec115c.jpg,vestboost_train_00999_jhboyo_train_00999_pos_1582_jpg.rf.239bfe1f8678b48c0f4c263bfeec115c,vest_ext,vest_ext:pos_1582,0,1,0,cae98bf7e6bc301d59971f9ff9b553c2f1cf15aa
vestboost_train_01000_jhboyo_train_01000_pos_1583_jpg.rf.0cefbc2e7ed2639e31989f982e9b297f.jpg,vestboost_train_01000_jhboyo_train_01000_pos_1583_jpg.rf.0cefbc2e7ed2639e31989f982e9b297f,vest_ext,vest_ext:pos_1583,0,1,0,dfc4b797d4efeaced20186bec708be03281eb331
vestboost_train_01001_jhboyo_train_01001_pos_1584_jpg.rf.3bc2e6250ddbd224749af313b8a7cfa6.jpg,vestboost_train_01001_jhboyo_train_01001_pos_1584_jpg.rf.3bc2e6250ddbd224749af313b8a7cfa6,vest_ext,vest_ext:pos_1584,0,2,0,e3cb19d4f1e299aca7e1ec71052d01083c3fef04
vestboost_train_01002_jhboyo_train_01002_pos_1586_jpg.rf.87172239c68ba8102495ad9b66b9eead.jpg,vestboost_train_01002_jhboyo_train_01002_pos_1586_jpg.rf.87172239c68ba8102495ad9b66b9eead,vest_ext,vest_ext:pos_1586,0,1,0,46345b6c4d90c76cb65cf828cb1bad708a4a45a7
vestboost_train_01003_jhboyo_train_01003_pos_1589_jpg.rf.31ffd56608020fd11b8e86054ec16a3a.jpg,vestboost_train_01003_jhboyo_train_01003_pos_1589_jpg.rf.31ffd56608020fd11b8e86054ec16a3a,vest_ext,vest_ext:pos_1589,0,4,0,c565508967f61c69e354b95babe34abbd40f0d45
vestboost_train_01004_jhboyo_train_01004_pos_1591_jpg.rf.3fe3f8930c3f14ed2748489d53dfde05.jpg,vestboost_train_01004_jhboyo_train_01004_pos_1591_jpg.rf.3fe3f8930c3f14ed2748489d53dfde05,vest_ext,vest_ext:pos_1591,0,2,0,4820db30d4975a5b5d8d5d90bff2faa2958e8f56
vestboost_train_01005_jhboyo_train_01005_pos_1593_jpg.rf.33fb43be52405194502ae57dda44f115.jpg,vestboost_train_01005_jhboyo_train_01005_pos_1593_jpg.rf.33fb43be52405194502ae57dda44f115,vest_ext,vest_ext:pos_1593,0,2,0,922cfa4068a06d6b054265540ee58d30f1562477
vestboost_train_01006_jhboyo_train_01006_pos_1597_jpg.rf.1fa98c31adc0865ca6d13b85503eb1ba.jpg,vestboost_train_01006_jhboyo_train_01006_pos_1597_jpg.rf.1fa98c31adc0865ca6d13b85503eb1ba,vest_ext,vest_ext:pos_1597,0,2,0,2c5ac30316952db48d136b64f292391cc844e244
vestboost_train_01007_jhboyo_train_01007_pos_1598_jpg.rf.85ab21ba8b5f6991c90617417e58cad9.jpg,vestboost_train_01007_jhboyo_train_01007_pos_1598_jpg.rf.85ab21ba8b5f6991c90617417e58cad9,vest_ext,vest_ext:pos_1598,0,2,0,ed47e6c0684a2717806a240e9647f3b1dccbe376
vestboost_train_01008_jhboyo_train_01008_pos_1599_jpg.rf.19ddb9e48682f62bf3273ed9eb9b8896.jpg,vestboost_train_01008_jhboyo_train_01008_pos_1599_jpg.rf.19ddb9e48682f62bf3273ed9eb9b8896,vest_ext,vest_ext:pos_1599,0,2,0,c5a6d5bc519ea78894690d1376e19ceeb9573e91
vestboost_train_01009_jhboyo_train_01009_pos_1601_jpg.rf.059bb96deb2cf24dee1b23c57ec0e11e.jpg,vestboost_train_01009_jhboyo_train_01009_pos_1601_jpg.rf.059bb96deb2cf24dee1b23c57ec0e11e,vest_ext,vest_ext:pos_1601,0,5,0,5fc33890d8d69f59d9ff1fceeb791afe82f8999c
vestboost_train_01010_jhboyo_train_01010_pos_1602_jpg.rf.d7dddc6c4407dc46061932a0341cf59d.jpg,vestboost_train_01010_jhboyo_train_01010_pos_1602_jpg.rf.d7dddc6c4407dc46061932a0341cf59d,vest_ext,vest_ext:pos_1602,0,1,0,933bfd7727a4971eb4b87606844995185df56ad6
vestboost_train_01011_jhboyo_train_01011_pos_1604_jpg.rf.f8ca99557cde5deef0fb0093fb1ae102.jpg,vestboost_train_01011_jhboyo_train_01011_pos_1604_jpg.rf.f8ca99557cde5deef0fb0093fb1ae102,vest_ext,vest_ext:pos_1604,0,1,0,378df38d3dabcfb69040beb7d7bec7d8581580d5
vestboost_train_01012_jhboyo_train_01012_pos_1608_jpg.rf.fce119704277915314334bcc2f3723fb.jpg,vestboost_train_01012_jhboyo_train_01012_pos_1608_jpg.rf.fce119704277915314334bcc2f3723fb,vest_ext,vest_ext:pos_1608,0,1,0,02fb359028e1cbcb4b8b91ca63794ee740e2a335
vestboost_train_01013_jhboyo_train_01013_pos_160_jpg.rf.3756cf69c031f8903a8156f0850ab8d7.jpg,vestboost_train_01013_jhboyo_train_01013_pos_160_jpg.rf.3756cf69c031f8903a8156f0850ab8d7,vest_ext,vest_ext:pos_160,0,3,0,c89f7c0c9ac291567303b8f411819fa99a3f42a9
vestboost_train_01014_jhboyo_train_01014_pos_1610_jpg.rf.f005b746de224dc101a02080dc3c1ee0.jpg,vestboost_train_01014_jhboyo_train_01014_pos_1610_jpg.rf.f005b746de224dc101a02080dc3c1ee0,vest_ext,vest_ext:pos_1610,0,1,0,2ad7b88903bd73931ab1498e09dbd9337b4d37b7
vestboost_train_01015_jhboyo_train_01015_pos_1613_jpg.rf.cf96043a80cb9b2055d9f7f5849eda60.jpg,vestboost_train_01015_jhboyo_train_01015_pos_1613_jpg.rf.cf96043a80cb9b2055d9f7f5849eda60,vest_ext,vest_ext:pos_1613,0,1,0,58a3a699763bd8609474bbd317c09db3580ca8df
vestboost_train_01016_jhboyo_train_01016_pos_1614_jpg.rf.283def98ddd1de53a11a41d74edea1d5.jpg,vestboost_train_01016_jhboyo_train_01016_pos_1614_jpg.rf.283def98ddd1de53a11a41d74edea1d5,vest_ext,vest_ext:pos_1614,0,1,0,7ff8e20f9b772dc3550c0c1bca7aa94559e71f13
vestboost_train_01017_jhboyo_train_01017_pos_1616_jpg.rf.23d00b1902decfd5a615b5e75b629da0.jpg,vestboost_train_01017_jhboyo_train_01017_pos_1616_jpg.rf.23d00b1902decfd5a615b5e75b629da0,vest_ext,vest_ext:pos_1616,0,1,0,9a0d25289bcf9aab4fdda030e3c3a24cc1552b78
vestboost_train_01018_jhboyo_train_01018_pos_1617_jpg.rf.ce9d0879b3f18734a9103de48ffc0ec5.jpg,vestboost_train_01018_jhboyo_train_01018_pos_1617_jpg.rf.ce9d0879b3f18734a9103de48ffc0ec5,vest_ext,vest_ext:pos_1617,0,1,0,d451514a5120199ab9868de0784ee27cc8882699
vestboost_train_01019_jhboyo_train_01019_pos_1622_jpg.rf.607ca5ecd8dd2b7b55c2f74aaa749f6b.jpg,vestboost_train_01019_jhboyo_train_01019_pos_1622_jpg.rf.607ca5ecd8dd2b7b55c2f74aaa749f6b,vest_ext,vest_ext:pos_1622,0,2,0,a1f32dbdac41b904780d9efd0390791f605ac5ef
vestboost_train_01020_jhboyo_train_01020_pos_1623_jpg.rf.1027ac106714ad5f39a92421d4332a83.jpg,vestboost_train_01020_jhboyo_train_01020_pos_1623_jpg.rf.1027ac106714ad5f39a92421d4332a83,vest_ext,vest_ext:pos_1623,0,4,0,58b16b822589aeb2db40c7f5e7f144e43729855e
vestboost_train_01021_jhboyo_train_01021_pos_1624_jpg.rf.5d9e9c89a6215e7d4623c185d1008ded.jpg,vestboost_train_01021_jhboyo_train_01021_pos_1624_jpg.rf.5d9e9c89a6215e7d4623c185d1008ded,vest_ext,vest_ext:pos_1624,0,1,0,77e50a5dd3504247ddca91dd2389b3d911dca747
vestboost_train_01022_jhboyo_train_01022_pos_1625_jpg.rf.542da6733a33cac0a0b883f3faf1b40a.jpg,vestboost_train_01022_jhboyo_train_01022_pos_1625_jpg.rf.542da6733a33cac0a0b883f3faf1b40a,vest_ext,vest_ext:pos_1625,0,2,0,051a733aa76d4f77a2aebe36b97da1dd2a426ee5
vestboost_train_01023_jhboyo_train_01023_pos_1626_jpg.rf.a1813b36380ce823021f8e13349e57f1.jpg,vestboost_train_01023_jhboyo_train_01023_pos_1626_jpg.rf.a1813b36380ce823021f8e13349e57f1,vest_ext,vest_ext:pos_1626,0,2,0,373658a5edac97396d12d08a1af444b3678e980b
vestboost_train_01024_jhboyo_train_01024_pos_1629_jpg.rf.2e1e942fa7970c58e50ec0a3f3339bdd.jpg,vestboost_train_01024_jhboyo_train_01024_pos_1629_jpg.rf.2e1e942fa7970c58e50ec0a3f3339bdd,vest_ext,vest_ext:pos_1629,0,1,0,16dff547a3ab12de427dd93f98dbc504912d6417
vestboost_train_01025_jhboyo_train_01025_pos_162_jpg.rf.df1205c94b72b8aba69f76b398a23c71.jpg,vestboost_train_01025_jhboyo_train_01025_pos_162_jpg.rf.df1205c94b72b8aba69f76b398a23c71,vest_ext,vest_ext:pos_162,0,1,0,43fe495b4356df5e781558f74a7571406bff41a3
vestboost_train_01026_jhboyo_train_01026_pos_1630_jpg.rf.a25f579497603618ceac56ef8501b94e.jpg,vestboost_train_01026_jhboyo_train_01026_pos_1630_jpg.rf.a25f579497603618ceac56ef8501b94e,vest_ext,vest_ext:pos_1630,0,2,0,1a7b471f74f57a36c21d310fd148ee1fe481f78b
vestboost_train_01027_jhboyo_train_01027_pos_1631_jpg.rf.be2e84dea9de69d6c4a773b800cffb94.jpg,vestboost_train_01027_jhboyo_train_01027_pos_1631_jpg.rf.be2e84dea9de69d6c4a773b800cffb94,vest_ext,vest_ext:pos_1631,0,1,0,5231690fbc51c9a8e3678859011864f3b85b0bfc
vestboost_train_01028_jhboyo_train_01028_pos_1633_jpg.rf.59485853982d18a611fd3ef184bdd185.jpg,vestboost_train_01028_jhboyo_train_01028_pos_1633_jpg.rf.59485853982d18a611fd3ef184bdd185,vest_ext,vest_ext:pos_1633,0,3,0,b4e3fa76db669f3efe01429f274e352c993c7499
vestboost_train_01029_jhboyo_train_01029_pos_1634_jpg.rf.aa0955cf65c8b1d76c3e15cb028b3c49.jpg,vestboost_train_01029_jhboyo_train_01029_pos_1634_jpg.rf.aa0955cf65c8b1d76c3e15cb028b3c49,vest_ext,vest_ext:pos_1634,0,2,0,03dc7ab14f3739b192e1a2d23593c2f97443b864
vestboost_train_01030_jhboyo_train_01030_pos_1636_jpg.rf.55fd14d4f6fb096265a53ca4ed802118.jpg,vestboost_train_01030_jhboyo_train_01030_pos_1636_jpg.rf.55fd14d4f6fb096265a53ca4ed802118,vest_ext,vest_ext:pos_1636,0,3,0,409cac00552e65b450375cf42d4fbfa22f2fd979
vestboost_train_01031_jhboyo_train_01031_pos_1637_jpg.rf.a93c215ccce867f4ab01d474a3103a2a.jpg,vestboost_train_01031_jhboyo_train_01031_pos_1637_jpg.rf.a93c215ccce867f4ab01d474a3103a2a,vest_ext,vest_ext:pos_1637,0,3,0,ffa5fde4785ce8998e9bf1a95942521f4bd8995c
vestboost_train_01032_jhboyo_train_01032_pos_1638_jpg.rf.8a8aadae0c3ac14c808e13cb9c1079e2.jpg,vestboost_train_01032_jhboyo_train_01032_pos_1638_jpg.rf.8a8aadae0c3ac14c808e13cb9c1079e2,vest_ext,vest_ext:pos_1638,0,2,0,8079a7826b567b2dd1432177c2826a7fc886ad0c
vestboost_train_01033_jhboyo_train_01033_pos_163_jpg.rf.88964b6a3e19f03ff53e3da17744d9c2.jpg,vestboost_train_01033_jhboyo_train_01033_pos_163_jpg.rf.88964b6a3e19f03ff53e3da17744d9c2,vest_ext,vest_ext:pos_163,0,1,0,b72424ee5ea730f66516b78177f0580fe9138aa0
vestboost_train_01034_jhboyo_train_01034_pos_1640_jpg.rf.c1c0c34143c27f4f1a735a961050f469.jpg,vestboost_train_01034_jhboyo_train_01034_pos_1640_jpg.rf.c1c0c34143c27f4f1a735a961050f469,vest_ext,vest_ext:pos_1640,0,1,0,dbcaea2564979268a6337ddaf0a980d45bb4dfe8
vestboost_train_01035_jhboyo_train_01035_pos_1641_jpg.rf.1da5481ed202e2fcd89f947cfdb4092c.jpg,vestboost_train_01035_jhboyo_train_01035_pos_1641_jpg.rf.1da5481ed202e2fcd89f947cfdb4092c,vest_ext,vest_ext:pos_1641,0,1,0,ebc53fd8585e1e4902c79e3a9f65c9e5f7b88182
vestboost_train_01036_jhboyo_train_01036_pos_1643_jpg.rf.77b8e27ca7dd2d4e6fd51a6a5f059740.jpg,vestboost_train_01036_jhboyo_train_01036_pos_1643_jpg.rf.77b8e27ca7dd2d4e6fd51a6a5f059740,vest_ext,vest_ext:pos_1643,0,1,0,40dd527c7dc99c37b77cdc4e0f9554e597192710
vestboost_train_01037_jhboyo_train_01037_pos_1644_jpg.rf.ea7fa86a5da2cbf6e898789719d955bd.jpg,vestboost_train_01037_jhboyo_train_01037_pos_1644_jpg.rf.ea7fa86a5da2cbf6e898789719d955bd,vest_ext,vest_ext:pos_1644,0,2,0,11ea9f8c0184d78aeafa5f7dd1b5dbe294a228f4
vestboost_train_01038_jhboyo_train_01038_pos_1645_jpg.rf.a2075c21ac89e57a3f64a62029afc733.jpg,vestboost_train_01038_jhboyo_train_01038_pos_1645_jpg.rf.a2075c21ac89e57a3f64a62029afc733,vest_ext,vest_ext:pos_1645,0,2,0,7cc56728afa9d86134fb0dfc57b581998ee37abc
vestboost_train_01039_jhboyo_train_01039_pos_1646_jpg.rf.26bfe526c5deea84e8f9315057c4839f.jpg,vestboost_train_01039_jhboyo_train_01039_pos_1646_jpg.rf.26bfe526c5deea84e8f9315057c4839f,vest_ext,vest_ext:pos_1646,0,1,0,7f1ef45af23dc23bc4d98dfeae967caa7e550df9
vestboost_train_01040_jhboyo_train_01040_pos_1649_jpg.rf.ba5c4a8228254e73d62c5f34680e72d5.jpg,vestboost_train_01040_jhboyo_train_01040_pos_1649_jpg.rf.ba5c4a8228254e73d62c5f34680e72d5,vest_ext,vest_ext:pos_1649,0,1,0,42153a029cec10cc916acb4960755b36e66d50df
vestboost_train_01041_jhboyo_train_01041_pos_1650_jpg.rf.1b01b1553e6b6e53db2611e856c2a555.jpg,vestboost_train_01041_jhboyo_train_01041_pos_1650_jpg.rf.1b01b1553e6b6e53db2611e856c2a555,vest_ext,vest_ext:pos_1650,0,2,0,6f9c7e7c5f6f232334d5d7b7776e358d2d10ff19
vestboost_train_01042_jhboyo_train_01042_pos_1651_jpg.rf.d80235e61aa4167ec881218760c7ee86.jpg,vestboost_train_01042_jhboyo_train_01042_pos_1651_jpg.rf.d80235e61aa4167ec881218760c7ee86,vest_ext,vest_ext:pos_1651,0,1,0,b7912830c46ebda3aeea1e24d0dfe64a01a6a10b
vestboost_train_01043_jhboyo_train_01043_pos_1654_jpg.rf.d3d0aa4ccb0c71b52a080102d99e665d.jpg,vestboost_train_01043_jhboyo_train_01043_pos_1654_jpg.rf.d3d0aa4ccb0c71b52a080102d99e665d,vest_ext,vest_ext:pos_1654,0,3,0,c0f478e993d91473d329b14fd773e8d387e19863
vestboost_train_01044_jhboyo_train_01044_pos_1657_jpg.rf.46d57a8df886fd83e318a42252849fa7.jpg,vestboost_train_01044_jhboyo_train_01044_pos_1657_jpg.rf.46d57a8df886fd83e318a42252849fa7,vest_ext,vest_ext:pos_1657,0,1,0,c98c4e63827c3b0e85d1f1878f543cbfca481427
vestboost_train_01045_jhboyo_train_01045_pos_1659_jpg.rf.655f84cf357b6662201ff2b35f3c8c7f.jpg,vestboost_train_01045_jhboyo_train_01045_pos_1659_jpg.rf.655f84cf357b6662201ff2b35f3c8c7f,vest_ext,vest_ext:pos_1659,0,2,0,45c91567423d6331c5ed2a0398de298a0b1cb0b0
vestboost_train_01046_jhboyo_train_01046_pos_1662_jpg.rf.f7ce03cb84989ad023f1975506cee47d.jpg,vestboost_train_01046_jhboyo_train_01046_pos_1662_jpg.rf.f7ce03cb84989ad023f1975506cee47d,vest_ext,vest_ext:pos_1662,0,3,0,267a96904d8f4984539060199241162a72791b6c
vestboost_train_01047_jhboyo_train_01047_pos_1664_jpg.rf.fcc5ebbd89f94aa551c07d7d62ec23ba.jpg,vestboost_train_01047_jhboyo_train_01047_pos_1664_jpg.rf.fcc5ebbd89f94aa551c07d7d62ec23ba,vest_ext,vest_ext:pos_1664,0,1,0,545f34def5267358a30259b9957e45090c532f74
vestboost_train_01048_jhboyo_train_01048_pos_1666_jpg.rf.b813e652c4426e9e64666571beceef33.jpg,vestboost_train_01048_jhboyo_train_01048_pos_1666_jpg.rf.b813e652c4426e9e64666571beceef33,vest_ext,vest_ext:pos_1666,0,1,0,b1b36aa021e9f469760fff82495c13cbf0f2b432
vestboost_train_01049_jhboyo_train_01049_pos_1667_jpg.rf.feef49c2e33f7f4ae5b60284dbbc0cc1.jpg,vestboost_train_01049_jhboyo_train_01049_pos_1667_jpg.rf.feef49c2e33f7f4ae5b60284dbbc0cc1,vest_ext,vest_ext:pos_1667,0,1,0,f9b6b1ce799e23e5a4688581857c6d322336d8a7
vestboost_train_01050_jhboyo_train_01050_pos_1668_jpg.rf.0ca638f0ca62e9a02c98cbf5809edfb8.jpg,vestboost_train_01050_jhboyo_train_01050_pos_1668_jpg.rf.0ca638f0ca62e9a02c98cbf5809edfb8,vest_ext,vest_ext:pos_1668,0,1,0,0cacb44e0c365dec3abf7f810c80ee44c15cc41f
vestboost_train_01051_jhboyo_train_01051_pos_1669_jpg.rf.288bb69dbe0cbd74234f345433f6bcc3.jpg,vestboost_train_01051_jhboyo_train_01051_pos_1669_jpg.rf.288bb69dbe0cbd74234f345433f6bcc3,vest_ext,vest_ext:pos_1669,0,1,0,9ad49999e615517c1b218132998dfdbf612c5e32
vestboost_train_01052_jhboyo_train_01052_pos_1670_jpg.rf.7e1c3701d835aca4ca69b6f3a067f7b3.jpg,vestboost_train_01052_jhboyo_train_01052_pos_1670_jpg.rf.7e1c3701d835aca4ca69b6f3a067f7b3,vest_ext,vest_ext:pos_1670,0,1,0,58ebd849536fdfb495b8619e635037fa052d534f
vestboost_train_01053_jhboyo_train_01053_pos_1671_jpg.rf.2381ad326aefd575af3dabe4badbffd7.jpg,vestboost_train_01053_jhboyo_train_01053_pos_1671_jpg.rf.2381ad326aefd575af3dabe4badbffd7,vest_ext,vest_ext:pos_1671,0,1,0,7b2d0c5691b6095b21638555632949916459a804
vestboost_train_01054_jhboyo_train_01054_pos_1673_jpg.rf.02b9bfd0ac324830081cbfbe9d114715.jpg,vestboost_train_01054_jhboyo_train_01054_pos_1673_jpg.rf.02b9bfd0ac324830081cbfbe9d114715,vest_ext,vest_ext:pos_1673,0,1,0,0644368e4cc11dc7db59515b219d65096340bfcf
vestboost_train_01055_jhboyo_train_01055_pos_1674_jpg.rf.63dbfcca283b6a96260a43b39b823e91.jpg,vestboost_train_01055_jhboyo_train_01055_pos_1674_jpg.rf.63dbfcca283b6a96260a43b39b823e91,vest_ext,vest_ext:pos_1674,0,1,0,bc5083f58242ae12e8fd3286b8e5be8abd1671d8
vestboost_train_01056_jhboyo_train_01056_pos_1676_jpg.rf.d13bc00016ac1cf2ee4469b086ab848b.jpg,vestboost_train_01056_jhboyo_train_01056_pos_1676_jpg.rf.d13bc00016ac1cf2ee4469b086ab848b,vest_ext,vest_ext:pos_1676,0,2,0,3cf1106b80d401671bbc9875a15341fcb2e16f90
vestboost_train_01057_jhboyo_train_01057_pos_1677_jpg.rf.3f9f87e70706befb2a2f3cd34eb9ca9e.jpg,vestboost_train_01057_jhboyo_train_01057_pos_1677_jpg.rf.3f9f87e70706befb2a2f3cd34eb9ca9e,vest_ext,vest_ext:pos_1677,0,2,0,a742a8cc3765f2bf4987a759a70dcca596703e55
vestboost_train_01058_jhboyo_train_01058_pos_1678_jpg.rf.8157f940434e86b5b4ad7920d7867668.jpg,vestboost_train_01058_jhboyo_train_01058_pos_1678_jpg.rf.8157f940434e86b5b4ad7920d7867668,vest_ext,vest_ext:pos_1678,0,2,0,cf20d39b2e9261817518db093e7f4e9921c0df64
vestboost_train_01059_jhboyo_train_01059_pos_1684_jpg.rf.726d6a8af57332890139b8ef2518274e.jpg,vestboost_train_01059_jhboyo_train_01059_pos_1684_jpg.rf.726d6a8af57332890139b8ef2518274e,vest_ext,vest_ext:pos_1684,0,2,0,9028c4091c8a0cfb593f61569cca2ab7aae46a89
vestboost_train_01060_jhboyo_train_01060_pos_1685_jpg.rf.46e9973cb000e88ba1655e5c08ed866c.jpg,vestboost_train_01060_jhboyo_train_01060_pos_1685_jpg.rf.46e9973cb000e88ba1655e5c08ed866c,vest_ext,vest_ext:pos_1685,0,3,0,444e87a34fe8265ef135f180c1d89bfb90719a55
vestboost_train_01061_jhboyo_train_01061_pos_1686_jpg.rf.b40e5d6b0d1352ce5d279e310433ed9d.jpg,vestboost_train_01061_jhboyo_train_01061_pos_1686_jpg.rf.b40e5d6b0d1352ce5d279e310433ed9d,vest_ext,vest_ext:pos_1686,0,1,0,c8655bc3e854ef63dc6c7ff7d69291edf962a158
vestboost_train_01062_jhboyo_train_01062_pos_1687_jpg.rf.077073a2317694347a58ea5ca6aa5762.jpg,vestboost_train_01062_jhboyo_train_01062_pos_1687_jpg.rf.077073a2317694347a58ea5ca6aa5762,vest_ext,vest_ext:pos_1687,0,1,0,0ab5e13b468852b0dada7ef9ac8d6616e2edb632
vestboost_train_01063_jhboyo_train_01063_pos_1688_jpg.rf.a72262377904c6c6ad9e0d8b896c06c3.jpg,vestboost_train_01063_jhboyo_train_01063_pos_1688_jpg.rf.a72262377904c6c6ad9e0d8b896c06c3,vest_ext,vest_ext:pos_1688,0,1,0,d2b80a3b34d71ff1d9bb6358d8791862195f23d0
vestboost_train_01064_jhboyo_train_01064_pos_1689_jpg.rf.b9b33bff1ae4e94829a4cb90450d9af2.jpg,vestboost_train_01064_jhboyo_train_01064_pos_1689_jpg.rf.b9b33bff1ae4e94829a4cb90450d9af2,vest_ext,vest_ext:pos_1689,0,1,0,42995a5f315c43ba4eb56a6d5f361a615c323f64
vestboost_train_01065_jhboyo_train_01065_pos_1691_jpg.rf.d997da02ca18449f71d5d5db4a989fa6.jpg,vestboost_train_01065_jhboyo_train_01065_pos_1691_jpg.rf.d997da02ca18449f71d5d5db4a989fa6,vest_ext,vest_ext:pos_1691,0,5,0,a7b067b634f631a05e6800bf1b01a40403a8b650
vestboost_train_01066_jhboyo_train_01066_pos_1692_jpg.rf.33f731a16280db6cdc59eacd134f3553.jpg,vestboost_train_01066_jhboyo_train_01066_pos_1692_jpg.rf.33f731a16280db6cdc59eacd134f3553,vest_ext,vest_ext:pos_1692,0,1,0,42d4db3b072128c5c040f065e94933410bfb542a
vestboost_train_01067_jhboyo_train_01067_pos_1693_jpg.rf.49663dfd1af68d1016f0da009d7646c5.jpg,vestboost_train_01067_jhboyo_train_01067_pos_1693_jpg.rf.49663dfd1af68d1016f0da009d7646c5,vest_ext,vest_ext:pos_1693,0,2,0,c2d15620cef1dc4bb50ff15e1b9dc6aea4b2a109
vestboost_train_01068_jhboyo_train_01068_pos_1696_jpg.rf.3fae89284fbfac2fdb4d2cdf49f07fd6.jpg,vestboost_train_01068_jhboyo_train_01068_pos_1696_jpg.rf.3fae89284fbfac2fdb4d2cdf49f07fd6,vest_ext,vest_ext:pos_1696,0,2,0,3c656d59f70d258a6d7868bd5ba3b91fae755547
vestboost_train_01069_jhboyo_train_01069_pos_1697_jpg.rf.7d7d99e0f9f0d870bf59e303b4422ae3.jpg,vestboost_train_01069_jhboyo_train_01069_pos_1697_jpg.rf.7d7d99e0f9f0d870bf59e303b4422ae3,vest_ext,vest_ext:pos_1697,0,2,0,ce97a0a4e1aaf02bf69b95e1350dc55c5a7e182f
vestboost_train_01070_jhboyo_train_01070_pos_1698_jpg.rf.a94d2bd3ed1313f7272e2590878d5e13.jpg,vestboost_train_01070_jhboyo_train_01070_pos_1698_jpg.rf.a94d2bd3ed1313f7272e2590878d5e13,vest_ext,vest_ext:pos_1698,0,2,0,b854c69739bc20070496067f4b360c613a88d6da
vestboost_train_01071_jhboyo_train_01071_pos_16_jpg.rf.d9cb08d41f352afb0ea2a55c1de8c08f.jpg,vestboost_train_01071_jhboyo_train_01071_pos_16_jpg.rf.d9cb08d41f352afb0ea2a55c1de8c08f,vest_ext,vest_ext:pos_16,0,1,0,2dd9b57b6ea8280448aedf5741663e4017a5bf0a
vestboost_train_01072_jhboyo_train_01072_pos_1701_jpg.rf.e373e7e083ec5e0bef70709880808477.jpg,vestboost_train_01072_jhboyo_train_01072_pos_1701_jpg.rf.e373e7e083ec5e0bef70709880808477,vest_ext,vest_ext:pos_1701,0,2,0,5eead06355ba20d826020dc3fb8024669b7c3e5d
vestboost_train_01073_jhboyo_train_01073_pos_1702_jpg.rf.05a90eeb20a2d19279264fdb7b6b0500.jpg,vestboost_train_01073_jhboyo_train_01073_pos_1702_jpg.rf.05a90eeb20a2d19279264fdb7b6b0500,vest_ext,vest_ext:pos_1702,0,2,0,7d08c8f53f6675f0d1909856402ca9b7ab233012
vestboost_train_01074_jhboyo_train_01074_pos_1704_jpg.rf.802ecdf215b891693ea11fbba55eb812.jpg,vestboost_train_01074_jhboyo_train_01074_pos_1704_jpg.rf.802ecdf215b891693ea11fbba55eb812,vest_ext,vest_ext:pos_1704,0,2,0,ef180d9fd0c0aeb6cd4df834991c46569f217ffd
vestboost_train_01075_jhboyo_train_01075_pos_1707_jpg.rf.be87919182c976b68bd22656c362d882.jpg,vestboost_train_01075_jhboyo_train_01075_pos_1707_jpg.rf.be87919182c976b68bd22656c362d882,vest_ext,vest_ext:pos_1707,0,2,0,dd9d94edf25ba3b1b0c39f6b76580b44938112a4
vestboost_train_01076_jhboyo_train_01076_pos_1708_jpg.rf.9d16b2685100d194ba1285791239ca7a.jpg,vestboost_train_01076_jhboyo_train_01076_pos_1708_jpg.rf.9d16b2685100d194ba1285791239ca7a,vest_ext,vest_ext:pos_1708,0,2,0,2d07b2e433e9a457e1d6c728adbc88b84ee3083f
vestboost_train_01077_jhboyo_train_01077_pos_170_jpg.rf.7ae6cf7ccb947a34665b697d339d293e.jpg,vestboost_train_01077_jhboyo_train_01077_pos_170_jpg.rf.7ae6cf7ccb947a34665b697d339d293e,vest_ext,vest_ext:pos_170,0,1,0,3d1d2fd2f59aa9136fb238787eadbd139520ca94
vestboost_train_01078_jhboyo_train_01078_pos_1711_jpg.rf.5eada3ffd9262344aff1b87486136edb.jpg,vestboost_train_01078_jhboyo_train_01078_pos_1711_jpg.rf.5eada3ffd9262344aff1b87486136edb,vest_ext,vest_ext:pos_1711,0,2,0,b4f7e91901246144728388e025809d62335247fe
vestboost_train_01079_jhboyo_train_01079_pos_1715_jpg.rf.273f6250db090d4cf251444b91779626.jpg,vestboost_train_01079_jhboyo_train_01079_pos_1715_jpg.rf.273f6250db090d4cf251444b91779626,vest_ext,vest_ext:pos_1715,0,2,0,5ea0799ea3bc8df528688679640499560b528fc2
vestboost_train_01080_jhboyo_train_01080_pos_1716_jpg.rf.31ae5e809e134f3886cde650e252b59b.jpg,vestboost_train_01080_jhboyo_train_01080_pos_1716_jpg.rf.31ae5e809e134f3886cde650e252b59b,vest_ext,vest_ext:pos_1716,0,2,0,cddb33aed511c6a5142383f57c1f37c910b26bd9
vestboost_train_01081_jhboyo_train_01081_pos_1717_jpg.rf.65bf1c569d2e4a9975cb73323c49f27a.jpg,vestboost_train_01081_jhboyo_train_01081_pos_1717_jpg.rf.65bf1c569d2e4a9975cb73323c49f27a,vest_ext,vest_ext:pos_1717,0,2,0,107d6029ca2456d0eb12ec183473891eacda2095
vestboost_train_01082_jhboyo_train_01082_pos_1719_jpg.rf.d392b7687401988d2f90269736978dac.jpg,vestboost_train_01082_jhboyo_train_01082_pos_1719_jpg.rf.d392b7687401988d2f90269736978dac,vest_ext,vest_ext:pos_1719,0,1,0,55e99d31e7f74347325142140804029ee54a208b
vestboost_train_01083_jhboyo_train_01083_pos_1720_jpg.rf.27871dc205e8976692e6d851d894ac34.jpg,vestboost_train_01083_jhboyo_train_01083_pos_1720_jpg.rf.27871dc205e8976692e6d851d894ac34,vest_ext,vest_ext:pos_1720,0,2,0,13fe9c31250b71cd0e289d871ae7b7d1b5b61f6f
vestboost_train_01084_jhboyo_train_01084_pos_1723_jpg.rf.682b2ef6a9e4e2fc78481f8f9764c8d9.jpg,vestboost_train_01084_jhboyo_train_01084_pos_1723_jpg.rf.682b2ef6a9e4e2fc78481f8f9764c8d9,vest_ext,vest_ext:pos_1723,0,2,0,a3c3c531d0fbb5d1b20fdce7fed3c52fb428bab5
vestboost_train_01085_jhboyo_train_01085_pos_1724_jpg.rf.999ace344812287b1afc18c211804343.jpg,vestboost_train_01085_jhboyo_train_01085_pos_1724_jpg.rf.999ace344812287b1afc18c211804343,vest_ext,vest_ext:pos_1724,0,2,0,150f596006dccad59caab587d868163ce5fec9b1
vestboost_train_01086_jhboyo_train_01086_pos_1725_jpg.rf.6aacea3ec1e35840fe25064eb95635b0.jpg,vestboost_train_01086_jhboyo_train_01086_pos_1725_jpg.rf.6aacea3ec1e35840fe25064eb95635b0,vest_ext,vest_ext:pos_1725,0,2,0,b73c462f93c8d9a1b79411054faa6f61f06ad06c
vestboost_train_01087_jhboyo_train_01087_pos_1726_jpg.rf.e4b530ffe2d7602fbcf2f2656303c556.jpg,vestboost_train_01087_jhboyo_train_01087_pos_1726_jpg.rf.e4b530ffe2d7602fbcf2f2656303c556,vest_ext,vest_ext:pos_1726,0,2,0,44bf324c9e002ef109535d6be3cb16b14b13984a
vestboost_train_01088_jhboyo_train_01088_pos_1727_jpg.rf.fd229fc5ad6b1bfa35f8f4bc085a5d3f.jpg,vestboost_train_01088_jhboyo_train_01088_pos_1727_jpg.rf.fd229fc5ad6b1bfa35f8f4bc085a5d3f,vest_ext,vest_ext:pos_1727,0,2,0,9717ba2f2cefd107cfc1b9d47538173c6097a8fc
vestboost_train_01089_jhboyo_train_01089_pos_1728_jpg.rf.bfa61934cdeffcc230db2d3a2c5bdf36.jpg,vestboost_train_01089_jhboyo_train_01089_pos_1728_jpg.rf.bfa61934cdeffcc230db2d3a2c5bdf36,vest_ext,vest_ext:pos_1728,0,2,0,9ba56952b5165cf9ddb320c8d95d00d6788f5160
vestboost_train_01090_jhboyo_train_01090_pos_1730_jpg.rf.8ce850cee7c7d889e912849567bfdc0c.jpg,vestboost_train_01090_jhboyo_train_01090_pos_1730_jpg.rf.8ce850cee7c7d889e912849567bfdc0c,vest_ext,vest_ext:pos_1730,0,1,0,fad79cee82588dcb848ac0834211c728d92f269a
vestboost_train_01091_jhboyo_train_01091_pos_1732_jpg.rf.a19103c9518dcc31d3d301d56b77efc6.jpg,vestboost_train_01091_jhboyo_train_01091_pos_1732_jpg.rf.a19103c9518dcc31d3d301d56b77efc6,vest_ext,vest_ext:pos_1732,0,1,0,ca8d2c4bc2b9f7e74f14840101226646cdfa2160
vestboost_train_01092_jhboyo_train_01092_pos_1733_jpg.rf.039605c6533662871a7bd7d7f1ab4e2e.jpg,vestboost_train_01092_jhboyo_train_01092_pos_1733_jpg.rf.039605c6533662871a7bd7d7f1ab4e2e,vest_ext,vest_ext:pos_1733,0,1,0,2daa222a0287371c8c0f9e69fd6403dcc485a07a
vestboost_train_01093_jhboyo_train_01093_pos_1734_jpg.rf.439116202065583a0718572af1da8d4d.jpg,vestboost_train_01093_jhboyo_train_01093_pos_1734_jpg.rf.439116202065583a0718572af1da8d4d,vest_ext,vest_ext:pos_1734,0,2,0,2a1380ff02db7144db9749a2c26a1a363d90b893
vestboost_train_01094_jhboyo_train_01094_pos_1735_jpg.rf.5d802e5b9faaefd46e12d9232be5da2f.jpg,vestboost_train_01094_jhboyo_train_01094_pos_1735_jpg.rf.5d802e5b9faaefd46e12d9232be5da2f,vest_ext,vest_ext:pos_1735,0,2,0,c05b42c8fa400772801c25fe01ab3d5ecfc1f421
vestboost_train_01095_jhboyo_train_01095_pos_1737_jpg.rf.d4c0b729202ea853dc4c38ad2280a949.jpg,vestboost_train_01095_jhboyo_train_01095_pos_1737_jpg.rf.d4c0b729202ea853dc4c38ad2280a949,vest_ext,vest_ext:pos_1737,0,1,0,e0b7e5eaf13ebc36cb9ab29f2da0c1a4b64fb7d3
vestboost_train_01096_jhboyo_train_01096_pos_1738_jpg.rf.c31b09a208a284d7a1e61d8b6e26e658.jpg,vestboost_train_01096_jhboyo_train_01096_pos_1738_jpg.rf.c31b09a208a284d7a1e61d8b6e26e658,vest_ext,vest_ext:pos_1738,0,2,0,0c61a0e5917d49b8ad72a69eee50a4e0031d07e4
vestboost_train_01097_jhboyo_train_01097_pos_1739_jpg.rf.24c5bc09e33d7fb1520413367460a430.jpg,vestboost_train_01097_jhboyo_train_01097_pos_1739_jpg.rf.24c5bc09e33d7fb1520413367460a430,vest_ext,vest_ext:pos_1739,0,1,0,d64f2ecaf0de7c0da3fa313cf09cedd95c675db0
vestboost_train_01098_jhboyo_train_01098_pos_173_jpg.rf.50edddce3ee96b85d1b7515358ed6087.jpg,vestboost_train_01098_jhboyo_train_01098_pos_173_jpg.rf.50edddce3ee96b85d1b7515358ed6087,vest_ext,vest_ext:pos_173,0,1,0,bbc1751624f869baa09ec92bc58f69ab0f49ee15
vestboost_train_01099_jhboyo_train_01099_pos_1740_jpg.rf.b255b2ecaed9e8b7f4bef78ac5ea6852.jpg,vestboost_train_01099_jhboyo_train_01099_pos_1740_jpg.rf.b255b2ecaed9e8b7f4bef78ac5ea6852,vest_ext,vest_ext:pos_1740,0,1,0,b23a6b0f3e4a4b5f0117df368335ff17c5965336
vestboost_train_01100_jhboyo_train_01100_pos_1741_jpg.rf.c56ea229197977f06b778b6d92ad5a47.jpg,vestboost_train_01100_jhboyo_train_01100_pos_1741_jpg.rf.c56ea229197977f06b778b6d92ad5a47,vest_ext,vest_ext:pos_1741,0,1,0,bec7ba13930013cee0b05fc619ad1598e4304712
vestboost_train_01101_jhboyo_train_01101_pos_1743_jpg.rf.779e526dc086987af6ddb354ce4e3b91.jpg,vestboost_train_01101_jhboyo_train_01101_pos_1743_jpg.rf.779e526dc086987af6ddb354ce4e3b91,vest_ext,vest_ext:pos_1743,0,1,0,5f77cd44542374760819e9323ba9442d45792974
vestboost_train_01102_jhboyo_train_01102_pos_1745_jpg.rf.26c9ae19973658328e421d4a64be60d3.jpg,vestboost_train_01102_jhboyo_train_01102_pos_1745_jpg.rf.26c9ae19973658328e421d4a64be60d3,vest_ext,vest_ext:pos_1745,0,1,0,4999929bb159fa48cd06278082e8a26136fa7611
vestboost_train_01103_jhboyo_train_01103_pos_1746_jpg.rf.eca43a62c79b59c1568d92dd08a4f1e3.jpg,vestboost_train_01103_jhboyo_train_01103_pos_1746_jpg.rf.eca43a62c79b59c1568d92dd08a4f1e3,vest_ext,vest_ext:pos_1746,0,1,0,780642e8a7545f6d52f82960fc0441129e17b8d8
vestboost_train_01104_jhboyo_train_01104_pos_1749_jpg.rf.e3a5eedc11cbb5b004848254caa35e53.jpg,vestboost_train_01104_jhboyo_train_01104_pos_1749_jpg.rf.e3a5eedc11cbb5b004848254caa35e53,vest_ext,vest_ext:pos_1749,0,1,0,50760074bb4fd0f181c7c237795917d72b0c7fb2
vestboost_train_01105_jhboyo_train_01105_pos_1751_jpg.rf.0a3c4510b4e2dd4210108ee63186cc52.jpg,vestboost_train_01105_jhboyo_train_01105_pos_1751_jpg.rf.0a3c4510b4e2dd4210108ee63186cc52,vest_ext,vest_ext:pos_1751,0,2,0,f3a69f7487df5357e1ba0570d00e3c1ca1b2221b
vestboost_train_01106_jhboyo_train_01106_pos_1752_jpg.rf.30de76f5dacc79172bf5afe718427d40.jpg,vestboost_train_01106_jhboyo_train_01106_pos_1752_jpg.rf.30de76f5dacc79172bf5afe718427d40,vest_ext,vest_ext:pos_1752,0,1,0,dd5ea76d0f1b125e618fc43cc6d522974d1eee72
vestboost_train_01107_jhboyo_train_01107_pos_1753_jpg.rf.7ddc043d56826c94660f9d836d4905ed.jpg,vestboost_train_01107_jhboyo_train_01107_pos_1753_jpg.rf.7ddc043d56826c94660f9d836d4905ed,vest_ext,vest_ext:pos_1753,0,2,0,e3151c1447811a47783cdec9f848795e6d11971b
vestboost_train_01108_jhboyo_train_01108_pos_1754_jpg.rf.472edae6e63fe61ae8a67fb7c2a9c5de.jpg,vestboost_train_01108_jhboyo_train_01108_pos_1754_jpg.rf.472edae6e63fe61ae8a67fb7c2a9c5de,vest_ext,vest_ext:pos_1754,0,3,0,0856a7addbfe1cce04b1965e7338d182ce6f5c1f
vestboost_train_01109_jhboyo_train_01109_pos_1755_jpg.rf.8001e662e56542a273d628a3e1a1e7a0.jpg,vestboost_train_01109_jhboyo_train_01109_pos_1755_jpg.rf.8001e662e56542a273d628a3e1a1e7a0,vest_ext,vest_ext:pos_1755,0,1,0,9eb53b72a1e8a1e1bfff06038cdb4a5a25204338
vestboost_train_01110_jhboyo_train_01110_pos_1756_jpg.rf.22f75ad37929937e262b4e522ed5273b.jpg,vestboost_train_01110_jhboyo_train_01110_pos_1756_jpg.rf.22f75ad37929937e262b4e522ed5273b,vest_ext,vest_ext:pos_1756,0,1,0,6627b5623fe2a3191e7006542a5c7f1560c4a240
vestboost_train_01111_jhboyo_train_01111_pos_1757_jpg.rf.0ed01eaa68a9cb679c6ddf8130677a46.jpg,vestboost_train_01111_jhboyo_train_01111_pos_1757_jpg.rf.0ed01eaa68a9cb679c6ddf8130677a46,vest_ext,vest_ext:pos_1757,0,1,0,1080cf20b1e7d24429d2ff65775ce0e391d28f05
vestboost_train_01112_jhboyo_train_01112_pos_1758_jpg.rf.60c439251814070c479a9551347f8cf5.jpg,vestboost_train_01112_jhboyo_train_01112_pos_1758_jpg.rf.60c439251814070c479a9551347f8cf5,vest_ext,vest_ext:pos_1758,0,1,0,8192edd66a51d69065c4cd299a913042760fc8b1
vestboost_train_01113_jhboyo_train_01113_pos_175_jpg.rf.91b2dbc096295476316ab898f886b6c6.jpg,vestboost_train_01113_jhboyo_train_01113_pos_175_jpg.rf.91b2dbc096295476316ab898f886b6c6,vest_ext,vest_ext:pos_175,0,1,0,ac3fd6ffa0f39b9fca4ec3a9ec970039221728f6
vestboost_train_01114_jhboyo_train_01114_pos_1760_jpg.rf.616d0e00268bbf6dc85ca4f5f422d669.jpg,vestboost_train_01114_jhboyo_train_01114_pos_1760_jpg.rf.616d0e00268bbf6dc85ca4f5f422d669,vest_ext,vest_ext:pos_1760,0,1,0,e482141d0213f56c2e0a5dbc75c62698f9494631
vestboost_train_01115_jhboyo_train_01115_pos_1762_jpg.rf.51725c6c39f7e8dd6d870bc289725baf.jpg,vestboost_train_01115_jhboyo_train_01115_pos_1762_jpg.rf.51725c6c39f7e8dd6d870bc289725baf,vest_ext,vest_ext:pos_1762,0,1,0,395ec3dc92eb159107b3a513d21004de32d05850
vestboost_train_01116_jhboyo_train_01116_pos_1763_jpg.rf.a70418b0eff7adacc0d2dcd8c9df5fd6.jpg,vestboost_train_01116_jhboyo_train_01116_pos_1763_jpg.rf.a70418b0eff7adacc0d2dcd8c9df5fd6,vest_ext,vest_ext:pos_1763,0,1,0,8911421aeeae77108d4e811678e1219582ccd581
vestboost_train_01117_jhboyo_train_01117_pos_1765_jpg.rf.f2eaf0cfeb5035a7a69d0997d3c9855f.jpg,vestboost_train_01117_jhboyo_train_01117_pos_1765_jpg.rf.f2eaf0cfeb5035a7a69d0997d3c9855f,vest_ext,vest_ext:pos_1765,0,1,0,a8a773e61e2198210f9be035e3b76fc636fae395
vestboost_train_01118_jhboyo_train_01118_pos_1767_jpg.rf.1ce90ae55741141d9e0be716a87b8e40.jpg,vestboost_train_01118_jhboyo_train_01118_pos_1767_jpg.rf.1ce90ae55741141d9e0be716a87b8e40,vest_ext,vest_ext:pos_1767,0,2,0,af1ac812a8b31372d1096031311e9e9fc9872c5d
vestboost_train_01119_jhboyo_train_01119_pos_176_jpg.rf.fc9df5340b774d974e624166f3a83257.jpg,vestboost_train_01119_jhboyo_train_01119_pos_176_jpg.rf.fc9df5340b774d974e624166f3a83257,vest_ext,vest_ext:pos_176,0,2,0,22ce82c4da86ea6d3cd8a6dbd033e39a6af2ebb2
vestboost_train_01120_jhboyo_train_01120_pos_1770_jpg.rf.9ff16ac0e32281bebd266128199c24c4.jpg,vestboost_train_01120_jhboyo_train_01120_pos_1770_jpg.rf.9ff16ac0e32281bebd266128199c24c4,vest_ext,vest_ext:pos_1770,0,2,0,277e50a81f09e1f5c2d1f6c93c62db1016230513
vestboost_train_01121_jhboyo_train_01121_pos_1772_jpg.rf.25060acaa6c85f94c3173b2a7a58237b.jpg,vestboost_train_01121_jhboyo_train_01121_pos_1772_jpg.rf.25060acaa6c85f94c3173b2a7a58237b,vest_ext,vest_ext:pos_1772,0,2,0,6fdef776d5d4b8cbac70afaa47f9dc6059175989
vestboost_train_01122_jhboyo_train_01122_pos_1775_jpg.rf.88bbfbc7077a0f882e17a816c4e61c69.jpg,vestboost_train_01122_jhboyo_train_01122_pos_1775_jpg.rf.88bbfbc7077a0f882e17a816c4e61c69,vest_ext,vest_ext:pos_1775,0,1,0,bf0b3319bcd7218c27331f40d7a1cf782c899af6
vestboost_train_01123_jhboyo_train_01123_pos_1778_jpg.rf.6e52a20c94a38eb1a4e8a8fd76ea41fc.jpg,vestboost_train_01123_jhboyo_train_01123_pos_1778_jpg.rf.6e52a20c94a38eb1a4e8a8fd76ea41fc,vest_ext,vest_ext:pos_1778,0,3,0,70a9ec4544a2c85bcfea32bf39fe047476dc74b9
vestboost_train_01124_jhboyo_train_01124_pos_1779_jpg.rf.93f273fefeda8592123c0f3c62c2ee70.jpg,vestboost_train_01124_jhboyo_train_01124_pos_1779_jpg.rf.93f273fefeda8592123c0f3c62c2ee70,vest_ext,vest_ext:pos_1779,0,3,0,895abb0efdd861ae09216c1462e1afb0a35351dd
vestboost_train_01125_jhboyo_train_01125_pos_1780_jpg.rf.e8bb28c6b31bfe25015408127548d690.jpg,vestboost_train_01125_jhboyo_train_01125_pos_1780_jpg.rf.e8bb28c6b31bfe25015408127548d690,vest_ext,vest_ext:pos_1780,0,2,0,49510b7afde04b33738684ee13d57aa64fc5040c
vestboost_train_01126_jhboyo_train_01126_pos_1781_jpg.rf.f8121d4122a6c487d3b5581128a2c982.jpg,vestboost_train_01126_jhboyo_train_01126_pos_1781_jpg.rf.f8121d4122a6c487d3b5581128a2c982,vest_ext,vest_ext:pos_1781,0,1,0,171dbc3a7cb0284dddc3fc6980fd48448c947db5
vestboost_train_01127_jhboyo_train_01127_pos_1782_jpg.rf.55f1cb46ed8eddf3cbaa006b566d4b8f.jpg,vestboost_train_01127_jhboyo_train_01127_pos_1782_jpg.rf.55f1cb46ed8eddf3cbaa006b566d4b8f,vest_ext,vest_ext:pos_1782,0,2,0,672fd0418a236e3c4fd34f51a4c8a3e084ccc130
vestboost_train_01128_jhboyo_train_01128_pos_1783_jpg.rf.1e87d0525dfbaccdb7a546f5495c259c.jpg,vestboost_train_01128_jhboyo_train_01128_pos_1783_jpg.rf.1e87d0525dfbaccdb7a546f5495c259c,vest_ext,vest_ext:pos_1783,0,4,0,4c8a72f6e08a29f85eae73de857dc0dc8b226d55
vestboost_train_01129_jhboyo_train_01129_pos_1784_jpg.rf.b064a5fb3f06535b8e89cf8519dccaed.jpg,vestboost_train_01129_jhboyo_train_01129_pos_1784_jpg.rf.b064a5fb3f06535b8e89cf8519dccaed,vest_ext,vest_ext:pos_1784,0,4,0,08bee4ec89f7d1c03513a2cae174add45db2d228
vestboost_train_01130_jhboyo_train_01130_pos_1785_jpg.rf.a4c93b7554098953b7a26b89abc0ec75.jpg,vestboost_train_01130_jhboyo_train_01130_pos_1785_jpg.rf.a4c93b7554098953b7a26b89abc0ec75,vest_ext,vest_ext:pos_1785,0,2,0,50e429a6703dc6686136205c06e8e97e34c72fc9
vestboost_train_01131_jhboyo_train_01131_pos_1787_jpg.rf.642714160b0933504f7d582a4fe63217.jpg,vestboost_train_01131_jhboyo_train_01131_pos_1787_jpg.rf.642714160b0933504f7d582a4fe63217,vest_ext,vest_ext:pos_1787,0,2,0,1c353019586cf6ce66fac4a3f553a2cac6e51499
vestboost_train_01132_jhboyo_train_01132_pos_1788_jpg.rf.282385dbb9ce35039e1bca140184b84b.jpg,vestboost_train_01132_jhboyo_train_01132_pos_1788_jpg.rf.282385dbb9ce35039e1bca140184b84b,vest_ext,vest_ext:pos_1788,0,2,0,09547cd59638e0336044404bcbf0e9899cce19ce
vestboost_train_01133_jhboyo_train_01133_pos_178_jpg.rf.d3affe7a288d42931ee7a48098511444.jpg,vestboost_train_01133_jhboyo_train_01133_pos_178_jpg.rf.d3affe7a288d42931ee7a48098511444,vest_ext,vest_ext:pos_178,0,1,0,85a4aa4fb5882e4a8f2645beedba0f5088bb6e5e
vestboost_train_01134_jhboyo_train_01134_pos_1790_jpg.rf.0a29fc25a8e009fa7bc04668b23ce185.jpg,vestboost_train_01134_jhboyo_train_01134_pos_1790_jpg.rf.0a29fc25a8e009fa7bc04668b23ce185,vest_ext,vest_ext:pos_1790,0,2,0,21ba46d2659515b8769ff54697df573126b0f5d6
vestboost_train_01135_jhboyo_train_01135_pos_1791_jpg.rf.ab8e268dd8c2c546be5bffe70f3becd8.jpg,vestboost_train_01135_jhboyo_train_01135_pos_1791_jpg.rf.ab8e268dd8c2c546be5bffe70f3becd8,vest_ext,vest_ext:pos_1791,0,2,0,0de2530fc319520bb3d44818aff22bdb923c3d42
vestboost_train_01136_jhboyo_train_01136_pos_1792_jpg.rf.7eecfe59635038649d651cab33551ac2.jpg,vestboost_train_01136_jhboyo_train_01136_pos_1792_jpg.rf.7eecfe59635038649d651cab33551ac2,vest_ext,vest_ext:pos_1792,0,2,0,1a058c3b78cf425f6ca184bc3a0ad112a22cda8a
vestboost_train_01137_jhboyo_train_01137_pos_1793_jpg.rf.21781cfcd0cea3b2eda851584a6ede48.jpg,vestboost_train_01137_jhboyo_train_01137_pos_1793_jpg.rf.21781cfcd0cea3b2eda851584a6ede48,vest_ext,vest_ext:pos_1793,0,1,0,9ea087ea6e3adfd85df3cc9136ebe463af42b535
vestboost_train_01138_jhboyo_train_01138_pos_1796_jpg.rf.9b761459628db83224f71e42dae92213.jpg,vestboost_train_01138_jhboyo_train_01138_pos_1796_jpg.rf.9b761459628db83224f71e42dae92213,vest_ext,vest_ext:pos_1796,0,2,0,2243e6b062ce8d9d09fc30b70d47c551bfa83321
vestboost_train_01139_jhboyo_train_01139_pos_1797_jpg.rf.2b3f094b7c1f4b9fa65df06a5d5dfc7a.jpg,vestboost_train_01139_jhboyo_train_01139_pos_1797_jpg.rf.2b3f094b7c1f4b9fa65df06a5d5dfc7a,vest_ext,vest_ext:pos_1797,0,1,0,732423a71cc0355622cea6a0e2fcec643dadde7e
vestboost_train_01140_jhboyo_train_01140_pos_1799_jpg.rf.b86f5c0783e617403bfdda38ccd2d961.jpg,vestboost_train_01140_jhboyo_train_01140_pos_1799_jpg.rf.b86f5c0783e617403bfdda38ccd2d961,vest_ext,vest_ext:pos_1799,0,1,0,5d8013affb971a9319b8f950963c90d963ed982c
vestboost_train_01141_jhboyo_train_01141_pos_1800_jpg.rf.bf8ac37f6efd34138138f4b0b8ed22be.jpg,vestboost_train_01141_jhboyo_train_01141_pos_1800_jpg.rf.bf8ac37f6efd34138138f4b0b8ed22be,vest_ext,vest_ext:pos_1800,0,2,0,9b2e0858dfd627541969df654e1139a9ce65b814
vestboost_train_01142_jhboyo_train_01142_pos_1801_jpg.rf.0acb03a62a1fd01fb2b17e7295e93ce2.jpg,vestboost_train_01142_jhboyo_train_01142_pos_1801_jpg.rf.0acb03a62a1fd01fb2b17e7295e93ce2,vest_ext,vest_ext:pos_1801,0,1,0,6874c0089283e5985a90ee9344d395533bfc1043
vestboost_train_01143_jhboyo_train_01143_pos_1802_jpg.rf.1e139a5b75e9b9ed0e09f556e76de5b3.jpg,vestboost_train_01143_jhboyo_train_01143_pos_1802_jpg.rf.1e139a5b75e9b9ed0e09f556e76de5b3,vest_ext,vest_ext:pos_1802,0,1,0,bc39dc63065c8fc3395806bfb77bc878bf17e7ea
vestboost_train_01144_jhboyo_train_01144_pos_1803_jpg.rf.02fdb53d8d7f35bd1ca989c830dc57cc.jpg,vestboost_train_01144_jhboyo_train_01144_pos_1803_jpg.rf.02fdb53d8d7f35bd1ca989c830dc57cc,vest_ext,vest_ext:pos_1803,0,1,0,3d7d82737cc98bac2c9768aae336ba3454d06e87
vestboost_train_01145_jhboyo_train_01145_pos_1804_jpg.rf.859f990c41e73b53bed2dd22273965a2.jpg,vestboost_train_01145_jhboyo_train_01145_pos_1804_jpg.rf.859f990c41e73b53bed2dd22273965a2,vest_ext,vest_ext:pos_1804,0,2,0,404e20ea6ecdb7fd2af772667141eadea02997bc
vestboost_train_01146_jhboyo_train_01146_pos_1805_jpg.rf.884d964e812c215cb8803839dac79dd7.jpg,vestboost_train_01146_jhboyo_train_01146_pos_1805_jpg.rf.884d964e812c215cb8803839dac79dd7,vest_ext,vest_ext:pos_1805,0,1,0,3b8e197f3ed4a19112e082bee3d0c1c6719e2ec6
vestboost_train_01147_jhboyo_train_01147_pos_1806_jpg.rf.40a8d082fd66bc70038acc8803f20b40.jpg,vestboost_train_01147_jhboyo_train_01147_pos_1806_jpg.rf.40a8d082fd66bc70038acc8803f20b40,vest_ext,vest_ext:pos_1806,0,1,0,95e70f1669ba37beec11d3227be6cf7627d62b1f
vestboost_train_01148_jhboyo_train_01148_pos_1807_jpg.rf.4588cd78e6e496bb5d12db71e09155f8.jpg,vestboost_train_01148_jhboyo_train_01148_pos_1807_jpg.rf.4588cd78e6e496bb5d12db71e09155f8,vest_ext,vest_ext:pos_1807,0,1,0,7e6acde572530adfb4f3741bd8a8d0c074ca80fa
vestboost_train_01149_jhboyo_train_01149_pos_1811_jpg.rf.fb45cef95ac5633a268e286bb406679a.jpg,vestboost_train_01149_jhboyo_train_01149_pos_1811_jpg.rf.fb45cef95ac5633a268e286bb406679a,vest_ext,vest_ext:pos_1811,0,1,0,af3721b6447b12bbd21b11b7f34ba5a9ada0cfa8
vestboost_train_01150_jhboyo_train_01150_pos_1812_jpg.rf.c4cc3f42b2162ca55b4d4127dd9f777d.jpg,vestboost_train_01150_jhboyo_train_01150_pos_1812_jpg.rf.c4cc3f42b2162ca55b4d4127dd9f777d,vest_ext,vest_ext:pos_1812,0,2,0,daed3a46a424e65f61b2814237b90ecfa0d53c18
vestboost_train_01151_jhboyo_train_01151_pos_1813_jpg.rf.853d8bdd023b821e5f086bab947d94f4.jpg,vestboost_train_01151_jhboyo_train_01151_pos_1813_jpg.rf.853d8bdd023b821e5f086bab947d94f4,vest_ext,vest_ext:pos_1813,0,2,0,dac8aaaad6b6d1d83cbea428d8049d117c457f3e
vestboost_train_01152_jhboyo_train_01152_pos_1814_jpg.rf.018c419084dcfc76b70a637e26168878.jpg,vestboost_train_01152_jhboyo_train_01152_pos_1814_jpg.rf.018c419084dcfc76b70a637e26168878,vest_ext,vest_ext:pos_1814,0,3,0,55296cf4ca88ed9ba99cb0205689fdd609a5797f
vestboost_train_01153_jhboyo_train_01153_pos_1817_jpg.rf.99840ce991334934fa078336a9ac8365.jpg,vestboost_train_01153_jhboyo_train_01153_pos_1817_jpg.rf.99840ce991334934fa078336a9ac8365,vest_ext,vest_ext:pos_1817,0,2,0,4d005460b9b06c99517e0aa11b683afc4a321be0
vestboost_train_01154_jhboyo_train_01154_pos_1818_jpg.rf.f1c6c58d1b31833ed13d0e3895ab8ce0.jpg,vestboost_train_01154_jhboyo_train_01154_pos_1818_jpg.rf.f1c6c58d1b31833ed13d0e3895ab8ce0,vest_ext,vest_ext:pos_1818,0,2,0,4f843aca511b664379e78c3a376334c9cca0ed64
vestboost_train_01155_jhboyo_train_01155_pos_181_jpg.rf.45c3d23299d9c21bc2521aba2c6064ef.jpg,vestboost_train_01155_jhboyo_train_01155_pos_181_jpg.rf.45c3d23299d9c21bc2521aba2c6064ef,vest_ext,vest_ext:pos_181,0,3,0,1b525cfe0f7f097f3bda78ab8bed5a00b39c170c
vestboost_train_01156_jhboyo_train_01156_pos_1823_jpg.rf.00b14251d1af0e62e49ba0cde55b26e8.jpg,vestboost_train_01156_jhboyo_train_01156_pos_1823_jpg.rf.00b14251d1af0e62e49ba0cde55b26e8,vest_ext,vest_ext:pos_1823,0,2,0,1d4e34266acef50a221c4852ddd85c16c709670b
vestboost_train_01157_jhboyo_train_01157_pos_1824_jpg.rf.6ef154e46bf272728b497870bb538bc4.jpg,vestboost_train_01157_jhboyo_train_01157_pos_1824_jpg.rf.6ef154e46bf272728b497870bb538bc4,vest_ext,vest_ext:pos_1824,0,1,0,a8e2489bbe2266447a91e4ab52b7d77e16b03fcb
vestboost_train_01158_jhboyo_train_01158_pos_1825_jpg.rf.079f451e3aee123703994572a53a568c.jpg,vestboost_train_01158_jhboyo_train_01158_pos_1825_jpg.rf.079f451e3aee123703994572a53a568c,vest_ext,vest_ext:pos_1825,0,2,0,2106228584ff759240497d2f0eea20db9c29067f
vestboost_train_01159_jhboyo_train_01159_pos_1826_jpg.rf.d7d0d5e346859df9d55729d356b10afd.jpg,vestboost_train_01159_jhboyo_train_01159_pos_1826_jpg.rf.d7d0d5e346859df9d55729d356b10afd,vest_ext,vest_ext:pos_1826,0,1,0,24000b343af86b44e475b32d6fb5286aeaacb21c
vestboost_train_01160_jhboyo_train_01160_pos_1828_jpg.rf.dc8374e9b8bb205501e39ef45ffaf73d.jpg,vestboost_train_01160_jhboyo_train_01160_pos_1828_jpg.rf.dc8374e9b8bb205501e39ef45ffaf73d,vest_ext,vest_ext:pos_1828,0,1,0,2011e92d8a7f92d757d1955d0d4de62cb9ecefb6
vestboost_train_01161_jhboyo_train_01161_pos_1829_jpg.rf.4e6b16f437a984100d63829e186eaf64.jpg,vestboost_train_01161_jhboyo_train_01161_pos_1829_jpg.rf.4e6b16f437a984100d63829e186eaf64,vest_ext,vest_ext:pos_1829,0,1,0,52b1f8d4364444d7b8edd448514f134e5dbc374c
vestboost_train_01162_jhboyo_train_01162_pos_1832_jpg.rf.a28fa714c641f1502b3075da52ce5733.jpg,vestboost_train_01162_jhboyo_train_01162_pos_1832_jpg.rf.a28fa714c641f1502b3075da52ce5733,vest_ext,vest_ext:pos_1832,0,2,0,99cd6d6c8f1fe132dfb4cd0bc335c04a2fb6e6d9
vestboost_train_01163_jhboyo_train_01163_pos_1833_jpg.rf.ace3137af559b36a6d61881de17a3c6d.jpg,vestboost_train_01163_jhboyo_train_01163_pos_1833_jpg.rf.ace3137af559b36a6d61881de17a3c6d,vest_ext,vest_ext:pos_1833,0,1,0,7ecc7e82becce9f093b8e31bec1ba3a60b9f1529
vestboost_train_01164_jhboyo_train_01164_pos_1834_jpg.rf.ef48bbfec123e3b6f5b57428b65fbd7c.jpg,vestboost_train_01164_jhboyo_train_01164_pos_1834_jpg.rf.ef48bbfec123e3b6f5b57428b65fbd7c,vest_ext,vest_ext:pos_1834,0,1,0,8cbb3da9f5b9e21c2480ca7acd86d804a9d54ef8
vestboost_train_01165_jhboyo_train_01165_pos_1835_jpg.rf.dafa96ff43a429cacec94697222aa8cd.jpg,vestboost_train_01165_jhboyo_train_01165_pos_1835_jpg.rf.dafa96ff43a429cacec94697222aa8cd,vest_ext,vest_ext:pos_1835,0,1,0,088e4c0806d86c3a4b6a483b8431e016d32341c4
vestboost_train_01166_jhboyo_train_01166_pos_1838_jpg.rf.912bb87dcfde2442788686a4cb3dd9bb.jpg,vestboost_train_01166_jhboyo_train_01166_pos_1838_jpg.rf.912bb87dcfde2442788686a4cb3dd9bb,vest_ext,vest_ext:pos_1838,0,2,0,aae1019fee15cb64cd37e0f9d9253945cbec3ae7
vestboost_train_01167_jhboyo_train_01167_pos_183_jpg.rf.09f3889dfaa082a246eec4f9404167c1.jpg,vestboost_train_01167_jhboyo_train_01167_pos_183_jpg.rf.09f3889dfaa082a246eec4f9404167c1,vest_ext,vest_ext:pos_183,0,1,0,f8853d853aad765b29af8ac15d260ae51fa9a33d
vestboost_train_01168_jhboyo_train_01168_pos_1842_jpg.rf.f3dea5e2ab1335b4818fac08cc02a1a2.jpg,vestboost_train_01168_jhboyo_train_01168_pos_1842_jpg.rf.f3dea5e2ab1335b4818fac08cc02a1a2,vest_ext,vest_ext:pos_1842,0,2,0,a1e2a097992ee12777efaacff9ff1a73fb96135c
vestboost_train_01169_jhboyo_train_01169_pos_1843_jpg.rf.af1f6ecaaca4a57b9e5051731d217fde.jpg,vestboost_train_01169_jhboyo_train_01169_pos_1843_jpg.rf.af1f6ecaaca4a57b9e5051731d217fde,vest_ext,vest_ext:pos_1843,0,2,0,65b61bce4dd94856aed45576c903c922ae8ad995
vestboost_train_01170_jhboyo_train_01170_pos_1846_jpg.rf.f58b71888654779ac85ecf2200c66c3b.jpg,vestboost_train_01170_jhboyo_train_01170_pos_1846_jpg.rf.f58b71888654779ac85ecf2200c66c3b,vest_ext,vest_ext:pos_1846,0,1,0,8f75d892f827c37eceb857670f58526fff48e3f9
vestboost_train_01171_jhboyo_train_01171_pos_1847_jpg.rf.55ba36d535e03fe5ffffac96eec34d6d.jpg,vestboost_train_01171_jhboyo_train_01171_pos_1847_jpg.rf.55ba36d535e03fe5ffffac96eec34d6d,vest_ext,vest_ext:pos_1847,0,1,0,9aa05ecd5a4048facfe17974324a9abf42b6f0da
vestboost_train_01172_jhboyo_train_01172_pos_1849_jpg.rf.35468952b180f315b1d16186f6116efe.jpg,vestboost_train_01172_jhboyo_train_01172_pos_1849_jpg.rf.35468952b180f315b1d16186f6116efe,vest_ext,vest_ext:pos_1849,0,2,0,3497135b45cbfa51d9e076291301cf72a7a64d40
vestboost_train_01173_jhboyo_train_01173_pos_1850_jpg.rf.33b21a5294617ffcf025b0163f5b1eae.jpg,vestboost_train_01173_jhboyo_train_01173_pos_1850_jpg.rf.33b21a5294617ffcf025b0163f5b1eae,vest_ext,vest_ext:pos_1850,0,2,0,10bfa27bb28f1fa0dd5f7a47aa9666e254ef13da
vestboost_train_01174_jhboyo_train_01174_pos_1855_jpg.rf.78de82db43d8df31d2ba8277f0a9f013.jpg,vestboost_train_01174_jhboyo_train_01174_pos_1855_jpg.rf.78de82db43d8df31d2ba8277f0a9f013,vest_ext,vest_ext:pos_1855,0,1,0,3ec8ff9d309498ae7b1f4ef7de47311121cbf617
vestboost_train_01175_jhboyo_train_01175_pos_1856_jpg.rf.4f0a15321be940413d8c58e427af2d24.jpg,vestboost_train_01175_jhboyo_train_01175_pos_1856_jpg.rf.4f0a15321be940413d8c58e427af2d24,vest_ext,vest_ext:pos_1856,0,1,0,f296a43e639d35a43bfaf742fb704e76eb6b8414
vestboost_train_01176_jhboyo_train_01176_pos_1858_jpg.rf.48139f9e08c44c49c5f785772bb725cc.jpg,vestboost_train_01176_jhboyo_train_01176_pos_1858_jpg.rf.48139f9e08c44c49c5f785772bb725cc,vest_ext,vest_ext:pos_1858,0,1,0,35d846e0e090e79955344fdd624f60aea8331da2
vestboost_train_01177_jhboyo_train_01177_pos_1860_jpg.rf.13ba40a71287928b7c7867025f63efd8.jpg,vestboost_train_01177_jhboyo_train_01177_pos_1860_jpg.rf.13ba40a71287928b7c7867025f63efd8,vest_ext,vest_ext:pos_1860,0,1,0,8b470c613b00b92a9eca36fa4639c6452d29272a
vestboost_train_01178_jhboyo_train_01178_pos_1861_jpg.rf.2b28b11ff9d1653d2168fc55f534d839.jpg,vestboost_train_01178_jhboyo_train_01178_pos_1861_jpg.rf.2b28b11ff9d1653d2168fc55f534d839,vest_ext,vest_ext:pos_1861,0,1,0,c484a1d6cdb32071820ad4e2c6879a5142daa826
vestboost_train_01179_jhboyo_train_01179_pos_1862_jpg.rf.ec3e1949dc1d2b4b87c78f64d5d02640.jpg,vestboost_train_01179_jhboyo_train_01179_pos_1862_jpg.rf.ec3e1949dc1d2b4b87c78f64d5d02640,vest_ext,vest_ext:pos_1862,0,1,0,12c60fdc453c6bf44f12433fdc1a9a326185f84d
vestboost_train_01180_jhboyo_train_01180_pos_1864_jpg.rf.6aa24c8cbcf6c5fef5e8c85da6f42834.jpg,vestboost_train_01180_jhboyo_train_01180_pos_1864_jpg.rf.6aa24c8cbcf6c5fef5e8c85da6f42834,vest_ext,vest_ext:pos_1864,0,1,0,b215a332204ab7ad86c080645f3e830efa623662
vestboost_train_01181_jhboyo_train_01181_pos_1865_jpg.rf.616a25880ad6c054f5228fa4667ebd62.jpg,vestboost_train_01181_jhboyo_train_01181_pos_1865_jpg.rf.616a25880ad6c054f5228fa4667ebd62,vest_ext,vest_ext:pos_1865,0,1,0,b564bf29781c70df92f21021ed94d6ca881d3e25
vestboost_train_01182_jhboyo_train_01182_pos_1866_jpg.rf.a64ccddb203a1fe8d8258a2e6693ef0a.jpg,vestboost_train_01182_jhboyo_train_01182_pos_1866_jpg.rf.a64ccddb203a1fe8d8258a2e6693ef0a,vest_ext,vest_ext:pos_1866,0,1,0,5f8048387d95423bfb18a605a183d8dfd021f48d
vestboost_train_01183_jhboyo_train_01183_pos_1867_jpg.rf.28a9933ec066d3383b7b583eeda12ccf.jpg,vestboost_train_01183_jhboyo_train_01183_pos_1867_jpg.rf.28a9933ec066d3383b7b583eeda12ccf,vest_ext,vest_ext:pos_1867,0,2,0,69e961181c60c8450a8db5af8844773969c4c6d1
vestboost_train_01184_jhboyo_train_01184_pos_1868_jpg.rf.c2c87c8c7926288269d87dcfe30ddabd.jpg,vestboost_train_01184_jhboyo_train_01184_pos_1868_jpg.rf.c2c87c8c7926288269d87dcfe30ddabd,vest_ext,vest_ext:pos_1868,0,2,0,960ec0fe88062f6a648e638fc9e0fc42e05fa48c
vestboost_train_01185_jhboyo_train_01185_pos_1869_jpg.rf.f7f64e945d14290c88ebfbb72ee69c1b.jpg,vestboost_train_01185_jhboyo_train_01185_pos_1869_jpg.rf.f7f64e945d14290c88ebfbb72ee69c1b,vest_ext,vest_ext:pos_1869,0,2,0,4a4395463c6e7a5544dd9b4372b413a741f0fb6a
vestboost_train_01186_jhboyo_train_01186_pos_186_jpg.rf.29bdc5dc91bc212be823081eea632706.jpg,vestboost_train_01186_jhboyo_train_01186_pos_186_jpg.rf.29bdc5dc91bc212be823081eea632706,vest_ext,vest_ext:pos_186,0,2,0,47ea94935f554e884041481acf91d8850d3ba9c6
vestboost_train_01187_jhboyo_train_01187_pos_1872_jpg.rf.9d6f8015e5ea53e8e57a89eb9037a049.jpg,vestboost_train_01187_jhboyo_train_01187_pos_1872_jpg.rf.9d6f8015e5ea53e8e57a89eb9037a049,vest_ext,vest_ext:pos_1872,0,2,0,dbb9fbedd83f76af5630bf2c16fe3d522c8f646c
vestboost_train_01188_jhboyo_train_01188_pos_1873_jpg.rf.b455a81a4191389bc490b254a0e9c8f2.jpg,vestboost_train_01188_jhboyo_train_01188_pos_1873_jpg.rf.b455a81a4191389bc490b254a0e9c8f2,vest_ext,vest_ext:pos_1873,0,2,0,f60822685042feeef11d58d7a5d56907968a7564
vestboost_train_01189_jhboyo_train_01189_pos_1874_jpg.rf.2a4a0901c37c9dd77ca967cc2563702f.jpg,vestboost_train_01189_jhboyo_train_01189_pos_1874_jpg.rf.2a4a0901c37c9dd77ca967cc2563702f,vest_ext,vest_ext:pos_1874,0,2,0,91eef681e69dcf70f06132b0f4d484b80f98885d
vestboost_train_01190_jhboyo_train_01190_pos_1875_jpg.rf.2825051e7d8a26602723a22ec33b41d3.jpg,vestboost_train_01190_jhboyo_train_01190_pos_1875_jpg.rf.2825051e7d8a26602723a22ec33b41d3,vest_ext,vest_ext:pos_1875,0,3,0,d8a9638fbaf8250db3cb12de575d89649e026453
vestboost_train_01191_jhboyo_train_01191_pos_1878_jpg.rf.410d3bebc56b981f996525f6fcb3f269.jpg,vestboost_train_01191_jhboyo_train_01191_pos_1878_jpg.rf.410d3bebc56b981f996525f6fcb3f269,vest_ext,vest_ext:pos_1878,0,3,0,f1f995d16b7235c664116a9cead49bb91fe06ff9
vestboost_train_01192_jhboyo_train_01192_pos_1879_jpg.rf.5239693929598cce3b1c06f422c2cb23.jpg,vestboost_train_01192_jhboyo_train_01192_pos_1879_jpg.rf.5239693929598cce3b1c06f422c2cb23,vest_ext,vest_ext:pos_1879,0,1,0,3652d5e1117dbdeecf62e3fc575a9fae44bfe467
vestboost_train_01193_jhboyo_train_01193_pos_1880_jpg.rf.a8e52a7f3891a1dbce4e58441ba9bdea.jpg,vestboost_train_01193_jhboyo_train_01193_pos_1880_jpg.rf.a8e52a7f3891a1dbce4e58441ba9bdea,vest_ext,vest_ext:pos_1880,0,1,0,64df81fb571f312f44ac682e85708fd441959389
vestboost_train_01194_jhboyo_train_01194_pos_1881_jpg.rf.db12675d4c7af24fd249cb77d467c300.jpg,vestboost_train_01194_jhboyo_train_01194_pos_1881_jpg.rf.db12675d4c7af24fd249cb77d467c300,vest_ext,vest_ext:pos_1881,0,2,0,fa5cd5d3e4ed4073e1860ed7614693c9a79a4921
vestboost_train_01195_jhboyo_train_01195_pos_1882_jpg.rf.871c5d86702b97e5fde1982f1d165417.jpg,vestboost_train_01195_jhboyo_train_01195_pos_1882_jpg.rf.871c5d86702b97e5fde1982f1d165417,vest_ext,vest_ext:pos_1882,0,2,0,5d0b6afe0abd2211801e51402420842a2b13fe39
vestboost_train_01196_jhboyo_train_01196_pos_1883_jpg.rf.08d74d3c766b8e38988982460c22aa24.jpg,vestboost_train_01196_jhboyo_train_01196_pos_1883_jpg.rf.08d74d3c766b8e38988982460c22aa24,vest_ext,vest_ext:pos_1883,0,4,0,76e998a4e633421b19c0243b774192096a9c7b76
vestboost_train_01197_jhboyo_train_01197_pos_1884_jpg.rf.ad389467d5f36f33ac48262f1df8712e.jpg,vestboost_train_01197_jhboyo_train_01197_pos_1884_jpg.rf.ad389467d5f36f33ac48262f1df8712e,vest_ext,vest_ext:pos_1884,0,4,0,cbfdfe0dd2becc5999a8643204dff273c5ba16b4
vestboost_train_01198_jhboyo_train_01198_pos_1885_jpg.rf.0cb80b7b2b2bc038911c2fc6c580b6e1.jpg,vestboost_train_01198_jhboyo_train_01198_pos_1885_jpg.rf.0cb80b7b2b2bc038911c2fc6c580b6e1,vest_ext,vest_ext:pos_1885,0,4,0,64b812e5a0b0d97498e99407779032214f979a7f
vestboost_train_01199_jhboyo_train_01199_pos_1886_jpg.rf.1cb2ff44576399d4c876c1e4885012f3.jpg,vestboost_train_01199_jhboyo_train_01199_pos_1886_jpg.rf.1cb2ff44576399d4c876c1e4885012f3,vest_ext,vest_ext:pos_1886,0,4,0,f9d2d76f83452c3e7c2718bbf79e010088e807bc
vestboost_train_01200_jhboyo_train_01200_pos_1887_jpg.rf.8a8d439d19dd2d8fc80b79c88670d2ab.jpg,vestboost_train_01200_jhboyo_train_01200_pos_1887_jpg.rf.8a8d439d19dd2d8fc80b79c88670d2ab,vest_ext,vest_ext:pos_1887,0,1,0,e493129a09dab118af392c7f096a4f0c2b94c9e5
vestboost_train_01201_jhboyo_train_01201_pos_1890_jpg.rf.ab0ec3d31f61d01faa3a9d969c3d7e5b.jpg,vestboost_train_01201_jhboyo_train_01201_pos_1890_jpg.rf.ab0ec3d31f61d01faa3a9d969c3d7e5b,vest_ext,vest_ext:pos_1890,0,2,0,0ada47dc7e67a05601818ce86f0d9ad07fc7612e
vestboost_train_01202_jhboyo_train_01202_pos_1891_jpg.rf.47e1d5fd36dff5ffe7494946e6d45510.jpg,vestboost_train_01202_jhboyo_train_01202_pos_1891_jpg.rf.47e1d5fd36dff5ffe7494946e6d45510,vest_ext,vest_ext:pos_1891,0,1,0,c50dc47f86647c08cc12d90223f555626526ffd5
vestboost_train_01203_jhboyo_train_01203_pos_1892_jpg.rf.6af552d36be2f6225d3bd0e3ac9a07e3.jpg,vestboost_train_01203_jhboyo_train_01203_pos_1892_jpg.rf.6af552d36be2f6225d3bd0e3ac9a07e3,vest_ext,vest_ext:pos_1892,0,2,0,a33ed055f3408bec14b4082d66e157a81109c518
vestboost_train_01204_jhboyo_train_01204_pos_1894_jpg.rf.05025f8411b601455f9fe70776bd2af1.jpg,vestboost_train_01204_jhboyo_train_01204_pos_1894_jpg.rf.05025f8411b601455f9fe70776bd2af1,vest_ext,vest_ext:pos_1894,0,3,0,0aebaa1f4e3ba17c44852334ee1b21b8297c12e2
vestboost_train_01205_jhboyo_train_01205_pos_1896_jpg.rf.237293f214a2f3955ca26b9e98317604.jpg,vestboost_train_01205_jhboyo_train_01205_pos_1896_jpg.rf.237293f214a2f3955ca26b9e98317604,vest_ext,vest_ext:pos_1896,0,2,0,c1b11d46a6f5984dfdff396c44c6657a1d3ee879
vestboost_train_01206_jhboyo_train_01206_pos_1897_jpg.rf.e14562da18f47c81a9f3093f5d6d76f5.jpg,vestboost_train_01206_jhboyo_train_01206_pos_1897_jpg.rf.e14562da18f47c81a9f3093f5d6d76f5,vest_ext,vest_ext:pos_1897,0,2,0,0324b38f105e5edb8eee579bddca3d10dd36b3ad
vestboost_train_01207_jhboyo_train_01207_pos_1898_jpg.rf.7fdae5b6ef64608bd68650580b9cab9b.jpg,vestboost_train_01207_jhboyo_train_01207_pos_1898_jpg.rf.7fdae5b6ef64608bd68650580b9cab9b,vest_ext,vest_ext:pos_1898,0,2,0,740a27a36544bc3d4eb1096dd9777aad33723d05
vestboost_train_01208_jhboyo_train_01208_pos_1900_jpg.rf.caf245b9bb4677cc4622949e1de10db9.jpg,vestboost_train_01208_jhboyo_train_01208_pos_1900_jpg.rf.caf245b9bb4677cc4622949e1de10db9,vest_ext,vest_ext:pos_1900,0,2,0,1f8dc242c6322a536f018c8c1e20d65a96ce4014
vestboost_train_01209_jhboyo_train_01209_pos_1901_jpg.rf.038623483f88e475924ce1cdc0f099ea.jpg,vestboost_train_01209_jhboyo_train_01209_pos_1901_jpg.rf.038623483f88e475924ce1cdc0f099ea,vest_ext,vest_ext:pos_1901,0,1,0,66fbe3fb41e8678c0dca72abf138b55e5a8b7628
vestboost_train_01210_jhboyo_train_01210_pos_1902_jpg.rf.b248c8a99592889ee3db24580cc3304d.jpg,vestboost_train_01210_jhboyo_train_01210_pos_1902_jpg.rf.b248c8a99592889ee3db24580cc3304d,vest_ext,vest_ext:pos_1902,0,1,0,91b5e132e9fc268dce011f365af179636ff25500
vestboost_train_01211_jhboyo_train_01211_pos_1903_jpg.rf.61a13331b4935a0db2faf66cb9e1f9da.jpg,vestboost_train_01211_jhboyo_train_01211_pos_1903_jpg.rf.61a13331b4935a0db2faf66cb9e1f9da,vest_ext,vest_ext:pos_1903,0,2,0,866201a105b1a94a35f3b6c911d636400f9395e0
vestboost_train_01212_jhboyo_train_01212_pos_1906_jpg.rf.3d8f56c0d8ce657f244847f40d7232c6.jpg,vestboost_train_01212_jhboyo_train_01212_pos_1906_jpg.rf.3d8f56c0d8ce657f244847f40d7232c6,vest_ext,vest_ext:pos_1906,0,4,0,84a340aea5d5b4437054bad8ac0396a60dd39fbd
vestboost_train_01213_jhboyo_train_01213_pos_1907_jpg.rf.8760bcac76e2877b5a4762c2bea316cf.jpg,vestboost_train_01213_jhboyo_train_01213_pos_1907_jpg.rf.8760bcac76e2877b5a4762c2bea316cf,vest_ext,vest_ext:pos_1907,0,4,0,643d19b33becac07b26bdb84af6c3714f8e7614c
vestboost_train_01214_jhboyo_train_01214_pos_1908_jpg.rf.6c22850db1f90609b8e50cee208c20f2.jpg,vestboost_train_01214_jhboyo_train_01214_pos_1908_jpg.rf.6c22850db1f90609b8e50cee208c20f2,vest_ext,vest_ext:pos_1908,0,2,0,87c288beac6ca82b867490c36613a70e7860436e
vestboost_train_01215_jhboyo_train_01215_pos_1909_jpg.rf.61add89a3149be13fc0593c715f1e70e.jpg,vestboost_train_01215_jhboyo_train_01215_pos_1909_jpg.rf.61add89a3149be13fc0593c715f1e70e,vest_ext,vest_ext:pos_1909,0,1,0,a1327cab833e2c80ce45db20f613a6a96f20f114
vestboost_train_01216_jhboyo_train_01216_pos_1910_jpg.rf.aa33686152c7b37ba0f4eb6ac1726565.jpg,vestboost_train_01216_jhboyo_train_01216_pos_1910_jpg.rf.aa33686152c7b37ba0f4eb6ac1726565,vest_ext,vest_ext:pos_1910,0,2,0,98d9a118a631892eaac309bf5595be9b95a1b0a2
vestboost_train_01217_jhboyo_train_01217_pos_1911_jpg.rf.79742b1ce85a6d657dee543491a054c2.jpg,vestboost_train_01217_jhboyo_train_01217_pos_1911_jpg.rf.79742b1ce85a6d657dee543491a054c2,vest_ext,vest_ext:pos_1911,0,2,0,40b4cb7d6a6f084b5640e706044872dadf75525d
vestboost_train_01218_jhboyo_train_01218_pos_1912_jpg.rf.e3b30a81af23fb802cc29f8c007cdd5a.jpg,vestboost_train_01218_jhboyo_train_01218_pos_1912_jpg.rf.e3b30a81af23fb802cc29f8c007cdd5a,vest_ext,vest_ext:pos_1912,0,2,0,b41fb768b66119f9508fbf07fd81546f0d3eaf8f
vestboost_train_01219_jhboyo_train_01219_pos_1915_jpg.rf.f13514a3ee3f1209eda8ecbfc799c8ea.jpg,vestboost_train_01219_jhboyo_train_01219_pos_1915_jpg.rf.f13514a3ee3f1209eda8ecbfc799c8ea,vest_ext,vest_ext:pos_1915,0,1,0,b7236f873176c0a599808831018902740f76cc53
vestboost_train_01220_jhboyo_train_01220_pos_1916_jpg.rf.e76e890756cac46ad71464ace059a435.jpg,vestboost_train_01220_jhboyo_train_01220_pos_1916_jpg.rf.e76e890756cac46ad71464ace059a435,vest_ext,vest_ext:pos_1916,0,2,0,680f6fe6174c655715570ee2a4ada3202eaa6123
vestboost_train_01221_jhboyo_train_01221_pos_1917_jpg.rf.65ef08371df7c6962b87f8575a4c3fd4.jpg,vestboost_train_01221_jhboyo_train_01221_pos_1917_jpg.rf.65ef08371df7c6962b87f8575a4c3fd4,vest_ext,vest_ext:pos_1917,0,2,0,169234abdd899a4e9e5a7718fd552defdf2dca25
vestboost_train_01222_jhboyo_train_01222_pos_1918_jpg.rf.8a44103f0443865deead545be60230a8.jpg,vestboost_train_01222_jhboyo_train_01222_pos_1918_jpg.rf.8a44103f0443865deead545be60230a8,vest_ext,vest_ext:pos_1918,0,2,0,94eb3f6e83fad555b175c89af3ec59ca8c8c9e28
vestboost_train_01223_jhboyo_train_01223_pos_1921_jpg.rf.684d17725c5b9d5f7d71399a37110240.jpg,vestboost_train_01223_jhboyo_train_01223_pos_1921_jpg.rf.684d17725c5b9d5f7d71399a37110240,vest_ext,vest_ext:pos_1921,0,4,0,d147737f012e727b5f36968470a3791add211e8d
vestboost_train_01224_jhboyo_train_01224_pos_1922_jpg.rf.d29eddc717ecb3e37f5dc09d8d5fbee1.jpg,vestboost_train_01224_jhboyo_train_01224_pos_1922_jpg.rf.d29eddc717ecb3e37f5dc09d8d5fbee1,vest_ext,vest_ext:pos_1922,0,2,0,378aeefd7801a46b5bb3aa0b9f8e2664b84e4420
vestboost_train_01225_jhboyo_train_01225_pos_1923_jpg.rf.2946930e622ee12d9c6b51d43764cf5d.jpg,vestboost_train_01225_jhboyo_train_01225_pos_1923_jpg.rf.2946930e622ee12d9c6b51d43764cf5d,vest_ext,vest_ext:pos_1923,0,2,0,66cddf8491c8f46ff3a14154fdce8eb0bd67e7d6
vestboost_train_01226_jhboyo_train_01226_pos_1924_jpg.rf.bf1e62ad19457fd24a68129588ce2344.jpg,vestboost_train_01226_jhboyo_train_01226_pos_1924_jpg.rf.bf1e62ad19457fd24a68129588ce2344,vest_ext,vest_ext:pos_1924,0,2,0,c5448e44db81cf88f6b0cf645cbe32c82ad2957c
vestboost_train_01227_jhboyo_train_01227_pos_1925_jpg.rf.17c78fe9ca44c650975e40cb082401ec.jpg,vestboost_train_01227_jhboyo_train_01227_pos_1925_jpg.rf.17c78fe9ca44c650975e40cb082401ec,vest_ext,vest_ext:pos_1925,0,2,0,013adc11b3e00a035acf0c66512102ebbb4f8b08
vestboost_train_01228_jhboyo_train_01228_pos_1926_jpg.rf.60a87fbfcf66f958a23c6c8fa2f4639e.jpg,vestboost_train_01228_jhboyo_train_01228_pos_1926_jpg.rf.60a87fbfcf66f958a23c6c8fa2f4639e,vest_ext,vest_ext:pos_1926,0,1,0,1d08c7808efb29b614a2a3774fbc5123e40ff63b
vestboost_train_01229_jhboyo_train_01229_pos_1927_jpg.rf.26a9fa20d524f2d526476e3e7e179bba.jpg,vestboost_train_01229_jhboyo_train_01229_pos_1927_jpg.rf.26a9fa20d524f2d526476e3e7e179bba,vest_ext,vest_ext:pos_1927,0,1,0,cad7b73bdb71a092cc9af7959d6ec956f2391d36
vestboost_train_01230_jhboyo_train_01230_pos_1929_jpg.rf.9dedace9177745b86848a2228073e636.jpg,vestboost_train_01230_jhboyo_train_01230_pos_1929_jpg.rf.9dedace9177745b86848a2228073e636,vest_ext,vest_ext:pos_1929,0,1,0,acd6e45cb44f66de53006207e9f42c500e4a0a30
vestboost_train_01231_jhboyo_train_01231_pos_192_jpg.rf.a90f05fa4f5a906a913826e5101f6d81.jpg,vestboost_train_01231_jhboyo_train_01231_pos_192_jpg.rf.a90f05fa4f5a906a913826e5101f6d81,vest_ext,vest_ext:pos_192,0,1,0,3ad067daacb19d2fee5fcf8d4337b49cdec7ac96
vestboost_train_01232_jhboyo_train_01232_pos_1931_jpg.rf.64aab3a4c1d1c2a2de505b09fcfb0ca5.jpg,vestboost_train_01232_jhboyo_train_01232_pos_1931_jpg.rf.64aab3a4c1d1c2a2de505b09fcfb0ca5,vest_ext,vest_ext:pos_1931,0,2,0,a9cc6a712b54cae6a205f4a84c7152e7cd81e106
vestboost_train_01233_jhboyo_train_01233_pos_1932_jpg.rf.05aedc59c0fb8beae2765f5c032aff4a.jpg,vestboost_train_01233_jhboyo_train_01233_pos_1932_jpg.rf.05aedc59c0fb8beae2765f5c032aff4a,vest_ext,vest_ext:pos_1932,0,1,0,8f9820451becc42668a56cc39bc11053b04216fe
vestboost_train_01234_jhboyo_train_01234_pos_1933_jpg.rf.d9f54af5c40287645f34acbf651cb955.jpg,vestboost_train_01234_jhboyo_train_01234_pos_1933_jpg.rf.d9f54af5c40287645f34acbf651cb955,vest_ext,vest_ext:pos_1933,0,1,0,6b886685fd91658ef8b195b95e3f2c92e3b3a57d
vestboost_train_01235_jhboyo_train_01235_pos_1934_jpg.rf.43395aa06f863909129f51a378d83484.jpg,vestboost_train_01235_jhboyo_train_01235_pos_1934_jpg.rf.43395aa06f863909129f51a378d83484,vest_ext,vest_ext:pos_1934,0,2,0,b466f22688aaf366db36e57c7e37c494016dbf9f
vestboost_train_01236_jhboyo_train_01236_pos_1935_jpg.rf.760fa3c3aa4de341ff7b1aff6fb2635b.jpg,vestboost_train_01236_jhboyo_train_01236_pos_1935_jpg.rf.760fa3c3aa4de341ff7b1aff6fb2635b,vest_ext,vest_ext:pos_1935,0,2,0,6818a6d3908eecad8124ec834ef048c3d4986083
vestboost_train_01237_jhboyo_train_01237_pos_1936_jpg.rf.4d4d626d24e9663cb37c200618686b91.jpg,vestboost_train_01237_jhboyo_train_01237_pos_1936_jpg.rf.4d4d626d24e9663cb37c200618686b91,vest_ext,vest_ext:pos_1936,0,2,0,e3d0d71b53e45eac0b2b48a0d357e74288f3d880
vestboost_train_01238_jhboyo_train_01238_pos_1937_jpg.rf.503a265863b69846f7e41904b0ebee38.jpg,vestboost_train_01238_jhboyo_train_01238_pos_1937_jpg.rf.503a265863b69846f7e41904b0ebee38,vest_ext,vest_ext:pos_1937,0,2,0,66d4fccd63ec29061768d35f7bcdd3bd0f8b7712
vestboost_train_01239_jhboyo_train_01239_pos_1939_jpg.rf.5ecc3ce2a5acfec3d7573e97b858a327.jpg,vestboost_train_01239_jhboyo_train_01239_pos_1939_jpg.rf.5ecc3ce2a5acfec3d7573e97b858a327,vest_ext,vest_ext:pos_1939,0,2,0,06a19eaa69b690c11625482ed9e7a9c5e607c537
vestboost_train_01240_jhboyo_train_01240_pos_1940_jpg.rf.f0d4aa03b49b78f57f38c2f7d430add2.jpg,vestboost_train_01240_jhboyo_train_01240_pos_1940_jpg.rf.f0d4aa03b49b78f57f38c2f7d430add2,vest_ext,vest_ext:pos_1940,0,2,0,e44bbeecf6b2516b6f205682c8bea9c48e62b60e
vestboost_train_01241_jhboyo_train_01241_pos_1941_jpg.rf.fbc8ace07a5b3eaf145e4b07f6fc4275.jpg,vestboost_train_01241_jhboyo_train_01241_pos_1941_jpg.rf.fbc8ace07a5b3eaf145e4b07f6fc4275,vest_ext,vest_ext:pos_1941,0,1,0,dec9b727b7777a77d226b206c67fa845b237a555
vestboost_train_01242_jhboyo_train_01242_pos_1942_jpg.rf.0ee0c508e3b449948fb964c2c93f2be5.jpg,vestboost_train_01242_jhboyo_train_01242_pos_1942_jpg.rf.0ee0c508e3b449948fb964c2c93f2be5,vest_ext,vest_ext:pos_1942,0,2,0,0d9ba07b3881056899ac7432be831cf6c573fdba
vestboost_train_01243_jhboyo_train_01243_pos_1943_jpg.rf.8b69ce80e9ccfb8a7009e52b5c21fd27.jpg,vestboost_train_01243_jhboyo_train_01243_pos_1943_jpg.rf.8b69ce80e9ccfb8a7009e52b5c21fd27,vest_ext,vest_ext:pos_1943,0,1,0,f6a6035400a08a4db9b4f0645b38590941b5b40e
vestboost_train_01244_jhboyo_train_01244_pos_1944_jpg.rf.7795ef35ed7e1d00ca005da8fdff4dce.jpg,vestboost_train_01244_jhboyo_train_01244_pos_1944_jpg.rf.7795ef35ed7e1d00ca005da8fdff4dce,vest_ext,vest_ext:pos_1944,0,1,0,254a5cb4fbac6f9eb5518cd87b31e272b1d9ecf1
vestboost_train_01245_jhboyo_train_01245_pos_1945_jpg.rf.9fe6c41a519d6aa3f36bdf9359d124da.jpg,vestboost_train_01245_jhboyo_train_01245_pos_1945_jpg.rf.9fe6c41a519d6aa3f36bdf9359d124da,vest_ext,vest_ext:pos_1945,0,2,0,748c387c08d459c4222f2552efc4da1ada91123d
vestboost_train_01246_jhboyo_train_01246_pos_1947_jpg.rf.ea7630ffd52f1e12af4832c38329a56f.jpg,vestboost_train_01246_jhboyo_train_01246_pos_1947_jpg.rf.ea7630ffd52f1e12af4832c38329a56f,vest_ext,vest_ext:pos_1947,0,2,0,0403fe157e981c5e4743d4139d2170ae3cd1097f
vestboost_train_01247_jhboyo_train_01247_pos_1949_jpg.rf.6d6eac8cf647cb5a32592f847fafc652.jpg,vestboost_train_01247_jhboyo_train_01247_pos_1949_jpg.rf.6d6eac8cf647cb5a32592f847fafc652,vest_ext,vest_ext:pos_1949,0,2,0,e67381eab6688bbbf2280e41c140c87efdb8b3e6
vestboost_train_01248_jhboyo_train_01248_pos_1950_jpg.rf.5d0c720e0a7b745a56832aa685a05eb0.jpg,vestboost_train_01248_jhboyo_train_01248_pos_1950_jpg.rf.5d0c720e0a7b745a56832aa685a05eb0,vest_ext,vest_ext:pos_1950,0,2,0,69774509df3cdb1628b1a34e29dd255fb79f76f1
vestboost_train_01249_jhboyo_train_01249_pos_1951_jpg.rf.254135cd771f929ef1b40207ff15b10a.jpg,vestboost_train_01249_jhboyo_train_01249_pos_1951_jpg.rf.254135cd771f929ef1b40207ff15b10a,vest_ext,vest_ext:pos_1951,0,2,0,747a5bca9cda2123aae2d98e539ce9f79750375f
vestboost_train_01250_jhboyo_train_01250_pos_1953_jpg.rf.34dfdbf93f4b4ab2c7874dd29878ef81.jpg,vestboost_train_01250_jhboyo_train_01250_pos_1953_jpg.rf.34dfdbf93f4b4ab2c7874dd29878ef81,vest_ext,vest_ext:pos_1953,0,2,0,c4b94e045344ab8887a01fd558cfd33f299b0408
vestboost_train_01251_jhboyo_train_01251_pos_1954_jpg.rf.487b2632ab71439c4757ed9abb3667f7.jpg,vestboost_train_01251_jhboyo_train_01251_pos_1954_jpg.rf.487b2632ab71439c4757ed9abb3667f7,vest_ext,vest_ext:pos_1954,0,3,0,dd831af7e600ee4064444b12fb8ed93230d1d380
vestboost_train_01252_jhboyo_train_01252_pos_1955_jpg.rf.3da919bb106fd6667cc070200e222b8d.jpg,vestboost_train_01252_jhboyo_train_01252_pos_1955_jpg.rf.3da919bb106fd6667cc070200e222b8d,vest_ext,vest_ext:pos_1955,0,3,0,08ae01ec63293e8ba68c2d9f5d7df447a6f7450a
vestboost_train_01253_jhboyo_train_01253_pos_1956_jpg.rf.e4791ff66df3275b33559da8711cd911.jpg,vestboost_train_01253_jhboyo_train_01253_pos_1956_jpg.rf.e4791ff66df3275b33559da8711cd911,vest_ext,vest_ext:pos_1956,0,3,0,a89a6a2007795e2d04ada23cc0d4f2ee613d32d3
vestboost_train_01254_jhboyo_train_01254_pos_1957_jpg.rf.8dba06775834f76df2a8aa3e35198980.jpg,vestboost_train_01254_jhboyo_train_01254_pos_1957_jpg.rf.8dba06775834f76df2a8aa3e35198980,vest_ext,vest_ext:pos_1957,0,3,0,e2c4109ecd0dfe35ebc650fcbccf8f05a21e9a6f
vestboost_train_01255_jhboyo_train_01255_pos_1958_jpg.rf.fb041756b78413ed336cca1671ca5342.jpg,vestboost_train_01255_jhboyo_train_01255_pos_1958_jpg.rf.fb041756b78413ed336cca1671ca5342,vest_ext,vest_ext:pos_1958,0,3,0,16bb9ba5be3857dba34a5f4bf4bb7c2f760f48df
vestboost_train_01256_jhboyo_train_01256_pos_1959_jpg.rf.4dcb833ff82ddef4b7ccd0b203697cfc.jpg,vestboost_train_01256_jhboyo_train_01256_pos_1959_jpg.rf.4dcb833ff82ddef4b7ccd0b203697cfc,vest_ext,vest_ext:pos_1959,0,1,0,6036b4f799714f0681af58cc4a6d6225f75df589
vestboost_train_01257_jhboyo_train_01257_pos_195_jpg.rf.29e0b7b320ab718f9dd604df5cc8f8ae.jpg,vestboost_train_01257_jhboyo_train_01257_pos_195_jpg.rf.29e0b7b320ab718f9dd604df5cc8f8ae,vest_ext,vest_ext:pos_195,0,1,0,2b5f233bb62823b530fbf08551020cccbf359324
vestboost_train_01258_jhboyo_train_01258_pos_1962_jpg.rf.de1c6bf030dbd7b87b9777f24d363598.jpg,vestboost_train_01258_jhboyo_train_01258_pos_1962_jpg.rf.de1c6bf030dbd7b87b9777f24d363598,vest_ext,vest_ext:pos_1962,0,3,0,2fd7a8b571f3a9907ad1a7cd34f3431e2650d3ac
vestboost_train_01259_jhboyo_train_01259_pos_1965_jpg.rf.1cd14d49abd2e325ab60185656511773.jpg,vestboost_train_01259_jhboyo_train_01259_pos_1965_jpg.rf.1cd14d49abd2e325ab60185656511773,vest_ext,vest_ext:pos_1965,0,3,0,5711c31ed26ce889a30ecd0ba04e096081d24d26
vestboost_train_01260_jhboyo_train_01260_pos_1966_jpg.rf.db04e83f6f7f0700cc6c521bfa947a44.jpg,vestboost_train_01260_jhboyo_train_01260_pos_1966_jpg.rf.db04e83f6f7f0700cc6c521bfa947a44,vest_ext,vest_ext:pos_1966,0,3,0,9712694088de203fc6d7e0b61d97808c81a3d459
vestboost_train_01261_jhboyo_train_01261_pos_1968_jpg.rf.5f0059cf5952116c61046962c47198bc.jpg,vestboost_train_01261_jhboyo_train_01261_pos_1968_jpg.rf.5f0059cf5952116c61046962c47198bc,vest_ext,vest_ext:pos_1968,0,3,0,f21d860977950612f1b120760aa0af5f47a18b41
vestboost_train_01262_jhboyo_train_01262_pos_1969_jpg.rf.8c678e9e58dcfe5af74bfd66f32b2ef9.jpg,vestboost_train_01262_jhboyo_train_01262_pos_1969_jpg.rf.8c678e9e58dcfe5af74bfd66f32b2ef9,vest_ext,vest_ext:pos_1969,0,1,0,198394d5686eafb4df427d941212a5913ff45330
vestboost_train_01263_jhboyo_train_01263_pos_1970_jpg.rf.0ab9fb396ddca7232d8a7a77973bca7c.jpg,vestboost_train_01263_jhboyo_train_01263_pos_1970_jpg.rf.0ab9fb396ddca7232d8a7a77973bca7c,vest_ext,vest_ext:pos_1970,0,2,0,c5b123bc4c66ca08c2c6823a027808e7911f9fec
vestboost_train_01264_jhboyo_train_01264_pos_1971_jpg.rf.f33143c4e5519f9d96ffb6ffc6cef810.jpg,vestboost_train_01264_jhboyo_train_01264_pos_1971_jpg.rf.f33143c4e5519f9d96ffb6ffc6cef810,vest_ext,vest_ext:pos_1971,0,2,0,c74aa6a291790515ee140eef2ec617419723a5ed
vestboost_train_01265_jhboyo_train_01265_pos_1972_jpg.rf.c9a5ad6b1335cde08b53883c8a5c4438.jpg,vestboost_train_01265_jhboyo_train_01265_pos_1972_jpg.rf.c9a5ad6b1335cde08b53883c8a5c4438,vest_ext,vest_ext:pos_1972,0,3,0,77f787b909457383e377b3e83f72fe49bad54b85
vestboost_train_01266_jhboyo_train_01266_pos_1974_jpg.rf.93fa1f455f3b2a87e62d4c836f6aace4.jpg,vestboost_train_01266_jhboyo_train_01266_pos_1974_jpg.rf.93fa1f455f3b2a87e62d4c836f6aace4,vest_ext,vest_ext:pos_1974,0,3,0,1af98e317609a106138bec7cbcfc5b75278ef6fd
vestboost_train_01267_jhboyo_train_01267_pos_1976_jpg.rf.219bdc181da451a4fc277b8342b15d0b.jpg,vestboost_train_01267_jhboyo_train_01267_pos_1976_jpg.rf.219bdc181da451a4fc277b8342b15d0b,vest_ext,vest_ext:pos_1976,0,2,0,af3021c5b40afaeb5a76fc2d1901ef527559df3e
vestboost_train_01268_jhboyo_train_01268_pos_1977_jpg.rf.8ee9159e3ca7faf044e39f273e688503.jpg,vestboost_train_01268_jhboyo_train_01268_pos_1977_jpg.rf.8ee9159e3ca7faf044e39f273e688503,vest_ext,vest_ext:pos_1977,0,3,0,cba6ca4849d11e82b8f24ac130276cf1f46d7275
vestboost_train_01269_jhboyo_train_01269_pos_1978_jpg.rf.c131699802e19c175f91e1db597fe5ea.jpg,vestboost_train_01269_jhboyo_train_01269_pos_1978_jpg.rf.c131699802e19c175f91e1db597fe5ea,vest_ext,vest_ext:pos_1978,0,3,0,a2ac7fe9c9f8addc2a64b3b4d8cc343e41980eff
vestboost_train_01270_jhboyo_train_01270_pos_1979_jpg.rf.26cee3f81d006a0964309726d26616e1.jpg,vestboost_train_01270_jhboyo_train_01270_pos_1979_jpg.rf.26cee3f81d006a0964309726d26616e1,vest_ext,vest_ext:pos_1979,0,1,0,96897a0196959327364b9917644b91150c37d156
vestboost_train_01271_jhboyo_train_01271_pos_1985_jpg.rf.c20392e76864b84dace508a50396dd85.jpg,vestboost_train_01271_jhboyo_train_01271_pos_1985_jpg.rf.c20392e76864b84dace508a50396dd85,vest_ext,vest_ext:pos_1985,0,1,0,d1ade92589f17d72d83db34e556dcedec5ab1be4
vestboost_train_01272_jhboyo_train_01272_pos_1986_jpg.rf.5973e86184f5f4c657b14d9ea99e0cc9.jpg,vestboost_train_01272_jhboyo_train_01272_pos_1986_jpg.rf.5973e86184f5f4c657b14d9ea99e0cc9,vest_ext,vest_ext:pos_1986,0,1,0,7a485110bc2bbbf4fef3c401f2774d91054f692b
vestboost_train_01273_jhboyo_train_01273_pos_1987_jpg.rf.467f0f3c14317090b41fed263c623e5d.jpg,vestboost_train_01273_jhboyo_train_01273_pos_1987_jpg.rf.467f0f3c14317090b41fed263c623e5d,vest_ext,vest_ext:pos_1987,0,2,0,03170c96fa822ee746539bd627f14914bf11b47a
vestboost_train_01274_jhboyo_train_01274_pos_1988_jpg.rf.80d14e522aa3fdd48be19e8dfed09fb3.jpg,vestboost_train_01274_jhboyo_train_01274_pos_1988_jpg.rf.80d14e522aa3fdd48be19e8dfed09fb3,vest_ext,vest_ext:pos_1988,0,2,0,69f59069561a156243c06045ede178e70c7287c0
vestboost_train_01275_jhboyo_train_01275_pos_198_jpg.rf.f8e378b1ad6b3f4f665a36179d15dabc.jpg,vestboost_train_01275_jhboyo_train_01275_pos_198_jpg.rf.f8e378b1ad6b3f4f665a36179d15dabc,vest_ext,vest_ext:pos_198,0,1,0,8cbf87cf989a90e718bae02eac34aad87a556e7c
vestboost_train_01276_jhboyo_train_01276_pos_1990_jpg.rf.c6d337d77efa2528574572ac7cdcfc97.jpg,vestboost_train_01276_jhboyo_train_01276_pos_1990_jpg.rf.c6d337d77efa2528574572ac7cdcfc97,vest_ext,vest_ext:pos_1990,0,1,0,16e6e39768f766c3e3f462d51ce60a2d09f83be3
vestboost_train_01277_jhboyo_train_01277_pos_1991_jpg.rf.d56c1e4c24cf10271d501288eaf7890c.jpg,vestboost_train_01277_jhboyo_train_01277_pos_1991_jpg.rf.d56c1e4c24cf10271d501288eaf7890c,vest_ext,vest_ext:pos_1991,0,2,0,2eabed6857cbcc2e4307e0f30b67027c2dd21632
vestboost_train_01278_jhboyo_train_01278_pos_1994_jpg.rf.387f37dbcdeec8a7e10b5909c0d73736.jpg,vestboost_train_01278_jhboyo_train_01278_pos_1994_jpg.rf.387f37dbcdeec8a7e10b5909c0d73736,vest_ext,vest_ext:pos_1994,0,1,0,a61c0ffeb39b1a702cf44d7ac2469986931fe281
vestboost_train_01279_jhboyo_train_01279_pos_1996_jpg.rf.3aeece90831f64b23bb1c2824c619f30.jpg,vestboost_train_01279_jhboyo_train_01279_pos_1996_jpg.rf.3aeece90831f64b23bb1c2824c619f30,vest_ext,vest_ext:pos_1996,0,2,0,b8f5a0889c3e013075013e7ab311505a23880ba2
vestboost_train_01280_jhboyo_train_01280_pos_1997_jpg.rf.05b63863d49e50b8605cbaa5354d8084.jpg,vestboost_train_01280_jhboyo_train_01280_pos_1997_jpg.rf.05b63863d49e50b8605cbaa5354d8084,vest_ext,vest_ext:pos_1997,0,1,0,4676cec5360fd57329fc663c55c74dfd15692fc6
vestboost_train_01281_jhboyo_train_01281_pos_1999_jpg.rf.c834a9f53e090143e5b34fdd25cb3403.jpg,vestboost_train_01281_jhboyo_train_01281_pos_1999_jpg.rf.c834a9f53e090143e5b34fdd25cb3403,vest_ext,vest_ext:pos_1999,0,2,0,9ee0432ff7f3576fca2ca036b36f780f69624add
vestboost_train_01282_jhboyo_train_01282_pos_1_jpg.rf.a68d516337e78eb45b78657e69048d14.jpg,vestboost_train_01282_jhboyo_train_01282_pos_1_jpg.rf.a68d516337e78eb45b78657e69048d14,vest_ext,vest_ext:pos_1,0,1,0,768cc9735dff0101981d6315a540c12e9a33f3ed
vestboost_train_01283_jhboyo_train_01283_pos_2001_jpg.rf.9e8a7533eecff5478ce15cfa950daf61.jpg,vestboost_train_01283_jhboyo_train_01283_pos_2001_jpg.rf.9e8a7533eecff5478ce15cfa950daf61,vest_ext,vest_ext:pos_2001,0,1,0,8b856782bf236a4fb0457b87a975ea627fc09cd4
vestboost_train_01284_jhboyo_train_01284_pos_2002_jpg.rf.85b87451053a0feb7fe235c94b38518d.jpg,vestboost_train_01284_jhboyo_train_01284_pos_2002_jpg.rf.85b87451053a0feb7fe235c94b38518d,vest_ext,vest_ext:pos_2002,0,2,0,6e315cac798ed05270db610e24849aaf64d4d320
vestboost_train_01285_jhboyo_train_01285_pos_2003_jpg.rf.c6a4e4b93e782c8a0c421fde1072cf54.jpg,vestboost_train_01285_jhboyo_train_01285_pos_2003_jpg.rf.c6a4e4b93e782c8a0c421fde1072cf54,vest_ext,vest_ext:pos_2003,0,1,0,e3b3ec8a7852d4487aa9ddf62ef9bbfa95cff741
vestboost_train_01286_jhboyo_train_01286_pos_2004_jpg.rf.f68055f037be2652b6c2eb4b3a45f12b.jpg,vestboost_train_01286_jhboyo_train_01286_pos_2004_jpg.rf.f68055f037be2652b6c2eb4b3a45f12b,vest_ext,vest_ext:pos_2004,0,1,0,4206ca9d01dacff31bdeb8f45e4c31c5032a90ac
vestboost_train_01287_jhboyo_train_01287_pos_2005_jpg.rf.67e83295577e06d8d6c7309a75ebdf6c.jpg,vestboost_train_01287_jhboyo_train_01287_pos_2005_jpg.rf.67e83295577e06d8d6c7309a75ebdf6c,vest_ext,vest_ext:pos_2005,0,1,0,3d02a67d6edb4a62418e0c519a8c18fb89aa58d2
vestboost_train_01288_jhboyo_train_01288_pos_2006_jpg.rf.a29fe696b76bd9abe32e3fdd10852610.jpg,vestboost_train_01288_jhboyo_train_01288_pos_2006_jpg.rf.a29fe696b76bd9abe32e3fdd10852610,vest_ext,vest_ext:pos_2006,0,1,0,d8e3977155ebd03246ff1639f8384a4b119f5013
vestboost_train_01289_jhboyo_train_01289_pos_2007_jpg.rf.6293733a0d71396219d26e2a34acd1e2.jpg,vestboost_train_01289_jhboyo_train_01289_pos_2007_jpg.rf.6293733a0d71396219d26e2a34acd1e2,vest_ext,vest_ext:pos_2007,0,1,0,46dc0d08e3312e16269e24c4355e0231d396e0a6
vestboost_train_01290_jhboyo_train_01290_pos_2008_jpg.rf.e748dcb50843b8c9282e61019c1e25c4.jpg,vestboost_train_01290_jhboyo_train_01290_pos_2008_jpg.rf.e748dcb50843b8c9282e61019c1e25c4,vest_ext,vest_ext:pos_2008,0,1,0,37b033c86fd19a7bf412c8b016319fc452482131
vestboost_train_01291_jhboyo_train_01291_pos_2009_jpg.rf.4194edc1aab3e1fe32b6b1fca2f86402.jpg,vestboost_train_01291_jhboyo_train_01291_pos_2009_jpg.rf.4194edc1aab3e1fe32b6b1fca2f86402,vest_ext,vest_ext:pos_2009,0,2,0,538d6d9306bc445f04c2239b7dfad5aa11ce924c
vestboost_train_01292_jhboyo_train_01292_pos_2011_jpg.rf.3813477e269e530f515fd0bc7ff2c678.jpg,vestboost_train_01292_jhboyo_train_01292_pos_2011_jpg.rf.3813477e269e530f515fd0bc7ff2c678,vest_ext,vest_ext:pos_2011,0,1,0,3bc8b8a225cfb71906b941cf05477f5babcc4f45
vestboost_train_01293_jhboyo_train_01293_pos_2012_jpg.rf.49e0bc1d58e19fc7fde13ddead49293b.jpg,vestboost_train_01293_jhboyo_train_01293_pos_2012_jpg.rf.49e0bc1d58e19fc7fde13ddead49293b,vest_ext,vest_ext:pos_2012,0,2,0,bb4cbe63ac9dfac9b69b10461cbdfe603d035756
vestboost_train_01294_jhboyo_train_01294_pos_2013_jpg.rf.a54cecfef668c5f4b060867a3a848c41.jpg,vestboost_train_01294_jhboyo_train_01294_pos_2013_jpg.rf.a54cecfef668c5f4b060867a3a848c41,vest_ext,vest_ext:pos_2013,0,2,0,a75fb2552d9d95862e6373cd6a143656a9b9771f
vestboost_train_01295_jhboyo_train_01295_pos_2015_jpg.rf.b751e89f02e85c3283651c88fcc5e2be.jpg,vestboost_train_01295_jhboyo_train_01295_pos_2015_jpg.rf.b751e89f02e85c3283651c88fcc5e2be,vest_ext,vest_ext:pos_2015,0,2,0,400241ec40358d14747599897a80146333d4ec5b
vestboost_train_01296_jhboyo_train_01296_pos_2016_jpg.rf.906a1763ca16bbc2bd947eaea988d94f.jpg,vestboost_train_01296_jhboyo_train_01296_pos_2016_jpg.rf.906a1763ca16bbc2bd947eaea988d94f,vest_ext,vest_ext:pos_2016,0,2,0,c3b494faf6a706bc0818cc43be26bae0365aaded
vestboost_train_01297_jhboyo_train_01297_pos_2017_jpg.rf.f3910ec6040fc3872e4376183bdac8db.jpg,vestboost_train_01297_jhboyo_train_01297_pos_2017_jpg.rf.f3910ec6040fc3872e4376183bdac8db,vest_ext,vest_ext:pos_2017,0,1,0,8e4c55b5a02d99d1d8fff765aa23a1e59d32e5b6
vestboost_train_01298_jhboyo_train_01298_pos_2019_jpg.rf.aedb5f528c855189863fc7434dbd3d0d.jpg,vestboost_train_01298_jhboyo_train_01298_pos_2019_jpg.rf.aedb5f528c855189863fc7434dbd3d0d,vest_ext,vest_ext:pos_2019,0,1,0,4146e4225bccfc7e853297df2a5c7d7a7595b14b
vestboost_train_01299_jhboyo_train_01299_pos_201_jpg.rf.e9c9b3a7601eb004886c8322b4b1f649.jpg,vestboost_train_01299_jhboyo_train_01299_pos_201_jpg.rf.e9c9b3a7601eb004886c8322b4b1f649,vest_ext,vest_ext:pos_201,0,1,0,591b1efbb6ce562529edbe33de2492f52cbe4cd3
vestboost_train_01300_jhboyo_train_01300_pos_2020_jpg.rf.3062ba6cadf340bd8c313d848b989038.jpg,vestboost_train_01300_jhboyo_train_01300_pos_2020_jpg.rf.3062ba6cadf340bd8c313d848b989038,vest_ext,vest_ext:pos_2020,0,1,0,3a4fec7c8eea8d267d79c47dac3c1649e9212af0
vestboost_train_01301_jhboyo_train_01301_pos_2022_jpg.rf.52efb77f9a4c1b5fdb6282709918f308.jpg,vestboost_train_01301_jhboyo_train_01301_pos_2022_jpg.rf.52efb77f9a4c1b5fdb6282709918f308,vest_ext,vest_ext:pos_2022,0,1,0,6287d508a0ce8e6ac6f1e4bf79afa60da77b69e0
vestboost_train_01302_jhboyo_train_01302_pos_2023_jpg.rf.0f1fc2624f655d2f2700be4836786b71.jpg,vestboost_train_01302_jhboyo_train_01302_pos_2023_jpg.rf.0f1fc2624f655d2f2700be4836786b71,vest_ext,vest_ext:pos_2023,0,1,0,4fd101ec7d9efebaa8b2a30c92b1847826cf4bd1
vestboost_train_01303_jhboyo_train_01303_pos_2025_jpg.rf.029209d45a30d0bf6476c67c08d64af0.jpg,vestboost_train_01303_jhboyo_train_01303_pos_2025_jpg.rf.029209d45a30d0bf6476c67c08d64af0,vest_ext,vest_ext:pos_2025,0,1,0,389d2143200587b168c8cebb57e7f1f956264558
vestboost_train_01304_jhboyo_train_01304_pos_2027_jpg.rf.2a97becb24f75a49108264b77ba07576.jpg,vestboost_train_01304_jhboyo_train_01304_pos_2027_jpg.rf.2a97becb24f75a49108264b77ba07576,vest_ext,vest_ext:pos_2027,0,1,0,602ac6b608785eaa0bb5d416e5a3a8814bf1f87f
vestboost_train_01305_jhboyo_train_01305_pos_2028_jpg.rf.3b7eb76295f3f2bf7f311be7de6efb81.jpg,vestboost_train_01305_jhboyo_train_01305_pos_2028_jpg.rf.3b7eb76295f3f2bf7f311be7de6efb81,vest_ext,vest_ext:pos_2028,0,1,0,eaa89cddd36fcbb332e0e345a82be2a8332d1dc7
vestboost_train_01306_jhboyo_train_01306_pos_2029_jpg.rf.0790f61d063f3e5b0c9bbbe3fdf44a36.jpg,vestboost_train_01306_jhboyo_train_01306_pos_2029_jpg.rf.0790f61d063f3e5b0c9bbbe3fdf44a36,vest_ext,vest_ext:pos_2029,0,1,0,af9002917f7ff9679c3b0261a24cb84393871a4e
vestboost_train_01307_jhboyo_train_01307_pos_202_jpg.rf.1083fe37679fb14333fefa4ffde8cd77.jpg,vestboost_train_01307_jhboyo_train_01307_pos_202_jpg.rf.1083fe37679fb14333fefa4ffde8cd77,vest_ext,vest_ext:pos_202,0,1,0,3778fe8600d963df58d902f32e6441890ade516c
vestboost_train_01308_jhboyo_train_01308_pos_2030_jpg.rf.eaa0c2096ac6f48f765e484e105e4528.jpg,vestboost_train_01308_jhboyo_train_01308_pos_2030_jpg.rf.eaa0c2096ac6f48f765e484e105e4528,vest_ext,vest_ext:pos_2030,0,1,0,8c59071bf800ad0c34f8064af6172db622a4b621
vestboost_train_01309_jhboyo_train_01309_pos_2031_jpg.rf.a71e64b842f67fa64fff770855e18ffb.jpg,vestboost_train_01309_jhboyo_train_01309_pos_2031_jpg.rf.a71e64b842f67fa64fff770855e18ffb,vest_ext,vest_ext:pos_2031,0,2,0,0594122848a53d07a3918aa13b64d44568fe80bc
vestboost_train_01310_jhboyo_train_01310_pos_2034_jpg.rf.5a421c955af25baefc4e2c31b3351012.jpg,vestboost_train_01310_jhboyo_train_01310_pos_2034_jpg.rf.5a421c955af25baefc4e2c31b3351012,vest_ext,vest_ext:pos_2034,0,1,0,70308317ab3b6b4f9b4c958bbcabfddcd7c2d86b
vestboost_train_01311_jhboyo_train_01311_pos_2037_jpg.rf.31a860ffd3e55349a3c3bf1ba63272ce.jpg,vestboost_train_01311_jhboyo_train_01311_pos_2037_jpg.rf.31a860ffd3e55349a3c3bf1ba63272ce,vest_ext,vest_ext:pos_2037,0,1,0,2d0f5660dd168b4f16c72a0bf5ae965bb9f32341
vestboost_train_01312_jhboyo_train_01312_pos_2038_jpg.rf.74cc438a9b13e18f5950fccc72d0d4ae.jpg,vestboost_train_01312_jhboyo_train_01312_pos_2038_jpg.rf.74cc438a9b13e18f5950fccc72d0d4ae,vest_ext,vest_ext:pos_2038,0,1,0,830a4a66684d3e7616d554cd186556fd39d74cc0
vestboost_train_01313_jhboyo_train_01313_pos_2039_jpg.rf.c543479bc6e9740001f8d09dc7e330dd.jpg,vestboost_train_01313_jhboyo_train_01313_pos_2039_jpg.rf.c543479bc6e9740001f8d09dc7e330dd,vest_ext,vest_ext:pos_2039,0,1,0,866cf084d101ab26486b67c0de85554c63386956
vestboost_train_01314_jhboyo_train_01314_pos_2041_jpg.rf.51187d16db07473e4dc56eaefcdab7dc.jpg,vestboost_train_01314_jhboyo_train_01314_pos_2041_jpg.rf.51187d16db07473e4dc56eaefcdab7dc,vest_ext,vest_ext:pos_2041,0,1,0,270ab670533ad9777352a4cb7efdf4245c53de40
vestboost_train_01315_jhboyo_train_01315_pos_2042_jpg.rf.daa5dfef8d89503458bb9409376eb584.jpg,vestboost_train_01315_jhboyo_train_01315_pos_2042_jpg.rf.daa5dfef8d89503458bb9409376eb584,vest_ext,vest_ext:pos_2042,0,1,0,c682c344eb2583abdffccc580f1835bd5427c860
vestboost_train_01316_jhboyo_train_01316_pos_2044_jpg.rf.d6b88b05d81fd715a019a446f7d009d6.jpg,vestboost_train_01316_jhboyo_train_01316_pos_2044_jpg.rf.d6b88b05d81fd715a019a446f7d009d6,vest_ext,vest_ext:pos_2044,0,1,0,b9035b39d59607e778ea262cad52503ae9891f10
vestboost_train_01317_jhboyo_train_01317_pos_2045_jpg.rf.f5197c086a81aa534409a597bf795c94.jpg,vestboost_train_01317_jhboyo_train_01317_pos_2045_jpg.rf.f5197c086a81aa534409a597bf795c94,vest_ext,vest_ext:pos_2045,0,1,0,8fcc96cbe91cd4936f689049c6a5994235387519
vestboost_train_01318_jhboyo_train_01318_pos_2046_jpg.rf.d0707c6e32368cfcd582cfaf2e16ddfb.jpg,vestboost_train_01318_jhboyo_train_01318_pos_2046_jpg.rf.d0707c6e32368cfcd582cfaf2e16ddfb,vest_ext,vest_ext:pos_2046,0,2,0,ebdfc2b266d82d286b1e536d5f9c1dfc2be6a56c
vestboost_train_01319_jhboyo_train_01319_pos_2049_jpg.rf.3f79e108d96fd9f3f3bd8c2387ce4353.jpg,vestboost_train_01319_jhboyo_train_01319_pos_2049_jpg.rf.3f79e108d96fd9f3f3bd8c2387ce4353,vest_ext,vest_ext:pos_2049,0,1,0,ad83448ee32898550c52b4b5af8d089778f7db62
vestboost_train_01320_jhboyo_train_01320_pos_204_jpg.rf.e631a19a965285d5a46dec03b163b0f2.jpg,vestboost_train_01320_jhboyo_train_01320_pos_204_jpg.rf.e631a19a965285d5a46dec03b163b0f2,vest_ext,vest_ext:pos_204,0,2,0,598e81bbca0ffced19d890cfd09462703e197800
vestboost_train_01321_jhboyo_train_01321_pos_2050_jpg.rf.d8bcc376e202a938d8066f08fce5b324.jpg,vestboost_train_01321_jhboyo_train_01321_pos_2050_jpg.rf.d8bcc376e202a938d8066f08fce5b324,vest_ext,vest_ext:pos_2050,0,1,0,8ee3dc70445eaa4e4a44f9463b040125469b33c6
vestboost_train_01322_jhboyo_train_01322_pos_2052_jpg.rf.3dc3d80cde17bea1afd183e451d39d8f.jpg,vestboost_train_01322_jhboyo_train_01322_pos_2052_jpg.rf.3dc3d80cde17bea1afd183e451d39d8f,vest_ext,vest_ext:pos_2052,0,1,0,23d5337ac061990394a73aa02066d7e3c674c0f2
vestboost_train_01323_jhboyo_train_01323_pos_2053_jpg.rf.1ddd63ec6c1744570a3fc1dd7c3b72f9.jpg,vestboost_train_01323_jhboyo_train_01323_pos_2053_jpg.rf.1ddd63ec6c1744570a3fc1dd7c3b72f9,vest_ext,vest_ext:pos_2053,0,1,0,342f9603ec0852368be3bb1b061f2ed621032b86
vestboost_train_01324_jhboyo_train_01324_pos_2054_jpg.rf.b10903b4875d607cb4ff90c32abce6a6.jpg,vestboost_train_01324_jhboyo_train_01324_pos_2054_jpg.rf.b10903b4875d607cb4ff90c32abce6a6,vest_ext,vest_ext:pos_2054,0,1,0,c3645176d6732816f7a938e042ebd84a7c53faaf
vestboost_train_01325_jhboyo_train_01325_pos_2055_jpg.rf.6e842e22dc98af91428b50345da11ace.jpg,vestboost_train_01325_jhboyo_train_01325_pos_2055_jpg.rf.6e842e22dc98af91428b50345da11ace,vest_ext,vest_ext:pos_2055,0,1,0,1bbff99e96eb19d438dfac2be7c0a0e8daf70039
vestboost_train_01326_jhboyo_train_01326_pos_2056_jpg.rf.8414f07daee8b7a61c9266f52c2b68a6.jpg,vestboost_train_01326_jhboyo_train_01326_pos_2056_jpg.rf.8414f07daee8b7a61c9266f52c2b68a6,vest_ext,vest_ext:pos_2056,0,1,0,55b1b1e8857e1f23823c94394c21c6d44704fd52
vestboost_train_01327_jhboyo_train_01327_pos_2057_jpg.rf.e2a43ee9cf55784b33dba4706398b509.jpg,vestboost_train_01327_jhboyo_train_01327_pos_2057_jpg.rf.e2a43ee9cf55784b33dba4706398b509,vest_ext,vest_ext:pos_2057,0,2,0,65e68e33d0404c88a3c14e86eda71bfac2ccff25
vestboost_train_01328_jhboyo_train_01328_pos_2058_jpg.rf.2ab3b6e6fae2229cdbe79cddae551eaa.jpg,vestboost_train_01328_jhboyo_train_01328_pos_2058_jpg.rf.2ab3b6e6fae2229cdbe79cddae551eaa,vest_ext,vest_ext:pos_2058,0,1,0,90b57ccc70ff93e79ade939bd38ddc3b0756d073
vestboost_train_01329_jhboyo_train_01329_pos_2059_jpg.rf.b811dd85c53fba6770ec34c9360eb910.jpg,vestboost_train_01329_jhboyo_train_01329_pos_2059_jpg.rf.b811dd85c53fba6770ec34c9360eb910,vest_ext,vest_ext:pos_2059,0,1,0,2156d6bbe2229cc84209e9b4a510062eb4a2cb9a
vestboost_train_01330_jhboyo_train_01330_pos_2060_jpg.rf.51c342accf95db66373f931a705f9496.jpg,vestboost_train_01330_jhboyo_train_01330_pos_2060_jpg.rf.51c342accf95db66373f931a705f9496,vest_ext,vest_ext:pos_2060,0,1,0,27bcb24ee61e046c1248b917ff73fe68a1070273
vestboost_train_01331_jhboyo_train_01331_pos_2061_jpg.rf.43546980ae0016ad7f0df14da02a2788.jpg,vestboost_train_01331_jhboyo_train_01331_pos_2061_jpg.rf.43546980ae0016ad7f0df14da02a2788,vest_ext,vest_ext:pos_2061,0,1,0,fcbcea1560e52d4c60f8b7ed663d3e128febc64c
vestboost_train_01332_jhboyo_train_01332_pos_2062_jpg.rf.a6d4779c343b6ea3db85af79df24a6e2.jpg,vestboost_train_01332_jhboyo_train_01332_pos_2062_jpg.rf.a6d4779c343b6ea3db85af79df24a6e2,vest_ext,vest_ext:pos_2062,0,1,0,69d46f119bcc538f749a5ab11080ef18d1404f37
vestboost_train_01333_jhboyo_train_01333_pos_2063_jpg.rf.f286d65a4548e02c96cf3e2a82b82f83.jpg,vestboost_train_01333_jhboyo_train_01333_pos_2063_jpg.rf.f286d65a4548e02c96cf3e2a82b82f83,vest_ext,vest_ext:pos_2063,0,1,0,31e2d81a957eca3a4c3c4cb3fbb65d3b752ce264
vestboost_train_01334_jhboyo_train_01334_pos_2064_jpg.rf.244dd7eb490192b9a2b15dcb5e11dad6.jpg,vestboost_train_01334_jhboyo_train_01334_pos_2064_jpg.rf.244dd7eb490192b9a2b15dcb5e11dad6,vest_ext,vest_ext:pos_2064,0,1,0,3be84e93b43240d23791e13bd3f52f2f58e792f8
vestboost_train_01335_jhboyo_train_01335_pos_2065_jpg.rf.d604c331de405f3928dafdfb89c95a7f.jpg,vestboost_train_01335_jhboyo_train_01335_pos_2065_jpg.rf.d604c331de405f3928dafdfb89c95a7f,vest_ext,vest_ext:pos_2065,0,2,0,5f0999677acbc82ca4b958dd02fd7cca448f4d25
vestboost_train_01336_jhboyo_train_01336_pos_2066_jpg.rf.73688758fe50010bc7033787f90f90ca.jpg,vestboost_train_01336_jhboyo_train_01336_pos_2066_jpg.rf.73688758fe50010bc7033787f90f90ca,vest_ext,vest_ext:pos_2066,0,2,0,9844e1f5e78c912e0909a6b8e6b510041acca126
vestboost_train_01337_jhboyo_train_01337_pos_2070_jpg.rf.c5b13cb30f869003aeaf6e2e731c96df.jpg,vestboost_train_01337_jhboyo_train_01337_pos_2070_jpg.rf.c5b13cb30f869003aeaf6e2e731c96df,vest_ext,vest_ext:pos_2070,0,2,0,b50201e7185cb792aa30402bb1533a1c81c4ec64
vestboost_train_01338_jhboyo_train_01338_pos_2071_jpg.rf.7fc65d2ab617b155c854ae39aa60943a.jpg,vestboost_train_01338_jhboyo_train_01338_pos_2071_jpg.rf.7fc65d2ab617b155c854ae39aa60943a,vest_ext,vest_ext:pos_2071,0,1,0,21d8b3aecf6253db8e244d9ff5659b90c709dff2
vestboost_train_01339_jhboyo_train_01339_pos_2072_jpg.rf.135676246a0b9674ec1ad3b4e057c33f.jpg,vestboost_train_01339_jhboyo_train_01339_pos_2072_jpg.rf.135676246a0b9674ec1ad3b4e057c33f,vest_ext,vest_ext:pos_2072,0,1,0,4466edaf8b766dfb69dcb99bd44261e99fe216a3
vestboost_train_01340_jhboyo_train_01340_pos_2073_jpg.rf.919976acaa552b6ec59b868eae7c8846.jpg,vestboost_train_01340_jhboyo_train_01340_pos_2073_jpg.rf.919976acaa552b6ec59b868eae7c8846,vest_ext,vest_ext:pos_2073,0,1,0,c5341250edead40ecd13c918fb61572f56a92666
vestboost_train_01341_jhboyo_train_01341_pos_2074_jpg.rf.3ea140bd0337d38059b46dc4275d9c4c.jpg,vestboost_train_01341_jhboyo_train_01341_pos_2074_jpg.rf.3ea140bd0337d38059b46dc4275d9c4c,vest_ext,vest_ext:pos_2074,0,1,0,90d9997b06f35f691bf37a560c3b3799945ab650
vestboost_train_01342_jhboyo_train_01342_pos_2075_jpg.rf.c452043fb55a2093d48b8da630b63582.jpg,vestboost_train_01342_jhboyo_train_01342_pos_2075_jpg.rf.c452043fb55a2093d48b8da630b63582,vest_ext,vest_ext:pos_2075,0,1,0,de3a9cff8317a3c478d9d1c42fcb900d5994dbb4
vestboost_train_01343_jhboyo_train_01343_pos_2076_jpg.rf.6299c1a5471605e102184443bbc2c183.jpg,vestboost_train_01343_jhboyo_train_01343_pos_2076_jpg.rf.6299c1a5471605e102184443bbc2c183,vest_ext,vest_ext:pos_2076,0,1,0,d0c074300e8567c5477a1449c2dd808b27f45d28
vestboost_train_01344_jhboyo_train_01344_pos_2078_jpg.rf.96a7cc0341cf2431bf108a082b09e667.jpg,vestboost_train_01344_jhboyo_train_01344_pos_2078_jpg.rf.96a7cc0341cf2431bf108a082b09e667,vest_ext,vest_ext:pos_2078,0,1,0,2a85fc5c3de13be3242c6aec54d719da6bbf96ec
vestboost_train_01345_jhboyo_train_01345_pos_2079_jpg.rf.d010089c3daaf4550da8dff3a913f6d8.jpg,vestboost_train_01345_jhboyo_train_01345_pos_2079_jpg.rf.d010089c3daaf4550da8dff3a913f6d8,vest_ext,vest_ext:pos_2079,0,1,0,0842d07b62f72abad14f74118966c72b2a62d77c
vestboost_train_01346_jhboyo_train_01346_pos_207_jpg.rf.ec00c2a7e7c1a8f5240e7af1c7659ddc.jpg,vestboost_train_01346_jhboyo_train_01346_pos_207_jpg.rf.ec00c2a7e7c1a8f5240e7af1c7659ddc,vest_ext,vest_ext:pos_207,0,1,0,b9caf5343bb68122f8035e3abe0c9e926754798a
vestboost_train_01347_jhboyo_train_01347_pos_2080_jpg.rf.d7aa25f2bcb044b8665fb50df4e36abb.jpg,vestboost_train_01347_jhboyo_train_01347_pos_2080_jpg.rf.d7aa25f2bcb044b8665fb50df4e36abb,vest_ext,vest_ext:pos_2080,0,2,0,eeb41b190a4d930ab108d71fa367a3f28680a9ad
vestboost_train_01348_jhboyo_train_01348_pos_2081_jpg.rf.2896cf987f68c51e069a6ade8de9c96a.jpg,vestboost_train_01348_jhboyo_train_01348_pos_2081_jpg.rf.2896cf987f68c51e069a6ade8de9c96a,vest_ext,vest_ext:pos_2081,0,2,0,a4e81325e102a2b807ab92d13746074569abc161
vestboost_train_01349_jhboyo_train_01349_pos_2082_jpg.rf.4cf51a44e9e5f6cf969a311fe98da818.jpg,vestboost_train_01349_jhboyo_train_01349_pos_2082_jpg.rf.4cf51a44e9e5f6cf969a311fe98da818,vest_ext,vest_ext:pos_2082,0,2,0,6f751f706fc7984cfb059e4d9dc0837ec8dc0458
vestboost_train_01350_jhboyo_train_01350_pos_2086_jpg.rf.45a38c18ce2fffa9983d72ba2ff566ff.jpg,vestboost_train_01350_jhboyo_train_01350_pos_2086_jpg.rf.45a38c18ce2fffa9983d72ba2ff566ff,vest_ext,vest_ext:pos_2086,0,2,0,320334c809449beb81428aad6261ea5de97fe3f2
vestboost_train_01351_jhboyo_train_01351_pos_2087_jpg.rf.58edbdf6be618a6732f75a20ece2b6cc.jpg,vestboost_train_01351_jhboyo_train_01351_pos_2087_jpg.rf.58edbdf6be618a6732f75a20ece2b6cc,vest_ext,vest_ext:pos_2087,0,2,0,801ae9a7b4cb46511da44ca28b4254deea8cd635
vestboost_train_01352_jhboyo_train_01352_pos_2088_jpg.rf.95769ccb6cefae80165b4d7830939a2c.jpg,vestboost_train_01352_jhboyo_train_01352_pos_2088_jpg.rf.95769ccb6cefae80165b4d7830939a2c,vest_ext,vest_ext:pos_2088,0,2,0,5e4f9157c7d72dc8d7b7589770f1387d2d5fec52
vestboost_train_01353_jhboyo_train_01353_pos_2089_jpg.rf.060a95b29a0344f8cf54487c21d277b1.jpg,vestboost_train_01353_jhboyo_train_01353_pos_2089_jpg.rf.060a95b29a0344f8cf54487c21d277b1,vest_ext,vest_ext:pos_2089,0,2,0,efa775fdca48097f4d432caaf8a6e19e07f8a8ce
vestboost_train_01354_jhboyo_train_01354_pos_2090_jpg.rf.4553805f58d489bd23799a210b694932.jpg,vestboost_train_01354_jhboyo_train_01354_pos_2090_jpg.rf.4553805f58d489bd23799a210b694932,vest_ext,vest_ext:pos_2090,0,2,0,79a81df4bd95fd4e97967c49129563b2ed8f22da
vestboost_train_01355_jhboyo_train_01355_pos_2091_jpg.rf.d7d788ae621c0bddf9ba11451ec5c5b8.jpg,vestboost_train_01355_jhboyo_train_01355_pos_2091_jpg.rf.d7d788ae621c0bddf9ba11451ec5c5b8,vest_ext,vest_ext:pos_2091,0,2,0,e99b3928fa669d730701a2861a7e31c4584e6de7
vestboost_train_01356_jhboyo_train_01356_pos_2092_jpg.rf.ffcc659d9437f7253a2503587cde8e3a.jpg,vestboost_train_01356_jhboyo_train_01356_pos_2092_jpg.rf.ffcc659d9437f7253a2503587cde8e3a,vest_ext,vest_ext:pos_2092,0,2,0,5f84ad10318be0f7e943e136ceff2f8ac0aae5be
vestboost_train_01357_jhboyo_train_01357_pos_2093_jpg.rf.54963efb21f926e4415858c99b53c41f.jpg,vestboost_train_01357_jhboyo_train_01357_pos_2093_jpg.rf.54963efb21f926e4415858c99b53c41f,vest_ext,vest_ext:pos_2093,0,2,0,f79526a23d8cb9d23e8d589156e8d9ac52ca1ea4
vestboost_train_01358_jhboyo_train_01358_pos_2094_jpg.rf.814eda5cb8be9a419730f17fbd70d7f0.jpg,vestboost_train_01358_jhboyo_train_01358_pos_2094_jpg.rf.814eda5cb8be9a419730f17fbd70d7f0,vest_ext,vest_ext:pos_2094,0,2,0,86875e870480ce1f56e42be582bdb3721e5276b5
vestboost_train_01359_jhboyo_train_01359_pos_2099_jpg.rf.95bfb6ef63b6c77a5599d6e264e51983.jpg,vestboost_train_01359_jhboyo_train_01359_pos_2099_jpg.rf.95bfb6ef63b6c77a5599d6e264e51983,vest_ext,vest_ext:pos_2099,0,2,0,f65539693326adf7fa63a0d1a6c5a41139a6cebf
vestboost_train_01360_jhboyo_train_01360_pos_2101_jpg.rf.09bc45d94c63a8b8256b138ef1f886bb.jpg,vestboost_train_01360_jhboyo_train_01360_pos_2101_jpg.rf.09bc45d94c63a8b8256b138ef1f886bb,vest_ext,vest_ext:pos_2101,0,2,0,6986920958b57db0a4152514ba49284dd4a1e680
vestboost_train_01361_jhboyo_train_01361_pos_2102_jpg.rf.9ff6ad3f6e90a4cc26eb2647a9e6395b.jpg,vestboost_train_01361_jhboyo_train_01361_pos_2102_jpg.rf.9ff6ad3f6e90a4cc26eb2647a9e6395b,vest_ext,vest_ext:pos_2102,0,2,0,f3123e571e83f68f4bdbda5c266166e9019dd608
vestboost_train_01362_jhboyo_train_01362_pos_2107_jpg.rf.21a268c1120be7ffcf50e3e089313a23.jpg,vestboost_train_01362_jhboyo_train_01362_pos_2107_jpg.rf.21a268c1120be7ffcf50e3e089313a23,vest_ext,vest_ext:pos_2107,0,2,0,3776940fe1b541a5fc6cd14354ecbeb0a57c70da
vestboost_train_01363_jhboyo_train_01363_pos_2109_jpg.rf.ff496497bdc8e2fc280fd12a76be119e.jpg,vestboost_train_01363_jhboyo_train_01363_pos_2109_jpg.rf.ff496497bdc8e2fc280fd12a76be119e,vest_ext,vest_ext:pos_2109,0,2,0,a6276e781446fdeea8e54da655e4854944fb4fa8
vestboost_train_01364_jhboyo_train_01364_pos_210_jpg.rf.476d4dfd8b088fac24cedc71f74f322d.jpg,vestboost_train_01364_jhboyo_train_01364_pos_210_jpg.rf.476d4dfd8b088fac24cedc71f74f322d,vest_ext,vest_ext:pos_210,0,1,0,e08dc4ee96ea4762244b0260a158d5d71197b973
vestboost_train_01365_jhboyo_train_01365_pos_2113_jpg.rf.4d6e1e6d5e112c0a872bbbf00e8c6988.jpg,vestboost_train_01365_jhboyo_train_01365_pos_2113_jpg.rf.4d6e1e6d5e112c0a872bbbf00e8c6988,vest_ext,vest_ext:pos_2113,0,2,0,e0ffd5096c0e8b720a4c8d0e7735e098a84e7f7f
vestboost_train_01366_jhboyo_train_01366_pos_2119_jpg.rf.51ceb1f8aa52a51fa42ff65e84584aeb.jpg,vestboost_train_01366_jhboyo_train_01366_pos_2119_jpg.rf.51ceb1f8aa52a51fa42ff65e84584aeb,vest_ext,vest_ext:pos_2119,0,2,0,09487e93551f23e53182397d57da78ad2bee19a6
vestboost_train_01367_jhboyo_train_01367_pos_2120_jpg.rf.8f9251baa853db309931490240e968a9.jpg,vestboost_train_01367_jhboyo_train_01367_pos_2120_jpg.rf.8f9251baa853db309931490240e968a9,vest_ext,vest_ext:pos_2120,0,2,0,8eea621aff312320a9eb99924866914bab69c49d
vestboost_train_01368_jhboyo_train_01368_pos_2121_jpg.rf.15c74cfb8bf349fd075c34b722b57014.jpg,vestboost_train_01368_jhboyo_train_01368_pos_2121_jpg.rf.15c74cfb8bf349fd075c34b722b57014,vest_ext,vest_ext:pos_2121,0,2,0,2e479c20b0f1f5f6bf3ade74c3dcc0c10b5c9601
vestboost_train_01369_jhboyo_train_01369_pos_2122_jpg.rf.572b58181f80623ea787cff7700cc6c0.jpg,vestboost_train_01369_jhboyo_train_01369_pos_2122_jpg.rf.572b58181f80623ea787cff7700cc6c0,vest_ext,vest_ext:pos_2122,0,2,0,c6fefc4aef167cc91f03c2b2998232b0292082a7
vestboost_train_01370_jhboyo_train_01370_pos_2123_jpg.rf.c13e651c5df814dff46347b5ee25af72.jpg,vestboost_train_01370_jhboyo_train_01370_pos_2123_jpg.rf.c13e651c5df814dff46347b5ee25af72,vest_ext,vest_ext:pos_2123,0,2,0,26271c595c6f3d9e422681a3cf7cd4cacda4aadb
vestboost_train_01371_jhboyo_train_01371_pos_2124_jpg.rf.33d3fa8160ec3e1664797d4873dbe77d.jpg,vestboost_train_01371_jhboyo_train_01371_pos_2124_jpg.rf.33d3fa8160ec3e1664797d4873dbe77d,vest_ext,vest_ext:pos_2124,0,2,0,d5c3080c8b55624179c6c35a62b2d9ed612ef2fb
vestboost_train_01372_jhboyo_train_01372_pos_2125_jpg.rf.6dfdba4cbfda3ab9a9baaf4319a0de59.jpg,vestboost_train_01372_jhboyo_train_01372_pos_2125_jpg.rf.6dfdba4cbfda3ab9a9baaf4319a0de59,vest_ext,vest_ext:pos_2125,0,2,0,e7d23a5c6f814f8c44986ca7335a562e74ce00bb
vestboost_train_01373_jhboyo_train_01373_pos_2126_jpg.rf.7d8f5d9ca8fe995ac1059c152fc82d7d.jpg,vestboost_train_01373_jhboyo_train_01373_pos_2126_jpg.rf.7d8f5d9ca8fe995ac1059c152fc82d7d,vest_ext,vest_ext:pos_2126,0,2,0,ef8e250d5a9adce4ee4683b3c332ccf3d1b876fb
vestboost_train_01374_jhboyo_train_01374_pos_2127_jpg.rf.0a6a580bb2f8799cdb7a7b02215f63e0.jpg,vestboost_train_01374_jhboyo_train_01374_pos_2127_jpg.rf.0a6a580bb2f8799cdb7a7b02215f63e0,vest_ext,vest_ext:pos_2127,0,2,0,cf57321f6fbe552d9d46568daa350fdf11a0ae85
vestboost_train_01375_jhboyo_train_01375_pos_2128_jpg.rf.794a3d97206a77d48528bf79cdfc4a5e.jpg,vestboost_train_01375_jhboyo_train_01375_pos_2128_jpg.rf.794a3d97206a77d48528bf79cdfc4a5e,vest_ext,vest_ext:pos_2128,0,2,0,70114cac0e75ea0c4e130d108da7191f998541b9
vestboost_train_01376_jhboyo_train_01376_pos_2129_jpg.rf.1f57ac310522c3c53449efe0048e5327.jpg,vestboost_train_01376_jhboyo_train_01376_pos_2129_jpg.rf.1f57ac310522c3c53449efe0048e5327,vest_ext,vest_ext:pos_2129,0,2,0,32cc6c18f6973c16e978b62ef96dbec8147d5797
vestboost_train_01377_jhboyo_train_01377_pos_2130_jpg.rf.0a4dc4fbd5bf4abdd78a04f0fdd034b5.jpg,vestboost_train_01377_jhboyo_train_01377_pos_2130_jpg.rf.0a4dc4fbd5bf4abdd78a04f0fdd034b5,vest_ext,vest_ext:pos_2130,0,2,0,21ff5315fc0f78c920a5744938ae99d7ec5a26f1
vestboost_train_01378_jhboyo_train_01378_pos_2131_jpg.rf.2b6dc0f7f4bfd93aafc6cd1cd69a9bb4.jpg,vestboost_train_01378_jhboyo_train_01378_pos_2131_jpg.rf.2b6dc0f7f4bfd93aafc6cd1cd69a9bb4,vest_ext,vest_ext:pos_2131,0,2,0,2ee24f133d5d23807044eef7e2417218fbb3b77d
vestboost_train_01379_jhboyo_train_01379_pos_2132_jpg.rf.0b77ebb318b2ddd18d8e13afdd6db3db.jpg,vestboost_train_01379_jhboyo_train_01379_pos_2132_jpg.rf.0b77ebb318b2ddd18d8e13afdd6db3db,vest_ext,vest_ext:pos_2132,0,2,0,b14aa191f6729c29644d4acb52ca5aa8eda288bc
vestboost_train_01380_jhboyo_train_01380_pos_2134_jpg.rf.1d131c0a531f2991ad79f34155f8030e.jpg,vestboost_train_01380_jhboyo_train_01380_pos_2134_jpg.rf.1d131c0a531f2991ad79f34155f8030e,vest_ext,vest_ext:pos_2134,0,1,0,512a9b79aacbe5cff8bd9864f004fc00f182400a
vestboost_train_01381_jhboyo_train_01381_pos_2135_jpg.rf.fadc1714e6dee090dddb51ef289d8c5f.jpg,vestboost_train_01381_jhboyo_train_01381_pos_2135_jpg.rf.fadc1714e6dee090dddb51ef289d8c5f,vest_ext,vest_ext:pos_2135,0,2,0,e9f66c32308b2788c31db169bb4affe366a83cfb
vestboost_train_01382_jhboyo_train_01382_pos_2136_jpg.rf.5f0d03f41ba7338593b0030b27e8a001.jpg,vestboost_train_01382_jhboyo_train_01382_pos_2136_jpg.rf.5f0d03f41ba7338593b0030b27e8a001,vest_ext,vest_ext:pos_2136,0,2,0,c097e9febd9a82c48d66ad82fe7832358c76157b
vestboost_train_01383_jhboyo_train_01383_pos_2138_jpg.rf.81e3e52e53b8a79519fa498cde9a6011.jpg,vestboost_train_01383_jhboyo_train_01383_pos_2138_jpg.rf.81e3e52e53b8a79519fa498cde9a6011,vest_ext,vest_ext:pos_2138,0,1,0,a0f34495210d82ce4bbc36dff38047290c2ee4a9
vestboost_train_01384_jhboyo_train_01384_pos_2139_jpg.rf.079c38144ae48a9d75934399efadc0f2.jpg,vestboost_train_01384_jhboyo_train_01384_pos_2139_jpg.rf.079c38144ae48a9d75934399efadc0f2,vest_ext,vest_ext:pos_2139,0,1,0,b86d75015dec663d10bda1a1a3d81066b7a868cb
vestboost_train_01385_jhboyo_train_01385_pos_2141_jpg.rf.186350b032ab8b35edb42289e0ff64ef.jpg,vestboost_train_01385_jhboyo_train_01385_pos_2141_jpg.rf.186350b032ab8b35edb42289e0ff64ef,vest_ext,vest_ext:pos_2141,0,1,0,2c643f94630e9095be0b3de345a2a875a22c64da
vestboost_train_01386_jhboyo_train_01386_pos_2142_jpg.rf.3c284a892d9e40a1f81ed80a133ff195.jpg,vestboost_train_01386_jhboyo_train_01386_pos_2142_jpg.rf.3c284a892d9e40a1f81ed80a133ff195,vest_ext,vest_ext:pos_2142,0,1,0,4e92eaed6d650c13849bfbe32df7e26621896015
vestboost_train_01387_jhboyo_train_01387_pos_2143_jpg.rf.c7888f82952d209a83468f1fc57e79e9.jpg,vestboost_train_01387_jhboyo_train_01387_pos_2143_jpg.rf.c7888f82952d209a83468f1fc57e79e9,vest_ext,vest_ext:pos_2143,0,2,0,f67874a78bfabaf5fafe59bd080911b287b3fde3
vestboost_train_01388_jhboyo_train_01388_pos_2144_jpg.rf.454dffc5933bcf60be10d8d60788020b.jpg,vestboost_train_01388_jhboyo_train_01388_pos_2144_jpg.rf.454dffc5933bcf60be10d8d60788020b,vest_ext,vest_ext:pos_2144,0,2,0,8841b38b2cde83e5a99848bd8fb65e3f74a24467
vestboost_train_01389_jhboyo_train_01389_pos_2145_jpg.rf.d5c57d275f2fc0e2ba0b8ae91393dcfb.jpg,vestboost_train_01389_jhboyo_train_01389_pos_2145_jpg.rf.d5c57d275f2fc0e2ba0b8ae91393dcfb,vest_ext,vest_ext:pos_2145,0,2,0,983065e1710f02ba2127a0062c1e331ada50a8de
vestboost_train_01390_jhboyo_train_01390_pos_2146_jpg.rf.2302d291596aad64fae5550e41fc6059.jpg,vestboost_train_01390_jhboyo_train_01390_pos_2146_jpg.rf.2302d291596aad64fae5550e41fc6059,vest_ext,vest_ext:pos_2146,0,1,0,a567a94877a86e31fd4165a85f9bf7bd7e52c02a
vestboost_train_01391_jhboyo_train_01391_pos_2148_jpg.rf.89ed6b5b8f42f44e524c664252258bde.jpg,vestboost_train_01391_jhboyo_train_01391_pos_2148_jpg.rf.89ed6b5b8f42f44e524c664252258bde,vest_ext,vest_ext:pos_2148,0,2,0,cae418e068fe85d89151257319b2fbdb54856e0a
vestboost_train_01392_jhboyo_train_01392_pos_2149_jpg.rf.7d33709ac934743e264b923d5e9414f1.jpg,vestboost_train_01392_jhboyo_train_01392_pos_2149_jpg.rf.7d33709ac934743e264b923d5e9414f1,vest_ext,vest_ext:pos_2149,0,1,0,38f470d205573eb11032a38a86d24e4e56ba1f64
vestboost_train_01393_jhboyo_train_01393_pos_214_jpg.rf.edc4dc956705bccb31485008f0e1f53c.jpg,vestboost_train_01393_jhboyo_train_01393_pos_214_jpg.rf.edc4dc956705bccb31485008f0e1f53c,vest_ext,vest_ext:pos_214,0,4,0,51d9192a52152c4a0ad87e09e8aab08c85458d78
vestboost_train_01394_jhboyo_train_01394_pos_2150_jpg.rf.d7a6cae77446c3e8e1c10ae8da508421.jpg,vestboost_train_01394_jhboyo_train_01394_pos_2150_jpg.rf.d7a6cae77446c3e8e1c10ae8da508421,vest_ext,vest_ext:pos_2150,0,1,0,d496131f8fccaf7c3fb8c90237561d62f1037b86
vestboost_train_01395_jhboyo_train_01395_pos_2152_jpg.rf.8ea7523faa18e5981f2d8702cfd9c1bb.jpg,vestboost_train_01395_jhboyo_train_01395_pos_2152_jpg.rf.8ea7523faa18e5981f2d8702cfd9c1bb,vest_ext,vest_ext:pos_2152,0,1,0,c6c3de0fc3460ea8add13a1b10c3b524a0e48100
vestboost_train_01396_jhboyo_train_01396_pos_2154_jpg.rf.c3e9495d959ad520b04073ce8218befa.jpg,vestboost_train_01396_jhboyo_train_01396_pos_2154_jpg.rf.c3e9495d959ad520b04073ce8218befa,vest_ext,vest_ext:pos_2154,0,1,0,802c0f64f6fc4b56592a42b02fcf36d3fe4bd580
vestboost_train_01397_jhboyo_train_01397_pos_2156_jpg.rf.dbbc1b0a3f342acdeb51d86e1c5ac4cb.jpg,vestboost_train_01397_jhboyo_train_01397_pos_2156_jpg.rf.dbbc1b0a3f342acdeb51d86e1c5ac4cb,vest_ext,vest_ext:pos_2156,0,1,0,81fa5a89177313ee75c61c860c47303ca50c5e23
vestboost_train_01398_jhboyo_train_01398_pos_2157_jpg.rf.3ba8acafa0cbb67c770228daaad65b52.jpg,vestboost_train_01398_jhboyo_train_01398_pos_2157_jpg.rf.3ba8acafa0cbb67c770228daaad65b52,vest_ext,vest_ext:pos_2157,0,1,0,cf9633bf4fc6368bb393289e6024085214e66874
vestboost_train_01399_jhboyo_train_01399_pos_2158_jpg.rf.6dc2c6e0503638e5c61149038feee54a.jpg,vestboost_train_01399_jhboyo_train_01399_pos_2158_jpg.rf.6dc2c6e0503638e5c61149038feee54a,vest_ext,vest_ext:pos_2158,0,1,0,4b5787da08965c9f37370614f9df9ef593b0b15e
vestboost_train_01400_jhboyo_train_01400_pos_2159_jpg.rf.25d8a10d96e7d2900f9abcc8002af331.jpg,vestboost_train_01400_jhboyo_train_01400_pos_2159_jpg.rf.25d8a10d96e7d2900f9abcc8002af331,vest_ext,vest_ext:pos_2159,0,1,0,719c5183de082f26a0f70f57ac3d0a3946a03413
vestboost_train_01401_jhboyo_train_01401_pos_2160_jpg.rf.5a003819244210dc28ec9fcf12945483.jpg,vestboost_train_01401_jhboyo_train_01401_pos_2160_jpg.rf.5a003819244210dc28ec9fcf12945483,vest_ext,vest_ext:pos_2160,0,1,0,fa3f14de87b729a7158e7ed203727fc6b550dacd
vestboost_train_01402_jhboyo_train_01402_pos_2161_jpg.rf.694f1d1b4644e747d4bd6de48273ac79.jpg,vestboost_train_01402_jhboyo_train_01402_pos_2161_jpg.rf.694f1d1b4644e747d4bd6de48273ac79,vest_ext,vest_ext:pos_2161,0,1,0,84c2efa81ac128d775c4c22c3d4f3e0531a02667
vestboost_train_01403_jhboyo_train_01403_pos_2162_jpg.rf.3d6ce212e5a97b1204a86419d780c1c1.jpg,vestboost_train_01403_jhboyo_train_01403_pos_2162_jpg.rf.3d6ce212e5a97b1204a86419d780c1c1,vest_ext,vest_ext:pos_2162,0,1,0,2fbb2f0e965a535315affd196618b6e886572090
vestboost_train_01404_jhboyo_train_01404_pos_2163_jpg.rf.cb3ac9cfc6e21528debd3fefd758c1ab.jpg,vestboost_train_01404_jhboyo_train_01404_pos_2163_jpg.rf.cb3ac9cfc6e21528debd3fefd758c1ab,vest_ext,vest_ext:pos_2163,0,1,0,4641f6f767f3603005bedb91d0b1c251ebb6b252
vestboost_train_01405_jhboyo_train_01405_pos_2164_jpg.rf.ab4d97169162847a179f093f2c74ae01.jpg,vestboost_train_01405_jhboyo_train_01405_pos_2164_jpg.rf.ab4d97169162847a179f093f2c74ae01,vest_ext,vest_ext:pos_2164,0,1,0,4a18cb73aecb75ded4ff1a9e8b8c141013f8b855
vestboost_train_01406_jhboyo_train_01406_pos_2167_jpg.rf.ee4ae463ddf5eac9d79e3d71cd6e3892.jpg,vestboost_train_01406_jhboyo_train_01406_pos_2167_jpg.rf.ee4ae463ddf5eac9d79e3d71cd6e3892,vest_ext,vest_ext:pos_2167,0,1,0,3b005bad4ef8f487bf892b444bc0759924c46477
vestboost_train_01407_jhboyo_train_01407_pos_2168_jpg.rf.cd09d7c3aee2a8c15022b7c81cb2aac3.jpg,vestboost_train_01407_jhboyo_train_01407_pos_2168_jpg.rf.cd09d7c3aee2a8c15022b7c81cb2aac3,vest_ext,vest_ext:pos_2168,0,1,0,6470e5054226a67e8d9c2e38a420b72b379e86ef
vestboost_train_01408_jhboyo_train_01408_pos_2169_jpg.rf.fe71890189b017f965cba26bf7b064ac.jpg,vestboost_train_01408_jhboyo_train_01408_pos_2169_jpg.rf.fe71890189b017f965cba26bf7b064ac,vest_ext,vest_ext:pos_2169,0,1,0,59540e07f37a7a43118c2c9a2638dec2b006277b
vestboost_train_01409_jhboyo_train_01409_pos_2171_jpg.rf.56c464aa4bdd89df9c245eefc2fd2e3f.jpg,vestboost_train_01409_jhboyo_train_01409_pos_2171_jpg.rf.56c464aa4bdd89df9c245eefc2fd2e3f,vest_ext,vest_ext:pos_2171,0,1,0,47ee892c52ce0dd5bd9e8d033c510ef6af8d7d41
vestboost_train_01410_jhboyo_train_01410_pos_2172_jpg.rf.82e8ddff9d5a83f0628a75c0d09cca45.jpg,vestboost_train_01410_jhboyo_train_01410_pos_2172_jpg.rf.82e8ddff9d5a83f0628a75c0d09cca45,vest_ext,vest_ext:pos_2172,0,1,0,4520865028a22e95aeb56875013894600148c746
vestboost_train_01411_jhboyo_train_01411_pos_2174_jpg.rf.e3471156b4a103805373f7474c0f996f.jpg,vestboost_train_01411_jhboyo_train_01411_pos_2174_jpg.rf.e3471156b4a103805373f7474c0f996f,vest_ext,vest_ext:pos_2174,0,2,0,e3576eb76e6fb40829dc1785864132c11713c022
vestboost_train_01412_jhboyo_train_01412_pos_2175_jpg.rf.1c91ee3bde66e6c9e5ae7426bc4cabbb.jpg,vestboost_train_01412_jhboyo_train_01412_pos_2175_jpg.rf.1c91ee3bde66e6c9e5ae7426bc4cabbb,vest_ext,vest_ext:pos_2175,0,2,0,4490cfb6d94525d43d0f324733ac97beda76dfc2
vestboost_train_01413_jhboyo_train_01413_pos_2177_jpg.rf.0905ae136878cd4ff71d83eec2a627f6.jpg,vestboost_train_01413_jhboyo_train_01413_pos_2177_jpg.rf.0905ae136878cd4ff71d83eec2a627f6,vest_ext,vest_ext:pos_2177,0,2,0,c2ed1ceba379e18352e1493800aa514e20121630
vestboost_train_01414_jhboyo_train_01414_pos_2178_jpg.rf.adf81ac8740d014410d8609c20e66fbd.jpg,vestboost_train_01414_jhboyo_train_01414_pos_2178_jpg.rf.adf81ac8740d014410d8609c20e66fbd,vest_ext,vest_ext:pos_2178,0,1,0,e1325f63c7df738b086d5e56c3de368fbbec9ccd
vestboost_train_01415_jhboyo_train_01415_pos_2179_jpg.rf.65e48beb6a6d0a29e84f85a8f1332b8f.jpg,vestboost_train_01415_jhboyo_train_01415_pos_2179_jpg.rf.65e48beb6a6d0a29e84f85a8f1332b8f,vest_ext,vest_ext:pos_2179,0,1,0,dcfab22b1fded24e99cfa340a5cd85030dee7e0c
vestboost_train_01416_jhboyo_train_01416_pos_2180_jpg.rf.b584c214d598a81176ee5d2928dd5c64.jpg,vestboost_train_01416_jhboyo_train_01416_pos_2180_jpg.rf.b584c214d598a81176ee5d2928dd5c64,vest_ext,vest_ext:pos_2180,0,2,0,0eb556108990dd96512d04bb08da52d60425a1a8
vestboost_train_01417_jhboyo_train_01417_pos_2181_jpg.rf.8001c31dc9a9e92368d7cb47026caf55.jpg,vestboost_train_01417_jhboyo_train_01417_pos_2181_jpg.rf.8001c31dc9a9e92368d7cb47026caf55,vest_ext,vest_ext:pos_2181,0,1,0,9de917b8791df6bd17ce714a49ac04d74ef55aeb
vestboost_train_01418_jhboyo_train_01418_pos_2183_jpg.rf.f6ee3a59f42eb0c9d852941550711a3f.jpg,vestboost_train_01418_jhboyo_train_01418_pos_2183_jpg.rf.f6ee3a59f42eb0c9d852941550711a3f,vest_ext,vest_ext:pos_2183,0,2,0,484ccf47e567fbc293d37365c82edcef6e51b31f
vestboost_train_01419_jhboyo_train_01419_pos_2184_jpg.rf.3e68e6dbd2cf28d6fbec3472fd158ba4.jpg,vestboost_train_01419_jhboyo_train_01419_pos_2184_jpg.rf.3e68e6dbd2cf28d6fbec3472fd158ba4,vest_ext,vest_ext:pos_2184,0,2,0,bc9c416a8024e6b9c59ab2441fa3b1d37e65333b
vestboost_train_01420_jhboyo_train_01420_pos_2185_jpg.rf.4158f97d4f540a8157008f95f921f9b8.jpg,vestboost_train_01420_jhboyo_train_01420_pos_2185_jpg.rf.4158f97d4f540a8157008f95f921f9b8,vest_ext,vest_ext:pos_2185,0,2,0,bd6713e53ed80e01d8e35bd910eb58b83994bdec
vestboost_train_01421_jhboyo_train_01421_pos_2186_jpg.rf.c8c5fbc890898c8c758f5102ea5631eb.jpg,vestboost_train_01421_jhboyo_train_01421_pos_2186_jpg.rf.c8c5fbc890898c8c758f5102ea5631eb,vest_ext,vest_ext:pos_2186,0,2,0,c41617ea369b4eacb1d9fbd5bdc9d57674eefd02
vestboost_train_01422_jhboyo_train_01422_pos_227_jpg.rf.4cf06f2a3b98f85afa32e38d85d86aa9.jpg,vestboost_train_01422_jhboyo_train_01422_pos_227_jpg.rf.4cf06f2a3b98f85afa32e38d85d86aa9,vest_ext,vest_ext:pos_227,0,1,0,3854f6e27a8af7929556f71d9fe77e7f5c1bed0a
vestboost_train_01423_jhboyo_train_01423_pos_228_jpg.rf.95eb6d080d371510d53a5cf1fd64df73.jpg,vestboost_train_01423_jhboyo_train_01423_pos_228_jpg.rf.95eb6d080d371510d53a5cf1fd64df73,vest_ext,vest_ext:pos_228,0,2,0,4e43770e49e21cd70e5eeb8659ce96ca7d5818d7
vestboost_train_01424_jhboyo_train_01424_pos_231_jpg.rf.2c33bcc72965db08be15982803d74c31.jpg,vestboost_train_01424_jhboyo_train_01424_pos_231_jpg.rf.2c33bcc72965db08be15982803d74c31,vest_ext,vest_ext:pos_231,0,1,0,a7fe269bbccef2d884a7a64e99e860af7a8136e8
vestboost_train_01425_jhboyo_train_01425_pos_234_jpg.rf.4bf3501c8e6c47cae3925435acaaada8.jpg,vestboost_train_01425_jhboyo_train_01425_pos_234_jpg.rf.4bf3501c8e6c47cae3925435acaaada8,vest_ext,vest_ext:pos_234,0,1,0,a1718ab5a891d48b79918327fc835aab0819482b
vestboost_train_01426_jhboyo_train_01426_pos_236_jpg.rf.e300957846fec9fdcefcb61efdc16974.jpg,vestboost_train_01426_jhboyo_train_01426_pos_236_jpg.rf.e300957846fec9fdcefcb61efdc16974,vest_ext,vest_ext:pos_236,0,1,0,916cd4fd39ead5456c8ebd1d3f4d7a51323e2db0
vestboost_train_01427_jhboyo_train_01427_pos_241_jpg.rf.0b6993e6c0510f0d22f5a314e797e874.jpg,vestboost_train_01427_jhboyo_train_01427_pos_241_jpg.rf.0b6993e6c0510f0d22f5a314e797e874,vest_ext,vest_ext:pos_241,0,2,0,be16882a0bf445477d732ab5849086dc4a14af70
vestboost_train_01428_jhboyo_train_01428_pos_246_jpg.rf.de03cf65d2bbc3526698fdf450157ee2.jpg,vestboost_train_01428_jhboyo_train_01428_pos_246_jpg.rf.de03cf65d2bbc3526698fdf450157ee2,vest_ext,vest_ext:pos_246,0,1,0,5f24c69481ca525c564b263f1de28da38e1ac244
vestboost_train_01429_jhboyo_train_01429_pos_253_jpg.rf.b34f0d4ed67bca54b9008d4c39e95053.jpg,vestboost_train_01429_jhboyo_train_01429_pos_253_jpg.rf.b34f0d4ed67bca54b9008d4c39e95053,vest_ext,vest_ext:pos_253,0,1,0,7a4b85078484fbe613ff0d9ea9c79c8bd6cd11b4
vestboost_train_01430_jhboyo_train_01430_pos_255_jpg.rf.b85d6493db1bf8c5391b62beede4a4a7.jpg,vestboost_train_01430_jhboyo_train_01430_pos_255_jpg.rf.b85d6493db1bf8c5391b62beede4a4a7,vest_ext,vest_ext:pos_255,0,1,0,81e1864b898d0971c38498b4cb270787c3f99877
vestboost_train_01431_jhboyo_train_01431_pos_257_jpg.rf.33c11a68cb55fd1aca1fdbbbf18c506d.jpg,vestboost_train_01431_jhboyo_train_01431_pos_257_jpg.rf.33c11a68cb55fd1aca1fdbbbf18c506d,vest_ext,vest_ext:pos_257,0,1,0,9c23b781be35ef6d1872fc7ef210c0509f470ec0
vestboost_train_01432_jhboyo_train_01432_pos_261_jpg.rf.5e1cbe64966e55b027ed74ba84d43583.jpg,vestboost_train_01432_jhboyo_train_01432_pos_261_jpg.rf.5e1cbe64966e55b027ed74ba84d43583,vest_ext,vest_ext:pos_261,0,1,0,4a8a089b3564918388e17f2b014776be1cce3d8b
vestboost_train_01433_jhboyo_train_01433_pos_262_jpg.rf.e1f8c36fd0eed96df768e67ec9f718a0.jpg,vestboost_train_01433_jhboyo_train_01433_pos_262_jpg.rf.e1f8c36fd0eed96df768e67ec9f718a0,vest_ext,vest_ext:pos_262,0,1,0,cc79aa3c66b878d677cff67cf55a11785647f952
vestboost_train_01434_jhboyo_train_01434_pos_264_jpg.rf.a258153d3a30ed73a44e229ce25c91d7.jpg,vestboost_train_01434_jhboyo_train_01434_pos_264_jpg.rf.a258153d3a30ed73a44e229ce25c91d7,vest_ext,vest_ext:pos_264,0,1,0,902d6a9a73fd99040cb5e123aac90ce4debb56fe
vestboost_train_01435_jhboyo_train_01435_pos_266_jpg.rf.170a3a337812bb50b98f43e67e3ccfd2.jpg,vestboost_train_01435_jhboyo_train_01435_pos_266_jpg.rf.170a3a337812bb50b98f43e67e3ccfd2,vest_ext,vest_ext:pos_266,0,1,0,8fd089c0f0e5ff7529daebdfd0a55cbbf19e9096
vestboost_train_01436_jhboyo_train_01436_pos_268_jpg.rf.7b7afaf7a56563a88680c067d466955a.jpg,vestboost_train_01436_jhboyo_train_01436_pos_268_jpg.rf.7b7afaf7a56563a88680c067d466955a,vest_ext,vest_ext:pos_268,0,2,0,17ccd30f3537ff17767751bddbb9ca26656fe8fc
vestboost_train_01437_jhboyo_train_01437_pos_26_jpg.rf.12ae0a365513bd59d82090d3cb489575.jpg,vestboost_train_01437_jhboyo_train_01437_pos_26_jpg.rf.12ae0a365513bd59d82090d3cb489575,vest_ext,vest_ext:pos_26,0,2,0,307819d47ebc358c02689b7c8c2805ee9ad850f5
vestboost_train_01438_jhboyo_train_01438_pos_270_jpg.rf.ea88c7839c4d572ba3bc67122aee413d.jpg,vestboost_train_01438_jhboyo_train_01438_pos_270_jpg.rf.ea88c7839c4d572ba3bc67122aee413d,vest_ext,vest_ext:pos_270,0,1,0,d41be324ed4f7794c417fb41c96e576efac2a28b
vestboost_train_01439_jhboyo_train_01439_pos_271_jpg.rf.be344863a3f274e34dc9ad2130f94c84.jpg,vestboost_train_01439_jhboyo_train_01439_pos_271_jpg.rf.be344863a3f274e34dc9ad2130f94c84,vest_ext,vest_ext:pos_271,0,1,0,4a526e67fd63a6036898b77d7047a0654c07fd05
vestboost_train_01440_jhboyo_train_01440_pos_272_jpg.rf.6ffd22a6f275a636e5030c1d90de1ac0.jpg,vestboost_train_01440_jhboyo_train_01440_pos_272_jpg.rf.6ffd22a6f275a636e5030c1d90de1ac0,vest_ext,vest_ext:pos_272,0,1,0,896707b59212cc0ba958a1f6ab09b1cdecc4ccab
vestboost_train_01441_jhboyo_train_01441_pos_274_jpg.rf.ae21b5d63debe428ca11838b54888b5a.jpg,vestboost_train_01441_jhboyo_train_01441_pos_274_jpg.rf.ae21b5d63debe428ca11838b54888b5a,vest_ext,vest_ext:pos_274,0,2,0,0c3f3e939c0d5ae655b6db604bc08d38be5824a7
vestboost_train_01442_jhboyo_train_01442_pos_277_jpg.rf.d3add9a944da7d70f2983344106bfa0f.jpg,vestboost_train_01442_jhboyo_train_01442_pos_277_jpg.rf.d3add9a944da7d70f2983344106bfa0f,vest_ext,vest_ext:pos_277,0,1,0,d9ba3ccf7a744d55e56b28bfa1803c2582395fd8
vestboost_train_01443_jhboyo_train_01443_pos_27_jpg.rf.68d033deef8cee4d8f36986c6492fa04.jpg,vestboost_train_01443_jhboyo_train_01443_pos_27_jpg.rf.68d033deef8cee4d8f36986c6492fa04,vest_ext,vest_ext:pos_27,0,1,0,f3883f0c396247facb97c175db493909f2b91623
vestboost_train_01444_jhboyo_train_01444_pos_282_jpg.rf.ec4b733154ec722f33cc8baa86c6c0ba.jpg,vestboost_train_01444_jhboyo_train_01444_pos_282_jpg.rf.ec4b733154ec722f33cc8baa86c6c0ba,vest_ext,vest_ext:pos_282,0,2,0,95f354e96e64ed5c07cd1c23e12d5b6d33b1671c
vestboost_train_01445_jhboyo_train_01445_pos_288_jpg.rf.f01bc1dc5f463df159ce70f1419eeeea.jpg,vestboost_train_01445_jhboyo_train_01445_pos_288_jpg.rf.f01bc1dc5f463df159ce70f1419eeeea,vest_ext,vest_ext:pos_288,0,1,0,a65e64ec22d366a3ef0553de9c7417ccffa4f916
vestboost_train_01446_jhboyo_train_01446_pos_289_jpg.rf.1ebd64c8826dc4a18b490a7be876a6e8.jpg,vestboost_train_01446_jhboyo_train_01446_pos_289_jpg.rf.1ebd64c8826dc4a18b490a7be876a6e8,vest_ext,vest_ext:pos_289,0,2,0,b7295839d00e166cb670ba0dafc3aff51085dcf1
vestboost_train_01447_jhboyo_train_01447_pos_28_jpg.rf.d2bb1890baf70b06300a10667d121319.jpg,vestboost_train_01447_jhboyo_train_01447_pos_28_jpg.rf.d2bb1890baf70b06300a10667d121319,vest_ext,vest_ext:pos_28,0,3,0,2ab9cb5eecbbdd03d4de0713832c717bd98f6e9c
vestboost_train_01448_jhboyo_train_01448_pos_290_jpg.rf.2237e1af42e0b4d8147840d0234c6625.jpg,vestboost_train_01448_jhboyo_train_01448_pos_290_jpg.rf.2237e1af42e0b4d8147840d0234c6625,vest_ext,vest_ext:pos_290,0,1,0,5b1e7d3e7cdb8d3fc039de655709935ab437269d
vestboost_train_01449_jhboyo_train_01449_pos_292_jpg.rf.7674717787dc5a0caef8e02b0402f5c5.jpg,vestboost_train_01449_jhboyo_train_01449_pos_292_jpg.rf.7674717787dc5a0caef8e02b0402f5c5,vest_ext,vest_ext:pos_292,0,1,0,b4c441dad073d2caf3c22367ec54ba4d47da5acf
vestboost_train_01450_jhboyo_train_01450_pos_293_jpg.rf.1cc5f9ee4fe83c633328278381ae37b9.jpg,vestboost_train_01450_jhboyo_train_01450_pos_293_jpg.rf.1cc5f9ee4fe83c633328278381ae37b9,vest_ext,vest_ext:pos_293,0,1,0,7140f24e9da11340570604528b54dff6995c4f21
vestboost_train_01451_jhboyo_train_01451_pos_295_jpg.rf.d453b247de963ce096a324cce09b155a.jpg,vestboost_train_01451_jhboyo_train_01451_pos_295_jpg.rf.d453b247de963ce096a324cce09b155a,vest_ext,vest_ext:pos_295,0,1,0,4a62cc964a01acef23398a940b04c0b86762aab4
vestboost_train_01452_jhboyo_train_01452_pos_298_jpg.rf.37db14a3d3c2e91c0e959ebac3ae66bd.jpg,vestboost_train_01452_jhboyo_train_01452_pos_298_jpg.rf.37db14a3d3c2e91c0e959ebac3ae66bd,vest_ext,vest_ext:pos_298,0,1,0,01847530037711729988bbedb452f2e28cdce538
vestboost_train_01453_jhboyo_train_01453_pos_301_jpg.rf.81cf3cf0c9848d7a4bccdfafabbf11f2.jpg,vestboost_train_01453_jhboyo_train_01453_pos_301_jpg.rf.81cf3cf0c9848d7a4bccdfafabbf11f2,vest_ext,vest_ext:pos_301,0,1,0,f198f096e08be4ce7864c13be4adb727a6b636ce
vestboost_train_01454_jhboyo_train_01454_pos_305_jpg.rf.1467171ca7429172b9fbb1ae410a900b.jpg,vestboost_train_01454_jhboyo_train_01454_pos_305_jpg.rf.1467171ca7429172b9fbb1ae410a900b,vest_ext,vest_ext:pos_305,0,1,0,4b16ba75c5f65357423f9f27595853fff9be046c
vestboost_train_01455_jhboyo_train_01455_pos_307_jpg.rf.cc52710e6cd50066fb4e04fed5358530.jpg,vestboost_train_01455_jhboyo_train_01455_pos_307_jpg.rf.cc52710e6cd50066fb4e04fed5358530,vest_ext,vest_ext:pos_307,0,1,0,1db7e8052fde9c95f8a45f03a8e33b4796e60cfc
vestboost_train_01456_jhboyo_train_01456_pos_309_jpg.rf.7ffa81364453bb94c8ec1c66ef3d680b.jpg,vestboost_train_01456_jhboyo_train_01456_pos_309_jpg.rf.7ffa81364453bb94c8ec1c66ef3d680b,vest_ext,vest_ext:pos_309,0,1,0,c54f60329503b4a3f3616702665c2f547070d3dc
vestboost_train_01457_jhboyo_train_01457_pos_319_jpg.rf.377a444a9e5b39927df58ceec08fdec9.jpg,vestboost_train_01457_jhboyo_train_01457_pos_319_jpg.rf.377a444a9e5b39927df58ceec08fdec9,vest_ext,vest_ext:pos_319,0,1,0,081ce540011a7f9029bdad0e4e727e3d728a7c75
vestboost_train_01458_jhboyo_train_01458_pos_320_jpg.rf.7d428bf44779f8b43aa31e1098a398da.jpg,vestboost_train_01458_jhboyo_train_01458_pos_320_jpg.rf.7d428bf44779f8b43aa31e1098a398da,vest_ext,vest_ext:pos_320,0,1,0,4e38d7d0412e41761b67ca1bad6f93c98ee569f9
vestboost_train_01459_jhboyo_train_01459_pos_321_jpg.rf.793bc0356081930038c8c3c69074e78d.jpg,vestboost_train_01459_jhboyo_train_01459_pos_321_jpg.rf.793bc0356081930038c8c3c69074e78d,vest_ext,vest_ext:pos_321,0,1,0,f18268fdeab7bf1f90728f86e4e8ea3b7a78d0b7
vestboost_train_01460_jhboyo_train_01460_pos_322_jpg.rf.c891ca80dbcf7438ff3eeb9cc2ee79a1.jpg,vestboost_train_01460_jhboyo_train_01460_pos_322_jpg.rf.c891ca80dbcf7438ff3eeb9cc2ee79a1,vest_ext,vest_ext:pos_322,0,1,0,16ec8f20bffb52beab5ac5f32e2a748384ba8751
vestboost_train_01461_jhboyo_train_01461_pos_324_jpg.rf.21453b64920e7d622b6ef819c12487db.jpg,vestboost_train_01461_jhboyo_train_01461_pos_324_jpg.rf.21453b64920e7d622b6ef819c12487db,vest_ext,vest_ext:pos_324,0,1,0,3f568409e32dfc39c6f027293b22dff5c69b284d
vestboost_train_01462_jhboyo_train_01462_pos_32_jpg.rf.015348affcd02e71d4237c2a02452bd0.jpg,vestboost_train_01462_jhboyo_train_01462_pos_32_jpg.rf.015348affcd02e71d4237c2a02452bd0,vest_ext,vest_ext:pos_32,0,2,0,8b1ea5ea1c64638162c51d68a4c6a8b4ed5d8ba2
vestboost_train_01463_jhboyo_train_01463_pos_331_jpg.rf.4cd49394118a35568bea33d1b8368c26.jpg,vestboost_train_01463_jhboyo_train_01463_pos_331_jpg.rf.4cd49394118a35568bea33d1b8368c26,vest_ext,vest_ext:pos_331,0,1,0,bf7243e2a16ff66a5d4c86fbdcbf9fcc2380f75d
vestboost_train_01464_jhboyo_train_01464_pos_335_jpg.rf.a00b213e8dbd0656222f3070116c1f33.jpg,vestboost_train_01464_jhboyo_train_01464_pos_335_jpg.rf.a00b213e8dbd0656222f3070116c1f33,vest_ext,vest_ext:pos_335,0,1,0,f48b2213d130410f9909936e7431eecac2fef4b1
vestboost_train_01465_jhboyo_train_01465_pos_336_jpg.rf.b9b0b440ed2662c606652d9c8cbedcd8.jpg,vestboost_train_01465_jhboyo_train_01465_pos_336_jpg.rf.b9b0b440ed2662c606652d9c8cbedcd8,vest_ext,vest_ext:pos_336,0,1,0,d93b8b41188930c9f8065c3dc24434c599cef0af
vestboost_train_01466_jhboyo_train_01466_pos_338_jpg.rf.076d811ca4b0591757b6353ad278f506.jpg,vestboost_train_01466_jhboyo_train_01466_pos_338_jpg.rf.076d811ca4b0591757b6353ad278f506,vest_ext,vest_ext:pos_338,0,1,0,dd0d3d6f96baec45bdab60a2c1ca1077027f1650
vestboost_train_01467_jhboyo_train_01467_pos_339_jpg.rf.a1d9b089377156fb251458b36515a33e.jpg,vestboost_train_01467_jhboyo_train_01467_pos_339_jpg.rf.a1d9b089377156fb251458b36515a33e,vest_ext,vest_ext:pos_339,0,1,0,1431596db7bd9e8e982ff2b34b33d9c8fbbbd142
vestboost_train_01468_jhboyo_train_01468_pos_347_jpg.rf.ff171e8082255b88f7ec672cc3f8e825.jpg,vestboost_train_01468_jhboyo_train_01468_pos_347_jpg.rf.ff171e8082255b88f7ec672cc3f8e825,vest_ext,vest_ext:pos_347,0,2,0,9223cd84b38c905ba8fbf4906749ea098af8e1dd
vestboost_train_01469_jhboyo_train_01469_pos_349_jpg.rf.bbac545dd7f1e66771f9ac8269d2ad21.jpg,vestboost_train_01469_jhboyo_train_01469_pos_349_jpg.rf.bbac545dd7f1e66771f9ac8269d2ad21,vest_ext,vest_ext:pos_349,0,1,0,606eb6f3fc7131b56942e1981c77cb623b12f959
vestboost_train_01470_jhboyo_train_01470_pos_351_jpg.rf.fc9159e236b33bceaad99b5c43e0a31b.jpg,vestboost_train_01470_jhboyo_train_01470_pos_351_jpg.rf.fc9159e236b33bceaad99b5c43e0a31b,vest_ext,vest_ext:pos_351,0,1,0,38fc960984df25fb922dc220e79b0aac576996b4
vestboost_train_01471_jhboyo_train_01471_pos_352_jpg.rf.22a38533a3142031b5abd2ec7d43ae82.jpg,vestboost_train_01471_jhboyo_train_01471_pos_352_jpg.rf.22a38533a3142031b5abd2ec7d43ae82,vest_ext,vest_ext:pos_352,0,1,0,0e7600b80e49f5d2ff02cc89d021fe6d515ecd3d
vestboost_train_01472_jhboyo_train_01472_pos_354_jpg.rf.1c44c7342dd66b2b2ad226c28e239ed3.jpg,vestboost_train_01472_jhboyo_train_01472_pos_354_jpg.rf.1c44c7342dd66b2b2ad226c28e239ed3,vest_ext,vest_ext:pos_354,0,1,0,cda112b075449423dd6fe1a03ebdd56b2f386e6c
vestboost_train_01473_jhboyo_train_01473_pos_361_jpg.rf.6327bb1d0c0305f944ca941e7d2ee6ab.jpg,vestboost_train_01473_jhboyo_train_01473_pos_361_jpg.rf.6327bb1d0c0305f944ca941e7d2ee6ab,vest_ext,vest_ext:pos_361,0,3,0,e0fcdf08ae981a205fe5a6d462fce44daebdc156
vestboost_train_01474_jhboyo_train_01474_pos_362_jpg.rf.5cfaa9cfa2f99f8ecfff051efff01b8d.jpg,vestboost_train_01474_jhboyo_train_01474_pos_362_jpg.rf.5cfaa9cfa2f99f8ecfff051efff01b8d,vest_ext,vest_ext:pos_362,0,1,0,02248a49e04007a8da93a512e940b17d32aa48df
vestboost_train_01475_jhboyo_train_01475_pos_365_jpg.rf.c3a71d36c6e65ab538c5f10f19202827.jpg,vestboost_train_01475_jhboyo_train_01475_pos_365_jpg.rf.c3a71d36c6e65ab538c5f10f19202827,vest_ext,vest_ext:pos_365,0,4,0,2068e1e41337d715976a8dc95d28fc4e975def06
vestboost_train_01476_jhboyo_train_01476_pos_367_jpg.rf.fbbd636e79ea59975c37f6d4140903f3.jpg,vestboost_train_01476_jhboyo_train_01476_pos_367_jpg.rf.fbbd636e79ea59975c37f6d4140903f3,vest_ext,vest_ext:pos_367,0,1,0,80ef0be94b283473c3a9209c9a4c9df5737f8d36
vestboost_train_01477_jhboyo_train_01477_pos_369_jpg.rf.0375882a986aadb50e61c64bc994e962.jpg,vestboost_train_01477_jhboyo_train_01477_pos_369_jpg.rf.0375882a986aadb50e61c64bc994e962,vest_ext,vest_ext:pos_369,0,1,0,9a05894202665ed66dfafb773ca4fb7eec4aacc6
vestboost_train_01478_jhboyo_train_01478_pos_370_jpg.rf.98cb236a7028a65f0693e7d088a59ff1.jpg,vestboost_train_01478_jhboyo_train_01478_pos_370_jpg.rf.98cb236a7028a65f0693e7d088a59ff1,vest_ext,vest_ext:pos_370,0,1,0,ed376d7965d2887bbc3f81f0f99f2257a359a75e
vestboost_train_01479_jhboyo_train_01479_pos_375_jpg.rf.ef14fd7c9c4db84c9a49ba9e0a7a00aa.jpg,vestboost_train_01479_jhboyo_train_01479_pos_375_jpg.rf.ef14fd7c9c4db84c9a49ba9e0a7a00aa,vest_ext,vest_ext:pos_375,0,1,0,a6d8ca0f280749e473790fe0c45ef4a5c687507c
vestboost_train_01480_jhboyo_train_01480_pos_377_jpg.rf.df5efa1c22b556f64c77ef4531b879d2.jpg,vestboost_train_01480_jhboyo_train_01480_pos_377_jpg.rf.df5efa1c22b556f64c77ef4531b879d2,vest_ext,vest_ext:pos_377,0,2,0,ccaee2f8e4404b09b9e6e8a272af3f8e74c790fc
vestboost_train_01481_jhboyo_train_01481_pos_381_jpg.rf.998a30ca088e736b77997928d884368d.jpg,vestboost_train_01481_jhboyo_train_01481_pos_381_jpg.rf.998a30ca088e736b77997928d884368d,vest_ext,vest_ext:pos_381,0,1,0,d971005c6c3be938c29066000eac9ef085dac8e7
vestboost_train_01482_jhboyo_train_01482_pos_385_jpg.rf.10c8c361e56a029d531f2f57a52014be.jpg,vestboost_train_01482_jhboyo_train_01482_pos_385_jpg.rf.10c8c361e56a029d531f2f57a52014be,vest_ext,vest_ext:pos_385,0,2,0,49881f915d804a1d18f8fe52fd3cb37054dafdde
vestboost_train_01483_jhboyo_train_01483_pos_387_jpg.rf.b40200041277169fc20c6e1b0f85e5f9.jpg,vestboost_train_01483_jhboyo_train_01483_pos_387_jpg.rf.b40200041277169fc20c6e1b0f85e5f9,vest_ext,vest_ext:pos_387,0,1,0,d8b546522cdba24d27dcb80adcc84eb49a9caaf8
vestboost_train_01484_jhboyo_train_01484_pos_388_jpg.rf.b9bb8175a9fde807a09c77f779c3fdb7.jpg,vestboost_train_01484_jhboyo_train_01484_pos_388_jpg.rf.b9bb8175a9fde807a09c77f779c3fdb7,vest_ext,vest_ext:pos_388,0,1,0,cc03914df292614c4a9271d51c8d31d02bc0594e
vestboost_train_01485_jhboyo_train_01485_pos_389_jpg.rf.c63773fb77ee722efe50d71bb8a703fb.jpg,vestboost_train_01485_jhboyo_train_01485_pos_389_jpg.rf.c63773fb77ee722efe50d71bb8a703fb,vest_ext,vest_ext:pos_389,0,2,0,12d255453b44b4163226426633460ee921c2493a
vestboost_train_01486_jhboyo_train_01486_pos_38_jpg.rf.a39f9935d5bc41c75d9f2794bcb3c4a8.jpg,vestboost_train_01486_jhboyo_train_01486_pos_38_jpg.rf.a39f9935d5bc41c75d9f2794bcb3c4a8,vest_ext,vest_ext:pos_38,0,2,0,2a5422d99760f60437765dc7747ac75495bc9889
vestboost_train_01487_jhboyo_train_01487_pos_390_jpg.rf.07dce00ee292c1efc053385b5f298b6e.jpg,vestboost_train_01487_jhboyo_train_01487_pos_390_jpg.rf.07dce00ee292c1efc053385b5f298b6e,vest_ext,vest_ext:pos_390,0,1,0,9f1440357a5e8157a69f24171008df0b777e74a1
vestboost_train_01488_jhboyo_train_01488_pos_392_jpg.rf.bd52246e1cb27e84f6d3ab81261a359f.jpg,vestboost_train_01488_jhboyo_train_01488_pos_392_jpg.rf.bd52246e1cb27e84f6d3ab81261a359f,vest_ext,vest_ext:pos_392,0,1,0,6d873f9cd7ceb7089a72a8f91799c805b243ec08
vestboost_train_01489_jhboyo_train_01489_pos_395_jpg.rf.a88c336ca4b1865a64fed0cbb572077b.jpg,vestboost_train_01489_jhboyo_train_01489_pos_395_jpg.rf.a88c336ca4b1865a64fed0cbb572077b,vest_ext,vest_ext:pos_395,0,1,0,53305bad1ae3ce167dfe79352084094b500cef29
vestboost_train_01490_jhboyo_train_01490_pos_397_jpg.rf.d894739826b2820d32ee6d91f29135d4.jpg,vestboost_train_01490_jhboyo_train_01490_pos_397_jpg.rf.d894739826b2820d32ee6d91f29135d4,vest_ext,vest_ext:pos_397,0,2,0,9df99aebe54d2f930bbb4fa28407a67507759cb4
vestboost_train_01491_jhboyo_train_01491_pos_398_jpg.rf.27ed8c5969cf461fa2b44f7bd2f019fe.jpg,vestboost_train_01491_jhboyo_train_01491_pos_398_jpg.rf.27ed8c5969cf461fa2b44f7bd2f019fe,vest_ext,vest_ext:pos_398,0,1,0,1f225983145cb0f8496c9ce317f0e1ab1587972e
vestboost_train_01492_jhboyo_train_01492_pos_403_jpg.rf.6a89ad20fce427461e10acf1c175e9e9.jpg,vestboost_train_01492_jhboyo_train_01492_pos_403_jpg.rf.6a89ad20fce427461e10acf1c175e9e9,vest_ext,vest_ext:pos_403,0,1,0,b9efce415cb72ee78f34d5a201cbda192c48e2ad
vestboost_train_01493_jhboyo_train_01493_pos_407_jpg.rf.9b14614cd28de32f349b6205f061b9f6.jpg,vestboost_train_01493_jhboyo_train_01493_pos_407_jpg.rf.9b14614cd28de32f349b6205f061b9f6,vest_ext,vest_ext:pos_407,0,4,0,edb3672986d8dfae83a13cdf0d81bfc88bbef5f1
vestboost_train_01494_jhboyo_train_01494_pos_408_jpg.rf.b283df45fc35dc2fec4b4ec084ea1a99.jpg,vestboost_train_01494_jhboyo_train_01494_pos_408_jpg.rf.b283df45fc35dc2fec4b4ec084ea1a99,vest_ext,vest_ext:pos_408,0,4,0,1698764cc7893f9781c00025609b364141acb7c1
vestboost_train_01495_jhboyo_train_01495_pos_409_jpg.rf.8c9528be3229af411ae7e27c90de1ad4.jpg,vestboost_train_01495_jhboyo_train_01495_pos_409_jpg.rf.8c9528be3229af411ae7e27c90de1ad4,vest_ext,vest_ext:pos_409,0,2,0,64094b94c1b9a984723ad82dd5e58d134f480cd4
vestboost_train_01496_jhboyo_train_01496_pos_410_jpg.rf.e40856081a8c26135276c63320e8ebb4.jpg,vestboost_train_01496_jhboyo_train_01496_pos_410_jpg.rf.e40856081a8c26135276c63320e8ebb4,vest_ext,vest_ext:pos_410,0,1,0,6c654d045c100f4af407c3ec850cf8e6c8b90949
vestboost_train_01497_jhboyo_train_01497_pos_413_jpg.rf.2239af43bcc595eda33c21b22ad56027.jpg,vestboost_train_01497_jhboyo_train_01497_pos_413_jpg.rf.2239af43bcc595eda33c21b22ad56027,vest_ext,vest_ext:pos_413,0,1,0,ff2f014d5e558d6de9ca1214c71942045a4b27ae
vestboost_train_01498_jhboyo_train_01498_pos_415_jpg.rf.72dd48559d20124fcc3942701b700dcd.jpg,vestboost_train_01498_jhboyo_train_01498_pos_415_jpg.rf.72dd48559d20124fcc3942701b700dcd,vest_ext,vest_ext:pos_415,0,1,0,36ca99ee299c81471d763825e846667c1993d93d
vestboost_train_01499_jhboyo_train_01499_pos_417_jpg.rf.81f25342f7b1639afa2213b9b2505464.jpg,vestboost_train_01499_jhboyo_train_01499_pos_417_jpg.rf.81f25342f7b1639afa2213b9b2505464,vest_ext,vest_ext:pos_417,0,1,0,a6d7cd63af1bfb89d6a78d12462b3ddaea7e28a2
vestboost_train_01500_jhboyo_train_01500_pos_421_jpg.rf.5a3d89ec852bd9496725960e511445ab.jpg,vestboost_train_01500_jhboyo_train_01500_pos_421_jpg.rf.5a3d89ec852bd9496725960e511445ab,vest_ext,vest_ext:pos_421,0,2,0,9541160ab98edaef165b277db1c65585d53b1ec8
vestboost_train_01501_jhboyo_train_01501_pos_423_jpg.rf.6f0d56b359cbe17ec07c548e74aef3bb.jpg,vestboost_train_01501_jhboyo_train_01501_pos_423_jpg.rf.6f0d56b359cbe17ec07c548e74aef3bb,vest_ext,vest_ext:pos_423,0,1,0,2b66891391b9c50c7a746046291cb2cc9765638e
vestboost_train_01502_jhboyo_train_01502_pos_428_jpg.rf.6f90d6722ef05ce7e97dad128c90cbdb.jpg,vestboost_train_01502_jhboyo_train_01502_pos_428_jpg.rf.6f90d6722ef05ce7e97dad128c90cbdb,vest_ext,vest_ext:pos_428,0,1,0,363622428c6e56571c41997f1b71667015acb658
vestboost_train_01503_jhboyo_train_01503_pos_429_jpg.rf.03bf4c09c901bf4c05a63e4ae663e02b.jpg,vestboost_train_01503_jhboyo_train_01503_pos_429_jpg.rf.03bf4c09c901bf4c05a63e4ae663e02b,vest_ext,vest_ext:pos_429,0,1,0,eb125f8daaed00571e909bb0c1a012eccadd9c07
vestboost_train_01504_jhboyo_train_01504_pos_430_jpg.rf.454d869023e30fa8b9c7c2c45099d485.jpg,vestboost_train_01504_jhboyo_train_01504_pos_430_jpg.rf.454d869023e30fa8b9c7c2c45099d485,vest_ext,vest_ext:pos_430,0,1,0,1716d1e2087acbf0ce31dd88b1afc375ac6c79e3
vestboost_train_01505_jhboyo_train_01505_pos_433_jpg.rf.e2a157ab4def2542c4ad994d382d1f18.jpg,vestboost_train_01505_jhboyo_train_01505_pos_433_jpg.rf.e2a157ab4def2542c4ad994d382d1f18,vest_ext,vest_ext:pos_433,0,1,0,6b7a68fcbe5c72257c159eb65cffc0d8db60333f
vestboost_train_01506_jhboyo_train_01506_pos_438_jpg.rf.36aff68b9f8f27565b559a72fe832f55.jpg,vestboost_train_01506_jhboyo_train_01506_pos_438_jpg.rf.36aff68b9f8f27565b559a72fe832f55,vest_ext,vest_ext:pos_438,0,1,0,a099c418a7f087a0032db69369b83d843cf4b246
vestboost_train_01507_jhboyo_train_01507_pos_449_jpg.rf.9b42eb799c2982a43632d60a93418e95.jpg,vestboost_train_01507_jhboyo_train_01507_pos_449_jpg.rf.9b42eb799c2982a43632d60a93418e95,vest_ext,vest_ext:pos_449,0,2,0,772e7f414df3bdd4dbe4b24647b4cefc7ec224e9
vestboost_train_01508_jhboyo_train_01508_pos_44_jpg.rf.1f07cb6a4f99a33becc58fab9a7730c5.jpg,vestboost_train_01508_jhboyo_train_01508_pos_44_jpg.rf.1f07cb6a4f99a33becc58fab9a7730c5,vest_ext,vest_ext:pos_44,0,2,0,b26b3172cbd3e159b755343542ec861fd561251e
vestboost_train_01509_jhboyo_train_01509_pos_450_jpg.rf.32b296721f5d8326be805ea649d3ba8f.jpg,vestboost_train_01509_jhboyo_train_01509_pos_450_jpg.rf.32b296721f5d8326be805ea649d3ba8f,vest_ext,vest_ext:pos_450,0,2,0,7f064d3f1844e16e029c8ebf54aa827b078fdf7e
vestboost_train_01510_jhboyo_train_01510_pos_452_jpg.rf.d484f8e81bb528ddb0e58f4697d514f3.jpg,vestboost_train_01510_jhboyo_train_01510_pos_452_jpg.rf.d484f8e81bb528ddb0e58f4697d514f3,vest_ext,vest_ext:pos_452,0,1,0,3e81823a2eb459b0a9023040e9295631a1b12ebd
vestboost_train_01511_jhboyo_train_01511_pos_454_jpg.rf.06796ca514ece737234b1e22bcf9e830.jpg,vestboost_train_01511_jhboyo_train_01511_pos_454_jpg.rf.06796ca514ece737234b1e22bcf9e830,vest_ext,vest_ext:pos_454,0,2,0,33a768cbdfeaf93769ae1689f561bb9c9b971671
vestboost_train_01512_jhboyo_train_01512_pos_456_jpg.rf.1b3f15023782e79e1489a7fd94b8c7fa.jpg,vestboost_train_01512_jhboyo_train_01512_pos_456_jpg.rf.1b3f15023782e79e1489a7fd94b8c7fa,vest_ext,vest_ext:pos_456,0,1,0,4c36f7f0fdf02db886841323ccb6fe2906ee9dd7
vestboost_train_01513_jhboyo_train_01513_pos_461_jpg.rf.9d116cca2f51b61e971dada79eb84815.jpg,vestboost_train_01513_jhboyo_train_01513_pos_461_jpg.rf.9d116cca2f51b61e971dada79eb84815,vest_ext,vest_ext:pos_461,0,1,0,524c8a2df9e33671d1402b1f1ddcc427d7b3d0f6
vestboost_train_01514_jhboyo_train_01514_pos_462_jpg.rf.905bfb53bd80f1f9582d8b9aaee32437.jpg,vestboost_train_01514_jhboyo_train_01514_pos_462_jpg.rf.905bfb53bd80f1f9582d8b9aaee32437,vest_ext,vest_ext:pos_462,0,1,0,411d9f2e407fd75eaa2a571aaec5487664838ad0
vestboost_train_01515_jhboyo_train_01515_pos_466_jpg.rf.8718fb650cb9257b1bec7335afb122a2.jpg,vestboost_train_01515_jhboyo_train_01515_pos_466_jpg.rf.8718fb650cb9257b1bec7335afb122a2,vest_ext,vest_ext:pos_466,0,1,0,aa2729d513749a99dc0c9f809d617062c16d8aeb
vestboost_train_01516_jhboyo_train_01516_pos_467_jpg.rf.5dcbdc55f56e880501639ad27e701028.jpg,vestboost_train_01516_jhboyo_train_01516_pos_467_jpg.rf.5dcbdc55f56e880501639ad27e701028,vest_ext,vest_ext:pos_467,0,1,0,0b5136a365f22716aae2d6fda6c29112ba381ae4
vestboost_train_01517_jhboyo_train_01517_pos_468_jpg.rf.99aee655277ef92a71cc20c59ac78a5d.jpg,vestboost_train_01517_jhboyo_train_01517_pos_468_jpg.rf.99aee655277ef92a71cc20c59ac78a5d,vest_ext,vest_ext:pos_468,0,1,0,9620613351fe40f2bc62cfc7039f4396ffe1af23
vestboost_train_01518_jhboyo_train_01518_pos_469_jpg.rf.1831249b2afbedacfcd42e82a6cdfccc.jpg,vestboost_train_01518_jhboyo_train_01518_pos_469_jpg.rf.1831249b2afbedacfcd42e82a6cdfccc,vest_ext,vest_ext:pos_469,0,1,0,2b5b02e30daba5c702b5a1f961ab0f52fa233f12
vestboost_train_01519_jhboyo_train_01519_pos_46_jpg.rf.e8b75c5af32b623154aec1045c5c0f00.jpg,vestboost_train_01519_jhboyo_train_01519_pos_46_jpg.rf.e8b75c5af32b623154aec1045c5c0f00,vest_ext,vest_ext:pos_46,0,1,0,6a98af127a11a0f642f042c2f634d38a04fa501d
vestboost_train_01520_jhboyo_train_01520_pos_470_jpg.rf.233c8dbbc6629095cccbf715e7ef9500.jpg,vestboost_train_01520_jhboyo_train_01520_pos_470_jpg.rf.233c8dbbc6629095cccbf715e7ef9500,vest_ext,vest_ext:pos_470,0,1,0,100571b62fc379bc7dd68a8a7239619d06c7c380
vestboost_train_01521_jhboyo_train_01521_pos_471_jpg.rf.0a5e0dbad97c44bef64703c96b5ceecc.jpg,vestboost_train_01521_jhboyo_train_01521_pos_471_jpg.rf.0a5e0dbad97c44bef64703c96b5ceecc,vest_ext,vest_ext:pos_471,0,1,0,b6739fb238948bc9bcd6bf1963688c27d029d7c7
vestboost_train_01522_jhboyo_train_01522_pos_472_jpg.rf.89714bdd54889fc156f545bba910651f.jpg,vestboost_train_01522_jhboyo_train_01522_pos_472_jpg.rf.89714bdd54889fc156f545bba910651f,vest_ext,vest_ext:pos_472,0,1,0,98735931bb2c13f4f86035d59647a89ba0401455
vestboost_train_01523_jhboyo_train_01523_pos_479_jpg.rf.d7a2e9c943a91f69dfdcad74e5f7b570.jpg,vestboost_train_01523_jhboyo_train_01523_pos_479_jpg.rf.d7a2e9c943a91f69dfdcad74e5f7b570,vest_ext,vest_ext:pos_479,0,1,0,734d1d6667175a32ffcc91e92e19e033fa5dc6ea
vestboost_train_01524_jhboyo_train_01524_pos_481_jpg.rf.cc6c61c7fdfbd1d4220ff04a80651400.jpg,vestboost_train_01524_jhboyo_train_01524_pos_481_jpg.rf.cc6c61c7fdfbd1d4220ff04a80651400,vest_ext,vest_ext:pos_481,0,1,0,3b70da03d43b840dfbe972b2927c6ccf7de6ab30
vestboost_train_01525_jhboyo_train_01525_pos_482_jpg.rf.bcb084087ab24c138c892441d8c2a711.jpg,vestboost_train_01525_jhboyo_train_01525_pos_482_jpg.rf.bcb084087ab24c138c892441d8c2a711,vest_ext,vest_ext:pos_482,0,1,0,86795b043bdec2cd75f61d79ef5af66c40a7ea9a
vestboost_train_01526_jhboyo_train_01526_pos_484_jpg.rf.ccac194d673bff0a7310efad2dcc1162.jpg,vestboost_train_01526_jhboyo_train_01526_pos_484_jpg.rf.ccac194d673bff0a7310efad2dcc1162,vest_ext,vest_ext:pos_484,0,7,0,2d87f910779b33028e50e2222b0d0733f21382d5
vestboost_train_01527_jhboyo_train_01527_pos_487_jpg.rf.c5ced7725ba6d41cbe14ce5809a564d4.jpg,vestboost_train_01527_jhboyo_train_01527_pos_487_jpg.rf.c5ced7725ba6d41cbe14ce5809a564d4,vest_ext,vest_ext:pos_487,0,3,0,525e1a711b4f36df5fb4c9b4058d0517bcc7fbeb
vestboost_train_01528_jhboyo_train_01528_pos_488_jpg.rf.b712dbd384b74c3b8f6d99df54ea3386.jpg,vestboost_train_01528_jhboyo_train_01528_pos_488_jpg.rf.b712dbd384b74c3b8f6d99df54ea3386,vest_ext,vest_ext:pos_488,0,1,0,3e6abbc83e9e773bf26ce72879252ba7db3b5013
vestboost_train_01529_jhboyo_train_01529_pos_490_jpg.rf.29d7909ce117fbf55eeee08aa965748a.jpg,vestboost_train_01529_jhboyo_train_01529_pos_490_jpg.rf.29d7909ce117fbf55eeee08aa965748a,vest_ext,vest_ext:pos_490,0,1,0,d684ad6d003149abf61e5ac165ad86f220beccbd
vestboost_train_01530_jhboyo_train_01530_pos_491_jpg.rf.e835041492d933d3af0d2078126a5f03.jpg,vestboost_train_01530_jhboyo_train_01530_pos_491_jpg.rf.e835041492d933d3af0d2078126a5f03,vest_ext,vest_ext:pos_491,0,1,0,278201bc0b66d1dbf2a7ca5ca86e4bda1d49c2c8
vestboost_train_01531_jhboyo_train_01531_pos_493_jpg.rf.724455d43af0cfd54839b87d1166b840.jpg,vestboost_train_01531_jhboyo_train_01531_pos_493_jpg.rf.724455d43af0cfd54839b87d1166b840,vest_ext,vest_ext:pos_493,0,1,0,fb812860b59b7221d6563e812cd9846797a718c0
vestboost_train_01532_jhboyo_train_01532_pos_495_jpg.rf.658c877890e581fc27fd8585fe4c4064.jpg,vestboost_train_01532_jhboyo_train_01532_pos_495_jpg.rf.658c877890e581fc27fd8585fe4c4064,vest_ext,vest_ext:pos_495,0,1,0,2de79b2ff2a9275074685298b2861c3d3da82795
vestboost_train_01533_jhboyo_train_01533_pos_4_jpg.rf.6edd5d9496acc18544bbb079bc166782.jpg,vestboost_train_01533_jhboyo_train_01533_pos_4_jpg.rf.6edd5d9496acc18544bbb079bc166782,vest_ext,vest_ext:pos_4,0,2,0,4489ffebd351d299d4dc8f6c9f96b71c89a8ba80
vestboost_train_01534_jhboyo_train_01534_pos_507_jpg.rf.6e5291036f1204a8d8bca0c150ccea05.jpg,vestboost_train_01534_jhboyo_train_01534_pos_507_jpg.rf.6e5291036f1204a8d8bca0c150ccea05,vest_ext,vest_ext:pos_507,0,1,0,621e8f5718fc6eb83d7206d30f4ac24030a7b71a
vestboost_train_01535_jhboyo_train_01535_pos_509_jpg.rf.8c03204952f92ffd933eda009f9b34dd.jpg,vestboost_train_01535_jhboyo_train_01535_pos_509_jpg.rf.8c03204952f92ffd933eda009f9b34dd,vest_ext,vest_ext:pos_509,0,1,0,ac3495ca93ae6d4cebe1685d6f1e763f0b6501e6
vestboost_train_01536_jhboyo_train_01536_pos_510_jpg.rf.0010c89b81a484b089e1d5693dd2d404.jpg,vestboost_train_01536_jhboyo_train_01536_pos_510_jpg.rf.0010c89b81a484b089e1d5693dd2d404,vest_ext,vest_ext:pos_510,0,1,0,8cd8064c907c002add111acdf1c9827cded28570
vestboost_train_01537_jhboyo_train_01537_pos_511_jpg.rf.981a2ebde9abdffbc52e2e31308bb62e.jpg,vestboost_train_01537_jhboyo_train_01537_pos_511_jpg.rf.981a2ebde9abdffbc52e2e31308bb62e,vest_ext,vest_ext:pos_511,0,2,0,f52ecf1dffc63aafe8ada5385403626dac47f191
vestboost_train_01538_jhboyo_train_01538_pos_512_jpg.rf.2c49117f54262515aa3c6c7bb7ea5af5.jpg,vestboost_train_01538_jhboyo_train_01538_pos_512_jpg.rf.2c49117f54262515aa3c6c7bb7ea5af5,vest_ext,vest_ext:pos_512,0,1,0,a192227bf1b503cd51e7ad7535565f4bd87c33d0
vestboost_train_01539_jhboyo_train_01539_pos_513_jpg.rf.42b006942fbc7700ccea2221fda42aa2.jpg,vestboost_train_01539_jhboyo_train_01539_pos_513_jpg.rf.42b006942fbc7700ccea2221fda42aa2,vest_ext,vest_ext:pos_513,0,2,0,5eaea4e383efe56f1253612f9790bca83419dc90
vestboost_train_01540_jhboyo_train_01540_pos_515_jpg.rf.3d126929672d209e4dd6079177d5da23.jpg,vestboost_train_01540_jhboyo_train_01540_pos_515_jpg.rf.3d126929672d209e4dd6079177d5da23,vest_ext,vest_ext:pos_515,0,2,0,d06fdc4f246706dfaa5dfa575cdcc183ff71f817
vestboost_train_01541_jhboyo_train_01541_pos_519_jpg.rf.5d65def43ed9e1b363b638b4ff0031a8.jpg,vestboost_train_01541_jhboyo_train_01541_pos_519_jpg.rf.5d65def43ed9e1b363b638b4ff0031a8,vest_ext,vest_ext:pos_519,0,2,0,9dbc0d2170b109c6cdda04c5c5ce656da0df4484
vestboost_train_01542_jhboyo_train_01542_pos_520_jpg.rf.9ed1d68183e17696abc9597f27794a85.jpg,vestboost_train_01542_jhboyo_train_01542_pos_520_jpg.rf.9ed1d68183e17696abc9597f27794a85,vest_ext,vest_ext:pos_520,0,1,0,46a0f034aa63107bff0f5052a127c680d99048b7
vestboost_train_01543_jhboyo_train_01543_pos_521_jpg.rf.b914dc84456059ea0d5b2a42f27ad32c.jpg,vestboost_train_01543_jhboyo_train_01543_pos_521_jpg.rf.b914dc84456059ea0d5b2a42f27ad32c,vest_ext,vest_ext:pos_521,0,2,0,2d7b50df3165bcb336851b3de8ac8a6377ba611e
vestboost_train_01544_jhboyo_train_01544_pos_522_jpg.rf.88fa25132f08798b0329d2d11e68ad4a.jpg,vestboost_train_01544_jhboyo_train_01544_pos_522_jpg.rf.88fa25132f08798b0329d2d11e68ad4a,vest_ext,vest_ext:pos_522,0,2,0,24cf2053379d3425338c6c29c124c7c36fcb240e
vestboost_train_01545_jhboyo_train_01545_pos_523_jpg.rf.0b27b6881ed9f4367186749f773c1a84.jpg,vestboost_train_01545_jhboyo_train_01545_pos_523_jpg.rf.0b27b6881ed9f4367186749f773c1a84,vest_ext,vest_ext:pos_523,0,1,0,531ca9558649f93bad3adb40ddbbdabace2a1a08
vestboost_train_01546_jhboyo_train_01546_pos_524_jpg.rf.16957c8c545714fbaf06e32f6ce3472d.jpg,vestboost_train_01546_jhboyo_train_01546_pos_524_jpg.rf.16957c8c545714fbaf06e32f6ce3472d,vest_ext,vest_ext:pos_524,0,2,0,f41948dbbdd6eb81b220da63aa020b5560793bce
vestboost_train_01547_jhboyo_train_01547_pos_526_jpg.rf.c0c1817ba265f220830d9b315de76cea.jpg,vestboost_train_01547_jhboyo_train_01547_pos_526_jpg.rf.c0c1817ba265f220830d9b315de76cea,vest_ext,vest_ext:pos_526,0,1,0,39ab45aa72c35dc8caec75c66120609798824918
vestboost_train_01548_jhboyo_train_01548_pos_531_jpg.rf.705c129860f16cd82a6cff376a0c7d14.jpg,vestboost_train_01548_jhboyo_train_01548_pos_531_jpg.rf.705c129860f16cd82a6cff376a0c7d14,vest_ext,vest_ext:pos_531,0,1,0,7ed39fdd93a8296d90f620c39429d3806b47bb97
vestboost_train_01549_jhboyo_train_01549_pos_534_jpg.rf.76f99f8d3fb9444bf09a9eb195a6b84e.jpg,vestboost_train_01549_jhboyo_train_01549_pos_534_jpg.rf.76f99f8d3fb9444bf09a9eb195a6b84e,vest_ext,vest_ext:pos_534,0,1,0,2d3bdbf803ff00cf6f28c4b2fd4e939f56d8a1e2
vestboost_train_01550_jhboyo_train_01550_pos_537_jpg.rf.ec56aa330478f8850c97b7c7f1a84164.jpg,vestboost_train_01550_jhboyo_train_01550_pos_537_jpg.rf.ec56aa330478f8850c97b7c7f1a84164,vest_ext,vest_ext:pos_537,0,1,0,d786e6b70bf15ebcb17c734e5d2a0afcebb6a9fe
vestboost_train_01551_jhboyo_train_01551_pos_539_jpg.rf.e3bc7e29ae988eaba5a442947340bff5.jpg,vestboost_train_01551_jhboyo_train_01551_pos_539_jpg.rf.e3bc7e29ae988eaba5a442947340bff5,vest_ext,vest_ext:pos_539,0,1,0,e16d55ece7d6430df4b3016295bdd5b9f3e778bd
vestboost_train_01552_jhboyo_train_01552_pos_542_jpg.rf.49a90fa80f091a4da0239e1a850bb708.jpg,vestboost_train_01552_jhboyo_train_01552_pos_542_jpg.rf.49a90fa80f091a4da0239e1a850bb708,vest_ext,vest_ext:pos_542,0,6,0,01693a89df341accc680e52fc62b0e8b027fdf2f
vestboost_train_01553_jhboyo_train_01553_pos_543_jpg.rf.d766eb7867b89d3bddcc7a290a621c92.jpg,vestboost_train_01553_jhboyo_train_01553_pos_543_jpg.rf.d766eb7867b89d3bddcc7a290a621c92,vest_ext,vest_ext:pos_543,0,2,0,b3887e283bcf24c1831b70f93fa6ace00ed3443b
vestboost_train_01554_jhboyo_train_01554_pos_544_jpg.rf.77de4f906333326817f312a46a7fadf9.jpg,vestboost_train_01554_jhboyo_train_01554_pos_544_jpg.rf.77de4f906333326817f312a46a7fadf9,vest_ext,vest_ext:pos_544,0,1,0,aa73f6b1040425047381bc817238446ae77c7887
vestboost_train_01555_jhboyo_train_01555_pos_545_jpg.rf.7cd93f615caee89aac9668b69670fe3d.jpg,vestboost_train_01555_jhboyo_train_01555_pos_545_jpg.rf.7cd93f615caee89aac9668b69670fe3d,vest_ext,vest_ext:pos_545,0,1,0,789dcff96e7ccceac5fc55a702532d7314c28c37
vestboost_train_01556_jhboyo_train_01556_pos_546_jpg.rf.a6048aeea7137daef52e3fccf5e86507.jpg,vestboost_train_01556_jhboyo_train_01556_pos_546_jpg.rf.a6048aeea7137daef52e3fccf5e86507,vest_ext,vest_ext:pos_546,0,1,0,9c8d980fe3ce58c6890041cc406d27c0fa09a9d2
vestboost_train_01557_jhboyo_train_01557_pos_547_jpg.rf.858a7e7d89ede9dc4c929f9c4a1cfdc5.jpg,vestboost_train_01557_jhboyo_train_01557_pos_547_jpg.rf.858a7e7d89ede9dc4c929f9c4a1cfdc5,vest_ext,vest_ext:pos_547,0,6,0,5e49dc7c228b6812c80573516eb74a689e2abc84
vestboost_train_01558_jhboyo_train_01558_pos_550_jpg.rf.0bdde11cd105b88fcd62c4a63d164f39.jpg,vestboost_train_01558_jhboyo_train_01558_pos_550_jpg.rf.0bdde11cd105b88fcd62c4a63d164f39,vest_ext,vest_ext:pos_550,0,1,0,5bb893261c6590862bcceedd7a1e213bcaae28ee
vestboost_train_01559_jhboyo_train_01559_pos_551_jpg.rf.3dc3afe4c530a8a293fe0d7a6170a487.jpg,vestboost_train_01559_jhboyo_train_01559_pos_551_jpg.rf.3dc3afe4c530a8a293fe0d7a6170a487,vest_ext,vest_ext:pos_551,0,1,0,56f0f02106986dfc7d6b75b6e8de6aa57df020f8
vestboost_train_01560_jhboyo_train_01560_pos_553_jpg.rf.412002769b649b902ad5a971bbcec392.jpg,vestboost_train_01560_jhboyo_train_01560_pos_553_jpg.rf.412002769b649b902ad5a971bbcec392,vest_ext,vest_ext:pos_553,0,1,0,765116f2561150a8d9f8aa819ef43a45d2ac5c8e
vestboost_train_01561_jhboyo_train_01561_pos_559_jpg.rf.6431765d596c130122a9fbc1caa838d2.jpg,vestboost_train_01561_jhboyo_train_01561_pos_559_jpg.rf.6431765d596c130122a9fbc1caa838d2,vest_ext,vest_ext:pos_559,0,1,0,69d71959a9d189ea00de5ba137f4ae06e6b10720
vestboost_train_01562_jhboyo_train_01562_pos_560_jpg.rf.c151492af6235293a99deddf592163bb.jpg,vestboost_train_01562_jhboyo_train_01562_pos_560_jpg.rf.c151492af6235293a99deddf592163bb,vest_ext,vest_ext:pos_560,0,3,0,24a01f8750d4fd28f4f5b83eef79fa8f149f7c20
vestboost_train_01563_jhboyo_train_01563_pos_561_jpg.rf.ba05409ed5a1b3cdc2fcb30e5e9a03b8.jpg,vestboost_train_01563_jhboyo_train_01563_pos_561_jpg.rf.ba05409ed5a1b3cdc2fcb30e5e9a03b8,vest_ext,vest_ext:pos_561,0,1,0,a5cd88613974afce8628524111e614a936971274
vestboost_train_01564_jhboyo_train_01564_pos_562_jpg.rf.6bbfa8f812294e9b83deed01b182b302.jpg,vestboost_train_01564_jhboyo_train_01564_pos_562_jpg.rf.6bbfa8f812294e9b83deed01b182b302,vest_ext,vest_ext:pos_562,0,1,0,755de269cbd8b9bca0de62ecc2ddb9a6547aeb1c
vestboost_train_01565_jhboyo_train_01565_pos_564_jpg.rf.86a1c72f6e30a844d43902637722cd11.jpg,vestboost_train_01565_jhboyo_train_01565_pos_564_jpg.rf.86a1c72f6e30a844d43902637722cd11,vest_ext,vest_ext:pos_564,0,1,0,fee4fec5eea0d3982b13378973b376c0064d4e6e
vestboost_train_01566_jhboyo_train_01566_pos_565_jpg.rf.2d5210d1141eac89f4f47001b917bb90.jpg,vestboost_train_01566_jhboyo_train_01566_pos_565_jpg.rf.2d5210d1141eac89f4f47001b917bb90,vest_ext,vest_ext:pos_565,0,1,0,e4017b39cb91a04e971065011a9882a0636959a5
vestboost_train_01567_jhboyo_train_01567_pos_566_jpg.rf.38536dcb7b1b92386a6cdc41361dce25.jpg,vestboost_train_01567_jhboyo_train_01567_pos_566_jpg.rf.38536dcb7b1b92386a6cdc41361dce25,vest_ext,vest_ext:pos_566,0,1,0,68bee84678bbde92651517fee410d934fa752d98
vestboost_train_01568_jhboyo_train_01568_pos_568_jpg.rf.cb83f4c82afd130e43096c97033d3ae0.jpg,vestboost_train_01568_jhboyo_train_01568_pos_568_jpg.rf.cb83f4c82afd130e43096c97033d3ae0,vest_ext,vest_ext:pos_568,0,2,0,138d73f7392e9fb2267a248d7c308e0c0e026b93
vestboost_train_01569_jhboyo_train_01569_pos_571_jpg.rf.9195952a38e07487398b743489a64d89.jpg,vestboost_train_01569_jhboyo_train_01569_pos_571_jpg.rf.9195952a38e07487398b743489a64d89,vest_ext,vest_ext:pos_571,0,1,0,2d1741b3d93adc30c65abbd5ff599af69597fe8f
vestboost_train_01570_jhboyo_train_01570_pos_572_jpg.rf.49dddd730b5c9496c7fc8973c4bbf768.jpg,vestboost_train_01570_jhboyo_train_01570_pos_572_jpg.rf.49dddd730b5c9496c7fc8973c4bbf768,vest_ext,vest_ext:pos_572,0,1,0,8ae6aad9e43deebb49e33a1066f1b654c100918e
vestboost_train_01571_jhboyo_train_01571_pos_575_jpg.rf.0781f54d498b7897f3ee2683bec89879.jpg,vestboost_train_01571_jhboyo_train_01571_pos_575_jpg.rf.0781f54d498b7897f3ee2683bec89879,vest_ext,vest_ext:pos_575,0,1,0,14f158b095dec2f756316264cfe56afa7ab59512
vestboost_train_01572_jhboyo_train_01572_pos_577_jpg.rf.58c242a392cbdbd248e3176a8f06107b.jpg,vestboost_train_01572_jhboyo_train_01572_pos_577_jpg.rf.58c242a392cbdbd248e3176a8f06107b,vest_ext,vest_ext:pos_577,0,1,0,9862936ead3513b9405257168bf5b37ff641e974
vestboost_train_01573_jhboyo_train_01573_pos_57_jpg.rf.630a4acc3394738c520a6a6e2fed89c5.jpg,vestboost_train_01573_jhboyo_train_01573_pos_57_jpg.rf.630a4acc3394738c520a6a6e2fed89c5,vest_ext,vest_ext:pos_57,0,6,0,c1b25bd864c57af5a1759e791e0e85b0a3cfa325
vestboost_train_01574_jhboyo_train_01574_pos_580_jpg.rf.119afb4572c890f7b5d60120b7d1a0fc.jpg,vestboost_train_01574_jhboyo_train_01574_pos_580_jpg.rf.119afb4572c890f7b5d60120b7d1a0fc,vest_ext,vest_ext:pos_580,0,1,0,77ab154e9d392dfc59268a639defb05f8d707537
vestboost_train_01575_jhboyo_train_01575_pos_581_jpg.rf.4ce94d0cd8620d48a1ec8798d006a8ab.jpg,vestboost_train_01575_jhboyo_train_01575_pos_581_jpg.rf.4ce94d0cd8620d48a1ec8798d006a8ab,vest_ext,vest_ext:pos_581,0,1,0,7d06aeae6401c9da9b0f7c3c7cdb30858ae0e2bb
vestboost_train_01576_jhboyo_train_01576_pos_583_jpg.rf.78e0b6703a278744a5d214c1d8d9b348.jpg,vestboost_train_01576_jhboyo_train_01576_pos_583_jpg.rf.78e0b6703a278744a5d214c1d8d9b348,vest_ext,vest_ext:pos_583,0,1,0,3c90617db30e838c001582bb1a26f9a5895ef947
vestboost_train_01577_jhboyo_train_01577_pos_584_jpg.rf.a7469b381b70d70ea4835dd69d06d9fd.jpg,vestboost_train_01577_jhboyo_train_01577_pos_584_jpg.rf.a7469b381b70d70ea4835dd69d06d9fd,vest_ext,vest_ext:pos_584,0,1,0,579cdda03b5603c9b125e254944a4cafcf728fcd
vestboost_train_01578_jhboyo_train_01578_pos_586_jpg.rf.7419b638a1ccbb42e7cd33afe3f42876.jpg,vestboost_train_01578_jhboyo_train_01578_pos_586_jpg.rf.7419b638a1ccbb42e7cd33afe3f42876,vest_ext,vest_ext:pos_586,0,1,0,c80d0b980841717982fa0ef9498613b852b42858
vestboost_train_01579_jhboyo_train_01579_pos_588_jpg.rf.f2f526fb93370e0f29619420e625461a.jpg,vestboost_train_01579_jhboyo_train_01579_pos_588_jpg.rf.f2f526fb93370e0f29619420e625461a,vest_ext,vest_ext:pos_588,0,1,0,44933549a81bfad850164b9b3dad3f1202fbb405
vestboost_train_01580_jhboyo_train_01580_pos_589_jpg.rf.7d7fa5dbccc7d415344d6bb8d2e017b8.jpg,vestboost_train_01580_jhboyo_train_01580_pos_589_jpg.rf.7d7fa5dbccc7d415344d6bb8d2e017b8,vest_ext,vest_ext:pos_589,0,1,0,028578c83e916ef87b672ab182025ecf2da670aa
vestboost_train_01581_jhboyo_train_01581_pos_592_jpg.rf.f6a86d204af573a40805aabbafcdad6e.jpg,vestboost_train_01581_jhboyo_train_01581_pos_592_jpg.rf.f6a86d204af573a40805aabbafcdad6e,vest_ext,vest_ext:pos_592,0,1,0,40d7daa6392c6dead23abb4eac72e86de7e81dcd
vestboost_train_01582_jhboyo_train_01582_pos_593_jpg.rf.ad5fecb23d9424d6f27e3d47a54b7686.jpg,vestboost_train_01582_jhboyo_train_01582_pos_593_jpg.rf.ad5fecb23d9424d6f27e3d47a54b7686,vest_ext,vest_ext:pos_593,0,1,0,b6d4a11b305314e7b76dc20a1593b6fc101dee0a
vestboost_train_01583_jhboyo_train_01583_pos_594_jpg.rf.f52b42c276648be0dd57a7aa9e8b3d84.jpg,vestboost_train_01583_jhboyo_train_01583_pos_594_jpg.rf.f52b42c276648be0dd57a7aa9e8b3d84,vest_ext,vest_ext:pos_594,0,1,0,9003a278160605eddd97613a95b63fee6708f0fb
vestboost_train_01584_jhboyo_train_01584_pos_596_jpg.rf.99a558e346a19f373cf41a60f90bb549.jpg,vestboost_train_01584_jhboyo_train_01584_pos_596_jpg.rf.99a558e346a19f373cf41a60f90bb549,vest_ext,vest_ext:pos_596,0,1,0,5b4a20ebb5976fcbd345a6d576f37d804aeeb4e8
vestboost_train_01585_jhboyo_train_01585_pos_598_jpg.rf.f07a97d0e1288760e5d149896641992c.jpg,vestboost_train_01585_jhboyo_train_01585_pos_598_jpg.rf.f07a97d0e1288760e5d149896641992c,vest_ext,vest_ext:pos_598,0,1,0,536ff229410a909110bdde328a2cf7d8d881fc38
vestboost_train_01586_jhboyo_train_01586_pos_59_jpg.rf.02fa31ec6e6f24e92a2126c999136240.jpg,vestboost_train_01586_jhboyo_train_01586_pos_59_jpg.rf.02fa31ec6e6f24e92a2126c999136240,vest_ext,vest_ext:pos_59,0,6,0,c7f5d8ba9ce6259697e682c6761d99f4b36e2a58
vestboost_train_01587_jhboyo_train_01587_pos_604_jpg.rf.ab970d9523c1c831d19ab88eac6c88b0.jpg,vestboost_train_01587_jhboyo_train_01587_pos_604_jpg.rf.ab970d9523c1c831d19ab88eac6c88b0,vest_ext,vest_ext:pos_604,0,2,0,7040ba70fa3858ba8c645d06c7c58fd26a9eb120
vestboost_train_01588_jhboyo_train_01588_pos_608_jpg.rf.e5ae728b2da4344477657f14e3d9e798.jpg,vestboost_train_01588_jhboyo_train_01588_pos_608_jpg.rf.e5ae728b2da4344477657f14e3d9e798,vest_ext,vest_ext:pos_608,0,1,0,c8fec2dc5e15caf2750c154848c139ba590d7dd6
vestboost_train_01589_jhboyo_train_01589_pos_60_jpg.rf.e1bec23ee6784d2dbd3badd54cdfd9df.jpg,vestboost_train_01589_jhboyo_train_01589_pos_60_jpg.rf.e1bec23ee6784d2dbd3badd54cdfd9df,vest_ext,vest_ext:pos_60,0,2,0,db02c347241c2089368d4fc4d7e310d773c993f3
vestboost_train_01590_jhboyo_train_01590_pos_610_jpg.rf.67c3494f785fc42d7ba80789812a0c57.jpg,vestboost_train_01590_jhboyo_train_01590_pos_610_jpg.rf.67c3494f785fc42d7ba80789812a0c57,vest_ext,vest_ext:pos_610,0,1,0,41c4c4713f8c519700c884c9839065f0328a79fc
vestboost_train_01591_jhboyo_train_01591_pos_611_jpg.rf.c78b2f2c784976c53a9c2c1452981fad.jpg,vestboost_train_01591_jhboyo_train_01591_pos_611_jpg.rf.c78b2f2c784976c53a9c2c1452981fad,vest_ext,vest_ext:pos_611,0,1,0,a1bd462394988f261e21870974ce949197b77a91
vestboost_train_01592_jhboyo_train_01592_pos_614_jpg.rf.b7a14738a57a8e2e16e81792c7859f93.jpg,vestboost_train_01592_jhboyo_train_01592_pos_614_jpg.rf.b7a14738a57a8e2e16e81792c7859f93,vest_ext,vest_ext:pos_614,0,1,0,c95f853b306d966a36e3de85a335398baff8c462
vestboost_train_01593_jhboyo_train_01593_pos_615_jpg.rf.baf080460c8af7d4a2bde000e2fb02dc.jpg,vestboost_train_01593_jhboyo_train_01593_pos_615_jpg.rf.baf080460c8af7d4a2bde000e2fb02dc,vest_ext,vest_ext:pos_615,0,1,0,01edf6fb08418b15ead1bbc21cf3bd23913d8848
vestboost_train_01594_jhboyo_train_01594_pos_616_jpg.rf.96865200bd3dcb6f6689ee8fe34d5f80.jpg,vestboost_train_01594_jhboyo_train_01594_pos_616_jpg.rf.96865200bd3dcb6f6689ee8fe34d5f80,vest_ext,vest_ext:pos_616,0,2,0,5f2623ba0b8c50f124a812147ab217d754dc56d8
vestboost_train_01595_jhboyo_train_01595_pos_618_jpg.rf.1bff8800d522b915b189a3149385e8a7.jpg,vestboost_train_01595_jhboyo_train_01595_pos_618_jpg.rf.1bff8800d522b915b189a3149385e8a7,vest_ext,vest_ext:pos_618,0,1,0,1e3555f05a0c0b41ee921a3b633d351aad849e2f
vestboost_train_01596_jhboyo_train_01596_pos_621_jpg.rf.712e6a1e8e7086063f2986cf69f27c4c.jpg,vestboost_train_01596_jhboyo_train_01596_pos_621_jpg.rf.712e6a1e8e7086063f2986cf69f27c4c,vest_ext,vest_ext:pos_621,0,1,0,f4f85c24f26d28d3034bd2d1e1acf065e3573856
vestboost_train_01597_jhboyo_train_01597_pos_623_jpg.rf.5fa9f67f2fff678b0842b43e067e33ca.jpg,vestboost_train_01597_jhboyo_train_01597_pos_623_jpg.rf.5fa9f67f2fff678b0842b43e067e33ca,vest_ext,vest_ext:pos_623,0,1,0,b61b59adf62c5d6de516527e4b558001a7f35e5d
vestboost_train_01598_jhboyo_train_01598_pos_624_jpg.rf.a4cade7e4bb8a9d0f54a1c6e0234573b.jpg,vestboost_train_01598_jhboyo_train_01598_pos_624_jpg.rf.a4cade7e4bb8a9d0f54a1c6e0234573b,vest_ext,vest_ext:pos_624,0,1,0,bced5ce3967bbbec71edffbabdcc4d672ac2336f
vestboost_train_01599_jhboyo_train_01599_pos_625_jpg.rf.591d6ece8f3acaf6811ea11aa38ff109.jpg,vestboost_train_01599_jhboyo_train_01599_pos_625_jpg.rf.591d6ece8f3acaf6811ea11aa38ff109,vest_ext,vest_ext:pos_625,0,2,0,8eac2916d8711f79f4794c95b659ac8d5d0a134e
vestboost_train_01600_jhboyo_train_01600_pos_629_jpg.rf.bd53592ec381061b0608667cb46cedf6.jpg,vestboost_train_01600_jhboyo_train_01600_pos_629_jpg.rf.bd53592ec381061b0608667cb46cedf6,vest_ext,vest_ext:pos_629,0,1,0,8ce2d0e12c52aa768f2172cb1e0caeff94427d58
vestboost_train_01601_jhboyo_train_01601_pos_62_jpg.rf.fcb153610e1512555d457b0bcd72d06a.jpg,vestboost_train_01601_jhboyo_train_01601_pos_62_jpg.rf.fcb153610e1512555d457b0bcd72d06a,vest_ext,vest_ext:pos_62,0,2,0,5ed0c93168c16c7946b8e5dcdbb0ce66a6d860ac
vestboost_train_01602_jhboyo_train_01602_pos_630_jpg.rf.304dd026e1aebdfbe503eb673d6a7db3.jpg,vestboost_train_01602_jhboyo_train_01602_pos_630_jpg.rf.304dd026e1aebdfbe503eb673d6a7db3,vest_ext,vest_ext:pos_630,0,1,0,9e032f913ce5bcfb5e183d952172b4c0b3340f56
vestboost_train_01603_jhboyo_train_01603_pos_632_jpg.rf.2ee468f2a07718a80db18553342ed876.jpg,vestboost_train_01603_jhboyo_train_01603_pos_632_jpg.rf.2ee468f2a07718a80db18553342ed876,vest_ext,vest_ext:pos_632,0,1,0,6cc7b8c87d38e3d002679e1fde97b3dd73fddfe2
vestboost_train_01604_jhboyo_train_01604_pos_636_jpg.rf.43151a791c28d75b7076e8177eea634a.jpg,vestboost_train_01604_jhboyo_train_01604_pos_636_jpg.rf.43151a791c28d75b7076e8177eea634a,vest_ext,vest_ext:pos_636,0,2,0,cfa9a75a98ea00305f5a2282f7fa7855491150bd
vestboost_train_01605_jhboyo_train_01605_pos_638_jpg.rf.1c90487054d99b1d7bf8e1a5a0275a51.jpg,vestboost_train_01605_jhboyo_train_01605_pos_638_jpg.rf.1c90487054d99b1d7bf8e1a5a0275a51,vest_ext,vest_ext:pos_638,0,1,0,06c483cba49d8de6fc1dacf401febfcc76255e0c
vestboost_train_01606_jhboyo_train_01606_pos_639_jpg.rf.f5056a27e6253414dc00598568aaa23f.jpg,vestboost_train_01606_jhboyo_train_01606_pos_639_jpg.rf.f5056a27e6253414dc00598568aaa23f,vest_ext,vest_ext:pos_639,0,1,0,f299457b48ac554f6bb68f89220937fae3259b6a
vestboost_train_01607_jhboyo_train_01607_pos_640_jpg.rf.a75cbfb24bbee9e12bdc868a98d42e3b.jpg,vestboost_train_01607_jhboyo_train_01607_pos_640_jpg.rf.a75cbfb24bbee9e12bdc868a98d42e3b,vest_ext,vest_ext:pos_640,0,1,0,ff02e994b255d949fa421caefd0c95702ace3be7
vestboost_train_01608_jhboyo_train_01608_pos_641_jpg.rf.34e4d4e2f8b9a6e640ba25ef9bd69e87.jpg,vestboost_train_01608_jhboyo_train_01608_pos_641_jpg.rf.34e4d4e2f8b9a6e640ba25ef9bd69e87,vest_ext,vest_ext:pos_641,0,1,0,f3c54c7cbd8c66f3d6a4818a96ce0ce39cdaaeba
vestboost_train_01609_jhboyo_train_01609_pos_642_jpg.rf.4284764f2de2b49bc1f79ce3aa32f781.jpg,vestboost_train_01609_jhboyo_train_01609_pos_642_jpg.rf.4284764f2de2b49bc1f79ce3aa32f781,vest_ext,vest_ext:pos_642,0,1,0,0c855eeed7c9eb9198ab8fe9b290be17241f7398
vestboost_train_01610_jhboyo_train_01610_pos_643_jpg.rf.a9a3fc1c681ea32973fb39abec73484b.jpg,vestboost_train_01610_jhboyo_train_01610_pos_643_jpg.rf.a9a3fc1c681ea32973fb39abec73484b,vest_ext,vest_ext:pos_643,0,1,0,769dd928b4ddc5beb6ccff34cadf652fa2f60c77
vestboost_train_01611_jhboyo_train_01611_pos_644_jpg.rf.657ac4ec9bc2239ab5fe3a4f97ebfdf9.jpg,vestboost_train_01611_jhboyo_train_01611_pos_644_jpg.rf.657ac4ec9bc2239ab5fe3a4f97ebfdf9,vest_ext,vest_ext:pos_644,0,1,0,dc0f3933a6db9e306047a9a8b34e998b05a06bf7
vestboost_train_01612_jhboyo_train_01612_pos_645_jpg.rf.c824c2e42604779865915d92d8739a63.jpg,vestboost_train_01612_jhboyo_train_01612_pos_645_jpg.rf.c824c2e42604779865915d92d8739a63,vest_ext,vest_ext:pos_645,0,1,0,81891f54dc7065a558772c2454136ef18bba61eb
vestboost_train_01613_jhboyo_train_01613_pos_646_jpg.rf.7a57bfa2e3851680a78b4782a6a8ee2e.jpg,vestboost_train_01613_jhboyo_train_01613_pos_646_jpg.rf.7a57bfa2e3851680a78b4782a6a8ee2e,vest_ext,vest_ext:pos_646,0,1,0,46e4b169354fdfa8b8f34ebc0877ce29089c7aea
vestboost_train_01614_jhboyo_train_01614_pos_647_jpg.rf.46ef9dde6aa2678dff99d69f31e8a1cf.jpg,vestboost_train_01614_jhboyo_train_01614_pos_647_jpg.rf.46ef9dde6aa2678dff99d69f31e8a1cf,vest_ext,vest_ext:pos_647,0,1,0,774cb8e166624187586610d0818669a0c737e913
vestboost_train_01615_jhboyo_train_01615_pos_649_jpg.rf.bfb3713738eb02751fd4cd921254a8d6.jpg,vestboost_train_01615_jhboyo_train_01615_pos_649_jpg.rf.bfb3713738eb02751fd4cd921254a8d6,vest_ext,vest_ext:pos_649,0,2,0,49fc271be40b8c87e1dc5a668b546396dc17289a
vestboost_train_01616_jhboyo_train_01616_pos_650_jpg.rf.ac1f2f9192612bbff90f03a85852a8e5.jpg,vestboost_train_01616_jhboyo_train_01616_pos_650_jpg.rf.ac1f2f9192612bbff90f03a85852a8e5,vest_ext,vest_ext:pos_650,0,2,0,2444190af9eeb7df6e558ab96fb5770b1cce99d1
vestboost_train_01617_jhboyo_train_01617_pos_654_jpg.rf.348eb7901507a18c8ded5577c315297c.jpg,vestboost_train_01617_jhboyo_train_01617_pos_654_jpg.rf.348eb7901507a18c8ded5577c315297c,vest_ext,vest_ext:pos_654,0,9,0,bea721dd1c693d12b36feb5f5a37b15c3587212d
vestboost_train_01618_jhboyo_train_01618_pos_655_jpg.rf.55124462146e207e9be29a4f67468783.jpg,vestboost_train_01618_jhboyo_train_01618_pos_655_jpg.rf.55124462146e207e9be29a4f67468783,vest_ext,vest_ext:pos_655,0,1,0,912712cabbe40afb8f5ad792147a01529ab6529d
vestboost_train_01619_jhboyo_train_01619_pos_656_jpg.rf.7c04972370cb58eb8db971869719649c.jpg,vestboost_train_01619_jhboyo_train_01619_pos_656_jpg.rf.7c04972370cb58eb8db971869719649c,vest_ext,vest_ext:pos_656,0,3,0,294a94aeddfad46a8ad867dceb1fbbb80b160baf
vestboost_train_01620_jhboyo_train_01620_pos_657_jpg.rf.a89e54723ff595b909b2755e7c9215f6.jpg,vestboost_train_01620_jhboyo_train_01620_pos_657_jpg.rf.a89e54723ff595b909b2755e7c9215f6,vest_ext,vest_ext:pos_657,0,1,0,bf1e84954498de0d266cfc2d90fe0d03b11ccc62
vestboost_train_01621_jhboyo_train_01621_pos_658_jpg.rf.043e8930f90496c255eb4e3757845bf4.jpg,vestboost_train_01621_jhboyo_train_01621_pos_658_jpg.rf.043e8930f90496c255eb4e3757845bf4,vest_ext,vest_ext:pos_658,0,3,0,ce72466dc6311ac12068ff39ceb0cbba86320b15
vestboost_train_01622_jhboyo_train_01622_pos_659_jpg.rf.31caf5a8d61ffcc270ad68e2de1b7b68.jpg,vestboost_train_01622_jhboyo_train_01622_pos_659_jpg.rf.31caf5a8d61ffcc270ad68e2de1b7b68,vest_ext,vest_ext:pos_659,0,1,0,8f1ca7c504d668bfb7eae17e703e98fc4a75c305
vestboost_train_01623_jhboyo_train_01623_pos_65_jpg.rf.a230d4b9a0aad7fbd6afb8d6927ab5ba.jpg,vestboost_train_01623_jhboyo_train_01623_pos_65_jpg.rf.a230d4b9a0aad7fbd6afb8d6927ab5ba,vest_ext,vest_ext:pos_65,0,1,0,3f73b24e352a45a1cea782621f364dc30ec81f74
vestboost_train_01624_jhboyo_train_01624_pos_660_jpg.rf.30985b287a42aa2140cb028807d2a4a4.jpg,vestboost_train_01624_jhboyo_train_01624_pos_660_jpg.rf.30985b287a42aa2140cb028807d2a4a4,vest_ext,vest_ext:pos_660,0,1,0,2f36e11a582f270fd4c85f41e7219e02f50aec44
vestboost_train_01625_jhboyo_train_01625_pos_661_jpg.rf.1fd45ef9c3547ea3a6713d5aa78a7d05.jpg,vestboost_train_01625_jhboyo_train_01625_pos_661_jpg.rf.1fd45ef9c3547ea3a6713d5aa78a7d05,vest_ext,vest_ext:pos_661,0,1,0,9aed5816c8c9723a69f6d2744eb9dbb6e5a251ed
vestboost_train_01626_jhboyo_train_01626_pos_662_jpg.rf.9ddcda729de95028972d635897e79b23.jpg,vestboost_train_01626_jhboyo_train_01626_pos_662_jpg.rf.9ddcda729de95028972d635897e79b23,vest_ext,vest_ext:pos_662,0,1,0,474ab77fb4350db6502ceddd59e183116f399474
vestboost_train_01627_jhboyo_train_01627_pos_663_jpg.rf.b0ef245b4d68cecbd19add816c73d346.jpg,vestboost_train_01627_jhboyo_train_01627_pos_663_jpg.rf.b0ef245b4d68cecbd19add816c73d346,vest_ext,vest_ext:pos_663,0,1,0,4155e0120fef7716d38e2055d0ef89d2ceb4d052
vestboost_train_01628_jhboyo_train_01628_pos_664_jpg.rf.976fb5e3a539e3a843a803380d30f661.jpg,vestboost_train_01628_jhboyo_train_01628_pos_664_jpg.rf.976fb5e3a539e3a843a803380d30f661,vest_ext,vest_ext:pos_664,0,1,0,1388746cfae10d2e67fdfe4f35c4face555da6b7
vestboost_train_01629_jhboyo_train_01629_pos_665_jpg.rf.70d5f4b82e97d33d64b69e35cb9c5a53.jpg,vestboost_train_01629_jhboyo_train_01629_pos_665_jpg.rf.70d5f4b82e97d33d64b69e35cb9c5a53,vest_ext,vest_ext:pos_665,0,4,0,a39a5beb75eaca3cab64520095618b58d030f1ca
vestboost_train_01630_jhboyo_train_01630_pos_666_jpg.rf.c1d14b04ed5a340fa7450bb77cdf1f69.jpg,vestboost_train_01630_jhboyo_train_01630_pos_666_jpg.rf.c1d14b04ed5a340fa7450bb77cdf1f69,vest_ext,vest_ext:pos_666,0,2,0,a232e71c530bfebc5960b1a7de23415dde77cf00
vestboost_train_01631_jhboyo_train_01631_pos_667_jpg.rf.1ede8c92622c85b86b8297c7aa5548bf.jpg,vestboost_train_01631_jhboyo_train_01631_pos_667_jpg.rf.1ede8c92622c85b86b8297c7aa5548bf,vest_ext,vest_ext:pos_667,0,1,0,28be5c73951d68ee7d6a29092cdf2e92caace3f9
vestboost_train_01632_jhboyo_train_01632_pos_669_jpg.rf.ff655143c90fd67ff40e628b6e24b48c.jpg,vestboost_train_01632_jhboyo_train_01632_pos_669_jpg.rf.ff655143c90fd67ff40e628b6e24b48c,vest_ext,vest_ext:pos_669,0,1,0,ab5c3f974ac8b01375e06e8c96ab87afaa05601a
vestboost_train_01633_jhboyo_train_01633_pos_670_jpg.rf.84c1608e96316f32eb382e29b488fb45.jpg,vestboost_train_01633_jhboyo_train_01633_pos_670_jpg.rf.84c1608e96316f32eb382e29b488fb45,vest_ext,vest_ext:pos_670,0,1,0,bd80e4e507a4115413841eb3145b0f770bb6631b
vestboost_train_01634_jhboyo_train_01634_pos_672_jpg.rf.0f17bd8600b1ac8235306ca8c89bd28a.jpg,vestboost_train_01634_jhboyo_train_01634_pos_672_jpg.rf.0f17bd8600b1ac8235306ca8c89bd28a,vest_ext,vest_ext:pos_672,0,1,0,243b6629f098a509b6922da6976f24581888d31b
vestboost_train_01635_jhboyo_train_01635_pos_673_jpg.rf.55992f647d4441e55b6a4b0fb605f7b0.jpg,vestboost_train_01635_jhboyo_train_01635_pos_673_jpg.rf.55992f647d4441e55b6a4b0fb605f7b0,vest_ext,vest_ext:pos_673,0,1,0,68d3eccadda7b1b92032ca8f55c4555e4d0bb8aa
vestboost_train_01636_jhboyo_train_01636_pos_675_jpg.rf.efc2e5328cd13aa47be6f636dd6f6d2f.jpg,vestboost_train_01636_jhboyo_train_01636_pos_675_jpg.rf.efc2e5328cd13aa47be6f636dd6f6d2f,vest_ext,vest_ext:pos_675,0,2,0,38fa4071b756f48b1b4ac33887dc3a11d2b1aafb
vestboost_train_01637_jhboyo_train_01637_pos_676_jpg.rf.d72a8c2acb8218e2c7daceffa58313e8.jpg,vestboost_train_01637_jhboyo_train_01637_pos_676_jpg.rf.d72a8c2acb8218e2c7daceffa58313e8,vest_ext,vest_ext:pos_676,0,1,0,cda6b912abf3d0bd6f8c9ef5a590947b2d6c4cf8
vestboost_train_01638_jhboyo_train_01638_pos_678_jpg.rf.0df19fbbaa2c2c11c25dfb39d8c11372.jpg,vestboost_train_01638_jhboyo_train_01638_pos_678_jpg.rf.0df19fbbaa2c2c11c25dfb39d8c11372,vest_ext,vest_ext:pos_678,0,2,0,1a441f31704adcb189edfbed18ca36376aa659c1
vestboost_train_01639_jhboyo_train_01639_pos_680_jpg.rf.db807746c455e8f0e2941b9e503860ab.jpg,vestboost_train_01639_jhboyo_train_01639_pos_680_jpg.rf.db807746c455e8f0e2941b9e503860ab,vest_ext,vest_ext:pos_680,0,1,0,21b2b6261eab8514f15c6bcd2f008e58248a8dfb
vestboost_train_01640_jhboyo_train_01640_pos_682_jpg.rf.47cd697134da2364e11520fd29aa32ad.jpg,vestboost_train_01640_jhboyo_train_01640_pos_682_jpg.rf.47cd697134da2364e11520fd29aa32ad,vest_ext,vest_ext:pos_682,0,2,0,e4ee14e3c8b9980f9f29b91032ab8d5299bf80f1
vestboost_train_01641_jhboyo_train_01641_pos_683_jpg.rf.1e9b599c55d6aeb6fea6a727cdba1da6.jpg,vestboost_train_01641_jhboyo_train_01641_pos_683_jpg.rf.1e9b599c55d6aeb6fea6a727cdba1da6,vest_ext,vest_ext:pos_683,0,1,0,02317befd12c5af8409e995571811a47f1fc7c2b
vestboost_train_01642_jhboyo_train_01642_pos_684_jpg.rf.a867a67c68f16313476deb0b941a4705.jpg,vestboost_train_01642_jhboyo_train_01642_pos_684_jpg.rf.a867a67c68f16313476deb0b941a4705,vest_ext,vest_ext:pos_684,0,1,0,28ad17d4cd4abbc7e164078f5989493edf8be4b9
vestboost_train_01643_jhboyo_train_01643_pos_685_jpg.rf.a403c24220eb42586f6cd7e0c7bbc419.jpg,vestboost_train_01643_jhboyo_train_01643_pos_685_jpg.rf.a403c24220eb42586f6cd7e0c7bbc419,vest_ext,vest_ext:pos_685,0,1,0,5eda2b33d2c67ebd5fd9290e089585a8293df3c4
vestboost_train_01644_jhboyo_train_01644_pos_686_jpg.rf.6aa1db47202770efe9d5f743e45043d2.jpg,vestboost_train_01644_jhboyo_train_01644_pos_686_jpg.rf.6aa1db47202770efe9d5f743e45043d2,vest_ext,vest_ext:pos_686,0,1,0,53e84cec884fe71654ef6ee60883f8a041370d5e
vestboost_train_01645_jhboyo_train_01645_pos_687_jpg.rf.40c88e65058e41ec0bd791a115b8b758.jpg,vestboost_train_01645_jhboyo_train_01645_pos_687_jpg.rf.40c88e65058e41ec0bd791a115b8b758,vest_ext,vest_ext:pos_687,0,2,0,739c8fabc5c8b993c78b308fc2058985d94fb958
vestboost_train_01646_jhboyo_train_01646_pos_6_jpg.rf.bfbe0e3341ee411f0460dafa28c02ec1.jpg,vestboost_train_01646_jhboyo_train_01646_pos_6_jpg.rf.bfbe0e3341ee411f0460dafa28c02ec1,vest_ext,vest_ext:pos_6,0,3,0,ce70569002827d32693a1bc37f508fd617821a67
vestboost_train_01647_jhboyo_train_01647_pos_701_jpg.rf.52faef898d16a5b56f74c780109a8c91.jpg,vestboost_train_01647_jhboyo_train_01647_pos_701_jpg.rf.52faef898d16a5b56f74c780109a8c91,vest_ext,vest_ext:pos_701,0,1,0,c49e3ed011d6cda156e98d3ae137cb6206276dbe
vestboost_train_01648_jhboyo_train_01648_pos_704_jpg.rf.7d4a74490df6e4a0010bb55e1f6336e5.jpg,vestboost_train_01648_jhboyo_train_01648_pos_704_jpg.rf.7d4a74490df6e4a0010bb55e1f6336e5,vest_ext,vest_ext:pos_704,0,2,0,08e6c5858d01e3bd3a6e719b5a00c57dc3db4a72
vestboost_train_01649_jhboyo_train_01649_pos_71_jpg.rf.a5cee5d6a17c09449816ca223fc95e47.jpg,vestboost_train_01649_jhboyo_train_01649_pos_71_jpg.rf.a5cee5d6a17c09449816ca223fc95e47,vest_ext,vest_ext:pos_71,0,5,0,d22e4273bda396c81c01ba5f79866b9458ae504b
vestboost_train_01650_jhboyo_train_01650_pos_722_jpg.rf.37a61665eceed25b3ac6b7f14c94123e.jpg,vestboost_train_01650_jhboyo_train_01650_pos_722_jpg.rf.37a61665eceed25b3ac6b7f14c94123e,vest_ext,vest_ext:pos_722,0,1,0,76b896254d80f90550a38f3c68d5852f895cb782
vestboost_train_01651_jhboyo_train_01651_pos_728_jpg.rf.1a4b50a5f7c8ca8ec144f5a87a5586a4.jpg,vestboost_train_01651_jhboyo_train_01651_pos_728_jpg.rf.1a4b50a5f7c8ca8ec144f5a87a5586a4,vest_ext,vest_ext:pos_728,0,3,0,b1e46e30a11fe5c6597442849bd675c50621700c
vestboost_train_01652_jhboyo_train_01652_pos_747_jpg.rf.95500d49fcd2b42d8c4a3fa8724aa9f7.jpg,vestboost_train_01652_jhboyo_train_01652_pos_747_jpg.rf.95500d49fcd2b42d8c4a3fa8724aa9f7,vest_ext,vest_ext:pos_747,0,1,0,32a6585f973fbc1b189225331c12788b3a03347e
vestboost_train_01653_jhboyo_train_01653_pos_74_jpg.rf.e3bd0281bf92b1a055af5bc91b2c134e.jpg,vestboost_train_01653_jhboyo_train_01653_pos_74_jpg.rf.e3bd0281bf92b1a055af5bc91b2c134e,vest_ext,vest_ext:pos_74,0,2,0,34354102d6bfc2b30549a6d07ce82a79b445b34a
vestboost_train_01654_jhboyo_train_01654_pos_759_jpg.rf.835834140f002715d8e84d24914fcd47.jpg,vestboost_train_01654_jhboyo_train_01654_pos_759_jpg.rf.835834140f002715d8e84d24914fcd47,vest_ext,vest_ext:pos_759,0,1,0,9de6d391b475a84c6be791cdbad16372f8792f61
vestboost_train_01655_jhboyo_train_01655_pos_769_jpg.rf.9552ce80a9bc223ca7a19fc2661949f3.jpg,vestboost_train_01655_jhboyo_train_01655_pos_769_jpg.rf.9552ce80a9bc223ca7a19fc2661949f3,vest_ext,vest_ext:pos_769,0,2,0,ed11b334b1953a135b00152d82b025b00ab155af
vestboost_train_01656_jhboyo_train_01656_pos_773_jpg.rf.c4b1b29ecc9b0141e2f512709ebbd32c.jpg,vestboost_train_01656_jhboyo_train_01656_pos_773_jpg.rf.c4b1b29ecc9b0141e2f512709ebbd32c,vest_ext,vest_ext:pos_773,0,1,0,eb522e90604bb7f21892ef2b79787590f302a1e8
vestboost_train_01657_jhboyo_train_01657_pos_783_jpg.rf.afb283319b6a85da0f9a5b3d3f091821.jpg,vestboost_train_01657_jhboyo_train_01657_pos_783_jpg.rf.afb283319b6a85da0f9a5b3d3f091821,vest_ext,vest_ext:pos_783,0,1,0,c96e2723481e0d8890eb655862f0a47acf40762f
vestboost_train_01658_jhboyo_train_01658_pos_7_jpg.rf.e89b21ed835538f0b6547c01618d3ed8.jpg,vestboost_train_01658_jhboyo_train_01658_pos_7_jpg.rf.e89b21ed835538f0b6547c01618d3ed8,vest_ext,vest_ext:pos_7,0,2,0,860c4562bb3dcd17718163155f76cb09e122c676
vestboost_train_01659_jhboyo_train_01659_pos_80_jpg.rf.4e4fc9de0358369dd4264313200cb500.jpg,vestboost_train_01659_jhboyo_train_01659_pos_80_jpg.rf.4e4fc9de0358369dd4264313200cb500,vest_ext,vest_ext:pos_80,0,1,0,c8cd73ef7f21c17d8a43157cf061c6c64e7f58b2
vestboost_train_01660_jhboyo_train_01660_pos_828_jpg.rf.8a2d25c84e169b5c1a807e136b4a28c2.jpg,vestboost_train_01660_jhboyo_train_01660_pos_828_jpg.rf.8a2d25c84e169b5c1a807e136b4a28c2,vest_ext,vest_ext:pos_828,0,1,0,b78607aed100d736d4ec35abd915c1214e07810a
vestboost_train_01661_jhboyo_train_01661_pos_83_jpg.rf.f6eef732f59d099c6b5e2b37d41c448b.jpg,vestboost_train_01661_jhboyo_train_01661_pos_83_jpg.rf.f6eef732f59d099c6b5e2b37d41c448b,vest_ext,vest_ext:pos_83,0,1,0,54668e2b3a0ab9957a46b708e2c71fd29504a704
vestboost_train_01662_jhboyo_train_01662_pos_853_jpg.rf.898160b4e960979b9b436013efe6c9a3.jpg,vestboost_train_01662_jhboyo_train_01662_pos_853_jpg.rf.898160b4e960979b9b436013efe6c9a3,vest_ext,vest_ext:pos_853,0,12,0,de84957d9426812b9e543d654c49a3fade715b52
vestboost_train_01663_jhboyo_train_01663_pos_860_jpg.rf.b0570a377c0d3e33702d59709bc336f0.jpg,vestboost_train_01663_jhboyo_train_01663_pos_860_jpg.rf.b0570a377c0d3e33702d59709bc336f0,vest_ext,vest_ext:pos_860,0,1,0,a34c0a5f228a90b0bcb520ebbf175bfa1d32118c
vestboost_train_01664_jhboyo_train_01664_pos_86_jpg.rf.850ae07c4a1c3079d5cd4862a31d5bef.jpg,vestboost_train_01664_jhboyo_train_01664_pos_86_jpg.rf.850ae07c4a1c3079d5cd4862a31d5bef,vest_ext,vest_ext:pos_86,0,1,0,456968b887247649396142c337cc338d6af37d2f
vestboost_train_01665_jhboyo_train_01665_pos_872_jpg.rf.8c062acd388ded62d038fd1e6846c353.jpg,vestboost_train_01665_jhboyo_train_01665_pos_872_jpg.rf.8c062acd388ded62d038fd1e6846c353,vest_ext,vest_ext:pos_872,0,1,0,51724cba3834a16f23f3dfbf7b30af59612ea571
vestboost_train_01666_jhboyo_train_01666_pos_894_jpg.rf.547d1b7b2ea80699ec44f3e667070a90.jpg,vestboost_train_01666_jhboyo_train_01666_pos_894_jpg.rf.547d1b7b2ea80699ec44f3e667070a90,vest_ext,vest_ext:pos_894,0,2,0,4a2a94c9478e50efbbcfce16447ddb14695cf29e
vestboost_train_01667_jhboyo_train_01667_pos_895_jpg.rf.2dfd820e8cb4a55a6ec642dcf2654453.jpg,vestboost_train_01667_jhboyo_train_01667_pos_895_jpg.rf.2dfd820e8cb4a55a6ec642dcf2654453,vest_ext,vest_ext:pos_895,0,1,0,dfe4c2c7082615e1365ab07905f10e39d3d80ad9
vestboost_train_01668_jhboyo_train_01668_pos_89_jpg.rf.212b33d2efe0da92348eef231f9e0941.jpg,vestboost_train_01668_jhboyo_train_01668_pos_89_jpg.rf.212b33d2efe0da92348eef231f9e0941,vest_ext,vest_ext:pos_89,0,1,0,7912cee4646c24ed2abf48023e68543bf731d4b6
vestboost_train_01669_jhboyo_train_01669_pos_8_jpg.rf.495346ce90ad9bbcfc2115d0030b5a3b.jpg,vestboost_train_01669_jhboyo_train_01669_pos_8_jpg.rf.495346ce90ad9bbcfc2115d0030b5a3b,vest_ext,vest_ext:pos_8,0,1,0,943785d4bfa559416751736622d7229037dc7304
vestboost_train_01670_jhboyo_train_01670_pos_903_jpg.rf.417b3c76688fd7918fd6db6f41c691a4.jpg,vestboost_train_01670_jhboyo_train_01670_pos_903_jpg.rf.417b3c76688fd7918fd6db6f41c691a4,vest_ext,vest_ext:pos_903,0,13,0,7a87d8bc0b3a39b140debef0334cd26938eedf76
vestboost_train_01671_jhboyo_train_01671_pos_910_jpg.rf.c60417d858fa848815ece70ee56a368f.jpg,vestboost_train_01671_jhboyo_train_01671_pos_910_jpg.rf.c60417d858fa848815ece70ee56a368f,vest_ext,vest_ext:pos_910,0,3,0,024fb72f424cfb62ee4a30edef83146d52000024
vestboost_train_01672_jhboyo_train_01672_pos_917_jpg.rf.c30cf53e9e749460bbceed4a8cbbd39f.jpg,vestboost_train_01672_jhboyo_train_01672_pos_917_jpg.rf.c30cf53e9e749460bbceed4a8cbbd39f,vest_ext,vest_ext:pos_917,0,2,0,9a65fb9d562f4693da178384a19052577f4fe6eb
vestboost_train_01673_jhboyo_train_01673_pos_923_jpg.rf.4ae1e47c785da63b95836fbd113c87da.jpg,vestboost_train_01673_jhboyo_train_01673_pos_923_jpg.rf.4ae1e47c785da63b95836fbd113c87da,vest_ext,vest_ext:pos_923,0,2,0,60feae09482051b3e10aed72fccae22ded864aee
vestboost_train_01674_jhboyo_train_01674_pos_92_jpg.rf.d64ee1d2144f16777ca4e2c48be21a1f.jpg,vestboost_train_01674_jhboyo_train_01674_pos_92_jpg.rf.d64ee1d2144f16777ca4e2c48be21a1f,vest_ext,vest_ext:pos_92,0,1,0,1166d760c8532e890e09bae24c677a534b0488b9
vestboost_train_01675_jhboyo_train_01675_pos_933_jpg.rf.beb47a92a6384190c13632700e794082.jpg,vestboost_train_01675_jhboyo_train_01675_pos_933_jpg.rf.beb47a92a6384190c13632700e794082,vest_ext,vest_ext:pos_933,0,1,0,c426a2e99cc83689d145a5bdfc87deb4d07117a8
vestboost_train_01676_jhboyo_train_01676_pos_93_jpg.rf.a4136f6c38dde8afdd71e3c2fd5f93d6.jpg,vestboost_train_01676_jhboyo_train_01676_pos_93_jpg.rf.a4136f6c38dde8afdd71e3c2fd5f93d6,vest_ext,vest_ext:pos_93,0,1,0,a1d95c5e16c7f0f1e2fd6c78322b1d0f1c163ceb
vestboost_train_01677_jhboyo_train_01677_pos_941_jpg.rf.8f30dd97466de0c47aafadaf219f7f05.jpg,vestboost_train_01677_jhboyo_train_01677_pos_941_jpg.rf.8f30dd97466de0c47aafadaf219f7f05,vest_ext,vest_ext:pos_941,0,1,0,142da08776dd3e9e9f0ccb9aba7dd3755eb6ec12
vestboost_train_01678_jhboyo_train_01678_pos_954_jpg.rf.2656b4c9199867b740b7b57d5ce3d1e1.jpg,vestboost_train_01678_jhboyo_train_01678_pos_954_jpg.rf.2656b4c9199867b740b7b57d5ce3d1e1,vest_ext,vest_ext:pos_954,0,2,0,35d254ab3493775a9d88e05928186964dcbe099b
vestboost_train_01679_jhboyo_train_01679_pos_956_jpg.rf.f7a138c63fcadece4c50b27eeed84b9a.jpg,vestboost_train_01679_jhboyo_train_01679_pos_956_jpg.rf.f7a138c63fcadece4c50b27eeed84b9a,vest_ext,vest_ext:pos_956,0,1,0,61714c6e9cf439aa9b647857d9fbbd789a2fab95
vestboost_train_01680_jhboyo_train_01680_pos_958_jpg.rf.52e1647399221463c580e6d2f54ca739.jpg,vestboost_train_01680_jhboyo_train_01680_pos_958_jpg.rf.52e1647399221463c580e6d2f54ca739,vest_ext,vest_ext:pos_958,0,1,0,8b95f6d48d8fd3188d617bf2b1b54f230fe96306
vestboost_train_01681_jhboyo_train_01681_pos_959_jpg.rf.f7616ea03bae067ad12864e3799dba36.jpg,vestboost_train_01681_jhboyo_train_01681_pos_959_jpg.rf.f7616ea03bae067ad12864e3799dba36,vest_ext,vest_ext:pos_959,0,1,0,661717241b297d1e36689217b699137ca030d544
vestboost_train_01682_jhboyo_train_01682_pos_95_jpg.rf.fd7d1479411f7c0711f4017c9fe33112.jpg,vestboost_train_01682_jhboyo_train_01682_pos_95_jpg.rf.fd7d1479411f7c0711f4017c9fe33112,vest_ext,vest_ext:pos_95,0,1,0,b6083b468fa7d1d02b2c65167b36db1568756cbb
vestboost_train_01683_jhboyo_train_01683_pos_964_jpg.rf.8f54303205c77f48e640b599cc6185b5.jpg,vestboost_train_01683_jhboyo_train_01683_pos_964_jpg.rf.8f54303205c77f48e640b599cc6185b5,vest_ext,vest_ext:pos_964,0,5,0,a636fd68c6ec4a2a37b2e6fdcf0f000d180043d6
vestboost_train_01684_jhboyo_train_01684_pos_977_jpg.rf.672880387e6320bde6da4eb4eb3d180b.jpg,vestboost_train_01684_jhboyo_train_01684_pos_977_jpg.rf.672880387e6320bde6da4eb4eb3d180b,vest_ext,vest_ext:pos_977,0,2,0,5bb77d51f1c53b77277d64729293f5b6ea2e7452
vestboost_train_01685_jhboyo_train_01685_pos_97_jpg.rf.b4a34f83448520e2428088f7a5de2cee.jpg,vestboost_train_01685_jhboyo_train_01685_pos_97_jpg.rf.b4a34f83448520e2428088f7a5de2cee,vest_ext,vest_ext:pos_97,0,1,0,f09016592662fe75d3f45521d48a8641123f6a0d
vestboost_train_01686_jhboyo_train_01686_pos_981_jpg.rf.3a74643a85c34387ab5524a1db1e7ba3.jpg,vestboost_train_01686_jhboyo_train_01686_pos_981_jpg.rf.3a74643a85c34387ab5524a1db1e7ba3,vest_ext,vest_ext:pos_981,0,1,0,7f449c228080b431fb57da1ea148e41266591a76
vestboost_train_01687_jhboyo_train_01687_pos_982_jpg.rf.e812aa386f98170ad43365b0c654b8dc.jpg,vestboost_train_01687_jhboyo_train_01687_pos_982_jpg.rf.e812aa386f98170ad43365b0c654b8dc,vest_ext,vest_ext:pos_982,0,17,0,f1933972dc853f1428e77de6f70e84c97ebf6e77
vestboost_train_01688_jhboyo_train_01688_pos_986_jpg.rf.616a2b8f116a3611ec578a1dc72b9096.jpg,vestboost_train_01688_jhboyo_train_01688_pos_986_jpg.rf.616a2b8f116a3611ec578a1dc72b9096,vest_ext,vest_ext:pos_986,0,1,0,01b5c3384336d6291521c82899971e53204a1748
vestboost_train_01689_jhboyo_train_01689_pos_991_jpg.rf.df996ac43925286f22916c8024b80fff.jpg,vestboost_train_01689_jhboyo_train_01689_pos_991_jpg.rf.df996ac43925286f22916c8024b80fff,vest_ext,vest_ext:pos_991,0,6,0,3a609f57e9819cedaf41cfdc3d3dd2859306da19
vestboost_train_01690_jhboyo_train_01690_pos_99_jpg.rf.12c8965c30a80df6feaba926cc6856d4.jpg,vestboost_train_01690_jhboyo_train_01690_pos_99_jpg.rf.12c8965c30a80df6feaba926cc6856d4,vest_ext,vest_ext:pos_99,0,2,0,1b87a11d02f5fc8875f50718e679a0f955df867f
vestboost_train_01691_jhboyo_train_01691_ppe_0001_jpg.rf.9296e7716e97fbccc060d80df941fba2.jpg,vestboost_train_01691_jhboyo_train_01691_ppe_0001_jpg.rf.9296e7716e97fbccc060d80df941fba2,vest_ext,vest_ext:ppe_0001,0,1,0,99a82645516d6c7ac9679a2f2d373abb4ccbd526
vestboost_train_01692_jhboyo_train_01692_ppe_0002_jpg.rf.74cbf750e7b5aeb29390f92e3a1338ad.jpg,vestboost_train_01692_jhboyo_train_01692_ppe_0002_jpg.rf.74cbf750e7b5aeb29390f92e3a1338ad,vest_ext,vest_ext:ppe_0002,0,2,0,c10694089ad2cfa2f2e3796a2bdc1271170392c2
vestboost_train_01693_jhboyo_train_01693_ppe_0003_jpg.rf.2c08a4e8e5ad2e997469d44220626d31.jpg,vestboost_train_01693_jhboyo_train_01693_ppe_0003_jpg.rf.2c08a4e8e5ad2e997469d44220626d31,vest_ext,vest_ext:ppe_0003,0,1,0,f0494ce50e61c9531bfb1e9f2b0c02fd23968f1c
vestboost_train_01694_jhboyo_train_01694_ppe_0004_jpg.rf.da13b5441fa4444e9a23f6a4cff0d058.jpg,vestboost_train_01694_jhboyo_train_01694_ppe_0004_jpg.rf.da13b5441fa4444e9a23f6a4cff0d058,vest_ext,vest_ext:ppe_0004,0,3,0,3aba7f53d9ab6448752f392bc12522427812c19c
vestboost_train_01695_jhboyo_train_01695_ppe_0005_jpg.rf.1342c1c0d0a822bc0bb38af5e78f755e.jpg,vestboost_train_01695_jhboyo_train_01695_ppe_0005_jpg.rf.1342c1c0d0a822bc0bb38af5e78f755e,vest_ext,vest_ext:ppe_0005,0,1,0,0b21886bcfe3d5db26001053de1bf86e636557ee
vestboost_train_01696_jhboyo_train_01696_ppe_0008_jpg.rf.1a6dd8f3a299bc86f3114a928a7cde63.jpg,vestboost_train_01696_jhboyo_train_01696_ppe_0008_jpg.rf.1a6dd8f3a299bc86f3114a928a7cde63,vest_ext,vest_ext:ppe_0008,0,4,0,618ed526ea83cb150a3c468614ebf897d771de35
vestboost_train_01697_jhboyo_train_01697_ppe_0009_jpg.rf.90ea454488fa803ecd21e434e07e5992.jpg,vestboost_train_01697_jhboyo_train_01697_ppe_0009_jpg.rf.90ea454488fa803ecd21e434e07e5992,vest_ext,vest_ext:ppe_0009,0,2,0,6ff14e70a22737237eb70efe828dc9463c8bd2f7
vestboost_train_01698_jhboyo_train_01698_ppe_0011_jpg.rf.481beae4c33913b9098926c9abf0a02e.jpg,vestboost_train_01698_jhboyo_train_01698_ppe_0011_jpg.rf.481beae4c33913b9098926c9abf0a02e,vest_ext,vest_ext:ppe_0011,0,1,0,d34d18a195dca532f3de06eae0d3001955392cd6
vestboost_train_01699_jhboyo_train_01699_ppe_0012_jpg.rf.c4140f6431fecb4e563a1d554ca46a86.jpg,vestboost_train_01699_jhboyo_train_01699_ppe_0012_jpg.rf.c4140f6431fecb4e563a1d554ca46a86,vest_ext,vest_ext:ppe_0012,0,1,0,712fcae6ef556f8ff258b53483791cf877521f33
vestboost_train_01700_jhboyo_train_01700_ppe_0013_jpg.rf.5e01a483668e9da69aca606fb8e85501.jpg,vestboost_train_01700_jhboyo_train_01700_ppe_0013_jpg.rf.5e01a483668e9da69aca606fb8e85501,vest_ext,vest_ext:ppe_0013,0,1,0,9b1faa9332a9278eedd859ccbe4537d425861061
vestboost_train_01701_jhboyo_train_01701_ppe_0016_jpg.rf.1754a0d76f4070db95e9852771d81e9e.jpg,vestboost_train_01701_jhboyo_train_01701_ppe_0016_jpg.rf.1754a0d76f4070db95e9852771d81e9e,vest_ext,vest_ext:ppe_0016,0,4,0,35e5809a2a5db6a23975246291994e5d746cc478
vestboost_train_01702_jhboyo_train_01702_ppe_0022_jpg.rf.87ccce0c059427ec72540480259658fc.jpg,vestboost_train_01702_jhboyo_train_01702_ppe_0022_jpg.rf.87ccce0c059427ec72540480259658fc,vest_ext,vest_ext:ppe_0022,0,1,0,0a77da18e314ccbb153d03120cdacc220405752e
vestboost_train_01703_jhboyo_train_01703_ppe_0023_jpg.rf.4f9552a7b17b77e0ad3114227f98d86f.jpg,vestboost_train_01703_jhboyo_train_01703_ppe_0023_jpg.rf.4f9552a7b17b77e0ad3114227f98d86f,vest_ext,vest_ext:ppe_0023,0,5,0,8a6b451d6badb591e8e47ad9636d990c9d8f1ec7
vestboost_train_01704_jhboyo_train_01704_ppe_0024_jpg.rf.949fb145adb60286bc47585ddd18e5fd.jpg,vestboost_train_01704_jhboyo_train_01704_ppe_0024_jpg.rf.949fb145adb60286bc47585ddd18e5fd,vest_ext,vest_ext:ppe_0024,0,2,0,b390dd7d620449f1d78506a5b085a3bf8bd7d8ef
vestboost_train_01705_jhboyo_train_01705_ppe_0026_jpg.rf.fa091eab849a866cdc110405c60f3301.jpg,vestboost_train_01705_jhboyo_train_01705_ppe_0026_jpg.rf.fa091eab849a866cdc110405c60f3301,vest_ext,vest_ext:ppe_0026,0,1,0,6b2321bb3cd177743ed240fe67eb2967f3142505
vestboost_train_01706_jhboyo_train_01706_ppe_0027_jpg.rf.ae93be2e1cb3f1119c8425b6260c7dfb.jpg,vestboost_train_01706_jhboyo_train_01706_ppe_0027_jpg.rf.ae93be2e1cb3f1119c8425b6260c7dfb,vest_ext,vest_ext:ppe_0027,0,3,0,34ae0784d4486ec7cb6dc90870dc096ae30b7dbf
vestboost_train_01707_jhboyo_train_01707_ppe_0029_jpg.rf.7eb66781c1f6915c3582f22eb08a5950.jpg,vestboost_train_01707_jhboyo_train_01707_ppe_0029_jpg.rf.7eb66781c1f6915c3582f22eb08a5950,vest_ext,vest_ext:ppe_0029,0,1,0,f40e6547f7b0e9c553fdee7d84ab74462a194e86
vestboost_train_01708_jhboyo_train_01708_ppe_0031_jpg.rf.b1fe5bafb1f7d5bf2164eb158478bf85.jpg,vestboost_train_01708_jhboyo_train_01708_ppe_0031_jpg.rf.b1fe5bafb1f7d5bf2164eb158478bf85,vest_ext,vest_ext:ppe_0031,0,1,0,21e28f9519d06b6c4f98c8e779c9a97b798bca5b
vestboost_train_01709_jhboyo_train_01709_ppe_0033_jpg.rf.c177b904cf83c3598bdc7e7dbdc323e9.jpg,vestboost_train_01709_jhboyo_train_01709_ppe_0033_jpg.rf.c177b904cf83c3598bdc7e7dbdc323e9,vest_ext,vest_ext:ppe_0033,0,4,0,e6ff22bd8f58bf07d06b6894d1a86c3256faa105
vestboost_train_01710_jhboyo_train_01710_ppe_0035_jpg.rf.f03643bb3cbe62e9d3e45500abe752e1.jpg,vestboost_train_01710_jhboyo_train_01710_ppe_0035_jpg.rf.f03643bb3cbe62e9d3e45500abe752e1,vest_ext,vest_ext:ppe_0035,0,1,0,f0535f87360f2263b7283b2935a8a15b479d48fa
vestboost_train_01711_jhboyo_train_01711_ppe_0037_jpg.rf.8f456059288f666c229071eea1c103ff.jpg,vestboost_train_01711_jhboyo_train_01711_ppe_0037_jpg.rf.8f456059288f666c229071eea1c103ff,vest_ext,vest_ext:ppe_0037,0,2,0,89a29773dd9e7b0527803b95607221a25d48a83b
vestboost_train_01712_jhboyo_train_01712_ppe_0038_jpg.rf.ab6db0c0616ec43b458129d3779a4f81.jpg,vestboost_train_01712_jhboyo_train_01712_ppe_0038_jpg.rf.ab6db0c0616ec43b458129d3779a4f81,vest_ext,vest_ext:ppe_0038,0,4,0,baee0ed6b245d9cadf765cef9b5b8c63d99c6b7f
vestboost_train_01713_jhboyo_train_01713_ppe_0044_jpg.rf.5ef179fec36ecc1a8b1a5a34c420674a.jpg,vestboost_train_01713_jhboyo_train_01713_ppe_0044_jpg.rf.5ef179fec36ecc1a8b1a5a34c420674a,vest_ext,vest_ext:ppe_0044,0,1,0,d9425a1372483f0e7e48f90a4dd4d91979d995b4
vestboost_train_01714_jhboyo_train_01714_ppe_0048_jpg.rf.4ca0f7611208d6b459234ae0b00633db.jpg,vestboost_train_01714_jhboyo_train_01714_ppe_0048_jpg.rf.4ca0f7611208d6b459234ae0b00633db,vest_ext,vest_ext:ppe_0048,0,8,0,6daf2d3ba47cbbfb41dd6d342609bb04b97e8860
vestboost_train_01715_jhboyo_train_01715_ppe_0052_jpg.rf.68751dca14da02064203c1d5eb0d588b.jpg,vestboost_train_01715_jhboyo_train_01715_ppe_0052_jpg.rf.68751dca14da02064203c1d5eb0d588b,vest_ext,vest_ext:ppe_0052,0,2,0,c7526ea335fa3ae10b8906efc074b2302c5ce03a
vestboost_train_01716_jhboyo_train_01716_ppe_0053_jpg.rf.e25b87725f6088ac65c120d475a5ab92.jpg,vestboost_train_01716_jhboyo_train_01716_ppe_0053_jpg.rf.e25b87725f6088ac65c120d475a5ab92,vest_ext,vest_ext:ppe_0053,0,1,0,2cb8089b944678e142986567b715411f0a3a5918
vestboost_train_01717_jhboyo_train_01717_ppe_0056_jpg.rf.ad6782b2ec9baa7fa6c5fca2ca430437.jpg,vestboost_train_01717_jhboyo_train_01717_ppe_0056_jpg.rf.ad6782b2ec9baa7fa6c5fca2ca430437,vest_ext,vest_ext:ppe_0056,0,1,0,399f6311fb94eabdabb07f4d72d65a0dadea3b51
vestboost_train_01718_jhboyo_train_01718_ppe_0057_jpg.rf.d0a6caa7b1fb0bd803085387a5ede42b.jpg,vestboost_train_01718_jhboyo_train_01718_ppe_0057_jpg.rf.d0a6caa7b1fb0bd803085387a5ede42b,vest_ext,vest_ext:ppe_0057,0,3,0,6991cd570a79f6dbe78038643d74579364306f5d
vestboost_train_01719_jhboyo_train_01719_ppe_0058_jpg.rf.79e21943c9175f609316c3f6859b0f84.jpg,vestboost_train_01719_jhboyo_train_01719_ppe_0058_jpg.rf.79e21943c9175f609316c3f6859b0f84,vest_ext,vest_ext:ppe_0058,0,2,0,e235d118bde119a23fb778d9d5337cd3b8d9d931
vestboost_train_01720_jhboyo_train_01720_ppe_0063_jpg.rf.2dfddfe708d0d8c478376f5032c7bbc4.jpg,vestboost_train_01720_jhboyo_train_01720_ppe_0063_jpg.rf.2dfddfe708d0d8c478376f5032c7bbc4,vest_ext,vest_ext:ppe_0063,0,3,0,b85315c5f1eec5ff899b8b89740bea6c8eb806b9
vestboost_train_01721_jhboyo_train_01721_ppe_0064_jpg.rf.286ec8c8ebdcfe85ea475f40e7f810fb.jpg,vestboost_train_01721_jhboyo_train_01721_ppe_0064_jpg.rf.286ec8c8ebdcfe85ea475f40e7f810fb,vest_ext,vest_ext:ppe_0064,0,1,0,8a479ca3c54422db2d964e548174a96f351ba12a
vestboost_train_01722_jhboyo_train_01722_ppe_0066_jpg.rf.8536e2e10734ed27f7d65fd85c55aaf7.jpg,vestboost_train_01722_jhboyo_train_01722_ppe_0066_jpg.rf.8536e2e10734ed27f7d65fd85c55aaf7,vest_ext,vest_ext:ppe_0066,0,3,0,02ff500705fa85915d7e4a632fee0c06d7390f11
vestboost_train_01723_jhboyo_train_01723_ppe_0070_jpg.rf.8411d390504b7b8aa275747b1f5be580.jpg,vestboost_train_01723_jhboyo_train_01723_ppe_0070_jpg.rf.8411d390504b7b8aa275747b1f5be580,vest_ext,vest_ext:ppe_0070,0,1,0,0dd806ecbdf2742c8894025475517e7c49d27511
vestboost_train_01724_jhboyo_train_01724_ppe_0075_jpg.rf.464f53f56164833f140988a901e637b0.jpg,vestboost_train_01724_jhboyo_train_01724_ppe_0075_jpg.rf.464f53f56164833f140988a901e637b0,vest_ext,vest_ext:ppe_0075,0,1,0,43340d134e6145e889d53771229f8c04ba8dd911
vestboost_train_01725_jhboyo_train_01725_ppe_0076_jpg.rf.b92aaf9ec63078468bba4dc6a2db55ae.jpg,vestboost_train_01725_jhboyo_train_01725_ppe_0076_jpg.rf.b92aaf9ec63078468bba4dc6a2db55ae,vest_ext,vest_ext:ppe_0076,0,4,0,7997f840be161f4099566e89e75477b9cdf8f0fc
vestboost_train_01726_jhboyo_train_01726_ppe_0079_jpg.rf.db09016ae624c92437c9343879336bb0.jpg,vestboost_train_01726_jhboyo_train_01726_ppe_0079_jpg.rf.db09016ae624c92437c9343879336bb0,vest_ext,vest_ext:ppe_0079,0,2,0,319cfb80c3da5c8e66a08b95374b64ddbcd1399c
vestboost_train_01727_jhboyo_train_01727_ppe_0081_jpg.rf.c9b778b21547f772a89e412d04063307.jpg,vestboost_train_01727_jhboyo_train_01727_ppe_0081_jpg.rf.c9b778b21547f772a89e412d04063307,vest_ext,vest_ext:ppe_0081,0,1,0,ed664721e50623786010cb32da0099ee515e0dab
vestboost_train_01728_jhboyo_train_01728_ppe_0083_jpg.rf.19b88d672cabfcb03be83595dfe94d56.jpg,vestboost_train_01728_jhboyo_train_01728_ppe_0083_jpg.rf.19b88d672cabfcb03be83595dfe94d56,vest_ext,vest_ext:ppe_0083,0,1,0,216f9a469760207c6e114b6ef580ddf7fe5e551a
vestboost_train_01729_jhboyo_train_01729_ppe_0084_jpg.rf.03b19628d1676352b0407458f7dca175.jpg,vestboost_train_01729_jhboyo_train_01729_ppe_0084_jpg.rf.03b19628d1676352b0407458f7dca175,vest_ext,vest_ext:ppe_0084,0,3,0,18958e4afe256b7264c51bd17f10c59166107cd5
vestboost_train_01730_jhboyo_train_01730_ppe_0086_jpg.rf.0024094786b5816ae4fb8ea943aa2a68.jpg,vestboost_train_01730_jhboyo_train_01730_ppe_0086_jpg.rf.0024094786b5816ae4fb8ea943aa2a68,vest_ext,vest_ext:ppe_0086,0,3,0,fefbf2f937d218618cec703fa42725f247a7da07
vestboost_train_01731_jhboyo_train_01731_ppe_0089_jpg.rf.ac1d0e0ff004e7b5cc9c0122cbec40fb.jpg,vestboost_train_01731_jhboyo_train_01731_ppe_0089_jpg.rf.ac1d0e0ff004e7b5cc9c0122cbec40fb,vest_ext,vest_ext:ppe_0089,0,2,0,3b1aaa3b9524dcb21045457bcf9cfb1b6ffdad7f
vestboost_train_01732_jhboyo_train_01732_ppe_0090_jpg.rf.e530be3d2d8fc9d0b82fa4ec0bcdf7f9.jpg,vestboost_train_01732_jhboyo_train_01732_ppe_0090_jpg.rf.e530be3d2d8fc9d0b82fa4ec0bcdf7f9,vest_ext,vest_ext:ppe_0090,0,2,0,f06df8bc9e66915b525ad887ecc0de5a93c2c116
vestboost_train_01733_jhboyo_train_01733_ppe_0095_jpg.rf.01729af0b9ff588437725e06df69fb61.jpg,vestboost_train_01733_jhboyo_train_01733_ppe_0095_jpg.rf.01729af0b9ff588437725e06df69fb61,vest_ext,vest_ext:ppe_0095,0,1,0,3c77d6a7d594d51c90a5e5c98c5f94ce1d2281f6
vestboost_train_01734_jhboyo_train_01734_ppe_0098_jpg.rf.1f65213eab7bfbfa11d81c75c050587d.jpg,vestboost_train_01734_jhboyo_train_01734_ppe_0098_jpg.rf.1f65213eab7bfbfa11d81c75c050587d,vest_ext,vest_ext:ppe_0098,0,2,0,c3f999eec63774ad497cc3be780339f215b8ff6f
vestboost_train_01735_jhboyo_train_01735_ppe_0099_jpg.rf.cae93e57290ca944a71e5b51838eb6af.jpg,vestboost_train_01735_jhboyo_train_01735_ppe_0099_jpg.rf.cae93e57290ca944a71e5b51838eb6af,vest_ext,vest_ext:ppe_0099,0,1,0,414c652332e8955e17fe032e19c6f0352bfcab02
vestboost_train_01736_jhboyo_train_01736_ppe_0105_jpg.rf.9cd4113881c11d6dc0119ebe51ea0ec1.jpg,vestboost_train_01736_jhboyo_train_01736_ppe_0105_jpg.rf.9cd4113881c11d6dc0119ebe51ea0ec1,vest_ext,vest_ext:ppe_0105,0,1,0,5d21fe58cf19b7947ac2f58ad9c112cc44d998b6
vestboost_train_01737_jhboyo_train_01737_ppe_0108_jpg.rf.d6a000d0f8b853ab986cdf7ccd4d85fc.jpg,vestboost_train_01737_jhboyo_train_01737_ppe_0108_jpg.rf.d6a000d0f8b853ab986cdf7ccd4d85fc,vest_ext,vest_ext:ppe_0108,0,1,0,9b7b1d0176b46c582e26c6d9e89356a947d8faa5
vestboost_train_01738_jhboyo_train_01738_ppe_0114_jpg.rf.75f24968fda97caff8f19172e35d34f8.jpg,vestboost_train_01738_jhboyo_train_01738_ppe_0114_jpg.rf.75f24968fda97caff8f19172e35d34f8,vest_ext,vest_ext:ppe_0114,0,1,0,866226edf857e42e27d1f99d43a08c2953b0e480
vestboost_train_01739_jhboyo_train_01739_ppe_0116_jpg.rf.780cef764d1f22c7a6c22d75f8282d37.jpg,vestboost_train_01739_jhboyo_train_01739_ppe_0116_jpg.rf.780cef764d1f22c7a6c22d75f8282d37,vest_ext,vest_ext:ppe_0116,0,1,0,89537924485810639f743691b89179269116f0de
vestboost_train_01740_jhboyo_train_01740_ppe_0118_jpg.rf.0ca7e3626af766fa9d65790d1901389b.jpg,vestboost_train_01740_jhboyo_train_01740_ppe_0118_jpg.rf.0ca7e3626af766fa9d65790d1901389b,vest_ext,vest_ext:ppe_0118,0,1,0,c7006ed720f284b4004ff586b0cf515676ef7369
vestboost_train_01741_jhboyo_train_01741_ppe_0122_jpg.rf.1428d3ead68535b61ef30f7fb6eaa367.jpg,vestboost_train_01741_jhboyo_train_01741_ppe_0122_jpg.rf.1428d3ead68535b61ef30f7fb6eaa367,vest_ext,vest_ext:ppe_0122,0,2,0,806f2315030e5d2871f9976fe5e51d651d6e08ef
vestboost_train_01742_jhboyo_train_01742_ppe_0131_jpg.rf.c9bbc1b1f9c0e2c9680664a3fca6eb11.jpg,vestboost_train_01742_jhboyo_train_01742_ppe_0131_jpg.rf.c9bbc1b1f9c0e2c9680664a3fca6eb11,vest_ext,vest_ext:ppe_0131,0,1,0,c9037f15db02d72d8056af53f1b53f973e96ca2d
vestboost_train_01743_jhboyo_train_01743_ppe_0135_jpg.rf.7bdd34dabf4d953dd3399f92ca7ff390.jpg,vestboost_train_01743_jhboyo_train_01743_ppe_0135_jpg.rf.7bdd34dabf4d953dd3399f92ca7ff390,vest_ext,vest_ext:ppe_0135,0,4,0,140036c682bb4b721db0934239cc0719c8f86fce
vestboost_train_01744_jhboyo_train_01744_ppe_0138_jpg.rf.1f8da0466a43265b83e78d983e0e613e.jpg,vestboost_train_01744_jhboyo_train_01744_ppe_0138_jpg.rf.1f8da0466a43265b83e78d983e0e613e,vest_ext,vest_ext:ppe_0138,0,1,0,9d8593b444cf82d4d0fa505d9dc7f60bd8148149
vestboost_train_01745_jhboyo_train_01745_ppe_0139_jpg.rf.3d3841ba575ea7b78e7c83f30abd3a53.jpg,vestboost_train_01745_jhboyo_train_01745_ppe_0139_jpg.rf.3d3841ba575ea7b78e7c83f30abd3a53,vest_ext,vest_ext:ppe_0139,0,1,0,eb4bef72dc6bb708d79e94ca04dfa17e25dcee6e
vestboost_train_01746_jhboyo_train_01746_ppe_0140_jpg.rf.d9b2f54043e8ca54432c40ee774ba778.jpg,vestboost_train_01746_jhboyo_train_01746_ppe_0140_jpg.rf.d9b2f54043e8ca54432c40ee774ba778,vest_ext,vest_ext:ppe_0140,0,1,0,4639a75c43bc148cab3ef074c8d740b2f2e2a87b
vestboost_train_01747_jhboyo_train_01747_ppe_0142_jpg.rf.895a6b805aa99650a47cf348a08d3da2.jpg,vestboost_train_01747_jhboyo_train_01747_ppe_0142_jpg.rf.895a6b805aa99650a47cf348a08d3da2,vest_ext,vest_ext:ppe_0142,0,2,0,294de55971126b0d1a68f37b1a773618ae1222af
vestboost_train_01748_jhboyo_train_01748_ppe_0146_jpg.rf.d0da0d8f8ab73e094cc94ec781c04c64.jpg,vestboost_train_01748_jhboyo_train_01748_ppe_0146_jpg.rf.d0da0d8f8ab73e094cc94ec781c04c64,vest_ext,vest_ext:ppe_0146,0,1,0,1852cf0ada18b1d69e9b895fd7769edaeb09d230
vestboost_train_01749_jhboyo_train_01749_ppe_0149_jpg.rf.0922d2d15393de39c2cc3f6c29d458fc.jpg,vestboost_train_01749_jhboyo_train_01749_ppe_0149_jpg.rf.0922d2d15393de39c2cc3f6c29d458fc,vest_ext,vest_ext:ppe_0149,0,6,0,d5b9c3581b99e93f1b9764b0dcb727a1997d3536
vestboost_train_01750_jhboyo_train_01750_ppe_0153_jpg.rf.4176383c8ced3e25420319cd91b832d9.jpg,vestboost_train_01750_jhboyo_train_01750_ppe_0153_jpg.rf.4176383c8ced3e25420319cd91b832d9,vest_ext,vest_ext:ppe_0153,0,2,0,d2a40a124f917e0d2f3ec50ca903b8214194046d
vestboost_train_01751_jhboyo_train_01751_ppe_0154_jpg.rf.3b5acfd168d54ca5ed5a09fbf5331f3b.jpg,vestboost_train_01751_jhboyo_train_01751_ppe_0154_jpg.rf.3b5acfd168d54ca5ed5a09fbf5331f3b,vest_ext,vest_ext:ppe_0154,0,3,0,1d5f5a8c59211af3a33978e7cc77e7651fa36e97
vestboost_train_01752_jhboyo_train_01752_ppe_0156_jpg.rf.6c1e9916fb611f8e4e651d2852b22af5.jpg,vestboost_train_01752_jhboyo_train_01752_ppe_0156_jpg.rf.6c1e9916fb611f8e4e651d2852b22af5,vest_ext,vest_ext:ppe_0156,0,3,0,4de13db76cf791235c05c5bc3e1be5898eefe5f3
vestboost_train_01753_jhboyo_train_01753_ppe_0157_jpg.rf.98abac40e043d3ec4910a2a689af73d5.jpg,vestboost_train_01753_jhboyo_train_01753_ppe_0157_jpg.rf.98abac40e043d3ec4910a2a689af73d5,vest_ext,vest_ext:ppe_0157,0,1,0,3f9045cbfcc8b0a2eab0497891893b2619a12d13
vestboost_train_01754_jhboyo_train_01754_ppe_0158_jpg.rf.28a4cc37bfe1f62c3fb886b80674c6d6.jpg,vestboost_train_01754_jhboyo_train_01754_ppe_0158_jpg.rf.28a4cc37bfe1f62c3fb886b80674c6d6,vest_ext,vest_ext:ppe_0158,0,2,0,32434aa861fc9c00cba2ca8096a45f9baa1bfa77
vestboost_train_01755_jhboyo_train_01755_ppe_0159_jpg.rf.2ec63210cf2df1f15796e04def5edfe6.jpg,vestboost_train_01755_jhboyo_train_01755_ppe_0159_jpg.rf.2ec63210cf2df1f15796e04def5edfe6,vest_ext,vest_ext:ppe_0159,0,1,0,3ebe0b0cd2d544891d52a21d29cb81f5316e44e9
vestboost_train_01756_jhboyo_train_01756_ppe_0160_jpg.rf.c950708678120c1e45e05ec41b191183.jpg,vestboost_train_01756_jhboyo_train_01756_ppe_0160_jpg.rf.c950708678120c1e45e05ec41b191183,vest_ext,vest_ext:ppe_0160,0,1,0,7c6a2c9ae0ffc3542c4f79fbf0f4552ba6288d89
vestboost_train_01757_jhboyo_train_01757_ppe_0165_jpg.rf.96bd627fa765610086a7920e3c0549b5.jpg,vestboost_train_01757_jhboyo_train_01757_ppe_0165_jpg.rf.96bd627fa765610086a7920e3c0549b5,vest_ext,vest_ext:ppe_0165,0,1,0,26e9907cac270b9cf4af990d8420ba95f5c9f242
vestboost_train_01758_jhboyo_train_01758_ppe_0167_jpg.rf.95d0d4b60cbd20d1ac49419b95e1233c.jpg,vestboost_train_01758_jhboyo_train_01758_ppe_0167_jpg.rf.95d0d4b60cbd20d1ac49419b95e1233c,vest_ext,vest_ext:ppe_0167,0,1,0,9aa3924c92a9d70bdbbb4e751f8c8aafb541d100
vestboost_train_01759_jhboyo_train_01759_ppe_0168_jpg.rf.20fb7a82140723cf4436239cb0511637.jpg,vestboost_train_01759_jhboyo_train_01759_ppe_0168_jpg.rf.20fb7a82140723cf4436239cb0511637,vest_ext,vest_ext:ppe_0168,0,1,0,53ff4d01442214bbac9b10e7f5efca333f5b2853
vestboost_train_01760_jhboyo_train_01760_ppe_0172_jpg.rf.c0d686ba7a9202919cb1ce4eac6d4885.jpg,vestboost_train_01760_jhboyo_train_01760_ppe_0172_jpg.rf.c0d686ba7a9202919cb1ce4eac6d4885,vest_ext,vest_ext:ppe_0172,0,3,0,4ae35edce96ec8dc8d6930590a1034385b7c2d8b
vestboost_train_01761_jhboyo_train_01761_ppe_0174_jpg.rf.e977de1a7b3f10efbd25fedd47c42633.jpg,vestboost_train_01761_jhboyo_train_01761_ppe_0174_jpg.rf.e977de1a7b3f10efbd25fedd47c42633,vest_ext,vest_ext:ppe_0174,0,1,0,092a56864142dce5affb30a29fb3b0d8fc3e114c
vestboost_train_01762_jhboyo_train_01762_ppe_0175_jpg.rf.f0589351e7f3a48311d277503be9221c.jpg,vestboost_train_01762_jhboyo_train_01762_ppe_0175_jpg.rf.f0589351e7f3a48311d277503be9221c,vest_ext,vest_ext:ppe_0175,0,1,0,a58510ea28f0a886ac26b01619bfd793bebb798a
vestboost_train_01763_jhboyo_train_01763_ppe_0176_jpg.rf.2b73a70f32b3215fc8f03c5ebd89fb61.jpg,vestboost_train_01763_jhboyo_train_01763_ppe_0176_jpg.rf.2b73a70f32b3215fc8f03c5ebd89fb61,vest_ext,vest_ext:ppe_0176,0,3,0,63dca5889b7178264c9618cd2978ed929737dd22
vestboost_train_01764_jhboyo_train_01764_ppe_0179_jpg.rf.55433299d1e8e47966a62696306a03b3.jpg,vestboost_train_01764_jhboyo_train_01764_ppe_0179_jpg.rf.55433299d1e8e47966a62696306a03b3,vest_ext,vest_ext:ppe_0179,0,1,0,f12b317b4150146146be2da9b294066ff6e829ef
vestboost_train_01765_jhboyo_train_01765_ppe_0181_jpg.rf.51e7c82a8c6cef4f4b3d3350303025aa.jpg,vestboost_train_01765_jhboyo_train_01765_ppe_0181_jpg.rf.51e7c82a8c6cef4f4b3d3350303025aa,vest_ext,vest_ext:ppe_0181,0,1,0,5aa7cf624c334d1b3cee2a7cdfa734be72e99f55
vestboost_train_01766_jhboyo_train_01766_ppe_0183_jpg.rf.b0ef796f53bd191bdc78e2fb1d4bd6ce.jpg,vestboost_train_01766_jhboyo_train_01766_ppe_0183_jpg.rf.b0ef796f53bd191bdc78e2fb1d4bd6ce,vest_ext,vest_ext:ppe_0183,0,7,0,9cc41f1f460d961bf88c83f6cfd5b99dd94e94ba
vestboost_train_01767_jhboyo_train_01767_ppe_0184_jpg.rf.c094c22d520526175c21ebc63d3127bc.jpg,vestboost_train_01767_jhboyo_train_01767_ppe_0184_jpg.rf.c094c22d520526175c21ebc63d3127bc,vest_ext,vest_ext:ppe_0184,0,1,0,f68ea7f9da9ae90b7f73be716f83afe57f72ef34
vestboost_train_01768_jhboyo_train_01768_ppe_0188_jpg.rf.aa73bda744d7fe3a52caa362384cfd2c.jpg,vestboost_train_01768_jhboyo_train_01768_ppe_0188_jpg.rf.aa73bda744d7fe3a52caa362384cfd2c,vest_ext,vest_ext:ppe_0188,0,1,0,7403faaf05efa4e1f9181ebcf95db47fc956f298
vestboost_train_01769_jhboyo_train_01769_ppe_0191_jpg.rf.cbe89f71a24f89575ef3d2ecbc4f3274.jpg,vestboost_train_01769_jhboyo_train_01769_ppe_0191_jpg.rf.cbe89f71a24f89575ef3d2ecbc4f3274,vest_ext,vest_ext:ppe_0191,0,3,0,669525f9917022a78ff9752a74a04b8f4fe99d55
vestboost_train_01770_jhboyo_train_01770_ppe_0192_jpg.rf.bf6f8783803d10d879c281ba911ae6e1.jpg,vestboost_train_01770_jhboyo_train_01770_ppe_0192_jpg.rf.bf6f8783803d10d879c281ba911ae6e1,vest_ext,vest_ext:ppe_0192,0,1,0,ef7acf55314a61b28ac762180778952cfa12578a
vestboost_train_01771_jhboyo_train_01771_ppe_0198_jpg.rf.f309c1fce42501e858c9c2b2a95cdb4b.jpg,vestboost_train_01771_jhboyo_train_01771_ppe_0198_jpg.rf.f309c1fce42501e858c9c2b2a95cdb4b,vest_ext,vest_ext:ppe_0198,0,3,0,34c59938b56695c793b2008832af569c81237315
vestboost_train_01772_jhboyo_train_01772_ppe_0200_jpg.rf.db749a82aad7b26659f42c462afc58b6.jpg,vestboost_train_01772_jhboyo_train_01772_ppe_0200_jpg.rf.db749a82aad7b26659f42c462afc58b6,vest_ext,vest_ext:ppe_0200,0,2,0,6bd19456c38922d6cd2b6fc2e71c1423a6b92388
vestboost_train_01773_jhboyo_train_01773_ppe_0203_jpg.rf.4420db9247435cab421220cd3393e28b.jpg,vestboost_train_01773_jhboyo_train_01773_ppe_0203_jpg.rf.4420db9247435cab421220cd3393e28b,vest_ext,vest_ext:ppe_0203,0,1,0,76f2d248ecea7d89f89d01f5331050926d3e3b9e
vestboost_train_01774_jhboyo_train_01774_ppe_0206_jpg.rf.6f32dc8f5613a099ec2d7193e1da3bd0.jpg,vestboost_train_01774_jhboyo_train_01774_ppe_0206_jpg.rf.6f32dc8f5613a099ec2d7193e1da3bd0,vest_ext,vest_ext:ppe_0206,0,7,0,5107ba231472dee72887f8938be3071d446926f8
vestboost_train_01775_jhboyo_train_01775_ppe_0213_jpg.rf.17c752a0c720eaa1751b588ea695e2c8.jpg,vestboost_train_01775_jhboyo_train_01775_ppe_0213_jpg.rf.17c752a0c720eaa1751b588ea695e2c8,vest_ext,vest_ext:ppe_0213,0,2,0,75d3c700c92596e6babfec3359a2953397d6364e
vestboost_train_01776_jhboyo_train_01776_ppe_0215_jpg.rf.74f22507e77e94dee1409726980e2a76.jpg,vestboost_train_01776_jhboyo_train_01776_ppe_0215_jpg.rf.74f22507e77e94dee1409726980e2a76,vest_ext,vest_ext:ppe_0215,0,1,0,15b8dc1a68e0c6eab755fd84b45379a790b5ce49
vestboost_train_01777_jhboyo_train_01777_ppe_0218_jpg.rf.fb709679dee9e63e3563aed4f3044a5f.jpg,vestboost_train_01777_jhboyo_train_01777_ppe_0218_jpg.rf.fb709679dee9e63e3563aed4f3044a5f,vest_ext,vest_ext:ppe_0218,0,4,0,5d3f79e7b7e36aeff74bc8532dd220187013c517
vestboost_train_01778_jhboyo_train_01778_ppe_0220_jpg.rf.2b07addb7f361111ab52d4184ac7ca24.jpg,vestboost_train_01778_jhboyo_train_01778_ppe_0220_jpg.rf.2b07addb7f361111ab52d4184ac7ca24,vest_ext,vest_ext:ppe_0220,0,1,0,e99ed9b3f12aad92507986fbeaf7a2cd321aee0f
vestboost_train_01779_jhboyo_train_01779_ppe_0222_jpg.rf.39d89fa67eb654cd38806ff934da5663.jpg,vestboost_train_01779_jhboyo_train_01779_ppe_0222_jpg.rf.39d89fa67eb654cd38806ff934da5663,vest_ext,vest_ext:ppe_0222,0,2,0,71fea4bf71d70438369846675bbf1082d468c580
vestboost_train_01780_jhboyo_train_01780_ppe_0228_jpg.rf.64f81fc4be38eb225386f1bf5ef0ad24.jpg,vestboost_train_01780_jhboyo_train_01780_ppe_0228_jpg.rf.64f81fc4be38eb225386f1bf5ef0ad24,vest_ext,vest_ext:ppe_0228,0,3,0,06e5061b59f78972be5c98ba79879e92fa8d7940
vestboost_train_01781_jhboyo_train_01781_ppe_0229_jpg.rf.1b630b00bcdc028a6004a836cc95e55a.jpg,vestboost_train_01781_jhboyo_train_01781_ppe_0229_jpg.rf.1b630b00bcdc028a6004a836cc95e55a,vest_ext,vest_ext:ppe_0229,0,3,0,51915cedbeb3f986f5a76612574e101a0d685a14
vestboost_train_01782_jhboyo_train_01782_ppe_0231_jpg.rf.7fea42d6110191637aaa8e11957605fd.jpg,vestboost_train_01782_jhboyo_train_01782_ppe_0231_jpg.rf.7fea42d6110191637aaa8e11957605fd,vest_ext,vest_ext:ppe_0231,0,2,0,215d8ebc0da64ceb0cbec361f7eb46528dbb79f0
vestboost_train_01783_jhboyo_train_01783_ppe_0238_jpg.rf.09fa19ed90b8197695b8c586fd7b97eb.jpg,vestboost_train_01783_jhboyo_train_01783_ppe_0238_jpg.rf.09fa19ed90b8197695b8c586fd7b97eb,vest_ext,vest_ext:ppe_0238,0,1,0,09e3c9a351f4bece5e4002dde99b242debb7ec21
vestboost_train_01784_jhboyo_train_01784_ppe_0240_jpg.rf.f7cf16980588aa7d12bd5213fb69ef0b.jpg,vestboost_train_01784_jhboyo_train_01784_ppe_0240_jpg.rf.f7cf16980588aa7d12bd5213fb69ef0b,vest_ext,vest_ext:ppe_0240,0,1,0,750928b8945bb1f3bd4a1293460ee72b1439aa4d
vestboost_train_01785_jhboyo_train_01785_ppe_0241_jpg.rf.335d2ce9fd284ec09a139691e5d58e83.jpg,vestboost_train_01785_jhboyo_train_01785_ppe_0241_jpg.rf.335d2ce9fd284ec09a139691e5d58e83,vest_ext,vest_ext:ppe_0241,0,2,0,feb7cee05e94be9de12ca1423caa9996e5a5fcf7
vestboost_train_01786_jhboyo_train_01786_ppe_0244_jpg.rf.634abd57dce652896277279e5fc21c6b.jpg,vestboost_train_01786_jhboyo_train_01786_ppe_0244_jpg.rf.634abd57dce652896277279e5fc21c6b,vest_ext,vest_ext:ppe_0244,0,1,0,56353e78e882469b31b7bfd537664e07728081a2
vestboost_train_01787_jhboyo_train_01787_ppe_0248_jpg.rf.3d1c45ca042d80c20484e598bf37f7e5.jpg,vestboost_train_01787_jhboyo_train_01787_ppe_0248_jpg.rf.3d1c45ca042d80c20484e598bf37f7e5,vest_ext,vest_ext:ppe_0248,0,6,0,47235b6ee718fb1c10f16c8d2e36ede429e87af5
vestboost_train_01788_jhboyo_train_01788_ppe_0257_jpg.rf.a3365ea92a77072794b21a6e66e98bb8.jpg,vestboost_train_01788_jhboyo_train_01788_ppe_0257_jpg.rf.a3365ea92a77072794b21a6e66e98bb8,vest_ext,vest_ext:ppe_0257,0,1,0,a9b6c1c625310f6340778ba0e224cf57576d62d3
vestboost_train_01789_jhboyo_train_01789_ppe_0259_jpg.rf.2451fceb11270239dc6cb0152a7bc0bf.jpg,vestboost_train_01789_jhboyo_train_01789_ppe_0259_jpg.rf.2451fceb11270239dc6cb0152a7bc0bf,vest_ext,vest_ext:ppe_0259,0,1,0,2d578bb940e0e7fbb4bd3e2a7f480a8c30369119
vestboost_train_01790_jhboyo_train_01790_ppe_0260_jpg.rf.a862e177121d53c6769c5ac0cba50d5b.jpg,vestboost_train_01790_jhboyo_train_01790_ppe_0260_jpg.rf.a862e177121d53c6769c5ac0cba50d5b,vest_ext,vest_ext:ppe_0260,0,7,0,954ea05012acf0fdd8c8cfe6e2235a717980e1fa
vestboost_train_01791_jhboyo_train_01791_ppe_0264_jpg.rf.bbe4a5cf501efed359a45e478c01a9bc.jpg,vestboost_train_01791_jhboyo_train_01791_ppe_0264_jpg.rf.bbe4a5cf501efed359a45e478c01a9bc,vest_ext,vest_ext:ppe_0264,0,1,0,11dcffd8d35b3fed36fe84edc2926ce4a565bf10
vestboost_train_01792_jhboyo_train_01792_ppe_0265_jpg.rf.591824da6bd5533314c8a62d0d94937f.jpg,vestboost_train_01792_jhboyo_train_01792_ppe_0265_jpg.rf.591824da6bd5533314c8a62d0d94937f,vest_ext,vest_ext:ppe_0265,0,1,0,adc66bb39736c9405f0c3f7c06e0e6a76aa9303d
vestboost_train_01793_jhboyo_train_01793_ppe_0268_jpg.rf.124d340b6da6b4c8ebc55a6708e51808.jpg,vestboost_train_01793_jhboyo_train_01793_ppe_0268_jpg.rf.124d340b6da6b4c8ebc55a6708e51808,vest_ext,vest_ext:ppe_0268,0,2,0,e5bf29367a7a8030aae0a6db9dedddaeb7528023
vestboost_train_01794_jhboyo_train_01794_ppe_0269_jpg.rf.99971a8b497047c9b20f0a8d53dc9a96.jpg,vestboost_train_01794_jhboyo_train_01794_ppe_0269_jpg.rf.99971a8b497047c9b20f0a8d53dc9a96,vest_ext,vest_ext:ppe_0269,0,1,0,e2eef2cfe24b7ed64aefd20313440fb6bceafe94
vestboost_train_01795_jhboyo_train_01795_ppe_0270_jpg.rf.5445270dcd62284f2fb30506d440869a.jpg,vestboost_train_01795_jhboyo_train_01795_ppe_0270_jpg.rf.5445270dcd62284f2fb30506d440869a,vest_ext,vest_ext:ppe_0270,0,1,0,ad9d55d633a5b22e4cfeff3ae49e5586e6265dd2
vestboost_train_01796_jhboyo_train_01796_ppe_0271_jpg.rf.470a31a3c81bee6e6ac77357c98f4d48.jpg,vestboost_train_01796_jhboyo_train_01796_ppe_0271_jpg.rf.470a31a3c81bee6e6ac77357c98f4d48,vest_ext,vest_ext:ppe_0271,0,3,0,61a3b75c420123ec9e780566ae60de3b3a6d0d94
vestboost_train_01797_jhboyo_train_01797_ppe_0279_jpg.rf.5c21cb5592a60b0f5ab7005e1bb5289d.jpg,vestboost_train_01797_jhboyo_train_01797_ppe_0279_jpg.rf.5c21cb5592a60b0f5ab7005e1bb5289d,vest_ext,vest_ext:ppe_0279,0,1,0,ad8d70fd1ebcaf99dfec63aae197990dd4360db2
vestboost_train_01798_jhboyo_train_01798_ppe_0281_jpg.rf.9c2740c15d3845a190435dcfe711d877.jpg,vestboost_train_01798_jhboyo_train_01798_ppe_0281_jpg.rf.9c2740c15d3845a190435dcfe711d877,vest_ext,vest_ext:ppe_0281,0,2,0,a3cb5c1712ab7a766383d30cb6cbee2db1d65ddc
vestboost_train_01799_jhboyo_train_01799_ppe_0282_jpg.rf.2e66f14192839f273878f3758cdff0c2.jpg,vestboost_train_01799_jhboyo_train_01799_ppe_0282_jpg.rf.2e66f14192839f273878f3758cdff0c2,vest_ext,vest_ext:ppe_0282,0,4,0,74aa795257ea911f2af4f66ec8aac7190f7e2f06
vestboost_train_01800_jhboyo_train_01800_ppe_0283_jpg.rf.6d56602ec37d50071a62c334eb6d07df.jpg,vestboost_train_01800_jhboyo_train_01800_ppe_0283_jpg.rf.6d56602ec37d50071a62c334eb6d07df,vest_ext,vest_ext:ppe_0283,0,1,0,7aa539d5eefe53220d822f8d1c547af2d7005daf
vestboost_train_01801_jhboyo_train_01801_ppe_0288_jpg.rf.2ad09e76a479dc56e357a7d9d8ec66aa.jpg,vestboost_train_01801_jhboyo_train_01801_ppe_0288_jpg.rf.2ad09e76a479dc56e357a7d9d8ec66aa,vest_ext,vest_ext:ppe_0288,0,1,0,76c76ba084783d971d5aa3cc7602f3607a5ad2a3
vestboost_train_01802_jhboyo_train_01802_ppe_0289_jpg.rf.9674aab45463b0e516b6fbbddc2d82dd.jpg,vestboost_train_01802_jhboyo_train_01802_ppe_0289_jpg.rf.9674aab45463b0e516b6fbbddc2d82dd,vest_ext,vest_ext:ppe_0289,0,1,0,916fe99ba462e300f1574cf1d12d0ea7534b2d23
vestboost_train_01803_jhboyo_train_01803_ppe_0298_jpg.rf.a7f862144b4467c4fc7d794e737d6bd0.jpg,vestboost_train_01803_jhboyo_train_01803_ppe_0298_jpg.rf.a7f862144b4467c4fc7d794e737d6bd0,vest_ext,vest_ext:ppe_0298,0,1,0,2ae069228939743fcd078211e337a39acc177664
vestboost_train_01804_jhboyo_train_01804_ppe_0299_jpg.rf.5288d825bea4c918453e6e9caf400bd9.jpg,vestboost_train_01804_jhboyo_train_01804_ppe_0299_jpg.rf.5288d825bea4c918453e6e9caf400bd9,vest_ext,vest_ext:ppe_0299,0,2,0,76887938c083f7b3a209f8eb7890ceb852fc1c79
vestboost_train_01805_jhboyo_train_01805_ppe_0301_jpg.rf.ab005a88827189e859b956fb82260be5.jpg,vestboost_train_01805_jhboyo_train_01805_ppe_0301_jpg.rf.ab005a88827189e859b956fb82260be5,vest_ext,vest_ext:ppe_0301,0,2,0,26a6f47ee9a11a0609d199df8615b1387ff699eb
vestboost_train_01806_jhboyo_train_01806_ppe_0302_jpg.rf.aad8eda0829fb4f9cf2d57a37c1fc3b7.jpg,vestboost_train_01806_jhboyo_train_01806_ppe_0302_jpg.rf.aad8eda0829fb4f9cf2d57a37c1fc3b7,vest_ext,vest_ext:ppe_0302,0,2,0,901abd19564fd67b091b76a435f34d0b9b4feecc
vestboost_train_01807_jhboyo_train_01807_ppe_0303_jpg.rf.bf3a85c3af69a02e45bdb0378cbf5aa1.jpg,vestboost_train_01807_jhboyo_train_01807_ppe_0303_jpg.rf.bf3a85c3af69a02e45bdb0378cbf5aa1,vest_ext,vest_ext:ppe_0303,0,3,0,06221b18e5cc575a898541e7cc0e0822c9640d1e
vestboost_train_01808_jhboyo_train_01808_ppe_0305_jpg.rf.a565754032f5ed3fa0e7cda3c5cb8bbd.jpg,vestboost_train_01808_jhboyo_train_01808_ppe_0305_jpg.rf.a565754032f5ed3fa0e7cda3c5cb8bbd,vest_ext,vest_ext:ppe_0305,0,3,0,0c519d95a52de43ba1f8f89005c3bf6f816bac53
vestboost_train_01809_jhboyo_train_01809_ppe_0306_jpg.rf.4d14a4fb3b46d09588ed739d1a098a36.jpg,vestboost_train_01809_jhboyo_train_01809_ppe_0306_jpg.rf.4d14a4fb3b46d09588ed739d1a098a36,vest_ext,vest_ext:ppe_0306,0,3,0,59a11c182a0097286311891adede77d8ab55ab0b
vestboost_train_01810_jhboyo_train_01810_ppe_0307_jpg.rf.7576fcd350bf7a5f09a49cf73cf668e9.jpg,vestboost_train_01810_jhboyo_train_01810_ppe_0307_jpg.rf.7576fcd350bf7a5f09a49cf73cf668e9,vest_ext,vest_ext:ppe_0307,0,1,0,4c570c123de4b848ec49abe718616194f1865ac0
vestboost_train_01811_jhboyo_train_01811_ppe_0308_jpg.rf.ff3b7e4bace36e066246952b71a760e0.jpg,vestboost_train_01811_jhboyo_train_01811_ppe_0308_jpg.rf.ff3b7e4bace36e066246952b71a760e0,vest_ext,vest_ext:ppe_0308,0,1,0,45dc259b4fcd56a089d4494ae1a9350d46a2f69d
vestboost_train_01812_jhboyo_train_01812_ppe_0309_jpg.rf.76066344ae27798d318a00dd1c86ea99.jpg,vestboost_train_01812_jhboyo_train_01812_ppe_0309_jpg.rf.76066344ae27798d318a00dd1c86ea99,vest_ext,vest_ext:ppe_0309,0,1,0,bc0da68140c9c1be178709a823a66065cf62b1b8
vestboost_train_01813_jhboyo_train_01813_ppe_0310_jpg.rf.adfd9a2a429f48eeb51a11e2474deba5.jpg,vestboost_train_01813_jhboyo_train_01813_ppe_0310_jpg.rf.adfd9a2a429f48eeb51a11e2474deba5,vest_ext,vest_ext:ppe_0310,0,1,0,44a16629a32e2e27e22622dbdaac8b77672158fa
vestboost_train_01814_jhboyo_train_01814_ppe_0311_jpg.rf.2aafa5f2896290271d820fb4b2ee9d6d.jpg,vestboost_train_01814_jhboyo_train_01814_ppe_0311_jpg.rf.2aafa5f2896290271d820fb4b2ee9d6d,vest_ext,vest_ext:ppe_0311,0,1,0,73fdd994bd3cd149649f8a9e2a09e2ef794ff01c
vestboost_train_01815_jhboyo_train_01815_ppe_0314_jpg.rf.502bb8d2b546ac151aa7545fc9d857f2.jpg,vestboost_train_01815_jhboyo_train_01815_ppe_0314_jpg.rf.502bb8d2b546ac151aa7545fc9d857f2,vest_ext,vest_ext:ppe_0314,0,1,0,afc773561c40091ceea33665f47570e642218ec2
vestboost_train_01816_jhboyo_train_01816_ppe_0318_jpg.rf.e1a83cc3ff6811888839bc8485775405.jpg,vestboost_train_01816_jhboyo_train_01816_ppe_0318_jpg.rf.e1a83cc3ff6811888839bc8485775405,vest_ext,vest_ext:ppe_0318,0,1,0,02b3e9b5dc7ad19a278b2336c8b052c8d0931858
vestboost_train_01817_jhboyo_train_01817_ppe_0321_jpg.rf.6305f118b1731f1d44dc4292e2e0ca0c.jpg,vestboost_train_01817_jhboyo_train_01817_ppe_0321_jpg.rf.6305f118b1731f1d44dc4292e2e0ca0c,vest_ext,vest_ext:ppe_0321,0,1,0,95d73d11248aa57374e409da7a854d4fc788c6b3
vestboost_train_01818_jhboyo_train_01818_ppe_0326_jpg.rf.7f5ca771ff7981890b7c8167d42c5f13.jpg,vestboost_train_01818_jhboyo_train_01818_ppe_0326_jpg.rf.7f5ca771ff7981890b7c8167d42c5f13,vest_ext,vest_ext:ppe_0326,0,1,0,1aff62ac1f4d1fe5644a8f9f549d18a3381dc001
vestboost_train_01819_jhboyo_train_01819_ppe_0328_jpg.rf.4303234265f048bdd8822bae930b9ddf.jpg,vestboost_train_01819_jhboyo_train_01819_ppe_0328_jpg.rf.4303234265f048bdd8822bae930b9ddf,vest_ext,vest_ext:ppe_0328,0,4,0,eee88edc61284f97e9a2dd03027d523e13ea8316
vestboost_train_01820_jhboyo_train_01820_ppe_0334_jpg.rf.a96da024cc71f3d15fcb3a18cc7d1edc.jpg,vestboost_train_01820_jhboyo_train_01820_ppe_0334_jpg.rf.a96da024cc71f3d15fcb3a18cc7d1edc,vest_ext,vest_ext:ppe_0334,0,1,0,db6c1d1a3ce2b7040372db1441ef3bcbed0ab7f6
vestboost_train_01821_jhboyo_train_01821_ppe_0336_jpg.rf.6b2e68e77dec587c2a2f6c6e03e680ff.jpg,vestboost_train_01821_jhboyo_train_01821_ppe_0336_jpg.rf.6b2e68e77dec587c2a2f6c6e03e680ff,vest_ext,vest_ext:ppe_0336,0,1,0,b9f0ce0223cae1d72b8a357ab864a8b54fde1f32
vestboost_train_01822_jhboyo_train_01822_ppe_0337_jpg.rf.a9b57cafa3e9120be0a296b8908a0017.jpg,vestboost_train_01822_jhboyo_train_01822_ppe_0337_jpg.rf.a9b57cafa3e9120be0a296b8908a0017,vest_ext,vest_ext:ppe_0337,0,2,0,8a6e50d4b4117e4482a1f06b8524b8b859d2a7ce
vestboost_train_01823_jhboyo_train_01823_ppe_0340_jpg.rf.caf2570890a104173b74f9400e143704.jpg,vestboost_train_01823_jhboyo_train_01823_ppe_0340_jpg.rf.caf2570890a104173b74f9400e143704,vest_ext,vest_ext:ppe_0340,0,3,0,b049451d8b53118b76acdfbb5d497176c95caf17
vestboost_train_01824_jhboyo_train_01824_ppe_0342_jpg.rf.2409848eb48b5e4998f451998a6e626c.jpg,vestboost_train_01824_jhboyo_train_01824_ppe_0342_jpg.rf.2409848eb48b5e4998f451998a6e626c,vest_ext,vest_ext:ppe_0342,0,4,0,52f0519e2e3e33e449c675f961ba413e6c6d9848
vestboost_train_01825_jhboyo_train_01825_ppe_0343_jpg.rf.4315d8997a83cf21f8e6246a5def169a.jpg,vestboost_train_01825_jhboyo_train_01825_ppe_0343_jpg.rf.4315d8997a83cf21f8e6246a5def169a,vest_ext,vest_ext:ppe_0343,0,1,0,26dd5ca7447f3104e70102f8b320027487e1b570
vestboost_train_01826_jhboyo_train_01826_ppe_0344_jpg.rf.0d7185f5d4a90032243cff3c101d45ba.jpg,vestboost_train_01826_jhboyo_train_01826_ppe_0344_jpg.rf.0d7185f5d4a90032243cff3c101d45ba,vest_ext,vest_ext:ppe_0344,0,3,0,9cf7594fd95952fd77ccb9f831e13790b25b598d
vestboost_train_01827_jhboyo_train_01827_ppe_0353_jpg.rf.92e7a4cb3a6c58039cf165b66a74383d.jpg,vestboost_train_01827_jhboyo_train_01827_ppe_0353_jpg.rf.92e7a4cb3a6c58039cf165b66a74383d,vest_ext,vest_ext:ppe_0353,0,4,0,2fd7bb24b3394924ea66606c54baa06d871cca84
vestboost_train_01828_jhboyo_train_01828_ppe_0354_jpg.rf.426493013cd925403a282617b2081195.jpg,vestboost_train_01828_jhboyo_train_01828_ppe_0354_jpg.rf.426493013cd925403a282617b2081195,vest_ext,vest_ext:ppe_0354,0,2,0,1b3a6acb3f34ad7aa66f83b941350b5b574c7820
vestboost_train_01829_jhboyo_train_01829_ppe_0359_jpg.rf.f5fbe585e224a29218bc94ebe28adab7.jpg,vestboost_train_01829_jhboyo_train_01829_ppe_0359_jpg.rf.f5fbe585e224a29218bc94ebe28adab7,vest_ext,vest_ext:ppe_0359,0,1,0,066ee731eef767217dfe1ad97f02715073a7610b
vestboost_train_01830_jhboyo_train_01830_ppe_0362_jpg.rf.b65a6b92b4587032990a86e0f8143998.jpg,vestboost_train_01830_jhboyo_train_01830_ppe_0362_jpg.rf.b65a6b92b4587032990a86e0f8143998,vest_ext,vest_ext:ppe_0362,0,2,0,73370839b955e142fb3713f06933416d4724bc8d
vestboost_train_01831_jhboyo_train_01831_ppe_0364_jpg.rf.a7946645b1fb608cfde4705504e3e26b.jpg,vestboost_train_01831_jhboyo_train_01831_ppe_0364_jpg.rf.a7946645b1fb608cfde4705504e3e26b,vest_ext,vest_ext:ppe_0364,0,1,0,15ae1aa90f75c736269f5ad18f7606fcbb337638
vestboost_train_01832_jhboyo_train_01832_ppe_0367_jpg.rf.d888bad6cac78845e1ebabee2201fca5.jpg,vestboost_train_01832_jhboyo_train_01832_ppe_0367_jpg.rf.d888bad6cac78845e1ebabee2201fca5,vest_ext,vest_ext:ppe_0367,0,1,0,9adecc5fbe779912ea6e0f775d3b311d58af8c70
vestboost_train_01833_jhboyo_train_01833_ppe_0369_jpg.rf.b46a2a9e9497ff7ef02293894db3a780.jpg,vestboost_train_01833_jhboyo_train_01833_ppe_0369_jpg.rf.b46a2a9e9497ff7ef02293894db3a780,vest_ext,vest_ext:ppe_0369,0,1,0,791d19f90024a2725caeabade9fe91c4464e6608
vestboost_train_01834_jhboyo_train_01834_ppe_0374_jpg.rf.d9a9e6a46574ea62f84257f5155a1f8b.jpg,vestboost_train_01834_jhboyo_train_01834_ppe_0374_jpg.rf.d9a9e6a46574ea62f84257f5155a1f8b,vest_ext,vest_ext:ppe_0374,0,5,0,364b316e6d91ca9209b80ef9a9b7efbec98caa88
vestboost_train_01835_jhboyo_train_01835_ppe_0375_jpg.rf.23e5a2d7ac17638832779291d17517d2.jpg,vestboost_train_01835_jhboyo_train_01835_ppe_0375_jpg.rf.23e5a2d7ac17638832779291d17517d2,vest_ext,vest_ext:ppe_0375,0,5,0,dca3e6d1f3da67804b0ac9604b5501eac9f9da16
vestboost_train_01836_jhboyo_train_01836_ppe_0378_jpg.rf.e4d37f630dff14822387b525e0e014fb.jpg,vestboost_train_01836_jhboyo_train_01836_ppe_0378_jpg.rf.e4d37f630dff14822387b525e0e014fb,vest_ext,vest_ext:ppe_0378,0,1,0,7241d3e9a1af5078a3208d5734d73249045a1b56
vestboost_train_01837_jhboyo_train_01837_ppe_0381_jpg.rf.d5eb922a2928940d755a986d9b3a349b.jpg,vestboost_train_01837_jhboyo_train_01837_ppe_0381_jpg.rf.d5eb922a2928940d755a986d9b3a349b,vest_ext,vest_ext:ppe_0381,0,1,0,839de24d13932fae22e92a88cc7becf2432dac0b
vestboost_train_01838_jhboyo_train_01838_ppe_0382_jpg.rf.f9c41b3933ed0245f6434bdda643005e.jpg,vestboost_train_01838_jhboyo_train_01838_ppe_0382_jpg.rf.f9c41b3933ed0245f6434bdda643005e,vest_ext,vest_ext:ppe_0382,0,2,0,13ad9500e1b651cf379a88dbf274a592798102c5
vestboost_train_01839_jhboyo_train_01839_ppe_0383_jpg.rf.f847357959fcc9fcf2362430bbc14676.jpg,vestboost_train_01839_jhboyo_train_01839_ppe_0383_jpg.rf.f847357959fcc9fcf2362430bbc14676,vest_ext,vest_ext:ppe_0383,0,2,0,743e75dcaab087ea3376f8c810c3b2f6d357ca3d
vestboost_train_01840_jhboyo_train_01840_ppe_0384_jpg.rf.7b890b327f0e99f9d5126e81b269110e.jpg,vestboost_train_01840_jhboyo_train_01840_ppe_0384_jpg.rf.7b890b327f0e99f9d5126e81b269110e,vest_ext,vest_ext:ppe_0384,0,4,0,8785d932f2db0f46f23b1cd3c5839b50be8a65a4
vestboost_train_01841_jhboyo_train_01841_ppe_0387_jpg.rf.9e486b2238e5315694945f8a129a9f77.jpg,vestboost_train_01841_jhboyo_train_01841_ppe_0387_jpg.rf.9e486b2238e5315694945f8a129a9f77,vest_ext,vest_ext:ppe_0387,0,2,0,84c1f1849b96da9d5af425b444e6fec59eece719
vestboost_train_01842_jhboyo_train_01842_ppe_0390_jpg.rf.c0e4600ec9237fb085af1b04e57cd1bf.jpg,vestboost_train_01842_jhboyo_train_01842_ppe_0390_jpg.rf.c0e4600ec9237fb085af1b04e57cd1bf,vest_ext,vest_ext:ppe_0390,0,1,0,a1d6db27073dce119c6637568e946d6f3660d823
vestboost_train_01843_jhboyo_train_01843_ppe_0392_jpg.rf.25ee91066efa7118528b78ea19653493.jpg,vestboost_train_01843_jhboyo_train_01843_ppe_0392_jpg.rf.25ee91066efa7118528b78ea19653493,vest_ext,vest_ext:ppe_0392,0,1,0,cd105fe8e54515d033127b8bf2a5fdb1c004138b
vestboost_train_01844_jhboyo_train_01844_ppe_0394_jpg.rf.55a7b622c458725c13026c0c0510f3b3.jpg,vestboost_train_01844_jhboyo_train_01844_ppe_0394_jpg.rf.55a7b622c458725c13026c0c0510f3b3,vest_ext,vest_ext:ppe_0394,0,1,0,065a1d70949de16d3df1a359b3f7a208b93abdac
vestboost_train_01845_jhboyo_train_01845_ppe_0395_jpg.rf.bb83c80312b6f4a884e6e99b1833365c.jpg,vestboost_train_01845_jhboyo_train_01845_ppe_0395_jpg.rf.bb83c80312b6f4a884e6e99b1833365c,vest_ext,vest_ext:ppe_0395,0,2,0,bfa4298d2193474bce258b6bab29e1d356303fc2
vestboost_train_01846_jhboyo_train_01846_ppe_0396_jpg.rf.e84cf7f5bae710c33db85b6fd99009ee.jpg,vestboost_train_01846_jhboyo_train_01846_ppe_0396_jpg.rf.e84cf7f5bae710c33db85b6fd99009ee,vest_ext,vest_ext:ppe_0396,0,1,0,4b61a822437c8c0efc4f458141c1b37484f18765
vestboost_train_01847_jhboyo_train_01847_ppe_0398_jpg.rf.d400334b10189d888a48fb31f9fee77b.jpg,vestboost_train_01847_jhboyo_train_01847_ppe_0398_jpg.rf.d400334b10189d888a48fb31f9fee77b,vest_ext,vest_ext:ppe_0398,0,3,0,b46917f27ce3fd29e6154bb8adcb2f41b6c1cc94
vestboost_train_01848_jhboyo_train_01848_ppe_0405_jpg.rf.62ba29ddde63e4f976b688f507d95ddf.jpg,vestboost_train_01848_jhboyo_train_01848_ppe_0405_jpg.rf.62ba29ddde63e4f976b688f507d95ddf,vest_ext,vest_ext:ppe_0405,0,1,0,cf9e8803a3cd0bf2abc114947e6968b7d7a1b915
vestboost_train_01849_jhboyo_train_01849_ppe_0407_jpg.rf.92531e65cba7d7d52df754a147d210be.jpg,vestboost_train_01849_jhboyo_train_01849_ppe_0407_jpg.rf.92531e65cba7d7d52df754a147d210be,vest_ext,vest_ext:ppe_0407,0,8,0,a151c75a8bd4923ca70ae0d369ca9a23d4e3134a
vestboost_train_01850_jhboyo_train_01850_ppe_0408_jpg.rf.b123ede1af8f8f1b743f289eaf81fb93.jpg,vestboost_train_01850_jhboyo_train_01850_ppe_0408_jpg.rf.b123ede1af8f8f1b743f289eaf81fb93,vest_ext,vest_ext:ppe_0408,0,3,0,167f5fc2b6a5cf356317ca5c402f778238761297
vestboost_train_01851_jhboyo_train_01851_ppe_0413_jpg.rf.570b2203146cc603ce35ad31b162244b.jpg,vestboost_train_01851_jhboyo_train_01851_ppe_0413_jpg.rf.570b2203146cc603ce35ad31b162244b,vest_ext,vest_ext:ppe_0413,0,1,0,b9d8f7b550b0952040a54f21997e65b9ef8cfb64
vestboost_train_01852_jhboyo_train_01852_ppe_0415_jpg.rf.645f290e9f9d085403b0c0310e5669bc.jpg,vestboost_train_01852_jhboyo_train_01852_ppe_0415_jpg.rf.645f290e9f9d085403b0c0310e5669bc,vest_ext,vest_ext:ppe_0415,0,1,0,36c58c48e431a21e7b2a58e82712130972dbf2f5
vestboost_train_01853_jhboyo_train_01853_ppe_0416_jpg.rf.69e2f65e7fab6655e43888e4eeab8d1d.jpg,vestboost_train_01853_jhboyo_train_01853_ppe_0416_jpg.rf.69e2f65e7fab6655e43888e4eeab8d1d,vest_ext,vest_ext:ppe_0416,0,1,0,135b7c4210ea0a9c96249dece792afc65680c0a0
vestboost_train_01854_jhboyo_train_01854_ppe_0418_jpg.rf.66fe409dde2061adbdfb1df69a405cf0.jpg,vestboost_train_01854_jhboyo_train_01854_ppe_0418_jpg.rf.66fe409dde2061adbdfb1df69a405cf0,vest_ext,vest_ext:ppe_0418,0,3,0,9e729a795716213a917b3dc320d08330f2cd049c
vestboost_train_01855_jhboyo_train_01855_ppe_0423_jpg.rf.6e0b5225f6cc3ad3f4188c22e9039d50.jpg,vestboost_train_01855_jhboyo_train_01855_ppe_0423_jpg.rf.6e0b5225f6cc3ad3f4188c22e9039d50,vest_ext,vest_ext:ppe_0423,0,2,0,23663dfabaa206d024a54be45328b022ce384a41
vestboost_train_01856_jhboyo_train_01856_ppe_0426_jpg.rf.27e45ace8e4aaade1aa8bf6940e04186.jpg,vestboost_train_01856_jhboyo_train_01856_ppe_0426_jpg.rf.27e45ace8e4aaade1aa8bf6940e04186,vest_ext,vest_ext:ppe_0426,0,2,0,76a2a01f57151690171081cbf48c3ca1864d225a
vestboost_train_01857_jhboyo_train_01857_ppe_0428_jpg.rf.c775ae9f80dec0b6c48116c044c4cda1.jpg,vestboost_train_01857_jhboyo_train_01857_ppe_0428_jpg.rf.c775ae9f80dec0b6c48116c044c4cda1,vest_ext,vest_ext:ppe_0428,0,1,0,05e5503a7fba8d5c6286087940c725c5c6a02161
vestboost_train_01858_jhboyo_train_01858_ppe_0434_jpg.rf.2f994d129a56a1926641cd54054d0933.jpg,vestboost_train_01858_jhboyo_train_01858_ppe_0434_jpg.rf.2f994d129a56a1926641cd54054d0933,vest_ext,vest_ext:ppe_0434,0,1,0,afd027d09170379d32ee7503ec73e718c00d574c
vestboost_train_01859_jhboyo_train_01859_ppe_0437_jpg.rf.dd371ec75499526798cf56fca7b06c02.jpg,vestboost_train_01859_jhboyo_train_01859_ppe_0437_jpg.rf.dd371ec75499526798cf56fca7b06c02,vest_ext,vest_ext:ppe_0437,0,3,0,6d0b57d53f32c1b7781d362bb50a6be2dea28a72
vestboost_train_01860_jhboyo_train_01860_ppe_0438_jpg.rf.3db344ce6fda789605c5a7020768a17a.jpg,vestboost_train_01860_jhboyo_train_01860_ppe_0438_jpg.rf.3db344ce6fda789605c5a7020768a17a,vest_ext,vest_ext:ppe_0438,0,1,0,f71277febb102229747d83d8d5292dc284d21c01
vestboost_train_01861_jhboyo_train_01861_ppe_0442_jpg.rf.d46576bedb40b18efa935caa69c2f90c.jpg,vestboost_train_01861_jhboyo_train_01861_ppe_0442_jpg.rf.d46576bedb40b18efa935caa69c2f90c,vest_ext,vest_ext:ppe_0442,0,3,0,dfd8d67620d24e2e87dc797c8dc5d2fd091e39c8
vestboost_train_01862_jhboyo_train_01862_ppe_0446_jpg.rf.61e895a7e3dad150ae8476ff68b71f40.jpg,vestboost_train_01862_jhboyo_train_01862_ppe_0446_jpg.rf.61e895a7e3dad150ae8476ff68b71f40,vest_ext,vest_ext:ppe_0446,0,2,0,c75e1dedd1f11a9855ecd602ffba8d7831d388a3
vestboost_train_01863_jhboyo_train_01863_ppe_0448_jpg.rf.531dadf08e0b7348cb537f171504a0b9.jpg,vestboost_train_01863_jhboyo_train_01863_ppe_0448_jpg.rf.531dadf08e0b7348cb537f171504a0b9,vest_ext,vest_ext:ppe_0448,0,2,0,a6d2274a9df4364e8ac3b9f969ad4e50015a39cc
vestboost_train_01864_jhboyo_train_01864_ppe_0449_jpg.rf.bd672d64aa642769e7b6ec7091255beb.jpg,vestboost_train_01864_jhboyo_train_01864_ppe_0449_jpg.rf.bd672d64aa642769e7b6ec7091255beb,vest_ext,vest_ext:ppe_0449,0,3,0,0708aede256c050d4baabf90f083328b4c0d4ecd
vestboost_train_01865_jhboyo_train_01865_ppe_0455_jpg.rf.67a9ccb20cd93e168c28ca6dc325cc8e.jpg,vestboost_train_01865_jhboyo_train_01865_ppe_0455_jpg.rf.67a9ccb20cd93e168c28ca6dc325cc8e,vest_ext,vest_ext:ppe_0455,0,1,0,4c1d70ceed46e59f4b17f0d85526d4395444f04c
vestboost_train_01866_jhboyo_train_01866_ppe_0456_jpg.rf.1f5a2fb31f4526a0f1063f9adb00ab04.jpg,vestboost_train_01866_jhboyo_train_01866_ppe_0456_jpg.rf.1f5a2fb31f4526a0f1063f9adb00ab04,vest_ext,vest_ext:ppe_0456,0,1,0,2e483aafa457ef5ee46020152d379769bbacaec4
vestboost_train_01867_jhboyo_train_01867_ppe_0457_jpg.rf.cd507d23643451330421774c82336aab.jpg,vestboost_train_01867_jhboyo_train_01867_ppe_0457_jpg.rf.cd507d23643451330421774c82336aab,vest_ext,vest_ext:ppe_0457,0,1,0,deed07e6c23360d3204d898e1393611b2f207016
vestboost_train_01868_jhboyo_train_01868_ppe_0460_jpg.rf.9a51f691e658e51e7d79484e8a1e7c9b.jpg,vestboost_train_01868_jhboyo_train_01868_ppe_0460_jpg.rf.9a51f691e658e51e7d79484e8a1e7c9b,vest_ext,vest_ext:ppe_0460,0,5,0,44ac3fd510244d0e275eec7ef0ead5d11f262554
vestboost_train_01869_jhboyo_train_01869_ppe_0468_jpg.rf.c17fef70230378db7b50f0d132c8862f.jpg,vestboost_train_01869_jhboyo_train_01869_ppe_0468_jpg.rf.c17fef70230378db7b50f0d132c8862f,vest_ext,vest_ext:ppe_0468,0,3,0,7b9992f2ead13db804321db4ad69b235a84d05d3
vestboost_train_01870_jhboyo_train_01870_ppe_0470_jpg.rf.b2ae9361e795b94e961b3086581dd3f4.jpg,vestboost_train_01870_jhboyo_train_01870_ppe_0470_jpg.rf.b2ae9361e795b94e961b3086581dd3f4,vest_ext,vest_ext:ppe_0470,0,1,0,feb5afbd3f25d835660c06675434b3f8dc4978a1
vestboost_train_01871_jhboyo_train_01871_ppe_0471_jpg.rf.c76c24e89908fd5eaa414a8d43e0b16b.jpg,vestboost_train_01871_jhboyo_train_01871_ppe_0471_jpg.rf.c76c24e89908fd5eaa414a8d43e0b16b,vest_ext,vest_ext:ppe_0471,0,2,0,87183a853527ac204728a3b2c9703b2752300e9d
vestboost_train_01872_jhboyo_train_01872_ppe_0473_jpg.rf.953e24defe14d92d7087d7979a3c7b6f.jpg,vestboost_train_01872_jhboyo_train_01872_ppe_0473_jpg.rf.953e24defe14d92d7087d7979a3c7b6f,vest_ext,vest_ext:ppe_0473,0,3,0,3d5a04f2d8472d25df9148ee207f48ce691b48fb
vestboost_train_01873_jhboyo_train_01873_ppe_0475_jpg.rf.18cd3b51e91dab01841f774af3dfa3da.jpg,vestboost_train_01873_jhboyo_train_01873_ppe_0475_jpg.rf.18cd3b51e91dab01841f774af3dfa3da,vest_ext,vest_ext:ppe_0475,0,1,0,1421868fd409c2b1f4449ee28ca5258817a18950
vestboost_train_01874_jhboyo_train_01874_ppe_0477_jpg.rf.93bd561a74cc6ba97920c9c60a016eae.jpg,vestboost_train_01874_jhboyo_train_01874_ppe_0477_jpg.rf.93bd561a74cc6ba97920c9c60a016eae,vest_ext,vest_ext:ppe_0477,0,2,0,5ef5d3ac5db8fb947b7841ae1e627836a9e3bab0
vestboost_train_01875_jhboyo_train_01875_ppe_0480_jpg.rf.bc54fefb57a3eed02cf4b9d24ef40b50.jpg,vestboost_train_01875_jhboyo_train_01875_ppe_0480_jpg.rf.bc54fefb57a3eed02cf4b9d24ef40b50,vest_ext,vest_ext:ppe_0480,0,1,0,9c134b3a0d68d5082a06d0d6c75273e46c952f2e
vestboost_train_01876_jhboyo_train_01876_ppe_0483_jpg.rf.b162b3b0b7c5a9e5f9497782f229db6a.jpg,vestboost_train_01876_jhboyo_train_01876_ppe_0483_jpg.rf.b162b3b0b7c5a9e5f9497782f229db6a,vest_ext,vest_ext:ppe_0483,0,1,0,caaddb5e509702ca713752c920462fdfa912a8c6
vestboost_train_01877_jhboyo_train_01877_ppe_0485_jpg.rf.e14c9e22b19fe75625a1dade820dea6a.jpg,vestboost_train_01877_jhboyo_train_01877_ppe_0485_jpg.rf.e14c9e22b19fe75625a1dade820dea6a,vest_ext,vest_ext:ppe_0485,0,1,0,a27e931abb6e8a0ec088837393c54f163b1cc917
vestboost_train_01878_jhboyo_train_01878_ppe_0486_jpg.rf.e3ba738e4a33286b10ef7c495c03c50a.jpg,vestboost_train_01878_jhboyo_train_01878_ppe_0486_jpg.rf.e3ba738e4a33286b10ef7c495c03c50a,vest_ext,vest_ext:ppe_0486,0,1,0,779c9ece9256bc224aed76a8e05648263b5c9952
vestboost_train_01879_jhboyo_train_01879_ppe_0487_jpg.rf.1e6947680d6117a310b09bf968bc0d46.jpg,vestboost_train_01879_jhboyo_train_01879_ppe_0487_jpg.rf.1e6947680d6117a310b09bf968bc0d46,vest_ext,vest_ext:ppe_0487,0,1,0,6d1d4236dbe38846c3e2f268d3e6a52f371cbe0e
vestboost_train_01880_jhboyo_train_01880_ppe_0488_jpg.rf.8e43356050565da94d5de4145e5b9dad.jpg,vestboost_train_01880_jhboyo_train_01880_ppe_0488_jpg.rf.8e43356050565da94d5de4145e5b9dad,vest_ext,vest_ext:ppe_0488,0,1,0,58ea6af4f9d57110b89b0330beb1859634ff1f38
vestboost_train_01881_jhboyo_train_01881_ppe_0489_jpg.rf.e3a129eaa2d559a48fe13f196ca4f041.jpg,vestboost_train_01881_jhboyo_train_01881_ppe_0489_jpg.rf.e3a129eaa2d559a48fe13f196ca4f041,vest_ext,vest_ext:ppe_0489,0,1,0,3db1097e7b8b4e6a943dd3a6c2e93c6f8ef97a59
vestboost_train_01882_jhboyo_train_01882_ppe_0493_jpg.rf.36b376aca91ffbfc35b912df61beed23.jpg,vestboost_train_01882_jhboyo_train_01882_ppe_0493_jpg.rf.36b376aca91ffbfc35b912df61beed23,vest_ext,vest_ext:ppe_0493,0,2,0,abdeaa58bcc57e47b078d21078b1cb00efc54578
vestboost_train_01883_jhboyo_train_01883_ppe_0496_jpg.rf.b320be44eb948928c03d910d66d43a92.jpg,vestboost_train_01883_jhboyo_train_01883_ppe_0496_jpg.rf.b320be44eb948928c03d910d66d43a92,vest_ext,vest_ext:ppe_0496,0,1,0,00fdf3b896cc926bc881d50ce1e0ce5aaf42fd76
vestboost_train_01884_jhboyo_train_01884_ppe_0497_jpg.rf.4fa14aec8bdfe5dbab9efc4762e02fe3.jpg,vestboost_train_01884_jhboyo_train_01884_ppe_0497_jpg.rf.4fa14aec8bdfe5dbab9efc4762e02fe3,vest_ext,vest_ext:ppe_0497,0,1,0,fbec018f6e91a5f12e17f1f5500609ffe70cec2b
vestboost_train_01885_jhboyo_train_01885_ppe_0498_jpg.rf.1509af315831b6b3b253e6c4dd153757.jpg,vestboost_train_01885_jhboyo_train_01885_ppe_0498_jpg.rf.1509af315831b6b3b253e6c4dd153757,vest_ext,vest_ext:ppe_0498,0,3,0,25a7b74ca33a6c2fa024e57780e54c3cf059f753
vestboost_train_01886_jhboyo_train_01886_ppe_0499_jpg.rf.dc8dfcce1f11a103022a31b1ee5c24ad.jpg,vestboost_train_01886_jhboyo_train_01886_ppe_0499_jpg.rf.dc8dfcce1f11a103022a31b1ee5c24ad,vest_ext,vest_ext:ppe_0499,0,1,0,fd3892b937a39892a271c3e955c967fcee832356
vestboost_train_01887_jhboyo_train_01887_ppe_0501_jpg.rf.ef0cb7c08ff08167fd9a3b4b2cd50500.jpg,vestboost_train_01887_jhboyo_train_01887_ppe_0501_jpg.rf.ef0cb7c08ff08167fd9a3b4b2cd50500,vest_ext,vest_ext:ppe_0501,0,1,0,9ff66823ece91a2eaa396a1188b750affcfd333c
vestboost_train_01888_jhboyo_train_01888_ppe_0502_jpg.rf.d8dd109dcb5a5caf00c3ea1434c8d2b8.jpg,vestboost_train_01888_jhboyo_train_01888_ppe_0502_jpg.rf.d8dd109dcb5a5caf00c3ea1434c8d2b8,vest_ext,vest_ext:ppe_0502,0,1,0,d8b1e36473392744c3d0eafaf4419db64d764df8
vestboost_train_01889_jhboyo_train_01889_ppe_0503_jpg.rf.dfc52b74574329008ea801ad4da9738c.jpg,vestboost_train_01889_jhboyo_train_01889_ppe_0503_jpg.rf.dfc52b74574329008ea801ad4da9738c,vest_ext,vest_ext:ppe_0503,0,2,0,63ac313a217222f235d8508f473556978a370ae2
vestboost_train_01890_jhboyo_train_01890_ppe_0504_jpg.rf.36c66dbf40c15e7f1dc41d63734f0dc1.jpg,vestboost_train_01890_jhboyo_train_01890_ppe_0504_jpg.rf.36c66dbf40c15e7f1dc41d63734f0dc1,vest_ext,vest_ext:ppe_0504,0,1,0,ca5c2412d10ad74a1cf04c152708494ae4f6f284
vestboost_train_01891_jhboyo_train_01891_ppe_0506_jpg.rf.1325165ede4fd1950529b644b88c721f.jpg,vestboost_train_01891_jhboyo_train_01891_ppe_0506_jpg.rf.1325165ede4fd1950529b644b88c721f,vest_ext,vest_ext:ppe_0506,0,5,0,a4146ce7d4e8db80d43fb484b63b74807af9a3d5
vestboost_train_01892_jhboyo_train_01892_ppe_0510_jpg.rf.404b48e2d5b5709cf48a10458065bc76.jpg,vestboost_train_01892_jhboyo_train_01892_ppe_0510_jpg.rf.404b48e2d5b5709cf48a10458065bc76,vest_ext,vest_ext:ppe_0510,0,2,0,c35bc21d663dd4c5be416bad1787ec4a66194798
vestboost_train_01893_jhboyo_train_01893_ppe_0512_jpg.rf.3ad0f2510d093d19e4292c5d53a47af8.jpg,vestboost_train_01893_jhboyo_train_01893_ppe_0512_jpg.rf.3ad0f2510d093d19e4292c5d53a47af8,vest_ext,vest_ext:ppe_0512,0,1,0,799efa081cda1ae0085c74fddf317cfae3648d16
vestboost_train_01894_jhboyo_train_01894_ppe_0514_jpg.rf.2385582c6440bea2acd70960935db1d7.jpg,vestboost_train_01894_jhboyo_train_01894_ppe_0514_jpg.rf.2385582c6440bea2acd70960935db1d7,vest_ext,vest_ext:ppe_0514,0,1,0,28a7458bdcccdc19ee0ee2bfd645bf5dd65febb5
vestboost_train_01895_jhboyo_train_01895_ppe_0515_jpg.rf.1fd5e230dfd78d3e256a9c88f534039e.jpg,vestboost_train_01895_jhboyo_train_01895_ppe_0515_jpg.rf.1fd5e230dfd78d3e256a9c88f534039e,vest_ext,vest_ext:ppe_0515,0,4,0,7ef72a163b22dbd0d9525cb92718eaf2b120e820
vestboost_train_01896_jhboyo_train_01896_ppe_0522_jpg.rf.033377679a4be88a9ca61a6fb89cd8aa.jpg,vestboost_train_01896_jhboyo_train_01896_ppe_0522_jpg.rf.033377679a4be88a9ca61a6fb89cd8aa,vest_ext,vest_ext:ppe_0522,0,1,0,4b6881d2917b3538f5006a511dc90c0abd3f4bae
vestboost_train_01897_jhboyo_train_01897_ppe_0523_jpg.rf.36542960e9ad04ad5df4fdd3abf20a3b.jpg,vestboost_train_01897_jhboyo_train_01897_ppe_0523_jpg.rf.36542960e9ad04ad5df4fdd3abf20a3b,vest_ext,vest_ext:ppe_0523,0,2,0,1c815fa3569cb7846f1fd9a3a55cd05688b53054
vestboost_train_01898_jhboyo_train_01898_ppe_0531_jpg.rf.7389dd960f1174d34278ad8bdab7b130.jpg,vestboost_train_01898_jhboyo_train_01898_ppe_0531_jpg.rf.7389dd960f1174d34278ad8bdab7b130,vest_ext,vest_ext:ppe_0531,0,1,0,e8f76c8778bc743c8c8de6e41eeba6a6a2285415
vestboost_train_01899_jhboyo_train_01899_ppe_0534_jpg.rf.481b50c38d5f1da76e9806beda069101.jpg,vestboost_train_01899_jhboyo_train_01899_ppe_0534_jpg.rf.481b50c38d5f1da76e9806beda069101,vest_ext,vest_ext:ppe_0534,0,2,0,e6ce141e30289b80c3bdfe8b57f8b81705c9080f
vestboost_train_01900_jhboyo_train_01900_ppe_0535_jpg.rf.915cb213618724719cf4051363fd87f2.jpg,vestboost_train_01900_jhboyo_train_01900_ppe_0535_jpg.rf.915cb213618724719cf4051363fd87f2,vest_ext,vest_ext:ppe_0535,0,2,0,5d43c5bb1d0449ca9e68270226e0f318c950b60f
vestboost_train_01901_jhboyo_train_01901_ppe_0541_jpg.rf.d595fb243f4baf105349166222b938bd.jpg,vestboost_train_01901_jhboyo_train_01901_ppe_0541_jpg.rf.d595fb243f4baf105349166222b938bd,vest_ext,vest_ext:ppe_0541,0,1,0,36668b65d664568b29fe9d6c35cc6a057188dd54
vestboost_train_01902_jhboyo_train_01902_ppe_0542_jpg.rf.2bb3e1710591210f114996d7c20ba86d.jpg,vestboost_train_01902_jhboyo_train_01902_ppe_0542_jpg.rf.2bb3e1710591210f114996d7c20ba86d,vest_ext,vest_ext:ppe_0542,0,1,0,758ec0122ea993b5e170cf100a13cb70e2d0860b
vestboost_train_01903_jhboyo_train_01903_ppe_0545_jpg.rf.25f6070499e7c3a210ac7282af184183.jpg,vestboost_train_01903_jhboyo_train_01903_ppe_0545_jpg.rf.25f6070499e7c3a210ac7282af184183,vest_ext,vest_ext:ppe_0545,0,3,0,fd6b095f777dbf9ff85162b77c0a1cbfbc11c2af
vestboost_train_01904_jhboyo_train_01904_ppe_0547_jpg.rf.2158da1274fdf4c4a3061b3d37c68294.jpg,vestboost_train_01904_jhboyo_train_01904_ppe_0547_jpg.rf.2158da1274fdf4c4a3061b3d37c68294,vest_ext,vest_ext:ppe_0547,0,3,0,b421d9ec8374c0a6888cb425e922fa698407fc19
vestboost_train_01905_jhboyo_train_01905_ppe_0550_jpg.rf.7afe015eb0277b66a79fa79d4e596de7.jpg,vestboost_train_01905_jhboyo_train_01905_ppe_0550_jpg.rf.7afe015eb0277b66a79fa79d4e596de7,vest_ext,vest_ext:ppe_0550,0,1,0,8804d3beb7370d3fde3dc777a6eca5a319a44d87
vestboost_train_01906_jhboyo_train_01906_ppe_0553_jpg.rf.0840fc26fd028e6f961bdf21072f474a.jpg,vestboost_train_01906_jhboyo_train_01906_ppe_0553_jpg.rf.0840fc26fd028e6f961bdf21072f474a,vest_ext,vest_ext:ppe_0553,0,3,0,2462690e968f2d31f2dd0759b3f923b4ba9fac44
vestboost_train_01907_jhboyo_train_01907_ppe_0555_jpg.rf.e86e2e73be9a99280b7fd88d7d5b305d.jpg,vestboost_train_01907_jhboyo_train_01907_ppe_0555_jpg.rf.e86e2e73be9a99280b7fd88d7d5b305d,vest_ext,vest_ext:ppe_0555,0,2,0,cac0ef4aa5bbe9cac6b7553099b546d6a20d742e
vestboost_train_01908_jhboyo_train_01908_ppe_0559_jpg.rf.511e1bad27c540e8c305815215539aa6.jpg,vestboost_train_01908_jhboyo_train_01908_ppe_0559_jpg.rf.511e1bad27c540e8c305815215539aa6,vest_ext,vest_ext:ppe_0559,0,2,0,49d35c8d0779854fd543d32f062b17e932859d7c
vestboost_train_01909_jhboyo_train_01909_ppe_0567_jpg.rf.209be6edb3362ce18a074006828b4ac8.jpg,vestboost_train_01909_jhboyo_train_01909_ppe_0567_jpg.rf.209be6edb3362ce18a074006828b4ac8,vest_ext,vest_ext:ppe_0567,0,1,0,4ec27d86095c8525ef33af13c0e24211c0393e26
vestboost_train_01910_jhboyo_train_01910_ppe_0570_jpg.rf.133e099840d13a350aa912b51f44f5c1.jpg,vestboost_train_01910_jhboyo_train_01910_ppe_0570_jpg.rf.133e099840d13a350aa912b51f44f5c1,vest_ext,vest_ext:ppe_0570,0,2,0,6d1b590cbbf9aad22423e8e869f3a312ed63c4d3
vestboost_train_01911_jhboyo_train_01911_ppe_0580_jpg.rf.9f2e3969547dff614b11cd2b32ec7f57.jpg,vestboost_train_01911_jhboyo_train_01911_ppe_0580_jpg.rf.9f2e3969547dff614b11cd2b32ec7f57,vest_ext,vest_ext:ppe_0580,0,7,0,8a1fe99b5e89c2c789d639294d77a3aae95658ca
vestboost_train_01912_jhboyo_train_01912_ppe_0583_jpg.rf.6d11bf5be750055a56bd5922fbd2739d.jpg,vestboost_train_01912_jhboyo_train_01912_ppe_0583_jpg.rf.6d11bf5be750055a56bd5922fbd2739d,vest_ext,vest_ext:ppe_0583,0,3,0,5d4c2a272d13d82f04b5a14f3214dc79a8375156
vestboost_train_01913_jhboyo_train_01913_ppe_0585_jpg.rf.6f8c0ac02c1756ec7f2ec81a0cab3835.jpg,vestboost_train_01913_jhboyo_train_01913_ppe_0585_jpg.rf.6f8c0ac02c1756ec7f2ec81a0cab3835,vest_ext,vest_ext:ppe_0585,0,8,0,18ade14323ac5e62f0e49121dfec18e193c9c92b
vestboost_train_01914_jhboyo_train_01914_ppe_0588_jpg.rf.65d3fc68efceff6673f94ba9d5e21cd4.jpg,vestboost_train_01914_jhboyo_train_01914_ppe_0588_jpg.rf.65d3fc68efceff6673f94ba9d5e21cd4,vest_ext,vest_ext:ppe_0588,0,1,0,5913eb9644b26a95597f654642df39c26f8027ba
vestboost_train_01915_jhboyo_train_01915_ppe_0590_jpg.rf.7af01d3c6f5080ec7727fa511ad3fd61.jpg,vestboost_train_01915_jhboyo_train_01915_ppe_0590_jpg.rf.7af01d3c6f5080ec7727fa511ad3fd61,vest_ext,vest_ext:ppe_0590,0,2,0,f30936c17d92f3687142e1115e37b24c856fe1c3
vestboost_train_01916_jhboyo_train_01916_ppe_0596_jpg.rf.fcd05b5a85fb063537b7794b25b07feb.jpg,vestboost_train_01916_jhboyo_train_01916_ppe_0596_jpg.rf.fcd05b5a85fb063537b7794b25b07feb,vest_ext,vest_ext:ppe_0596,0,1,0,e5fcfea4174c79e2370b015af7a72aa4d80e2ded
vestboost_train_01917_jhboyo_train_01917_ppe_0598_jpg.rf.0ddd7ceea5f5666a46d7872583cb7f62.jpg,vestboost_train_01917_jhboyo_train_01917_ppe_0598_jpg.rf.0ddd7ceea5f5666a46d7872583cb7f62,vest_ext,vest_ext:ppe_0598,0,2,0,d58ddc2c2becde7a6e4a496941668cffaa171a3d
vestboost_train_01918_jhboyo_train_01918_ppe_0601_jpg.rf.f55bbfdf6b6316270c76f9dfb2de5cc6.jpg,vestboost_train_01918_jhboyo_train_01918_ppe_0601_jpg.rf.f55bbfdf6b6316270c76f9dfb2de5cc6,vest_ext,vest_ext:ppe_0601,0,2,0,febf287521dd3238772219ff47f1b37dbfca1ad5
vestboost_train_01919_jhboyo_train_01919_ppe_0602_jpg.rf.c7cbc89ac1eec62a8a68c45cb134d110.jpg,vestboost_train_01919_jhboyo_train_01919_ppe_0602_jpg.rf.c7cbc89ac1eec62a8a68c45cb134d110,vest_ext,vest_ext:ppe_0602,0,3,0,0d822205910fa827b1d9c3e0d08e92e00e2498e6
vestboost_train_01920_jhboyo_train_01920_ppe_0604_jpg.rf.192354b13725b31ad16213342215800d.jpg,vestboost_train_01920_jhboyo_train_01920_ppe_0604_jpg.rf.192354b13725b31ad16213342215800d,vest_ext,vest_ext:ppe_0604,0,7,0,2271cd936b514d3d40ef1b2893a20b0d498a10e0
vestboost_train_01921_jhboyo_train_01921_ppe_0607_jpg.rf.767a4bb23f73b9de5ba5536d33eab736.jpg,vestboost_train_01921_jhboyo_train_01921_ppe_0607_jpg.rf.767a4bb23f73b9de5ba5536d33eab736,vest_ext,vest_ext:ppe_0607,0,3,0,54e98224ec726949a990aa964efd27b2b0d6f232
vestboost_train_01922_jhboyo_train_01922_ppe_0609_jpg.rf.d059ffe526402d41bc1304c84ff41a3a.jpg,vestboost_train_01922_jhboyo_train_01922_ppe_0609_jpg.rf.d059ffe526402d41bc1304c84ff41a3a,vest_ext,vest_ext:ppe_0609,0,1,0,385c127a7119346f78d53122fab043f68ab683a1
vestboost_train_01923_jhboyo_train_01923_ppe_0611_jpg.rf.76bd616d20a209e6aa0a69c304d85c21.jpg,vestboost_train_01923_jhboyo_train_01923_ppe_0611_jpg.rf.76bd616d20a209e6aa0a69c304d85c21,vest_ext,vest_ext:ppe_0611,0,2,0,982b5f9d9900c463cce38e9a45d3e8467418347f
vestboost_train_01924_jhboyo_train_01924_ppe_0612_jpg.rf.890c04d081ff52871cb2637a6aa48956.jpg,vestboost_train_01924_jhboyo_train_01924_ppe_0612_jpg.rf.890c04d081ff52871cb2637a6aa48956,vest_ext,vest_ext:ppe_0612,0,1,0,ddd54a559abacc4b03f94e6d6b0a444f8b173112
vestboost_train_01925_jhboyo_train_01925_ppe_0614_jpg.rf.0e79dd200a3336c3fba7ea77f8f56ad9.jpg,vestboost_train_01925_jhboyo_train_01925_ppe_0614_jpg.rf.0e79dd200a3336c3fba7ea77f8f56ad9,vest_ext,vest_ext:ppe_0614,0,6,0,0bf68e105262f46952b2438d6a2c6db5cc16d150
vestboost_train_01926_jhboyo_train_01926_ppe_0618_jpg.rf.5caeee8f8df740862f536e9bd4422e99.jpg,vestboost_train_01926_jhboyo_train_01926_ppe_0618_jpg.rf.5caeee8f8df740862f536e9bd4422e99,vest_ext,vest_ext:ppe_0618,0,2,0,a7235d61fe280e6305c4c54a28ca9eeddb3a356f
vestboost_train_01927_jhboyo_train_01927_ppe_0622_jpg.rf.322d15d4835a4b3420bf90fbcbe823a4.jpg,vestboost_train_01927_jhboyo_train_01927_ppe_0622_jpg.rf.322d15d4835a4b3420bf90fbcbe823a4,vest_ext,vest_ext:ppe_0622,0,1,0,8e0a663dc4facf6d52ee79ead629ddf067bba043
vestboost_train_01928_jhboyo_train_01928_ppe_0625_jpg.rf.1a2c5c1763f7d7a35a59065c9af204b9.jpg,vestboost_train_01928_jhboyo_train_01928_ppe_0625_jpg.rf.1a2c5c1763f7d7a35a59065c9af204b9,vest_ext,vest_ext:ppe_0625,0,2,0,fd0f7b82c7435b800319f2160e2a050072601ed0
vestboost_train_01929_jhboyo_train_01929_ppe_0626_jpg.rf.f33a6fa260735103aea60750f8f74644.jpg,vestboost_train_01929_jhboyo_train_01929_ppe_0626_jpg.rf.f33a6fa260735103aea60750f8f74644,vest_ext,vest_ext:ppe_0626,0,5,0,4a754ce261b1da9b72ac79441286cd87c2c27c43
vestboost_train_01930_jhboyo_train_01930_ppe_0631_jpg.rf.fd86cf32a01b8b70a3e13c031be22b1d.jpg,vestboost_train_01930_jhboyo_train_01930_ppe_0631_jpg.rf.fd86cf32a01b8b70a3e13c031be22b1d,vest_ext,vest_ext:ppe_0631,0,3,0,23d5790e5ddfb6ce17b925fba9d3c66f9662f469
vestboost_train_01931_jhboyo_train_01931_ppe_0633_jpg.rf.a2fe0b061810e9df222204be29b545a2.jpg,vestboost_train_01931_jhboyo_train_01931_ppe_0633_jpg.rf.a2fe0b061810e9df222204be29b545a2,vest_ext,vest_ext:ppe_0633,0,2,0,941d86b69592717df927652ac99bb6b92feaf9c5
vestboost_train_01932_jhboyo_train_01932_ppe_0640_jpg.rf.03c9752323a641047ff34fe2c4b56746.jpg,vestboost_train_01932_jhboyo_train_01932_ppe_0640_jpg.rf.03c9752323a641047ff34fe2c4b56746,vest_ext,vest_ext:ppe_0640,0,3,0,e84285c34c22cd2f82272d802d3b11fed192aef8
vestboost_train_01933_jhboyo_train_01933_ppe_0641_jpg.rf.c580c4f6f2f3ea816a489e90c3c5adef.jpg,vestboost_train_01933_jhboyo_train_01933_ppe_0641_jpg.rf.c580c4f6f2f3ea816a489e90c3c5adef,vest_ext,vest_ext:ppe_0641,0,1,0,8f862d02fb7513b72a58be1822dbac812ab61557
vestboost_train_01934_jhboyo_train_01934_ppe_0643_jpg.rf.a072f3f10bc7b4f63eb57cb3c3c56bb7.jpg,vestboost_train_01934_jhboyo_train_01934_ppe_0643_jpg.rf.a072f3f10bc7b4f63eb57cb3c3c56bb7,vest_ext,vest_ext:ppe_0643,0,3,0,020495027ab276ad2039fc5171121ca9c13a15fc
vestboost_train_01935_jhboyo_train_01935_ppe_0644_jpg.rf.87f5e347abbcd02198db76d6d6533192.jpg,vestboost_train_01935_jhboyo_train_01935_ppe_0644_jpg.rf.87f5e347abbcd02198db76d6d6533192,vest_ext,vest_ext:ppe_0644,0,1,0,cf25c3783a707400a4ae2c8f2dee908c3bc68172
vestboost_train_01936_jhboyo_train_01936_ppe_0646_jpg.rf.742350ae4f5d8dea1eb45951a72a7b80.jpg,vestboost_train_01936_jhboyo_train_01936_ppe_0646_jpg.rf.742350ae4f5d8dea1eb45951a72a7b80,vest_ext,vest_ext:ppe_0646,0,2,0,b8de860cabe9342dbc15a46ff00e95781e3c5a96
vestboost_train_01937_jhboyo_train_01937_ppe_0648_jpg.rf.d8f63a6aa4e03cfd320ccf2258a0a6d8.jpg,vestboost_train_01937_jhboyo_train_01937_ppe_0648_jpg.rf.d8f63a6aa4e03cfd320ccf2258a0a6d8,vest_ext,vest_ext:ppe_0648,0,5,0,6334a039df62817d160ed92d1bb547b90164820e
vestboost_train_01938_jhboyo_train_01938_ppe_0656_jpg.rf.3517b3fdc2867bacd3e7f7618dc00231.jpg,vestboost_train_01938_jhboyo_train_01938_ppe_0656_jpg.rf.3517b3fdc2867bacd3e7f7618dc00231,vest_ext,vest_ext:ppe_0656,0,1,0,915229e29d9db54d8291edd36e53ef877baa1629
vestboost_train_01939_jhboyo_train_01939_ppe_0657_jpg.rf.eb4a032a17971cb043675ead4b57d01b.jpg,vestboost_train_01939_jhboyo_train_01939_ppe_0657_jpg.rf.eb4a032a17971cb043675ead4b57d01b,vest_ext,vest_ext:ppe_0657,0,1,0,b0727123b3d6f72db3f358717002af225f74229d
vestboost_train_01940_jhboyo_train_01940_ppe_0660_jpg.rf.fcad7a524cd8e12a3ddff07e9ef43dcd.jpg,vestboost_train_01940_jhboyo_train_01940_ppe_0660_jpg.rf.fcad7a524cd8e12a3ddff07e9ef43dcd,vest_ext,vest_ext:ppe_0660,0,1,0,e1ecd4fa6c0146b70e75d15ed658aefdc4074710
vestboost_train_01941_jhboyo_train_01941_ppe_0662_jpg.rf.b633e59e9254d5581ee155978d67ddf2.jpg,vestboost_train_01941_jhboyo_train_01941_ppe_0662_jpg.rf.b633e59e9254d5581ee155978d67ddf2,vest_ext,vest_ext:ppe_0662,0,1,0,e3d7f88510095800844dc9c18e015a043e940200
vestboost_train_01942_jhboyo_train_01942_ppe_0664_jpg.rf.a503ed737bb5dd4c95c89bc68156ee60.jpg,vestboost_train_01942_jhboyo_train_01942_ppe_0664_jpg.rf.a503ed737bb5dd4c95c89bc68156ee60,vest_ext,vest_ext:ppe_0664,0,2,0,e5680907bacfc8285439ce818e2b9e1e627f3c5a
vestboost_train_01943_jhboyo_train_01943_ppe_0665_jpg.rf.c195b9917d79afe3d63d742003a941d7.jpg,vestboost_train_01943_jhboyo_train_01943_ppe_0665_jpg.rf.c195b9917d79afe3d63d742003a941d7,vest_ext,vest_ext:ppe_0665,0,3,0,8865ff268f8cce4d79d7359580e5d10cc1963a92
vestboost_train_01944_jhboyo_train_01944_ppe_0666_jpg.rf.498777e9dcbbff2597fa080ba537a1dc.jpg,vestboost_train_01944_jhboyo_train_01944_ppe_0666_jpg.rf.498777e9dcbbff2597fa080ba537a1dc,vest_ext,vest_ext:ppe_0666,0,1,0,b54debbeec308cd6d9a5563fbf81827ecadc96fb
vestboost_train_01945_jhboyo_train_01945_ppe_0678_jpg.rf.ad4a035d756eda7b7145f017941a887e.jpg,vestboost_train_01945_jhboyo_train_01945_ppe_0678_jpg.rf.ad4a035d756eda7b7145f017941a887e,vest_ext,vest_ext:ppe_0678,0,5,0,775f86221e5435de117941e31b8c7640d4abf041
vestboost_train_01946_jhboyo_train_01946_ppe_0680_jpg.rf.39bf5ee641041e9f0b8a7fb536bac4e4.jpg,vestboost_train_01946_jhboyo_train_01946_ppe_0680_jpg.rf.39bf5ee641041e9f0b8a7fb536bac4e4,vest_ext,vest_ext:ppe_0680,0,2,0,74a06f8724dadb9e4b35da7e6568b343978aa934
vestboost_train_01947_jhboyo_train_01947_ppe_0682_jpg.rf.641b761640d1436d34a09d1cd18bbd3b.jpg,vestboost_train_01947_jhboyo_train_01947_ppe_0682_jpg.rf.641b761640d1436d34a09d1cd18bbd3b,vest_ext,vest_ext:ppe_0682,0,2,0,33af324c80938b077b781386a6a20a464b9eec27
vestboost_train_01948_jhboyo_train_01948_ppe_0685_jpg.rf.b339cf8dea01643e3c6a891aee56c254.jpg,vestboost_train_01948_jhboyo_train_01948_ppe_0685_jpg.rf.b339cf8dea01643e3c6a891aee56c254,vest_ext,vest_ext:ppe_0685,0,1,0,22693b01017bb925a2032a87f4ef3e8f509cb8e3
vestboost_train_01949_jhboyo_train_01949_ppe_0688_jpg.rf.a06936c1ad127110d7f9611df8954a55.jpg,vestboost_train_01949_jhboyo_train_01949_ppe_0688_jpg.rf.a06936c1ad127110d7f9611df8954a55,vest_ext,vest_ext:ppe_0688,0,1,0,232f5bad6ce3f81ee8ed2f7961e03681b9dfdf78
vestboost_train_01950_jhboyo_train_01950_ppe_0689_jpg.rf.1bb19b99fc71eb3d2e015f97e57b99d0.jpg,vestboost_train_01950_jhboyo_train_01950_ppe_0689_jpg.rf.1bb19b99fc71eb3d2e015f97e57b99d0,vest_ext,vest_ext:ppe_0689,0,1,0,6386605b4b859c44e60a609b467529ac989ccf7e
vestboost_train_01951_jhboyo_train_01951_ppe_0690_jpg.rf.07b6b7cf45d111909a2e3663fb070fa5.jpg,vestboost_train_01951_jhboyo_train_01951_ppe_0690_jpg.rf.07b6b7cf45d111909a2e3663fb070fa5,vest_ext,vest_ext:ppe_0690,0,2,0,a60a0880783b4996e1549eea92fb8bc29f6945d5
vestboost_train_01952_jhboyo_train_01952_ppe_0698_jpg.rf.a31a69f8c9371603d250a7fd6a9fad81.jpg,vestboost_train_01952_jhboyo_train_01952_ppe_0698_jpg.rf.a31a69f8c9371603d250a7fd6a9fad81,vest_ext,vest_ext:ppe_0698,0,1,0,cc6b44188478e023c2210cd563731fc3d0ecddfd
vestboost_train_01953_jhboyo_train_01953_ppe_0703_jpg.rf.edc6a6a49a648c11991f968002c3144e.jpg,vestboost_train_01953_jhboyo_train_01953_ppe_0703_jpg.rf.edc6a6a49a648c11991f968002c3144e,vest_ext,vest_ext:ppe_0703,0,2,0,2e249d4e48319638ad0183561a84295ad1553104
vestboost_train_01954_jhboyo_train_01954_ppe_0708_jpg.rf.497a9c25127a0fde084d33a8d65f9686.jpg,vestboost_train_01954_jhboyo_train_01954_ppe_0708_jpg.rf.497a9c25127a0fde084d33a8d65f9686,vest_ext,vest_ext:ppe_0708,0,2,0,147d7c5e91e1f47c41737ce10dd4476e15b6a4ff
vestboost_train_01955_jhboyo_train_01955_ppe_0709_jpg.rf.9a3d3ab8d5840fe7d6302d5a3f9d545a.jpg,vestboost_train_01955_jhboyo_train_01955_ppe_0709_jpg.rf.9a3d3ab8d5840fe7d6302d5a3f9d545a,vest_ext,vest_ext:ppe_0709,0,2,0,375568d5c3eb407481af3249cc0f30f4294216d7
vestboost_train_01956_jhboyo_train_01956_ppe_0713_jpg.rf.4fc78c73f2ed898bd5320c7790746fbd.jpg,vestboost_train_01956_jhboyo_train_01956_ppe_0713_jpg.rf.4fc78c73f2ed898bd5320c7790746fbd,vest_ext,vest_ext:ppe_0713,0,2,0,b5cf8175c1ff87ab4dd594abbbc9185e3065aad0
vestboost_train_01957_jhboyo_train_01957_ppe_0715_jpg.rf.ea6722110e69d65ac47e102bb2f84606.jpg,vestboost_train_01957_jhboyo_train_01957_ppe_0715_jpg.rf.ea6722110e69d65ac47e102bb2f84606,vest_ext,vest_ext:ppe_0715,0,3,0,a8f757c5461a49cd77b567664730447d21d037e7
vestboost_train_01958_jhboyo_train_01958_ppe_0718_jpg.rf.cbec32724147022ee9c957588839503c.jpg,vestboost_train_01958_jhboyo_train_01958_ppe_0718_jpg.rf.cbec32724147022ee9c957588839503c,vest_ext,vest_ext:ppe_0718,0,3,0,41187b139477472974f1cbe9e270062b0f523bac
vestboost_train_01959_jhboyo_train_01959_ppe_0721_jpg.rf.ac90db6b145f86a8f3a9e4f287f24ee9.jpg,vestboost_train_01959_jhboyo_train_01959_ppe_0721_jpg.rf.ac90db6b145f86a8f3a9e4f287f24ee9,vest_ext,vest_ext:ppe_0721,0,1,0,44a32bd617edb94c96e9ac606169a37fecdacacf
vestboost_train_01960_jhboyo_train_01960_ppe_0723_jpg.rf.e7ee9f36276df44e58fb08ea3ff68229.jpg,vestboost_train_01960_jhboyo_train_01960_ppe_0723_jpg.rf.e7ee9f36276df44e58fb08ea3ff68229,vest_ext,vest_ext:ppe_0723,0,2,0,2968b56293a3e3c1241d5101db1615b803562267
vestboost_train_01961_jhboyo_train_01961_ppe_0724_jpg.rf.d42e58f35b0d3bd638b2d0955ef2b5f6.jpg,vestboost_train_01961_jhboyo_train_01961_ppe_0724_jpg.rf.d42e58f35b0d3bd638b2d0955ef2b5f6,vest_ext,vest_ext:ppe_0724,0,1,0,5037242a5aec5bcd8efeae4c8e26dbb3d0ec61bd
vestboost_train_01962_jhboyo_train_01962_ppe_0726_jpg.rf.734d33d0a8bb6981e43479489aecd879.jpg,vestboost_train_01962_jhboyo_train_01962_ppe_0726_jpg.rf.734d33d0a8bb6981e43479489aecd879,vest_ext,vest_ext:ppe_0726,0,7,0,9682e01ffa8cb248448bb76de2b952acf0ce0f9c
vestboost_train_01963_jhboyo_train_01963_ppe_0727_jpg.rf.530a06f76f6701ba1aba7130d712d427.jpg,vestboost_train_01963_jhboyo_train_01963_ppe_0727_jpg.rf.530a06f76f6701ba1aba7130d712d427,vest_ext,vest_ext:ppe_0727,0,3,0,db877271863143f03fb0e5d17d160c88628cce3a
vestboost_train_01964_jhboyo_train_01964_ppe_0734_jpg.rf.c89870222033a601909ff1fa22a6bd97.jpg,vestboost_train_01964_jhboyo_train_01964_ppe_0734_jpg.rf.c89870222033a601909ff1fa22a6bd97,vest_ext,vest_ext:ppe_0734,0,2,0,6e72b2e22bd38b725f8275a196ad403480f3310d
vestboost_train_01965_jhboyo_train_01965_ppe_0739_jpg.rf.2826ac00cb0e03633bdf6b3cb238ae10.jpg,vestboost_train_01965_jhboyo_train_01965_ppe_0739_jpg.rf.2826ac00cb0e03633bdf6b3cb238ae10,vest_ext,vest_ext:ppe_0739,0,3,0,a164e7195ff45bfb636edac1c2d23b19ce1bd5ab
vestboost_train_01966_jhboyo_train_01966_ppe_0740_jpg.rf.e712e674af5740613481dbae0bbcaccf.jpg,vestboost_train_01966_jhboyo_train_01966_ppe_0740_jpg.rf.e712e674af5740613481dbae0bbcaccf,vest_ext,vest_ext:ppe_0740,0,1,0,e632f4fdc272649e57ff318d5da2673a4702adcd
vestboost_train_01967_jhboyo_train_01967_ppe_0743_jpg.rf.635339ad819c63300e3779d9f0b6b91c.jpg,vestboost_train_01967_jhboyo_train_01967_ppe_0743_jpg.rf.635339ad819c63300e3779d9f0b6b91c,vest_ext,vest_ext:ppe_0743,0,1,0,0fb36e530314fb0e182403b09208d47781eacd68
vestboost_train_01968_jhboyo_train_01968_ppe_0744_jpg.rf.9c3219f2cc6ec5f373b4447c1dfbd0e6.jpg,vestboost_train_01968_jhboyo_train_01968_ppe_0744_jpg.rf.9c3219f2cc6ec5f373b4447c1dfbd0e6,vest_ext,vest_ext:ppe_0744,0,2,0,7e2c57a2f7ea03b342332af735cf0398e297ec47
vestboost_train_01969_jhboyo_train_01969_ppe_0745_jpg.rf.c9e4efb3d6ef278f8d423a87dc9e33cf.jpg,vestboost_train_01969_jhboyo_train_01969_ppe_0745_jpg.rf.c9e4efb3d6ef278f8d423a87dc9e33cf,vest_ext,vest_ext:ppe_0745,0,1,0,2f47d676f1761e9e5842c40ab4d44111f15e57c5
vestboost_train_01970_jhboyo_train_01970_ppe_0750_jpg.rf.2f983e23b07465434aeaaa4417fd1fb8.jpg,vestboost_train_01970_jhboyo_train_01970_ppe_0750_jpg.rf.2f983e23b07465434aeaaa4417fd1fb8,vest_ext,vest_ext:ppe_0750,0,2,0,553c70611446361fde9210af44ddd1a12f19ac0b
vestboost_train_01971_jhboyo_train_01971_ppe_0756_jpg.rf.aafcfa37624af64c549cffaf5356866c.jpg,vestboost_train_01971_jhboyo_train_01971_ppe_0756_jpg.rf.aafcfa37624af64c549cffaf5356866c,vest_ext,vest_ext:ppe_0756,0,2,0,f0f175867e853f9e6c67055ab5d6028d4d691e74
vestboost_train_01972_jhboyo_train_01972_ppe_0759_jpg.rf.70e4b58a62e3882ff2173acb2a621c99.jpg,vestboost_train_01972_jhboyo_train_01972_ppe_0759_jpg.rf.70e4b58a62e3882ff2173acb2a621c99,vest_ext,vest_ext:ppe_0759,0,2,0,2eaca4c22e868e5bd405702486cff54f68aefaf4
vestboost_train_01973_jhboyo_train_01973_ppe_0764_jpg.rf.c945741d8b6806a291a37019a954bc08.jpg,vestboost_train_01973_jhboyo_train_01973_ppe_0764_jpg.rf.c945741d8b6806a291a37019a954bc08,vest_ext,vest_ext:ppe_0764,0,2,0,fcd261d0cf8b39259e28dfc0d303c61c49503c50
vestboost_train_01974_jhboyo_train_01974_ppe_0766_jpg.rf.368391c824a190cf2bbb27a95ef2c90e.jpg,vestboost_train_01974_jhboyo_train_01974_ppe_0766_jpg.rf.368391c824a190cf2bbb27a95ef2c90e,vest_ext,vest_ext:ppe_0766,0,3,0,c33ab540e1fe63fb2a5b2aeebdfce179359345dc
vestboost_train_01975_jhboyo_train_01975_ppe_0767_jpg.rf.45ec00b3432e907c4c25eb0d9304a46c.jpg,vestboost_train_01975_jhboyo_train_01975_ppe_0767_jpg.rf.45ec00b3432e907c4c25eb0d9304a46c,vest_ext,vest_ext:ppe_0767,0,3,0,d4f2c02ea19e438e6c9fe541d5731cee5e49f786
vestboost_train_01976_jhboyo_train_01976_ppe_0769_jpg.rf.e078bfdc1e9aeab90bd36beb41e8c0f6.jpg,vestboost_train_01976_jhboyo_train_01976_ppe_0769_jpg.rf.e078bfdc1e9aeab90bd36beb41e8c0f6,vest_ext,vest_ext:ppe_0769,0,2,0,11fc4a0bc164b5f83bb80f7e436d78cd0994a437
vestboost_train_01977_jhboyo_train_01977_ppe_0770_jpg.rf.2dc343ecb9fb77cfca064607d8f1cf47.jpg,vestboost_train_01977_jhboyo_train_01977_ppe_0770_jpg.rf.2dc343ecb9fb77cfca064607d8f1cf47,vest_ext,vest_ext:ppe_0770,0,1,0,8c10d267bb90ddc39111b4fe7b57695b40cf20d1
vestboost_train_01978_jhboyo_train_01978_ppe_0774_jpg.rf.c9393b187126301677c528df8d53516f.jpg,vestboost_train_01978_jhboyo_train_01978_ppe_0774_jpg.rf.c9393b187126301677c528df8d53516f,vest_ext,vest_ext:ppe_0774,0,2,0,51aee7fd8349db9441559e5765ca11f45927fce8
vestboost_train_01979_jhboyo_train_01979_ppe_0777_jpg.rf.d3498b1240bf6a2291efc51da6372915.jpg,vestboost_train_01979_jhboyo_train_01979_ppe_0777_jpg.rf.d3498b1240bf6a2291efc51da6372915,vest_ext,vest_ext:ppe_0777,0,5,0,b406103d0349deb1851e17a310e05911aeec95cb
vestboost_train_01980_jhboyo_train_01980_ppe_0778_jpg.rf.ed13658233fb229c8c5ce32a1b590d55.jpg,vestboost_train_01980_jhboyo_train_01980_ppe_0778_jpg.rf.ed13658233fb229c8c5ce32a1b590d55,vest_ext,vest_ext:ppe_0778,0,2,0,21d5174d45f9b9634599a9f7e51efa0f470eb8c5
vestboost_train_01981_jhboyo_train_01981_ppe_0779_jpg.rf.0a90c67993a8828cfb07cc2e6aa28954.jpg,vestboost_train_01981_jhboyo_train_01981_ppe_0779_jpg.rf.0a90c67993a8828cfb07cc2e6aa28954,vest_ext,vest_ext:ppe_0779,0,1,0,3eedf2a0d6c25fe518223407ee3e34af0a2eaf2e
vestboost_train_01982_jhboyo_train_01982_ppe_0781_jpg.rf.7a491bbc258ec12506a99fbbb8b23b25.jpg,vestboost_train_01982_jhboyo_train_01982_ppe_0781_jpg.rf.7a491bbc258ec12506a99fbbb8b23b25,vest_ext,vest_ext:ppe_0781,0,3,0,dfccda1dd27d0cb6fd4e2ca8c3e9b89d46f83e7b
vestboost_train_01983_jhboyo_train_01983_ppe_0785_jpg.rf.494d5083b8bf2a486002cbfefcd61dbe.jpg,vestboost_train_01983_jhboyo_train_01983_ppe_0785_jpg.rf.494d5083b8bf2a486002cbfefcd61dbe,vest_ext,vest_ext:ppe_0785,0,3,0,90f8e87d848f1dfbc5fcb5692a3176ab1d579697
vestboost_train_01984_jhboyo_train_01984_ppe_0786_jpg.rf.a5bb9b43c524844db0659165c877899c.jpg,vestboost_train_01984_jhboyo_train_01984_ppe_0786_jpg.rf.a5bb9b43c524844db0659165c877899c,vest_ext,vest_ext:ppe_0786,0,2,0,8034f6c6422274966d2a64d40988d1c75fb6efb7
vestboost_train_01985_jhboyo_train_01985_ppe_0788_jpg.rf.9119c3bf1d08fe3c56d4b82bbd7f2ba4.jpg,vestboost_train_01985_jhboyo_train_01985_ppe_0788_jpg.rf.9119c3bf1d08fe3c56d4b82bbd7f2ba4,vest_ext,vest_ext:ppe_0788,0,1,0,17b4b79e9a8cb48895c07b58819ddc7976a2b1cb
vestboost_train_01986_jhboyo_train_01986_ppe_0794_jpg.rf.d4671817ea908558c5cc8921b1406a94.jpg,vestboost_train_01986_jhboyo_train_01986_ppe_0794_jpg.rf.d4671817ea908558c5cc8921b1406a94,vest_ext,vest_ext:ppe_0794,0,1,0,86c50ee7e3130f98f2f0c4b13c5db87fca07a361
vestboost_train_01987_jhboyo_train_01987_ppe_0798_jpg.rf.a0b4d07bfb0203af2594d49cfb66050e.jpg,vestboost_train_01987_jhboyo_train_01987_ppe_0798_jpg.rf.a0b4d07bfb0203af2594d49cfb66050e,vest_ext,vest_ext:ppe_0798,0,2,0,10e5879fe6d41d1551cc58b8596126bc22f321aa
vestboost_train_01988_jhboyo_train_01988_ppe_0800_jpg.rf.d3f51a071ebd4e6fea49c143c7da7587.jpg,vestboost_train_01988_jhboyo_train_01988_ppe_0800_jpg.rf.d3f51a071ebd4e6fea49c143c7da7587,vest_ext,vest_ext:ppe_0800,0,1,0,5a6921f2a747ad452dac300d153e5514b4b7fd80
vestboost_train_01989_jhboyo_train_01989_ppe_0802_jpg.rf.6231821cd2661b10851d31d71cc60628.jpg,vestboost_train_01989_jhboyo_train_01989_ppe_0802_jpg.rf.6231821cd2661b10851d31d71cc60628,vest_ext,vest_ext:ppe_0802,0,1,0,69ef7690d1d650c3784cc04f354bbdc9a1f754e1
vestboost_train_01990_jhboyo_train_01990_ppe_0808_jpg.rf.818ca5debe3ca103c34f01ca826089a8.jpg,vestboost_train_01990_jhboyo_train_01990_ppe_0808_jpg.rf.818ca5debe3ca103c34f01ca826089a8,vest_ext,vest_ext:ppe_0808,0,3,0,8e94736d8cf619487ddbccb5186ecd4b2e4efe1a
vestboost_train_01991_jhboyo_train_01991_ppe_0814_jpg.rf.b5aef81c1c0deaf3a1d9f1e25faf68f5.jpg,vestboost_train_01991_jhboyo_train_01991_ppe_0814_jpg.rf.b5aef81c1c0deaf3a1d9f1e25faf68f5,vest_ext,vest_ext:ppe_0814,0,2,0,4850400030f20c99d231747453d246ba234ef3b6
vestboost_train_01992_jhboyo_train_01992_ppe_0815_jpg.rf.40d319979c9172f2b974174e4e4f4cfc.jpg,vestboost_train_01992_jhboyo_train_01992_ppe_0815_jpg.rf.40d319979c9172f2b974174e4e4f4cfc,vest_ext,vest_ext:ppe_0815,0,6,0,d176d372e7fd1bcbfebe7890939096f2bc0eafe5
vestboost_train_01993_jhboyo_train_01993_ppe_0816_jpg.rf.8fe99aa557912f96329e51c54b483f7d.jpg,vestboost_train_01993_jhboyo_train_01993_ppe_0816_jpg.rf.8fe99aa557912f96329e51c54b483f7d,vest_ext,vest_ext:ppe_0816,0,2,0,097744b07323a0e0a2d629abb3c560cabe41e346
vestboost_train_01994_jhboyo_train_01994_ppe_0817_jpg.rf.70310a6d453156c98ff9e0a9432ae006.jpg,vestboost_train_01994_jhboyo_train_01994_ppe_0817_jpg.rf.70310a6d453156c98ff9e0a9432ae006,vest_ext,vest_ext:ppe_0817,0,2,0,9e49bda8c3f5bfe2e33daf0e8d8c4572bd3bcb59
vestboost_train_01995_jhboyo_train_01995_ppe_0822_jpg.rf.2cdb2e341869d92364ada95af2346f8e.jpg,vestboost_train_01995_jhboyo_train_01995_ppe_0822_jpg.rf.2cdb2e341869d92364ada95af2346f8e,vest_ext,vest_ext:ppe_0822,0,1,0,a22b45faa3e158a0ce4a12c3188b520e7b3248d6
vestboost_train_01996_jhboyo_train_01996_ppe_0824_jpg.rf.fda42409b2336b8dd68b748e1fd0cd36.jpg,vestboost_train_01996_jhboyo_train_01996_ppe_0824_jpg.rf.fda42409b2336b8dd68b748e1fd0cd36,vest_ext,vest_ext:ppe_0824,0,1,0,cbac0eb29e496799f1cb4f668aab6a886a2bd1c4
vestboost_train_01997_jhboyo_train_01997_ppe_0826_jpg.rf.ac31392c899c747b6057d5a31ab92fe7.jpg,vestboost_train_01997_jhboyo_train_01997_ppe_0826_jpg.rf.ac31392c899c747b6057d5a31ab92fe7,vest_ext,vest_ext:ppe_0826,0,2,0,1f25e622491095b83c87ac0ea7189c03449936cb
vestboost_train_01998_jhboyo_train_01998_ppe_0827_jpg.rf.fd97914bd88b3687fac0d75d8b6847a3.jpg,vestboost_train_01998_jhboyo_train_01998_ppe_0827_jpg.rf.fd97914bd88b3687fac0d75d8b6847a3,vest_ext,vest_ext:ppe_0827,0,2,0,3e9873d6a296950f18b37d14016fafb8de0f993a
vestboost_train_01999_jhboyo_train_01999_ppe_0828_jpg.rf.17450f05d4e0c60072fcf794f2066737.jpg,vestboost_train_01999_jhboyo_train_01999_ppe_0828_jpg.rf.17450f05d4e0c60072fcf794f2066737,vest_ext,vest_ext:ppe_0828,0,2,0,15c026f36d55329fbfe6b9cd6f0b4bdf8fa06884
vestboost_val_00000_jhboyo_val_00000_00252_jpg.rf.463248cb59c37a07b2d105439da00f90.jpg,vestboost_val_00000_jhboyo_val_00000_00252_jpg.rf.463248cb59c37a07b2d105439da00f90,vest_ext,vest_ext:00252,0,2,0,11add44da637917cbf0b013f90f60ba0b17391fc
vestboost_val_00001_jhboyo_val_00001_00254_jpg.rf.ddee44e8f7f654791119ef06e993e273.jpg,vestboost_val_00001_jhboyo_val_00001_00254_jpg.rf.ddee44e8f7f654791119ef06e993e273,vest_ext,vest_ext:00254,0,1,0,7902867f4a551ad6259026bbf5241acb7a026156
vestboost_val_00002_jhboyo_val_00002_00274_jpg.rf.d7d229c66df76f3abdddf31a98afea2d.jpg,vestboost_val_00002_jhboyo_val_00002_00274_jpg.rf.d7d229c66df76f3abdddf31a98afea2d,vest_ext,vest_ext:00274,0,2,0,9018988b0abff5a6447cf05f109d1e386e863fbd
vestboost_val_00003_jhboyo_val_00003_00306_jpg.rf.da9c621c7ac2693476a7b6754289ff8a.jpg,vestboost_val_00003_jhboyo_val_00003_00306_jpg.rf.da9c621c7ac2693476a7b6754289ff8a,vest_ext,vest_ext:00306,0,1,0,f12694b0727ed012f63a85a11a635b34c9fbe3de
vestboost_val_00004_jhboyo_val_00004_00362_jpg.rf.683f28cccd6570c54e7184e933208bcc.jpg,vestboost_val_00004_jhboyo_val_00004_00362_jpg.rf.683f28cccd6570c54e7184e933208bcc,vest_ext,vest_ext:00362,0,4,0,981b4bf0202a3d31d6d86ab8c78f02fe764b39e8
vestboost_val_00005_jhboyo_val_00005_00407_jpg.rf.247c4d36182f0f0228f12e63efd04cf6.jpg,vestboost_val_00005_jhboyo_val_00005_00407_jpg.rf.247c4d36182f0f0228f12e63efd04cf6,vest_ext,vest_ext:00407,0,2,0,dcc24be082b90a76d3969603b825e3d6b98707f3
vestboost_val_00006_jhboyo_val_00006_00433_jpg.rf.bab408e4937ec922d29c80eebfaae977.jpg,vestboost_val_00006_jhboyo_val_00006_00433_jpg.rf.bab408e4937ec922d29c80eebfaae977,vest_ext,vest_ext:00433,0,5,0,841817afcf745ac24091e6a3305c6239ff7610a1
vestboost_val_00007_jhboyo_val_00007_00529_jpg.rf.896801d079aa19c345b3c12ecf6c20a6.jpg,vestboost_val_00007_jhboyo_val_00007_00529_jpg.rf.896801d079aa19c345b3c12ecf6c20a6,vest_ext,vest_ext:00529,0,2,0,bbcb32dc2f92c2a0854ae1ef55dcdf7baef2370c
vestboost_val_00008_jhboyo_val_00008_00557_jpg.rf.b984f98c9f3cf436521a15df848d1e3d.jpg,vestboost_val_00008_jhboyo_val_00008_00557_jpg.rf.b984f98c9f3cf436521a15df848d1e3d,vest_ext,vest_ext:00557,0,1,0,64ad8bdfbdd9bb7a5e93f2b57e8bc9ee57200bfb
vestboost_val_00009_jhboyo_val_00009_00607_jpg.rf.273dd556790851a322aeace47e2e4ce1.jpg,vestboost_val_00009_jhboyo_val_00009_00607_jpg.rf.273dd556790851a322aeace47e2e4ce1,vest_ext,vest_ext:00607,0,3,0,5580bfb0c8048aba64fec31de9a7e0b988bd9eb0
vestboost_val_00010_jhboyo_val_00010_00632_jpg.rf.649f6d2764f225e8c5b4b96c216a5a7b.jpg,vestboost_val_00010_jhboyo_val_00010_00632_jpg.rf.649f6d2764f225e8c5b4b96c216a5a7b,vest_ext,vest_ext:00632,0,1,0,f233a05816857901cf6ca75ff2e1ab1356f49f41
vestboost_val_00011_jhboyo_val_00011_00927_jpg.rf.0c44e01f5674e2e314e05e586eacffaf.jpg,vestboost_val_00011_jhboyo_val_00011_00927_jpg.rf.0c44e01f5674e2e314e05e586eacffaf,vest_ext,vest_ext:00927,0,5,0,c09243203e8b373e5ffdcb2052932ae551b518a2
vestboost_val_00012_jhboyo_val_00012_01047_jpg.rf.d391503240e669db4c3ad4be618a4b3f.jpg,vestboost_val_00012_jhboyo_val_00012_01047_jpg.rf.d391503240e669db4c3ad4be618a4b3f,vest_ext,vest_ext:01047,0,1,0,810a2b0ecd8a20ec97e34c8844826bad27757b19
vestboost_val_00013_jhboyo_val_00013_02081_jpg.rf.2a9f905434271246cd8b11ab321934b3.jpg,vestboost_val_00013_jhboyo_val_00013_02081_jpg.rf.2a9f905434271246cd8b11ab321934b3,vest_ext,vest_ext:02081,0,1,0,ac922e54fab69a5c01b59e852cc3c5468a426a5f
vestboost_val_00014_jhboyo_val_00014_02365_jpg.rf.5c814efbc062cd2ab4cf3e54b99de1e3.jpg,vestboost_val_00014_jhboyo_val_00014_02365_jpg.rf.5c814efbc062cd2ab4cf3e54b99de1e3,vest_ext,vest_ext:02365,0,2,0,5386ba8ce5ccc258e9f4af985d814dd0cea556fb
vestboost_val_00015_jhboyo_val_00015_02473_jpg.rf.c50a3d6e1329ec15859736513cdd6229.jpg,vestboost_val_00015_jhboyo_val_00015_02473_jpg.rf.c50a3d6e1329ec15859736513cdd6229,vest_ext,vest_ext:02473,0,6,0,4fff838c9a5abc19cbebb12bd8e259a4356689bc
vestboost_val_00016_jhboyo_val_00016_02501_jpg.rf.e71651f17767ae43cac34c766a079c4c.jpg,vestboost_val_00016_jhboyo_val_00016_02501_jpg.rf.e71651f17767ae43cac34c766a079c4c,vest_ext,vest_ext:02501,0,1,0,4ddc6582f1eb80c069247b738d29fbaf625a0b7b
vestboost_val_00017_jhboyo_val_00017_02583_jpg.rf.47155d3a81350695d96dc78832646cff.jpg,vestboost_val_00017_jhboyo_val_00017_02583_jpg.rf.47155d3a81350695d96dc78832646cff,vest_ext,vest_ext:02583,0,3,0,a271f89a5fd5e3e754607a989344f62bdf4a9e41
vestboost_val_00018_jhboyo_val_00018_03011_jpg.rf.183f4f25aead532b02b135b1baec7a67.jpg,vestboost_val_00018_jhboyo_val_00018_03011_jpg.rf.183f4f25aead532b02b135b1baec7a67,vest_ext,vest_ext:03011,0,1,0,538aec814ba5faca925e6061a74bd1f3761e6ddc
vestboost_val_00019_jhboyo_val_00019_03079_jpg.rf.f6fc60f88b8bb1d479ded5b1f753e956.jpg,vestboost_val_00019_jhboyo_val_00019_03079_jpg.rf.f6fc60f88b8bb1d479ded5b1f753e956,vest_ext,vest_ext:03079,0,1,0,c7a99c868d0f49fc3bb5786b5099fa51e4f5907b
vestboost_val_00020_jhboyo_val_00020_03345_jpg.rf.d7de8433c4397265ecc75d39784bcee6.jpg,vestboost_val_00020_jhboyo_val_00020_03345_jpg.rf.d7de8433c4397265ecc75d39784bcee6,vest_ext,vest_ext:03345,0,1,0,9d0e4b02efd07221a7834d59006c3d739d9246fa
vestboost_val_00021_jhboyo_val_00021_080707-F-6278H-010_JPG_jpg.rf.5dae5089bc455661f1d5a347e048c15d.jpg,vestboost_val_00021_jhboyo_val_00021_080707-F-6278H-010_JPG_jpg.rf.5dae5089bc455661f1d5a347e048c15d,vest_ext,vest_ext:080707-F-6278H-010_JPG,0,1,0,078fcd36a115f488211e9ad9cdf2c6f693c3c6c4
vestboost_val_00022_jhboyo_val_00022_160616-Z-FF793-017_JPG_jpg.rf.b263bebb68f6d383e190d3267e0f66b6.jpg,vestboost_val_00022_jhboyo_val_00022_160616-Z-FF793-017_JPG_jpg.rf.b263bebb68f6d383e190d3267e0f66b6,vest_ext,vest_ext:160616-Z-FF793-017_JPG,0,3,0,f97d2666b7d88e9beae4b48c3b49822c77b86d06
vestboost_val_00023_jhboyo_val_00023_170614-F-NC874-019_JPG_jpg.rf.4ad452d9fdd309ea483704aa5a1cb5ef.jpg,vestboost_val_00023_jhboyo_val_00023_170614-F-NC874-019_JPG_jpg.rf.4ad452d9fdd309ea483704aa5a1cb5ef,vest_ext,vest_ext:170614-F-NC874-019_JPG,0,1,0,6ed6fb35bfba5c5ecd7d0a158a9c36b27898931e
vestboost_val_00024_jhboyo_val_00024_170922-Z-AQ707-1060A_JPG_jpg.rf.116b52f457f0a5cff640cdee856b8791.jpg,vestboost_val_00024_jhboyo_val_00024_170922-Z-AQ707-1060A_JPG_jpg.rf.116b52f457f0a5cff640cdee856b8791,vest_ext,vest_ext:170922-Z-AQ707-1060A_JPG,0,1,0,2b707ef803a0c0748ebd933270f92a28b99bec94
vestboost_val_00025_jhboyo_val_00025_36547872496_029500c56a_o_d_jpg.rf.16908b10d1af7993ae4059aa5a58376d.jpg,vestboost_val_00025_jhboyo_val_00025_36547872496_029500c56a_o_d_jpg.rf.16908b10d1af7993ae4059aa5a58376d,vest_ext,vest_ext:36547872496_029500c56a_o_d,0,3,0,f889ee37570e2fbbd626c8b526842433156ca7ac
vestboost_val_00026_jhboyo_val_00026_41845554004_f552893f07_o_jpg.rf.d2f3bada84638e3c905d27fd71c39292.jpg,vestboost_val_00026_jhboyo_val_00026_41845554004_f552893f07_o_jpg.rf.d2f3bada84638e3c905d27fd71c39292,vest_ext,vest_ext:41845554004_f552893f07_o,0,1,0,923cb8c113c79fc810f013fab98ba753ee59f1ab
vestboost_val_00027_jhboyo_val_00027_6326585170_b994bf0058_b_jpg.rf.8885af88f073e598b5815f7950216118.jpg,vestboost_val_00027_jhboyo_val_00027_6326585170_b994bf0058_b_jpg.rf.8885af88f073e598b5815f7950216118,vest_ext,vest_ext:6326585170_b994bf0058_b,0,2,0,76f8f995c77c478c607f6aa17eaf3d12a4849703
vestboost_val_00028_jhboyo_val_00028_798px-Operazioni_di_carotaggio_con_aria_umidificata_jpg.rf.885027efa0663582bee62d80dc72a8ba.jpg,vestboost_val_00028_jhboyo_val_00028_798px-Operazioni_di_carotaggio_con_aria_umidificata_jpg.rf.885027efa0663582bee62d80dc72a8ba,vest_ext,vest_ext:798px-Operazioni_di_carotaggio_con_aria_umidificata,0,1,0,5d8aaef9f3e8f2a6a698be4f55f8819eb1af5f0d
vestboost_val_00029_jhboyo_val_00029_Image12_jpg.rf.207fb3cbc89807bce1001396e39a2d10.jpg,vestboost_val_00029_jhboyo_val_00029_Image12_jpg.rf.207fb3cbc89807bce1001396e39a2d10,vest_ext,vest_ext:Image12,0,3,0,647f86c556c6700e8dfe8b69726b40da295bb4aa
vestboost_val_00030_jhboyo_val_00030_Image19_jpg.rf.5893f9e593e0a3c0c392143fc1392f56.jpg,vestboost_val_00030_jhboyo_val_00030_Image19_jpg.rf.5893f9e593e0a3c0c392143fc1392f56,vest_ext,vest_ext:Image19,0,3,0,56574eed90b6d5dd2f6dc9f41642d4e2c84f45cc
vestboost_val_00031_jhboyo_val_00031_Image19_jpg.rf.6f36c7d8487158fd6dcd8c4e53d0517e.jpg,vestboost_val_00031_jhboyo_val_00031_Image19_jpg.rf.6f36c7d8487158fd6dcd8c4e53d0517e,vest_ext,vest_ext:Image19,0,9,0,905dc636ed9117a93dea9be2853c107130aa558a
vestboost_val_00032_jhboyo_val_00032_Image1_jpg.rf.878218ab443c64fd7f05b6ee59ff4835.jpg,vestboost_val_00032_jhboyo_val_00032_Image1_jpg.rf.878218ab443c64fd7f05b6ee59ff4835,vest_ext,vest_ext:Image1,0,16,0,4af4ba1a81b31a6a47a0b610df3296a2713e051b
vestboost_val_00033_jhboyo_val_00033_Image20_jpg.rf.e078e4e56f83a6ff44db1ef43963b1f0.jpg,vestboost_val_00033_jhboyo_val_00033_Image20_jpg.rf.e078e4e56f83a6ff44db1ef43963b1f0,vest_ext,vest_ext:Image20,0,7,0,38d8965569f550af28fd1a84b5dff2e4da031d29
vestboost_val_00034_jhboyo_val_00034_Image23_jpg.rf.b185ba6aa7d3841ebe3ae422a880dc8b.jpg,vestboost_val_00034_jhboyo_val_00034_Image23_jpg.rf.b185ba6aa7d3841ebe3ae422a880dc8b,vest_ext,vest_ext:Image23,0,5,0,e2dd5b28c20877902b82c960df0a05707459eb4a
vestboost_val_00035_jhboyo_val_00035_Image25_jpg.rf.412536fb0c6b305470c973c7ca215eec.jpg,vestboost_val_00035_jhboyo_val_00035_Image25_jpg.rf.412536fb0c6b305470c973c7ca215eec,vest_ext,vest_ext:Image25,0,3,0,df9f0b3a98e92a45c72daa292c361af9c3c75c7c
vestboost_val_00036_jhboyo_val_00036_Image26_jpg.rf.c0132fae32fcb52e54ffa5cb55cf7dcf.jpg,vestboost_val_00036_jhboyo_val_00036_Image26_jpg.rf.c0132fae32fcb52e54ffa5cb55cf7dcf,vest_ext,vest_ext:Image26,0,10,0,2f17cdf3c98ba19f30378aea7acc0c20b49d0a0d
vestboost_val_00037_jhboyo_val_00037_Image27_jpg.rf.47f8650bc1c1f90f733dc63ee7bcba04.jpg,vestboost_val_00037_jhboyo_val_00037_Image27_jpg.rf.47f8650bc1c1f90f733dc63ee7bcba04,vest_ext,vest_ext:Image27,0,3,0,b3f7ace24b376b36f13ee52ef6b1e3133180d7d7
vestboost_val_00038_jhboyo_val_00038_Image28_jpg.rf.4cf777896097f9eb461dfa98606ba9dd.jpg,vestboost_val_00038_jhboyo_val_00038_Image28_jpg.rf.4cf777896097f9eb461dfa98606ba9dd,vest_ext,vest_ext:Image28,0,7,0,151fd245d8beb033c29704025a5b7cef6b16f6cf
vestboost_val_00039_jhboyo_val_00039_Image2_jpg.rf.01f9442291210ba658824d2126312e43.jpg,vestboost_val_00039_jhboyo_val_00039_Image2_jpg.rf.01f9442291210ba658824d2126312e43,vest_ext,vest_ext:Image2,0,12,0,c49b638f8d7502082db54c50879264b51319fdda
vestboost_val_00040_jhboyo_val_00040_Image2_jpg.rf.1eddf32bb03372469853b2694da9b0a5.jpg,vestboost_val_00040_jhboyo_val_00040_Image2_jpg.rf.1eddf32bb03372469853b2694da9b0a5,vest_ext,vest_ext:Image2,0,9,0,330d2e2fddb39a62c864c83419f7d40aeb1813f0
vestboost_val_00041_jhboyo_val_00041_Image35_jpg.rf.f85d90e73fb8b8ab4fe97f66bf9fa46e.jpg,vestboost_val_00041_jhboyo_val_00041_Image35_jpg.rf.f85d90e73fb8b8ab4fe97f66bf9fa46e,vest_ext,vest_ext:Image35,0,9,0,56a625ec82bb8c63bbabc7189b3dff675dc6feb2
vestboost_val_00042_jhboyo_val_00042_Image43_jpg.rf.cbb42523c21abe44e4aa79c8e28bce36.jpg,vestboost_val_00042_jhboyo_val_00042_Image43_jpg.rf.cbb42523c21abe44e4aa79c8e28bce36,vest_ext,vest_ext:Image43,0,4,0,3cb2ea725fe07b8be2ff0e5d1bd5c0818d7a6532
vestboost_val_00043_jhboyo_val_00043_Image44_jpg.rf.160f19356df53c8ea7940db9e51bfae5.jpg,vestboost_val_00043_jhboyo_val_00043_Image44_jpg.rf.160f19356df53c8ea7940db9e51bfae5,vest_ext,vest_ext:Image44,0,9,0,d9495d50df81adadf1be789739333db4bc7dfe4b
vestboost_val_00044_jhboyo_val_00044_Image47_jpg.rf.81032d17d824b26ec85ccf6f51f683bd.jpg,vestboost_val_00044_jhboyo_val_00044_Image47_jpg.rf.81032d17d824b26ec85ccf6f51f683bd,vest_ext,vest_ext:Image47,0,5,0,6987cf88b7cf09ed5aa34b79c25a8e6b8904ecd4
vestboost_val_00045_jhboyo_val_00045_Image48_jpg.rf.957876ecc88a2d33dbefbd12145b4450.jpg,vestboost_val_00045_jhboyo_val_00045_Image48_jpg.rf.957876ecc88a2d33dbefbd12145b4450,vest_ext,vest_ext:Image48,0,9,0,725ffd233c612ac6983a0a86e270e9d198ff4804
vestboost_val_00046_jhboyo_val_00046_Image49_jpg.rf.10d70727dc88586ef1205d1c24f63687.jpg,vestboost_val_00046_jhboyo_val_00046_Image49_jpg.rf.10d70727dc88586ef1205d1c24f63687,vest_ext,vest_ext:Image49,0,6,0,d2cee02a614acc4b0cea48aff696e2ed10f0d5fb
vestboost_val_00047_jhboyo_val_00047_Image4_jpg.rf.80fc4527989ad9e0050641201b6d72ca.jpg,vestboost_val_00047_jhboyo_val_00047_Image4_jpg.rf.80fc4527989ad9e0050641201b6d72ca,vest_ext,vest_ext:Image4,0,10,0,a288544ea2fda0e22915b0a5bc4f30add2bf54d5
vestboost_val_00048_jhboyo_val_00048_Image51_jpg.rf.de98eaffb4378f6f39e40e79276b1840.jpg,vestboost_val_00048_jhboyo_val_00048_Image51_jpg.rf.de98eaffb4378f6f39e40e79276b1840,vest_ext,vest_ext:Image51,0,7,0,8ec42de5d23a864d20fe1a2f12e45e24be36b19d
vestboost_val_00049_jhboyo_val_00049_Image54_jpg.rf.10945577a059f477c638757f11ffe908.jpg,vestboost_val_00049_jhboyo_val_00049_Image54_jpg.rf.10945577a059f477c638757f11ffe908,vest_ext,vest_ext:Image54,0,8,0,ee2d17d79b170efbbd0702f8a1ee806d05827296
vestboost_val_00050_jhboyo_val_00050_Image56_jpg.rf.f79c01691803a0a3c1142fbb34331e7a.jpg,vestboost_val_00050_jhboyo_val_00050_Image56_jpg.rf.f79c01691803a0a3c1142fbb34331e7a,vest_ext,vest_ext:Image56,0,6,0,91e6904fba249c05781a568de124565d6340fbc2
vestboost_val_00051_jhboyo_val_00051_Image64_jpg.rf.0b759429f18f365d0737dfd7b90d8d91.jpg,vestboost_val_00051_jhboyo_val_00051_Image64_jpg.rf.0b759429f18f365d0737dfd7b90d8d91,vest_ext,vest_ext:Image64,0,9,0,e4c06d7664426848d288b3295c9fc5db96edf23a
vestboost_val_00052_jhboyo_val_00052_Image64_jpg.rf.1df9d00e7868734d1954d6a707d8ea45.jpg,vestboost_val_00052_jhboyo_val_00052_Image64_jpg.rf.1df9d00e7868734d1954d6a707d8ea45,vest_ext,vest_ext:Image64,0,8,0,ab42cafe24c36df6fdbc815191ef1a603f71bfeb
vestboost_val_00053_jhboyo_val_00053_Image66_jpg.rf.32b1027ad3ca049d069d11a9b64dd2b7.jpg,vestboost_val_00053_jhboyo_val_00053_Image66_jpg.rf.32b1027ad3ca049d069d11a9b64dd2b7,vest_ext,vest_ext:Image66,0,7,0,684796af55882456d7a5ac1de58ba17827beea80
vestboost_val_00054_jhboyo_val_00054_Image6_jpg.rf.3203b306ed599c4e5ed854e414ce429f.jpg,vestboost_val_00054_jhboyo_val_00054_Image6_jpg.rf.3203b306ed599c4e5ed854e414ce429f,vest_ext,vest_ext:Image6,0,4,0,79ec4cbcbd1bd9f2df9941066f2a325b93beb5c2
vestboost_val_00055_jhboyo_val_00055_Image73_jpg.rf.a0cf13648337673e1d29e25c7790d9a6.jpg,vestboost_val_00055_jhboyo_val_00055_Image73_jpg.rf.a0cf13648337673e1d29e25c7790d9a6,vest_ext,vest_ext:Image73,0,2,0,ee416fc13d5aeb9ef727e0e06bd11ba407fcef24
vestboost_val_00056_jhboyo_val_00056_Image74_jpg.rf.edde40f4b0eab810067045cea93f2560.jpg,vestboost_val_00056_jhboyo_val_00056_Image74_jpg.rf.edde40f4b0eab810067045cea93f2560,vest_ext,vest_ext:Image74,0,3,0,781f0b497422dc266c302b715405f384a86b5194
vestboost_val_00057_jhboyo_val_00057_Image75_jpg.rf.51bc8c9a1ec2fcf9b8d86906fbb0b3ab.jpg,vestboost_val_00057_jhboyo_val_00057_Image75_jpg.rf.51bc8c9a1ec2fcf9b8d86906fbb0b3ab,vest_ext,vest_ext:Image75,0,7,0,b0d3c1126e7f494a7e73c6d4847c31f7f44a2c87
vestboost_val_00058_jhboyo_val_00058_Image77_jpg.rf.dddecb84f3df2a59712890d6a3bb2888.jpg,vestboost_val_00058_jhboyo_val_00058_Image77_jpg.rf.dddecb84f3df2a59712890d6a3bb2888,vest_ext,vest_ext:Image77,0,8,0,677d488c4c3fbde377d0186c8361fa21d257f7f6
vestboost_val_00059_jhboyo_val_00059_Image79_jpg.rf.ccb810c73835c8a3845821d138723cad.jpg,vestboost_val_00059_jhboyo_val_00059_Image79_jpg.rf.ccb810c73835c8a3845821d138723cad,vest_ext,vest_ext:Image79,0,4,0,9e931fd083c1c9d38781ce561e7c18edb638796b
vestboost_val_00060_jhboyo_val_00060_front_crawling_00517_jpg.rf.56b798d7143a0435878f27a51a968bfd.jpg,vestboost_val_00060_jhboyo_val_00060_front_crawling_00517_jpg.rf.56b798d7143a0435878f27a51a968bfd,vest_ext,vest_ext:front_crawling_00517,0,1,0,7272e8ce2190ac7974a66cf293c5884ef405a451
vestboost_val_00061_jhboyo_val_00061_image_101_jpg.rf.9fd7b9de2d1261b9580e6d405fa7b008.jpg,vestboost_val_00061_jhboyo_val_00061_image_101_jpg.rf.9fd7b9de2d1261b9580e6d405fa7b008,vest_ext,vest_ext:image_101,0,1,0,5d1d462a282f1a5fe79bf87b36d3be1283b1a791
vestboost_val_00062_jhboyo_val_00062_image_103_jpg.rf.4dc4d6c468d2331770d3ff6e1b624e99.jpg,vestboost_val_00062_jhboyo_val_00062_image_103_jpg.rf.4dc4d6c468d2331770d3ff6e1b624e99,vest_ext,vest_ext:image_103,0,1,0,1a8f83c4843ebe1dccb18ec69a6a4aae32be6bcf
vestboost_val_00063_jhboyo_val_00063_image_104_jpg.rf.354ebd719395a473c521a2eba421162a.jpg,vestboost_val_00063_jhboyo_val_00063_image_104_jpg.rf.354ebd719395a473c521a2eba421162a,vest_ext,vest_ext:image_104,0,1,0,900cc5ba919c9dabaade499b002a37976b9578ac
vestboost_val_00064_jhboyo_val_00064_image_105_jpg.rf.27a1eb65bbbb47e31f134f72139d078b.jpg,vestboost_val_00064_jhboyo_val_00064_image_105_jpg.rf.27a1eb65bbbb47e31f134f72139d078b,vest_ext,vest_ext:image_105,0,1,0,505e53877c5582f6b4f9441004effb15d57ecaa5
vestboost_val_00065_jhboyo_val_00065_image_106_jpg.rf.6b37143c5071246d549b236cc1d8da3b.jpg,vestboost_val_00065_jhboyo_val_00065_image_106_jpg.rf.6b37143c5071246d549b236cc1d8da3b,vest_ext,vest_ext:image_106,0,1,0,f869b5d1201e4008eb0ab6998efe4474150bc174
vestboost_val_00066_jhboyo_val_00066_image_106_jpg.rf.d10c82e805be16313a253cabf04ca5b0.jpg,vestboost_val_00066_jhboyo_val_00066_image_106_jpg.rf.d10c82e805be16313a253cabf04ca5b0,vest_ext,vest_ext:image_106,0,1,0,c55979b8fd4634a9eb39df5119e47aeeaa6cfc09
vestboost_val_00067_jhboyo_val_00067_image_107_jpg.rf.7b1b5316985ddb83ff11da45dd82ce87.jpg,vestboost_val_00067_jhboyo_val_00067_image_107_jpg.rf.7b1b5316985ddb83ff11da45dd82ce87,vest_ext,vest_ext:image_107,0,1,0,ab40bff4d0e9658066a75c3d3517c8d08dcf0d55
vestboost_val_00068_jhboyo_val_00068_image_107_jpg.rf.a6827c62e22d8f5733d805f47120779c.jpg,vestboost_val_00068_jhboyo_val_00068_image_107_jpg.rf.a6827c62e22d8f5733d805f47120779c,vest_ext,vest_ext:image_107,0,1,0,8cb193d924cdfca9fb95f57459b28d3c3c0e36aa
vestboost_val_00069_jhboyo_val_00069_image_108_jpg.rf.2053ef83ce3b32bcb73a0a554629d4f9.jpg,vestboost_val_00069_jhboyo_val_00069_image_108_jpg.rf.2053ef83ce3b32bcb73a0a554629d4f9,vest_ext,vest_ext:image_108,0,1,0,709e4322c6c2e78b8e91da6cf68771bd493a0a03
vestboost_val_00070_jhboyo_val_00070_image_109_jpg.rf.1298d9ec780c2280978d1cbed9c15aee.jpg,vestboost_val_00070_jhboyo_val_00070_image_109_jpg.rf.1298d9ec780c2280978d1cbed9c15aee,vest_ext,vest_ext:image_109,0,1,0,03ca87f92d8e9e6766bc6350b98d0dd3d53019f7
vestboost_val_00071_jhboyo_val_00071_image_111_jpg.rf.f624311bde1d2e776badf1ad67bdf808.jpg,vestboost_val_00071_jhboyo_val_00071_image_111_jpg.rf.f624311bde1d2e776badf1ad67bdf808,vest_ext,vest_ext:image_111,0,1,0,ca88fc3de864920867dbb488c89368130d801bb0
vestboost_val_00072_jhboyo_val_00072_image_115_jpg.rf.554d1bf06afcb3850a546071d3b750ba.jpg,vestboost_val_00072_jhboyo_val_00072_image_115_jpg.rf.554d1bf06afcb3850a546071d3b750ba,vest_ext,vest_ext:image_115,0,1,0,18b26597a1b88ce08f0f996d8a93f3616300e85b
vestboost_val_00073_jhboyo_val_00073_image_119_jpg.rf.472abe2d18c44c3537f9efd3bfe0eb50.jpg,vestboost_val_00073_jhboyo_val_00073_image_119_jpg.rf.472abe2d18c44c3537f9efd3bfe0eb50,vest_ext,vest_ext:image_119,0,1,0,38ddfb15de5fc69e5ca048b85e9e2f8713ec9636
vestboost_val_00074_jhboyo_val_00074_image_11_jpg.rf.e4d2b090e1046d3704bdeb6abaa8e34e.jpg,vestboost_val_00074_jhboyo_val_00074_image_11_jpg.rf.e4d2b090e1046d3704bdeb6abaa8e34e,vest_ext,vest_ext:image_11,0,1,0,8cce3f13e48b67168b0eaf87fcf3a1887147bd43
vestboost_val_00075_jhboyo_val_00075_image_121_jpg.rf.a958534554c554c9be99d780c2bce96f.jpg,vestboost_val_00075_jhboyo_val_00075_image_121_jpg.rf.a958534554c554c9be99d780c2bce96f,vest_ext,vest_ext:image_121,0,1,0,01cf9fc47ac6cbe4326fb3480ec59ee8a4e1e1b9
vestboost_val_00076_jhboyo_val_00076_image_122_jpg.rf.42268325bcb4116cbf0fc829253e1691.jpg,vestboost_val_00076_jhboyo_val_00076_image_122_jpg.rf.42268325bcb4116cbf0fc829253e1691,vest_ext,vest_ext:image_122,0,1,0,9a2aae3ef704df74fa5708ee09fe0bb5ca9db803
vestboost_val_00077_jhboyo_val_00077_image_123_jpg.rf.b345e2ff2c312b4948745bb7c68e3450.jpg,vestboost_val_00077_jhboyo_val_00077_image_123_jpg.rf.b345e2ff2c312b4948745bb7c68e3450,vest_ext,vest_ext:image_123,0,1,0,52b948c16d3bf3251ff396dd69e2a935948e01f1
vestboost_val_00078_jhboyo_val_00078_image_124_jpg.rf.0a0482e7c93cf1d554962a5b972f8c31.jpg,vestboost_val_00078_jhboyo_val_00078_image_124_jpg.rf.0a0482e7c93cf1d554962a5b972f8c31,vest_ext,vest_ext:image_124,0,1,0,c97349fe5d413cb69514cc41b22152bb252dc14e
vestboost_val_00079_jhboyo_val_00079_image_127_jpg.rf.4996dd45702d9261a5df67599924b01a.jpg,vestboost_val_00079_jhboyo_val_00079_image_127_jpg.rf.4996dd45702d9261a5df67599924b01a,vest_ext,vest_ext:image_127,0,1,0,0466fbecfa680449da3cf74ca79e44b9f8aef6b3
vestboost_val_00080_jhboyo_val_00080_image_131_jpg.rf.3b8fa7c1cf1c0882198733d827ee5143.jpg,vestboost_val_00080_jhboyo_val_00080_image_131_jpg.rf.3b8fa7c1cf1c0882198733d827ee5143,vest_ext,vest_ext:image_131,0,1,0,b38ee13abac187d4647a326e3368e4f87a92b570
vestboost_val_00081_jhboyo_val_00081_image_136_jpg.rf.4c7e1b677388006aa2ec8d05607f4019.jpg,vestboost_val_00081_jhboyo_val_00081_image_136_jpg.rf.4c7e1b677388006aa2ec8d05607f4019,vest_ext,vest_ext:image_136,0,1,0,5c178fa3c96478bf37c416f15822a87ff47ed8fb
vestboost_val_00082_jhboyo_val_00082_image_137_jpg.rf.bf5f87c25a24161be0f2f8739c40cdc6.jpg,vestboost_val_00082_jhboyo_val_00082_image_137_jpg.rf.bf5f87c25a24161be0f2f8739c40cdc6,vest_ext,vest_ext:image_137,0,1,0,0066a4e6bc70d0aeae6af37a48f979a1f718f5c3
vestboost_val_00083_jhboyo_val_00083_image_139_jpg.rf.440864dbc92a693ac39d08ae94fb3cd9.jpg,vestboost_val_00083_jhboyo_val_00083_image_139_jpg.rf.440864dbc92a693ac39d08ae94fb3cd9,vest_ext,vest_ext:image_139,0,1,0,df71297361f4d88e929c2328eaf6cf0af6b92802
vestboost_val_00084_jhboyo_val_00084_image_139_jpg.rf.d6e7c89f935ce1b2dc3b5d63c822fc66.jpg,vestboost_val_00084_jhboyo_val_00084_image_139_jpg.rf.d6e7c89f935ce1b2dc3b5d63c822fc66,vest_ext,vest_ext:image_139,0,1,0,2a2923ce7e5c6335a28bc06af4f332fd8b441ad0
vestboost_val_00085_jhboyo_val_00085_image_143_jpg.rf.a10140a007a15dba2eb859518fa02b97.jpg,vestboost_val_00085_jhboyo_val_00085_image_143_jpg.rf.a10140a007a15dba2eb859518fa02b97,vest_ext,vest_ext:image_143,0,1,0,09eb36af8d77510db906549c97ba46aeccfd62e3
vestboost_val_00086_jhboyo_val_00086_image_144_jpg.rf.d5141d66b560cda507cc1e8b2301318e.jpg,vestboost_val_00086_jhboyo_val_00086_image_144_jpg.rf.d5141d66b560cda507cc1e8b2301318e,vest_ext,vest_ext:image_144,0,1,0,9e951e3879033289e068357c0d003ee26ea34770
vestboost_val_00087_jhboyo_val_00087_image_145_jpg.rf.221ac621e2544271ffaabd4a2709d472.jpg,vestboost_val_00087_jhboyo_val_00087_image_145_jpg.rf.221ac621e2544271ffaabd4a2709d472,vest_ext,vest_ext:image_145,0,1,0,64e1ab97d082fa8f9f43c638cfa8a97898366c25
vestboost_val_00088_jhboyo_val_00088_image_150_jpg.rf.c0c9ded7cc01625909da77a83002559c.jpg,vestboost_val_00088_jhboyo_val_00088_image_150_jpg.rf.c0c9ded7cc01625909da77a83002559c,vest_ext,vest_ext:image_150,0,1,0,8bfb4faaf637302ee4eee46afc145a0afc03724e
vestboost_val_00089_jhboyo_val_00089_image_150_jpg.rf.cda73fd9621b541285305a80ed317296.jpg,vestboost_val_00089_jhboyo_val_00089_image_150_jpg.rf.cda73fd9621b541285305a80ed317296,vest_ext,vest_ext:image_150,0,1,0,01abb722ebbd8f55c473b4f49484bdc8e0cae262
vestboost_val_00090_jhboyo_val_00090_image_161_jpg.rf.83f719b4546b1b3439e434c00cc929ae.jpg,vestboost_val_00090_jhboyo_val_00090_image_161_jpg.rf.83f719b4546b1b3439e434c00cc929ae,vest_ext,vest_ext:image_161,0,1,0,7b9918176e56c0671759a1430007812d23b991b6
vestboost_val_00091_jhboyo_val_00091_image_163_jpg.rf.86174a88edda371ef0165471e608a302.jpg,vestboost_val_00091_jhboyo_val_00091_image_163_jpg.rf.86174a88edda371ef0165471e608a302,vest_ext,vest_ext:image_163,0,1,0,abf016db843c422e527f2c3bb11bd3787b7a54a3
vestboost_val_00092_jhboyo_val_00092_image_163_jpg.rf.fad86bf767a35a99089d4930843d87a6.jpg,vestboost_val_00092_jhboyo_val_00092_image_163_jpg.rf.fad86bf767a35a99089d4930843d87a6,vest_ext,vest_ext:image_163,0,1,0,4525d98ac458117dc2ab1821117fbc455c5288b2
vestboost_val_00093_jhboyo_val_00093_image_164_jpg.rf.ddc86a540ed82e1c33e579a842751f8d.jpg,vestboost_val_00093_jhboyo_val_00093_image_164_jpg.rf.ddc86a540ed82e1c33e579a842751f8d,vest_ext,vest_ext:image_164,0,1,0,8c729dde9f43ea5ba3e93073695c238a4fdf4942
vestboost_val_00094_jhboyo_val_00094_image_165_jpg.rf.b7c9b39a5a7c1ad06bf63ae3fa9f7c3c.jpg,vestboost_val_00094_jhboyo_val_00094_image_165_jpg.rf.b7c9b39a5a7c1ad06bf63ae3fa9f7c3c,vest_ext,vest_ext:image_165,0,1,0,4be6d0932982e08ddfaa33b1f8f113a841cacbaf
vestboost_val_00095_jhboyo_val_00095_image_166_jpg.rf.92ec62bbcbb800f4597826541110bf1e.jpg,vestboost_val_00095_jhboyo_val_00095_image_166_jpg.rf.92ec62bbcbb800f4597826541110bf1e,vest_ext,vest_ext:image_166,0,1,0,141a6aa1e2a34126ff5d40a1215bdd064671070b
vestboost_val_00096_jhboyo_val_00096_image_168_jpg.rf.f3a307792921885e36c246fbf2ca8435.jpg,vestboost_val_00096_jhboyo_val_00096_image_168_jpg.rf.f3a307792921885e36c246fbf2ca8435,vest_ext,vest_ext:image_168,0,1,0,7c0961116a4f5c0bb30e659eaf573bdf7a11dda9
vestboost_val_00097_jhboyo_val_00097_image_172_jpg.rf.d50e8d486c03cda1db7a3c33a19564d0.jpg,vestboost_val_00097_jhboyo_val_00097_image_172_jpg.rf.d50e8d486c03cda1db7a3c33a19564d0,vest_ext,vest_ext:image_172,0,1,0,b1c7a52f45c84c834350a14ef202452ebdeedac0
vestboost_val_00098_jhboyo_val_00098_image_175_jpg.rf.32a832a83cca116cc7d458bbb76f98f1.jpg,vestboost_val_00098_jhboyo_val_00098_image_175_jpg.rf.32a832a83cca116cc7d458bbb76f98f1,vest_ext,vest_ext:image_175,0,1,0,14991cb1cc5043d57b6f11651cb147b8f4c7e56b
vestboost_val_00099_jhboyo_val_00099_image_176_jpg.rf.7e3ce11929593142f50538c9b0693349.jpg,vestboost_val_00099_jhboyo_val_00099_image_176_jpg.rf.7e3ce11929593142f50538c9b0693349,vest_ext,vest_ext:image_176,0,1,0,999765a2bde6757434a067a14e75982d0211d891
vestboost_val_00100_jhboyo_val_00100_image_178_jpg.rf.d91d04776f62b16ca0ffe7f33467c3de.jpg,vestboost_val_00100_jhboyo_val_00100_image_178_jpg.rf.d91d04776f62b16ca0ffe7f33467c3de,vest_ext,vest_ext:image_178,0,1,0,1cdf9079c0db4b2bdd91700343e2b2ec01a64e7b
vestboost_val_00101_jhboyo_val_00101_image_17_jpg.rf.ccb1acb1a762e4b90a75172e34000778.jpg,vestboost_val_00101_jhboyo_val_00101_image_17_jpg.rf.ccb1acb1a762e4b90a75172e34000778,vest_ext,vest_ext:image_17,0,1,0,329b68acc36c60ae953ce187910b6fae2d73284b
vestboost_val_00102_jhboyo_val_00102_image_187_jpg.rf.10fd720b3f18eae9963f86a89325e47f.jpg,vestboost_val_00102_jhboyo_val_00102_image_187_jpg.rf.10fd720b3f18eae9963f86a89325e47f,vest_ext,vest_ext:image_187,0,3,0,85290225dbad5445647f193e5d94c872e70cacea
vestboost_val_00103_jhboyo_val_00103_image_188_jpg.rf.1a367303a4ac11e76695f86eae8f5de9.jpg,vestboost_val_00103_jhboyo_val_00103_image_188_jpg.rf.1a367303a4ac11e76695f86eae8f5de9,vest_ext,vest_ext:image_188,0,1,0,1a33dc5805f21142f98e6dab3f34ef920a7201ce
vestboost_val_00104_jhboyo_val_00104_image_18_jpg.rf.23c643e0ed5c42640ed55ce080cc7f7c.jpg,vestboost_val_00104_jhboyo_val_00104_image_18_jpg.rf.23c643e0ed5c42640ed55ce080cc7f7c,vest_ext,vest_ext:image_18,0,1,0,9cbd29476c558ec57c21a6dda46ac38a23bbd9e4
vestboost_val_00105_jhboyo_val_00105_image_18_jpg.rf.afc1fb624dba71ae7f60d3266d6d98dd.jpg,vestboost_val_00105_jhboyo_val_00105_image_18_jpg.rf.afc1fb624dba71ae7f60d3266d6d98dd,vest_ext,vest_ext:image_18,0,1,0,68160186918ac7d54b046cf855ff5bac63008109
vestboost_val_00106_jhboyo_val_00106_image_192_jpg.rf.27ff0558bb7e48c0b23dae0cb573db3b.jpg,vestboost_val_00106_jhboyo_val_00106_image_192_jpg.rf.27ff0558bb7e48c0b23dae0cb573db3b,vest_ext,vest_ext:image_192,0,1,0,4cbf781c0529a701334a976f692e948c5991aa5c
vestboost_val_00107_jhboyo_val_00107_image_193_jpg.rf.7336c981fcb256d4786ddfdb8950d806.jpg,vestboost_val_00107_jhboyo_val_00107_image_193_jpg.rf.7336c981fcb256d4786ddfdb8950d806,vest_ext,vest_ext:image_193,0,1,0,e545e3d590576fba5110d2ed52d83c603f2183d6
vestboost_val_00108_jhboyo_val_00108_image_193_jpg.rf.7aca364698adde593b44fa1b37c6eb09.jpg,vestboost_val_00108_jhboyo_val_00108_image_193_jpg.rf.7aca364698adde593b44fa1b37c6eb09,vest_ext,vest_ext:image_193,0,1,0,724f064f3b8e698e3fd307888ee446ea4439f78b
vestboost_val_00109_jhboyo_val_00109_image_200_jpg.rf.8a9a4b61cb5623df03073703fe1b74d4.jpg,vestboost_val_00109_jhboyo_val_00109_image_200_jpg.rf.8a9a4b61cb5623df03073703fe1b74d4,vest_ext,vest_ext:image_200,0,1,0,2bc83e064cb1242ad3b659458dfeca56141de30a
vestboost_val_00110_jhboyo_val_00110_image_203_jpg.rf.d9ac124351b5950f526e009961d3ecaf.jpg,vestboost_val_00110_jhboyo_val_00110_image_203_jpg.rf.d9ac124351b5950f526e009961d3ecaf,vest_ext,vest_ext:image_203,0,1,0,4a2556c2d1a3f1a4ee3d26e31ff1505c084c8a16
vestboost_val_00111_jhboyo_val_00111_image_20_jpg.rf.3aaee7ef0679b09cb94b81a8c0edeb1f.jpg,vestboost_val_00111_jhboyo_val_00111_image_20_jpg.rf.3aaee7ef0679b09cb94b81a8c0edeb1f,vest_ext,vest_ext:image_20,0,1,0,54b240e3bde40fc59e9ebfe8bd4e6018f44319bf
vestboost_val_00112_jhboyo_val_00112_image_211_jpg.rf.e540bddec8e22b5540256f959f1a7c49.jpg,vestboost_val_00112_jhboyo_val_00112_image_211_jpg.rf.e540bddec8e22b5540256f959f1a7c49,vest_ext,vest_ext:image_211,0,1,0,daa4a4792c2383af3c07084aeb188fea543efe8d
vestboost_val_00113_jhboyo_val_00113_image_212_jpg.rf.d3fb2f606b768c6454ff1f862c765514.jpg,vestboost_val_00113_jhboyo_val_00113_image_212_jpg.rf.d3fb2f606b768c6454ff1f862c765514,vest_ext,vest_ext:image_212,0,1,0,1494647464623383eaad086cb0a1576734710321
vestboost_val_00114_jhboyo_val_00114_image_216_jpg.rf.32b6a6c8c37c5389c6a2f494f65b9d68.jpg,vestboost_val_00114_jhboyo_val_00114_image_216_jpg.rf.32b6a6c8c37c5389c6a2f494f65b9d68,vest_ext,vest_ext:image_216,0,1,0,ffc4a3e59407096bc6a986afaf7fb9e8ef84ad89
vestboost_val_00115_jhboyo_val_00115_image_21_jpg.rf.a0a5578e08ef1c8243142e0752ce87da.jpg,vestboost_val_00115_jhboyo_val_00115_image_21_jpg.rf.a0a5578e08ef1c8243142e0752ce87da,vest_ext,vest_ext:image_21,0,1,0,87997192f417cec2ebcde1abf8afc573730917d1
vestboost_val_00116_jhboyo_val_00116_image_220_jpg.rf.23a25fa59aa795290be65d964dd0a2e0.jpg,vestboost_val_00116_jhboyo_val_00116_image_220_jpg.rf.23a25fa59aa795290be65d964dd0a2e0,vest_ext,vest_ext:image_220,0,1,0,8012657f8fc3417c7032c22f77c15d57c017e6c6
vestboost_val_00117_jhboyo_val_00117_image_221_jpg.rf.a4e749cc6c4920ee6ae50ff35256dfbf.jpg,vestboost_val_00117_jhboyo_val_00117_image_221_jpg.rf.a4e749cc6c4920ee6ae50ff35256dfbf,vest_ext,vest_ext:image_221,0,1,0,187e5708bdde4dab3b4df97ebacae0bad8c2fefa
vestboost_val_00118_jhboyo_val_00118_image_223_jpg.rf.5f2c21240723937ba6c68e3057a4a775.jpg,vestboost_val_00118_jhboyo_val_00118_image_223_jpg.rf.5f2c21240723937ba6c68e3057a4a775,vest_ext,vest_ext:image_223,0,1,0,364e4a6505bb203dabcbd32d9859cf64f9c295b4
vestboost_val_00119_jhboyo_val_00119_image_225_jpg.rf.b001c0037f3dcd1d89fec58f50c28ec0.jpg,vestboost_val_00119_jhboyo_val_00119_image_225_jpg.rf.b001c0037f3dcd1d89fec58f50c28ec0,vest_ext,vest_ext:image_225,0,1,0,439afa3ca05172c5fa40bdee55ef7f30f7de0c8d
vestboost_val_00120_jhboyo_val_00120_image_226_jpg.rf.0df639d5c18616dbd45454eefffcd6d6.jpg,vestboost_val_00120_jhboyo_val_00120_image_226_jpg.rf.0df639d5c18616dbd45454eefffcd6d6,vest_ext,vest_ext:image_226,0,1,0,0211d1fbb971a4f4fbb5ac28d68fb2512d2acb48
vestboost_val_00121_jhboyo_val_00121_image_229_jpg.rf.3e4ae5a6e4ca5e8965e37458cbf30f3b.jpg,vestboost_val_00121_jhboyo_val_00121_image_229_jpg.rf.3e4ae5a6e4ca5e8965e37458cbf30f3b,vest_ext,vest_ext:image_229,0,1,0,6b6f144537f4ce09f0192b18d8a1ccc57da08d1a
vestboost_val_00122_jhboyo_val_00122_image_229_jpg.rf.8a93ee63adfe4420ae744c905280727c.jpg,vestboost_val_00122_jhboyo_val_00122_image_229_jpg.rf.8a93ee63adfe4420ae744c905280727c,vest_ext,vest_ext:image_229,0,1,0,5304efe32d028b1c056cd2dc656186107891946a
vestboost_val_00123_jhboyo_val_00123_image_230_jpg.rf.cd9e8da81d211f33615d727c7173c224.jpg,vestboost_val_00123_jhboyo_val_00123_image_230_jpg.rf.cd9e8da81d211f33615d727c7173c224,vest_ext,vest_ext:image_230,0,1,0,2a85c5c3d327d78d28d523e00d54d189a3e29960
vestboost_val_00124_jhboyo_val_00124_image_231_jpg.rf.6538fd8ff54df97e557869eeb5f4c9ae.jpg,vestboost_val_00124_jhboyo_val_00124_image_231_jpg.rf.6538fd8ff54df97e557869eeb5f4c9ae,vest_ext,vest_ext:image_231,0,1,0,906def7bf2b949e1cf3aae924a86e3c2b8e03d7f
vestboost_val_00125_jhboyo_val_00125_image_231_jpg.rf.88de9b9d938eaec9291ee378e1011e42.jpg,vestboost_val_00125_jhboyo_val_00125_image_231_jpg.rf.88de9b9d938eaec9291ee378e1011e42,vest_ext,vest_ext:image_231,0,1,0,2faf2aa4d5919cd85b6bbdf4a6213ebca51f95b2
vestboost_val_00126_jhboyo_val_00126_image_233_jpg.rf.d6b28cad991a0d8d70392a383bc06a10.jpg,vestboost_val_00126_jhboyo_val_00126_image_233_jpg.rf.d6b28cad991a0d8d70392a383bc06a10,vest_ext,vest_ext:image_233,0,1,0,4b842428a9c2e2e9e56338303ea5e608c7295087
vestboost_val_00127_jhboyo_val_00127_image_238_jpg.rf.f683fe6429ac935327acbe034171e60c.jpg,vestboost_val_00127_jhboyo_val_00127_image_238_jpg.rf.f683fe6429ac935327acbe034171e60c,vest_ext,vest_ext:image_238,0,1,0,012eae8f9a9de550fb4eb94f22b7a757089e33b4
vestboost_val_00128_jhboyo_val_00128_image_241_jpg.rf.22dc288cba3c03b16a1a928730a360c2.jpg,vestboost_val_00128_jhboyo_val_00128_image_241_jpg.rf.22dc288cba3c03b16a1a928730a360c2,vest_ext,vest_ext:image_241,0,1,0,be4336cb425b426d8db4dda72a388b8067feb4ba
vestboost_val_00129_jhboyo_val_00129_image_242_jpg.rf.7bc83af62c511b2be79e570571aa6e81.jpg,vestboost_val_00129_jhboyo_val_00129_image_242_jpg.rf.7bc83af62c511b2be79e570571aa6e81,vest_ext,vest_ext:image_242,0,1,0,7aa9e2b20f233888ca6072b6e292f1682b1660a0
vestboost_val_00130_jhboyo_val_00130_image_249_jpg.rf.8764f3d02d29157c48f868b970391ce7.jpg,vestboost_val_00130_jhboyo_val_00130_image_249_jpg.rf.8764f3d02d29157c48f868b970391ce7,vest_ext,vest_ext:image_249,0,1,0,59409366e5a4daf931fa32e46d2d7a564b414e57
vestboost_val_00131_jhboyo_val_00131_image_24_jpg.rf.f3f798598d3df40c7153da19584e67ef.jpg,vestboost_val_00131_jhboyo_val_00131_image_24_jpg.rf.f3f798598d3df40c7153da19584e67ef,vest_ext,vest_ext:image_24,0,1,0,ad8451084361906bf386e6019ee87cd9dc2dd7d7
vestboost_val_00132_jhboyo_val_00132_image_251_jpg.rf.306245154d6cfc32e967277ad9c3e6ee.jpg,vestboost_val_00132_jhboyo_val_00132_image_251_jpg.rf.306245154d6cfc32e967277ad9c3e6ee,vest_ext,vest_ext:image_251,0,1,0,0e4eef4a2cb84fb335843f4e3ffb040b082cf0ea
vestboost_val_00133_jhboyo_val_00133_image_252_jpg.rf.283573278f1f56a25a4b492d74cd93d7.jpg,vestboost_val_00133_jhboyo_val_00133_image_252_jpg.rf.283573278f1f56a25a4b492d74cd93d7,vest_ext,vest_ext:image_252,0,1,0,9cd078c9ca7290c94da2abb98d79c68bb591df9c
vestboost_val_00134_jhboyo_val_00134_image_256_jpg.rf.4a05434a5d1e47eff56b8e61ea2a40c8.jpg,vestboost_val_00134_jhboyo_val_00134_image_256_jpg.rf.4a05434a5d1e47eff56b8e61ea2a40c8,vest_ext,vest_ext:image_256,0,1,0,5c8097b3209ce1547aa6a53bd027b794bd79aa77
vestboost_val_00135_jhboyo_val_00135_image_25_jpg.rf.39195b984759d992e43c5ee15c2f1dbd.jpg,vestboost_val_00135_jhboyo_val_00135_image_25_jpg.rf.39195b984759d992e43c5ee15c2f1dbd,vest_ext,vest_ext:image_25,0,1,0,e2883bd71d60376cd7529e3d8210d2e1c4576382
vestboost_val_00136_jhboyo_val_00136_image_261_jpg.rf.757168b5a7fb947e84aecf5ba12d6c3f.jpg,vestboost_val_00136_jhboyo_val_00136_image_261_jpg.rf.757168b5a7fb947e84aecf5ba12d6c3f,vest_ext,vest_ext:image_261,0,1,0,35a0e80bb445f8f6d987f0d1ac9489d2f6e31729
vestboost_val_00137_jhboyo_val_00137_image_26_jpg.rf.93ddf6ad9a6dca23ec64a028561f7085.jpg,vestboost_val_00137_jhboyo_val_00137_image_26_jpg.rf.93ddf6ad9a6dca23ec64a028561f7085,vest_ext,vest_ext:image_26,0,1,0,e07d033623bb7d655b57c6dd6b8fde61845ceba4
vestboost_val_00138_jhboyo_val_00138_image_29_jpg.rf.53e1415e5d18049536d043eafaa76ec0.jpg,vestboost_val_00138_jhboyo_val_00138_image_29_jpg.rf.53e1415e5d18049536d043eafaa76ec0,vest_ext,vest_ext:image_29,0,1,0,7bd7c809571590943d676b082f05f98da0ef60e5
vestboost_val_00139_jhboyo_val_00139_image_30_jpg.rf.809e3499b72140958eb996a412270276.jpg,vestboost_val_00139_jhboyo_val_00139_image_30_jpg.rf.809e3499b72140958eb996a412270276,vest_ext,vest_ext:image_30,0,1,0,bfa9c9e6b5bbd89a0965acd9ac7dfeba5527eb11
vestboost_val_00140_jhboyo_val_00140_image_34_jpg.rf.15def1fd98096a3091692d0fe31e908f.jpg,vestboost_val_00140_jhboyo_val_00140_image_34_jpg.rf.15def1fd98096a3091692d0fe31e908f,vest_ext,vest_ext:image_34,0,1,0,8c49e997a41a59ba3290755b7013df4d7fa5b6c1
vestboost_val_00141_jhboyo_val_00141_image_36_jpg.rf.7188a861ac210c79cccfce81021da2c3.jpg,vestboost_val_00141_jhboyo_val_00141_image_36_jpg.rf.7188a861ac210c79cccfce81021da2c3,vest_ext,vest_ext:image_36,0,1,0,d7f4f07302c99189c49dcb714da4020e28f0fa27
vestboost_val_00142_jhboyo_val_00142_image_37_jpg.rf.5d85e542cc672e1a4aebe1b4871da1c5.jpg,vestboost_val_00142_jhboyo_val_00142_image_37_jpg.rf.5d85e542cc672e1a4aebe1b4871da1c5,vest_ext,vest_ext:image_37,0,1,0,6da81c976a547c8dab2b9b84c19a4f0aab0658c9
vestboost_val_00143_jhboyo_val_00143_image_38_jpg.rf.e9f56ea6d28c1313e5f644ed3b57d3df.jpg,vestboost_val_00143_jhboyo_val_00143_image_38_jpg.rf.e9f56ea6d28c1313e5f644ed3b57d3df,vest_ext,vest_ext:image_38,0,1,0,d756e8d15396f3608c36cc024580747475de9868
vestboost_val_00144_jhboyo_val_00144_image_39_jpg.rf.c62896766375f7fccac0fe5de922b727.jpg,vestboost_val_00144_jhboyo_val_00144_image_39_jpg.rf.c62896766375f7fccac0fe5de922b727,vest_ext,vest_ext:image_39,0,1,0,711a6789a371c806a992b36127fe0fd4c93110e0
vestboost_val_00145_jhboyo_val_00145_image_41_jpg.rf.a835a3fb1c594445fd87de686172ff21.jpg,vestboost_val_00145_jhboyo_val_00145_image_41_jpg.rf.a835a3fb1c594445fd87de686172ff21,vest_ext,vest_ext:image_41,0,1,0,20b34966c0e599bbc33838f579a244207498def5
vestboost_val_00146_jhboyo_val_00146_image_41_jpg.rf.ce2e7e11e0a51ed55790568832b11559.jpg,vestboost_val_00146_jhboyo_val_00146_image_41_jpg.rf.ce2e7e11e0a51ed55790568832b11559,vest_ext,vest_ext:image_41,0,1,0,6dc289a9341013e1ff14786ec8f72747a0e77c00
vestboost_val_00147_jhboyo_val_00147_image_45_jpg.rf.10b2d9b10bf112caef40c711abfd9441.jpg,vestboost_val_00147_jhboyo_val_00147_image_45_jpg.rf.10b2d9b10bf112caef40c711abfd9441,vest_ext,vest_ext:image_45,0,1,0,1fdf3480a3d08b1b6ec03a2e0f5041a94a314b43
vestboost_val_00148_jhboyo_val_00148_image_45_jpg.rf.8da5bffe158c2e7a651c2893fd24e344.jpg,vestboost_val_00148_jhboyo_val_00148_image_45_jpg.rf.8da5bffe158c2e7a651c2893fd24e344,vest_ext,vest_ext:image_45,0,1,0,5aafd8f1696c1a0f648ec9182951e9f5d6dff036
vestboost_val_00149_jhboyo_val_00149_image_49_jpg.rf.0dab41586114bd5a3c6f87a45ab5dca0.jpg,vestboost_val_00149_jhboyo_val_00149_image_49_jpg.rf.0dab41586114bd5a3c6f87a45ab5dca0,vest_ext,vest_ext:image_49,0,1,0,e2dc822455799394de4fa42f84d857c911e8d583
vestboost_val_00150_jhboyo_val_00150_image_50_jpg.rf.e990fad359e5a3ef4e1ebf9fd54e13e3.jpg,vestboost_val_00150_jhboyo_val_00150_image_50_jpg.rf.e990fad359e5a3ef4e1ebf9fd54e13e3,vest_ext,vest_ext:image_50,0,1,0,aa43b7a9a240ee939cad28b78bf8188f96161c6b
vestboost_val_00151_jhboyo_val_00151_image_52_jpg.rf.0cf2f0e56e19a1d7e1b126223cac2eb3.jpg,vestboost_val_00151_jhboyo_val_00151_image_52_jpg.rf.0cf2f0e56e19a1d7e1b126223cac2eb3,vest_ext,vest_ext:image_52,0,1,0,538dada9f5207e43b5ef0fe4b052b52afbad9635
vestboost_val_00152_jhboyo_val_00152_image_53_jpg.rf.296e434dfcc32a2299e9539fa2dfdec4.jpg,vestboost_val_00152_jhboyo_val_00152_image_53_jpg.rf.296e434dfcc32a2299e9539fa2dfdec4,vest_ext,vest_ext:image_53,0,1,0,3239fee978ae8dc72e9f58bfd8e9e7f68e0b740d
vestboost_val_00153_jhboyo_val_00153_image_62_jpg.rf.6548494219b95a81a8ac8c8caf4600e0.jpg,vestboost_val_00153_jhboyo_val_00153_image_62_jpg.rf.6548494219b95a81a8ac8c8caf4600e0,vest_ext,vest_ext:image_62,0,1,0,ecece5705ed46fb3898951d5b090e3381ac03607
vestboost_val_00154_jhboyo_val_00154_image_6_jpg.rf.ab3d31fa715d58f80b6ba8ef3c0e3e25.jpg,vestboost_val_00154_jhboyo_val_00154_image_6_jpg.rf.ab3d31fa715d58f80b6ba8ef3c0e3e25,vest_ext,vest_ext:image_6,0,1,0,b39d46b578f9afe4211623b1bd18906a7981df71
vestboost_val_00155_jhboyo_val_00155_image_70_jpg.rf.9fde6b34a7d4dca8645bbc35b5f91b43.jpg,vestboost_val_00155_jhboyo_val_00155_image_70_jpg.rf.9fde6b34a7d4dca8645bbc35b5f91b43,vest_ext,vest_ext:image_70,0,1,0,99781742a31a60043de1b43968c14c82a35b9249
vestboost_val_00156_jhboyo_val_00156_image_70_jpg.rf.cbf78c8e375050bc8f4722ef211f4271.jpg,vestboost_val_00156_jhboyo_val_00156_image_70_jpg.rf.cbf78c8e375050bc8f4722ef211f4271,vest_ext,vest_ext:image_70,0,1,0,99f1d7be0400143cf3d9b57efdb996572b1263c2
vestboost_val_00157_jhboyo_val_00157_image_72_jpg.rf.77ed858fd59f7094920485fdee0af3e0.jpg,vestboost_val_00157_jhboyo_val_00157_image_72_jpg.rf.77ed858fd59f7094920485fdee0af3e0,vest_ext,vest_ext:image_72,0,1,0,cc073709b3622c938e1d273e650917c599bbbd83
vestboost_val_00158_jhboyo_val_00158_image_73_jpg.rf.e959cf0943031377542e56360bc4c325.jpg,vestboost_val_00158_jhboyo_val_00158_image_73_jpg.rf.e959cf0943031377542e56360bc4c325,vest_ext,vest_ext:image_73,0,1,0,945e1aac695855597f6f9b394cfa54c604028b6f
vestboost_val_00159_jhboyo_val_00159_image_73_jpg.rf.fce9abbb12fd97f6cb1d0742a21ef751.jpg,vestboost_val_00159_jhboyo_val_00159_image_73_jpg.rf.fce9abbb12fd97f6cb1d0742a21ef751,vest_ext,vest_ext:image_73,0,1,0,7bc043203fd81e9f3af266f990b03b88397f1217
vestboost_val_00160_jhboyo_val_00160_image_75_jpg.rf.bf4d462fe185bf9c06707db4d9ed0e31.jpg,vestboost_val_00160_jhboyo_val_00160_image_75_jpg.rf.bf4d462fe185bf9c06707db4d9ed0e31,vest_ext,vest_ext:image_75,0,1,0,3daa77e877b8daa7a86c069723ce13f3f2070717
vestboost_val_00161_jhboyo_val_00161_image_76_jpg.rf.9fd588a717cd717dad20477686db5fa7.jpg,vestboost_val_00161_jhboyo_val_00161_image_76_jpg.rf.9fd588a717cd717dad20477686db5fa7,vest_ext,vest_ext:image_76,0,1,0,7e386c8bdaa5cecf477a977fbd620ec1fa5d1aa6
vestboost_val_00162_jhboyo_val_00162_image_77_jpg.rf.8b35b3c7612a8ef5c1846d5a216e2985.jpg,vestboost_val_00162_jhboyo_val_00162_image_77_jpg.rf.8b35b3c7612a8ef5c1846d5a216e2985,vest_ext,vest_ext:image_77,0,1,0,beae61a9cbe882b1a9e4e85ad5b157bc032e13d8
vestboost_val_00163_jhboyo_val_00163_image_78_jpg.rf.de21a48e71af3798637854f776dde7e3.jpg,vestboost_val_00163_jhboyo_val_00163_image_78_jpg.rf.de21a48e71af3798637854f776dde7e3,vest_ext,vest_ext:image_78,0,1,0,64231bd16cb9e7f43095ab631c396df637d9dc3a
vestboost_val_00164_jhboyo_val_00164_image_84_jpg.rf.cc7a843016a97afd3e7679835358d16c.jpg,vestboost_val_00164_jhboyo_val_00164_image_84_jpg.rf.cc7a843016a97afd3e7679835358d16c,vest_ext,vest_ext:image_84,0,1,0,f24c74e93ac2450b43d4577965fe10e4bf69de98
vestboost_val_00165_jhboyo_val_00165_image_85_jpg.rf.0c383202f0913fd7beb75eb4f50a61c0.jpg,vestboost_val_00165_jhboyo_val_00165_image_85_jpg.rf.0c383202f0913fd7beb75eb4f50a61c0,vest_ext,vest_ext:image_85,0,1,0,6f760feef29a08f2c0691cc9a6bd1b029ec67596
vestboost_val_00166_jhboyo_val_00166_image_86_jpg.rf.723ec90ca725cc688133a84bd7adfc30.jpg,vestboost_val_00166_jhboyo_val_00166_image_86_jpg.rf.723ec90ca725cc688133a84bd7adfc30,vest_ext,vest_ext:image_86,0,1,0,0410a96b1d89c7ec87e55888f678b35672eae0aa
vestboost_val_00167_jhboyo_val_00167_image_87_jpg.rf.801eb59cca7c0161ba73c865a097a123.jpg,vestboost_val_00167_jhboyo_val_00167_image_87_jpg.rf.801eb59cca7c0161ba73c865a097a123,vest_ext,vest_ext:image_87,0,1,0,bd02d1cc5cf9b007accc74850329dc1686ab5c93
vestboost_val_00168_jhboyo_val_00168_image_90_jpg.rf.a84ca6e5ee6e9e4512112d9d732744ed.jpg,vestboost_val_00168_jhboyo_val_00168_image_90_jpg.rf.a84ca6e5ee6e9e4512112d9d732744ed,vest_ext,vest_ext:image_90,0,1,0,e6aa878237857196d1a6b1f24963df69a17019fd
vestboost_val_00169_jhboyo_val_00169_image_94_jpg.rf.5a462de2812e6181f59a70134ae6da37.jpg,vestboost_val_00169_jhboyo_val_00169_image_94_jpg.rf.5a462de2812e6181f59a70134ae6da37,vest_ext,vest_ext:image_94,0,1,0,3bec1ed1011df047b146a7d227e2d1a2f7376b73
vestboost_val_00170_jhboyo_val_00170_image_98_jpg.rf.4dbfd2dd661d2d542e6f0699bb10c40b.jpg,vestboost_val_00170_jhboyo_val_00170_image_98_jpg.rf.4dbfd2dd661d2d542e6f0699bb10c40b,vest_ext,vest_ext:image_98,0,1,0,150608f5c0f56e1ab6acffb0be550b98e6784e36
vestboost_val_00171_jhboyo_val_00171_img15_jpg.rf.664f669d7bb294b0ecc4ff0dd99f691f.jpg,vestboost_val_00171_jhboyo_val_00171_img15_jpg.rf.664f669d7bb294b0ecc4ff0dd99f691f,vest_ext,vest_ext:img15,0,1,0,5efbd97b8a294160aa19c32515d2975f40147efe
vestboost_val_00172_jhboyo_val_00172_img_003_jpg.rf.007df962e0eaa3b10d6b952f7dac322b.jpg,vestboost_val_00172_jhboyo_val_00172_img_003_jpg.rf.007df962e0eaa3b10d6b952f7dac322b,vest_ext,vest_ext:img_003,0,2,0,cf3976fa0448fb5415abca9b7f67a453a899f152
vestboost_val_00173_jhboyo_val_00173_img_006_jpg.rf.65574b03adca1967ee091ecfeb92e743.jpg,vestboost_val_00173_jhboyo_val_00173_img_006_jpg.rf.65574b03adca1967ee091ecfeb92e743,vest_ext,vest_ext:img_006,0,13,0,2c006cbf28b072adbc3331827a0622cc1688729e
vestboost_val_00174_jhboyo_val_00174_img_008_jpg.rf.1c58143fc1ec97826508d37a3893d6ef.jpg,vestboost_val_00174_jhboyo_val_00174_img_008_jpg.rf.1c58143fc1ec97826508d37a3893d6ef,vest_ext,vest_ext:img_008,0,4,0,2961e24d17721a848b55d48d568fd8f07e44f165
vestboost_val_00175_jhboyo_val_00175_img_010_jpg.rf.aa12792ec3b012e6a7ea82c26f183beb.jpg,vestboost_val_00175_jhboyo_val_00175_img_010_jpg.rf.aa12792ec3b012e6a7ea82c26f183beb,vest_ext,vest_ext:img_010,0,8,0,876442fa1cb7ba8a9c1c3550ccd04e38924f8235
vestboost_val_00176_jhboyo_val_00176_img_011_jpeg_jpg.rf.866d8ceec7fe1442cb3c8bfdc23b21d9.jpg,vestboost_val_00176_jhboyo_val_00176_img_011_jpeg_jpg.rf.866d8ceec7fe1442cb3c8bfdc23b21d9,vest_ext,vest_ext:img_011_jpeg,0,5,0,f34b4df858e0e64185a69c9a9550f9039846fc8a
vestboost_val_00177_jhboyo_val_00177_img_019_jpg.rf.d7a0526900c17e68ded6ea06719c568e.jpg,vestboost_val_00177_jhboyo_val_00177_img_019_jpg.rf.d7a0526900c17e68ded6ea06719c568e,vest_ext,vest_ext:img_019,0,5,0,c61775c7f9c3a4646ba4c0459c204a7b5670f573
vestboost_val_00178_jhboyo_val_00178_img_023_jpg.rf.5a79a539e161a16e06f2b0d7520b08c5.jpg,vestboost_val_00178_jhboyo_val_00178_img_023_jpg.rf.5a79a539e161a16e06f2b0d7520b08c5,vest_ext,vest_ext:img_023,0,4,0,4135ebd4f54c386d98ffc3f379fbea88fdfe4726
vestboost_val_00179_jhboyo_val_00179_img_023_jpg.rf.a5c19e683f0e4025968db2baa3d7af8d.jpg,vestboost_val_00179_jhboyo_val_00179_img_023_jpg.rf.a5c19e683f0e4025968db2baa3d7af8d,vest_ext,vest_ext:img_023,0,18,0,c7be49d39938ec5b1fb5987aeba0ce3f3af1efb6
vestboost_val_00180_jhboyo_val_00180_img_028_jpg.rf.71e9bff953321aeef7f2870fcdf6969e.jpg,vestboost_val_00180_jhboyo_val_00180_img_028_jpg.rf.71e9bff953321aeef7f2870fcdf6969e,vest_ext,vest_ext:img_028,0,4,0,81bf6c0cb9f52d4133acb415364411fec04e6f58
vestboost_val_00181_jhboyo_val_00181_img_031_jpg.rf.90a9cd2b8a7f4feac01ec0cb29bc6daf.jpg,vestboost_val_00181_jhboyo_val_00181_img_031_jpg.rf.90a9cd2b8a7f4feac01ec0cb29bc6daf,vest_ext,vest_ext:img_031,0,5,0,1c9efe4e2086b1802865167e0c30ed0da2628cfb
vestboost_val_00182_jhboyo_val_00182_img_031_jpg.rf.96006987e6ca2363421278375c6421e0.jpg,vestboost_val_00182_jhboyo_val_00182_img_031_jpg.rf.96006987e6ca2363421278375c6421e0,vest_ext,vest_ext:img_031,0,7,0,4d18c5d7dea52adf2d1939bf4d7b36b4fb2c7cb2
vestboost_val_00183_jhboyo_val_00183_img_033_jpg.rf.9912185f0d07efdf57cb40d2bf3928b7.jpg,vestboost_val_00183_jhboyo_val_00183_img_033_jpg.rf.9912185f0d07efdf57cb40d2bf3928b7,vest_ext,vest_ext:img_033,0,4,0,dc155ba775bd6292f68261e507d27001d2aa92f2
vestboost_val_00184_jhboyo_val_00184_img_038_jpg.rf.d6561a9835a87c4788b405b7f5d2c407.jpg,vestboost_val_00184_jhboyo_val_00184_img_038_jpg.rf.d6561a9835a87c4788b405b7f5d2c407,vest_ext,vest_ext:img_038,0,2,0,1ceacef8d3f4a62f619ae09b78053194195eabe0
vestboost_val_00185_jhboyo_val_00185_img_039_jpg.rf.ac3b0a282bf337fb19282ad903145d8d.jpg,vestboost_val_00185_jhboyo_val_00185_img_039_jpg.rf.ac3b0a282bf337fb19282ad903145d8d,vest_ext,vest_ext:img_039,0,9,0,f6a2a5f338225fe2811f318a916c8bb3df23d003
vestboost_val_00186_jhboyo_val_00186_img_040_jpg.rf.a3bd59fcad4cc5d8e3255128bb4af234.jpg,vestboost_val_00186_jhboyo_val_00186_img_040_jpg.rf.a3bd59fcad4cc5d8e3255128bb4af234,vest_ext,vest_ext:img_040,0,4,0,c4ec0eacfbcd03d77dd1c30c7e55000e66f2630b
vestboost_val_00187_jhboyo_val_00187_img_042_jpg.rf.0345e59851b41f456706457f07492236.jpg,vestboost_val_00187_jhboyo_val_00187_img_042_jpg.rf.0345e59851b41f456706457f07492236,vest_ext,vest_ext:img_042,0,2,0,72d6d1165fd01927f22ed04198f4a2d23d40d791
vestboost_val_00188_jhboyo_val_00188_img_044_jpg.rf.101653bd7ddc8d315977be8cf6557965.jpg,vestboost_val_00188_jhboyo_val_00188_img_044_jpg.rf.101653bd7ddc8d315977be8cf6557965,vest_ext,vest_ext:img_044,0,3,0,2f04e36bb8332824acdfb2de72f5bd9b096a75b5
vestboost_val_00189_jhboyo_val_00189_img_044_jpg.rf.668b2c9a9fc601a0d9596a2e0ed1160c.jpg,vestboost_val_00189_jhboyo_val_00189_img_044_jpg.rf.668b2c9a9fc601a0d9596a2e0ed1160c,vest_ext,vest_ext:img_044,0,4,0,4f2151f0a47d3ac7878d6a5576d595a344230f45
vestboost_val_00190_jhboyo_val_00190_img_046_jpg.rf.bb3ce5758467cf7bc4232567e680aaa9.jpg,vestboost_val_00190_jhboyo_val_00190_img_046_jpg.rf.bb3ce5758467cf7bc4232567e680aaa9,vest_ext,vest_ext:img_046,0,7,0,0826d194221c1b9d53b3fb1c46eb258a2b925183
vestboost_val_00191_jhboyo_val_00191_img_049_jpg.rf.6d4121b1966778e17a23d91ac1d661aa.jpg,vestboost_val_00191_jhboyo_val_00191_img_049_jpg.rf.6d4121b1966778e17a23d91ac1d661aa,vest_ext,vest_ext:img_049,0,4,0,8daa8a7eba701ea7ae5c42391df814123bdbdf47
vestboost_val_00192_jhboyo_val_00192_img_050_jpg.rf.6c43ff5fe52b8e26e60f75361e577a21.jpg,vestboost_val_00192_jhboyo_val_00192_img_050_jpg.rf.6c43ff5fe52b8e26e60f75361e577a21,vest_ext,vest_ext:img_050,0,9,0,8d13b4f7e954b2ec4c283bd50939aabf41b646ba
vestboost_val_00193_jhboyo_val_00193_img_053_jpg.rf.c03fa98addc07606358b97a36c5a50c0.jpg,vestboost_val_00193_jhboyo_val_00193_img_053_jpg.rf.c03fa98addc07606358b97a36c5a50c0,vest_ext,vest_ext:img_053,0,3,0,5b41ec497cc0f36d21b038c24aa01caa2d5aa450
vestboost_val_00194_jhboyo_val_00194_img_055_jpg.rf.6d12f1ef735f09eb14926af5440009e2.jpg,vestboost_val_00194_jhboyo_val_00194_img_055_jpg.rf.6d12f1ef735f09eb14926af5440009e2,vest_ext,vest_ext:img_055,0,17,0,03209436deeee974691da2d3f75b9df5c0f57be6
vestboost_val_00195_jhboyo_val_00195_img_056_jpg.rf.abed8a0acda1a05a961ef921b3d7111b.jpg,vestboost_val_00195_jhboyo_val_00195_img_056_jpg.rf.abed8a0acda1a05a961ef921b3d7111b,vest_ext,vest_ext:img_056,0,7,0,0dde8e183f75531e1ca794fba2bda7a1c5a5b12d
vestboost_val_00196_jhboyo_val_00196_img_060_jpg.rf.15771fc6a8674cefde06d836e0c467d8.jpg,vestboost_val_00196_jhboyo_val_00196_img_060_jpg.rf.15771fc6a8674cefde06d836e0c467d8,vest_ext,vest_ext:img_060,0,16,0,be5651b115a2fcd6f1cb5c679bbd032df5d77deb
vestboost_val_00197_jhboyo_val_00197_may_14_damper_all_jpg.rf.4747fa3fb1ff5e84503aad7e5ab164e8.jpg,vestboost_val_00197_jhboyo_val_00197_may_14_damper_all_jpg.rf.4747fa3fb1ff5e84503aad7e5ab164e8,vest_ext,vest_ext:may_14_damper_all,0,2,0,c051a53ee854cf744dc0e3b47173f8dc954d0f39
vestboost_val_00198_jhboyo_val_00198_people_miners_man_person_human_workers_happy-683029_jpg.rf.03c7b5f835c6ecd525ef967fcd345099.jpg,vestboost_val_00198_jhboyo_val_00198_people_miners_man_person_human_workers_happy-683029_jpg.rf.03c7b5f835c6ecd525ef967fcd345099,vest_ext,vest_ext:people_miners_man_person_human_workers_happy-683029,0,2,0,0c39be4e31c77012eb151c2eccf93b30a1368214
vestboost_val_00199_jhboyo_val_00199_pexels-photo-583392_jpeg_jpg.rf.c3d1fd051df811f3ca025b0b5aca0bc1.jpg,vestboost_val_00199_jhboyo_val_00199_pexels-photo-583392_jpeg_jpg.rf.c3d1fd051df811f3ca025b0b5aca0bc1,vest_ext,vest_ext:pexels-photo-583392_jpeg,0,5,0,5ed4c986bfb483f7fcdabd8f00dcd1b7fafb2634
vestboost_val_00200_jhboyo_val_00200_pexels-photo-585419_jpeg_jpg.rf.4867e36e5be0af560010024ecc347e4d.jpg,vestboost_val_00200_jhboyo_val_00200_pexels-photo-585419_jpeg_jpg.rf.4867e36e5be0af560010024ecc347e4d,vest_ext,vest_ext:pexels-photo-585419_jpeg,0,1,0,f38d53b13f07a71a7b014f999692a1d09760d81b
vestboost_val_00201_jhboyo_val_00201_pos_1055_jpg.rf.3d2a9d1157f1f4f8d4d57c6e9665e823.jpg,vestboost_val_00201_jhboyo_val_00201_pos_1055_jpg.rf.3d2a9d1157f1f4f8d4d57c6e9665e823,vest_ext,vest_ext:pos_1055,0,1,0,b77de55158d331d3580430d4e21076aad5eb81b5
vestboost_val_00202_jhboyo_val_00202_pos_1103_jpg.rf.239cba42e789dbb4fae4c8d21d7b8479.jpg,vestboost_val_00202_jhboyo_val_00202_pos_1103_jpg.rf.239cba42e789dbb4fae4c8d21d7b8479,vest_ext,vest_ext:pos_1103,0,1,0,73d877c39692ec977f60c9e3ffdced1b30434847
vestboost_val_00203_jhboyo_val_00203_pos_1104_jpg.rf.3424f684bc015922386103fbc276a1c2.jpg,vestboost_val_00203_jhboyo_val_00203_pos_1104_jpg.rf.3424f684bc015922386103fbc276a1c2,vest_ext,vest_ext:pos_1104,0,1,0,0c55c0e09288c7c9355d9809590295aace6b4bf6
vestboost_val_00204_jhboyo_val_00204_pos_1123_jpg.rf.c98be5450c85d12dc21879afa234da6a.jpg,vestboost_val_00204_jhboyo_val_00204_pos_1123_jpg.rf.c98be5450c85d12dc21879afa234da6a,vest_ext,vest_ext:pos_1123,0,2,0,1aeb9cfa902ba82707390ffa461486624ba5e59e
vestboost_val_00205_jhboyo_val_00205_pos_1144_jpg.rf.77566021016bb42cd32b38bb0d31cdcb.jpg,vestboost_val_00205_jhboyo_val_00205_pos_1144_jpg.rf.77566021016bb42cd32b38bb0d31cdcb,vest_ext,vest_ext:pos_1144,0,1,0,feb629d808d461e37845868f088d84ce13f71307
vestboost_val_00206_jhboyo_val_00206_pos_1168_jpg.rf.9cd64f2c88fef7707eb4a099011fe11a.jpg,vestboost_val_00206_jhboyo_val_00206_pos_1168_jpg.rf.9cd64f2c88fef7707eb4a099011fe11a,vest_ext,vest_ext:pos_1168,0,5,0,c47678ce2d7a949666e70e0f3e064cf4a6b4600d
vestboost_val_00207_jhboyo_val_00207_pos_1340_jpg.rf.5e2d196c4ba318a1c70e37c76514c610.jpg,vestboost_val_00207_jhboyo_val_00207_pos_1340_jpg.rf.5e2d196c4ba318a1c70e37c76514c610,vest_ext,vest_ext:pos_1340,0,3,0,e8abe78589576cc6de6cb3b96aeed7972130bd14
vestboost_val_00208_jhboyo_val_00208_pos_1341_jpg.rf.70c5de49d7012e555b1f79e600afaee0.jpg,vestboost_val_00208_jhboyo_val_00208_pos_1341_jpg.rf.70c5de49d7012e555b1f79e600afaee0,vest_ext,vest_ext:pos_1341,0,3,0,ee2b8a4e6a9e23bc23d814cd1dd317404708f134
vestboost_val_00209_jhboyo_val_00209_pos_1342_jpg.rf.1770e4becff438ed06e75a6049dd042e.jpg,vestboost_val_00209_jhboyo_val_00209_pos_1342_jpg.rf.1770e4becff438ed06e75a6049dd042e,vest_ext,vest_ext:pos_1342,0,2,0,0ba2280fa757501581d68784c3583a2b5c66d871
vestboost_val_00210_jhboyo_val_00210_pos_1347_jpg.rf.e91393bba932fadc0e4d1f3221ab4f6b.jpg,vestboost_val_00210_jhboyo_val_00210_pos_1347_jpg.rf.e91393bba932fadc0e4d1f3221ab4f6b,vest_ext,vest_ext:pos_1347,0,2,0,da7c59498ce1ecc3104b3efc089eca5a84b00042
vestboost_val_00211_jhboyo_val_00211_pos_1351_jpg.rf.bc01d5a98fb48e4eea93433324a45a88.jpg,vestboost_val_00211_jhboyo_val_00211_pos_1351_jpg.rf.bc01d5a98fb48e4eea93433324a45a88,vest_ext,vest_ext:pos_1351,0,3,0,42c884be4dbf7dc27feab4656907a93b41f68aa3
vestboost_val_00212_jhboyo_val_00212_pos_1364_jpg.rf.8a7b8146bdbabf23f81ac246395cc796.jpg,vestboost_val_00212_jhboyo_val_00212_pos_1364_jpg.rf.8a7b8146bdbabf23f81ac246395cc796,vest_ext,vest_ext:pos_1364,0,4,0,be2e0e43b782edf3daf28fd0675fecf5f325c285
vestboost_val_00213_jhboyo_val_00213_pos_1370_jpg.rf.a784c97ccafb818beef153c94f4db243.jpg,vestboost_val_00213_jhboyo_val_00213_pos_1370_jpg.rf.a784c97ccafb818beef153c94f4db243,vest_ext,vest_ext:pos_1370,0,1,0,16db694c05c49280ff1af3f9ca983d6e15402923
vestboost_val_00214_jhboyo_val_00214_pos_1382_jpg.rf.585fb041b2318892461791b6a8216059.jpg,vestboost_val_00214_jhboyo_val_00214_pos_1382_jpg.rf.585fb041b2318892461791b6a8216059,vest_ext,vest_ext:pos_1382,0,1,0,7b9057b4aa1e59c718d7602c30e58f7e85f7bd3e
vestboost_val_00215_jhboyo_val_00215_pos_1387_jpg.rf.057c400943c84d99659ea11700a57dd4.jpg,vestboost_val_00215_jhboyo_val_00215_pos_1387_jpg.rf.057c400943c84d99659ea11700a57dd4,vest_ext,vest_ext:pos_1387,0,3,0,64a13b1a2a11f495e7c96ae2cd1693af41520398
vestboost_val_00216_jhboyo_val_00216_pos_1401_jpg.rf.35a9da1b1398ab0c9ec47a53f26e9f49.jpg,vestboost_val_00216_jhboyo_val_00216_pos_1401_jpg.rf.35a9da1b1398ab0c9ec47a53f26e9f49,vest_ext,vest_ext:pos_1401,0,2,0,b031c994c483aa6b3bc5d182a86dbe1973cd4deb
vestboost_val_00217_jhboyo_val_00217_pos_1405_jpg.rf.0bf1acde23aad4fe30b3e5505a717065.jpg,vestboost_val_00217_jhboyo_val_00217_pos_1405_jpg.rf.0bf1acde23aad4fe30b3e5505a717065,vest_ext,vest_ext:pos_1405,0,2,0,8e6a0060688ef7c1544ca7467a57be916ce49f9d
vestboost_val_00218_jhboyo_val_00218_pos_1409_jpg.rf.bc96c4deb12cb8da0e2422582c538a50.jpg,vestboost_val_00218_jhboyo_val_00218_pos_1409_jpg.rf.bc96c4deb12cb8da0e2422582c538a50,vest_ext,vest_ext:pos_1409,0,1,0,66403406a8c623c48cacafaf1fca8954751c9880
vestboost_val_00219_jhboyo_val_00219_pos_1415_jpg.rf.afa86027f41a641b1668b4a27b692e60.jpg,vestboost_val_00219_jhboyo_val_00219_pos_1415_jpg.rf.afa86027f41a641b1668b4a27b692e60,vest_ext,vest_ext:pos_1415,0,1,0,21cfd28aec1193225ae751b176a84daf15b8ebb0
vestboost_val_00220_jhboyo_val_00220_pos_1417_jpg.rf.4bd1066fd6c15f0a8f13f7c229462984.jpg,vestboost_val_00220_jhboyo_val_00220_pos_1417_jpg.rf.4bd1066fd6c15f0a8f13f7c229462984,vest_ext,vest_ext:pos_1417,0,1,0,dfdb558b1585828d595d5d34fba00b8d60138bd0
vestboost_val_00221_jhboyo_val_00221_pos_1418_jpg.rf.a8e825fd24c1adb8482b01001e8f1594.jpg,vestboost_val_00221_jhboyo_val_00221_pos_1418_jpg.rf.a8e825fd24c1adb8482b01001e8f1594,vest_ext,vest_ext:pos_1418,0,1,0,f587d5e1b2d97e639ff6de22704017729142273d
vestboost_val_00222_jhboyo_val_00222_pos_1420_jpg.rf.550f7669fdccd87543600421f700d390.jpg,vestboost_val_00222_jhboyo_val_00222_pos_1420_jpg.rf.550f7669fdccd87543600421f700d390,vest_ext,vest_ext:pos_1420,0,2,0,6b7b364cbf7d13e85850332ed6a8f3e6b4c42895
vestboost_val_00223_jhboyo_val_00223_pos_1424_jpg.rf.591e9690821b629b7617748fbfd151fe.jpg,vestboost_val_00223_jhboyo_val_00223_pos_1424_jpg.rf.591e9690821b629b7617748fbfd151fe,vest_ext,vest_ext:pos_1424,0,1,0,440dc09bc39ed05e414654877a1ffd2b53d9c476
vestboost_val_00224_jhboyo_val_00224_pos_1430_jpg.rf.0dd64336e7779fa4c7ff018ed74a5110.jpg,vestboost_val_00224_jhboyo_val_00224_pos_1430_jpg.rf.0dd64336e7779fa4c7ff018ed74a5110,vest_ext,vest_ext:pos_1430,0,1,0,6c449d36a11ecbea3d07a4aabe33c905f4a39004
vestboost_val_00225_jhboyo_val_00225_pos_1434_jpg.rf.2a671656f5227b90311e8306d2740acb.jpg,vestboost_val_00225_jhboyo_val_00225_pos_1434_jpg.rf.2a671656f5227b90311e8306d2740acb,vest_ext,vest_ext:pos_1434,0,1,0,405ae0f49e9ce5341e264a38f87c3c45cd1fa620
vestboost_val_00226_jhboyo_val_00226_pos_1440_jpg.rf.a7dd5e5f69157e114b8f1fa162232a58.jpg,vestboost_val_00226_jhboyo_val_00226_pos_1440_jpg.rf.a7dd5e5f69157e114b8f1fa162232a58,vest_ext,vest_ext:pos_1440,0,2,0,8e7be0fd2e67ff9388b0b7cba023de74eb8d32d6
vestboost_val_00227_jhboyo_val_00227_pos_1455_jpg.rf.83f13814906fe214feef25dd1c822519.jpg,vestboost_val_00227_jhboyo_val_00227_pos_1455_jpg.rf.83f13814906fe214feef25dd1c822519,vest_ext,vest_ext:pos_1455,0,1,0,bcaecfe0f8814df254f8e23cedd9ac026246bb47
vestboost_val_00228_jhboyo_val_00228_pos_1459_jpg.rf.d060b8ef71858f6a3f2b484729bdf051.jpg,vestboost_val_00228_jhboyo_val_00228_pos_1459_jpg.rf.d060b8ef71858f6a3f2b484729bdf051,vest_ext,vest_ext:pos_1459,0,1,0,63eea7ab54178410d4f065eb98ef7fada7e232ea
vestboost_val_00229_jhboyo_val_00229_pos_1469_jpg.rf.97aa73375448c1d73525e9acba2589ea.jpg,vestboost_val_00229_jhboyo_val_00229_pos_1469_jpg.rf.97aa73375448c1d73525e9acba2589ea,vest_ext,vest_ext:pos_1469,0,1,0,03c54c80914f1ee586603fe524d540e8edce9223
vestboost_val_00230_jhboyo_val_00230_pos_1475_jpg.rf.608dafb96f71ead21377d6b88751c935.jpg,vestboost_val_00230_jhboyo_val_00230_pos_1475_jpg.rf.608dafb96f71ead21377d6b88751c935,vest_ext,vest_ext:pos_1475,0,1,0,5e2cb1ed358614667340647c3109647570d8a9bd
vestboost_val_00231_jhboyo_val_00231_pos_1487_jpg.rf.fe77f6753f79b6fad9c9171d006e46b2.jpg,vestboost_val_00231_jhboyo_val_00231_pos_1487_jpg.rf.fe77f6753f79b6fad9c9171d006e46b2,vest_ext,vest_ext:pos_1487,0,2,0,dc116d62c58c1490969317978c2b85ea0fe99fe2
vestboost_val_00232_jhboyo_val_00232_pos_1491_jpg.rf.3c74c50e38ca7efc761846d10578a3ee.jpg,vestboost_val_00232_jhboyo_val_00232_pos_1491_jpg.rf.3c74c50e38ca7efc761846d10578a3ee,vest_ext,vest_ext:pos_1491,0,1,0,e3973ce0ab74f3e02b2f6094a3a123362c27023b
vestboost_val_00233_jhboyo_val_00233_pos_1500_jpg.rf.bd415adba08d4c8fe6c1014bc5b2afb2.jpg,vestboost_val_00233_jhboyo_val_00233_pos_1500_jpg.rf.bd415adba08d4c8fe6c1014bc5b2afb2,vest_ext,vest_ext:pos_1500,0,1,0,1d873a8bed85f4440a7f95fed6c506b81e618fa5
vestboost_val_00234_jhboyo_val_00234_pos_1505_jpg.rf.f6d006842a3b750117248e6b0ce79185.jpg,vestboost_val_00234_jhboyo_val_00234_pos_1505_jpg.rf.f6d006842a3b750117248e6b0ce79185,vest_ext,vest_ext:pos_1505,0,1,0,15a6869e059991d4fdafe8077e942bf21e365040
vestboost_val_00235_jhboyo_val_00235_pos_1506_jpg.rf.a0dde2bf835d2d0a44a0ab66a9001f68.jpg,vestboost_val_00235_jhboyo_val_00235_pos_1506_jpg.rf.a0dde2bf835d2d0a44a0ab66a9001f68,vest_ext,vest_ext:pos_1506,0,1,0,f2262339bd97374138b3603a1d05b6327d19eab7
vestboost_val_00236_jhboyo_val_00236_pos_1509_jpg.rf.f71a5e03bcf1eb427bf35ef27ad4baa7.jpg,vestboost_val_00236_jhboyo_val_00236_pos_1509_jpg.rf.f71a5e03bcf1eb427bf35ef27ad4baa7,vest_ext,vest_ext:pos_1509,0,1,0,77c45ffd50704d4d9047d7c995544102f7396be7
vestboost_val_00237_jhboyo_val_00237_pos_150_jpg.rf.dc0898f5aa011e00430e070492943844.jpg,vestboost_val_00237_jhboyo_val_00237_pos_150_jpg.rf.dc0898f5aa011e00430e070492943844,vest_ext,vest_ext:pos_150,0,1,0,70f2bd4160e71fae876f8cdd53ecbf3d57e600c9
vestboost_val_00238_jhboyo_val_00238_pos_1520_jpg.rf.ced04d6c7262dc2a7f21abda59e1cf37.jpg,vestboost_val_00238_jhboyo_val_00238_pos_1520_jpg.rf.ced04d6c7262dc2a7f21abda59e1cf37,vest_ext,vest_ext:pos_1520,0,1,0,2e9050528247fc6dc72ae0ec7c50c1a7e5e9cf38
vestboost_val_00239_jhboyo_val_00239_pos_1525_jpg.rf.7cba26042ba84edd2fc3ad444214a876.jpg,vestboost_val_00239_jhboyo_val_00239_pos_1525_jpg.rf.7cba26042ba84edd2fc3ad444214a876,vest_ext,vest_ext:pos_1525,0,1,0,2111539e6132a5f1c989db8139c4ff94f5d5d70d
vestboost_val_00240_jhboyo_val_00240_pos_1526_jpg.rf.daa01ef5d10a9d748a6fc17ee3c33e37.jpg,vestboost_val_00240_jhboyo_val_00240_pos_1526_jpg.rf.daa01ef5d10a9d748a6fc17ee3c33e37,vest_ext,vest_ext:pos_1526,0,1,0,b6821cf1d8ab82a8d975c91109fa6f55d47fc9a4
vestboost_val_00241_jhboyo_val_00241_pos_1528_jpg.rf.aeb601469ccfaea9b44dc79c126426d4.jpg,vestboost_val_00241_jhboyo_val_00241_pos_1528_jpg.rf.aeb601469ccfaea9b44dc79c126426d4,vest_ext,vest_ext:pos_1528,0,1,0,238a2a23ba12fce24ee96f1d9114e0787f27c933
vestboost_val_00242_jhboyo_val_00242_pos_1532_jpg.rf.5b2e21b451fa5a5ee93370cc9c174267.jpg,vestboost_val_00242_jhboyo_val_00242_pos_1532_jpg.rf.5b2e21b451fa5a5ee93370cc9c174267,vest_ext,vest_ext:pos_1532,0,1,0,683cb5c8da1983ace348a477cc1969b49fe50c21
vestboost_val_00243_jhboyo_val_00243_pos_1534_jpg.rf.573c741750712d60a235f322e9710b79.jpg,vestboost_val_00243_jhboyo_val_00243_pos_1534_jpg.rf.573c741750712d60a235f322e9710b79,vest_ext,vest_ext:pos_1534,0,1,0,3d74a5ce637e70411c6b83d53a7d13f756205759
vestboost_val_00244_jhboyo_val_00244_pos_1538_jpg.rf.a1929b6409f7c6ca7b6acac4f0598e5a.jpg,vestboost_val_00244_jhboyo_val_00244_pos_1538_jpg.rf.a1929b6409f7c6ca7b6acac4f0598e5a,vest_ext,vest_ext:pos_1538,0,1,0,b3f5f6beb55de2e6009c337889f0c506ee27734b
vestboost_val_00245_jhboyo_val_00245_pos_1539_jpg.rf.e641287702a7b61d68596fce9b3846d4.jpg,vestboost_val_00245_jhboyo_val_00245_pos_1539_jpg.rf.e641287702a7b61d68596fce9b3846d4,vest_ext,vest_ext:pos_1539,0,1,0,ec14e428bf55560aa248c55b63eff08dc2d7c839
vestboost_val_00246_jhboyo_val_00246_pos_1540_jpg.rf.ba7b956f7c75f38794068809a4d480d8.jpg,vestboost_val_00246_jhboyo_val_00246_pos_1540_jpg.rf.ba7b956f7c75f38794068809a4d480d8,vest_ext,vest_ext:pos_1540,0,1,0,692fa44cc7b786c477a0a05239b613f19e96b62e
vestboost_val_00247_jhboyo_val_00247_pos_1548_jpg.rf.d89398cff51f56bdcb3ba340a6b79a0c.jpg,vestboost_val_00247_jhboyo_val_00247_pos_1548_jpg.rf.d89398cff51f56bdcb3ba340a6b79a0c,vest_ext,vest_ext:pos_1548,0,1,0,15339676548bd9237785bbaeb86c14b01e456da2
vestboost_val_00248_jhboyo_val_00248_pos_1551_jpg.rf.9141689e299313d6e2a2387c134d2a77.jpg,vestboost_val_00248_jhboyo_val_00248_pos_1551_jpg.rf.9141689e299313d6e2a2387c134d2a77,vest_ext,vest_ext:pos_1551,0,1,0,9a6017f79321875a88a1098043aa3e8ee9f6af47
vestboost_val_00249_jhboyo_val_00249_pos_1555_jpg.rf.a4822c2c99e4be6bcd5043a14df9b2c9.jpg,vestboost_val_00249_jhboyo_val_00249_pos_1555_jpg.rf.a4822c2c99e4be6bcd5043a14df9b2c9,vest_ext,vest_ext:pos_1555,0,1,0,9d606e652829e83872dd947d8a63c2b20884fef8
vestboost_val_00250_jhboyo_val_00250_pos_1557_jpg.rf.a49a36d79f9c165f65facf0b244874f6.jpg,vestboost_val_00250_jhboyo_val_00250_pos_1557_jpg.rf.a49a36d79f9c165f65facf0b244874f6,vest_ext,vest_ext:pos_1557,0,2,0,cf3b75f802df7c14791749c91a458c46d380346b
vestboost_val_00251_jhboyo_val_00251_pos_1558_jpg.rf.66bebae6126f8cbb03bf11e1cb9a5482.jpg,vestboost_val_00251_jhboyo_val_00251_pos_1558_jpg.rf.66bebae6126f8cbb03bf11e1cb9a5482,vest_ext,vest_ext:pos_1558,0,2,0,af7900f585ced52aa9d7a368eac9d35ff117782d
vestboost_val_00252_jhboyo_val_00252_pos_1561_jpg.rf.2dea2abb9e8652558bfc0ebe29ffdb41.jpg,vestboost_val_00252_jhboyo_val_00252_pos_1561_jpg.rf.2dea2abb9e8652558bfc0ebe29ffdb41,vest_ext,vest_ext:pos_1561,0,1,0,c62492871bc74acdfde7559ea590654a8a7e411f
vestboost_val_00253_jhboyo_val_00253_pos_1565_jpg.rf.eeaa61d5c97daf8f959edbc5a09e1e5f.jpg,vestboost_val_00253_jhboyo_val_00253_pos_1565_jpg.rf.eeaa61d5c97daf8f959edbc5a09e1e5f,vest_ext,vest_ext:pos_1565,0,1,0,cac443e3cbe7405a9d317842c3ad9f3acbcabe1c
vestboost_val_00254_jhboyo_val_00254_pos_1574_jpg.rf.516348b1e1d5059689b0138d63b5dde6.jpg,vestboost_val_00254_jhboyo_val_00254_pos_1574_jpg.rf.516348b1e1d5059689b0138d63b5dde6,vest_ext,vest_ext:pos_1574,0,2,0,a093fa38ac34f1be5a1c80ce5bae3c133a68a631
vestboost_val_00255_jhboyo_val_00255_pos_1579_jpg.rf.f8bc23d44057897119098f7e3d39cfef.jpg,vestboost_val_00255_jhboyo_val_00255_pos_1579_jpg.rf.f8bc23d44057897119098f7e3d39cfef,vest_ext,vest_ext:pos_1579,0,1,0,6ca18139aaec75ff04f13eac8da4a490cf56eba7
vestboost_val_00256_jhboyo_val_00256_pos_1585_jpg.rf.203fe7972b5b7578fe8562fb79d48750.jpg,vestboost_val_00256_jhboyo_val_00256_pos_1585_jpg.rf.203fe7972b5b7578fe8562fb79d48750,vest_ext,vest_ext:pos_1585,0,2,0,d77c107d4e898962e0988a44a8d4e496c32e287d
vestboost_val_00257_jhboyo_val_00257_pos_1587_jpg.rf.ff7a10c93a933f6b1747e4b448b6f51e.jpg,vestboost_val_00257_jhboyo_val_00257_pos_1587_jpg.rf.ff7a10c93a933f6b1747e4b448b6f51e,vest_ext,vest_ext:pos_1587,0,1,0,c99e6419fe8231ad5f7f8cfc2eb20dd7aeec9cc0
vestboost_val_00258_jhboyo_val_00258_pos_1590_jpg.rf.f0e0707b66e8e980f4c589a014b02f61.jpg,vestboost_val_00258_jhboyo_val_00258_pos_1590_jpg.rf.f0e0707b66e8e980f4c589a014b02f61,vest_ext,vest_ext:pos_1590,0,2,0,c3651d8e943f33910f7b66482de95ec950a0b5f2
vestboost_val_00259_jhboyo_val_00259_pos_1595_jpg.rf.8a7074a212324cee6d8b384be4b1c0c0.jpg,vestboost_val_00259_jhboyo_val_00259_pos_1595_jpg.rf.8a7074a212324cee6d8b384be4b1c0c0,vest_ext,vest_ext:pos_1595,0,2,0,3b411b86788827881b6b4a61b1145c2c7ce65cd0
vestboost_val_00260_jhboyo_val_00260_pos_1611_jpg.rf.0ff99afeb77df9701f349bfaa4e0fa87.jpg,vestboost_val_00260_jhboyo_val_00260_pos_1611_jpg.rf.0ff99afeb77df9701f349bfaa4e0fa87,vest_ext,vest_ext:pos_1611,0,1,0,d06c55e64284da8c74f18450cd21605533b75bfa
vestboost_val_00261_jhboyo_val_00261_pos_1615_jpg.rf.ba5c6c651302c285275e0b72f8ffd9af.jpg,vestboost_val_00261_jhboyo_val_00261_pos_1615_jpg.rf.ba5c6c651302c285275e0b72f8ffd9af,vest_ext,vest_ext:pos_1615,0,1,0,fd5d1b3993b7e26e14a6b5bea155e1f0a7d60ad6
vestboost_val_00262_jhboyo_val_00262_pos_161_jpg.rf.3a668661828bf66649c27df934c95836.jpg,vestboost_val_00262_jhboyo_val_00262_pos_161_jpg.rf.3a668661828bf66649c27df934c95836,vest_ext,vest_ext:pos_161,0,1,0,9470e3d9a790150ca5ef524dc210e8bb264b0220
vestboost_val_00263_jhboyo_val_00263_pos_1621_jpg.rf.6c35b187dbceb571a75175b6229cb9e2.jpg,vestboost_val_00263_jhboyo_val_00263_pos_1621_jpg.rf.6c35b187dbceb571a75175b6229cb9e2,vest_ext,vest_ext:pos_1621,0,2,0,3e0256fb71a8304348a000259a0d165046fa74c5
vestboost_val_00264_jhboyo_val_00264_pos_1628_jpg.rf.382cefd8cc4fedfa943245a3f604e1c9.jpg,vestboost_val_00264_jhboyo_val_00264_pos_1628_jpg.rf.382cefd8cc4fedfa943245a3f604e1c9,vest_ext,vest_ext:pos_1628,0,1,0,761af9771d69e1ccc6dc70e4a53292ca7e8efab7
vestboost_val_00265_jhboyo_val_00265_pos_1632_jpg.rf.1b5f34e670a93dca49196462e487f86a.jpg,vestboost_val_00265_jhboyo_val_00265_pos_1632_jpg.rf.1b5f34e670a93dca49196462e487f86a,vest_ext,vest_ext:pos_1632,0,1,0,44f2cb194d6ba5b47ba8d507729882dc57160c7d
vestboost_val_00266_jhboyo_val_00266_pos_1635_jpg.rf.3c7557867a8081549a46a0859f8bf103.jpg,vestboost_val_00266_jhboyo_val_00266_pos_1635_jpg.rf.3c7557867a8081549a46a0859f8bf103,vest_ext,vest_ext:pos_1635,0,2,0,73a393a2984e5915debb39c5bfb654fa8f1f80de
vestboost_val_00267_jhboyo_val_00267_pos_1642_jpg.rf.e1f519b3ad3c2792956858ac8ff713eb.jpg,vestboost_val_00267_jhboyo_val_00267_pos_1642_jpg.rf.e1f519b3ad3c2792956858ac8ff713eb,vest_ext,vest_ext:pos_1642,0,1,0,b95be84db77bbc483db4138ba8f46dde4d373488
vestboost_val_00268_jhboyo_val_00268_pos_1647_jpg.rf.77d49de25d24764c9d62ffb44ddaa275.jpg,vestboost_val_00268_jhboyo_val_00268_pos_1647_jpg.rf.77d49de25d24764c9d62ffb44ddaa275,vest_ext,vest_ext:pos_1647,0,1,0,24a5010528a1c9f242bb13b0ca3c86ad4d8f9490
vestboost_val_00269_jhboyo_val_00269_pos_1648_jpg.rf.f5ea3ee4aa48144a911424bb7185e0b8.jpg,vestboost_val_00269_jhboyo_val_00269_pos_1648_jpg.rf.f5ea3ee4aa48144a911424bb7185e0b8,vest_ext,vest_ext:pos_1648,0,3,0,511477f9456580ccdc3eca30b446769eb58d4477
vestboost_val_00270_jhboyo_val_00270_pos_164_jpg.rf.52aea3841467c67baec9fe506e619e49.jpg,vestboost_val_00270_jhboyo_val_00270_pos_164_jpg.rf.52aea3841467c67baec9fe506e619e49,vest_ext,vest_ext:pos_164,0,1,0,aef9d83cf94d20dba1a5c10c2770e21e1479694e
vestboost_val_00271_jhboyo_val_00271_pos_1652_jpg.rf.ce4e82013654f4472a0b9ef5a6c690b7.jpg,vestboost_val_00271_jhboyo_val_00271_pos_1652_jpg.rf.ce4e82013654f4472a0b9ef5a6c690b7,vest_ext,vest_ext:pos_1652,0,1,0,0a6b077ac06856be984f1e0ee1ed62fd92f11928
vestboost_val_00272_jhboyo_val_00272_pos_1655_jpg.rf.b6fb991cd12db9025d8765cfb8a425d4.jpg,vestboost_val_00272_jhboyo_val_00272_pos_1655_jpg.rf.b6fb991cd12db9025d8765cfb8a425d4,vest_ext,vest_ext:pos_1655,0,3,0,c5bc27cb6695651ce781db4fead779a1d71ec079
vestboost_val_00273_jhboyo_val_00273_pos_1656_jpg.rf.e943a1064e2b07e69e038f8e3d124175.jpg,vestboost_val_00273_jhboyo_val_00273_pos_1656_jpg.rf.e943a1064e2b07e69e038f8e3d124175,vest_ext,vest_ext:pos_1656,0,2,0,40e23b6966dd978eea30ec1a3ec4cc096a747bde
vestboost_val_00274_jhboyo_val_00274_pos_1658_jpg.rf.8b32074d4eaa08395321d21e49562cfb.jpg,vestboost_val_00274_jhboyo_val_00274_pos_1658_jpg.rf.8b32074d4eaa08395321d21e49562cfb,vest_ext,vest_ext:pos_1658,0,1,0,5174c7ecef82253450e763b1b06d63f6f477caa0
vestboost_val_00275_jhboyo_val_00275_pos_1660_jpg.rf.20d1747af97d6d2daa24b8285ff7697d.jpg,vestboost_val_00275_jhboyo_val_00275_pos_1660_jpg.rf.20d1747af97d6d2daa24b8285ff7697d,vest_ext,vest_ext:pos_1660,0,1,0,5707a4fd3ce972548ba5f0106c126110911bc3c6
vestboost_val_00276_jhboyo_val_00276_pos_1663_jpg.rf.46fd86aec68a604a46b4fb4365cf9068.jpg,vestboost_val_00276_jhboyo_val_00276_pos_1663_jpg.rf.46fd86aec68a604a46b4fb4365cf9068,vest_ext,vest_ext:pos_1663,0,2,0,dbfa5769d816ac33365d1c3f94ada55ad52f59ce
vestboost_val_00277_jhboyo_val_00277_pos_1665_jpg.rf.c7a5672e600fa84646449f33fec0e4c6.jpg,vestboost_val_00277_jhboyo_val_00277_pos_1665_jpg.rf.c7a5672e600fa84646449f33fec0e4c6,vest_ext,vest_ext:pos_1665,0,1,0,72d1359297e77882e5affaca3c15b85296630df8
vestboost_val_00278_jhboyo_val_00278_pos_1675_jpg.rf.aee20f88787c391e69230f2e77ae80f8.jpg,vestboost_val_00278_jhboyo_val_00278_pos_1675_jpg.rf.aee20f88787c391e69230f2e77ae80f8,vest_ext,vest_ext:pos_1675,0,3,0,00cd5dd0741fda5c3922630337137de9ba157a4a
vestboost_val_00279_jhboyo_val_00279_pos_1680_jpg.rf.d8643f8fac12e2f04eb943d58bb3fedb.jpg,vestboost_val_00279_jhboyo_val_00279_pos_1680_jpg.rf.d8643f8fac12e2f04eb943d58bb3fedb,vest_ext,vest_ext:pos_1680,0,1,0,7214658dbc6f091ba4892657888365a6d07fed9c
vestboost_val_00280_jhboyo_val_00280_pos_1683_jpg.rf.edf7fce87659dafd952d55492ac962d4.jpg,vestboost_val_00280_jhboyo_val_00280_pos_1683_jpg.rf.edf7fce87659dafd952d55492ac962d4,vest_ext,vest_ext:pos_1683,0,1,0,e161cf2aa8083ae797e7ff25303238159f385723
vestboost_val_00281_jhboyo_val_00281_pos_1690_jpg.rf.2f1dcd11de74d1d502d021990370f89e.jpg,vestboost_val_00281_jhboyo_val_00281_pos_1690_jpg.rf.2f1dcd11de74d1d502d021990370f89e,vest_ext,vest_ext:pos_1690,0,1,0,d090be6ef4c5fe0078b053f8f73e87a623c7be54
vestboost_val_00282_jhboyo_val_00282_pos_1695_jpg.rf.e5b06bbbbe0545c214c83374be2f4b7e.jpg,vestboost_val_00282_jhboyo_val_00282_pos_1695_jpg.rf.e5b06bbbbe0545c214c83374be2f4b7e,vest_ext,vest_ext:pos_1695,0,2,0,18688ce702c2828e9f2b31544a9fb75332197564
vestboost_val_00283_jhboyo_val_00283_pos_1699_jpg.rf.70eba72ae6f664495dc50066ef84ca40.jpg,vestboost_val_00283_jhboyo_val_00283_pos_1699_jpg.rf.70eba72ae6f664495dc50066ef84ca40,vest_ext,vest_ext:pos_1699,0,2,0,5d41521c037294c3255c985fcc9e23fc5c2d6b36
vestboost_val_00284_jhboyo_val_00284_pos_1703_jpg.rf.3fb55e84fc0ea63c8378f8590101dd46.jpg,vestboost_val_00284_jhboyo_val_00284_pos_1703_jpg.rf.3fb55e84fc0ea63c8378f8590101dd46,vest_ext,vest_ext:pos_1703,0,2,0,cd2c698b69533bac670052a81812c1981d385398
vestboost_val_00285_jhboyo_val_00285_pos_1705_jpg.rf.4bc331ece06ede0cac21ac7b8302bbd5.jpg,vestboost_val_00285_jhboyo_val_00285_pos_1705_jpg.rf.4bc331ece06ede0cac21ac7b8302bbd5,vest_ext,vest_ext:pos_1705,0,2,0,ad0b044151dedd235bec9c44436e2fe3a0e148ff
vestboost_val_00286_jhboyo_val_00286_pos_1706_jpg.rf.c9d6eeef743fdf430963167ef7a558d4.jpg,vestboost_val_00286_jhboyo_val_00286_pos_1706_jpg.rf.c9d6eeef743fdf430963167ef7a558d4,vest_ext,vest_ext:pos_1706,0,2,0,961c3ee67b7e07dff566a2f26f5d966ec55c79f6
vestboost_val_00287_jhboyo_val_00287_pos_1712_jpg.rf.38fbf4166527b601e5f2c1407b3e1ba4.jpg,vestboost_val_00287_jhboyo_val_00287_pos_1712_jpg.rf.38fbf4166527b601e5f2c1407b3e1ba4,vest_ext,vest_ext:pos_1712,0,2,0,a2ca04a58f12b6b331dcc5d8d5ff571f3341270a
vestboost_val_00288_jhboyo_val_00288_pos_1718_jpg.rf.75170d7da83161e407ea8d47788c1e82.jpg,vestboost_val_00288_jhboyo_val_00288_pos_1718_jpg.rf.75170d7da83161e407ea8d47788c1e82,vest_ext,vest_ext:pos_1718,0,2,0,25959beaff61991df12bd201bc33c05b03080b0e
vestboost_val_00289_jhboyo_val_00289_pos_1721_jpg.rf.7e9cdd08e64aa57ee167c325d9dea87c.jpg,vestboost_val_00289_jhboyo_val_00289_pos_1721_jpg.rf.7e9cdd08e64aa57ee167c325d9dea87c,vest_ext,vest_ext:pos_1721,0,2,0,62c2ca6bce5dd29eca44bc73add1d2344ffe3372
vestboost_val_00290_jhboyo_val_00290_pos_172_jpg.rf.4c7185347a2d97bb659a2f7abc28cf4a.jpg,vestboost_val_00290_jhboyo_val_00290_pos_172_jpg.rf.4c7185347a2d97bb659a2f7abc28cf4a,vest_ext,vest_ext:pos_172,0,3,0,e135634284627dcf2a2bf12877c06d51bafa162a
vestboost_val_00291_jhboyo_val_00291_pos_1736_jpg.rf.e6c17eebd7446790ed69612aeb67d732.jpg,vestboost_val_00291_jhboyo_val_00291_pos_1736_jpg.rf.e6c17eebd7446790ed69612aeb67d732,vest_ext,vest_ext:pos_1736,0,2,0,19a7942bc7e24180b300d29b042a8d54a0971821
vestboost_val_00292_jhboyo_val_00292_pos_1744_jpg.rf.0389476a43deffe8425f8c12b57b34fc.jpg,vestboost_val_00292_jhboyo_val_00292_pos_1744_jpg.rf.0389476a43deffe8425f8c12b57b34fc,vest_ext,vest_ext:pos_1744,0,1,0,4eac2152ac8ce670a141186a36d828c57252ae3a
vestboost_val_00293_jhboyo_val_00293_pos_1747_jpg.rf.f0a347a954d495065c51b95e88aaba00.jpg,vestboost_val_00293_jhboyo_val_00293_pos_1747_jpg.rf.f0a347a954d495065c51b95e88aaba00,vest_ext,vest_ext:pos_1747,0,1,0,1b1e9c11080d85172e580210422dc02e93cfa3da
vestboost_val_00294_jhboyo_val_00294_pos_1748_jpg.rf.92ec4a6ff4dc1dd2886fde88ccb1455a.jpg,vestboost_val_00294_jhboyo_val_00294_pos_1748_jpg.rf.92ec4a6ff4dc1dd2886fde88ccb1455a,vest_ext,vest_ext:pos_1748,0,1,0,97f49baf8846c4f40f00dec00fd1f1e45aada38d
vestboost_val_00295_jhboyo_val_00295_pos_1750_jpg.rf.09d48ce152c2e14f83d7045163300ad8.jpg,vestboost_val_00295_jhboyo_val_00295_pos_1750_jpg.rf.09d48ce152c2e14f83d7045163300ad8,vest_ext,vest_ext:pos_1750,0,2,0,12311f6750e65a78bd2a8a4dfd70e427b0cfab28
vestboost_val_00296_jhboyo_val_00296_pos_1759_jpg.rf.42689436c16ccae42b73a38800b834cb.jpg,vestboost_val_00296_jhboyo_val_00296_pos_1759_jpg.rf.42689436c16ccae42b73a38800b834cb,vest_ext,vest_ext:pos_1759,0,1,0,f762c27115c8939b54c625a81db78c8233f7525d
vestboost_val_00297_jhboyo_val_00297_pos_1761_jpg.rf.12486144f0d404fffb63b6c1b762977b.jpg,vestboost_val_00297_jhboyo_val_00297_pos_1761_jpg.rf.12486144f0d404fffb63b6c1b762977b,vest_ext,vest_ext:pos_1761,0,1,0,713c65cc239a889121546a2fdd280766cfcebbd3
vestboost_val_00298_jhboyo_val_00298_pos_1764_jpg.rf.8c4ce34a388b1e8c6f57a7d761250567.jpg,vestboost_val_00298_jhboyo_val_00298_pos_1764_jpg.rf.8c4ce34a388b1e8c6f57a7d761250567,vest_ext,vest_ext:pos_1764,0,2,0,e19427b1bbf29dbeb75c2ff7b3d8723963a4b41a
vestboost_val_00299_jhboyo_val_00299_pos_1766_jpg.rf.83f3abee807d02f0729716105b636823.jpg,vestboost_val_00299_jhboyo_val_00299_pos_1766_jpg.rf.83f3abee807d02f0729716105b636823,vest_ext,vest_ext:pos_1766,0,2,0,66e730918943c302f0f101ccf48990867bedff0b
vestboost_val_00300_jhboyo_val_00300_pos_1768_jpg.rf.97eef7c2052f0a56d6194c57af4d6766.jpg,vestboost_val_00300_jhboyo_val_00300_pos_1768_jpg.rf.97eef7c2052f0a56d6194c57af4d6766,vest_ext,vest_ext:pos_1768,0,2,0,a0b60abe657ecdf922fa4a36210491c1e0507139
vestboost_val_00301_jhboyo_val_00301_pos_1769_jpg.rf.8f62c6109a63fb7ccb58a0387ee6c3e8.jpg,vestboost_val_00301_jhboyo_val_00301_pos_1769_jpg.rf.8f62c6109a63fb7ccb58a0387ee6c3e8,vest_ext,vest_ext:pos_1769,0,2,0,158452be5060cb70aa73c0c2337480f4dca76f00
vestboost_val_00302_jhboyo_val_00302_pos_1771_jpg.rf.f57cd7af1aa1ce534e37a66af6eea637.jpg,vestboost_val_00302_jhboyo_val_00302_pos_1771_jpg.rf.f57cd7af1aa1ce534e37a66af6eea637,vest_ext,vest_ext:pos_1771,0,1,0,be8394c4f111479a59ea6548e331728bf5928886
vestboost_val_00303_jhboyo_val_00303_pos_1773_jpg.rf.f66aefd4a553edf94f92541e99eea5f1.jpg,vestboost_val_00303_jhboyo_val_00303_pos_1773_jpg.rf.f66aefd4a553edf94f92541e99eea5f1,vest_ext,vest_ext:pos_1773,0,2,0,21d5872252680d5d63662f2a4398244775551ff1
vestboost_val_00304_jhboyo_val_00304_pos_1774_jpg.rf.c1a4beacb5ba3f73690fe1ba976a052c.jpg,vestboost_val_00304_jhboyo_val_00304_pos_1774_jpg.rf.c1a4beacb5ba3f73690fe1ba976a052c,vest_ext,vest_ext:pos_1774,0,2,0,df3f9b41497b3ff12fd4591bcf0a1e9f68b53b16
vestboost_val_00305_jhboyo_val_00305_pos_1776_jpg.rf.0cc52ff386373000d52af1a7c3c75bfe.jpg,vestboost_val_00305_jhboyo_val_00305_pos_1776_jpg.rf.0cc52ff386373000d52af1a7c3c75bfe,vest_ext,vest_ext:pos_1776,0,2,0,b2fea7a7383fd71f198bfc83fcd2debb47dac996
vestboost_val_00306_jhboyo_val_00306_pos_1786_jpg.rf.35a0b3fed2df2ce5b74bbda7c5d323db.jpg,vestboost_val_00306_jhboyo_val_00306_pos_1786_jpg.rf.35a0b3fed2df2ce5b74bbda7c5d323db,vest_ext,vest_ext:pos_1786,0,2,0,99e6203c2b046f5105bc20130082c52de893a040
vestboost_val_00307_jhboyo_val_00307_pos_1794_jpg.rf.cae3c62550ca38c841d918526153b95b.jpg,vestboost_val_00307_jhboyo_val_00307_pos_1794_jpg.rf.cae3c62550ca38c841d918526153b95b,vest_ext,vest_ext:pos_1794,0,1,0,b88d5afeceaaae0f3a2147bf19a261826f0807b4
vestboost_val_00308_jhboyo_val_00308_pos_1798_jpg.rf.b6b4270d548ee088da161aa9bb39548d.jpg,vestboost_val_00308_jhboyo_val_00308_pos_1798_jpg.rf.b6b4270d548ee088da161aa9bb39548d,vest_ext,vest_ext:pos_1798,0,1,0,b4518718328a938d4e39b3382ab9d38245717a30
vestboost_val_00309_jhboyo_val_00309_pos_1808_jpg.rf.49cf60723e817089ad90ff0f9a867b03.jpg,vestboost_val_00309_jhboyo_val_00309_pos_1808_jpg.rf.49cf60723e817089ad90ff0f9a867b03,vest_ext,vest_ext:pos_1808,0,1,0,c2e678d3b8b6d88e0d88ebd197722cf0b0a215f2
vestboost_val_00310_jhboyo_val_00310_pos_1809_jpg.rf.ee5fb09d094db395bc2497ef6276c549.jpg,vestboost_val_00310_jhboyo_val_00310_pos_1809_jpg.rf.ee5fb09d094db395bc2497ef6276c549,vest_ext,vest_ext:pos_1809,0,1,0,1d1e7a3155f8b6a889bf2ebb68b15954f08fdb12
vestboost_val_00311_jhboyo_val_00311_pos_1815_jpg.rf.2e7a555158678e1f73ce8ff3098731f1.jpg,vestboost_val_00311_jhboyo_val_00311_pos_1815_jpg.rf.2e7a555158678e1f73ce8ff3098731f1,vest_ext,vest_ext:pos_1815,0,2,0,cd96c22d295175e5fc951ab480a3e2b7c38b8363
vestboost_val_00312_jhboyo_val_00312_pos_1816_jpg.rf.72e4e2fcecbc139e9b755810bd0f6ca5.jpg,vestboost_val_00312_jhboyo_val_00312_pos_1816_jpg.rf.72e4e2fcecbc139e9b755810bd0f6ca5,vest_ext,vest_ext:pos_1816,0,2,0,fc8abcfe6f003043427819c31808fb61979f45b5
vestboost_val_00313_jhboyo_val_00313_pos_1820_jpg.rf.7aec765ebfbdb3ee7e1961d0690a0654.jpg,vestboost_val_00313_jhboyo_val_00313_pos_1820_jpg.rf.7aec765ebfbdb3ee7e1961d0690a0654,vest_ext,vest_ext:pos_1820,0,2,0,808c9460a309f3d32ab9bf1c75e382f430435b7b
vestboost_val_00314_jhboyo_val_00314_pos_1821_jpg.rf.a8cc9cbdea99a3addb69a9cf82b323d9.jpg,vestboost_val_00314_jhboyo_val_00314_pos_1821_jpg.rf.a8cc9cbdea99a3addb69a9cf82b323d9,vest_ext,vest_ext:pos_1821,0,2,0,b543ef6ddb815d571ecbcf2da588218389c8b186
vestboost_val_00315_jhboyo_val_00315_pos_1827_jpg.rf.ba84eedd46d9d2120f6d7069b02d12e4.jpg,vestboost_val_00315_jhboyo_val_00315_pos_1827_jpg.rf.ba84eedd46d9d2120f6d7069b02d12e4,vest_ext,vest_ext:pos_1827,0,1,0,36c01dc6038f9fdef8b68fae9a3e312ceb1777db
vestboost_val_00316_jhboyo_val_00316_pos_1831_jpg.rf.e43a32566887f514d7da75c74509a2d3.jpg,vestboost_val_00316_jhboyo_val_00316_pos_1831_jpg.rf.e43a32566887f514d7da75c74509a2d3,vest_ext,vest_ext:pos_1831,0,1,0,5ef713a0ea6ebfc9e0b9ffa8c004d603c303a9d9
vestboost_val_00317_jhboyo_val_00317_pos_1836_jpg.rf.88c34bb9b27b71a9ac5fe9f12773f46b.jpg,vestboost_val_00317_jhboyo_val_00317_pos_1836_jpg.rf.88c34bb9b27b71a9ac5fe9f12773f46b,vest_ext,vest_ext:pos_1836,0,1,0,b07a7f2ecc391f33585b66dbfa2f908647d883d7
vestboost_val_00318_jhboyo_val_00318_pos_1837_jpg.rf.8997890ab39e31075bd48b2bcaeaf072.jpg,vestboost_val_00318_jhboyo_val_00318_pos_1837_jpg.rf.8997890ab39e31075bd48b2bcaeaf072,vest_ext,vest_ext:pos_1837,0,1,0,384d9be7911b6602da85342ecd52896e0fc2660c
vestboost_val_00319_jhboyo_val_00319_pos_1839_jpg.rf.d9c9684b9c54b337f12f711d979c8d52.jpg,vestboost_val_00319_jhboyo_val_00319_pos_1839_jpg.rf.d9c9684b9c54b337f12f711d979c8d52,vest_ext,vest_ext:pos_1839,0,2,0,5e8520d7c90ec0fa4d40d28a7316abe318aaf1f3
vestboost_val_00320_jhboyo_val_00320_pos_1840_jpg.rf.5afc181838c0b6d6e6ff0c1321bd1a4d.jpg,vestboost_val_00320_jhboyo_val_00320_pos_1840_jpg.rf.5afc181838c0b6d6e6ff0c1321bd1a4d,vest_ext,vest_ext:pos_1840,0,2,0,c702475c28f8005ed82245c4a3d0c6870f9be501
vestboost_val_00321_jhboyo_val_00321_pos_1841_jpg.rf.bebbcae924ec08c09ecd38c843556db0.jpg,vestboost_val_00321_jhboyo_val_00321_pos_1841_jpg.rf.bebbcae924ec08c09ecd38c843556db0,vest_ext,vest_ext:pos_1841,0,1,0,0762bb571a191b32fc6d14a1a7cd7205af30cd53
vestboost_val_00322_jhboyo_val_00322_pos_1844_jpg.rf.0def2ce18bcab545f514c530b2b98c0d.jpg,vestboost_val_00322_jhboyo_val_00322_pos_1844_jpg.rf.0def2ce18bcab545f514c530b2b98c0d,vest_ext,vest_ext:pos_1844,0,2,0,bb6c9116ecf35413797e0c13df9b7659059b8b56
vestboost_val_00323_jhboyo_val_00323_pos_1845_jpg.rf.9ed66afe4ec688648f4a5b4f537d81c2.jpg,vestboost_val_00323_jhboyo_val_00323_pos_1845_jpg.rf.9ed66afe4ec688648f4a5b4f537d81c2,vest_ext,vest_ext:pos_1845,0,2,0,b2dbeba8157b255f74d468817f1a5271567dea43
vestboost_val_00324_jhboyo_val_00324_pos_1848_jpg.rf.d1f4a36387edfe93d8d301d920411e77.jpg,vestboost_val_00324_jhboyo_val_00324_pos_1848_jpg.rf.d1f4a36387edfe93d8d301d920411e77,vest_ext,vest_ext:pos_1848,0,2,0,aea95640b06b2977903c89fda802b076482d9d65
vestboost_val_00325_jhboyo_val_00325_pos_1853_jpg.rf.22594b41b570d832224db15ffa995538.jpg,vestboost_val_00325_jhboyo_val_00325_pos_1853_jpg.rf.22594b41b570d832224db15ffa995538,vest_ext,vest_ext:pos_1853,0,1,0,23a744b7af8c3d74d2c966ba472f03f55e3718e3
vestboost_val_00326_jhboyo_val_00326_pos_1854_jpg.rf.a8ed19f1fe374289a06f5392fa72e5fb.jpg,vestboost_val_00326_jhboyo_val_00326_pos_1854_jpg.rf.a8ed19f1fe374289a06f5392fa72e5fb,vest_ext,vest_ext:pos_1854,0,1,0,83a716fa13aaf187b6c7aeb011e57fbe1e1b0ff0
vestboost_val_00327_jhboyo_val_00327_pos_1857_jpg.rf.a2c9c37ee9217d44364932a92cdb5087.jpg,vestboost_val_00327_jhboyo_val_00327_pos_1857_jpg.rf.a2c9c37ee9217d44364932a92cdb5087,vest_ext,vest_ext:pos_1857,0,1,0,d83d3bf950bf78e3d887ab25c905b0aa7151570b
vestboost_val_00328_jhboyo_val_00328_pos_1859_jpg.rf.c5dd71b345321db04734037b84ed9238.jpg,vestboost_val_00328_jhboyo_val_00328_pos_1859_jpg.rf.c5dd71b345321db04734037b84ed9238,vest_ext,vest_ext:pos_1859,0,2,0,2f9a70c848c32df581c65899fec0b9d9acf89cd0
vestboost_val_00329_jhboyo_val_00329_pos_1863_jpg.rf.8d2bbac8ce6b5d62359992b661ff0c70.jpg,vestboost_val_00329_jhboyo_val_00329_pos_1863_jpg.rf.8d2bbac8ce6b5d62359992b661ff0c70,vest_ext,vest_ext:pos_1863,0,1,0,2145592bfe21588ce5c60dd3a1ed5928d301d3c6
vestboost_val_00330_jhboyo_val_00330_pos_1870_jpg.rf.1c96f5e4f109708bbc97dd23af6287ef.jpg,vestboost_val_00330_jhboyo_val_00330_pos_1870_jpg.rf.1c96f5e4f109708bbc97dd23af6287ef,vest_ext,vest_ext:pos_1870,0,2,0,2c00093baa0d76f67696b7081b079aaa4abd58cc
vestboost_val_00331_jhboyo_val_00331_pos_1877_jpg.rf.7349d0f6a5a5542cd0347359dd819526.jpg,vestboost_val_00331_jhboyo_val_00331_pos_1877_jpg.rf.7349d0f6a5a5542cd0347359dd819526,vest_ext,vest_ext:pos_1877,0,2,0,9497ec658065c7a052d25c2d853fdea18997da36
vestboost_val_00332_jhboyo_val_00332_pos_1889_jpg.rf.407a663c8c61804c5667c11014063a65.jpg,vestboost_val_00332_jhboyo_val_00332_pos_1889_jpg.rf.407a663c8c61804c5667c11014063a65,vest_ext,vest_ext:pos_1889,0,1,0,0c091084fb2fbe39fbd0421f81712d73a434f9fb
vestboost_val_00333_jhboyo_val_00333_pos_1893_jpg.rf.b238f5d822df27713cc05732e9eaf569.jpg,vestboost_val_00333_jhboyo_val_00333_pos_1893_jpg.rf.b238f5d822df27713cc05732e9eaf569,vest_ext,vest_ext:pos_1893,0,1,0,60921b7dc8efedc7fb8fdcbdf9f5669daa557460
vestboost_val_00334_jhboyo_val_00334_pos_1899_jpg.rf.a2bb59744fc9ad0816c11b9a8728397b.jpg,vestboost_val_00334_jhboyo_val_00334_pos_1899_jpg.rf.a2bb59744fc9ad0816c11b9a8728397b,vest_ext,vest_ext:pos_1899,0,1,0,2943091b728174979f7e6716ea3c3dea907f5030
vestboost_val_00335_jhboyo_val_00335_pos_1904_jpg.rf.0bbc3ad96d7fb337e9057df89857d20b.jpg,vestboost_val_00335_jhboyo_val_00335_pos_1904_jpg.rf.0bbc3ad96d7fb337e9057df89857d20b,vest_ext,vest_ext:pos_1904,0,2,0,253cc4b210b5571d2b1c00ef1e950c1a3744ccdd
vestboost_val_00336_jhboyo_val_00336_pos_1905_jpg.rf.f9261e698606adbfe82754d15f555a69.jpg,vestboost_val_00336_jhboyo_val_00336_pos_1905_jpg.rf.f9261e698606adbfe82754d15f555a69,vest_ext,vest_ext:pos_1905,0,2,0,83af81cde51139e69c15de8c21ae97f7ff90fa5c
vestboost_val_00337_jhboyo_val_00337_pos_1913_jpg.rf.ca71675b85314b07cf8006a90db7e2e1.jpg,vestboost_val_00337_jhboyo_val_00337_pos_1913_jpg.rf.ca71675b85314b07cf8006a90db7e2e1,vest_ext,vest_ext:pos_1913,0,3,0,3dd0a827df7a1c65d5aec42687f259daa9133781
vestboost_val_00338_jhboyo_val_00338_pos_1914_jpg.rf.4595bfceb471e714451643c97b10d27b.jpg,vestboost_val_00338_jhboyo_val_00338_pos_1914_jpg.rf.4595bfceb471e714451643c97b10d27b,vest_ext,vest_ext:pos_1914,0,2,0,ab9fc60c7a029b7529bbfa549e8d913e6466f5f3
vestboost_val_00339_jhboyo_val_00339_pos_1919_jpg.rf.a8b0513363a4c6795c02aca078434901.jpg,vestboost_val_00339_jhboyo_val_00339_pos_1919_jpg.rf.a8b0513363a4c6795c02aca078434901,vest_ext,vest_ext:pos_1919,0,1,0,8d11485d02cf1c857a748c64e6e3fafbb26d5fdf
vestboost_val_00340_jhboyo_val_00340_pos_1928_jpg.rf.c062b08d3b037da3964b890987ee9dfe.jpg,vestboost_val_00340_jhboyo_val_00340_pos_1928_jpg.rf.c062b08d3b037da3964b890987ee9dfe,vest_ext,vest_ext:pos_1928,0,1,0,211ea75c30cc1c335b2fa76a05686c6be19127fc
vestboost_val_00341_jhboyo_val_00341_pos_1938_jpg.rf.cc54e8bcc4167ad0e487fca8579474ef.jpg,vestboost_val_00341_jhboyo_val_00341_pos_1938_jpg.rf.cc54e8bcc4167ad0e487fca8579474ef,vest_ext,vest_ext:pos_1938,0,1,0,a93daef490752f0c8a6f18ed80d69f095bc7d4ce
vestboost_val_00342_jhboyo_val_00342_pos_1963_jpg.rf.630f60de149409eaa2a1a8b38403fc12.jpg,vestboost_val_00342_jhboyo_val_00342_pos_1963_jpg.rf.630f60de149409eaa2a1a8b38403fc12,vest_ext,vest_ext:pos_1963,0,3,0,ea17e3341cf246cce97f25cb7b748b56cb3b60eb
vestboost_val_00343_jhboyo_val_00343_pos_1964_jpg.rf.b7f3a68725130fc6e45870639dc5173a.jpg,vestboost_val_00343_jhboyo_val_00343_pos_1964_jpg.rf.b7f3a68725130fc6e45870639dc5173a,vest_ext,vest_ext:pos_1964,0,3,0,aff163373111be20fcdd6bc0e4b0cb22622d2ddc
vestboost_val_00344_jhboyo_val_00344_pos_1967_jpg.rf.81f4d8cbe811ec25b7b4446f01405872.jpg,vestboost_val_00344_jhboyo_val_00344_pos_1967_jpg.rf.81f4d8cbe811ec25b7b4446f01405872,vest_ext,vest_ext:pos_1967,0,3,0,9a5fd7872cbe9ccc0776f018f2dfe2983706df50
vestboost_val_00345_jhboyo_val_00345_pos_1973_jpg.rf.23fe0ab6f3f4d9720afcd5b2325a0799.jpg,vestboost_val_00345_jhboyo_val_00345_pos_1973_jpg.rf.23fe0ab6f3f4d9720afcd5b2325a0799,vest_ext,vest_ext:pos_1973,0,3,0,56e4f064f37d32e47acacbf1b9668bfb9c396e19
vestboost_val_00346_jhboyo_val_00346_pos_1975_jpg.rf.6c80b5e82602a445f6bfa20669ba44f8.jpg,vestboost_val_00346_jhboyo_val_00346_pos_1975_jpg.rf.6c80b5e82602a445f6bfa20669ba44f8,vest_ext,vest_ext:pos_1975,0,3,0,d3e73941d62eecb991285e7a06cbd011f3ef1f4a
vestboost_val_00347_jhboyo_val_00347_pos_1980_jpg.rf.609f1f7c48918375586e35be5010a90d.jpg,vestboost_val_00347_jhboyo_val_00347_pos_1980_jpg.rf.609f1f7c48918375586e35be5010a90d,vest_ext,vest_ext:pos_1980,0,3,0,cafff1893cb47bfb9872406ce12af3c480c13c87
vestboost_val_00348_jhboyo_val_00348_pos_1983_jpg.rf.1b2b81e9fce5ab689414a78c1974e502.jpg,vestboost_val_00348_jhboyo_val_00348_pos_1983_jpg.rf.1b2b81e9fce5ab689414a78c1974e502,vest_ext,vest_ext:pos_1983,0,3,0,afea02c2851b4617fa355105b0ee9c5a7f423cec
vestboost_val_00349_jhboyo_val_00349_pos_1989_jpg.rf.ea70ee6630d4be8f78b7f4a401c164bb.jpg,vestboost_val_00349_jhboyo_val_00349_pos_1989_jpg.rf.ea70ee6630d4be8f78b7f4a401c164bb,vest_ext,vest_ext:pos_1989,0,2,0,e163e9db7ac93133be8364f5d3f45b4915f80705
vestboost_val_00350_jhboyo_val_00350_pos_1993_jpg.rf.16cc3458bb672c280fb4799c8161f670.jpg,vestboost_val_00350_jhboyo_val_00350_pos_1993_jpg.rf.16cc3458bb672c280fb4799c8161f670,vest_ext,vest_ext:pos_1993,0,1,0,440ebf3a47e7edb2fe4f660bbd9c2447eb5b7f18
vestboost_val_00351_jhboyo_val_00351_pos_1995_jpg.rf.032d1eb319e04b70b15c259f6bb00991.jpg,vestboost_val_00351_jhboyo_val_00351_pos_1995_jpg.rf.032d1eb319e04b70b15c259f6bb00991,vest_ext,vest_ext:pos_1995,0,2,0,d007916c52c567c581d74b38119940a3a889eef0
vestboost_val_00352_jhboyo_val_00352_pos_1998_jpg.rf.e93894724ced9f9befa37c80a09582a5.jpg,vestboost_val_00352_jhboyo_val_00352_pos_1998_jpg.rf.e93894724ced9f9befa37c80a09582a5,vest_ext,vest_ext:pos_1998,0,1,0,13b6693443c3ebaaae568422ad4372b4a22f9957
vestboost_val_00353_jhboyo_val_00353_pos_2000_jpg.rf.13a27d768efc142345a9305954885d86.jpg,vestboost_val_00353_jhboyo_val_00353_pos_2000_jpg.rf.13a27d768efc142345a9305954885d86,vest_ext,vest_ext:pos_2000,0,1,0,b4bd670b81d9c09cfcd1004ab2cf5e5197d96f09
vestboost_val_00354_jhboyo_val_00354_pos_2010_jpg.rf.3a68e4abc4d5cc0b3f329ed7475401c5.jpg,vestboost_val_00354_jhboyo_val_00354_pos_2010_jpg.rf.3a68e4abc4d5cc0b3f329ed7475401c5,vest_ext,vest_ext:pos_2010,0,2,0,48d4c109fd8ad2cc0fcdc888d27e6846184fe870
vestboost_val_00355_jhboyo_val_00355_pos_2014_jpg.rf.ed5d8b9fce27a5476ab89a29935e0058.jpg,vestboost_val_00355_jhboyo_val_00355_pos_2014_jpg.rf.ed5d8b9fce27a5476ab89a29935e0058,vest_ext,vest_ext:pos_2014,0,2,0,dc2e83c87a8f30b78aed1ef71161fd2a430e71f8
vestboost_val_00356_jhboyo_val_00356_pos_2018_jpg.rf.650674da9bb6c547b611ffda09c57b16.jpg,vestboost_val_00356_jhboyo_val_00356_pos_2018_jpg.rf.650674da9bb6c547b611ffda09c57b16,vest_ext,vest_ext:pos_2018,0,1,0,ee10fc380d26a1e34520abeb8e8d95f45eab56d2
vestboost_val_00357_jhboyo_val_00357_pos_2021_jpg.rf.840f7b2b20c8d0be6429b8d30f65ec7e.jpg,vestboost_val_00357_jhboyo_val_00357_pos_2021_jpg.rf.840f7b2b20c8d0be6429b8d30f65ec7e,vest_ext,vest_ext:pos_2021,0,1,0,84d3b1a52bff121a0c9f0e39c7cc578967a8319c
vestboost_val_00358_jhboyo_val_00358_pos_2024_jpg.rf.efeac6f578a43cc67adebb78a321bf0e.jpg,vestboost_val_00358_jhboyo_val_00358_pos_2024_jpg.rf.efeac6f578a43cc67adebb78a321bf0e,vest_ext,vest_ext:pos_2024,0,2,0,22228677452e257a34b9f9dbee2cd02a027843d8
vestboost_val_00359_jhboyo_val_00359_pos_2026_jpg.rf.1e60e1d8910808ec38fdb02a8eed4586.jpg,vestboost_val_00359_jhboyo_val_00359_pos_2026_jpg.rf.1e60e1d8910808ec38fdb02a8eed4586,vest_ext,vest_ext:pos_2026,0,1,0,c07bde27fb5bc615a6169a73537e80855410e581
vestboost_val_00360_jhboyo_val_00360_pos_2032_jpg.rf.ebb3ed9ed73a336f04c7f0fc81c483b9.jpg,vestboost_val_00360_jhboyo_val_00360_pos_2032_jpg.rf.ebb3ed9ed73a336f04c7f0fc81c483b9,vest_ext,vest_ext:pos_2032,0,2,0,2d85bd57c72d5728bc736738c0e92ae6f9ae7d76
vestboost_val_00361_jhboyo_val_00361_pos_2033_jpg.rf.e88c4ecf765396471f902b3a8b6d9741.jpg,vestboost_val_00361_jhboyo_val_00361_pos_2033_jpg.rf.e88c4ecf765396471f902b3a8b6d9741,vest_ext,vest_ext:pos_2033,0,2,0,ef560e499f2ba1ccfd0a07fb19a83d584e369177
vestboost_val_00362_jhboyo_val_00362_pos_2040_jpg.rf.9ec18e3f02381bd6e1a251ea37d12d6d.jpg,vestboost_val_00362_jhboyo_val_00362_pos_2040_jpg.rf.9ec18e3f02381bd6e1a251ea37d12d6d,vest_ext,vest_ext:pos_2040,0,1,0,a0719c1206629f45365ebba209611a8096299c17
vestboost_val_00363_jhboyo_val_00363_pos_2043_jpg.rf.7d861657a4beaa2a74f34d5425b7a3be.jpg,vestboost_val_00363_jhboyo_val_00363_pos_2043_jpg.rf.7d861657a4beaa2a74f34d5425b7a3be,vest_ext,vest_ext:pos_2043,0,1,0,6922fe1a421adeaecd99671cc69d939102f32200
vestboost_val_00364_jhboyo_val_00364_pos_2048_jpg.rf.6e063e1353fd8b369afffc3e10d2aeab.jpg,vestboost_val_00364_jhboyo_val_00364_pos_2048_jpg.rf.6e063e1353fd8b369afffc3e10d2aeab,vest_ext,vest_ext:pos_2048,0,1,0,bedb1cd4f8f988dbef484ed1284d1168f48da384
vestboost_val_00365_jhboyo_val_00365_pos_2051_jpg.rf.20a2d25208d2cdc230b7c1791d4cfb96.jpg,vestboost_val_00365_jhboyo_val_00365_pos_2051_jpg.rf.20a2d25208d2cdc230b7c1791d4cfb96,vest_ext,vest_ext:pos_2051,0,1,0,7d90620441d3835a06dd5ead3d526826678cbc13
vestboost_val_00366_jhboyo_val_00366_pos_2068_jpg.rf.92e56b35bd463cd2950a2e18d50558b2.jpg,vestboost_val_00366_jhboyo_val_00366_pos_2068_jpg.rf.92e56b35bd463cd2950a2e18d50558b2,vest_ext,vest_ext:pos_2068,0,2,0,a840a0d65ce38979bb14d5e3df952174d5d6bc2c
vestboost_val_00367_jhboyo_val_00367_pos_2077_jpg.rf.5306e63b43eb6d0296da89cc5a95e8da.jpg,vestboost_val_00367_jhboyo_val_00367_pos_2077_jpg.rf.5306e63b43eb6d0296da89cc5a95e8da,vest_ext,vest_ext:pos_2077,0,1,0,f299ac2c79028232f26f190d15513840cf24b238
vestboost_val_00368_jhboyo_val_00368_pos_2083_jpg.rf.4df9b5c497033e25ac703c123c49b140.jpg,vestboost_val_00368_jhboyo_val_00368_pos_2083_jpg.rf.4df9b5c497033e25ac703c123c49b140,vest_ext,vest_ext:pos_2083,0,2,0,e1b5b41b790b4ee9fc0fef6b90368693a654347a
vestboost_val_00369_jhboyo_val_00369_pos_2084_jpg.rf.c9cf9d8e5e04ce269bcb8b9372bc3741.jpg,vestboost_val_00369_jhboyo_val_00369_pos_2084_jpg.rf.c9cf9d8e5e04ce269bcb8b9372bc3741,vest_ext,vest_ext:pos_2084,0,2,0,b3f46decf0cb7c79e40113e22b98191688546ddf
vestboost_val_00370_jhboyo_val_00370_pos_2085_jpg.rf.b9138a7defeafd2fc136196ae9d411e7.jpg,vestboost_val_00370_jhboyo_val_00370_pos_2085_jpg.rf.b9138a7defeafd2fc136196ae9d411e7,vest_ext,vest_ext:pos_2085,0,2,0,c0f4df92ccec8c366eada7a75394d6ab0d5d77bd
vestboost_val_00371_jhboyo_val_00371_pos_2095_jpg.rf.d140f18d63d41258641d7668732d7102.jpg,vestboost_val_00371_jhboyo_val_00371_pos_2095_jpg.rf.d140f18d63d41258641d7668732d7102,vest_ext,vest_ext:pos_2095,0,2,0,643bd95bebe9520853c72f77256fcdfb9a01a925
vestboost_val_00372_jhboyo_val_00372_pos_2097_jpg.rf.e9b62a9042323ceb11b8e6fb9a377dc0.jpg,vestboost_val_00372_jhboyo_val_00372_pos_2097_jpg.rf.e9b62a9042323ceb11b8e6fb9a377dc0,vest_ext,vest_ext:pos_2097,0,2,0,bd2086046f6044517f106390bbfaac4f76eecbca
vestboost_val_00373_jhboyo_val_00373_pos_2098_jpg.rf.94e4ac458c3aafe33ffa19432f47d28b.jpg,vestboost_val_00373_jhboyo_val_00373_pos_2098_jpg.rf.94e4ac458c3aafe33ffa19432f47d28b,vest_ext,vest_ext:pos_2098,0,2,0,aa9591b245231324c4391a9f8e2fc42268c887a0
vestboost_val_00374_jhboyo_val_00374_pos_2100_jpg.rf.ff2ff44a74ed174e63e4dd7fea252c4e.jpg,vestboost_val_00374_jhboyo_val_00374_pos_2100_jpg.rf.ff2ff44a74ed174e63e4dd7fea252c4e,vest_ext,vest_ext:pos_2100,0,2,0,b32199c198ac67c5bb3bae3fd34d7ed8c7d7fb96
vestboost_val_00375_jhboyo_val_00375_pos_2103_jpg.rf.8e41cdf24c9855a86e37058150a46bac.jpg,vestboost_val_00375_jhboyo_val_00375_pos_2103_jpg.rf.8e41cdf24c9855a86e37058150a46bac,vest_ext,vest_ext:pos_2103,0,2,0,206318673988ebeac78762c8e7c42acf002db44b
vestboost_val_00376_jhboyo_val_00376_pos_2105_jpg.rf.817bfc91a85bbd26b44fb082009c0393.jpg,vestboost_val_00376_jhboyo_val_00376_pos_2105_jpg.rf.817bfc91a85bbd26b44fb082009c0393,vest_ext,vest_ext:pos_2105,0,2,0,090799c511a971d9559a528548420614c5f33215
vestboost_val_00377_jhboyo_val_00377_pos_2108_jpg.rf.dfc07e3b1a93f130484dd14370744e56.jpg,vestboost_val_00377_jhboyo_val_00377_pos_2108_jpg.rf.dfc07e3b1a93f130484dd14370744e56,vest_ext,vest_ext:pos_2108,0,1,0,06e31da9e3bc17f04ebe64ddea0aa6ca2ca2d5db
vestboost_val_00378_jhboyo_val_00378_pos_2110_jpg.rf.de1162e876b82d27674f80d59197005c.jpg,vestboost_val_00378_jhboyo_val_00378_pos_2110_jpg.rf.de1162e876b82d27674f80d59197005c,vest_ext,vest_ext:pos_2110,0,2,0,0de0bf86cdb5551df68131f939cbcd9095af3a9f
vestboost_val_00379_jhboyo_val_00379_pos_2111_jpg.rf.42b92a44044f33506bf076198e9c0504.jpg,vestboost_val_00379_jhboyo_val_00379_pos_2111_jpg.rf.42b92a44044f33506bf076198e9c0504,vest_ext,vest_ext:pos_2111,0,2,0,45e4a4211bbc405b517bdd51dfde7416897462f6
vestboost_val_00380_jhboyo_val_00380_pos_2114_jpg.rf.c0d74a30e7a34a1520ab52418b9473a4.jpg,vestboost_val_00380_jhboyo_val_00380_pos_2114_jpg.rf.c0d74a30e7a34a1520ab52418b9473a4,vest_ext,vest_ext:pos_2114,0,2,0,6aa3b15fc31760c8ce12374f256b61e0bad7bd30
vestboost_val_00381_jhboyo_val_00381_pos_2115_jpg.rf.4a783a91a5132d827d764409d9c0dabe.jpg,vestboost_val_00381_jhboyo_val_00381_pos_2115_jpg.rf.4a783a91a5132d827d764409d9c0dabe,vest_ext,vest_ext:pos_2115,0,2,0,9e031787b74109a076422912df5674eae1a82fa5
vestboost_val_00382_jhboyo_val_00382_pos_2116_jpg.rf.cc7a26301ea7a6d5cb0e2b3311161068.jpg,vestboost_val_00382_jhboyo_val_00382_pos_2116_jpg.rf.cc7a26301ea7a6d5cb0e2b3311161068,vest_ext,vest_ext:pos_2116,0,2,0,8be77889f407bcf29e55e4fb37fedcb60d858936
vestboost_val_00383_jhboyo_val_00383_pos_2117_jpg.rf.f7ab2164539482c80680c003822ed7b0.jpg,vestboost_val_00383_jhboyo_val_00383_pos_2117_jpg.rf.f7ab2164539482c80680c003822ed7b0,vest_ext,vest_ext:pos_2117,0,2,0,db842996aa40fd2018d27a58bb9692e082394e36
vestboost_val_00384_jhboyo_val_00384_pos_2118_jpg.rf.0a6b634374f14ce0b21f6943dff0139c.jpg,vestboost_val_00384_jhboyo_val_00384_pos_2118_jpg.rf.0a6b634374f14ce0b21f6943dff0139c,vest_ext,vest_ext:pos_2118,0,2,0,67e03af67ab5ff7c9871977d7c34953f7c2b4f03
vestboost_val_00385_jhboyo_val_00385_pos_2133_jpg.rf.84f9ed93ccb72f396372848d74a282ec.jpg,vestboost_val_00385_jhboyo_val_00385_pos_2133_jpg.rf.84f9ed93ccb72f396372848d74a282ec,vest_ext,vest_ext:pos_2133,0,2,0,ca5c26842aa4c9c860a46027bdea82f9d75f9d08
vestboost_val_00386_jhboyo_val_00386_pos_2137_jpg.rf.8d210c03aaa42c89e04c9985be73b52b.jpg,vestboost_val_00386_jhboyo_val_00386_pos_2137_jpg.rf.8d210c03aaa42c89e04c9985be73b52b,vest_ext,vest_ext:pos_2137,0,2,0,69f0915a4eaf1e1d40a5ca7d5cb57f87ec9d001d
vestboost_val_00387_jhboyo_val_00387_pos_213_jpg.rf.3dd582f482f81cc60ced74fcc21bfa5f.jpg,vestboost_val_00387_jhboyo_val_00387_pos_213_jpg.rf.3dd582f482f81cc60ced74fcc21bfa5f,vest_ext,vest_ext:pos_213,0,2,0,b29fbc5b4ecf6229957652101237217f0fa99ede
vestboost_val_00388_jhboyo_val_00388_pos_2151_jpg.rf.ccd06bb3f3f52f90866418fa9f8acd2c.jpg,vestboost_val_00388_jhboyo_val_00388_pos_2151_jpg.rf.ccd06bb3f3f52f90866418fa9f8acd2c,vest_ext,vest_ext:pos_2151,0,1,0,7756f3b40121367b2d604afbebe4a77bb0f3b219
vestboost_val_00389_jhboyo_val_00389_pos_2153_jpg.rf.cb26f0fbca6b47b46b126e3eca009879.jpg,vestboost_val_00389_jhboyo_val_00389_pos_2153_jpg.rf.cb26f0fbca6b47b46b126e3eca009879,vest_ext,vest_ext:pos_2153,0,1,0,c4f016aebdd343575495576cd3d9e803083f6433
vestboost_val_00390_jhboyo_val_00390_pos_2155_jpg.rf.c6f8859f5d3f8d8376500802de0c32ce.jpg,vestboost_val_00390_jhboyo_val_00390_pos_2155_jpg.rf.c6f8859f5d3f8d8376500802de0c32ce,vest_ext,vest_ext:pos_2155,0,1,0,fd432416ca9aa69a9e63389883745b6c49221dc4
vestboost_val_00391_jhboyo_val_00391_pos_2165_jpg.rf.e4a6509cd6830bab4668ee7d6ffd63a0.jpg,vestboost_val_00391_jhboyo_val_00391_pos_2165_jpg.rf.e4a6509cd6830bab4668ee7d6ffd63a0,vest_ext,vest_ext:pos_2165,0,1,0,6b780d012b91ecb60b410e6fedb78d360b12b5e0
vestboost_val_00392_jhboyo_val_00392_pos_2170_jpg.rf.17a4ba6ec7da6c5fd1c8186e3a29bb90.jpg,vestboost_val_00392_jhboyo_val_00392_pos_2170_jpg.rf.17a4ba6ec7da6c5fd1c8186e3a29bb90,vest_ext,vest_ext:pos_2170,0,1,0,d555313a16816d120184206a68eb52240905d3a0
vestboost_val_00393_jhboyo_val_00393_pos_2173_jpg.rf.0239a85289d1e4dc9a753b35def588ad.jpg,vestboost_val_00393_jhboyo_val_00393_pos_2173_jpg.rf.0239a85289d1e4dc9a753b35def588ad,vest_ext,vest_ext:pos_2173,0,2,0,be095451201fdadcd3aef019557e6b5677f40779
vestboost_val_00394_jhboyo_val_00394_pos_2182_jpg.rf.9aa73f69c27bd5d9795b69fd8a405b80.jpg,vestboost_val_00394_jhboyo_val_00394_pos_2182_jpg.rf.9aa73f69c27bd5d9795b69fd8a405b80,vest_ext,vest_ext:pos_2182,0,2,0,9df6583b06a3f46e825bac524ae1080598ea6f0e
vestboost_val_00395_jhboyo_val_00395_pos_219_jpg.rf.f23dc6e7d261da2685c247be318a6201.jpg,vestboost_val_00395_jhboyo_val_00395_pos_219_jpg.rf.f23dc6e7d261da2685c247be318a6201,vest_ext,vest_ext:pos_219,0,1,0,c29bd140d8479ce01dc89ca6608c1f2fa0e03b94
vestboost_val_00396_jhboyo_val_00396_pos_222_jpg.rf.ad0f042b8bc0ef3cd0a9f52f2ece95ea.jpg,vestboost_val_00396_jhboyo_val_00396_pos_222_jpg.rf.ad0f042b8bc0ef3cd0a9f52f2ece95ea,vest_ext,vest_ext:pos_222,0,1,0,077539ab744aa5c28389677934744fef11e804ab
vestboost_val_00397_jhboyo_val_00397_pos_237_jpg.rf.346a9a8c8d30ac609a75512140bc1260.jpg,vestboost_val_00397_jhboyo_val_00397_pos_237_jpg.rf.346a9a8c8d30ac609a75512140bc1260,vest_ext,vest_ext:pos_237,0,1,0,853b4dc85b2adbc08cce331621cb9d0451ddd07c
vestboost_val_00398_jhboyo_val_00398_pos_24_jpg.rf.9b03cc9efe49cc3170adb2ec9c7a5f11.jpg,vestboost_val_00398_jhboyo_val_00398_pos_24_jpg.rf.9b03cc9efe49cc3170adb2ec9c7a5f11,vest_ext,vest_ext:pos_24,0,2,0,576a2225db79243fcd348c83dba029ef92b1b6e5
vestboost_val_00399_jhboyo_val_00399_pos_251_jpg.rf.9fd601bd5f8be29995f6ff8355381f94.jpg,vestboost_val_00399_jhboyo_val_00399_pos_251_jpg.rf.9fd601bd5f8be29995f6ff8355381f94,vest_ext,vest_ext:pos_251,0,1,0,678c9ea302161de27508a6a420e804d448c54a97
