sha1,kept_file,kept_source,removed_file,removed_source
b853755d79e085bccf6cf7659cef191bbe7e7392,ood_negative_backpack_person_001_13f2233a63,oodneg,ood_negative_backpack_person_001_d478f83f8c,oodneg
647d9ff58ccae96d29c56b4a25850ab7cdaa1866,ood_negative_backpack_person_002_9f3d1010e1,oodneg,ood_negative_backpack_person_002_d6a3c21321,oodneg
8ce99d57d0b85d739514df617e572e278e75df04,ood_negative_backpack_person_003_22e65a5ac8,oodneg,ood_negative_backpack_person_003_492899f440,oodneg
676673d780ef6b0de5ca7a5b91d5c3b0a395e3de,ood_negative_backpack_person_004_43f26e1749,oodneg,ood_negative_backpack_person_004_b13cdee937,oodneg
1849c8613689bf63dae5026fcc0d0fb92db28035,ood_negative_backpack_person_005_a21deea6e0,oodneg,ood_negative_backpack_person_005_f6077440c1,oodneg
2a67e8cd7ea2a4cf3900cc213238f58ef15fd630,ood_negative_backpack_person_006_466e06e24c,oodneg,ood_negative_backpack_person_006_4b25423162,oodneg
6f770b026f55994a7affc5a733afda912dab9c6e,ood_negative_backpack_person_007_a1c2ef3d1c,oodneg,ood_negative_backpack_person_007_b2948c6358,oodneg
85708dd42921d7b3c61ee7163de5521059485ede,ood_negative_backpack_person_008_b1163a6259,oodneg,ood_negative_backpack_person_008_c435b8240a,oodneg
ea02f53f6498bf4a02a2d57df91cee38259f232e,ood_negative_backpack_person_009_601e6858ab,oodneg,ood_negative_backpack_person_009_816f8b09ee,oodneg
07cc5117695ea9a531c0457038b29a7928810ac8,ood_negative_backpack_person_010_2c21058e44,oodneg,ood_negative_backpack_person_010_67506ce99d,oodneg
5c77e2f51d65fd8cfebf2659b3470155f50fcd5b,ood_negative_backpack_person_011_225a72b70f,oodneg,ood_negative_backpack_person_011_416d685fd8,oodneg
a5ba115ad660779f5751b3a6b8063c5798fa0606,ood_negative_backpack_person_012_3d3c28b2af,oodneg,ood_negative_backpack_person_012_fa2d87ab3f,oodneg
7e742d6d1af1404af639773c0be564b29bdd5f26,ood_negative_backpack_person_013_db1251d243,oodneg,ood_negative_backpack_person_013_f5c70cd473,oodneg
8e4e286faf34dd1632485800451f4928bffe10f4,ood_negative_backpack_person_014_5166509af2,oodneg,ood_negative_backpack_person_014_a21c50a2d6,oodneg
eeb0dc650fdd172f87c573a9ee223398cbfae488,ood_negative_backpack_person_018_0270b468e6,oodneg,ood_negative_backpack_person_018_19997eca59,oodneg
7fe896111dcee81ab8efdb95631aef846ccddbac,ood_negative_backpack_person_019_4b52668a24,oodneg,ood_negative_backpack_person_019_f3b01ab4dd,oodneg
af67fd9482dddfd1ddaada7be29f7cd6922760a8,ood_negative_backpack_person_020_8f504cd487,oodneg,ood_negative_backpack_person_020_f8560aab2c,oodneg
aa05d45a858f29521846658e9df1ada8965392f0,ood_negative_backpack_person_024_8fbace2bc9,oodneg,ood_negative_backpack_person_024_ca0abfb030,oodneg
c9b738b77c3637c4e609f56ab7c99b10a4caaabf,ood_negative_backpack_person_025_1a5d7ab5e8,oodneg,ood_negative_backpack_person_025_1fd156729a,oodneg
6841ba0aa3621f318d35b4026bbaa59f04c29e2a,ood_negative_baseball_cap_001_23d26a7824,oodneg,ood_negative_baseball_cap_001_753e6efaa7,oodneg
2eede39d9b1a1cd4b30b43512bcaad5aa30114e2,ood_negative_baseball_cap_002_0d60d86185,oodneg,ood_negative_baseball_cap_002_6066fac4a6,oodneg
8fcdfcb6a83417f021dc51cea0d47667ad4ff9df,ood_negative_baseball_cap_005_5f1f4a4ee3,oodneg,ood_negative_baseball_cap_005_cd54a665bb,oodneg
2fc0ed300f37e321b92c91d81a39cfe284ba2417,ood_negative_baseball_cap_006_79dca64c16,oodneg,ood_negative_baseball_cap_006_b05580144e,oodneg
d8b075a7f059f2c5ca5cdcb4746c890c7f14b97f,ood_negative_baseball_cap_009_485f72b8cd,oodneg,ood_negative_baseball_cap_009_d91fcf2070,oodneg
ddd24d976c16e614bf342b866bb29b881880a9b1,ood_negative_baseball_cap_012_04b314c7f4,oodneg,ood_negative_baseball_cap_012_59c707302f,oodneg
112d67d7fc81c93274ee80c417c3421d49907302,ood_negative_baseball_cap_017_25f731d08c,oodneg,ood_negative_baseball_cap_017_542643eec3,oodneg
59630dfccf444067f2cbb0bfd234331dbb047127,ood_negative_baseball_cap_021_5b1d342fdd,oodneg,ood_negative_baseball_cap_021_5c6d534b5c,oodneg
ed1cf7f47dd9d62744d5cf9738a141466b424f1a,ood_negative_baseball_cap_024_0bd2541142,oodneg,ood_negative_baseball_cap_024_6aec4af2c0,oodneg
f3c207c143f56abd6dc51f5aeca49a15cde503d4,ood_negative_beanie_hat_002_2434ff0da4,oodneg,ood_negative_beanie_hat_002_9b51c92414,oodneg
6dcc4a859719f3f42be63d46d89cbd9ff9a0dcf3,ood_negative_beanie_hat_005_4fb527ddef,oodneg,ood_negative_beanie_hat_005_64dbc7f032,oodneg
cd4b8b6953df102a8be432617292ca4494312a0c,ood_negative_beanie_hat_009_272f4f3b31,oodneg,ood_negative_beanie_hat_009_b4bd4d9830,oodneg
13519ed3d1fa14b8c007bbf144f3aa4574ecdb7e,ood_negative_beanie_hat_013_2c252c6040,oodneg,ood_negative_beanie_hat_013_86655fcbe6,oodneg
6a22e16db7b43950c18fe10a74c4b4aa861bf7f7,ood_negative_beanie_hat_018_a71e71ba0c,oodneg,ood_negative_beanie_hat_018_d0084f9bcf,oodneg
85c47cc46f2893975eee512916f14bba91a78043,ood_negative_beanie_hat_021_4367bf7232,oodneg,ood_negative_beanie_hat_021_597060f025,oodneg
42a67ded2bb6dd33242971fe2d4e111f55536232,ood_negative_beanie_hat_024_3fb1bccbaf,oodneg,ood_negative_beanie_hat_024_720afc2d97,oodneg
bfb96c36bf627886ddcf943a62e8f8e7a2692041,ood_negative_people_street_002_0251fc1618,oodneg,ood_negative_people_street_002_4b1278fd43,oodneg
66eb36297384c577104d599fd08bf79a4add6940,ood_negative_people_street_005_2d3f75dcc6,oodneg,ood_negative_people_street_005_7a7f45a0ab,oodneg
968f8d86733b83815cd4c7e45963945137a3d293,ood_negative_people_street_006_7f54ded928,oodneg,ood_negative_people_street_006_bef9722b5d,oodneg
a93015d968a40720d49a8363ff899d8243f58bce,ood_negative_people_street_007_00d2ae98a4,oodneg,ood_negative_people_street_007_67d2982728,oodneg
123e2e6eebdd79ba82e6039f2f3adc24d5502974,ood_negative_people_street_008_67a5248238,oodneg,ood_negative_people_street_008_b9450b5be1,oodneg
f337f2ca549428937bc60a4ee3edcf36bd9a24e0,ood_negative_people_street_011_00d08e339c,oodneg,ood_negative_people_street_011_998485ff88,oodneg
debda6dd9d3fc6c1e60570afff1aa0d55fe7a440,ood_negative_people_street_014_94b22247ad,oodneg,ood_negative_people_street_014_c9b0c68e4a,oodneg
b78a72978c18577ba891913dcc7297d70c86cf4a,ood_negative_people_street_018_2759264504,oodneg,ood_negative_people_street_018_6f52ffeb30,oodneg
e350efc3d0f205e9b5e1318bb69891601549436f,ood_negative_people_street_022_90180ab2bf,oodneg,ood_negative_people_street_022_ca9ef1e0c2,oodneg
2e929d5c8398dce6be2c2e775c859f18e5418d88,ood_negative_reflective_jacket_001_22ce476c5e,oodneg,ood_negative_reflective_jacket_001_d1416e1889,oodneg
0d2d42fcb4f6c623a9a861b2c39175d92e3d84a3,ood_negative_reflective_jacket_002_306662a961,oodneg,ood_negative_reflective_jacket_002_89c1c9054f,oodneg
f1dab119583d7ccfbabacdf36881d1f707d356c7,ood_negative_reflective_jacket_005_8f5a20b38c,oodneg,ood_negative_reflective_jacket_005_a0d9ae5ee6,oodneg
e8e0bb3d6f27b8ab2b33a0d783a32399e16bbf1a,ood_negative_reflective_jacket_006_a60b098846,oodneg,ood_negative_reflective_jacket_006_e4f9717abc,oodneg
bd05cb5c8de690d7848e2722425f557dd6bc48a1,ood_negative_reflective_jacket_010_3374c42f04,oodneg,ood_negative_reflective_jacket_010_9826bc6050,oodneg
b29be2e71100f60ad263d15871e5161a126e7991,ood_negative_reflective_jacket_014_19abace7ac,oodneg,ood_negative_reflective_jacket_014_e8e56284d3,oodneg
1c1be20b1aadaef99c8a57500c8f31d49dc9bf84,ood_negative_reflective_jacket_017_a63089d269,oodneg,ood_negative_reflective_jacket_017_b18d7006e1,oodneg
8e997cde59a0884f51e94a3c51c18bef58074821,ood_negative_reflective_jacket_020_23539bc6c0,oodneg,ood_negative_reflective_jacket_020_369bc127e1,oodneg
e96a85d66a6e6a74af10c324db3d7abcabcebd7f,ood_negative_reflective_jacket_023_049ced4663,oodneg,ood_negative_reflective_jacket_023_6b6d305feb,oodneg
e2fc4a2e3d5134b6c6594ab256829ecd51c95f4c,ppe_train_image1117_b5defb8e9e,ppe_orig,oversample_vest1_oversample_vest1_oversample_vest1_ppe_train_image1117_b5defb8e9e,vest_oversample
e2fc4a2e3d5134b6c6594ab256829ecd51c95f4c,ppe_train_image1117_b5defb8e9e,ppe_orig,oversample_vest1_oversample_vest1_oversample_vest2_ppe_train_image1117_b5defb8e9e,vest_oversample
e2fc4a2e3d5134b6c6594ab256829ecd51c95f4c,ppe_train_image1117_b5defb8e9e,ppe_orig,oversample_vest1_oversample_vest1_ppe_train_image1117_b5defb8e9e,vest_oversample
e2fc4a2e3d5134b6c6594ab256829ecd51c95f4c,ppe_train_image1117_b5defb8e9e,ppe_orig,oversample_vest1_oversample_vest2_oversample_vest1_ppe_train_image1117_b5defb8e9e,vest_oversample
e2fc4a2e3d5134b6c6594ab256829ecd51c95f4c,ppe_train_image1117_b5defb8e9e,ppe_orig,oversample_vest1_oversample_vest2_oversample_vest2_ppe_train_image1117_b5defb8e9e,vest_oversample
e2fc4a2e3d5134b6c6594ab256829ecd51c95f4c,ppe_train_image1117_b5defb8e9e,ppe_orig,oversample_vest1_oversample_vest2_ppe_train_image1117_b5defb8e9e,vest_oversample
e2fc4a2e3d5134b6c6594ab256829ecd51c95f4c,ppe_train_image1117_b5defb8e9e,ppe_orig,oversample_vest1_ppe_train_image1117_b5defb8e9e,vest_oversample
e2fc4a2e3d5134b6c6594ab256829ecd51c95f4c,ppe_train_image1117_b5defb8e9e,ppe_orig,oversample_vest2_oversample_vest1_oversample_vest1_ppe_train_image1117_b5defb8e9e,vest_oversample
e2fc4a2e3d5134b6c6594ab256829ecd51c95f4c,ppe_train_image1117_b5defb8e9e,ppe_orig,oversample_vest2_oversample_vest1_oversample_vest2_ppe_train_image1117_b5defb8e9e,vest_oversample
e2fc4a2e3d5134b6c6594ab256829ecd51c95f4c,ppe_train_image1117_b5defb8e9e,ppe_orig,oversample_vest2_oversample_vest1_ppe_train_image1117_b5defb8e9e,vest_oversample
e2fc4a2e3d5134b6c6594ab256829ecd51c95f4c,ppe_train_image1117_b5defb8e9e,ppe_orig,oversample_vest2_oversample_vest2_oversample_vest1_ppe_train_image1117_b5defb8e9e,vest_oversample
e2fc4a2e3d5134b6c6594ab256829ecd51c95f4c,ppe_train_image1117_b5defb8e9e,ppe_orig,oversample_vest2_oversample_vest2_oversample_vest2_ppe_train_image1117_b5defb8e9e,vest_oversample
e2fc4a2e3d5134b6c6594ab256829ecd51c95f4c,ppe_train_image1117_b5defb8e9e,ppe_orig,oversample_vest2_oversample_vest2_ppe_train_image1117_b5defb8e9e,vest_oversample
e2fc4a2e3d5134b6c6594ab256829ecd51c95f4c,ppe_train_image1117_b5defb8e9e,ppe_orig,oversample_vest2_ppe_train_image1117_b5defb8e9e,vest_oversample
c8ebe0e2daffb82d374a92e6255c3db77d8d6e32,ppe_train_image1118_1d0d04a205,ppe_orig,oversample_vest1_oversample_vest1_oversample_vest1_ppe_train_image1118_1d0d04a205,vest_oversample
c8ebe0e2daffb82d374a92e6255c3db77d8d6e32,ppe_train_image1118_1d0d04a205,ppe_orig,oversample_vest1_oversample_vest1_oversample_vest2_ppe_train_image1118_1d0d04a205,vest_oversample
c8ebe0e2daffb82d374a92e6255c3db77d8d6e32,ppe_train_image1118_1d0d04a205,ppe_orig,oversample_vest1_oversample_vest1_ppe_train_image1118_1d0d04a205,vest_oversample
c8ebe0e2daffb82d374a92e6255c3db77d8d6e32,ppe_train_image1118_1d0d04a205,ppe_orig,oversample_vest1_oversample_vest2_oversample_vest1_ppe_train_image1118_1d0d04a205,vest_oversample
c8ebe0e2daffb82d374a92e6255c3db77d8d6e32,ppe_train_image1118_1d0d04a205,ppe_orig,oversample_vest1_oversample_vest2_oversample_vest2_ppe_train_image1118_1d0d04a205,vest_oversample
c8ebe0e2daffb82d374a92e6255c3db77d8d6e32,ppe_train_image1118_1d0d04a205,ppe_orig,oversample_vest1_oversample_vest2_ppe_train_image1118_1d0d04a205,vest_oversample
c8ebe0e2daffb82d374a92e6255c3db77d8d6e32,ppe_train_image1118_1d0d04a205,ppe_orig,oversample_vest1_ppe_train_image1118_1d0d04a205,vest_oversample
c8ebe0e2daffb82d374a92e6255c3db77d8d6e32,ppe_train_image1118_1d0d04a205,ppe_orig,oversample_vest2_oversample_vest1_oversample_vest1_ppe_train_image1118_1d0d04a205,vest_oversample
c8ebe0e2daffb82d374a92e6255c3db77d8d6e32,ppe_train_image1118_1d0d04a205,ppe_orig,oversample_vest2_oversample_vest1_oversample_vest2_ppe_train_image1118_1d0d04a205,vest_oversample
c8ebe0e2daffb82d374a92e6255c3db77d8d6e32,ppe_train_image1118_1d0d04a205,ppe_orig,oversample_vest2_oversample_vest1_ppe_train_image1118_1d0d04a205,vest_oversample
c8ebe0e2daffb82d374a92e6255c3db77d8d6e32,ppe_train_image1118_1d0d04a205,ppe_orig,oversample_vest2_oversample_vest2_oversample_vest1_ppe_train_image1118_1d0d04a205,vest_oversample
c8ebe0e2daffb82d374a92e6255c3db77d8d6e32,ppe_train_image1118_1d0d04a205,ppe_orig,oversample_vest2_oversample_vest2_oversample_vest2_ppe_train_image1118_1d0d04a205,vest_oversample
c8ebe0e2daffb82d374a92e6255c3db77d8d6e32,ppe_train_image1118_1d0d04a205,ppe_orig,oversample_vest2_oversample_vest2_ppe_train_image1118_1d0d04a205,vest_oversample
c8ebe0e2daffb82d374a92e6255c3db77d8d6e32,ppe_train_image1118_1d0d04a205,ppe_orig,oversample_vest2_ppe_train_image1118_1d0d04a205,vest_oversample
a8972828bb9716a1eab23bb818cf2459a0c586bd,ppe_train_image1119_21fdbdc1a3,ppe_orig,oversample_vest1_oversample_vest1_oversample_vest1_ppe_train_image1119_21fdbdc1a3,vest_oversample
a8972828bb9716a1eab23bb818cf2459a0c586bd,ppe_train_image1119_21fdbdc1a3,ppe_orig,oversample_vest1_oversample_vest1_oversample_vest2_ppe_train_image1119_21fdbdc1a3,vest_oversample
a8972828bb9716a1eab23bb818cf2459a0c586bd,ppe_train_image1119_21fdbdc1a3,ppe_orig,oversample_vest1_oversample_vest1_ppe_train_image1119_21fdbdc1a3,vest_oversample
a8972828bb9716a1eab23bb818cf2459a0c586bd,ppe_train_image1119_21fdbdc1a3,ppe_orig,oversample_vest1_oversample_vest2_oversample_vest1_ppe_train_image1119_21fdbdc1a3,vest_oversample
a8972828bb9716a1eab23bb818cf2459a0c586bd,ppe_train_image1119_21fdbdc1a3,ppe_orig,oversample_vest1_oversample_vest2_oversample_vest2_ppe_train_image1119_21fdbdc1a3,vest_oversample
a8972828bb9716a1eab23bb818cf2459a0c586bd,ppe_train_image1119_21fdbdc1a3,ppe_orig,oversample_vest1_oversample_vest2_ppe_train_image1119_21fdbdc1a3,vest_oversample
a8972828bb9716a1eab23bb818cf2459a0c586bd,ppe_train_image1119_21fdbdc1a3,ppe_orig,oversample_vest1_ppe_train_image1119_21fdbdc1a3,vest_oversample
a8972828bb9716a1eab23bb818cf2459a0c586bd,ppe_train_image1119_21fdbdc1a3,ppe_orig,oversample_vest2_oversample_vest1_oversample_vest1_ppe_train_image1119_21fdbdc1a3,vest_oversample
a8972828bb9716a1eab23bb818cf2459a0c586bd,ppe_train_image1119_21fdbdc1a3,ppe_orig,oversample_vest2_oversample_vest1_oversample_vest2_ppe_train_image1119_21fdbdc1a3,vest_oversample
a8972828bb9716a1eab23bb818cf2459a0c586bd,ppe_train_image1119_21fdbdc1a3,ppe_orig,oversample_vest2_oversample_vest1_ppe_train_image1119_21fdbdc1a3,vest_oversample
a8972828bb9716a1eab23bb818cf2459a0c586bd,ppe_train_image1119_21fdbdc1a3,ppe_orig,oversample_vest2_oversample_vest2_oversample_vest1_ppe_train_image1119_21fdbdc1a3,vest_oversample
a8972828bb9716a1eab23bb818cf2459a0c586bd,ppe_train_image1119_21fdbdc1a3,ppe_orig,oversample_vest2_oversample_vest2_oversample_vest2_ppe_train_image1119_21fdbdc1a3,vest_oversample
a8972828bb9716a1eab23bb818cf2459a0c586bd,ppe_train_image1119_21fdbdc1a3,ppe_orig,oversample_vest2_oversample_vest2_ppe_train_image1119_21fdbdc1a3,vest_oversample
a8972828bb9716a1eab23bb818cf2459a0c586bd,ppe_train_image1119_21fdbdc1a3,ppe_orig,oversample_vest2_ppe_train_image1119_21fdbdc1a3,vest_oversample
f4ebd2a28e4b33a16008e191f6e9977481ad4b55,ppe_train_image1122_3516b3b903,ppe_orig,oversample_vest1_oversample_vest1_oversample_vest1_ppe_train_image1122_3516b3b903,vest_oversample
f4ebd2a28e4b33a16008e191f6e9977481ad4b55,ppe_train_image1122_3516b3b903,ppe_orig,oversample_vest1_oversample_vest1_oversample_vest2_ppe_train_image1122_3516b3b903,vest_oversample
f4ebd2a28e4b33a16008e191f6e9977481ad4b55,ppe_train_image1122_3516b3b903,ppe_orig,oversample_vest1_oversample_vest1_ppe_train_image1122_3516b3b903,vest_oversample
f4ebd2a28e4b33a16008e191f6e9977481ad4b55,ppe_train_image1122_3516b3b903,ppe_orig,oversample_vest1_oversample_vest2_oversample_vest1_ppe_train_image1122_3516b3b903,vest_oversample
f4ebd2a28e4b33a16008e191f6e9977481ad4b55,ppe_train_image1122_3516b3b903,ppe_orig,oversample_vest1_oversample_vest2_oversample_vest2_ppe_train_image1122_3516b3b903,vest_oversample
f4ebd2a28e4b33a16008e191f6e9977481ad4b55,ppe_train_image1122_3516b3b903,ppe_orig,oversample_vest1_oversample_vest2_ppe_train_image1122_3516b3b903,vest_oversample
f4ebd2a28e4b33a16008e191f6e9977481ad4b55,ppe_train_image1122_3516b3b903,ppe_orig,oversample_vest1_ppe_train_image1122_3516b3b903,vest_oversample
f4ebd2a28e4b33a16008e191f6e9977481ad4b55,ppe_train_image1122_3516b3b903,ppe_orig,oversample_vest2_oversample_vest1_oversample_vest1_ppe_train_image1122_3516b3b903,vest_oversample
f4ebd2a28e4b33a16008e191f6e9977481ad4b55,ppe_train_image1122_3516b3b903,ppe_orig,oversample_vest2_oversample_vest1_oversample_vest2_ppe_train_image1122_3516b3b903,vest_oversample
f4ebd2a28e4b33a16008e191f6e9977481ad4b55,ppe_train_image1122_3516b3b903,ppe_orig,oversample_vest2_oversample_vest1_ppe_train_image1122_3516b3b903,vest_oversample
f4ebd2a28e4b33a16008e191f6e9977481ad4b55,ppe_train_image1122_3516b3b903,ppe_orig,oversample_vest2_oversample_vest2_oversample_vest1_ppe_train_image1122_3516b3b903,vest_oversample
f4ebd2a28e4b33a16008e191f6e9977481ad4b55,ppe_train_image1122_3516b3b903,ppe_orig,oversample_vest2_oversample_vest2_oversample_vest2_ppe_train_image1122_3516b3b903,vest_oversample
f4ebd2a28e4b33a16008e191f6e9977481ad4b55,ppe_train_image1122_3516b3b903,ppe_orig,oversample_vest2_oversample_vest2_ppe_train_image1122_3516b3b903,vest_oversample
f4ebd2a28e4b33a16008e191f6e9977481ad4b55,ppe_train_image1122_3516b3b903,ppe_orig,oversample_vest2_ppe_train_image1122_3516b3b903,vest_oversample
4ebcd87d7dfc7b55de2d8519be328d128ad312be,ppe_train_image1123_442deff609,ppe_orig,oversample_vest1_oversample_vest1_oversample_vest1_ppe_train_image1123_442deff609,vest_oversample
4ebcd87d7dfc7b55de2d8519be328d128ad312be,ppe_train_image1123_442deff609,ppe_orig,oversample_vest1_oversample_vest1_oversample_vest2_ppe_train_image1123_442deff609,vest_oversample
4ebcd87d7dfc7b55de2d8519be328d128ad312be,ppe_train_image1123_442deff609,ppe_orig,oversample_vest1_oversample_vest1_ppe_train_image1123_442deff609,vest_oversample
4ebcd87d7dfc7b55de2d8519be328d128ad312be,ppe_train_image1123_442deff609,ppe_orig,oversample_vest1_oversample_vest2_oversample_vest1_ppe_train_image1123_442deff609,vest_oversample
4ebcd87d7dfc7b55de2d8519be328d128ad312be,ppe_train_image1123_442deff609,ppe_orig,oversample_vest1_oversample_vest2_oversample_vest2_ppe_train_image1123_442deff609,vest_oversample
4ebcd87d7dfc7b55de2d8519be328d128ad312be,ppe_train_image1123_442deff609,ppe_orig,oversample_vest1_oversample_vest2_ppe_train_image1123_442deff609,vest_oversample
4ebcd87d7dfc7b55de2d8519be328d128ad312be,ppe_train_image1123_442deff609,ppe_orig,oversample_vest1_ppe_train_image1123_442deff609,vest_oversample
4ebcd87d7dfc7b55de2d8519be328d128ad312be,ppe_train_image1123_442deff609,ppe_orig,oversample_vest2_oversample_vest1_oversample_vest1_ppe_train_image1123_442deff609,vest_oversample
4ebcd87d7dfc7b55de2d8519be328d128ad312be,ppe_train_image1123_442deff609,ppe_orig,oversample_vest2_oversample_vest1_oversample_vest2_ppe_train_image1123_442deff609,vest_oversample
4ebcd87d7dfc7b55de2d8519be328d128ad312be,ppe_train_image1123_442deff609,ppe_orig,oversample_vest2_oversample_vest1_ppe_train_image1123_442deff609,vest_oversample
4ebcd87d7dfc7b55de2d8519be328d128ad312be,ppe_train_image1123_442deff609,ppe_orig,oversample_vest2_oversample_vest2_oversample_vest1_ppe_train_image1123_442deff609,vest_oversample
4ebcd87d7dfc7b55de2d8519be328d128ad312be,ppe_train_image1123_442deff609,ppe_orig,oversample_vest2_oversample_vest2_oversample_vest2_ppe_train_image1123_442deff609,vest_oversample
4ebcd87d7dfc7b55de2d8519be328d128ad312be,ppe_train_image1123_442deff609,ppe_orig,oversample_vest2_oversample_vest2_ppe_train_image1123_442deff609,vest_oversample
4ebcd87d7dfc7b55de2d8519be328d128ad312be,ppe_train_image1123_442deff609,ppe_orig,oversample_vest2_ppe_train_image1123_442deff609,vest_oversample
e1f7eb6d370d02f7554e32b12034d9cd7ef1ea25,ppe_train_image1124_fef0917f55,ppe_orig,oversample_vest1_oversample_vest1_oversample_vest1_ppe_train_image1124_fef0917f55,vest_oversample
e1f7eb6d370d02f7554e32b12034d9cd7ef1ea25,ppe_train_image1124_fef0917f55,ppe_orig,oversample_vest1_oversample_vest1_oversample_vest2_ppe_train_image1124_fef0917f55,vest_oversample
e1f7eb6d370d02f7554e32b12034d9cd7ef1ea25,ppe_train_image1124_fef0917f55,ppe_orig,oversample_vest1_oversample_vest1_ppe_train_image1124_fef0917f55,vest_oversample
e1f7eb6d370d02f7554e32b12034d9cd7ef1ea25,ppe_train_image1124_fef0917f55,ppe_orig,oversample_vest1_oversample_vest2_oversample_vest1_ppe_train_image1124_fef0917f55,vest_oversample
e1f7eb6d370d02f7554e32b12034d9cd7ef1ea25,ppe_train_image1124_fef0917f55,ppe_orig,oversample_vest1_oversample_vest2_oversample_vest2_ppe_train_image1124_fef0917f55,vest_oversample
e1f7eb6d370d02f7554e32b12034d9cd7ef1ea25,ppe_train_image1124_fef0917f55,ppe_orig,oversample_vest1_oversample_vest2_ppe_train_image1124_fef0917f55,vest_oversample
e1f7eb6d370d02f7554e32b12034d9cd7ef1ea25,ppe_train_image1124_fef0917f55,ppe_orig,oversample_vest1_ppe_train_image1124_fef0917f55,vest_oversample
e1f7eb6d370d02f7554e32b12034d9cd7ef1ea25,ppe_train_image1124_fef0917f55,ppe_orig,oversample_vest2_oversample_vest1_oversample_vest1_ppe_train_image1124_fef0917f55,vest_oversample
e1f7eb6d370d02f7554e32b12034d9cd7ef1ea25,ppe_train_image1124_fef0917f55,ppe_orig,oversample_vest2_oversample_vest1_oversample_vest2_ppe_train_image1124_fef0917f55,vest_oversample
e1f7eb6d370d02f7554e32b12034d9cd7ef1ea25,ppe_train_image1124_fef0917f55,ppe_orig,oversample_vest2_oversample_vest1_ppe_train_image1124_fef0917f55,vest_oversample
e1f7eb6d370d02f7554e32b12034d9cd7ef1ea25,ppe_train_image1124_fef0917f55,ppe_orig,oversample_vest2_oversample_vest2_oversample_vest1_ppe_train_image1124_fef0917f55,vest_oversample
e1f7eb6d370d02f7554e32b12034d9cd7ef1ea25,ppe_train_image1124_fef0917f55,ppe_orig,oversample_vest2_oversample_vest2_oversample_vest2_ppe_train_image1124_fef0917f55,vest_oversample
e1f7eb6d370d02f7554e32b12034d9cd7ef1ea25,ppe_train_image1124_fef0917f55,ppe_orig,oversample_vest2_oversample_vest2_ppe_train_image1124_fef0917f55,vest_oversample
e1f7eb6d370d02f7554e32b12034d9cd7ef1ea25,ppe_train_image1124_fef0917f55,ppe_orig,oversample_vest2_ppe_train_image1124_fef0917f55,vest_oversample
1298fb8e10c29282fb63879815ef00a9bd389cf7,ppe_train_image1126_254fdd1d4f,ppe_orig,oversample_vest1_oversample_vest1_oversample_vest1_ppe_train_image1126_254fdd1d4f,vest_oversample
1298fb8e10c29282fb63879815ef00a9bd389cf7,ppe_train_image1126_254fdd1d4f,ppe_orig,oversample_vest1_oversample_vest1_oversample_vest2_ppe_train_image1126_254fdd1d4f,vest_oversample
1298fb8e10c29282fb63879815ef00a9bd389cf7,ppe_train_image1126_254fdd1d4f,ppe_orig,oversample_vest1_oversample_vest1_ppe_train_image1126_254fdd1d4f,vest_oversample
1298fb8e10c29282fb63879815ef00a9bd389cf7,ppe_train_image1126_254fdd1d4f,ppe_orig,oversample_vest1_oversample_vest2_oversample_vest1_ppe_train_image1126_254fdd1d4f,vest_oversample
1298fb8e10c29282fb63879815ef00a9bd389cf7,ppe_train_image1126_254fdd1d4f,ppe_orig,oversample_vest1_oversample_vest2_oversample_vest2_ppe_train_image1126_254fdd1d4f,vest_oversample
1298fb8e10c29282fb63879815ef00a9bd389cf7,ppe_train_image1126_254fdd1d4f,ppe_orig,oversample_vest1_oversample_vest2_ppe_train_image1126_254fdd1d4f,vest_oversample
1298fb8e10c29282fb63879815ef00a9bd389cf7,ppe_train_image1126_254fdd1d4f,ppe_orig,oversample_vest1_ppe_train_image1126_254fdd1d4f,vest_oversample
1298fb8e10c29282fb63879815ef00a9bd389cf7,ppe_train_image1126_254fdd1d4f,ppe_orig,oversample_vest2_oversample_vest1_oversample_vest1_ppe_train_image1126_254fdd1d4f,vest_oversample
1298fb8e10c29282fb63879815ef00a9bd389cf7,ppe_train_image1126_254fdd1d4f,ppe_orig,oversample_vest2_oversample_vest1_oversample_vest2_ppe_train_image1126_254fdd1d4f,vest_oversample
1298fb8e10c29282fb63879815ef00a9bd389cf7,ppe_train_image1126_254fdd1d4f,ppe_orig,oversample_vest2_oversample_vest1_ppe_train_image1126_254fdd1d4f,vest_oversample
1298fb8e10c29282fb63879815ef00a9bd389cf7,ppe_train_image1126_254fdd1d4f,ppe_orig,oversample_vest2_oversample_vest2_oversample_vest1_ppe_train_image1126_254fdd1d4f,vest_oversample
1298fb8e10c29282fb63879815ef00a9bd389cf7,ppe_train_image1126_254fdd1d4f,ppe_orig,oversample_vest2_oversample_vest2_oversample_vest2_ppe_train_image1126_254fdd1d4f,vest_oversample
1298fb8e10c29282fb63879815ef00a9bd389cf7,ppe_train_image1126_254fdd1d4f,ppe_orig,oversample_vest2_oversample_vest2_ppe_train_image1126_254fdd1d4f,vest_oversample
1298fb8e10c29282fb63879815ef00a9bd389cf7,ppe_train_image1126_254fdd1d4f,ppe_orig,oversample_vest2_ppe_train_image1126_254fdd1d4f,vest_oversample
a31face470aa2e79faa2da2411d5d49963bac5bc,ppe_train_image1127_eba83ae7e8,ppe_orig,oversample_vest1_oversample_vest1_oversample_vest1_ppe_train_image1127_eba83ae7e8,vest_oversample
a31face470aa2e79faa2da2411d5d49963bac5bc,ppe_train_image1127_eba83ae7e8,ppe_orig,oversample_vest1_oversample_vest1_oversample_vest2_ppe_train_image1127_eba83ae7e8,vest_oversample
a31face470aa2e79faa2da2411d5d49963bac5bc,ppe_train_image1127_eba83ae7e8,ppe_orig,oversample_vest1_oversample_vest1_ppe_train_image1127_eba83ae7e8,vest_oversample
a31face470aa2e79faa2da2411d5d49963bac5bc,ppe_train_image1127_eba83ae7e8,ppe_orig,oversample_vest1_oversample_vest2_oversample_vest1_ppe_train_image1127_eba83ae7e8,vest_oversample
a31face470aa2e79faa2da2411d5d49963bac5bc,ppe_train_image1127_eba83ae7e8,ppe_orig,oversample_vest1_oversample_vest2_oversample_vest2_ppe_train_image1127_eba83ae7e8,vest_oversample
a31face470aa2e79faa2da2411d5d49963bac5bc,ppe_train_image1127_eba83ae7e8,ppe_orig,oversample_vest1_oversample_vest2_ppe_train_image1127_eba83ae7e8,vest_oversample
a31face470aa2e79faa2da2411d5d49963bac5bc,ppe_train_image1127_eba83ae7e8,ppe_orig,oversample_vest1_ppe_train_image1127_eba83ae7e8,vest_oversample
a31face470aa2e79faa2da2411d5d49963bac5bc,ppe_train_image1127_eba83ae7e8,ppe_orig,oversample_vest2_oversample_vest1_oversample_vest1_ppe_train_image1127_eba83ae7e8,vest_oversample
a31face470aa2e79faa2da2411d5d49963bac5bc,ppe_train_image1127_eba83ae7e8,ppe_orig,oversample_vest2_oversample_vest1_oversample_vest2_ppe_train_image1127_eba83ae7e8,vest_oversample
a31face470aa2e79faa2da2411d5d49963bac5bc,ppe_train_image1127_eba83ae7e8,ppe_orig,oversample_vest2_oversample_vest1_ppe_train_image1127_eba83ae7e8,vest_oversample
a31face470aa2e79faa2da2411d5d49963bac5bc,ppe_train_image1127_eba83ae7e8,ppe_orig,oversample_vest2_oversample_vest2_oversample_vest1_ppe_train_image1127_eba83ae7e8,vest_oversample
a31face470aa2e79faa2da2411d5d49963bac5bc,ppe_train_image1127_eba83ae7e8,ppe_orig,oversample_vest2_oversample_vest2_oversample_vest2_ppe_train_image1127_eba83ae7e8,vest_oversample
a31face470aa2e79faa2da2411d5d49963bac5bc,ppe_train_image1127_eba83ae7e8,ppe_orig,oversample_vest2_oversample_vest2_ppe_train_image1127_eba83ae7e8,vest_oversample
a31face470aa2e79faa2da2411d5d49963bac5bc,ppe_train_image1127_eba83ae7e8,ppe_orig,oversample_vest2_ppe_train_image1127_eba83ae7e8,vest_oversample
f5a65d4dd72c397112e3d9eb51ddb94e51d0e966,ppe_train_image1128_d348f2b74c,ppe_orig,oversample_vest1_oversample_vest1_oversample_vest1_ppe_train_image1128_d348f2b74c,vest_oversample
f5a65d4dd72c397112e3d9eb51ddb94e51d0e966,ppe_train_image1128_d348f2b74c,ppe_orig,oversample_vest1_oversample_vest1_oversample_vest2_ppe_train_image1128_d348f2b74c,vest_oversample
f5a65d4dd72c397112e3d9eb51ddb94e51d0e966,ppe_train_image1128_d348f2b74c,ppe_orig,oversample_vest1_oversample_vest1_ppe_train_image1128_d348f2b74c,vest_oversample
f5a65d4dd72c397112e3d9eb51ddb94e51d0e966,ppe_train_image1128_d348f2b74c,ppe_orig,oversample_vest1_oversample_vest2_oversample_vest1_ppe_train_image1128_d348f2b74c,vest_oversample
f5a65d4dd72c397112e3d9eb51ddb94e51d0e966,ppe_train_image1128_d348f2b74c,ppe_orig,oversample_vest1_oversample_vest2_oversample_vest2_ppe_train_image1128_d348f2b74c,vest_oversample
f5a65d4dd72c397112e3d9eb51ddb94e51d0e966,ppe_train_image1128_d348f2b74c,ppe_orig,oversample_vest1_oversample_vest2_ppe_train_image1128_d348f2b74c,vest_oversample
f5a65d4dd72c397112e3d9eb51ddb94e51d0e966,ppe_train_image1128_d348f2b74c,ppe_orig,oversample_vest1_ppe_train_image1128_d348f2b74c,vest_oversample
f5a65d4dd72c397112e3d9eb51ddb94e51d0e966,ppe_train_image1128_d348f2b74c,ppe_orig,oversample_vest2_oversample_vest1_oversample_vest1_ppe_train_image1128_d348f2b74c,vest_oversample
f5a65d4dd72c397112e3d9eb51ddb94e51d0e966,ppe_train_image1128_d348f2b74c,ppe_orig,oversample_vest2_oversample_vest1_oversample_vest2_ppe_train_image1128_d348f2b74c,vest_oversample
f5a65d4dd72c397112e3d9eb51ddb94e51d0e966,ppe_train_image1128_d348f2b74c,ppe_orig,oversample_vest2_oversample_vest1_ppe_train_image1128_d348f2b74c,vest_oversample
f5a65d4dd72c397112e3d9eb51ddb94e51d0e966,ppe_train_image1128_d348f2b74c,ppe_orig,oversample_vest2_oversample_vest2_oversample_vest1_ppe_train_image1128_d348f2b74c,vest_oversample
f5a65d4dd72c397112e3d9eb51ddb94e51d0e966,ppe_train_image1128_d348f2b74c,ppe_orig,oversample_vest2_oversample_vest2_oversample_vest2_ppe_train_image1128_d348f2b74c,vest_oversample
f5a65d4dd72c397112e3d9eb51ddb94e51d0e966,ppe_train_image1128_d348f2b74c,ppe_orig,oversample_vest2_oversample_vest2_ppe_train_image1128_d348f2b74c,vest_oversample
f5a65d4dd72c397112e3d9eb51ddb94e51d0e966,ppe_train_image1128_d348f2b74c,ppe_orig,oversample_vest2_ppe_train_image1128_d348f2b74c,vest_oversample
25d110300c83bbde2a6ec75a12014033b8575e2b,ppe_train_image1131_c169cf8e2f,ppe_orig,oversample_vest1_oversample_vest1_oversample_vest1_ppe_train_image1131_c169cf8e2f,vest_oversample
25d110300c83bbde2a6ec75a12014033b8575e2b,ppe_train_image1131_c169cf8e2f,ppe_orig,oversample_vest1_oversample_vest1_oversample_vest2_ppe_train_image1131_c169cf8e2f,vest_oversample
25d110300c83bbde2a6ec75a12014033b8575e2b,ppe_train_image1131_c169cf8e2f,ppe_orig,oversample_vest1_oversample_vest1_ppe_train_image1131_c169cf8e2f,vest_oversample
25d110300c83bbde2a6ec75a12014033b8575e2b,ppe_train_image1131_c169cf8e2f,ppe_orig,oversample_vest1_oversample_vest2_oversample_vest1_ppe_train_image1131_c169cf8e2f,vest_oversample
25d110300c83bbde2a6ec75a12014033b8575e2b,ppe_train_image1131_c169cf8e2f,ppe_orig,oversample_vest1_oversample_vest2_oversample_vest2_ppe_train_image1131_c169cf8e2f,vest_oversample
25d110300c83bbde2a6ec75a12014033b8575e2b,ppe_train_image1131_c169cf8e2f,ppe_orig,oversample_vest1_oversample_vest2_ppe_train_image1131_c169cf8e2f,vest_oversample
25d110300c83bbde2a6ec75a12014033b8575e2b,ppe_train_image1131_c169cf8e2f,ppe_orig,oversample_vest1_ppe_train_image1131_c169cf8e2f,vest_oversample
25d110300c83bbde2a6ec75a12014033b8575e2b,ppe_train_image1131_c169cf8e2f,ppe_orig,oversample_vest2_oversample_vest1_oversample_vest1_ppe_train_image1131_c169cf8e2f,vest_oversample
25d110300c83bbde2a6ec75a12014033b8575e2b,ppe_train_image1131_c169cf8e2f,ppe_orig,oversample_vest2_oversample_vest1_oversample_vest2_ppe_train_image1131_c169cf8e2f,vest_oversample
25d110300c83bbde2a6ec75a12014033b8575e2b,ppe_train_image1131_c169cf8e2f,ppe_orig,oversample_vest2_oversample_vest1_ppe_train_image1131_c169cf8e2f,vest_oversample
25d110300c83bbde2a6ec75a12014033b8575e2b,ppe_train_image1131_c169cf8e2f,ppe_orig,oversample_vest2_oversample_vest2_oversample_vest1_ppe_train_image1131_c169cf8e2f,vest_oversample
25d110300c83bbde2a6ec75a12014033b8575e2b,ppe_train_image1131_c169cf8e2f,ppe_orig,oversample_vest2_oversample_vest2_oversample_vest2_ppe_train_image1131_c169cf8e2f,vest_oversample
25d110300c83bbde2a6ec75a12014033b8575e2b,ppe_train_image1131_c169cf8e2f,ppe_orig,oversample_vest2_oversample_vest2_ppe_train_image1131_c169cf8e2f,vest_oversample
25d110300c83bbde2a6ec75a12014033b8575e2b,ppe_train_image1131_c169cf8e2f,ppe_orig,oversample_vest2_ppe_train_image1131_c169cf8e2f,vest_oversample
99db759e545dc591e2c4f92eb6d6b774a40c6f18,ppe_train_image1134_84b90e9233,ppe_orig,oversample_vest1_oversample_vest1_oversample_vest1_ppe_train_image1134_84b90e9233,vest_oversample
99db759e545dc591e2c4f92eb6d6b774a40c6f18,ppe_train_image1134_84b90e9233,ppe_orig,oversample_vest1_oversample_vest1_oversample_vest2_ppe_train_image1134_84b90e9233,vest_oversample
99db759e545dc591e2c4f92eb6d6b774a40c6f18,ppe_train_image1134_84b90e9233,ppe_orig,oversample_vest1_oversample_vest1_ppe_train_image1134_84b90e9233,vest_oversample
99db759e545dc591e2c4f92eb6d6b774a40c6f18,ppe_train_image1134_84b90e9233,ppe_orig,oversample_vest1_oversample_vest2_oversample_vest1_ppe_train_image1134_84b90e9233,vest_oversample
99db759e545dc591e2c4f92eb6d6b774a40c6f18,ppe_train_image1134_84b90e9233,ppe_orig,oversample_vest1_oversample_vest2_oversample_vest2_ppe_train_image1134_84b90e9233,vest_oversample
99db759e545dc591e2c4f92eb6d6b774a40c6f18,ppe_train_image1134_84b90e9233,ppe_orig,oversample_vest1_oversample_vest2_ppe_train_image1134_84b90e9233,vest_oversample
99db759e545dc591e2c4f92eb6d6b774a40c6f18,ppe_train_image1134_84b90e9233,ppe_orig,oversample_vest1_ppe_train_image1134_84b90e9233,vest_oversample
99db759e545dc591e2c4f92eb6d6b774a40c6f18,ppe_train_image1134_84b90e9233,ppe_orig,oversample_vest2_oversample_vest1_oversample_vest1_ppe_train_image1134_84b90e9233,vest_oversample
99db759e545dc591e2c4f92eb6d6b774a40c6f18,ppe_train_image1134_84b90e9233,ppe_orig,oversample_vest2_oversample_vest1_oversample_vest2_ppe_train_image1134_84b90e9233,vest_oversample
99db759e545dc591e2c4f92eb6d6b774a40c6f18,ppe_train_image1134_84b90e9233,ppe_orig,oversample_vest2_oversample_vest1_ppe_train_image1134_84b90e9233,vest_oversample
99db759e545dc591e2c4f92eb6d6b774a40c6f18,ppe_train_image1134_84b90e9233,ppe_orig,oversample_vest2_oversample_vest2_oversample_vest1_ppe_train_image1134_84b90e9233,vest_oversample
99db759e545dc591e2c4f92eb6d6b774a40c6f18,ppe_train_image1134_84b90e9233,ppe_orig,oversample_vest2_oversample_vest2_oversample_vest2_ppe_train_image1134_84b90e9233,vest_oversample
99db759e545dc591e2c4f92eb6d6b774a40c6f18,ppe_train_image1134_84b90e9233,ppe_orig,oversample_vest2_oversample_vest2_ppe_train_image1134_84b90e9233,vest_oversample
99db759e545dc591e2c4f92eb6d6b774a40c6f18,ppe_train_image1134_84b90e9233,ppe_orig,oversample_vest2_ppe_train_image1134_84b90e9233,vest_oversample
ad441a548fbca4b643204b35b02755089108dac7,ppe_train_image1135_b737f9e7c8,ppe_orig,oversample_vest1_oversample_vest1_oversample_vest1_ppe_train_image1135_b737f9e7c8,vest_oversample
ad441a548fbca4b643204b35b02755089108dac7,ppe_train_image1135_b737f9e7c8,ppe_orig,oversample_vest1_oversample_vest1_oversample_vest2_ppe_train_image1135_b737f9e7c8,vest_oversample
ad441a548fbca4b643204b35b02755089108dac7,ppe_train_image1135_b737f9e7c8,ppe_orig,oversample_vest1_oversample_vest1_ppe_train_image1135_b737f9e7c8,vest_oversample
ad441a548fbca4b643204b35b02755089108dac7,ppe_train_image1135_b737f9e7c8,ppe_orig,oversample_vest1_oversample_vest2_oversample_vest1_ppe_train_image1135_b737f9e7c8,vest_oversample
ad441a548fbca4b643204b35b02755089108dac7,ppe_train_image1135_b737f9e7c8,ppe_orig,oversample_vest1_oversample_vest2_oversample_vest2_ppe_train_image1135_b737f9e7c8,vest_oversample
ad441a548fbca4b643204b35b02755089108dac7,ppe_train_image1135_b737f9e7c8,ppe_orig,oversample_vest1_oversample_vest2_ppe_train_image1135_b737f9e7c8,vest_oversample
ad441a548fbca4b643204b35b02755089108dac7,ppe_train_image1135_b737f9e7c8,ppe_orig,oversample_vest1_ppe_train_image1135_b737f9e7c8,vest_oversample
ad441a548fbca4b643204b35b02755089108dac7,ppe_train_image1135_b737f9e7c8,ppe_orig,oversample_vest2_oversample_vest1_oversample_vest1_ppe_train_image1135_b737f9e7c8,vest_oversample
ad441a548fbca4b643204b35b02755089108dac7,ppe_train_image1135_b737f9e7c8,ppe_orig,oversample_vest2_oversample_vest1_oversample_vest2_ppe_train_image1135_b737f9e7c8,vest_oversample
ad441a548fbca4b643204b35b02755089108dac7,ppe_train_image1135_b737f9e7c8,ppe_orig,oversample_vest2_oversample_vest1_ppe_train_image1135_b737f9e7c8,vest_oversample
ad441a548fbca4b643204b35b02755089108dac7,ppe_train_image1135_b737f9e7c8,ppe_orig,oversample_vest2_oversample_vest2_oversample_vest1_ppe_train_image1135_b737f9e7c8,vest_oversample
ad441a548fbca4b643204b35b02755089108dac7,ppe_train_image1135_b737f9e7c8,ppe_orig,oversample_vest2_oversample_vest2_oversample_vest2_ppe_train_image1135_b737f9e7c8,vest_oversample
ad441a548fbca4b643204b35b02755089108dac7,ppe_train_image1135_b737f9e7c8,ppe_orig,oversample_vest2_oversample_vest2_ppe_train_image1135_b737f9e7c8,vest_oversample
ad441a548fbca4b643204b35b02755089108dac7,ppe_train_image1135_b737f9e7c8,ppe_orig,oversample_vest2_ppe_train_image1135_b737f9e7c8,vest_oversample
1e3aa7491e631526f03eeb5c632bed925be36bcd,ppe_train_image1136_76912921f0,ppe_orig,oversample_vest1_oversample_vest1_oversample_vest1_ppe_train_image1136_76912921f0,vest_oversample
1e3aa7491e631526f03eeb5c632bed925be36bcd,ppe_train_image1136_76912921f0,ppe_orig,oversample_vest1_oversample_vest1_oversample_vest2_ppe_train_image1136_76912921f0,vest_oversample
1e3aa7491e631526f03eeb5c632bed925be36bcd,ppe_train_image1136_76912921f0,ppe_orig,oversample_vest1_oversample_vest1_ppe_train_image1136_76912921f0,vest_oversample
1e3aa7491e631526f03eeb5c632bed925be36bcd,ppe_train_image1136_76912921f0,ppe_orig,oversample_vest1_oversample_vest2_oversample_vest1_ppe_train_image1136_76912921f0,vest_oversample
1e3aa7491e631526f03eeb5c632bed925be36bcd,ppe_train_image1136_76912921f0,ppe_orig,oversample_vest1_oversample_vest2_oversample_vest2_ppe_train_image1136_76912921f0,vest_oversample
1e3aa7491e631526f03eeb5c632bed925be36bcd,ppe_train_image1136_76912921f0,ppe_orig,oversample_vest1_oversample_vest2_ppe_train_image1136_76912921f0,vest_oversample
1e3aa7491e631526f03eeb5c632bed925be36bcd,ppe_train_image1136_76912921f0,ppe_orig,oversample_vest1_ppe_train_image1136_76912921f0,vest_oversample
1e3aa7491e631526f03eeb5c632bed925be36bcd,ppe_train_image1136_76912921f0,ppe_orig,oversample_vest2_oversample_vest1_oversample_vest1_ppe_train_image1136_76912921f0,vest_oversample
1e3aa7491e631526f03eeb5c632bed925be36bcd,ppe_train_image1136_76912921f0,ppe_orig,oversample_vest2_oversample_vest1_oversample_vest2_ppe_train_image1136_76912921f0,vest_oversample
1e3aa7491e631526f03eeb5c632bed925be36bcd,ppe_train_image1136_76912921f0,ppe_orig,oversample_vest2_oversample_vest1_ppe_train_image1136_76912921f0,vest_oversample
1e3aa7491e631526f03eeb5c632bed925be36bcd,ppe_train_image1136_76912921f0,ppe_orig,oversample_vest2_oversample_vest2_oversample_vest1_ppe_train_image1136_76912921f0,vest_oversample
1e3aa7491e631526f03eeb5c632bed925be36bcd,ppe_train_image1136_76912921f0,ppe_orig,oversample_vest2_oversample_vest2_oversample_vest2_ppe_train_image1136_76912921f0,vest_oversample
1e3aa7491e631526f03eeb5c632bed925be36bcd,ppe_train_image1136_76912921f0,ppe_orig,oversample_vest2_oversample_vest2_ppe_train_image1136_76912921f0,vest_oversample
1e3aa7491e631526f03eeb5c632bed925be36bcd,ppe_train_image1136_76912921f0,ppe_orig,oversample_vest2_ppe_train_image1136_76912921f0,vest_oversample
d412e6a415aee1c176e05b23eb287f4baa71c7c2,ppe_train_image1138_234cd7a2d3,ppe_orig,oversample_vest1_oversample_vest1_oversample_vest1_ppe_train_image1138_234cd7a2d3,vest_oversample
d412e6a415aee1c176e05b23eb287f4baa71c7c2,ppe_train_image1138_234cd7a2d3,ppe_orig,oversample_vest1_oversample_vest1_oversample_vest2_ppe_train_image1138_234cd7a2d3,vest_oversample
d412e6a415aee1c176e05b23eb287f4baa71c7c2,ppe_train_image1138_234cd7a2d3,ppe_orig,oversample_vest1_oversample_vest1_ppe_train_image1138_234cd7a2d3,vest_oversample
d412e6a415aee1c176e05b23eb287f4baa71c7c2,ppe_train_image1138_234cd7a2d3,ppe_orig,oversample_vest1_oversample_vest2_oversample_vest1_ppe_train_image1138_234cd7a2d3,vest_oversample
d412e6a415aee1c176e05b23eb287f4baa71c7c2,ppe_train_image1138_234cd7a2d3,ppe_orig,oversample_vest1_oversample_vest2_oversample_vest2_ppe_train_image1138_234cd7a2d3,vest_oversample
d412e6a415aee1c176e05b23eb287f4baa71c7c2,ppe_train_image1138_234cd7a2d3,ppe_orig,oversample_vest1_oversample_vest2_ppe_train_image1138_234cd7a2d3,vest_oversample
d412e6a415aee1c176e05b23eb287f4baa71c7c2,ppe_train_image1138_234cd7a2d3,ppe_orig,oversample_vest1_ppe_train_image1138_234cd7a2d3,vest_oversample
d412e6a415aee1c176e05b23eb287f4baa71c7c2,ppe_train_image1138_234cd7a2d3,ppe_orig,oversample_vest2_oversample_vest1_oversample_vest1_ppe_train_image1138_234cd7a2d3,vest_oversample
d412e6a415aee1c176e05b23eb287f4baa71c7c2,ppe_train_image1138_234cd7a2d3,ppe_orig,oversample_vest2_oversample_vest1_oversample_vest2_ppe_train_image1138_234cd7a2d3,vest_oversample
d412e6a415aee1c176e05b23eb287f4baa71c7c2,ppe_train_image1138_234cd7a2d3,ppe_orig,oversample_vest2_oversample_vest1_ppe_train_image1138_234cd7a2d3,vest_oversample
d412e6a415aee1c176e05b23eb287f4baa71c7c2,ppe_train_image1138_234cd7a2d3,ppe_orig,oversample_vest2_oversample_vest2_oversample_vest1_ppe_train_image1138_234cd7a2d3,vest_oversample
d412e6a415aee1c176e05b23eb287f4baa71c7c2,ppe_train_image1138_234cd7a2d3,ppe_orig,oversample_vest2_oversample_vest2_oversample_vest2_ppe_train_image1138_234cd7a2d3,vest_oversample
d412e6a415aee1c176e05b23eb287f4baa71c7c2,ppe_train_image1138_234cd7a2d3,ppe_orig,oversample_vest2_oversample_vest2_ppe_train_image1138_234cd7a2d3,vest_oversample
d412e6a415aee1c176e05b23eb287f4baa71c7c2,ppe_train_image1138_234cd7a2d3,ppe_orig,oversample_vest2_ppe_train_image1138_234cd7a2d3,vest_oversample
f6105a3c4426e93a80d36217f6eceede766413c8,ppe_train_image1141_2987d3c381,ppe_orig,oversample_vest1_oversample_vest1_oversample_vest1_ppe_train_image1141_2987d3c381,vest_oversample
f6105a3c4426e93a80d36217f6eceede766413c8,ppe_train_image1141_2987d3c381,ppe_orig,oversample_vest1_oversample_vest1_oversample_vest2_ppe_train_image1141_2987d3c381,vest_oversample
f6105a3c4426e93a80d36217f6eceede766413c8,ppe_train_image1141_2987d3c381,ppe_orig,oversample_vest1_oversample_vest1_ppe_train_image1141_2987d3c381,vest_oversample
f6105a3c4426e93a80d36217f6eceede766413c8,ppe_train_image1141_2987d3c381,ppe_orig,oversample_vest1_oversample_vest2_oversample_vest1_ppe_train_image1141_2987d3c381,vest_oversample
f6105a3c4426e93a80d36217f6eceede766413c8,ppe_train_image1141_2987d3c381,ppe_orig,oversample_vest1_oversample_vest2_oversample_vest2_ppe_train_image1141_2987d3c381,vest_oversample
f6105a3c4426e93a80d36217f6eceede766413c8,ppe_train_image1141_2987d3c381,ppe_orig,oversample_vest1_oversample_vest2_ppe_train_image1141_2987d3c381,vest_oversample
f6105a3c4426e93a80d36217f6eceede766413c8,ppe_train_image1141_2987d3c381,ppe_orig,oversample_vest1_ppe_train_image1141_2987d3c381,vest_oversample
f6105a3c4426e93a80d36217f6eceede766413c8,ppe_train_image1141_2987d3c381,ppe_orig,oversample_vest2_oversample_vest1_oversample_vest1_ppe_train_image1141_2987d3c381,vest_oversample
f6105a3c4426e93a80d36217f6eceede766413c8,ppe_train_image1141_2987d3c381,ppe_orig,oversample_vest2_oversample_vest1_oversample_vest2_ppe_train_image1141_2987d3c381,vest_oversample
f6105a3c4426e93a80d36217f6eceede766413c8,ppe_train_image1141_2987d3c381,ppe_orig,oversample_vest2_oversample_vest1_ppe_train_image1141_2987d3c381,vest_oversample
f6105a3c4426e93a80d36217f6eceede766413c8,ppe_train_image1141_2987d3c381,ppe_orig,oversample_vest2_oversample_vest2_oversample_vest1_ppe_train_image1141_2987d3c381,vest_oversample
f6105a3c4426e93a80d36217f6eceede766413c8,ppe_train_image1141_2987d3c381,ppe_orig,oversample_vest2_oversample_vest2_oversample_vest2_ppe_train_image1141_2987d3c381,vest_oversample
f6105a3c4426e93a80d36217f6eceede766413c8,ppe_train_image1141_2987d3c381,ppe_orig,oversample_vest2_oversample_vest2_ppe_train_image1141_2987d3c381,vest_oversample
f6105a3c4426e93a80d36217f6eceede766413c8,ppe_train_image1141_2987d3c381,ppe_orig,oversample_vest2_ppe_train_image1141_2987d3c381,vest_oversample
fd65d6a9c55210173963747fe8e4c053dc7a3b76,ppe_train_image1142_b14aad4585,ppe_orig,oversample_vest1_oversample_vest1_oversample_vest1_ppe_train_image1142_b14aad4585,vest_oversample
fd65d6a9c55210173963747fe8e4c053dc7a3b76,ppe_train_image1142_b14aad4585,ppe_orig,oversample_vest1_oversample_vest1_oversample_vest2_ppe_train_image1142_b14aad4585,vest_oversample
fd65d6a9c55210173963747fe8e4c053dc7a3b76,ppe_train_image1142_b14aad4585,ppe_orig,oversample_vest1_oversample_vest1_ppe_train_image1142_b14aad4585,vest_oversample
fd65d6a9c55210173963747fe8e4c053dc7a3b76,ppe_train_image1142_b14aad4585,ppe_orig,oversample_vest1_oversample_vest2_oversample_vest1_ppe_train_image1142_b14aad4585,vest_oversample
fd65d6a9c55210173963747fe8e4c053dc7a3b76,ppe_train_image1142_b14aad4585,ppe_orig,oversample_vest1_oversample_vest2_oversample_vest2_ppe_train_image1142_b14aad4585,vest_oversample
fd65d6a9c55210173963747fe8e4c053dc7a3b76,ppe_train_image1142_b14aad4585,ppe_orig,oversample_vest1_oversample_vest2_ppe_train_image1142_b14aad4585,vest_oversample
fd65d6a9c55210173963747fe8e4c053dc7a3b76,ppe_train_image1142_b14aad4585,ppe_orig,oversample_vest1_ppe_train_image1142_b14aad4585,vest_oversample
fd65d6a9c55210173963747fe8e4c053dc7a3b76,ppe_train_image1142_b14aad4585,ppe_orig,oversample_vest2_oversample_vest1_oversample_vest1_ppe_train_image1142_b14aad4585,vest_oversample
fd65d6a9c55210173963747fe8e4c053dc7a3b76,ppe_train_image1142_b14aad4585,ppe_orig,oversample_vest2_oversample_vest1_oversample_vest2_ppe_train_image1142_b14aad4585,vest_oversample
fd65d6a9c55210173963747fe8e4c053dc7a3b76,ppe_train_image1142_b14aad4585,ppe_orig,oversample_vest2_oversample_vest1_ppe_train_image1142_b14aad4585,vest_oversample
fd65d6a9c55210173963747fe8e4c053dc7a3b76,ppe_train_image1142_b14aad4585,ppe_orig,oversample_vest2_oversample_vest2_oversample_vest1_ppe_train_image1142_b14aad4585,vest_oversample
fd65d6a9c55210173963747fe8e4c053dc7a3b76,ppe_train_image1142_b14aad4585,ppe_orig,oversample_vest2_oversample_vest2_oversample_vest2_ppe_train_image1142_b14aad4585,vest_oversample
fd65d6a9c55210173963747fe8e4c053dc7a3b76,ppe_train_image1142_b14aad4585,ppe_orig,oversample_vest2_oversample_vest2_ppe_train_image1142_b14aad4585,vest_oversample
fd65d6a9c55210173963747fe8e4c053dc7a3b76,ppe_train_image1142_b14aad4585,ppe_orig,oversample_vest2_ppe_train_image1142_b14aad4585,vest_oversample
76956687af07f5d9c1b54df96d211f036875f5fc,ppe_train_image1144_f2a8031437,ppe_orig,oversample_vest1_oversample_vest1_oversample_vest1_ppe_train_image1144_f2a8031437,vest_oversample
76956687af07f5d9c1b54df96d211f036875f5fc,ppe_train_image1144_f2a8031437,ppe_orig,oversample_vest1_oversample_vest1_oversample_vest2_ppe_train_image1144_f2a8031437,vest_oversample
76956687af07f5d9c1b54df96d211f036875f5fc,ppe_train_image1144_f2a8031437,ppe_orig,oversample_vest1_oversample_vest1_ppe_train_image1144_f2a8031437,vest_oversample
76956687af07f5d9c1b54df96d211f036875f5fc,ppe_train_image1144_f2a8031437,ppe_orig,oversample_vest1_oversample_vest2_oversample_vest1_ppe_train_image1144_f2a8031437,vest_oversample
76956687af07f5d9c1b54df96d211f036875f5fc,ppe_train_image1144_f2a8031437,ppe_orig,oversample_vest1_oversample_vest2_oversample_vest2_ppe_train_image1144_f2a8031437,vest_oversample
76956687af07f5d9c1b54df96d211f036875f5fc,ppe_train_image1144_f2a8031437,ppe_orig,oversample_vest1_oversample_vest2_ppe_train_image1144_f2a8031437,vest_oversample
76956687af07f5d9c1b54df96d211f036875f5fc,ppe_train_image1144_f2a8031437,ppe_orig,oversample_vest1_ppe_train_image1144_f2a8031437,vest_oversample
76956687af07f5d9c1b54df96d211f036875f5fc,ppe_train_image1144_f2a8031437,ppe_orig,oversample_vest2_oversample_vest1_oversample_vest1_ppe_train_image1144_f2a8031437,vest_oversample
76956687af07f5d9c1b54df96d211f036875f5fc,ppe_train_image1144_f2a8031437,ppe_orig,oversample_vest2_oversample_vest1_oversample_vest2_ppe_train_image1144_f2a8031437,vest_oversample
76956687af07f5d9c1b54df96d211f036875f5fc,ppe_train_image1144_f2a8031437,ppe_orig,oversample_vest2_oversample_vest1_ppe_train_image1144_f2a8031437,vest_oversample
76956687af07f5d9c1b54df96d211f036875f5fc,ppe_train_image1144_f2a8031437,ppe_orig,oversample_vest2_oversample_vest2_oversample_vest1_ppe_train_image1144_f2a8031437,vest_oversample
76956687af07f5d9c1b54df96d211f036875f5fc,ppe_train_image1144_f2a8031437,ppe_orig,oversample_vest2_oversample_vest2_oversample_vest2_ppe_train_image1144_f2a8031437,vest_oversample
76956687af07f5d9c1b54df96d211f036875f5fc,ppe_train_image1144_f2a8031437,ppe_orig,oversample_vest2_oversample_vest2_ppe_train_image1144_f2a8031437,vest_oversample
76956687af07f5d9c1b54df96d211f036875f5fc,ppe_train_image1144_f2a8031437,ppe_orig,oversample_vest2_ppe_train_image1144_f2a8031437,vest_oversample
85896bcb9f33b67fa0e29552066ea9722e731e2c,ppe_train_image1147_eda1fb96ff,ppe_orig,oversample_vest1_oversample_vest1_oversample_vest1_ppe_train_image1147_eda1fb96ff,vest_oversample
85896bcb9f33b67fa0e29552066ea9722e731e2c,ppe_train_image1147_eda1fb96ff,ppe_orig,oversample_vest1_oversample_vest1_oversample_vest2_ppe_train_image1147_eda1fb96ff,vest_oversample
85896bcb9f33b67fa0e29552066ea9722e731e2c,ppe_train_image1147_eda1fb96ff,ppe_orig,oversample_vest1_oversample_vest1_ppe_train_image1147_eda1fb96ff,vest_oversample
85896bcb9f33b67fa0e29552066ea9722e731e2c,ppe_train_image1147_eda1fb96ff,ppe_orig,oversample_vest1_oversample_vest2_oversample_vest1_ppe_train_image1147_eda1fb96ff,vest_oversample
85896bcb9f33b67fa0e29552066ea9722e731e2c,ppe_train_image1147_eda1fb96ff,ppe_orig,oversample_vest1_oversample_vest2_oversample_vest2_ppe_train_image1147_eda1fb96ff,vest_oversample
85896bcb9f33b67fa0e29552066ea9722e731e2c,ppe_train_image1147_eda1fb96ff,ppe_orig,oversample_vest1_oversample_vest2_ppe_train_image1147_eda1fb96ff,vest_oversample
85896bcb9f33b67fa0e29552066ea9722e731e2c,ppe_train_image1147_eda1fb96ff,ppe_orig,oversample_vest1_ppe_train_image1147_eda1fb96ff,vest_oversample
85896bcb9f33b67fa0e29552066ea9722e731e2c,ppe_train_image1147_eda1fb96ff,ppe_orig,oversample_vest2_oversample_vest1_oversample_vest1_ppe_train_image1147_eda1fb96ff,vest_oversample
85896bcb9f33b67fa0e29552066ea9722e731e2c,ppe_train_image1147_eda1fb96ff,ppe_orig,oversample_vest2_oversample_vest1_oversample_vest2_ppe_train_image1147_eda1fb96ff,vest_oversample
85896bcb9f33b67fa0e29552066ea9722e731e2c,ppe_train_image1147_eda1fb96ff,ppe_orig,oversample_vest2_oversample_vest1_ppe_train_image1147_eda1fb96ff,vest_oversample
85896bcb9f33b67fa0e29552066ea9722e731e2c,ppe_train_image1147_eda1fb96ff,ppe_orig,oversample_vest2_oversample_vest2_oversample_vest1_ppe_train_image1147_eda1fb96ff,vest_oversample
85896bcb9f33b67fa0e29552066ea9722e731e2c,ppe_train_image1147_eda1fb96ff,ppe_orig,oversample_vest2_oversample_vest2_oversample_vest2_ppe_train_image1147_eda1fb96ff,vest_oversample
85896bcb9f33b67fa0e29552066ea9722e731e2c,ppe_train_image1147_eda1fb96ff,ppe_orig,oversample_vest2_oversample_vest2_ppe_train_image1147_eda1fb96ff,vest_oversample
85896bcb9f33b67fa0e29552066ea9722e731e2c,ppe_train_image1147_eda1fb96ff,ppe_orig,oversample_vest2_ppe_train_image1147_eda1fb96ff,vest_oversample
d3280de8f28b2662a0d1c76a14f544db0e006a18,ppe_train_image1148_9c9a7d5f14,ppe_orig,oversample_vest1_oversample_vest1_oversample_vest1_ppe_train_image1148_9c9a7d5f14,vest_oversample
d3280de8f28b2662a0d1c76a14f544db0e006a18,ppe_train_image1148_9c9a7d5f14,ppe_orig,oversample_vest1_oversample_vest1_oversample_vest2_ppe_train_image1148_9c9a7d5f14,vest_oversample
d3280de8f28b2662a0d1c76a14f544db0e006a18,ppe_train_image1148_9c9a7d5f14,ppe_orig,oversample_vest1_oversample_vest1_ppe_train_image1148_9c9a7d5f14,vest_oversample
d3280de8f28b2662a0d1c76a14f544db0e006a18,ppe_train_image1148_9c9a7d5f14,ppe_orig,oversample_vest1_oversample_vest2_oversample_vest1_ppe_train_image1148_9c9a7d5f14,vest_oversample
d3280de8f28b2662a0d1c76a14f544db0e006a18,ppe_train_image1148_9c9a7d5f14,ppe_orig,oversample_vest1_oversample_vest2_oversample_vest2_ppe_train_image1148_9c9a7d5f14,vest_oversample
d3280de8f28b2662a0d1c76a14f544db0e006a18,ppe_train_image1148_9c9a7d5f14,ppe_orig,oversample_vest1_oversample_vest2_ppe_train_image1148_9c9a7d5f14,vest_oversample
d3280de8f28b2662a0d1c76a14f544db0e006a18,ppe_train_image1148_9c9a7d5f14,ppe_orig,oversample_vest1_ppe_train_image1148_9c9a7d5f14,vest_oversample
d3280de8f28b2662a0d1c76a14f544db0e006a18,ppe_train_image1148_9c9a7d5f14,ppe_orig,oversample_vest2_oversample_vest1_oversample_vest1_ppe_train_image1148_9c9a7d5f14,vest_oversample
d3280de8f28b2662a0d1c76a14f544db0e006a18,ppe_train_image1148_9c9a7d5f14,ppe_orig,oversample_vest2_oversample_vest1_oversample_vest2_ppe_train_image1148_9c9a7d5f14,vest_oversample
d3280de8f28b2662a0d1c76a14f544db0e006a18,ppe_train_image1148_9c9a7d5f14,ppe_orig,oversample_vest2_oversample_vest1_ppe_train_image1148_9c9a7d5f14,vest_oversample
d3280de8f28b2662a0d1c76a14f544db0e006a18,ppe_train_image1148_9c9a7d5f14,ppe_orig,oversample_vest2_oversample_vest2_oversample_vest1_ppe_train_image1148_9c9a7d5f14,vest_oversample
d3280de8f28b2662a0d1c76a14f544db0e006a18,ppe_train_image1148_9c9a7d5f14,ppe_orig,oversample_vest2_oversample_vest2_oversample_vest2_ppe_train_image1148_9c9a7d5f14,vest_oversample
d3280de8f28b2662a0d1c76a14f544db0e006a18,ppe_train_image1148_9c9a7d5f14,ppe_orig,oversample_vest2_oversample_vest2_ppe_train_image1148_9c9a7d5f14,vest_oversample
d3280de8f28b2662a0d1c76a14f544db0e006a18,ppe_train_image1148_9c9a7d5f14,ppe_orig,oversample_vest2_ppe_train_image1148_9c9a7d5f14,vest_oversample
ceb33eb9f9a43e8dd21ec4b1975947f11a32669d,ppe_train_image1149_d4d2e85c1b,ppe_orig,oversample_vest1_oversample_vest1_oversample_vest1_ppe_train_image1149_d4d2e85c1b,vest_oversample
ceb33eb9f9a43e8dd21ec4b1975947f11a32669d,ppe_train_image1149_d4d2e85c1b,ppe_orig,oversample_vest1_oversample_vest1_oversample_vest2_ppe_train_image1149_d4d2e85c1b,vest_oversample
ceb33eb9f9a43e8dd21ec4b1975947f11a32669d,ppe_train_image1149_d4d2e85c1b,ppe_orig,oversample_vest1_oversample_vest1_ppe_train_image1149_d4d2e85c1b,vest_oversample
ceb33eb9f9a43e8dd21ec4b1975947f11a32669d,ppe_train_image1149_d4d2e85c1b,ppe_orig,oversample_vest1_oversample_vest2_oversample_vest1_ppe_train_image1149_d4d2e85c1b,vest_oversample
ceb33eb9f9a43e8dd21ec4b1975947f11a32669d,ppe_train_image1149_d4d2e85c1b,ppe_orig,oversample_vest1_oversample_vest2_oversample_vest2_ppe_train_image1149_d4d2e85c1b,vest_oversample
ceb33eb9f9a43e8dd21ec4b1975947f11a32669d,ppe_train_image1149_d4d2e85c1b,ppe_orig,oversample_vest1_oversample_vest2_ppe_train_image1149_d4d2e85c1b,vest_oversample
ceb33eb9f9a43e8dd21ec4b1975947f11a32669d,ppe_train_image1149_d4d2e85c1b,ppe_orig,oversample_vest1_ppe_train_image1149_d4d2e85c1b,vest_oversample
ceb33eb9f9a43e8dd21ec4b1975947f11a32669d,ppe_train_image1149_d4d2e85c1b,ppe_orig,oversample_vest2_oversample_vest1_oversample_vest1_ppe_train_image1149_d4d2e85c1b,vest_oversample
ceb33eb9f9a43e8dd21ec4b1975947f11a32669d,ppe_train_image1149_d4d2e85c1b,ppe_orig,oversample_vest2_oversample_vest1_oversample_vest2_ppe_train_image1149_d4d2e85c1b,vest_oversample
ceb33eb9f9a43e8dd21ec4b1975947f11a32669d,ppe_train_image1149_d4d2e85c1b,ppe_orig,oversample_vest2_oversample_vest1_ppe_train_image1149_d4d2e85c1b,vest_oversample
ceb33eb9f9a43e8dd21ec4b1975947f11a32669d,ppe_train_image1149_d4d2e85c1b,ppe_orig,oversample_vest2_oversample_vest2_oversample_vest1_ppe_train_image1149_d4d2e85c1b,vest_oversample
ceb33eb9f9a43e8dd21ec4b1975947f11a32669d,ppe_train_image1149_d4d2e85c1b,ppe_orig,oversample_vest2_oversample_vest2_oversample_vest2_ppe_train_image1149_d4d2e85c1b,vest_oversample
ceb33eb9f9a43e8dd21ec4b1975947f11a32669d,ppe_train_image1149_d4d2e85c1b,ppe_orig,oversample_vest2_oversample_vest2_ppe_train_image1149_d4d2e85c1b,vest_oversample
ceb33eb9f9a43e8dd21ec4b1975947f11a32669d,ppe_train_image1149_d4d2e85c1b,ppe_orig,oversample_vest2_ppe_train_image1149_d4d2e85c1b,vest_oversample
cafc733a4297376dd90391f08dd07c1733726440,ppe_train_image1150_8f529ec5cf,ppe_orig,oversample_vest1_oversample_vest1_oversample_vest1_ppe_train_image1150_8f529ec5cf,vest_oversample
cafc733a4297376dd90391f08dd07c1733726440,ppe_train_image1150_8f529ec5cf,ppe_orig,oversample_vest1_oversample_vest1_oversample_vest2_ppe_train_image1150_8f529ec5cf,vest_oversample
cafc733a4297376dd90391f08dd07c1733726440,ppe_train_image1150_8f529ec5cf,ppe_orig,oversample_vest1_oversample_vest1_ppe_train_image1150_8f529ec5cf,vest_oversample
cafc733a4297376dd90391f08dd07c1733726440,ppe_train_image1150_8f529ec5cf,ppe_orig,oversample_vest1_oversample_vest2_oversample_vest1_ppe_train_image1150_8f529ec5cf,vest_oversample
cafc733a4297376dd90391f08dd07c1733726440,ppe_train_image1150_8f529ec5cf,ppe_orig,oversample_vest1_oversample_vest2_oversample_vest2_ppe_train_image1150_8f529ec5cf,vest_oversample
cafc733a4297376dd90391f08dd07c1733726440,ppe_train_image1150_8f529ec5cf,ppe_orig,oversample_vest1_oversample_vest2_ppe_train_image1150_8f529ec5cf,vest_oversample
cafc733a4297376dd90391f08dd07c1733726440,ppe_train_image1150_8f529ec5cf,ppe_orig,oversample_vest1_ppe_train_image1150_8f529ec5cf,vest_oversample
cafc733a4297376dd90391f08dd07c1733726440,ppe_train_image1150_8f529ec5cf,ppe_orig,oversample_vest2_oversample_vest1_oversample_vest1_ppe_train_image1150_8f529ec5cf,vest_oversample
cafc733a4297376dd90391f08dd07c1733726440,ppe_train_image1150_8f529ec5cf,ppe_orig,oversample_vest2_oversample_vest1_oversample_vest2_ppe_train_image1150_8f529ec5cf,vest_oversample
cafc733a4297376dd90391f08dd07c1733726440,ppe_train_image1150_8f529ec5cf,ppe_orig,oversample_vest2_oversample_vest1_ppe_train_image1150_8f529ec5cf,vest_oversample
cafc733a4297376dd90391f08dd07c1733726440,ppe_train_image1150_8f529ec5cf,ppe_orig,oversample_vest2_oversample_vest2_oversample_vest1_ppe_train_image1150_8f529ec5cf,vest_oversample
cafc733a4297376dd90391f08dd07c1733726440,ppe_train_image1150_8f529ec5cf,ppe_orig,oversample_vest2_oversample_vest2_oversample_vest2_ppe_train_image1150_8f529ec5cf,vest_oversample
cafc733a4297376dd90391f08dd07c1733726440,ppe_train_image1150_8f529ec5cf,ppe_orig,oversample_vest2_oversample_vest2_ppe_train_image1150_8f529ec5cf,vest_oversample
cafc733a4297376dd90391f08dd07c1733726440,ppe_train_image1150_8f529ec5cf,ppe_orig,oversample_vest2_ppe_train_image1150_8f529ec5cf,vest_oversample
f46981d69c8ac40294d612c0ae0031743926fa63,ppe_train_image1153_19dbad668f,ppe_orig,oversample_vest1_oversample_vest1_oversample_vest1_ppe_train_image1153_19dbad668f,vest_oversample
f46981d69c8ac40294d612c0ae0031743926fa63,ppe_train_image1153_19dbad668f,ppe_orig,oversample_vest1_oversample_vest1_oversample_vest2_ppe_train_image1153_19dbad668f,vest_oversample
f46981d69c8ac40294d612c0ae0031743926fa63,ppe_train_image1153_19dbad668f,ppe_orig,oversample_vest1_oversample_vest1_ppe_train_image1153_19dbad668f,vest_oversample
f46981d69c8ac40294d612c0ae0031743926fa63,ppe_train_image1153_19dbad668f,ppe_orig,oversample_vest1_oversample_vest2_oversample_vest1_ppe_train_image1153_19dbad668f,vest_oversample
f46981d69c8ac40294d612c0ae0031743926fa63,ppe_train_image1153_19dbad668f,ppe_orig,oversample_vest1_oversample_vest2_oversample_vest2_ppe_train_image1153_19dbad668f,vest_oversample
f46981d69c8ac40294d612c0ae0031743926fa63,ppe_train_image1153_19dbad668f,ppe_orig,oversample_vest1_oversample_vest2_ppe_train_image1153_19dbad668f,vest_oversample
f46981d69c8ac40294d612c0ae0031743926fa63,ppe_train_image1153_19dbad668f,ppe_orig,oversample_vest1_ppe_train_image1153_19dbad668f,vest_oversample
f46981d69c8ac40294d612c0ae0031743926fa63,ppe_train_image1153_19dbad668f,ppe_orig,oversample_vest2_oversample_vest1_oversample_vest1_ppe_train_image1153_19dbad668f,vest_oversample
f46981d69c8ac40294d612c0ae0031743926fa63,ppe_train_image1153_19dbad668f,ppe_orig,oversample_vest2_oversample_vest1_oversample_vest2_ppe_train_image1153_19dbad668f,vest_oversample
f46981d69c8ac40294d612c0ae0031743926fa63,ppe_train_image1153_19dbad668f,ppe_orig,oversample_vest2_oversample_vest1_ppe_train_image1153_19dbad668f,vest_oversample
f46981d69c8ac40294d612c0ae0031743926fa63,ppe_train_image1153_19dbad668f,ppe_orig,oversample_vest2_oversample_vest2_oversample_vest1_ppe_train_image1153_19dbad668f,vest_oversample
f46981d69c8ac40294d612c0ae0031743926fa63,ppe_train_image1153_19dbad668f,ppe_orig,oversample_vest2_oversample_vest2_oversample_vest2_ppe_train_image1153_19dbad668f,vest_oversample
f46981d69c8ac40294d612c0ae0031743926fa63,ppe_train_image1153_19dbad668f,ppe_orig,oversample_vest2_oversample_vest2_ppe_train_image1153_19dbad668f,vest_oversample
f46981d69c8ac40294d612c0ae0031743926fa63,ppe_train_image1153_19dbad668f,ppe_orig,oversample_vest2_ppe_train_image1153_19dbad668f,vest_oversample
76bb7c747032b8bed2ab887838e765ee7cdeb1a9,ppe_train_image1154_ca335f4661,ppe_orig,oversample_vest1_oversample_vest1_oversample_vest1_ppe_train_image1154_ca335f4661,vest_oversample
76bb7c747032b8bed2ab887838e765ee7cdeb1a9,ppe_train_image1154_ca335f4661,ppe_orig,oversample_vest1_oversample_vest1_oversample_vest2_ppe_train_image1154_ca335f4661,vest_oversample
76bb7c747032b8bed2ab887838e765ee7cdeb1a9,ppe_train_image1154_ca335f4661,ppe_orig,oversample_vest1_oversample_vest1_ppe_train_image1154_ca335f4661,vest_oversample
76bb7c747032b8bed2ab887838e765ee7cdeb1a9,ppe_train_image1154_ca335f4661,ppe_orig,oversample_vest1_oversample_vest2_oversample_vest1_ppe_train_image1154_ca335f4661,vest_oversample
76bb7c747032b8bed2ab887838e765ee7cdeb1a9,ppe_train_image1154_ca335f4661,ppe_orig,oversample_vest1_oversample_vest2_oversample_vest2_ppe_train_image1154_ca335f4661,vest_oversample
76bb7c747032b8bed2ab887838e765ee7cdeb1a9,ppe_train_image1154_ca335f4661,ppe_orig,oversample_vest1_oversample_vest2_ppe_train_image1154_ca335f4661,vest_oversample
76bb7c747032b8bed2ab887838e765ee7cdeb1a9,ppe_train_image1154_ca335f4661,ppe_orig,oversample_vest1_ppe_train_image1154_ca335f4661,vest_oversample
76bb7c747032b8bed2ab887838e765ee7cdeb1a9,ppe_train_image1154_ca335f4661,ppe_orig,oversample_vest2_oversample_vest1_oversample_vest1_ppe_train_image1154_ca335f4661,vest_oversample
76bb7c747032b8bed2ab887838e765ee7cdeb1a9,ppe_train_image1154_ca335f4661,ppe_orig,oversample_vest2_oversample_vest1_oversample_vest2_ppe_train_image1154_ca335f4661,vest_oversample
76bb7c747032b8bed2ab887838e765ee7cdeb1a9,ppe_train_image1154_ca335f4661,ppe_orig,oversample_vest2_oversample_vest1_ppe_train_image1154_ca335f4661,vest_oversample
76bb7c747032b8bed2ab887838e765ee7cdeb1a9,ppe_train_image1154_ca335f4661,ppe_orig,oversample_vest2_oversample_vest2_oversample_vest1_ppe_train_image1154_ca335f4661,vest_oversample
76bb7c747032b8bed2ab887838e765ee7cdeb1a9,ppe_train_image1154_ca335f4661,ppe_orig,oversample_vest2_oversample_vest2_oversample_vest2_ppe_train_image1154_ca335f4661,vest_oversample
76bb7c747032b8bed2ab887838e765ee7cdeb1a9,ppe_train_image1154_ca335f4661,ppe_orig,oversample_vest2_oversample_vest2_ppe_train_image1154_ca335f4661,vest_oversample
76bb7c747032b8bed2ab887838e765ee7cdeb1a9,ppe_train_image1154_ca335f4661,ppe_orig,oversample_vest2_ppe_train_image1154_ca335f4661,vest_oversample
3d9570d0a278be6b9b38902ee644c38c95f8b595,ppe_train_image1155_02b4673053,ppe_orig,oversample_vest1_oversample_vest1_oversample_vest1_ppe_train_image1155_02b4673053,vest_oversample
3d9570d0a278be6b9b38902ee644c38c95f8b595,ppe_train_image1155_02b4673053,ppe_orig,oversample_vest1_oversample_vest1_oversample_vest2_ppe_train_image1155_02b4673053,vest_oversample
3d9570d0a278be6b9b38902ee644c38c95f8b595,ppe_train_image1155_02b4673053,ppe_orig,oversample_vest1_oversample_vest1_ppe_train_image1155_02b4673053,vest_oversample
3d9570d0a278be6b9b38902ee644c38c95f8b595,ppe_train_image1155_02b4673053,ppe_orig,oversample_vest1_oversample_vest2_oversample_vest1_ppe_train_image1155_02b4673053,vest_oversample
3d9570d0a278be6b9b38902ee644c38c95f8b595,ppe_train_image1155_02b4673053,ppe_orig,oversample_vest1_oversample_vest2_oversample_vest2_ppe_train_image1155_02b4673053,vest_oversample
3d9570d0a278be6b9b38902ee644c38c95f8b595,ppe_train_image1155_02b4673053,ppe_orig,oversample_vest1_oversample_vest2_ppe_train_image1155_02b4673053,vest_oversample
3d9570d0a278be6b9b38902ee644c38c95f8b595,ppe_train_image1155_02b4673053,ppe_orig,oversample_vest1_ppe_train_image1155_02b4673053,vest_oversample
3d9570d0a278be6b9b38902ee644c38c95f8b595,ppe_train_image1155_02b4673053,ppe_orig,oversample_vest2_oversample_vest1_oversample_vest1_ppe_train_image1155_02b4673053,vest_oversample
3d9570d0a278be6b9b38902ee644c38c95f8b595,ppe_train_image1155_02b4673053,ppe_orig,oversample_vest2_oversample_vest1_oversample_vest2_ppe_train_image1155_02b4673053,vest_oversample
3d9570d0a278be6b9b38902ee644c38c95f8b595,ppe_train_image1155_02b4673053,ppe_orig,oversample_vest2_oversample_vest1_ppe_train_image1155_02b4673053,vest_oversample
3d9570d0a278be6b9b38902ee644c38c95f8b595,ppe_train_image1155_02b4673053,ppe_orig,oversample_vest2_oversample_vest2_oversample_vest1_ppe_train_image1155_02b4673053,vest_oversample
3d9570d0a278be6b9b38902ee644c38c95f8b595,ppe_train_image1155_02b4673053,ppe_orig,oversample_vest2_oversample_vest2_oversample_vest2_ppe_train_image1155_02b4673053,vest_oversample
3d9570d0a278be6b9b38902ee644c38c95f8b595,ppe_train_image1155_02b4673053,ppe_orig,oversample_vest2_oversample_vest2_ppe_train_image1155_02b4673053,vest_oversample
3d9570d0a278be6b9b38902ee644c38c95f8b595,ppe_train_image1155_02b4673053,ppe_orig,oversample_vest2_ppe_train_image1155_02b4673053,vest_oversample
6851c9afb732bd9da3393a37bfbac76f03d0b2e5,ppe_train_image1156_2fffca5e91,ppe_orig,oversample_vest1_oversample_vest1_oversample_vest1_ppe_train_image1156_2fffca5e91,vest_oversample
6851c9afb732bd9da3393a37bfbac76f03d0b2e5,ppe_train_image1156_2fffca5e91,ppe_orig,oversample_vest1_oversample_vest1_oversample_vest2_ppe_train_image1156_2fffca5e91,vest_oversample
6851c9afb732bd9da3393a37bfbac76f03d0b2e5,ppe_train_image1156_2fffca5e91,ppe_orig,oversample_vest1_oversample_vest1_ppe_train_image1156_2fffca5e91,vest_oversample
6851c9afb732bd9da3393a37bfbac76f03d0b2e5,ppe_train_image1156_2fffca5e91,ppe_orig,oversample_vest1_oversample_vest2_oversample_vest1_ppe_train_image1156_2fffca5e91,vest_oversample
6851c9afb732bd9da3393a37bfbac76f03d0b2e5,ppe_train_image1156_2fffca5e91,ppe_orig,oversample_vest1_oversample_vest2_oversample_vest2_ppe_train_image1156_2fffca5e91,vest_oversample
6851c9afb732bd9da3393a37bfbac76f03d0b2e5,ppe_train_image1156_2fffca5e91,ppe_orig,oversample_vest1_oversample_vest2_ppe_train_image1156_2fffca5e91,vest_oversample
6851c9afb732bd9da3393a37bfbac76f03d0b2e5,ppe_train_image1156_2fffca5e91,ppe_orig,oversample_vest1_ppe_train_image1156_2fffca5e91,vest_oversample
6851c9afb732bd9da3393a37bfbac76f03d0b2e5,ppe_train_image1156_2fffca5e91,ppe_orig,oversample_vest2_oversample_vest1_oversample_vest1_ppe_train_image1156_2fffca5e91,vest_oversample
6851c9afb732bd9da3393a37bfbac76f03d0b2e5,ppe_train_image1156_2fffca5e91,ppe_orig,oversample_vest2_oversample_vest1_oversample_vest2_ppe_train_image1156_2fffca5e91,vest_oversample
6851c9afb732bd9da3393a37bfbac76f03d0b2e5,ppe_train_image1156_2fffca5e91,ppe_orig,oversample_vest2_oversample_vest1_ppe_train_image1156_2fffca5e91,vest_oversample
6851c9afb732bd9da3393a37bfbac76f03d0b2e5,ppe_train_image1156_2fffca5e91,ppe_orig,oversample_vest2_oversample_vest2_oversample_vest1_ppe_train_image1156_2fffca5e91,vest_oversample
6851c9afb732bd9da3393a37bfbac76f03d0b2e5,ppe_train_image1156_2fffca5e91,ppe_orig,oversample_vest2_oversample_vest2_oversample_vest2_ppe_train_image1156_2fffca5e91,vest_oversample
6851c9afb732bd9da3393a37bfbac76f03d0b2e5,ppe_train_image1156_2fffca5e91,ppe_orig,oversample_vest2_oversample_vest2_ppe_train_image1156_2fffca5e91,vest_oversample
6851c9afb732bd9da3393a37bfbac76f03d0b2e5,ppe_train_image1156_2fffca5e91,ppe_orig,oversample_vest2_ppe_train_image1156_2fffca5e91,vest_oversample
c72acf4bbd91b3e71891460c5fb4697f1df40c14,ppe_train_image1157_89c25b7f13,ppe_orig,oversample_vest1_oversample_vest1_oversample_vest1_ppe_train_image1157_89c25b7f13,vest_oversample
c72acf4bbd91b3e71891460c5fb4697f1df40c14,ppe_train_image1157_89c25b7f13,ppe_orig,oversample_vest1_oversample_vest1_oversample_vest2_ppe_train_image1157_89c25b7f13,vest_oversample
c72acf4bbd91b3e71891460c5fb4697f1df40c14,ppe_train_image1157_89c25b7f13,ppe_orig,oversample_vest1_oversample_vest1_ppe_train_image1157_89c25b7f13,vest_oversample
c72acf4bbd91b3e71891460c5fb4697f1df40c14,ppe_train_image1157_89c25b7f13,ppe_orig,oversample_vest1_oversample_vest2_oversample_vest1_ppe_train_image1157_89c25b7f13,vest_oversample
c72acf4bbd91b3e71891460c5fb4697f1df40c14,ppe_train_image1157_89c25b7f13,ppe_orig,oversample_vest1_oversample_vest2_oversample_vest2_ppe_train_image1157_89c25b7f13,vest_oversample
c72acf4bbd91b3e71891460c5fb4697f1df40c14,ppe_train_image1157_89c25b7f13,ppe_orig,oversample_vest1_oversample_vest2_ppe_train_image1157_89c25b7f13,vest_oversample
c72acf4bbd91b3e71891460c5fb4697f1df40c14,ppe_train_image1157_89c25b7f13,ppe_orig,oversample_vest1_ppe_train_image1157_89c25b7f13,vest_oversample
c72acf4bbd91b3e71891460c5fb4697f1df40c14,ppe_train_image1157_89c25b7f13,ppe_orig,oversample_vest2_oversample_vest1_oversample_vest1_ppe_train_image1157_89c25b7f13,vest_oversample
c72acf4bbd91b3e71891460c5fb4697f1df40c14,ppe_train_image1157_89c25b7f13,ppe_orig,oversample_vest2_oversample_vest1_oversample_vest2_ppe_train_image1157_89c25b7f13,vest_oversample
c72acf4bbd91b3e71891460c5fb4697f1df40c14,ppe_train_image1157_89c25b7f13,ppe_orig,oversample_vest2_oversample_vest1_ppe_train_image1157_89c25b7f13,vest_oversample
c72acf4bbd91b3e71891460c5fb4697f1df40c14,ppe_train_image1157_89c25b7f13,ppe_orig,oversample_vest2_oversample_vest2_oversample_vest1_ppe_train_image1157_89c25b7f13,vest_oversample
c72acf4bbd91b3e71891460c5fb4697f1df40c14,ppe_train_image1157_89c25b7f13,ppe_orig,oversample_vest2_oversample_vest2_oversample_vest2_ppe_train_image1157_89c25b7f13,vest_oversample
c72acf4bbd91b3e71891460c5fb4697f1df40c14,ppe_train_image1157_89c25b7f13,ppe_orig,oversample_vest2_oversample_vest2_ppe_train_image1157_89c25b7f13,vest_oversample
c72acf4bbd91b3e71891460c5fb4697f1df40c14,ppe_train_image1157_89c25b7f13,ppe_orig,oversample_vest2_ppe_train_image1157_89c25b7f13,vest_oversample
27cfb89194ddb3e0bc4b7413f42057f007586acc,ppe_train_image1158_80eb790911,ppe_orig,oversample_vest1_oversample_vest1_oversample_vest1_ppe_train_image1158_80eb790911,vest_oversample
27cfb89194ddb3e0bc4b7413f42057f007586acc,ppe_train_image1158_80eb790911,ppe_orig,oversample_vest1_oversample_vest1_oversample_vest2_ppe_train_image1158_80eb790911,vest_oversample
27cfb89194ddb3e0bc4b7413f42057f007586acc,ppe_train_image1158_80eb790911,ppe_orig,oversample_vest1_oversample_vest1_ppe_train_image1158_80eb790911,vest_oversample
27cfb89194ddb3e0bc4b7413f42057f007586acc,ppe_train_image1158_80eb790911,ppe_orig,oversample_vest1_oversample_vest2_oversample_vest1_ppe_train_image1158_80eb790911,vest_oversample
27cfb89194ddb3e0bc4b7413f42057f007586acc,ppe_train_image1158_80eb790911,ppe_orig,oversample_vest1_oversample_vest2_oversample_vest2_ppe_train_image1158_80eb790911,vest_oversample
27cfb89194ddb3e0bc4b7413f42057f007586acc,ppe_train_image1158_80eb790911,ppe_orig,oversample_vest1_oversample_vest2_ppe_train_image1158_80eb790911,vest_oversample
27cfb89194ddb3e0bc4b7413f42057f007586acc,ppe_train_image1158_80eb790911,ppe_orig,oversample_vest1_ppe_train_image1158_80eb790911,vest_oversample
27cfb89194ddb3e0bc4b7413f42057f007586acc,ppe_train_image1158_80eb790911,ppe_orig,oversample_vest2_oversample_vest1_oversample_vest1_ppe_train_image1158_80eb790911,vest_oversample
27cfb89194ddb3e0bc4b7413f42057f007586acc,ppe_train_image1158_80eb790911,ppe_orig,oversample_vest2_oversample_vest1_oversample_vest2_ppe_train_image1158_80eb790911,vest_oversample
27cfb89194ddb3e0bc4b7413f42057f007586acc,ppe_train_image1158_80eb790911,ppe_orig,oversample_vest2_oversample_vest1_ppe_train_image1158_80eb790911,vest_oversample
27cfb89194ddb3e0bc4b7413f42057f007586acc,ppe_train_image1158_80eb790911,ppe_orig,oversample_vest2_oversample_vest2_oversample_vest1_ppe_train_image1158_80eb790911,vest_oversample
27cfb89194ddb3e0bc4b7413f42057f007586acc,ppe_train_image1158_80eb790911,ppe_orig,oversample_vest2_oversample_vest2_oversample_vest2_ppe_train_image1158_80eb790911,vest_oversample
27cfb89194ddb3e0bc4b7413f42057f007586acc,ppe_train_image1158_80eb790911,ppe_orig,oversample_vest2_oversample_vest2_ppe_train_image1158_80eb790911,vest_oversample
27cfb89194ddb3e0bc4b7413f42057f007586acc,ppe_train_image1158_80eb790911,ppe_orig,oversample_vest2_ppe_train_image1158_80eb790911,vest_oversample
2a5e08fd4b059fd0a180c665f2e8d9e40900f652,ppe_train_image1159_4b5b6021ff,ppe_orig,oversample_vest1_oversample_vest1_oversample_vest1_ppe_train_image1159_4b5b6021ff,vest_oversample
2a5e08fd4b059fd0a180c665f2e8d9e40900f652,ppe_train_image1159_4b5b6021ff,ppe_orig,oversample_vest1_oversample_vest1_oversample_vest2_ppe_train_image1159_4b5b6021ff,vest_oversample
2a5e08fd4b059fd0a180c665f2e8d9e40900f652,ppe_train_image1159_4b5b6021ff,ppe_orig,oversample_vest1_oversample_vest1_ppe_train_image1159_4b5b6021ff,vest_oversample
2a5e08fd4b059fd0a180c665f2e8d9e40900f652,ppe_train_image1159_4b5b6021ff,ppe_orig,oversample_vest1_oversample_vest2_oversample_vest1_ppe_train_image1159_4b5b6021ff,vest_oversample
2a5e08fd4b059fd0a180c665f2e8d9e40900f652,ppe_train_image1159_4b5b6021ff,ppe_orig,oversample_vest1_oversample_vest2_oversample_vest2_ppe_train_image1159_4b5b6021ff,vest_oversample
2a5e08fd4b059fd0a180c665f2e8d9e40900f652,ppe_train_image1159_4b5b6021ff,ppe_orig,oversample_vest1_oversample_vest2_ppe_train_image1159_4b5b6021ff,vest_oversample
2a5e08fd4b059fd0a180c665f2e8d9e40900f652,ppe_train_image1159_4b5b6021ff,ppe_orig,oversample_vest1_ppe_train_image1159_4b5b6021ff,vest_oversample
2a5e08fd4b059fd0a180c665f2e8d9e40900f652,ppe_train_image1159_4b5b6021ff,ppe_orig,oversample_vest2_oversample_vest1_oversample_vest1_ppe_train_image1159_4b5b6021ff,vest_oversample
2a5e08fd4b059fd0a180c665f2e8d9e40900f652,ppe_train_image1159_4b5b6021ff,ppe_orig,oversample_vest2_oversample_vest1_oversample_vest2_ppe_train_image1159_4b5b6021ff,vest_oversample
2a5e08fd4b059fd0a180c665f2e8d9e40900f652,ppe_train_image1159_4b5b6021ff,ppe_orig,oversample_vest2_oversample_vest1_ppe_train_image1159_4b5b6021ff,vest_oversample
2a5e08fd4b059fd0a180c665f2e8d9e40900f652,ppe_train_image1159_4b5b6021ff,ppe_orig,oversample_vest2_oversample_vest2_oversample_vest1_ppe_train_image1159_4b5b6021ff,vest_oversample
2a5e08fd4b059fd0a180c665f2e8d9e40900f652,ppe_train_image1159_4b5b6021ff,ppe_orig,oversample_vest2_oversample_vest2_oversample_vest2_ppe_train_image1159_4b5b6021ff,vest_oversample
2a5e08fd4b059fd0a180c665f2e8d9e40900f652,ppe_train_image1159_4b5b6021ff,ppe_orig,oversample_vest2_oversample_vest2_ppe_train_image1159_4b5b6021ff,vest_oversample
2a5e08fd4b059fd0a180c665f2e8d9e40900f652,ppe_train_image1159_4b5b6021ff,ppe_orig,oversample_vest2_ppe_train_image1159_4b5b6021ff,vest_oversample
4dbe74c9c771a75a3cf61141032013ccca52e5d6,ppe_train_image1160_eaa22d296f,ppe_orig,oversample_vest1_oversample_vest1_oversample_vest1_ppe_train_image1160_eaa22d296f,vest_oversample
4dbe74c9c771a75a3cf61141032013ccca52e5d6,ppe_train_image1160_eaa22d296f,ppe_orig,oversample_vest1_oversample_vest1_oversample_vest2_ppe_train_image1160_eaa22d296f,vest_oversample
4dbe74c9c771a75a3cf61141032013ccca52e5d6,ppe_train_image1160_eaa22d296f,ppe_orig,oversample_vest1_oversample_vest1_ppe_train_image1160_eaa22d296f,vest_oversample
4dbe74c9c771a75a3cf61141032013ccca52e5d6,ppe_train_image1160_eaa22d296f,ppe_orig,oversample_vest1_oversample_vest2_oversample_vest1_ppe_train_image1160_eaa22d296f,vest_oversample
4dbe74c9c771a75a3cf61141032013ccca52e5d6,ppe_train_image1160_eaa22d296f,ppe_orig,oversample_vest1_oversample_vest2_oversample_vest2_ppe_train_image1160_eaa22d296f,vest_oversample
4dbe74c9c771a75a3cf61141032013ccca52e5d6,ppe_train_image1160_eaa22d296f,ppe_orig,oversample_vest1_oversample_vest2_ppe_train_image1160_eaa22d296f,vest_oversample
4dbe74c9c771a75a3cf61141032013ccca52e5d6,ppe_train_image1160_eaa22d296f,ppe_orig,oversample_vest1_ppe_train_image1160_eaa22d296f,vest_oversample
4dbe74c9c771a75a3cf61141032013ccca52e5d6,ppe_train_image1160_eaa22d296f,ppe_orig,oversample_vest2_oversample_vest1_oversample_vest1_ppe_train_image1160_eaa22d296f,vest_oversample
4dbe74c9c771a75a3cf61141032013ccca52e5d6,ppe_train_image1160_eaa22d296f,ppe_orig,oversample_vest2_oversample_vest1_oversample_vest2_ppe_train_image1160_eaa22d296f,vest_oversample
4dbe74c9c771a75a3cf61141032013ccca52e5d6,ppe_train_image1160_eaa22d296f,ppe_orig,oversample_vest2_oversample_vest1_ppe_train_image1160_eaa22d296f,vest_oversample
4dbe74c9c771a75a3cf61141032013ccca52e5d6,ppe_train_image1160_eaa22d296f,ppe_orig,oversample_vest2_oversample_vest2_oversample_vest1_ppe_train_image1160_eaa22d296f,vest_oversample
4dbe74c9c771a75a3cf61141032013ccca52e5d6,ppe_train_image1160_eaa22d296f,ppe_orig,oversample_vest2_oversample_vest2_oversample_vest2_ppe_train_image1160_eaa22d296f,vest_oversample
4dbe74c9c771a75a3cf61141032013ccca52e5d6,ppe_train_image1160_eaa22d296f,ppe_orig,oversample_vest2_oversample_vest2_ppe_train_image1160_eaa22d296f,vest_oversample
4dbe74c9c771a75a3cf61141032013ccca52e5d6,ppe_train_image1160_eaa22d296f,ppe_orig,oversample_vest2_ppe_train_image1160_eaa22d296f,vest_oversample
edb1c235ee92d15d56e0eb54e4c16baafa4caa67,ppe_train_image1161_f5c6c1a1d4,ppe_orig,oversample_vest1_oversample_vest1_oversample_vest1_ppe_train_image1161_f5c6c1a1d4,vest_oversample
edb1c235ee92d15d56e0eb54e4c16baafa4caa67,ppe_train_image1161_f5c6c1a1d4,ppe_orig,oversample_vest1_oversample_vest1_oversample_vest2_ppe_train_image1161_f5c6c1a1d4,vest_oversample
edb1c235ee92d15d56e0eb54e4c16baafa4caa67,ppe_train_image1161_f5c6c1a1d4,ppe_orig,oversample_vest1_oversample_vest1_ppe_train_image1161_f5c6c1a1d4,vest_oversample
edb1c235ee92d15d56e0eb54e4c16baafa4caa67,ppe_train_image1161_f5c6c1a1d4,ppe_orig,oversample_vest1_oversample_vest2_oversample_vest1_ppe_train_image1161_f5c6c1a1d4,vest_oversample
edb1c235ee92d15d56e0eb54e4c16baafa4caa67,ppe_train_image1161_f5c6c1a1d4,ppe_orig,oversample_vest1_oversample_vest2_oversample_vest2_ppe_train_image1161_f5c6c1a1d4,vest_oversample
edb1c235ee92d15d56e0eb54e4c16baafa4caa67,ppe_train_image1161_f5c6c1a1d4,ppe_orig,oversample_vest1_oversample_vest2_ppe_train_image1161_f5c6c1a1d4,vest_oversample
edb1c235ee92d15d56e0eb54e4c16baafa4caa67,ppe_train_image1161_f5c6c1a1d4,ppe_orig,oversample_vest1_ppe_train_image1161_f5c6c1a1d4,vest_oversample
edb1c235ee92d15d56e0eb54e4c16baafa4caa67,ppe_train_image1161_f5c6c1a1d4,ppe_orig,oversample_vest2_oversample_vest1_oversample_vest1_ppe_train_image1161_f5c6c1a1d4,vest_oversample
edb1c235ee92d15d56e0eb54e4c16baafa4caa67,ppe_train_image1161_f5c6c1a1d4,ppe_orig,oversample_vest2_oversample_vest1_oversample_vest2_ppe_train_image1161_f5c6c1a1d4,vest_oversample
edb1c235ee92d15d56e0eb54e4c16baafa4caa67,ppe_train_image1161_f5c6c1a1d4,ppe_orig,oversample_vest2_oversample_vest1_ppe_train_image1161_f5c6c1a1d4,vest_oversample
edb1c235ee92d15d56e0eb54e4c16baafa4caa67,ppe_train_image1161_f5c6c1a1d4,ppe_orig,oversample_vest2_oversample_vest2_oversample_vest1_ppe_train_image1161_f5c6c1a1d4,vest_oversample
edb1c235ee92d15d56e0eb54e4c16baafa4caa67,ppe_train_image1161_f5c6c1a1d4,ppe_orig,oversample_vest2_oversample_vest2_oversample_vest2_ppe_train_image1161_f5c6c1a1d4,vest_oversample
edb1c235ee92d15d56e0eb54e4c16baafa4caa67,ppe_train_image1161_f5c6c1a1d4,ppe_orig,oversample_vest2_oversample_vest2_ppe_train_image1161_f5c6c1a1d4,vest_oversample
edb1c235ee92d15d56e0eb54e4c16baafa4caa67,ppe_train_image1161_f5c6c1a1d4,ppe_orig,oversample_vest2_ppe_train_image1161_f5c6c1a1d4,vest_oversample
6150b6253eac7e68ac512d6b45528d098c2e8e46,ppe_train_image1162_34b4101f8a,ppe_orig,oversample_vest1_oversample_vest1_oversample_vest1_ppe_train_image1162_34b4101f8a,vest_oversample
6150b6253eac7e68ac512d6b45528d098c2e8e46,ppe_train_image1162_34b4101f8a,ppe_orig,oversample_vest1_oversample_vest1_oversample_vest2_ppe_train_image1162_34b4101f8a,vest_oversample
6150b6253eac7e68ac512d6b45528d098c2e8e46,ppe_train_image1162_34b4101f8a,ppe_orig,oversample_vest1_oversample_vest1_ppe_train_image1162_34b4101f8a,vest_oversample
6150b6253eac7e68ac512d6b45528d098c2e8e46,ppe_train_image1162_34b4101f8a,ppe_orig,oversample_vest1_oversample_vest2_oversample_vest1_ppe_train_image1162_34b4101f8a,vest_oversample
6150b6253eac7e68ac512d6b45528d098c2e8e46,ppe_train_image1162_34b4101f8a,ppe_orig,oversample_vest1_oversample_vest2_oversample_vest2_ppe_train_image1162_34b4101f8a,vest_oversample
6150b6253eac7e68ac512d6b45528d098c2e8e46,ppe_train_image1162_34b4101f8a,ppe_orig,oversample_vest1_oversample_vest2_ppe_train_image1162_34b4101f8a,vest_oversample
6150b6253eac7e68ac512d6b45528d098c2e8e46,ppe_train_image1162_34b4101f8a,ppe_orig,oversample_vest1_ppe_train_image1162_34b4101f8a,vest_oversample
6150b6253eac7e68ac512d6b45528d098c2e8e46,ppe_train_image1162_34b4101f8a,ppe_orig,oversample_vest2_oversample_vest1_oversample_vest1_ppe_train_image1162_34b4101f8a,vest_oversample
6150b6253eac7e68ac512d6b45528d098c2e8e46,ppe_train_image1162_34b4101f8a,ppe_orig,oversample_vest2_oversample_vest1_oversample_vest2_ppe_train_image1162_34b4101f8a,vest_oversample
6150b6253eac7e68ac512d6b45528d098c2e8e46,ppe_train_image1162_34b4101f8a,ppe_orig,oversample_vest2_oversample_vest1_ppe_train_image1162_34b4101f8a,vest_oversample
6150b6253eac7e68ac512d6b45528d098c2e8e46,ppe_train_image1162_34b4101f8a,ppe_orig,oversample_vest2_oversample_vest2_oversample_vest1_ppe_train_image1162_34b4101f8a,vest_oversample
6150b6253eac7e68ac512d6b45528d098c2e8e46,ppe_train_image1162_34b4101f8a,ppe_orig,oversample_vest2_oversample_vest2_oversample_vest2_ppe_train_image1162_34b4101f8a,vest_oversample
6150b6253eac7e68ac512d6b45528d098c2e8e46,ppe_train_image1162_34b4101f8a,ppe_orig,oversample_vest2_oversample_vest2_ppe_train_image1162_34b4101f8a,vest_oversample
6150b6253eac7e68ac512d6b45528d098c2e8e46,ppe_train_image1162_34b4101f8a,ppe_orig,oversample_vest2_ppe_train_image1162_34b4101f8a,vest_oversample
5cb9381e8013710ba425a7cfc9d3dd96870a538e,ppe_train_image1163_4622dca438,ppe_orig,oversample_vest1_oversample_vest1_oversample_vest1_ppe_train_image1163_4622dca438,vest_oversample
5cb9381e8013710ba425a7cfc9d3dd96870a538e,ppe_train_image1163_4622dca438,ppe_orig,oversample_vest1_oversample_vest1_oversample_vest2_ppe_train_image1163_4622dca438,vest_oversample
5cb9381e8013710ba425a7cfc9d3dd96870a538e,ppe_train_image1163_4622dca438,ppe_orig,oversample_vest1_oversample_vest1_ppe_train_image1163_4622dca438,vest_oversample
5cb9381e8013710ba425a7cfc9d3dd96870a538e,ppe_train_image1163_4622dca438,ppe_orig,oversample_vest1_oversample_vest2_oversample_vest1_ppe_train_image1163_4622dca438,vest_oversample
5cb9381e8013710ba425a7cfc9d3dd96870a538e,ppe_train_image1163_4622dca438,ppe_orig,oversample_vest1_oversample_vest2_oversample_vest2_ppe_train_image1163_4622dca438,vest_oversample
5cb9381e8013710ba425a7cfc9d3dd96870a538e,ppe_train_image1163_4622dca438,ppe_orig,oversample_vest1_oversample_vest2_ppe_train_image1163_4622dca438,vest_oversample
5cb9381e8013710ba425a7cfc9d3dd96870a538e,ppe_train_image1163_4622dca438,ppe_orig,oversample_vest1_ppe_train_image1163_4622dca438,vest_oversample
5cb9381e8013710ba425a7cfc9d3dd96870a538e,ppe_train_image1163_4622dca438,ppe_orig,oversample_vest2_oversample_vest1_oversample_vest1_ppe_train_image1163_4622dca438,vest_oversample
5cb9381e8013710ba425a7cfc9d3dd96870a538e,ppe_train_image1163_4622dca438,ppe_orig,oversample_vest2_oversample_vest1_oversample_vest2_ppe_train_image1163_4622dca438,vest_oversample
5cb9381e8013710ba425a7cfc9d3dd96870a538e,ppe_train_image1163_4622dca438,ppe_orig,oversample_vest2_oversample_vest1_ppe_train_image1163_4622dca438,vest_oversample
5cb9381e8013710ba425a7cfc9d3dd96870a538e,ppe_train_image1163_4622dca438,ppe_orig,oversample_vest2_oversample_vest2_oversample_vest1_ppe_train_image1163_4622dca438,vest_oversample
5cb9381e8013710ba425a7cfc9d3dd96870a538e,ppe_train_image1163_4622dca438,ppe_orig,oversample_vest2_oversample_vest2_oversample_vest2_ppe_train_image1163_4622dca438,vest_oversample
5cb9381e8013710ba425a7cfc9d3dd96870a538e,ppe_train_image1163_4622dca438,ppe_orig,oversample_vest2_oversample_vest2_ppe_train_image1163_4622dca438,vest_oversample
5cb9381e8013710ba425a7cfc9d3dd96870a538e,ppe_train_image1163_4622dca438,ppe_orig,oversample_vest2_ppe_train_image1163_4622dca438,vest_oversample
9c07174db2c794dba4d817b6d8460fd7f9783fab,ppe_train_image1165_ea523a6530,ppe_orig,oversample_vest1_oversample_vest1_oversample_vest1_ppe_train_image1165_ea523a6530,vest_oversample
9c07174db2c794dba4d817b6d8460fd7f9783fab,ppe_train_image1165_ea523a6530,ppe_orig,oversample_vest1_oversample_vest1_oversample_vest2_ppe_train_image1165_ea523a6530,vest_oversample
9c07174db2c794dba4d817b6d8460fd7f9783fab,ppe_train_image1165_ea523a6530,ppe_orig,oversample_vest1_oversample_vest1_ppe_train_image1165_ea523a6530,vest_oversample
9c07174db2c794dba4d817b6d8460fd7f9783fab,ppe_train_image1165_ea523a6530,ppe_orig,oversample_vest1_oversample_vest2_oversample_vest1_ppe_train_image1165_ea523a6530,vest_oversample
9c07174db2c794dba4d817b6d8460fd7f9783fab,ppe_train_image1165_ea523a6530,ppe_orig,oversample_vest1_oversample_vest2_oversample_vest2_ppe_train_image1165_ea523a6530,vest_oversample
9c07174db2c794dba4d817b6d8460fd7f9783fab,ppe_train_image1165_ea523a6530,ppe_orig,oversample_vest1_oversample_vest2_ppe_train_image1165_ea523a6530,vest_oversample
9c07174db2c794dba4d817b6d8460fd7f9783fab,ppe_train_image1165_ea523a6530,ppe_orig,oversample_vest1_ppe_train_image1165_ea523a6530,vest_oversample
9c07174db2c794dba4d817b6d8460fd7f9783fab,ppe_train_image1165_ea523a6530,ppe_orig,oversample_vest2_oversample_vest1_oversample_vest1_ppe_train_image1165_ea523a6530,vest_oversample
9c07174db2c794dba4d817b6d8460fd7f9783fab,ppe_train_image1165_ea523a6530,ppe_orig,oversample_vest2_oversample_vest1_oversample_vest2_ppe_train_image1165_ea523a6530,vest_oversample
9c07174db2c794dba4d817b6d8460fd7f9783fab,ppe_train_image1165_ea523a6530,ppe_orig,oversample_vest2_oversample_vest1_ppe_train_image1165_ea523a6530,vest_oversample
9c07174db2c794dba4d817b6d8460fd7f9783fab,ppe_train_image1165_ea523a6530,ppe_orig,oversample_vest2_oversample_vest2_oversample_vest1_ppe_train_image1165_ea523a6530,vest_oversample
9c07174db2c794dba4d817b6d8460fd7f9783fab,ppe_train_image1165_ea523a6530,ppe_orig,oversample_vest2_oversample_vest2_oversample_vest2_ppe_train_image1165_ea523a6530,vest_oversample
9c07174db2c794dba4d817b6d8460fd7f9783fab,ppe_train_image1165_ea523a6530,ppe_orig,oversample_vest2_oversample_vest2_ppe_train_image1165_ea523a6530,vest_oversample
9c07174db2c794dba4d817b6d8460fd7f9783fab,ppe_train_image1165_ea523a6530,ppe_orig,oversample_vest2_ppe_train_image1165_ea523a6530,vest_oversample
a8fb9ab62a53c11fbe77d878b1c8158cd046a356,ppe_train_image1166_55e19d675d,ppe_orig,oversample_vest1_oversample_vest1_oversample_vest1_ppe_train_image1166_55e19d675d,vest_oversample
a8fb9ab62a53c11fbe77d878b1c8158cd046a356,ppe_train_image1166_55e19d675d,ppe_orig,oversample_vest1_oversample_vest1_oversample_vest2_ppe_train_image1166_55e19d675d,vest_oversample
a8fb9ab62a53c11fbe77d878b1c8158cd046a356,ppe_train_image1166_55e19d675d,ppe_orig,oversample_vest1_oversample_vest1_ppe_train_image1166_55e19d675d,vest_oversample
a8fb9ab62a53c11fbe77d878b1c8158cd046a356,ppe_train_image1166_55e19d675d,ppe_orig,oversample_vest1_oversample_vest2_oversample_vest1_ppe_train_image1166_55e19d675d,vest_oversample
a8fb9ab62a53c11fbe77d878b1c8158cd046a356,ppe_train_image1166_55e19d675d,ppe_orig,oversample_vest1_oversample_vest2_oversample_vest2_ppe_train_image1166_55e19d675d,vest_oversample
a8fb9ab62a53c11fbe77d878b1c8158cd046a356,ppe_train_image1166_55e19d675d,ppe_orig,oversample_vest1_oversample_vest2_ppe_train_image1166_55e19d675d,vest_oversample
a8fb9ab62a53c11fbe77d878b1c8158cd046a356,ppe_train_image1166_55e19d675d,ppe_orig,oversample_vest1_ppe_train_image1166_55e19d675d,vest_oversample
a8fb9ab62a53c11fbe77d878b1c8158cd046a356,ppe_train_image1166_55e19d675d,ppe_orig,oversample_vest2_oversample_vest1_oversample_vest1_ppe_train_image1166_55e19d675d,vest_oversample
a8fb9ab62a53c11fbe77d878b1c8158cd046a356,ppe_train_image1166_55e19d675d,ppe_orig,oversample_vest2_oversample_vest1_oversample_vest2_ppe_train_image1166_55e19d675d,vest_oversample
a8fb9ab62a53c11fbe77d878b1c8158cd046a356,ppe_train_image1166_55e19d675d,ppe_orig,oversample_vest2_oversample_vest1_ppe_train_image1166_55e19d675d,vest_oversample
a8fb9ab62a53c11fbe77d878b1c8158cd046a356,ppe_train_image1166_55e19d675d,ppe_orig,oversample_vest2_oversample_vest2_oversample_vest1_ppe_train_image1166_55e19d675d,vest_oversample
a8fb9ab62a53c11fbe77d878b1c8158cd046a356,ppe_train_image1166_55e19d675d,ppe_orig,oversample_vest2_oversample_vest2_oversample_vest2_ppe_train_image1166_55e19d675d,vest_oversample
a8fb9ab62a53c11fbe77d878b1c8158cd046a356,ppe_train_image1166_55e19d675d,ppe_orig,oversample_vest2_oversample_vest2_ppe_train_image1166_55e19d675d,vest_oversample
a8fb9ab62a53c11fbe77d878b1c8158cd046a356,ppe_train_image1166_55e19d675d,ppe_orig,oversample_vest2_ppe_train_image1166_55e19d675d,vest_oversample
8ce2648c784817ebf5afbe24a2275285775ba8ba,ppe_train_image1167_15f6565ef2,ppe_orig,oversample_vest1_oversample_vest1_oversample_vest1_ppe_train_image1167_15f6565ef2,vest_oversample
8ce2648c784817ebf5afbe24a2275285775ba8ba,ppe_train_image1167_15f6565ef2,ppe_orig,oversample_vest1_oversample_vest1_oversample_vest2_ppe_train_image1167_15f6565ef2,vest_oversample
8ce2648c784817ebf5afbe24a2275285775ba8ba,ppe_train_image1167_15f6565ef2,ppe_orig,oversample_vest1_oversample_vest1_ppe_train_image1167_15f6565ef2,vest_oversample
8ce2648c784817ebf5afbe24a2275285775ba8ba,ppe_train_image1167_15f6565ef2,ppe_orig,oversample_vest1_oversample_vest2_oversample_vest1_ppe_train_image1167_15f6565ef2,vest_oversample
8ce2648c784817ebf5afbe24a2275285775ba8ba,ppe_train_image1167_15f6565ef2,ppe_orig,oversample_vest1_oversample_vest2_oversample_vest2_ppe_train_image1167_15f6565ef2,vest_oversample
8ce2648c784817ebf5afbe24a2275285775ba8ba,ppe_train_image1167_15f6565ef2,ppe_orig,oversample_vest1_oversample_vest2_ppe_train_image1167_15f6565ef2,vest_oversample
8ce2648c784817ebf5afbe24a2275285775ba8ba,ppe_train_image1167_15f6565ef2,ppe_orig,oversample_vest1_ppe_train_image1167_15f6565ef2,vest_oversample
8ce2648c784817ebf5afbe24a2275285775ba8ba,ppe_train_image1167_15f6565ef2,ppe_orig,oversample_vest2_oversample_vest1_oversample_vest1_ppe_train_image1167_15f6565ef2,vest_oversample
8ce2648c784817ebf5afbe24a2275285775ba8ba,ppe_train_image1167_15f6565ef2,ppe_orig,oversample_vest2_oversample_vest1_oversample_vest2_ppe_train_image1167_15f6565ef2,vest_oversample
8ce2648c784817ebf5afbe24a2275285775ba8ba,ppe_train_image1167_15f6565ef2,ppe_orig,oversample_vest2_oversample_vest1_ppe_train_image1167_15f6565ef2,vest_oversample
8ce2648c784817ebf5afbe24a2275285775ba8ba,ppe_train_image1167_15f6565ef2,ppe_orig,oversample_vest2_oversample_vest2_oversample_vest1_ppe_train_image1167_15f6565ef2,vest_oversample
8ce2648c784817ebf5afbe24a2275285775ba8ba,ppe_train_image1167_15f6565ef2,ppe_orig,oversample_vest2_oversample_vest2_oversample_vest2_ppe_train_image1167_15f6565ef2,vest_oversample
8ce2648c784817ebf5afbe24a2275285775ba8ba,ppe_train_image1167_15f6565ef2,ppe_orig,oversample_vest2_oversample_vest2_ppe_train_image1167_15f6565ef2,vest_oversample
8ce2648c784817ebf5afbe24a2275285775ba8ba,ppe_train_image1167_15f6565ef2,ppe_orig,oversample_vest2_ppe_train_image1167_15f6565ef2,vest_oversample
0a68cbc8f1ce2ed6f366f7a4dd81bf19d1ef4a5e,ppe_train_image1168_33e3f08153,ppe_orig,oversample_vest1_oversample_vest1_oversample_vest1_ppe_train_image1168_33e3f08153,vest_oversample
0a68cbc8f1ce2ed6f366f7a4dd81bf19d1ef4a5e,ppe_train_image1168_33e3f08153,ppe_orig,oversample_vest1_oversample_vest1_oversample_vest2_ppe_train_image1168_33e3f08153,vest_oversample
0a68cbc8f1ce2ed6f366f7a4dd81bf19d1ef4a5e,ppe_train_image1168_33e3f08153,ppe_orig,oversample_vest1_oversample_vest1_ppe_train_image1168_33e3f08153,vest_oversample
0a68cbc8f1ce2ed6f366f7a4dd81bf19d1ef4a5e,ppe_train_image1168_33e3f08153,ppe_orig,oversample_vest1_oversample_vest2_oversample_vest1_ppe_train_image1168_33e3f08153,vest_oversample
0a68cbc8f1ce2ed6f366f7a4dd81bf19d1ef4a5e,ppe_train_image1168_33e3f08153,ppe_orig,oversample_vest1_oversample_vest2_oversample_vest2_ppe_train_image1168_33e3f08153,vest_oversample
0a68cbc8f1ce2ed6f366f7a4dd81bf19d1ef4a5e,ppe_train_image1168_33e3f08153,ppe_orig,oversample_vest1_oversample_vest2_ppe_train_image1168_33e3f08153,vest_oversample
0a68cbc8f1ce2ed6f366f7a4dd81bf19d1ef4a5e,ppe_train_image1168_33e3f08153,ppe_orig,oversample_vest1_ppe_train_image1168_33e3f08153,vest_oversample
0a68cbc8f1ce2ed6f366f7a4dd81bf19d1ef4a5e,ppe_train_image1168_33e3f08153,ppe_orig,oversample_vest2_oversample_vest1_oversample_vest1_ppe_train_image1168_33e3f08153,vest_oversample
0a68cbc8f1ce2ed6f366f7a4dd81bf19d1ef4a5e,ppe_train_image1168_33e3f08153,ppe_orig,oversample_vest2_oversample_vest1_oversample_vest2_ppe_train_image1168_33e3f08153,vest_oversample
0a68cbc8f1ce2ed6f366f7a4dd81bf19d1ef4a5e,ppe_train_image1168_33e3f08153,ppe_orig,oversample_vest2_oversample_vest1_ppe_train_image1168_33e3f08153,vest_oversample
0a68cbc8f1ce2ed6f366f7a4dd81bf19d1ef4a5e,ppe_train_image1168_33e3f08153,ppe_orig,oversample_vest2_oversample_vest2_oversample_vest1_ppe_train_image1168_33e3f08153,vest_oversample
0a68cbc8f1ce2ed6f366f7a4dd81bf19d1ef4a5e,ppe_train_image1168_33e3f08153,ppe_orig,oversample_vest2_oversample_vest2_oversample_vest2_ppe_train_image1168_33e3f08153,vest_oversample
0a68cbc8f1ce2ed6f366f7a4dd81bf19d1ef4a5e,ppe_train_image1168_33e3f08153,ppe_orig,oversample_vest2_oversample_vest2_ppe_train_image1168_33e3f08153,vest_oversample
0a68cbc8f1ce2ed6f366f7a4dd81bf19d1ef4a5e,ppe_train_image1168_33e3f08153,ppe_orig,oversample_vest2_ppe_train_image1168_33e3f08153,vest_oversample
8bfdf0e9121b7e84823ae8c46c5e308c57c599b0,ppe_train_image1169_c550aab16b,ppe_orig,oversample_vest1_oversample_vest1_oversample_vest1_ppe_train_image1169_c550aab16b,vest_oversample
8bfdf0e9121b7e84823ae8c46c5e308c57c599b0,ppe_train_image1169_c550aab16b,ppe_orig,oversample_vest1_oversample_vest1_oversample_vest2_ppe_train_image1169_c550aab16b,vest_oversample
8bfdf0e9121b7e84823ae8c46c5e308c57c599b0,ppe_train_image1169_c550aab16b,ppe_orig,oversample_vest1_oversample_vest1_ppe_train_image1169_c550aab16b,vest_oversample
8bfdf0e9121b7e84823ae8c46c5e308c57c599b0,ppe_train_image1169_c550aab16b,ppe_orig,oversample_vest1_oversample_vest2_oversample_vest1_ppe_train_image1169_c550aab16b,vest_oversample
8bfdf0e9121b7e84823ae8c46c5e308c57c599b0,ppe_train_image1169_c550aab16b,ppe_orig,oversample_vest1_oversample_vest2_oversample_vest2_ppe_train_image1169_c550aab16b,vest_oversample
8bfdf0e9121b7e84823ae8c46c5e308c57c599b0,ppe_train_image1169_c550aab16b,ppe_orig,oversample_vest1_oversample_vest2_ppe_train_image1169_c550aab16b,vest_oversample
8bfdf0e9121b7e84823ae8c46c5e308c57c599b0,ppe_train_image1169_c550aab16b,ppe_orig,oversample_vest1_ppe_train_image1169_c550aab16b,vest_oversample
8bfdf0e9121b7e84823ae8c46c5e308c57c599b0,ppe_train_image1169_c550aab16b,ppe_orig,oversample_vest2_oversample_vest1_oversample_vest1_ppe_train_image1169_c550aab16b,vest_oversample
8bfdf0e9121b7e84823ae8c46c5e308c57c599b0,ppe_train_image1169_c550aab16b,ppe_orig,oversample_vest2_oversample_vest1_oversample_vest2_ppe_train_image1169_c550aab16b,vest_oversample
8bfdf0e9121b7e84823ae8c46c5e308c57c599b0,ppe_train_image1169_c550aab16b,ppe_orig,oversample_vest2_oversample_vest1_ppe_train_image1169_c550aab16b,vest_oversample
8bfdf0e9121b7e84823ae8c46c5e308c57c599b0,ppe_train_image1169_c550aab16b,ppe_orig,oversample_vest2_oversample_vest2_oversample_vest1_ppe_train_image1169_c550aab16b,vest_oversample
8bfdf0e9121b7e84823ae8c46c5e308c57c599b0,ppe_train_image1169_c550aab16b,ppe_orig,oversample_vest2_oversample_vest2_oversample_vest2_ppe_train_image1169_c550aab16b,vest_oversample
8bfdf0e9121b7e84823ae8c46c5e308c57c599b0,ppe_train_image1169_c550aab16b,ppe_orig,oversample_vest2_oversample_vest2_ppe_train_image1169_c550aab16b,vest_oversample
8bfdf0e9121b7e84823ae8c46c5e308c57c599b0,ppe_train_image1169_c550aab16b,ppe_orig,oversample_vest2_ppe_train_image1169_c550aab16b,vest_oversample
da7811b67e2a12d9d98a352936a26b14b2752949,ppe_train_image1170_179fb7ddff,ppe_orig,oversample_vest1_oversample_vest1_oversample_vest1_ppe_train_image1170_179fb7ddff,vest_oversample
da7811b67e2a12d9d98a352936a26b14b2752949,ppe_train_image1170_179fb7ddff,ppe_orig,oversample_vest1_oversample_vest1_oversample_vest2_ppe_train_image1170_179fb7ddff,vest_oversample
da7811b67e2a12d9d98a352936a26b14b2752949,ppe_train_image1170_179fb7ddff,ppe_orig,oversample_vest1_oversample_vest1_ppe_train_image1170_179fb7ddff,vest_oversample
da7811b67e2a12d9d98a352936a26b14b2752949,ppe_train_image1170_179fb7ddff,ppe_orig,oversample_vest1_oversample_vest2_oversample_vest1_ppe_train_image1170_179fb7ddff,vest_oversample
da7811b67e2a12d9d98a352936a26b14b2752949,ppe_train_image1170_179fb7ddff,ppe_orig,oversample_vest1_oversample_vest2_oversample_vest2_ppe_train_image1170_179fb7ddff,vest_oversample
da7811b67e2a12d9d98a352936a26b14b2752949,ppe_train_image1170_179fb7ddff,ppe_orig,oversample_vest1_oversample_vest2_ppe_train_image1170_179fb7ddff,vest_oversample
da7811b67e2a12d9d98a352936a26b14b2752949,ppe_train_image1170_179fb7ddff,ppe_orig,oversample_vest1_ppe_train_image1170_179fb7ddff,vest_oversample
da7811b67e2a12d9d98a352936a26b14b2752949,ppe_train_image1170_179fb7ddff,ppe_orig,oversample_vest2_oversample_vest1_oversample_vest1_ppe_train_image1170_179fb7ddff,vest_oversample
da7811b67e2a12d9d98a352936a26b14b2752949,ppe_train_image1170_179fb7ddff,ppe_orig,oversample_vest2_oversample_vest1_oversample_vest2_ppe_train_image1170_179fb7ddff,vest_oversample
da7811b67e2a12d9d98a352936a26b14b2752949,ppe_train_image1170_179fb7ddff,ppe_orig,oversample_vest2_oversample_vest1_ppe_train_image1170_179fb7ddff,vest_oversample
da7811b67e2a12d9d98a352936a26b14b2752949,ppe_train_image1170_179fb7ddff,ppe_orig,oversample_vest2_oversample_vest2_oversample_vest1_ppe_train_image1170_179fb7ddff,vest_oversample
da7811b67e2a12d9d98a352936a26b14b2752949,ppe_train_image1170_179fb7ddff,ppe_orig,oversample_vest2_oversample_vest2_oversample_vest2_ppe_train_image1170_179fb7ddff,vest_oversample
da7811b67e2a12d9d98a352936a26b14b2752949,ppe_train_image1170_179fb7ddff,ppe_orig,oversample_vest2_oversample_vest2_ppe_train_image1170_179fb7ddff,vest_oversample
da7811b67e2a12d9d98a352936a26b14b2752949,ppe_train_image1170_179fb7ddff,ppe_orig,oversample_vest2_ppe_train_image1170_179fb7ddff,vest_oversample
a2a1736422ad806a7655583de5c99b9278b2855e,ppe_train_image1172_f716fdfb87,ppe_orig,oversample_vest1_oversample_vest1_oversample_vest1_ppe_train_image1172_f716fdfb87,vest_oversample
a2a1736422ad806a7655583de5c99b9278b2855e,ppe_train_image1172_f716fdfb87,ppe_orig,oversample_vest1_oversample_vest1_oversample_vest2_ppe_train_image1172_f716fdfb87,vest_oversample
a2a1736422ad806a7655583de5c99b9278b2855e,ppe_train_image1172_f716fdfb87,ppe_orig,oversample_vest1_oversample_vest1_ppe_train_image1172_f716fdfb87,vest_oversample
a2a1736422ad806a7655583de5c99b9278b2855e,ppe_train_image1172_f716fdfb87,ppe_orig,oversample_vest1_oversample_vest2_oversample_vest1_ppe_train_image1172_f716fdfb87,vest_oversample
a2a1736422ad806a7655583de5c99b9278b2855e,ppe_train_image1172_f716fdfb87,ppe_orig,oversample_vest1_oversample_vest2_oversample_vest2_ppe_train_image1172_f716fdfb87,vest_oversample
a2a1736422ad806a7655583de5c99b9278b2855e,ppe_train_image1172_f716fdfb87,ppe_orig,oversample_vest1_oversample_vest2_ppe_train_image1172_f716fdfb87,vest_oversample
a2a1736422ad806a7655583de5c99b9278b2855e,ppe_train_image1172_f716fdfb87,ppe_orig,oversample_vest1_ppe_train_image1172_f716fdfb87,vest_oversample
a2a1736422ad806a7655583de5c99b9278b2855e,ppe_train_image1172_f716fdfb87,ppe_orig,oversample_vest2_oversample_vest1_oversample_vest1_ppe_train_image1172_f716fdfb87,vest_oversample
a2a1736422ad806a7655583de5c99b9278b2855e,ppe_train_image1172_f716fdfb87,ppe_orig,oversample_vest2_oversample_vest1_oversample_vest2_ppe_train_image1172_f716fdfb87,vest_oversample
a2a1736422ad806a7655583de5c99b9278b2855e,ppe_train_image1172_f716fdfb87,ppe_orig,oversample_vest2_oversample_vest1_ppe_train_image1172_f716fdfb87,vest_oversample
a2a1736422ad806a7655583de5c99b9278b2855e,ppe_train_image1172_f716fdfb87,ppe_orig,oversample_vest2_oversample_vest2_oversample_vest1_ppe_train_image1172_f716fdfb87,vest_oversample
a2a1736422ad806a7655583de5c99b9278b2855e,ppe_train_image1172_f716fdfb87,ppe_orig,oversample_vest2_oversample_vest2_oversample_vest2_ppe_train_image1172_f716fdfb87,vest_oversample
a2a1736422ad806a7655583de5c99b9278b2855e,ppe_train_image1172_f716fdfb87,ppe_orig,oversample_vest2_oversample_vest2_ppe_train_image1172_f716fdfb87,vest_oversample
a2a1736422ad806a7655583de5c99b9278b2855e,ppe_train_image1172_f716fdfb87,ppe_orig,oversample_vest2_ppe_train_image1172_f716fdfb87,vest_oversample
2bb7d26086f90e06187d8801bd9b68135c59b5d0,ppe_train_image1174_b8df4d101c,ppe_orig,oversample_vest1_oversample_vest1_oversample_vest1_ppe_train_image1174_b8df4d101c,vest_oversample
2bb7d26086f90e06187d8801bd9b68135c59b5d0,ppe_train_image1174_b8df4d101c,ppe_orig,oversample_vest1_oversample_vest1_oversample_vest2_ppe_train_image1174_b8df4d101c,vest_oversample
2bb7d26086f90e06187d8801bd9b68135c59b5d0,ppe_train_image1174_b8df4d101c,ppe_orig,oversample_vest1_oversample_vest1_ppe_train_image1174_b8df4d101c,vest_oversample
2bb7d26086f90e06187d8801bd9b68135c59b5d0,ppe_train_image1174_b8df4d101c,ppe_orig,oversample_vest1_oversample_vest2_oversample_vest1_ppe_train_image1174_b8df4d101c,vest_oversample
2bb7d26086f90e06187d8801bd9b68135c59b5d0,ppe_train_image1174_b8df4d101c,ppe_orig,oversample_vest1_oversample_vest2_oversample_vest2_ppe_train_image1174_b8df4d101c,vest_oversample
2bb7d26086f90e06187d8801bd9b68135c59b5d0,ppe_train_image1174_b8df4d101c,ppe_orig,oversample_vest1_oversample_vest2_ppe_train_image1174_b8df4d101c,vest_oversample
2bb7d26086f90e06187d8801bd9b68135c59b5d0,ppe_train_image1174_b8df4d101c,ppe_orig,oversample_vest1_ppe_train_image1174_b8df4d101c,vest_oversample
2bb7d26086f90e06187d8801bd9b68135c59b5d0,ppe_train_image1174_b8df4d101c,ppe_orig,oversample_vest2_oversample_vest1_oversample_vest1_ppe_train_image1174_b8df4d101c,vest_oversample
2bb7d26086f90e06187d8801bd9b68135c59b5d0,ppe_train_image1174_b8df4d101c,ppe_orig,oversample_vest2_oversample_vest1_oversample_vest2_ppe_train_image1174_b8df4d101c,vest_oversample
2bb7d26086f90e06187d8801bd9b68135c59b5d0,ppe_train_image1174_b8df4d101c,ppe_orig,oversample_vest2_oversample_vest1_ppe_train_image1174_b8df4d101c,vest_oversample
2bb7d26086f90e06187d8801bd9b68135c59b5d0,ppe_train_image1174_b8df4d101c,ppe_orig,oversample_vest2_oversample_vest2_oversample_vest1_ppe_train_image1174_b8df4d101c,vest_oversample
2bb7d26086f90e06187d8801bd9b68135c59b5d0,ppe_train_image1174_b8df4d101c,ppe_orig,oversample_vest2_oversample_vest2_oversample_vest2_ppe_train_image1174_b8df4d101c,vest_oversample
2bb7d26086f90e06187d8801bd9b68135c59b5d0,ppe_train_image1174_b8df4d101c,ppe_orig,oversample_vest2_oversample_vest2_ppe_train_image1174_b8df4d101c,vest_oversample
2bb7d26086f90e06187d8801bd9b68135c59b5d0,ppe_train_image1174_b8df4d101c,ppe_orig,oversample_vest2_ppe_train_image1174_b8df4d101c,vest_oversample
11a334537e5cbadfeb5f81bf9654a62137339302,ppe_train_image1176_d2a0cafc4d,ppe_orig,oversample_vest1_oversample_vest1_oversample_vest1_ppe_train_image1176_d2a0cafc4d,vest_oversample
11a334537e5cbadfeb5f81bf9654a62137339302,ppe_train_image1176_d2a0cafc4d,ppe_orig,oversample_vest1_oversample_vest1_oversample_vest2_ppe_train_image1176_d2a0cafc4d,vest_oversample
11a334537e5cbadfeb5f81bf9654a62137339302,ppe_train_image1176_d2a0cafc4d,ppe_orig,oversample_vest1_oversample_vest1_ppe_train_image1176_d2a0cafc4d,vest_oversample
11a334537e5cbadfeb5f81bf9654a62137339302,ppe_train_image1176_d2a0cafc4d,ppe_orig,oversample_vest1_oversample_vest2_oversample_vest1_ppe_train_image1176_d2a0cafc4d,vest_oversample
11a334537e5cbadfeb5f81bf9654a62137339302,ppe_train_image1176_d2a0cafc4d,ppe_orig,oversample_vest1_oversample_vest2_oversample_vest2_ppe_train_image1176_d2a0cafc4d,vest_oversample
11a334537e5cbadfeb5f81bf9654a62137339302,ppe_train_image1176_d2a0cafc4d,ppe_orig,oversample_vest1_oversample_vest2_ppe_train_image1176_d2a0cafc4d,vest_oversample
11a334537e5cbadfeb5f81bf9654a62137339302,ppe_train_image1176_d2a0cafc4d,ppe_orig,oversample_vest1_ppe_train_image1176_d2a0cafc4d,vest_oversample
11a334537e5cbadfeb5f81bf9654a62137339302,ppe_train_image1176_d2a0cafc4d,ppe_orig,oversample_vest2_oversample_vest1_oversample_vest1_ppe_train_image1176_d2a0cafc4d,vest_oversample
11a334537e5cbadfeb5f81bf9654a62137339302,ppe_train_image1176_d2a0cafc4d,ppe_orig,oversample_vest2_oversample_vest1_oversample_vest2_ppe_train_image1176_d2a0cafc4d,vest_oversample
11a334537e5cbadfeb5f81bf9654a62137339302,ppe_train_image1176_d2a0cafc4d,ppe_orig,oversample_vest2_oversample_vest1_ppe_train_image1176_d2a0cafc4d,vest_oversample
11a334537e5cbadfeb5f81bf9654a62137339302,ppe_train_image1176_d2a0cafc4d,ppe_orig,oversample_vest2_oversample_vest2_oversample_vest1_ppe_train_image1176_d2a0cafc4d,vest_oversample
11a334537e5cbadfeb5f81bf9654a62137339302,ppe_train_image1176_d2a0cafc4d,ppe_orig,oversample_vest2_oversample_vest2_oversample_vest2_ppe_train_image1176_d2a0cafc4d,vest_oversample
11a334537e5cbadfeb5f81bf9654a62137339302,ppe_train_image1176_d2a0cafc4d,ppe_orig,oversample_vest2_oversample_vest2_ppe_train_image1176_d2a0cafc4d,vest_oversample
11a334537e5cbadfeb5f81bf9654a62137339302,ppe_train_image1176_d2a0cafc4d,ppe_orig,oversample_vest2_ppe_train_image1176_d2a0cafc4d,vest_oversample
8e0dc24ed9ac0c1bd29d4acf1f52654a8d00c41c,ppe_train_image1177_b3fdf2da9c,ppe_orig,oversample_vest1_oversample_vest1_oversample_vest1_ppe_train_image1177_b3fdf2da9c,vest_oversample
8e0dc24ed9ac0c1bd29d4acf1f52654a8d00c41c,ppe_train_image1177_b3fdf2da9c,ppe_orig,oversample_vest1_oversample_vest1_oversample_vest2_ppe_train_image1177_b3fdf2da9c,vest_oversample
8e0dc24ed9ac0c1bd29d4acf1f52654a8d00c41c,ppe_train_image1177_b3fdf2da9c,ppe_orig,oversample_vest1_oversample_vest1_ppe_train_image1177_b3fdf2da9c,vest_oversample
8e0dc24ed9ac0c1bd29d4acf1f52654a8d00c41c,ppe_train_image1177_b3fdf2da9c,ppe_orig,oversample_vest1_oversample_vest2_oversample_vest1_ppe_train_image1177_b3fdf2da9c,vest_oversample
8e0dc24ed9ac0c1bd29d4acf1f52654a8d00c41c,ppe_train_image1177_b3fdf2da9c,ppe_orig,oversample_vest1_oversample_vest2_oversample_vest2_ppe_train_image1177_b3fdf2da9c,vest_oversample
8e0dc24ed9ac0c1bd29d4acf1f52654a8d00c41c,ppe_train_image1177_b3fdf2da9c,ppe_orig,oversample_vest1_oversample_vest2_ppe_train_image1177_b3fdf2da9c,vest_oversample
8e0dc24ed9ac0c1bd29d4acf1f52654a8d00c41c,ppe_train_image1177_b3fdf2da9c,ppe_orig,oversample_vest1_ppe_train_image1177_b3fdf2da9c,vest_oversample
8e0dc24ed9ac0c1bd29d4acf1f52654a8d00c41c,ppe_train_image1177_b3fdf2da9c,ppe_orig,oversample_vest2_oversample_vest1_oversample_vest1_ppe_train_image1177_b3fdf2da9c,vest_oversample
8e0dc24ed9ac0c1bd29d4acf1f52654a8d00c41c,ppe_train_image1177_b3fdf2da9c,ppe_orig,oversample_vest2_oversample_vest1_oversample_vest2_ppe_train_image1177_b3fdf2da9c,vest_oversample
8e0dc24ed9ac0c1bd29d4acf1f52654a8d00c41c,ppe_train_image1177_b3fdf2da9c,ppe_orig,oversample_vest2_oversample_vest1_ppe_train_image1177_b3fdf2da9c,vest_oversample
8e0dc24ed9ac0c1bd29d4acf1f52654a8d00c41c,ppe_train_image1177_b3fdf2da9c,ppe_orig,oversample_vest2_oversample_vest2_oversample_vest1_ppe_train_image1177_b3fdf2da9c,vest_oversample
8e0dc24ed9ac0c1bd29d4acf1f52654a8d00c41c,ppe_train_image1177_b3fdf2da9c,ppe_orig,oversample_vest2_oversample_vest2_oversample_vest2_ppe_train_image1177_b3fdf2da9c,vest_oversample
8e0dc24ed9ac0c1bd29d4acf1f52654a8d00c41c,ppe_train_image1177_b3fdf2da9c,ppe_orig,oversample_vest2_oversample_vest2_ppe_train_image1177_b3fdf2da9c,vest_oversample
8e0dc24ed9ac0c1bd29d4acf1f52654a8d00c41c,ppe_train_image1177_b3fdf2da9c,ppe_orig,oversample_vest2_ppe_train_image1177_b3fdf2da9c,vest_oversample
63e519d0d91ba53042ea0f6b49ac4e11e810756b,ppe_train_image1179_52cbb9752c,ppe_orig,oversample_vest1_oversample_vest1_oversample_vest1_ppe_train_image1179_52cbb9752c,vest_oversample
63e519d0d91ba53042ea0f6b49ac4e11e810756b,ppe_train_image1179_52cbb9752c,ppe_orig,oversample_vest1_oversample_vest1_oversample_vest2_ppe_train_image1179_52cbb9752c,vest_oversample
63e519d0d91ba53042ea0f6b49ac4e11e810756b,ppe_train_image1179_52cbb9752c,ppe_orig,oversample_vest1_oversample_vest1_ppe_train_image1179_52cbb9752c,vest_oversample
63e519d0d91ba53042ea0f6b49ac4e11e810756b,ppe_train_image1179_52cbb9752c,ppe_orig,oversample_vest1_oversample_vest2_oversample_vest1_ppe_train_image1179_52cbb9752c,vest_oversample
63e519d0d91ba53042ea0f6b49ac4e11e810756b,ppe_train_image1179_52cbb9752c,ppe_orig,oversample_vest1_oversample_vest2_oversample_vest2_ppe_train_image1179_52cbb9752c,vest_oversample
63e519d0d91ba53042ea0f6b49ac4e11e810756b,ppe_train_image1179_52cbb9752c,ppe_orig,oversample_vest1_oversample_vest2_ppe_train_image1179_52cbb9752c,vest_oversample
63e519d0d91ba53042ea0f6b49ac4e11e810756b,ppe_train_image1179_52cbb9752c,ppe_orig,oversample_vest1_ppe_train_image1179_52cbb9752c,vest_oversample
63e519d0d91ba53042ea0f6b49ac4e11e810756b,ppe_train_image1179_52cbb9752c,ppe_orig,oversample_vest2_oversample_vest1_oversample_vest1_ppe_train_image1179_52cbb9752c,vest_oversample
63e519d0d91ba53042ea0f6b49ac4e11e810756b,ppe_train_image1179_52cbb9752c,ppe_orig,oversample_vest2_oversample_vest1_oversample_vest2_ppe_train_image1179_52cbb9752c,vest_oversample
63e519d0d91ba53042ea0f6b49ac4e11e810756b,ppe_train_image1179_52cbb9752c,ppe_orig,oversample_vest2_oversample_vest1_ppe_train_image1179_52cbb9752c,vest_oversample
63e519d0d91ba53042ea0f6b49ac4e11e810756b,ppe_train_image1179_52cbb9752c,ppe_orig,oversample_vest2_oversample_vest2_oversample_vest1_ppe_train_image1179_52cbb9752c,vest_oversample
63e519d0d91ba53042ea0f6b49ac4e11e810756b,ppe_train_image1179_52cbb9752c,ppe_orig,oversample_vest2_oversample_vest2_oversample_vest2_ppe_train_image1179_52cbb9752c,vest_oversample
63e519d0d91ba53042ea0f6b49ac4e11e810756b,ppe_train_image1179_52cbb9752c,ppe_orig,oversample_vest2_oversample_vest2_ppe_train_image1179_52cbb9752c,vest_oversample
63e519d0d91ba53042ea0f6b49ac4e11e810756b,ppe_train_image1179_52cbb9752c,ppe_orig,oversample_vest2_ppe_train_image1179_52cbb9752c,vest_oversample
c3437bae38b7e14f6511b22e7e689403ce0be839,ppe_train_image1180_f5cc5d6943,ppe_orig,oversample_vest1_oversample_vest1_oversample_vest1_ppe_train_image1180_f5cc5d6943,vest_oversample
c3437bae38b7e14f6511b22e7e689403ce0be839,ppe_train_image1180_f5cc5d6943,ppe_orig,oversample_vest1_oversample_vest1_oversample_vest2_ppe_train_image1180_f5cc5d6943,vest_oversample
c3437bae38b7e14f6511b22e7e689403ce0be839,ppe_train_image1180_f5cc5d6943,ppe_orig,oversample_vest1_oversample_vest1_ppe_train_image1180_f5cc5d6943,vest_oversample
c3437bae38b7e14f6511b22e7e689403ce0be839,ppe_train_image1180_f5cc5d6943,ppe_orig,oversample_vest1_oversample_vest2_oversample_vest1_ppe_train_image1180_f5cc5d6943,vest_oversample
c3437bae38b7e14f6511b22e7e689403ce0be839,ppe_train_image1180_f5cc5d6943,ppe_orig,oversample_vest1_oversample_vest2_oversample_vest2_ppe_train_image1180_f5cc5d6943,vest_oversample
c3437bae38b7e14f6511b22e7e689403ce0be839,ppe_train_image1180_f5cc5d6943,ppe_orig,oversample_vest1_oversample_vest2_ppe_train_image1180_f5cc5d6943,vest_oversample
c3437bae38b7e14f6511b22e7e689403ce0be839,ppe_train_image1180_f5cc5d6943,ppe_orig,oversample_vest1_ppe_train_image1180_f5cc5d6943,vest_oversample
c3437bae38b7e14f6511b22e7e689403ce0be839,ppe_train_image1180_f5cc5d6943,ppe_orig,oversample_vest2_oversample_vest1_oversample_vest1_ppe_train_image1180_f5cc5d6943,vest_oversample
c3437bae38b7e14f6511b22e7e689403ce0be839,ppe_train_image1180_f5cc5d6943,ppe_orig,oversample_vest2_oversample_vest1_oversample_vest2_ppe_train_image1180_f5cc5d6943,vest_oversample
c3437bae38b7e14f6511b22e7e689403ce0be839,ppe_train_image1180_f5cc5d6943,ppe_orig,oversample_vest2_oversample_vest1_ppe_train_image1180_f5cc5d6943,vest_oversample
c3437bae38b7e14f6511b22e7e689403ce0be839,ppe_train_image1180_f5cc5d6943,ppe_orig,oversample_vest2_oversample_vest2_oversample_vest1_ppe_train_image1180_f5cc5d6943,vest_oversample
c3437bae38b7e14f6511b22e7e689403ce0be839,ppe_train_image1180_f5cc5d6943,ppe_orig,oversample_vest2_oversample_vest2_oversample_vest2_ppe_train_image1180_f5cc5d6943,vest_oversample
c3437bae38b7e14f6511b22e7e689403ce0be839,ppe_train_image1180_f5cc5d6943,ppe_orig,oversample_vest2_oversample_vest2_ppe_train_image1180_f5cc5d6943,vest_oversample
c3437bae38b7e14f6511b22e7e689403ce0be839,ppe_train_image1180_f5cc5d6943,ppe_orig,oversample_vest2_ppe_train_image1180_f5cc5d6943,vest_oversample
e9bee8d8deec1912dd4a6e6b23627471ee7df5a8,ppe_train_image1181_1d63019409,ppe_orig,oversample_vest1_oversample_vest1_oversample_vest1_ppe_train_image1181_1d63019409,vest_oversample
e9bee8d8deec1912dd4a6e6b23627471ee7df5a8,ppe_train_image1181_1d63019409,ppe_orig,oversample_vest1_oversample_vest1_oversample_vest2_ppe_train_image1181_1d63019409,vest_oversample
e9bee8d8deec1912dd4a6e6b23627471ee7df5a8,ppe_train_image1181_1d63019409,ppe_orig,oversample_vest1_oversample_vest1_ppe_train_image1181_1d63019409,vest_oversample
e9bee8d8deec1912dd4a6e6b23627471ee7df5a8,ppe_train_image1181_1d63019409,ppe_orig,oversample_vest1_oversample_vest2_oversample_vest1_ppe_train_image1181_1d63019409,vest_oversample
e9bee8d8deec1912dd4a6e6b23627471ee7df5a8,ppe_train_image1181_1d63019409,ppe_orig,oversample_vest1_oversample_vest2_oversample_vest2_ppe_train_image1181_1d63019409,vest_oversample
e9bee8d8deec1912dd4a6e6b23627471ee7df5a8,ppe_train_image1181_1d63019409,ppe_orig,oversample_vest1_oversample_vest2_ppe_train_image1181_1d63019409,vest_oversample
e9bee8d8deec1912dd4a6e6b23627471ee7df5a8,ppe_train_image1181_1d63019409,ppe_orig,oversample_vest1_ppe_train_image1181_1d63019409,vest_oversample
e9bee8d8deec1912dd4a6e6b23627471ee7df5a8,ppe_train_image1181_1d63019409,ppe_orig,oversample_vest2_oversample_vest1_oversample_vest1_ppe_train_image1181_1d63019409,vest_oversample
e9bee8d8deec1912dd4a6e6b23627471ee7df5a8,ppe_train_image1181_1d63019409,ppe_orig,oversample_vest2_oversample_vest1_oversample_vest2_ppe_train_image1181_1d63019409,vest_oversample
e9bee8d8deec1912dd4a6e6b23627471ee7df5a8,ppe_train_image1181_1d63019409,ppe_orig,oversample_vest2_oversample_vest1_ppe_train_image1181_1d63019409,vest_oversample
e9bee8d8deec1912dd4a6e6b23627471ee7df5a8,ppe_train_image1181_1d63019409,ppe_orig,oversample_vest2_oversample_vest2_oversample_vest1_ppe_train_image1181_1d63019409,vest_oversample
e9bee8d8deec1912dd4a6e6b23627471ee7df5a8,ppe_train_image1181_1d63019409,ppe_orig,oversample_vest2_oversample_vest2_oversample_vest2_ppe_train_image1181_1d63019409,vest_oversample
e9bee8d8deec1912dd4a6e6b23627471ee7df5a8,ppe_train_image1181_1d63019409,ppe_orig,oversample_vest2_oversample_vest2_ppe_train_image1181_1d63019409,vest_oversample
e9bee8d8deec1912dd4a6e6b23627471ee7df5a8,ppe_train_image1181_1d63019409,ppe_orig,oversample_vest2_ppe_train_image1181_1d63019409,vest_oversample
fbc12beacc45b00375f827a4c04571b6d75a3d12,ppe_train_image1182_8569aa2d99,ppe_orig,oversample_vest1_oversample_vest1_oversample_vest1_ppe_train_image1182_8569aa2d99,vest_oversample
fbc12beacc45b00375f827a4c04571b6d75a3d12,ppe_train_image1182_8569aa2d99,ppe_orig,oversample_vest1_oversample_vest1_oversample_vest2_ppe_train_image1182_8569aa2d99,vest_oversample
fbc12beacc45b00375f827a4c04571b6d75a3d12,ppe_train_image1182_8569aa2d99,ppe_orig,oversample_vest1_oversample_vest1_ppe_train_image1182_8569aa2d99,vest_oversample
fbc12beacc45b00375f827a4c04571b6d75a3d12,ppe_train_image1182_8569aa2d99,ppe_orig,oversample_vest1_oversample_vest2_oversample_vest1_ppe_train_image1182_8569aa2d99,vest_oversample
fbc12beacc45b00375f827a4c04571b6d75a3d12,ppe_train_image1182_8569aa2d99,ppe_orig,oversample_vest1_oversample_vest2_oversample_vest2_ppe_train_image1182_8569aa2d99,vest_oversample
fbc12beacc45b00375f827a4c04571b6d75a3d12,ppe_train_image1182_8569aa2d99,ppe_orig,oversample_vest1_oversample_vest2_ppe_train_image1182_8569aa2d99,vest_oversample
fbc12beacc45b00375f827a4c04571b6d75a3d12,ppe_train_image1182_8569aa2d99,ppe_orig,oversample_vest1_ppe_train_image1182_8569aa2d99,vest_oversample
fbc12beacc45b00375f827a4c04571b6d75a3d12,ppe_train_image1182_8569aa2d99,ppe_orig,oversample_vest2_oversample_vest1_oversample_vest1_ppe_train_image1182_8569aa2d99,vest_oversample
fbc12beacc45b00375f827a4c04571b6d75a3d12,ppe_train_image1182_8569aa2d99,ppe_orig,oversample_vest2_oversample_vest1_oversample_vest2_ppe_train_image1182_8569aa2d99,vest_oversample
fbc12beacc45b00375f827a4c04571b6d75a3d12,ppe_train_image1182_8569aa2d99,ppe_orig,oversample_vest2_oversample_vest1_ppe_train_image1182_8569aa2d99,vest_oversample
fbc12beacc45b00375f827a4c04571b6d75a3d12,ppe_train_image1182_8569aa2d99,ppe_orig,oversample_vest2_oversample_vest2_oversample_vest1_ppe_train_image1182_8569aa2d99,vest_oversample
fbc12beacc45b00375f827a4c04571b6d75a3d12,ppe_train_image1182_8569aa2d99,ppe_orig,oversample_vest2_oversample_vest2_oversample_vest2_ppe_train_image1182_8569aa2d99,vest_oversample
fbc12beacc45b00375f827a4c04571b6d75a3d12,ppe_train_image1182_8569aa2d99,ppe_orig,oversample_vest2_oversample_vest2_ppe_train_image1182_8569aa2d99,vest_oversample
fbc12beacc45b00375f827a4c04571b6d75a3d12,ppe_train_image1182_8569aa2d99,ppe_orig,oversample_vest2_ppe_train_image1182_8569aa2d99,vest_oversample
1be52db9265be7fa1c815217258ac33a226cdf76,ppe_train_image1184_6bd15a62d2,ppe_orig,oversample_vest1_oversample_vest1_oversample_vest1_ppe_train_image1184_6bd15a62d2,vest_oversample
1be52db9265be7fa1c815217258ac33a226cdf76,ppe_train_image1184_6bd15a62d2,ppe_orig,oversample_vest1_oversample_vest1_oversample_vest2_ppe_train_image1184_6bd15a62d2,vest_oversample
1be52db9265be7fa1c815217258ac33a226cdf76,ppe_train_image1184_6bd15a62d2,ppe_orig,oversample_vest1_oversample_vest1_ppe_train_image1184_6bd15a62d2,vest_oversample
1be52db9265be7fa1c815217258ac33a226cdf76,ppe_train_image1184_6bd15a62d2,ppe_orig,oversample_vest1_oversample_vest2_oversample_vest1_ppe_train_image1184_6bd15a62d2,vest_oversample
1be52db9265be7fa1c815217258ac33a226cdf76,ppe_train_image1184_6bd15a62d2,ppe_orig,oversample_vest1_oversample_vest2_oversample_vest2_ppe_train_image1184_6bd15a62d2,vest_oversample
1be52db9265be7fa1c815217258ac33a226cdf76,ppe_train_image1184_6bd15a62d2,ppe_orig,oversample_vest1_oversample_vest2_ppe_train_image1184_6bd15a62d2,vest_oversample
1be52db9265be7fa1c815217258ac33a226cdf76,ppe_train_image1184_6bd15a62d2,ppe_orig,oversample_vest1_ppe_train_image1184_6bd15a62d2,vest_oversample
1be52db9265be7fa1c815217258ac33a226cdf76,ppe_train_image1184_6bd15a62d2,ppe_orig,oversample_vest2_oversample_vest1_oversample_vest1_ppe_train_image1184_6bd15a62d2,vest_oversample
1be52db9265be7fa1c815217258ac33a226cdf76,ppe_train_image1184_6bd15a62d2,ppe_orig,oversample_vest2_oversample_vest1_oversample_vest2_ppe_train_image1184_6bd15a62d2,vest_oversample
1be52db9265be7fa1c815217258ac33a226cdf76,ppe_train_image1184_6bd15a62d2,ppe_orig,oversample_vest2_oversample_vest1_ppe_train_image1184_6bd15a62d2,vest_oversample
1be52db9265be7fa1c815217258ac33a226cdf76,ppe_train_image1184_6bd15a62d2,ppe_orig,oversample_vest2_oversample_vest2_oversample_vest1_ppe_train_image1184_6bd15a62d2,vest_oversample
1be52db9265be7fa1c815217258ac33a226cdf76,ppe_train_image1184_6bd15a62d2,ppe_orig,oversample_vest2_oversample_vest2_oversample_vest2_ppe_train_image1184_6bd15a62d2,vest_oversample
1be52db9265be7fa1c815217258ac33a226cdf76,ppe_train_image1184_6bd15a62d2,ppe_orig,oversample_vest2_oversample_vest2_ppe_train_image1184_6bd15a62d2,vest_oversample
1be52db9265be7fa1c815217258ac33a226cdf76,ppe_train_image1184_6bd15a62d2,ppe_orig,oversample_vest2_ppe_train_image1184_6bd15a62d2,vest_oversample
569a5acdfb0781993d848748373c0e48c2bbace4,ppe_train_image1185_d641c0767a,ppe_orig,oversample_vest1_oversample_vest1_oversample_vest1_ppe_train_image1185_d641c0767a,vest_oversample
569a5acdfb0781993d848748373c0e48c2bbace4,ppe_train_image1185_d641c0767a,ppe_orig,oversample_vest1_oversample_vest1_oversample_vest2_ppe_train_image1185_d641c0767a,vest_oversample
569a5acdfb0781993d848748373c0e48c2bbace4,ppe_train_image1185_d641c0767a,ppe_orig,oversample_vest1_oversample_vest1_ppe_train_image1185_d641c0767a,vest_oversample
569a5acdfb0781993d848748373c0e48c2bbace4,ppe_train_image1185_d641c0767a,ppe_orig,oversample_vest1_oversample_vest2_oversample_vest1_ppe_train_image1185_d641c0767a,vest_oversample
569a5acdfb0781993d848748373c0e48c2bbace4,ppe_train_image1185_d641c0767a,ppe_orig,oversample_vest1_oversample_vest2_oversample_vest2_ppe_train_image1185_d641c0767a,vest_oversample
569a5acdfb0781993d848748373c0e48c2bbace4,ppe_train_image1185_d641c0767a,ppe_orig,oversample_vest1_oversample_vest2_ppe_train_image1185_d641c0767a,vest_oversample
569a5acdfb0781993d848748373c0e48c2bbace4,ppe_train_image1185_d641c0767a,ppe_orig,oversample_vest1_ppe_train_image1185_d641c0767a,vest_oversample
569a5acdfb0781993d848748373c0e48c2bbace4,ppe_train_image1185_d641c0767a,ppe_orig,oversample_vest2_oversample_vest1_oversample_vest1_ppe_train_image1185_d641c0767a,vest_oversample
569a5acdfb0781993d848748373c0e48c2bbace4,ppe_train_image1185_d641c0767a,ppe_orig,oversample_vest2_oversample_vest1_oversample_vest2_ppe_train_image1185_d641c0767a,vest_oversample
569a5acdfb0781993d848748373c0e48c2bbace4,ppe_train_image1185_d641c0767a,ppe_orig,oversample_vest2_oversample_vest1_ppe_train_image1185_d641c0767a,vest_oversample
569a5acdfb0781993d848748373c0e48c2bbace4,ppe_train_image1185_d641c0767a,ppe_orig,oversample_vest2_oversample_vest2_oversample_vest1_ppe_train_image1185_d641c0767a,vest_oversample
569a5acdfb0781993d848748373c0e48c2bbace4,ppe_train_image1185_d641c0767a,ppe_orig,oversample_vest2_oversample_vest2_oversample_vest2_ppe_train_image1185_d641c0767a,vest_oversample
569a5acdfb0781993d848748373c0e48c2bbace4,ppe_train_image1185_d641c0767a,ppe_orig,oversample_vest2_oversample_vest2_ppe_train_image1185_d641c0767a,vest_oversample
569a5acdfb0781993d848748373c0e48c2bbace4,ppe_train_image1185_d641c0767a,ppe_orig,oversample_vest2_ppe_train_image1185_d641c0767a,vest_oversample
15bb05d5d5f14fb1674340f887805b03c8e6a5c4,ppe_train_image1186_07183c9a2d,ppe_orig,oversample_vest1_oversample_vest1_oversample_vest1_ppe_train_image1186_07183c9a2d,vest_oversample
15bb05d5d5f14fb1674340f887805b03c8e6a5c4,ppe_train_image1186_07183c9a2d,ppe_orig,oversample_vest1_oversample_vest1_oversample_vest2_ppe_train_image1186_07183c9a2d,vest_oversample
15bb05d5d5f14fb1674340f887805b03c8e6a5c4,ppe_train_image1186_07183c9a2d,ppe_orig,oversample_vest1_oversample_vest1_ppe_train_image1186_07183c9a2d,vest_oversample
15bb05d5d5f14fb1674340f887805b03c8e6a5c4,ppe_train_image1186_07183c9a2d,ppe_orig,oversample_vest1_oversample_vest2_oversample_vest1_ppe_train_image1186_07183c9a2d,vest_oversample
15bb05d5d5f14fb1674340f887805b03c8e6a5c4,ppe_train_image1186_07183c9a2d,ppe_orig,oversample_vest1_oversample_vest2_oversample_vest2_ppe_train_image1186_07183c9a2d,vest_oversample
15bb05d5d5f14fb1674340f887805b03c8e6a5c4,ppe_train_image1186_07183c9a2d,ppe_orig,oversample_vest1_oversample_vest2_ppe_train_image1186_07183c9a2d,vest_oversample
15bb05d5d5f14fb1674340f887805b03c8e6a5c4,ppe_train_image1186_07183c9a2d,ppe_orig,oversample_vest1_ppe_train_image1186_07183c9a2d,vest_oversample
15bb05d5d5f14fb1674340f887805b03c8e6a5c4,ppe_train_image1186_07183c9a2d,ppe_orig,oversample_vest2_oversample_vest1_oversample_vest1_ppe_train_image1186_07183c9a2d,vest_oversample
15bb05d5d5f14fb1674340f887805b03c8e6a5c4,ppe_train_image1186_07183c9a2d,ppe_orig,oversample_vest2_oversample_vest1_oversample_vest2_ppe_train_image1186_07183c9a2d,vest_oversample
15bb05d5d5f14fb1674340f887805b03c8e6a5c4,ppe_train_image1186_07183c9a2d,ppe_orig,oversample_vest2_oversample_vest1_ppe_train_image1186_07183c9a2d,vest_oversample
15bb05d5d5f14fb1674340f887805b03c8e6a5c4,ppe_train_image1186_07183c9a2d,ppe_orig,oversample_vest2_oversample_vest2_oversample_vest1_ppe_train_image1186_07183c9a2d,vest_oversample
15bb05d5d5f14fb1674340f887805b03c8e6a5c4,ppe_train_image1186_07183c9a2d,ppe_orig,oversample_vest2_oversample_vest2_oversample_vest2_ppe_train_image1186_07183c9a2d,vest_oversample
15bb05d5d5f14fb1674340f887805b03c8e6a5c4,ppe_train_image1186_07183c9a2d,ppe_orig,oversample_vest2_oversample_vest2_ppe_train_image1186_07183c9a2d,vest_oversample
15bb05d5d5f14fb1674340f887805b03c8e6a5c4,ppe_train_image1186_07183c9a2d,ppe_orig,oversample_vest2_ppe_train_image1186_07183c9a2d,vest_oversample
f4ffb4e2efb753b40b801c921696a1b5ef6d7436,ppe_train_image1187_04120bd9bc,ppe_orig,oversample_vest1_oversample_vest1_oversample_vest1_ppe_train_image1187_04120bd9bc,vest_oversample
f4ffb4e2efb753b40b801c921696a1b5ef6d7436,ppe_train_image1187_04120bd9bc,ppe_orig,oversample_vest1_oversample_vest1_oversample_vest2_ppe_train_image1187_04120bd9bc,vest_oversample
f4ffb4e2efb753b40b801c921696a1b5ef6d7436,ppe_train_image1187_04120bd9bc,ppe_orig,oversample_vest1_oversample_vest1_ppe_train_image1187_04120bd9bc,vest_oversample
f4ffb4e2efb753b40b801c921696a1b5ef6d7436,ppe_train_image1187_04120bd9bc,ppe_orig,oversample_vest1_oversample_vest2_oversample_vest1_ppe_train_image1187_04120bd9bc,vest_oversample
f4ffb4e2efb753b40b801c921696a1b5ef6d7436,ppe_train_image1187_04120bd9bc,ppe_orig,oversample_vest1_oversample_vest2_oversample_vest2_ppe_train_image1187_04120bd9bc,vest_oversample
f4ffb4e2efb753b40b801c921696a1b5ef6d7436,ppe_train_image1187_04120bd9bc,ppe_orig,oversample_vest1_oversample_vest2_ppe_train_image1187_04120bd9bc,vest_oversample
f4ffb4e2efb753b40b801c921696a1b5ef6d7436,ppe_train_image1187_04120bd9bc,ppe_orig,oversample_vest1_ppe_train_image1187_04120bd9bc,vest_oversample
f4ffb4e2efb753b40b801c921696a1b5ef6d7436,ppe_train_image1187_04120bd9bc,ppe_orig,oversample_vest2_oversample_vest1_oversample_vest1_ppe_train_image1187_04120bd9bc,vest_oversample
f4ffb4e2efb753b40b801c921696a1b5ef6d7436,ppe_train_image1187_04120bd9bc,ppe_orig,oversample_vest2_oversample_vest1_oversample_vest2_ppe_train_image1187_04120bd9bc,vest_oversample
f4ffb4e2efb753b40b801c921696a1b5ef6d7436,ppe_train_image1187_04120bd9bc,ppe_orig,oversample_vest2_oversample_vest1_ppe_train_image1187_04120bd9bc,vest_oversample
f4ffb4e2efb753b40b801c921696a1b5ef6d7436,ppe_train_image1187_04120bd9bc,ppe_orig,oversample_vest2_oversample_vest2_oversample_vest1_ppe_train_image1187_04120bd9bc,vest_oversample
f4ffb4e2efb753b40b801c921696a1b5ef6d7436,ppe_train_image1187_04120bd9bc,ppe_orig,oversample_vest2_oversample_vest2_oversample_vest2_ppe_train_image1187_04120bd9bc,vest_oversample
f4ffb4e2efb753b40b801c921696a1b5ef6d7436,ppe_train_image1187_04120bd9bc,ppe_orig,oversample_vest2_oversample_vest2_ppe_train_image1187_04120bd9bc,vest_oversample
f4ffb4e2efb753b40b801c921696a1b5ef6d7436,ppe_train_image1187_04120bd9bc,ppe_orig,oversample_vest2_ppe_train_image1187_04120bd9bc,vest_oversample
c3939d491364f503a52199b65cb4c3ec63ed2381,ppe_train_image1188_38f3213198,ppe_orig,oversample_vest1_oversample_vest1_oversample_vest1_ppe_train_image1188_38f3213198,vest_oversample
c3939d491364f503a52199b65cb4c3ec63ed2381,ppe_train_image1188_38f3213198,ppe_orig,oversample_vest1_oversample_vest1_oversample_vest2_ppe_train_image1188_38f3213198,vest_oversample
c3939d491364f503a52199b65cb4c3ec63ed2381,ppe_train_image1188_38f3213198,ppe_orig,oversample_vest1_oversample_vest1_ppe_train_image1188_38f3213198,vest_oversample
c3939d491364f503a52199b65cb4c3ec63ed2381,ppe_train_image1188_38f3213198,ppe_orig,oversample_vest1_oversample_vest2_oversample_vest1_ppe_train_image1188_38f3213198,vest_oversample
c3939d491364f503a52199b65cb4c3ec63ed2381,ppe_train_image1188_38f3213198,ppe_orig,oversample_vest1_oversample_vest2_oversample_vest2_ppe_train_image1188_38f3213198,vest_oversample
c3939d491364f503a52199b65cb4c3ec63ed2381,ppe_train_image1188_38f3213198,ppe_orig,oversample_vest1_oversample_vest2_ppe_train_image1188_38f3213198,vest_oversample
c3939d491364f503a52199b65cb4c3ec63ed2381,ppe_train_image1188_38f3213198,ppe_orig,oversample_vest1_ppe_train_image1188_38f3213198,vest_oversample
c3939d491364f503a52199b65cb4c3ec63ed2381,ppe_train_image1188_38f3213198,ppe_orig,oversample_vest2_oversample_vest1_oversample_vest1_ppe_train_image1188_38f3213198,vest_oversample
c3939d491364f503a52199b65cb4c3ec63ed2381,ppe_train_image1188_38f3213198,ppe_orig,oversample_vest2_oversample_vest1_oversample_vest2_ppe_train_image1188_38f3213198,vest_oversample
c3939d491364f503a52199b65cb4c3ec63ed2381,ppe_train_image1188_38f3213198,ppe_orig,oversample_vest2_oversample_vest1_ppe_train_image1188_38f3213198,vest_oversample
c3939d491364f503a52199b65cb4c3ec63ed2381,ppe_train_image1188_38f3213198,ppe_orig,oversample_vest2_oversample_vest2_oversample_vest1_ppe_train_image1188_38f3213198,vest_oversample
c3939d491364f503a52199b65cb4c3ec63ed2381,ppe_train_image1188_38f3213198,ppe_orig,oversample_vest2_oversample_vest2_oversample_vest2_ppe_train_image1188_38f3213198,vest_oversample
c3939d491364f503a52199b65cb4c3ec63ed2381,ppe_train_image1188_38f3213198,ppe_orig,oversample_vest2_oversample_vest2_ppe_train_image1188_38f3213198,vest_oversample
c3939d491364f503a52199b65cb4c3ec63ed2381,ppe_train_image1188_38f3213198,ppe_orig,oversample_vest2_ppe_train_image1188_38f3213198,vest_oversample
794f6cd81425648f32db56d04dc5517ec2c3fb1f,ppe_train_image1189_d7f2c309c7,ppe_orig,oversample_vest1_oversample_vest1_oversample_vest1_ppe_train_image1189_d7f2c309c7,vest_oversample
794f6cd81425648f32db56d04dc5517ec2c3fb1f,ppe_train_image1189_d7f2c309c7,ppe_orig,oversample_vest1_oversample_vest1_oversample_vest2_ppe_train_image1189_d7f2c309c7,vest_oversample
794f6cd81425648f32db56d04dc5517ec2c3fb1f,ppe_train_image1189_d7f2c309c7,ppe_orig,oversample_vest1_oversample_vest1_ppe_train_image1189_d7f2c309c7,vest_oversample
794f6cd81425648f32db56d04dc5517ec2c3fb1f,ppe_train_image1189_d7f2c309c7,ppe_orig,oversample_vest1_oversample_vest2_oversample_vest1_ppe_train_image1189_d7f2c309c7,vest_oversample
794f6cd81425648f32db56d04dc5517ec2c3fb1f,ppe_train_image1189_d7f2c309c7,ppe_orig,oversample_vest1_oversample_vest2_oversample_vest2_ppe_train_image1189_d7f2c309c7,vest_oversample
794f6cd81425648f32db56d04dc5517ec2c3fb1f,ppe_train_image1189_d7f2c309c7,ppe_orig,oversample_vest1_oversample_vest2_ppe_train_image1189_d7f2c309c7,vest_oversample
794f6cd81425648f32db56d04dc5517ec2c3fb1f,ppe_train_image1189_d7f2c309c7,ppe_orig,oversample_vest1_ppe_train_image1189_d7f2c309c7,vest_oversample
794f6cd81425648f32db56d04dc5517ec2c3fb1f,ppe_train_image1189_d7f2c309c7,ppe_orig,oversample_vest2_oversample_vest1_oversample_vest1_ppe_train_image1189_d7f2c309c7,vest_oversample
794f6cd81425648f32db56d04dc5517ec2c3fb1f,ppe_train_image1189_d7f2c309c7,ppe_orig,oversample_vest2_oversample_vest1_oversample_vest2_ppe_train_image1189_d7f2c309c7,vest_oversample
794f6cd81425648f32db56d04dc5517ec2c3fb1f,ppe_train_image1189_d7f2c309c7,ppe_orig,oversample_vest2_oversample_vest1_ppe_train_image1189_d7f2c309c7,vest_oversample
794f6cd81425648f32db56d04dc5517ec2c3fb1f,ppe_train_image1189_d7f2c309c7,ppe_orig,oversample_vest2_oversample_vest2_oversample_vest1_ppe_train_image1189_d7f2c309c7,vest_oversample
794f6cd81425648f32db56d04dc5517ec2c3fb1f,ppe_train_image1189_d7f2c309c7,ppe_orig,oversample_vest2_oversample_vest2_oversample_vest2_ppe_train_image1189_d7f2c309c7,vest_oversample
794f6cd81425648f32db56d04dc5517ec2c3fb1f,ppe_train_image1189_d7f2c309c7,ppe_orig,oversample_vest2_oversample_vest2_ppe_train_image1189_d7f2c309c7,vest_oversample
794f6cd81425648f32db56d04dc5517ec2c3fb1f,ppe_train_image1189_d7f2c309c7,ppe_orig,oversample_vest2_ppe_train_image1189_d7f2c309c7,vest_oversample
222b54f6289bbcba6268594a78124b6cb2767d5a,ppe_train_image1191_91d8efbe25,ppe_orig,oversample_vest1_oversample_vest1_oversample_vest1_ppe_train_image1191_91d8efbe25,vest_oversample
222b54f6289bbcba6268594a78124b6cb2767d5a,ppe_train_image1191_91d8efbe25,ppe_orig,oversample_vest1_oversample_vest1_oversample_vest2_ppe_train_image1191_91d8efbe25,vest_oversample
222b54f6289bbcba6268594a78124b6cb2767d5a,ppe_train_image1191_91d8efbe25,ppe_orig,oversample_vest1_oversample_vest1_ppe_train_image1191_91d8efbe25,vest_oversample
222b54f6289bbcba6268594a78124b6cb2767d5a,ppe_train_image1191_91d8efbe25,ppe_orig,oversample_vest1_oversample_vest2_oversample_vest1_ppe_train_image1191_91d8efbe25,vest_oversample
222b54f6289bbcba6268594a78124b6cb2767d5a,ppe_train_image1191_91d8efbe25,ppe_orig,oversample_vest1_oversample_vest2_oversample_vest2_ppe_train_image1191_91d8efbe25,vest_oversample
222b54f6289bbcba6268594a78124b6cb2767d5a,ppe_train_image1191_91d8efbe25,ppe_orig,oversample_vest1_oversample_vest2_ppe_train_image1191_91d8efbe25,vest_oversample
222b54f6289bbcba6268594a78124b6cb2767d5a,ppe_train_image1191_91d8efbe25,ppe_orig,oversample_vest1_ppe_train_image1191_91d8efbe25,vest_oversample
222b54f6289bbcba6268594a78124b6cb2767d5a,ppe_train_image1191_91d8efbe25,ppe_orig,oversample_vest2_oversample_vest1_oversample_vest1_ppe_train_image1191_91d8efbe25,vest_oversample
222b54f6289bbcba6268594a78124b6cb2767d5a,ppe_train_image1191_91d8efbe25,ppe_orig,oversample_vest2_oversample_vest1_oversample_vest2_ppe_train_image1191_91d8efbe25,vest_oversample
222b54f6289bbcba6268594a78124b6cb2767d5a,ppe_train_image1191_91d8efbe25,ppe_orig,oversample_vest2_oversample_vest1_ppe_train_image1191_91d8efbe25,vest_oversample
222b54f6289bbcba6268594a78124b6cb2767d5a,ppe_train_image1191_91d8efbe25,ppe_orig,oversample_vest2_oversample_vest2_oversample_vest1_ppe_train_image1191_91d8efbe25,vest_oversample
222b54f6289bbcba6268594a78124b6cb2767d5a,ppe_train_image1191_91d8efbe25,ppe_orig,oversample_vest2_oversample_vest2_oversample_vest2_ppe_train_image1191_91d8efbe25,vest_oversample
222b54f6289bbcba6268594a78124b6cb2767d5a,ppe_train_image1191_91d8efbe25,ppe_orig,oversample_vest2_oversample_vest2_ppe_train_image1191_91d8efbe25,vest_oversample
222b54f6289bbcba6268594a78124b6cb2767d5a,ppe_train_image1191_91d8efbe25,ppe_orig,oversample_vest2_ppe_train_image1191_91d8efbe25,vest_oversample
440dff6d44d72b83e610fba7c1caa1a4b34d4481,ppe_train_image1192_dec5ba2617,ppe_orig,oversample_vest1_oversample_vest1_oversample_vest1_ppe_train_image1192_dec5ba2617,vest_oversample
440dff6d44d72b83e610fba7c1caa1a4b34d4481,ppe_train_image1192_dec5ba2617,ppe_orig,oversample_vest1_oversample_vest1_oversample_vest2_ppe_train_image1192_dec5ba2617,vest_oversample
440dff6d44d72b83e610fba7c1caa1a4b34d4481,ppe_train_image1192_dec5ba2617,ppe_orig,oversample_vest1_oversample_vest1_ppe_train_image1192_dec5ba2617,vest_oversample
440dff6d44d72b83e610fba7c1caa1a4b34d4481,ppe_train_image1192_dec5ba2617,ppe_orig,oversample_vest1_oversample_vest2_oversample_vest1_ppe_train_image1192_dec5ba2617,vest_oversample
440dff6d44d72b83e610fba7c1caa1a4b34d4481,ppe_train_image1192_dec5ba2617,ppe_orig,oversample_vest1_oversample_vest2_oversample_vest2_ppe_train_image1192_dec5ba2617,vest_oversample
440dff6d44d72b83e610fba7c1caa1a4b34d4481,ppe_train_image1192_dec5ba2617,ppe_orig,oversample_vest1_oversample_vest2_ppe_train_image1192_dec5ba2617,vest_oversample
440dff6d44d72b83e610fba7c1caa1a4b34d4481,ppe_train_image1192_dec5ba2617,ppe_orig,oversample_vest1_ppe_train_image1192_dec5ba2617,vest_oversample
440dff6d44d72b83e610fba7c1caa1a4b34d4481,ppe_train_image1192_dec5ba2617,ppe_orig,oversample_vest2_oversample_vest1_oversample_vest1_ppe_train_image1192_dec5ba2617,vest_oversample
440dff6d44d72b83e610fba7c1caa1a4b34d4481,ppe_train_image1192_dec5ba2617,ppe_orig,oversample_vest2_oversample_vest1_oversample_vest2_ppe_train_image1192_dec5ba2617,vest_oversample
440dff6d44d72b83e610fba7c1caa1a4b34d4481,ppe_train_image1192_dec5ba2617,ppe_orig,oversample_vest2_oversample_vest1_ppe_train_image1192_dec5ba2617,vest_oversample
440dff6d44d72b83e610fba7c1caa1a4b34d4481,ppe_train_image1192_dec5ba2617,ppe_orig,oversample_vest2_oversample_vest2_oversample_vest1_ppe_train_image1192_dec5ba2617,vest_oversample
440dff6d44d72b83e610fba7c1caa1a4b34d4481,ppe_train_image1192_dec5ba2617,ppe_orig,oversample_vest2_oversample_vest2_oversample_vest2_ppe_train_image1192_dec5ba2617,vest_oversample
440dff6d44d72b83e610fba7c1caa1a4b34d4481,ppe_train_image1192_dec5ba2617,ppe_orig,oversample_vest2_oversample_vest2_ppe_train_image1192_dec5ba2617,vest_oversample
440dff6d44d72b83e610fba7c1caa1a4b34d4481,ppe_train_image1192_dec5ba2617,ppe_orig,oversample_vest2_ppe_train_image1192_dec5ba2617,vest_oversample
053fed7ac182ed82c7f2512d1b3e30d773fee80b,ppe_train_image1194_87e4620dba,ppe_orig,oversample_vest1_oversample_vest1_oversample_vest1_ppe_train_image1194_87e4620dba,vest_oversample
053fed7ac182ed82c7f2512d1b3e30d773fee80b,ppe_train_image1194_87e4620dba,ppe_orig,oversample_vest1_oversample_vest1_oversample_vest2_ppe_train_image1194_87e4620dba,vest_oversample
053fed7ac182ed82c7f2512d1b3e30d773fee80b,ppe_train_image1194_87e4620dba,ppe_orig,oversample_vest1_oversample_vest1_ppe_train_image1194_87e4620dba,vest_oversample
053fed7ac182ed82c7f2512d1b3e30d773fee80b,ppe_train_image1194_87e4620dba,ppe_orig,oversample_vest1_oversample_vest2_oversample_vest1_ppe_train_image1194_87e4620dba,vest_oversample
053fed7ac182ed82c7f2512d1b3e30d773fee80b,ppe_train_image1194_87e4620dba,ppe_orig,oversample_vest1_oversample_vest2_oversample_vest2_ppe_train_image1194_87e4620dba,vest_oversample
053fed7ac182ed82c7f2512d1b3e30d773fee80b,ppe_train_image1194_87e4620dba,ppe_orig,oversample_vest1_oversample_vest2_ppe_train_image1194_87e4620dba,vest_oversample
053fed7ac182ed82c7f2512d1b3e30d773fee80b,ppe_train_image1194_87e4620dba,ppe_orig,oversample_vest1_ppe_train_image1194_87e4620dba,vest_oversample
053fed7ac182ed82c7f2512d1b3e30d773fee80b,ppe_train_image1194_87e4620dba,ppe_orig,oversample_vest2_oversample_vest1_oversample_vest1_ppe_train_image1194_87e4620dba,vest_oversample
053fed7ac182ed82c7f2512d1b3e30d773fee80b,ppe_train_image1194_87e4620dba,ppe_orig,oversample_vest2_oversample_vest1_oversample_vest2_ppe_train_image1194_87e4620dba,vest_oversample
053fed7ac182ed82c7f2512d1b3e30d773fee80b,ppe_train_image1194_87e4620dba,ppe_orig,oversample_vest2_oversample_vest1_ppe_train_image1194_87e4620dba,vest_oversample
053fed7ac182ed82c7f2512d1b3e30d773fee80b,ppe_train_image1194_87e4620dba,ppe_orig,oversample_vest2_oversample_vest2_oversample_vest1_ppe_train_image1194_87e4620dba,vest_oversample
053fed7ac182ed82c7f2512d1b3e30d773fee80b,ppe_train_image1194_87e4620dba,ppe_orig,oversample_vest2_oversample_vest2_oversample_vest2_ppe_train_image1194_87e4620dba,vest_oversample
053fed7ac182ed82c7f2512d1b3e30d773fee80b,ppe_train_image1194_87e4620dba,ppe_orig,oversample_vest2_oversample_vest2_ppe_train_image1194_87e4620dba,vest_oversample
053fed7ac182ed82c7f2512d1b3e30d773fee80b,ppe_train_image1194_87e4620dba,ppe_orig,oversample_vest2_ppe_train_image1194_87e4620dba,vest_oversample
ac82e193321c262f29d9e8ae6ec695ddf5d1b63e,ppe_train_image1195_c961590669,ppe_orig,oversample_vest1_oversample_vest1_oversample_vest1_ppe_train_image1195_c961590669,vest_oversample
ac82e193321c262f29d9e8ae6ec695ddf5d1b63e,ppe_train_image1195_c961590669,ppe_orig,oversample_vest1_oversample_vest1_oversample_vest2_ppe_train_image1195_c961590669,vest_oversample
ac82e193321c262f29d9e8ae6ec695ddf5d1b63e,ppe_train_image1195_c961590669,ppe_orig,oversample_vest1_oversample_vest1_ppe_train_image1195_c961590669,vest_oversample
ac82e193321c262f29d9e8ae6ec695ddf5d1b63e,ppe_train_image1195_c961590669,ppe_orig,oversample_vest1_oversample_vest2_oversample_vest1_ppe_train_image1195_c961590669,vest_oversample
ac82e193321c262f29d9e8ae6ec695ddf5d1b63e,ppe_train_image1195_c961590669,ppe_orig,oversample_vest1_oversample_vest2_oversample_vest2_ppe_train_image1195_c961590669,vest_oversample
ac82e193321c262f29d9e8ae6ec695ddf5d1b63e,ppe_train_image1195_c961590669,ppe_orig,oversample_vest1_oversample_vest2_ppe_train_image1195_c961590669,vest_oversample
ac82e193321c262f29d9e8ae6ec695ddf5d1b63e,ppe_train_image1195_c961590669,ppe_orig,oversample_vest1_ppe_train_image1195_c961590669,vest_oversample
ac82e193321c262f29d9e8ae6ec695ddf5d1b63e,ppe_train_image1195_c961590669,ppe_orig,oversample_vest2_oversample_vest1_oversample_vest1_ppe_train_image1195_c961590669,vest_oversample
ac82e193321c262f29d9e8ae6ec695ddf5d1b63e,ppe_train_image1195_c961590669,ppe_orig,oversample_vest2_oversample_vest1_oversample_vest2_ppe_train_image1195_c961590669,vest_oversample
ac82e193321c262f29d9e8ae6ec695ddf5d1b63e,ppe_train_image1195_c961590669,ppe_orig,oversample_vest2_oversample_vest1_ppe_train_image1195_c961590669,vest_oversample
ac82e193321c262f29d9e8ae6ec695ddf5d1b63e,ppe_train_image1195_c961590669,ppe_orig,oversample_vest2_oversample_vest2_oversample_vest1_ppe_train_image1195_c961590669,vest_oversample
ac82e193321c262f29d9e8ae6ec695ddf5d1b63e,ppe_train_image1195_c961590669,ppe_orig,oversample_vest2_oversample_vest2_oversample_vest2_ppe_train_image1195_c961590669,vest_oversample
ac82e193321c262f29d9e8ae6ec695ddf5d1b63e,ppe_train_image1195_c961590669,ppe_orig,oversample_vest2_oversample_vest2_ppe_train_image1195_c961590669,vest_oversample
ac82e193321c262f29d9e8ae6ec695ddf5d1b63e,ppe_train_image1195_c961590669,ppe_orig,oversample_vest2_ppe_train_image1195_c961590669,vest_oversample
af349e10a7085f3843adb12669264f89a7a882e7,ppe_train_image1196_a1c3de5a79,ppe_orig,oversample_vest1_oversample_vest1_oversample_vest1_ppe_train_image1196_a1c3de5a79,vest_oversample
af349e10a7085f3843adb12669264f89a7a882e7,ppe_train_image1196_a1c3de5a79,ppe_orig,oversample_vest1_oversample_vest1_oversample_vest2_ppe_train_image1196_a1c3de5a79,vest_oversample
af349e10a7085f3843adb12669264f89a7a882e7,ppe_train_image1196_a1c3de5a79,ppe_orig,oversample_vest1_oversample_vest1_ppe_train_image1196_a1c3de5a79,vest_oversample
af349e10a7085f3843adb12669264f89a7a882e7,ppe_train_image1196_a1c3de5a79,ppe_orig,oversample_vest1_oversample_vest2_oversample_vest1_ppe_train_image1196_a1c3de5a79,vest_oversample
af349e10a7085f3843adb12669264f89a7a882e7,ppe_train_image1196_a1c3de5a79,ppe_orig,oversample_vest1_oversample_vest2_oversample_vest2_ppe_train_image1196_a1c3de5a79,vest_oversample
af349e10a7085f3843adb12669264f89a7a882e7,ppe_train_image1196_a1c3de5a79,ppe_orig,oversample_vest1_oversample_vest2_ppe_train_image1196_a1c3de5a79,vest_oversample
af349e10a7085f3843adb12669264f89a7a882e7,ppe_train_image1196_a1c3de5a79,ppe_orig,oversample_vest1_ppe_train_image1196_a1c3de5a79,vest_oversample
af349e10a7085f3843adb12669264f89a7a882e7,ppe_train_image1196_a1c3de5a79,ppe_orig,oversample_vest2_oversample_vest1_oversample_vest1_ppe_train_image1196_a1c3de5a79,vest_oversample
af349e10a7085f3843adb12669264f89a7a882e7,ppe_train_image1196_a1c3de5a79,ppe_orig,oversample_vest2_oversample_vest1_oversample_vest2_ppe_train_image1196_a1c3de5a79,vest_oversample
af349e10a7085f3843adb12669264f89a7a882e7,ppe_train_image1196_a1c3de5a79,ppe_orig,oversample_vest2_oversample_vest1_ppe_train_image1196_a1c3de5a79,vest_oversample
af349e10a7085f3843adb12669264f89a7a882e7,ppe_train_image1196_a1c3de5a79,ppe_orig,oversample_vest2_oversample_vest2_oversample_vest1_ppe_train_image1196_a1c3de5a79,vest_oversample
af349e10a7085f3843adb12669264f89a7a882e7,ppe_train_image1196_a1c3de5a79,ppe_orig,oversample_vest2_oversample_vest2_oversample_vest2_ppe_train_image1196_a1c3de5a79,vest_oversample
af349e10a7085f3843adb12669264f89a7a882e7,ppe_train_image1196_a1c3de5a79,ppe_orig,oversample_vest2_oversample_vest2_ppe_train_image1196_a1c3de5a79,vest_oversample
af349e10a7085f3843adb12669264f89a7a882e7,ppe_train_image1196_a1c3de5a79,ppe_orig,oversample_vest2_ppe_train_image1196_a1c3de5a79,vest_oversample
1eaa037321c1f34b4c4fcae0eb7b9e7ec570495a,ppe_train_image1197_444a540209,ppe_orig,oversample_vest1_oversample_vest1_oversample_vest1_ppe_train_image1197_444a540209,vest_oversample
1eaa037321c1f34b4c4fcae0eb7b9e7ec570495a,ppe_train_image1197_444a540209,ppe_orig,oversample_vest1_oversample_vest1_oversample_vest2_ppe_train_image1197_444a540209,vest_oversample
1eaa037321c1f34b4c4fcae0eb7b9e7ec570495a,ppe_train_image1197_444a540209,ppe_orig,oversample_vest1_oversample_vest1_ppe_train_image1197_444a540209,vest_oversample
1eaa037321c1f34b4c4fcae0eb7b9e7ec570495a,ppe_train_image1197_444a540209,ppe_orig,oversample_vest1_oversample_vest2_oversample_vest1_ppe_train_image1197_444a540209,vest_oversample
1eaa037321c1f34b4c4fcae0eb7b9e7ec570495a,ppe_train_image1197_444a540209,ppe_orig,oversample_vest1_oversample_vest2_oversample_vest2_ppe_train_image1197_444a540209,vest_oversample
1eaa037321c1f34b4c4fcae0eb7b9e7ec570495a,ppe_train_image1197_444a540209,ppe_orig,oversample_vest1_oversample_vest2_ppe_train_image1197_444a540209,vest_oversample
1eaa037321c1f34b4c4fcae0eb7b9e7ec570495a,ppe_train_image1197_444a540209,ppe_orig,oversample_vest1_ppe_train_image1197_444a540209,vest_oversample
1eaa037321c1f34b4c4fcae0eb7b9e7ec570495a,ppe_train_image1197_444a540209,ppe_orig,oversample_vest2_oversample_vest1_oversample_vest1_ppe_train_image1197_444a540209,vest_oversample
1eaa037321c1f34b4c4fcae0eb7b9e7ec570495a,ppe_train_image1197_444a540209,ppe_orig,oversample_vest2_oversample_vest1_oversample_vest2_ppe_train_image1197_444a540209,vest_oversample
1eaa037321c1f34b4c4fcae0eb7b9e7ec570495a,ppe_train_image1197_444a540209,ppe_orig,oversample_vest2_oversample_vest1_ppe_train_image1197_444a540209,vest_oversample
1eaa037321c1f34b4c4fcae0eb7b9e7ec570495a,ppe_train_image1197_444a540209,ppe_orig,oversample_vest2_oversample_vest2_oversample_vest1_ppe_train_image1197_444a540209,vest_oversample
1eaa037321c1f34b4c4fcae0eb7b9e7ec570495a,ppe_train_image1197_444a540209,ppe_orig,oversample_vest2_oversample_vest2_oversample_vest2_ppe_train_image1197_444a540209,vest_oversample
1eaa037321c1f34b4c4fcae0eb7b9e7ec570495a,ppe_train_image1197_444a540209,ppe_orig,oversample_vest2_oversample_vest2_ppe_train_image1197_444a540209,vest_oversample
1eaa037321c1f34b4c4fcae0eb7b9e7ec570495a,ppe_train_image1197_444a540209,ppe_orig,oversample_vest2_ppe_train_image1197_444a540209,vest_oversample
df38144146e1ed0d1fb1f8164cc739504961ce29,ppe_train_image1198_4e8076f198,ppe_orig,oversample_vest1_oversample_vest1_oversample_vest1_ppe_train_image1198_4e8076f198,vest_oversample
df38144146e1ed0d1fb1f8164cc739504961ce29,ppe_train_image1198_4e8076f198,ppe_orig,oversample_vest1_oversample_vest1_oversample_vest2_ppe_train_image1198_4e8076f198,vest_oversample
df38144146e1ed0d1fb1f8164cc739504961ce29,ppe_train_image1198_4e8076f198,ppe_orig,oversample_vest1_oversample_vest1_ppe_train_image1198_4e8076f198,vest_oversample
df38144146e1ed0d1fb1f8164cc739504961ce29,ppe_train_image1198_4e8076f198,ppe_orig,oversample_vest1_oversample_vest2_oversample_vest1_ppe_train_image1198_4e8076f198,vest_oversample
df38144146e1ed0d1fb1f8164cc739504961ce29,ppe_train_image1198_4e8076f198,ppe_orig,oversample_vest1_oversample_vest2_oversample_vest2_ppe_train_image1198_4e8076f198,vest_oversample
df38144146e1ed0d1fb1f8164cc739504961ce29,ppe_train_image1198_4e8076f198,ppe_orig,oversample_vest1_oversample_vest2_ppe_train_image1198_4e8076f198,vest_oversample
df38144146e1ed0d1fb1f8164cc739504961ce29,ppe_train_image1198_4e8076f198,ppe_orig,oversample_vest1_ppe_train_image1198_4e8076f198,vest_oversample
df38144146e1ed0d1fb1f8164cc739504961ce29,ppe_train_image1198_4e8076f198,ppe_orig,oversample_vest2_oversample_vest1_oversample_vest1_ppe_train_image1198_4e8076f198,vest_oversample
df38144146e1ed0d1fb1f8164cc739504961ce29,ppe_train_image1198_4e8076f198,ppe_orig,oversample_vest2_oversample_vest1_oversample_vest2_ppe_train_image1198_4e8076f198,vest_oversample
df38144146e1ed0d1fb1f8164cc739504961ce29,ppe_train_image1198_4e8076f198,ppe_orig,oversample_vest2_oversample_vest1_ppe_train_image1198_4e8076f198,vest_oversample
df38144146e1ed0d1fb1f8164cc739504961ce29,ppe_train_image1198_4e8076f198,ppe_orig,oversample_vest2_oversample_vest2_oversample_vest1_ppe_train_image1198_4e8076f198,vest_oversample
df38144146e1ed0d1fb1f8164cc739504961ce29,ppe_train_image1198_4e8076f198,ppe_orig,oversample_vest2_oversample_vest2_oversample_vest2_ppe_train_image1198_4e8076f198,vest_oversample
df38144146e1ed0d1fb1f8164cc739504961ce29,ppe_train_image1198_4e8076f198,ppe_orig,oversample_vest2_oversample_vest2_ppe_train_image1198_4e8076f198,vest_oversample
df38144146e1ed0d1fb1f8164cc739504961ce29,ppe_train_image1198_4e8076f198,ppe_orig,oversample_vest2_ppe_train_image1198_4e8076f198,vest_oversample
dd5bedc8322fa239236619baf4d96761a83edf1c,ppe_train_image1199_9e21c9c67a,ppe_orig,oversample_vest1_oversample_vest1_oversample_vest1_ppe_train_image1199_9e21c9c67a,vest_oversample
dd5bedc8322fa239236619baf4d96761a83edf1c,ppe_train_image1199_9e21c9c67a,ppe_orig,oversample_vest1_oversample_vest1_oversample_vest2_ppe_train_image1199_9e21c9c67a,vest_oversample
dd5bedc8322fa239236619baf4d96761a83edf1c,ppe_train_image1199_9e21c9c67a,ppe_orig,oversample_vest1_oversample_vest1_ppe_train_image1199_9e21c9c67a,vest_oversample
dd5bedc8322fa239236619baf4d96761a83edf1c,ppe_train_image1199_9e21c9c67a,ppe_orig,oversample_vest1_oversample_vest2_oversample_vest1_ppe_train_image1199_9e21c9c67a,vest_oversample
dd5bedc8322fa239236619baf4d96761a83edf1c,ppe_train_image1199_9e21c9c67a,ppe_orig,oversample_vest1_oversample_vest2_oversample_vest2_ppe_train_image1199_9e21c9c67a,vest_oversample
dd5bedc8322fa239236619baf4d96761a83edf1c,ppe_train_image1199_9e21c9c67a,ppe_orig,oversample_vest1_oversample_vest2_ppe_train_image1199_9e21c9c67a,vest_oversample
dd5bedc8322fa239236619baf4d96761a83edf1c,ppe_train_image1199_9e21c9c67a,ppe_orig,oversample_vest1_ppe_train_image1199_9e21c9c67a,vest_oversample
dd5bedc8322fa239236619baf4d96761a83edf1c,ppe_train_image1199_9e21c9c67a,ppe_orig,oversample_vest2_oversample_vest1_oversample_vest1_ppe_train_image1199_9e21c9c67a,vest_oversample
dd5bedc8322fa239236619baf4d96761a83edf1c,ppe_train_image1199_9e21c9c67a,ppe_orig,oversample_vest2_oversample_vest1_oversample_vest2_ppe_train_image1199_9e21c9c67a,vest_oversample
dd5bedc8322fa239236619baf4d96761a83edf1c,ppe_train_image1199_9e21c9c67a,ppe_orig,oversample_vest2_oversample_vest1_ppe_train_image1199_9e21c9c67a,vest_oversample
dd5bedc8322fa239236619baf4d96761a83edf1c,ppe_train_image1199_9e21c9c67a,ppe_orig,oversample_vest2_oversample_vest2_oversample_vest1_ppe_train_image1199_9e21c9c67a,vest_oversample
dd5bedc8322fa239236619baf4d96761a83edf1c,ppe_train_image1199_9e21c9c67a,ppe_orig,oversample_vest2_oversample_vest2_oversample_vest2_ppe_train_image1199_9e21c9c67a,vest_oversample
dd5bedc8322fa239236619baf4d96761a83edf1c,ppe_train_image1199_9e21c9c67a,ppe_orig,oversample_vest2_oversample_vest2_ppe_train_image1199_9e21c9c67a,vest_oversample
dd5bedc8322fa239236619baf4d96761a83edf1c,ppe_train_image1199_9e21c9c67a,ppe_orig,oversample_vest2_ppe_train_image1199_9e21c9c67a,vest_oversample
967e3716d274666ed72f810527f5e1a13dad0d9b,ppe_train_image1200_e105cd7000,ppe_orig,oversample_vest1_oversample_vest1_oversample_vest1_ppe_train_image1200_e105cd7000,vest_oversample
967e3716d274666ed72f810527f5e1a13dad0d9b,ppe_train_image1200_e105cd7000,ppe_orig,oversample_vest1_oversample_vest1_oversample_vest2_ppe_train_image1200_e105cd7000,vest_oversample
967e3716d274666ed72f810527f5e1a13dad0d9b,ppe_train_image1200_e105cd7000,ppe_orig,oversample_vest1_oversample_vest1_ppe_train_image1200_e105cd7000,vest_oversample
967e3716d274666ed72f810527f5e1a13dad0d9b,ppe_train_image1200_e105cd7000,ppe_orig,oversample_vest1_oversample_vest2_oversample_vest1_ppe_train_image1200_e105cd7000,vest_oversample
967e3716d274666ed72f810527f5e1a13dad0d9b,ppe_train_image1200_e105cd7000,ppe_orig,oversample_vest1_oversample_vest2_oversample_vest2_ppe_train_image1200_e105cd7000,vest_oversample
967e3716d274666ed72f810527f5e1a13dad0d9b,ppe_train_image1200_e105cd7000,ppe_orig,oversample_vest1_oversample_vest2_ppe_train_image1200_e105cd7000,vest_oversample
967e3716d274666ed72f810527f5e1a13dad0d9b,ppe_train_image1200_e105cd7000,ppe_orig,oversample_vest1_ppe_train_image1200_e105cd7000,vest_oversample
967e3716d274666ed72f810527f5e1a13dad0d9b,ppe_train_image1200_e105cd7000,ppe_orig,oversample_vest2_oversample_vest1_oversample_vest1_ppe_train_image1200_e105cd7000,vest_oversample
967e3716d274666ed72f810527f5e1a13dad0d9b,ppe_train_image1200_e105cd7000,ppe_orig,oversample_vest2_oversample_vest1_oversample_vest2_ppe_train_image1200_e105cd7000,vest_oversample
967e3716d274666ed72f810527f5e1a13dad0d9b,ppe_train_image1200_e105cd7000,ppe_orig,oversample_vest2_oversample_vest1_ppe_train_image1200_e105cd7000,vest_oversample
967e3716d274666ed72f810527f5e1a13dad0d9b,ppe_train_image1200_e105cd7000,ppe_orig,oversample_vest2_oversample_vest2_oversample_vest1_ppe_train_image1200_e105cd7000,vest_oversample
967e3716d274666ed72f810527f5e1a13dad0d9b,ppe_train_image1200_e105cd7000,ppe_orig,oversample_vest2_oversample_vest2_oversample_vest2_ppe_train_image1200_e105cd7000,vest_oversample
967e3716d274666ed72f810527f5e1a13dad0d9b,ppe_train_image1200_e105cd7000,ppe_orig,oversample_vest2_oversample_vest2_ppe_train_image1200_e105cd7000,vest_oversample
967e3716d274666ed72f810527f5e1a13dad0d9b,ppe_train_image1200_e105cd7000,ppe_orig,oversample_vest2_ppe_train_image1200_e105cd7000,vest_oversample
ecbd501e971392253bcf8e31fb8ab7e916d0bd4b,ppe_train_image1201_36991597b4,ppe_orig,oversample_vest1_oversample_vest1_oversample_vest1_ppe_train_image1201_36991597b4,vest_oversample
ecbd501e971392253bcf8e31fb8ab7e916d0bd4b,ppe_train_image1201_36991597b4,ppe_orig,oversample_vest1_oversample_vest1_oversample_vest2_ppe_train_image1201_36991597b4,vest_oversample
ecbd501e971392253bcf8e31fb8ab7e916d0bd4b,ppe_train_image1201_36991597b4,ppe_orig,oversample_vest1_oversample_vest1_ppe_train_image1201_36991597b4,vest_oversample
ecbd501e971392253bcf8e31fb8ab7e916d0bd4b,ppe_train_image1201_36991597b4,ppe_orig,oversample_vest1_oversample_vest2_oversample_vest1_ppe_train_image1201_36991597b4,vest_oversample
ecbd501e971392253bcf8e31fb8ab7e916d0bd4b,ppe_train_image1201_36991597b4,ppe_orig,oversample_vest1_oversample_vest2_oversample_vest2_ppe_train_image1201_36991597b4,vest_oversample
ecbd501e971392253bcf8e31fb8ab7e916d0bd4b,ppe_train_image1201_36991597b4,ppe_orig,oversample_vest1_oversample_vest2_ppe_train_image1201_36991597b4,vest_oversample
ecbd501e971392253bcf8e31fb8ab7e916d0bd4b,ppe_train_image1201_36991597b4,ppe_orig,oversample_vest1_ppe_train_image1201_36991597b4,vest_oversample
ecbd501e971392253bcf8e31fb8ab7e916d0bd4b,ppe_train_image1201_36991597b4,ppe_orig,oversample_vest2_oversample_vest1_oversample_vest1_ppe_train_image1201_36991597b4,vest_oversample
ecbd501e971392253bcf8e31fb8ab7e916d0bd4b,ppe_train_image1201_36991597b4,ppe_orig,oversample_vest2_oversample_vest1_oversample_vest2_ppe_train_image1201_36991597b4,vest_oversample
ecbd501e971392253bcf8e31fb8ab7e916d0bd4b,ppe_train_image1201_36991597b4,ppe_orig,oversample_vest2_oversample_vest1_ppe_train_image1201_36991597b4,vest_oversample
ecbd501e971392253bcf8e31fb8ab7e916d0bd4b,ppe_train_image1201_36991597b4,ppe_orig,oversample_vest2_oversample_vest2_oversample_vest1_ppe_train_image1201_36991597b4,vest_oversample
ecbd501e971392253bcf8e31fb8ab7e916d0bd4b,ppe_train_image1201_36991597b4,ppe_orig,oversample_vest2_oversample_vest2_oversample_vest2_ppe_train_image1201_36991597b4,vest_oversample
ecbd501e971392253bcf8e31fb8ab7e916d0bd4b,ppe_train_image1201_36991597b4,ppe_orig,oversample_vest2_oversample_vest2_ppe_train_image1201_36991597b4,vest_oversample
ecbd501e971392253bcf8e31fb8ab7e916d0bd4b,ppe_train_image1201_36991597b4,ppe_orig,oversample_vest2_ppe_train_image1201_36991597b4,vest_oversample
610eee5267a6e90302eb2d49fbe3b2ce896c9c64,ppe_train_image1202_50124883b3,ppe_orig,oversample_vest1_oversample_vest1_oversample_vest1_ppe_train_image1202_50124883b3,vest_oversample
610eee5267a6e90302eb2d49fbe3b2ce896c9c64,ppe_train_image1202_50124883b3,ppe_orig,oversample_vest1_oversample_vest1_oversample_vest2_ppe_train_image1202_50124883b3,vest_oversample
610eee5267a6e90302eb2d49fbe3b2ce896c9c64,ppe_train_image1202_50124883b3,ppe_orig,oversample_vest1_oversample_vest1_ppe_train_image1202_50124883b3,vest_oversample
610eee5267a6e90302eb2d49fbe3b2ce896c9c64,ppe_train_image1202_50124883b3,ppe_orig,oversample_vest1_oversample_vest2_oversample_vest1_ppe_train_image1202_50124883b3,vest_oversample
610eee5267a6e90302eb2d49fbe3b2ce896c9c64,ppe_train_image1202_50124883b3,ppe_orig,oversample_vest1_oversample_vest2_oversample_vest2_ppe_train_image1202_50124883b3,vest_oversample
610eee5267a6e90302eb2d49fbe3b2ce896c9c64,ppe_train_image1202_50124883b3,ppe_orig,oversample_vest1_oversample_vest2_ppe_train_image1202_50124883b3,vest_oversample
610eee5267a6e90302eb2d49fbe3b2ce896c9c64,ppe_train_image1202_50124883b3,ppe_orig,oversample_vest1_ppe_train_image1202_50124883b3,vest_oversample
610eee5267a6e90302eb2d49fbe3b2ce896c9c64,ppe_train_image1202_50124883b3,ppe_orig,oversample_vest2_oversample_vest1_oversample_vest1_ppe_train_image1202_50124883b3,vest_oversample
610eee5267a6e90302eb2d49fbe3b2ce896c9c64,ppe_train_image1202_50124883b3,ppe_orig,oversample_vest2_oversample_vest1_oversample_vest2_ppe_train_image1202_50124883b3,vest_oversample
610eee5267a6e90302eb2d49fbe3b2ce896c9c64,ppe_train_image1202_50124883b3,ppe_orig,oversample_vest2_oversample_vest1_ppe_train_image1202_50124883b3,vest_oversample
610eee5267a6e90302eb2d49fbe3b2ce896c9c64,ppe_train_image1202_50124883b3,ppe_orig,oversample_vest2_oversample_vest2_oversample_vest1_ppe_train_image1202_50124883b3,vest_oversample
610eee5267a6e90302eb2d49fbe3b2ce896c9c64,ppe_train_image1202_50124883b3,ppe_orig,oversample_vest2_oversample_vest2_oversample_vest2_ppe_train_image1202_50124883b3,vest_oversample
610eee5267a6e90302eb2d49fbe3b2ce896c9c64,ppe_train_image1202_50124883b3,ppe_orig,oversample_vest2_oversample_vest2_ppe_train_image1202_50124883b3,vest_oversample
610eee5267a6e90302eb2d49fbe3b2ce896c9c64,ppe_train_image1202_50124883b3,ppe_orig,oversample_vest2_ppe_train_image1202_50124883b3,vest_oversample
781362572fda261cfeda1c200e126df01b521d7a,ppe_train_image1204_d701da4e42,ppe_orig,oversample_vest1_oversample_vest1_oversample_vest1_ppe_train_image1204_d701da4e42,vest_oversample
781362572fda261cfeda1c200e126df01b521d7a,ppe_train_image1204_d701da4e42,ppe_orig,oversample_vest1_oversample_vest1_oversample_vest2_ppe_train_image1204_d701da4e42,vest_oversample
781362572fda261cfeda1c200e126df01b521d7a,ppe_train_image1204_d701da4e42,ppe_orig,oversample_vest1_oversample_vest1_ppe_train_image1204_d701da4e42,vest_oversample
781362572fda261cfeda1c200e126df01b521d7a,ppe_train_image1204_d701da4e42,ppe_orig,oversample_vest1_oversample_vest2_oversample_vest1_ppe_train_image1204_d701da4e42,vest_oversample
781362572fda261cfeda1c200e126df01b521d7a,ppe_train_image1204_d701da4e42,ppe_orig,oversample_vest1_oversample_vest2_oversample_vest2_ppe_train_image1204_d701da4e42,vest_oversample
781362572fda261cfeda1c200e126df01b521d7a,ppe_train_image1204_d701da4e42,ppe_orig,oversample_vest1_oversample_vest2_ppe_train_image1204_d701da4e42,vest_oversample
781362572fda261cfeda1c200e126df01b521d7a,ppe_train_image1204_d701da4e42,ppe_orig,oversample_vest1_ppe_train_image1204_d701da4e42,vest_oversample
781362572fda261cfeda1c200e126df01b521d7a,ppe_train_image1204_d701da4e42,ppe_orig,oversample_vest2_oversample_vest1_oversample_vest1_ppe_train_image1204_d701da4e42,vest_oversample
781362572fda261cfeda1c200e126df01b521d7a,ppe_train_image1204_d701da4e42,ppe_orig,oversample_vest2_oversample_vest1_oversample_vest2_ppe_train_image1204_d701da4e42,vest_oversample
781362572fda261cfeda1c200e126df01b521d7a,ppe_train_image1204_d701da4e42,ppe_orig,oversample_vest2_oversample_vest1_ppe_train_image1204_d701da4e42,vest_oversample
781362572fda261cfeda1c200e126df01b521d7a,ppe_train_image1204_d701da4e42,ppe_orig,oversample_vest2_oversample_vest2_oversample_vest1_ppe_train_image1204_d701da4e42,vest_oversample
781362572fda261cfeda1c200e126df01b521d7a,ppe_train_image1204_d701da4e42,ppe_orig,oversample_vest2_oversample_vest2_oversample_vest2_ppe_train_image1204_d701da4e42,vest_oversample
781362572fda261cfeda1c200e126df01b521d7a,ppe_train_image1204_d701da4e42,ppe_orig,oversample_vest2_oversample_vest2_ppe_train_image1204_d701da4e42,vest_oversample
781362572fda261cfeda1c200e126df01b521d7a,ppe_train_image1204_d701da4e42,ppe_orig,oversample_vest2_ppe_train_image1204_d701da4e42,vest_oversample
ea2680df58aa7f400fb01f9fd4374d5ca0ede8fd,ppe_train_image1206_f525ed3041,ppe_orig,oversample_vest1_oversample_vest1_oversample_vest1_ppe_train_image1206_f525ed3041,vest_oversample
ea2680df58aa7f400fb01f9fd4374d5ca0ede8fd,ppe_train_image1206_f525ed3041,ppe_orig,oversample_vest1_oversample_vest1_oversample_vest2_ppe_train_image1206_f525ed3041,vest_oversample
ea2680df58aa7f400fb01f9fd4374d5ca0ede8fd,ppe_train_image1206_f525ed3041,ppe_orig,oversample_vest1_oversample_vest1_ppe_train_image1206_f525ed3041,vest_oversample
ea2680df58aa7f400fb01f9fd4374d5ca0ede8fd,ppe_train_image1206_f525ed3041,ppe_orig,oversample_vest1_oversample_vest2_oversample_vest1_ppe_train_image1206_f525ed3041,vest_oversample
ea2680df58aa7f400fb01f9fd4374d5ca0ede8fd,ppe_train_image1206_f525ed3041,ppe_orig,oversample_vest1_oversample_vest2_oversample_vest2_ppe_train_image1206_f525ed3041,vest_oversample
ea2680df58aa7f400fb01f9fd4374d5ca0ede8fd,ppe_train_image1206_f525ed3041,ppe_orig,oversample_vest1_oversample_vest2_ppe_train_image1206_f525ed3041,vest_oversample
ea2680df58aa7f400fb01f9fd4374d5ca0ede8fd,ppe_train_image1206_f525ed3041,ppe_orig,oversample_vest1_ppe_train_image1206_f525ed3041,vest_oversample
ea2680df58aa7f400fb01f9fd4374d5ca0ede8fd,ppe_train_image1206_f525ed3041,ppe_orig,oversample_vest2_oversample_vest1_oversample_vest1_ppe_train_image1206_f525ed3041,vest_oversample
ea2680df58aa7f400fb01f9fd4374d5ca0ede8fd,ppe_train_image1206_f525ed3041,ppe_orig,oversample_vest2_oversample_vest1_oversample_vest2_ppe_train_image1206_f525ed3041,vest_oversample
ea2680df58aa7f400fb01f9fd4374d5ca0ede8fd,ppe_train_image1206_f525ed3041,ppe_orig,oversample_vest2_oversample_vest1_ppe_train_image1206_f525ed3041,vest_oversample
ea2680df58aa7f400fb01f9fd4374d5ca0ede8fd,ppe_train_image1206_f525ed3041,ppe_orig,oversample_vest2_oversample_vest2_oversample_vest1_ppe_train_image1206_f525ed3041,vest_oversample
ea2680df58aa7f400fb01f9fd4374d5ca0ede8fd,ppe_train_image1206_f525ed3041,ppe_orig,oversample_vest2_oversample_vest2_oversample_vest2_ppe_train_image1206_f525ed3041,vest_oversample
ea2680df58aa7f400fb01f9fd4374d5ca0ede8fd,ppe_train_image1206_f525ed3041,ppe_orig,oversample_vest2_oversample_vest2_ppe_train_image1206_f525ed3041,vest_oversample
ea2680df58aa7f400fb01f9fd4374d5ca0ede8fd,ppe_train_image1206_f525ed3041,ppe_orig,oversample_vest2_ppe_train_image1206_f525ed3041,vest_oversample
ca8c7bb7f2c5c1a132e2ae5c957d28333fd36e16,ppe_train_image1207_5a0250c903,ppe_orig,oversample_vest1_oversample_vest1_oversample_vest1_ppe_train_image1207_5a0250c903,vest_oversample
ca8c7bb7f2c5c1a132e2ae5c957d28333fd36e16,ppe_train_image1207_5a0250c903,ppe_orig,oversample_vest1_oversample_vest1_oversample_vest2_ppe_train_image1207_5a0250c903,vest_oversample
ca8c7bb7f2c5c1a132e2ae5c957d28333fd36e16,ppe_train_image1207_5a0250c903,ppe_orig,oversample_vest1_oversample_vest1_ppe_train_image1207_5a0250c903,vest_oversample
ca8c7bb7f2c5c1a132e2ae5c957d28333fd36e16,ppe_train_image1207_5a0250c903,ppe_orig,oversample_vest1_oversample_vest2_oversample_vest1_ppe_train_image1207_5a0250c903,vest_oversample
ca8c7bb7f2c5c1a132e2ae5c957d28333fd36e16,ppe_train_image1207_5a0250c903,ppe_orig,oversample_vest1_oversample_vest2_oversample_vest2_ppe_train_image1207_5a0250c903,vest_oversample
ca8c7bb7f2c5c1a132e2ae5c957d28333fd36e16,ppe_train_image1207_5a0250c903,ppe_orig,oversample_vest1_oversample_vest2_ppe_train_image1207_5a0250c903,vest_oversample
ca8c7bb7f2c5c1a132e2ae5c957d28333fd36e16,ppe_train_image1207_5a0250c903,ppe_orig,oversample_vest1_ppe_train_image1207_5a0250c903,vest_oversample
ca8c7bb7f2c5c1a132e2ae5c957d28333fd36e16,ppe_train_image1207_5a0250c903,ppe_orig,oversample_vest2_oversample_vest1_oversample_vest1_ppe_train_image1207_5a0250c903,vest_oversample
ca8c7bb7f2c5c1a132e2ae5c957d28333fd36e16,ppe_train_image1207_5a0250c903,ppe_orig,oversample_vest2_oversample_vest1_oversample_vest2_ppe_train_image1207_5a0250c903,vest_oversample
ca8c7bb7f2c5c1a132e2ae5c957d28333fd36e16,ppe_train_image1207_5a0250c903,ppe_orig,oversample_vest2_oversample_vest1_ppe_train_image1207_5a0250c903,vest_oversample
ca8c7bb7f2c5c1a132e2ae5c957d28333fd36e16,ppe_train_image1207_5a0250c903,ppe_orig,oversample_vest2_oversample_vest2_oversample_vest1_ppe_train_image1207_5a0250c903,vest_oversample
ca8c7bb7f2c5c1a132e2ae5c957d28333fd36e16,ppe_train_image1207_5a0250c903,ppe_orig,oversample_vest2_oversample_vest2_oversample_vest2_ppe_train_image1207_5a0250c903,vest_oversample
ca8c7bb7f2c5c1a132e2ae5c957d28333fd36e16,ppe_train_image1207_5a0250c903,ppe_orig,oversample_vest2_oversample_vest2_ppe_train_image1207_5a0250c903,vest_oversample
ca8c7bb7f2c5c1a132e2ae5c957d28333fd36e16,ppe_train_image1207_5a0250c903,ppe_orig,oversample_vest2_ppe_train_image1207_5a0250c903,vest_oversample
b6eb7e06bdab13c794b3d835ce8f77a0e8d7c612,ppe_train_image1208_e01cfe95ca,ppe_orig,oversample_vest1_oversample_vest1_oversample_vest1_ppe_train_image1208_e01cfe95ca,vest_oversample
b6eb7e06bdab13c794b3d835ce8f77a0e8d7c612,ppe_train_image1208_e01cfe95ca,ppe_orig,oversample_vest1_oversample_vest1_oversample_vest2_ppe_train_image1208_e01cfe95ca,vest_oversample
b6eb7e06bdab13c794b3d835ce8f77a0e8d7c612,ppe_train_image1208_e01cfe95ca,ppe_orig,oversample_vest1_oversample_vest1_ppe_train_image1208_e01cfe95ca,vest_oversample
b6eb7e06bdab13c794b3d835ce8f77a0e8d7c612,ppe_train_image1208_e01cfe95ca,ppe_orig,oversample_vest1_oversample_vest2_oversample_vest1_ppe_train_image1208_e01cfe95ca,vest_oversample
b6eb7e06bdab13c794b3d835ce8f77a0e8d7c612,ppe_train_image1208_e01cfe95ca,ppe_orig,oversample_vest1_oversample_vest2_oversample_vest2_ppe_train_image1208_e01cfe95ca,vest_oversample
b6eb7e06bdab13c794b3d835ce8f77a0e8d7c612,ppe_train_image1208_e01cfe95ca,ppe_orig,oversample_vest1_oversample_vest2_ppe_train_image1208_e01cfe95ca,vest_oversample
b6eb7e06bdab13c794b3d835ce8f77a0e8d7c612,ppe_train_image1208_e01cfe95ca,ppe_orig,oversample_vest1_ppe_train_image1208_e01cfe95ca,vest_oversample
b6eb7e06bdab13c794b3d835ce8f77a0e8d7c612,ppe_train_image1208_e01cfe95ca,ppe_orig,oversample_vest2_oversample_vest1_oversample_vest1_ppe_train_image1208_e01cfe95ca,vest_oversample
b6eb7e06bdab13c794b3d835ce8f77a0e8d7c612,ppe_train_image1208_e01cfe95ca,ppe_orig,oversample_vest2_oversample_vest1_oversample_vest2_ppe_train_image1208_e01cfe95ca,vest_oversample
b6eb7e06bdab13c794b3d835ce8f77a0e8d7c612,ppe_train_image1208_e01cfe95ca,ppe_orig,oversample_vest2_oversample_vest1_ppe_train_image1208_e01cfe95ca,vest_oversample
b6eb7e06bdab13c794b3d835ce8f77a0e8d7c612,ppe_train_image1208_e01cfe95ca,ppe_orig,oversample_vest2_oversample_vest2_oversample_vest1_ppe_train_image1208_e01cfe95ca,vest_oversample
b6eb7e06bdab13c794b3d835ce8f77a0e8d7c612,ppe_train_image1208_e01cfe95ca,ppe_orig,oversample_vest2_oversample_vest2_oversample_vest2_ppe_train_image1208_e01cfe95ca,vest_oversample
b6eb7e06bdab13c794b3d835ce8f77a0e8d7c612,ppe_train_image1208_e01cfe95ca,ppe_orig,oversample_vest2_oversample_vest2_ppe_train_image1208_e01cfe95ca,vest_oversample
b6eb7e06bdab13c794b3d835ce8f77a0e8d7c612,ppe_train_image1208_e01cfe95ca,ppe_orig,oversample_vest2_ppe_train_image1208_e01cfe95ca,vest_oversample
f350b2ffa5ee24766de6ba33929283fbb2033b2b,ppe_train_image1209_987f7d8be0,ppe_orig,oversample_vest1_oversample_vest1_oversample_vest1_ppe_train_image1209_987f7d8be0,vest_oversample
f350b2ffa5ee24766de6ba33929283fbb2033b2b,ppe_train_image1209_987f7d8be0,ppe_orig,oversample_vest1_oversample_vest1_oversample_vest2_ppe_train_image1209_987f7d8be0,vest_oversample
f350b2ffa5ee24766de6ba33929283fbb2033b2b,ppe_train_image1209_987f7d8be0,ppe_orig,oversample_vest1_oversample_vest1_ppe_train_image1209_987f7d8be0,vest_oversample
f350b2ffa5ee24766de6ba33929283fbb2033b2b,ppe_train_image1209_987f7d8be0,ppe_orig,oversample_vest1_oversample_vest2_oversample_vest1_ppe_train_image1209_987f7d8be0,vest_oversample
f350b2ffa5ee24766de6ba33929283fbb2033b2b,ppe_train_image1209_987f7d8be0,ppe_orig,oversample_vest1_oversample_vest2_oversample_vest2_ppe_train_image1209_987f7d8be0,vest_oversample
f350b2ffa5ee24766de6ba33929283fbb2033b2b,ppe_train_image1209_987f7d8be0,ppe_orig,oversample_vest1_oversample_vest2_ppe_train_image1209_987f7d8be0,vest_oversample
f350b2ffa5ee24766de6ba33929283fbb2033b2b,ppe_train_image1209_987f7d8be0,ppe_orig,oversample_vest1_ppe_train_image1209_987f7d8be0,vest_oversample
f350b2ffa5ee24766de6ba33929283fbb2033b2b,ppe_train_image1209_987f7d8be0,ppe_orig,oversample_vest2_oversample_vest1_oversample_vest1_ppe_train_image1209_987f7d8be0,vest_oversample
f350b2ffa5ee24766de6ba33929283fbb2033b2b,ppe_train_image1209_987f7d8be0,ppe_orig,oversample_vest2_oversample_vest1_oversample_vest2_ppe_train_image1209_987f7d8be0,vest_oversample
f350b2ffa5ee24766de6ba33929283fbb2033b2b,ppe_train_image1209_987f7d8be0,ppe_orig,oversample_vest2_oversample_vest1_ppe_train_image1209_987f7d8be0,vest_oversample
f350b2ffa5ee24766de6ba33929283fbb2033b2b,ppe_train_image1209_987f7d8be0,ppe_orig,oversample_vest2_oversample_vest2_oversample_vest1_ppe_train_image1209_987f7d8be0,vest_oversample
f350b2ffa5ee24766de6ba33929283fbb2033b2b,ppe_train_image1209_987f7d8be0,ppe_orig,oversample_vest2_oversample_vest2_oversample_vest2_ppe_train_image1209_987f7d8be0,vest_oversample
f350b2ffa5ee24766de6ba33929283fbb2033b2b,ppe_train_image1209_987f7d8be0,ppe_orig,oversample_vest2_oversample_vest2_ppe_train_image1209_987f7d8be0,vest_oversample
f350b2ffa5ee24766de6ba33929283fbb2033b2b,ppe_train_image1209_987f7d8be0,ppe_orig,oversample_vest2_ppe_train_image1209_987f7d8be0,vest_oversample
f5ef4d13a6bf89268d08ccc09448ca7d975f3bed,ppe_train_image1210_609a1f3e7c,ppe_orig,oversample_vest1_oversample_vest1_oversample_vest1_ppe_train_image1210_609a1f3e7c,vest_oversample
f5ef4d13a6bf89268d08ccc09448ca7d975f3bed,ppe_train_image1210_609a1f3e7c,ppe_orig,oversample_vest1_oversample_vest1_oversample_vest2_ppe_train_image1210_609a1f3e7c,vest_oversample
f5ef4d13a6bf89268d08ccc09448ca7d975f3bed,ppe_train_image1210_609a1f3e7c,ppe_orig,oversample_vest1_oversample_vest1_ppe_train_image1210_609a1f3e7c,vest_oversample
f5ef4d13a6bf89268d08ccc09448ca7d975f3bed,ppe_train_image1210_609a1f3e7c,ppe_orig,oversample_vest1_oversample_vest2_oversample_vest1_ppe_train_image1210_609a1f3e7c,vest_oversample
f5ef4d13a6bf89268d08ccc09448ca7d975f3bed,ppe_train_image1210_609a1f3e7c,ppe_orig,oversample_vest1_oversample_vest2_oversample_vest2_ppe_train_image1210_609a1f3e7c,vest_oversample
f5ef4d13a6bf89268d08ccc09448ca7d975f3bed,ppe_train_image1210_609a1f3e7c,ppe_orig,oversample_vest1_oversample_vest2_ppe_train_image1210_609a1f3e7c,vest_oversample
f5ef4d13a6bf89268d08ccc09448ca7d975f3bed,ppe_train_image1210_609a1f3e7c,ppe_orig,oversample_vest1_ppe_train_image1210_609a1f3e7c,vest_oversample
f5ef4d13a6bf89268d08ccc09448ca7d975f3bed,ppe_train_image1210_609a1f3e7c,ppe_orig,oversample_vest2_oversample_vest1_oversample_vest1_ppe_train_image1210_609a1f3e7c,vest_oversample
f5ef4d13a6bf89268d08ccc09448ca7d975f3bed,ppe_train_image1210_609a1f3e7c,ppe_orig,oversample_vest2_oversample_vest1_oversample_vest2_ppe_train_image1210_609a1f3e7c,vest_oversample
f5ef4d13a6bf89268d08ccc09448ca7d975f3bed,ppe_train_image1210_609a1f3e7c,ppe_orig,oversample_vest2_oversample_vest1_ppe_train_image1210_609a1f3e7c,vest_oversample
f5ef4d13a6bf89268d08ccc09448ca7d975f3bed,ppe_train_image1210_609a1f3e7c,ppe_orig,oversample_vest2_oversample_vest2_oversample_vest1_ppe_train_image1210_609a1f3e7c,vest_oversample
f5ef4d13a6bf89268d08ccc09448ca7d975f3bed,ppe_train_image1210_609a1f3e7c,ppe_orig,oversample_vest2_oversample_vest2_oversample_vest2_ppe_train_image1210_609a1f3e7c,vest_oversample
f5ef4d13a6bf89268d08ccc09448ca7d975f3bed,ppe_train_image1210_609a1f3e7c,ppe_orig,oversample_vest2_oversample_vest2_ppe_train_image1210_609a1f3e7c,vest_oversample
f5ef4d13a6bf89268d08ccc09448ca7d975f3bed,ppe_train_image1210_609a1f3e7c,ppe_orig,oversample_vest2_ppe_train_image1210_609a1f3e7c,vest_oversample
a725e6220d95fd5fe1e9cb9779c7bb54186dee2c,ppe_train_image1212_8c799c2bba,ppe_orig,oversample_vest1_oversample_vest1_oversample_vest1_ppe_train_image1212_8c799c2bba,vest_oversample
a725e6220d95fd5fe1e9cb9779c7bb54186dee2c,ppe_train_image1212_8c799c2bba,ppe_orig,oversample_vest1_oversample_vest1_oversample_vest2_ppe_train_image1212_8c799c2bba,vest_oversample
a725e6220d95fd5fe1e9cb9779c7bb54186dee2c,ppe_train_image1212_8c799c2bba,ppe_orig,oversample_vest1_oversample_vest1_ppe_train_image1212_8c799c2bba,vest_oversample
a725e6220d95fd5fe1e9cb9779c7bb54186dee2c,ppe_train_image1212_8c799c2bba,ppe_orig,oversample_vest1_oversample_vest2_oversample_vest1_ppe_train_image1212_8c799c2bba,vest_oversample
a725e6220d95fd5fe1e9cb9779c7bb54186dee2c,ppe_train_image1212_8c799c2bba,ppe_orig,oversample_vest1_oversample_vest2_oversample_vest2_ppe_train_image1212_8c799c2bba,vest_oversample
a725e6220d95fd5fe1e9cb9779c7bb54186dee2c,ppe_train_image1212_8c799c2bba,ppe_orig,oversample_vest1_oversample_vest2_ppe_train_image1212_8c799c2bba,vest_oversample
a725e6220d95fd5fe1e9cb9779c7bb54186dee2c,ppe_train_image1212_8c799c2bba,ppe_orig,oversample_vest1_ppe_train_image1212_8c799c2bba,vest_oversample
a725e6220d95fd5fe1e9cb9779c7bb54186dee2c,ppe_train_image1212_8c799c2bba,ppe_orig,oversample_vest2_oversample_vest1_oversample_vest1_ppe_train_image1212_8c799c2bba,vest_oversample
a725e6220d95fd5fe1e9cb9779c7bb54186dee2c,ppe_train_image1212_8c799c2bba,ppe_orig,oversample_vest2_oversample_vest1_oversample_vest2_ppe_train_image1212_8c799c2bba,vest_oversample
a725e6220d95fd5fe1e9cb9779c7bb54186dee2c,ppe_train_image1212_8c799c2bba,ppe_orig,oversample_vest2_oversample_vest1_ppe_train_image1212_8c799c2bba,vest_oversample
a725e6220d95fd5fe1e9cb9779c7bb54186dee2c,ppe_train_image1212_8c799c2bba,ppe_orig,oversample_vest2_oversample_vest2_oversample_vest1_ppe_train_image1212_8c799c2bba,vest_oversample
a725e6220d95fd5fe1e9cb9779c7bb54186dee2c,ppe_train_image1212_8c799c2bba,ppe_orig,oversample_vest2_oversample_vest2_oversample_vest2_ppe_train_image1212_8c799c2bba,vest_oversample
a725e6220d95fd5fe1e9cb9779c7bb54186dee2c,ppe_train_image1212_8c799c2bba,ppe_orig,oversample_vest2_oversample_vest2_ppe_train_image1212_8c799c2bba,vest_oversample
a725e6220d95fd5fe1e9cb9779c7bb54186dee2c,ppe_train_image1212_8c799c2bba,ppe_orig,oversample_vest2_ppe_train_image1212_8c799c2bba,vest_oversample
ce4aa8daf8f51fda20881a0e382aa1d9be7ddb59,ppe_train_image1213_c4ca8f6a1d,ppe_orig,oversample_vest1_oversample_vest1_oversample_vest1_ppe_train_image1213_c4ca8f6a1d,vest_oversample
ce4aa8daf8f51fda20881a0e382aa1d9be7ddb59,ppe_train_image1213_c4ca8f6a1d,ppe_orig,oversample_vest1_oversample_vest1_oversample_vest2_ppe_train_image1213_c4ca8f6a1d,vest_oversample
ce4aa8daf8f51fda20881a0e382aa1d9be7ddb59,ppe_train_image1213_c4ca8f6a1d,ppe_orig,oversample_vest1_oversample_vest1_ppe_train_image1213_c4ca8f6a1d,vest_oversample
ce4aa8daf8f51fda20881a0e382aa1d9be7ddb59,ppe_train_image1213_c4ca8f6a1d,ppe_orig,oversample_vest1_oversample_vest2_oversample_vest1_ppe_train_image1213_c4ca8f6a1d,vest_oversample
ce4aa8daf8f51fda20881a0e382aa1d9be7ddb59,ppe_train_image1213_c4ca8f6a1d,ppe_orig,oversample_vest1_oversample_vest2_oversample_vest2_ppe_train_image1213_c4ca8f6a1d,vest_oversample
ce4aa8daf8f51fda20881a0e382aa1d9be7ddb59,ppe_train_image1213_c4ca8f6a1d,ppe_orig,oversample_vest1_oversample_vest2_ppe_train_image1213_c4ca8f6a1d,vest_oversample
ce4aa8daf8f51fda20881a0e382aa1d9be7ddb59,ppe_train_image1213_c4ca8f6a1d,ppe_orig,oversample_vest1_ppe_train_image1213_c4ca8f6a1d,vest_oversample
ce4aa8daf8f51fda20881a0e382aa1d9be7ddb59,ppe_train_image1213_c4ca8f6a1d,ppe_orig,oversample_vest2_oversample_vest1_oversample_vest1_ppe_train_image1213_c4ca8f6a1d,vest_oversample
ce4aa8daf8f51fda20881a0e382aa1d9be7ddb59,ppe_train_image1213_c4ca8f6a1d,ppe_orig,oversample_vest2_oversample_vest1_oversample_vest2_ppe_train_image1213_c4ca8f6a1d,vest_oversample
ce4aa8daf8f51fda20881a0e382aa1d9be7ddb59,ppe_train_image1213_c4ca8f6a1d,ppe_orig,oversample_vest2_oversample_vest1_ppe_train_image1213_c4ca8f6a1d,vest_oversample
ce4aa8daf8f51fda20881a0e382aa1d9be7ddb59,ppe_train_image1213_c4ca8f6a1d,ppe_orig,oversample_vest2_oversample_vest2_oversample_vest1_ppe_train_image1213_c4ca8f6a1d,vest_oversample
ce4aa8daf8f51fda20881a0e382aa1d9be7ddb59,ppe_train_image1213_c4ca8f6a1d,ppe_orig,oversample_vest2_oversample_vest2_oversample_vest2_ppe_train_image1213_c4ca8f6a1d,vest_oversample
ce4aa8daf8f51fda20881a0e382aa1d9be7ddb59,ppe_train_image1213_c4ca8f6a1d,ppe_orig,oversample_vest2_oversample_vest2_ppe_train_image1213_c4ca8f6a1d,vest_oversample
ce4aa8daf8f51fda20881a0e382aa1d9be7ddb59,ppe_train_image1213_c4ca8f6a1d,ppe_orig,oversample_vest2_ppe_train_image1213_c4ca8f6a1d,vest_oversample
4aa31f4d7cd389674f98bac776b780ef208760dc,ppe_train_image1214_58dc2bbe46,ppe_orig,oversample_vest1_oversample_vest1_oversample_vest1_ppe_train_image1214_58dc2bbe46,vest_oversample
4aa31f4d7cd389674f98bac776b780ef208760dc,ppe_train_image1214_58dc2bbe46,ppe_orig,oversample_vest1_oversample_vest1_oversample_vest2_ppe_train_image1214_58dc2bbe46,vest_oversample
4aa31f4d7cd389674f98bac776b780ef208760dc,ppe_train_image1214_58dc2bbe46,ppe_orig,oversample_vest1_oversample_vest1_ppe_train_image1214_58dc2bbe46,vest_oversample
4aa31f4d7cd389674f98bac776b780ef208760dc,ppe_train_image1214_58dc2bbe46,ppe_orig,oversample_vest1_oversample_vest2_oversample_vest1_ppe_train_image1214_58dc2bbe46,vest_oversample
4aa31f4d7cd389674f98bac776b780ef208760dc,ppe_train_image1214_58dc2bbe46,ppe_orig,oversample_vest1_oversample_vest2_oversample_vest2_ppe_train_image1214_58dc2bbe46,vest_oversample
4aa31f4d7cd389674f98bac776b780ef208760dc,ppe_train_image1214_58dc2bbe46,ppe_orig,oversample_vest1_oversample_vest2_ppe_train_image1214_58dc2bbe46,vest_oversample
4aa31f4d7cd389674f98bac776b780ef208760dc,ppe_train_image1214_58dc2bbe46,ppe_orig,oversample_vest1_ppe_train_image1214_58dc2bbe46,vest_oversample
4aa31f4d7cd389674f98bac776b780ef208760dc,ppe_train_image1214_58dc2bbe46,ppe_orig,oversample_vest2_oversample_vest1_oversample_vest1_ppe_train_image1214_58dc2bbe46,vest_oversample
4aa31f4d7cd389674f98bac776b780ef208760dc,ppe_train_image1214_58dc2bbe46,ppe_orig,oversample_vest2_oversample_vest1_oversample_vest2_ppe_train_image1214_58dc2bbe46,vest_oversample
4aa31f4d7cd389674f98bac776b780ef208760dc,ppe_train_image1214_58dc2bbe46,ppe_orig,oversample_vest2_oversample_vest1_ppe_train_image1214_58dc2bbe46,vest_oversample
4aa31f4d7cd389674f98bac776b780ef208760dc,ppe_train_image1214_58dc2bbe46,ppe_orig,oversample_vest2_oversample_vest2_oversample_vest1_ppe_train_image1214_58dc2bbe46,vest_oversample
4aa31f4d7cd389674f98bac776b780ef208760dc,ppe_train_image1214_58dc2bbe46,ppe_orig,oversample_vest2_oversample_vest2_oversample_vest2_ppe_train_image1214_58dc2bbe46,vest_oversample
4aa31f4d7cd389674f98bac776b780ef208760dc,ppe_train_image1214_58dc2bbe46,ppe_orig,oversample_vest2_oversample_vest2_ppe_train_image1214_58dc2bbe46,vest_oversample
4aa31f4d7cd389674f98bac776b780ef208760dc,ppe_train_image1214_58dc2bbe46,ppe_orig,oversample_vest2_ppe_train_image1214_58dc2bbe46,vest_oversample
a227aa6b27974128cf512ac862f29e128668a903,ppe_train_image1218_7288b2a216,ppe_orig,oversample_vest1_oversample_vest1_oversample_vest1_ppe_train_image1218_7288b2a216,vest_oversample
a227aa6b27974128cf512ac862f29e128668a903,ppe_train_image1218_7288b2a216,ppe_orig,oversample_vest1_oversample_vest1_oversample_vest2_ppe_train_image1218_7288b2a216,vest_oversample
a227aa6b27974128cf512ac862f29e128668a903,ppe_train_image1218_7288b2a216,ppe_orig,oversample_vest1_oversample_vest1_ppe_train_image1218_7288b2a216,vest_oversample
a227aa6b27974128cf512ac862f29e128668a903,ppe_train_image1218_7288b2a216,ppe_orig,oversample_vest1_oversample_vest2_oversample_vest1_ppe_train_image1218_7288b2a216,vest_oversample
a227aa6b27974128cf512ac862f29e128668a903,ppe_train_image1218_7288b2a216,ppe_orig,oversample_vest1_oversample_vest2_oversample_vest2_ppe_train_image1218_7288b2a216,vest_oversample
a227aa6b27974128cf512ac862f29e128668a903,ppe_train_image1218_7288b2a216,ppe_orig,oversample_vest1_oversample_vest2_ppe_train_image1218_7288b2a216,vest_oversample
a227aa6b27974128cf512ac862f29e128668a903,ppe_train_image1218_7288b2a216,ppe_orig,oversample_vest1_ppe_train_image1218_7288b2a216,vest_oversample
a227aa6b27974128cf512ac862f29e128668a903,ppe_train_image1218_7288b2a216,ppe_orig,oversample_vest2_oversample_vest1_oversample_vest1_ppe_train_image1218_7288b2a216,vest_oversample
a227aa6b27974128cf512ac862f29e128668a903,ppe_train_image1218_7288b2a216,ppe_orig,oversample_vest2_oversample_vest1_oversample_vest2_ppe_train_image1218_7288b2a216,vest_oversample
a227aa6b27974128cf512ac862f29e128668a903,ppe_train_image1218_7288b2a216,ppe_orig,oversample_vest2_oversample_vest1_ppe_train_image1218_7288b2a216,vest_oversample
a227aa6b27974128cf512ac862f29e128668a903,ppe_train_image1218_7288b2a216,ppe_orig,oversample_vest2_oversample_vest2_oversample_vest1_ppe_train_image1218_7288b2a216,vest_oversample
a227aa6b27974128cf512ac862f29e128668a903,ppe_train_image1218_7288b2a216,ppe_orig,oversample_vest2_oversample_vest2_oversample_vest2_ppe_train_image1218_7288b2a216,vest_oversample
a227aa6b27974128cf512ac862f29e128668a903,ppe_train_image1218_7288b2a216,ppe_orig,oversample_vest2_oversample_vest2_ppe_train_image1218_7288b2a216,vest_oversample
a227aa6b27974128cf512ac862f29e128668a903,ppe_train_image1218_7288b2a216,ppe_orig,oversample_vest2_ppe_train_image1218_7288b2a216,vest_oversample
05a5ecfba162a8533c702298aa034c6715726b38,ppe_train_image1219_38be90602d,ppe_orig,oversample_vest1_oversample_vest1_oversample_vest1_ppe_train_image1219_38be90602d,vest_oversample
05a5ecfba162a8533c702298aa034c6715726b38,ppe_train_image1219_38be90602d,ppe_orig,oversample_vest1_oversample_vest1_oversample_vest2_ppe_train_image1219_38be90602d,vest_oversample
05a5ecfba162a8533c702298aa034c6715726b38,ppe_train_image1219_38be90602d,ppe_orig,oversample_vest1_oversample_vest1_ppe_train_image1219_38be90602d,vest_oversample
05a5ecfba162a8533c702298aa034c6715726b38,ppe_train_image1219_38be90602d,ppe_orig,oversample_vest1_oversample_vest2_oversample_vest1_ppe_train_image1219_38be90602d,vest_oversample
05a5ecfba162a8533c702298aa034c6715726b38,ppe_train_image1219_38be90602d,ppe_orig,oversample_vest1_oversample_vest2_oversample_vest2_ppe_train_image1219_38be90602d,vest_oversample
05a5ecfba162a8533c702298aa034c6715726b38,ppe_train_image1219_38be90602d,ppe_orig,oversample_vest1_oversample_vest2_ppe_train_image1219_38be90602d,vest_oversample
05a5ecfba162a8533c702298aa034c6715726b38,ppe_train_image1219_38be90602d,ppe_orig,oversample_vest1_ppe_train_image1219_38be90602d,vest_oversample
05a5ecfba162a8533c702298aa034c6715726b38,ppe_train_image1219_38be90602d,ppe_orig,oversample_vest2_oversample_vest1_oversample_vest1_ppe_train_image1219_38be90602d,vest_oversample
05a5ecfba162a8533c702298aa034c6715726b38,ppe_train_image1219_38be90602d,ppe_orig,oversample_vest2_oversample_vest1_oversample_vest2_ppe_train_image1219_38be90602d,vest_oversample
05a5ecfba162a8533c702298aa034c6715726b38,ppe_train_image1219_38be90602d,ppe_orig,oversample_vest2_oversample_vest1_ppe_train_image1219_38be90602d,vest_oversample
05a5ecfba162a8533c702298aa034c6715726b38,ppe_train_image1219_38be90602d,ppe_orig,oversample_vest2_oversample_vest2_oversample_vest1_ppe_train_image1219_38be90602d,vest_oversample
05a5ecfba162a8533c702298aa034c6715726b38,ppe_train_image1219_38be90602d,ppe_orig,oversample_vest2_oversample_vest2_oversample_vest2_ppe_train_image1219_38be90602d,vest_oversample
05a5ecfba162a8533c702298aa034c6715726b38,ppe_train_image1219_38be90602d,ppe_orig,oversample_vest2_oversample_vest2_ppe_train_image1219_38be90602d,vest_oversample
05a5ecfba162a8533c702298aa034c6715726b38,ppe_train_image1219_38be90602d,ppe_orig,oversample_vest2_ppe_train_image1219_38be90602d,vest_oversample
836bc5443702cfdd277d0cd8b881eabc7e5566fd,ppe_train_image1220_96283700d7,ppe_orig,oversample_vest1_oversample_vest1_oversample_vest1_ppe_train_image1220_96283700d7,vest_oversample
836bc5443702cfdd277d0cd8b881eabc7e5566fd,ppe_train_image1220_96283700d7,ppe_orig,oversample_vest1_oversample_vest1_oversample_vest2_ppe_train_image1220_96283700d7,vest_oversample
836bc5443702cfdd277d0cd8b881eabc7e5566fd,ppe_train_image1220_96283700d7,ppe_orig,oversample_vest1_oversample_vest1_ppe_train_image1220_96283700d7,vest_oversample
836bc5443702cfdd277d0cd8b881eabc7e5566fd,ppe_train_image1220_96283700d7,ppe_orig,oversample_vest1_oversample_vest2_oversample_vest1_ppe_train_image1220_96283700d7,vest_oversample
836bc5443702cfdd277d0cd8b881eabc7e5566fd,ppe_train_image1220_96283700d7,ppe_orig,oversample_vest1_oversample_vest2_oversample_vest2_ppe_train_image1220_96283700d7,vest_oversample
836bc5443702cfdd277d0cd8b881eabc7e5566fd,ppe_train_image1220_96283700d7,ppe_orig,oversample_vest1_oversample_vest2_ppe_train_image1220_96283700d7,vest_oversample
836bc5443702cfdd277d0cd8b881eabc7e5566fd,ppe_train_image1220_96283700d7,ppe_orig,oversample_vest1_ppe_train_image1220_96283700d7,vest_oversample
836bc5443702cfdd277d0cd8b881eabc7e5566fd,ppe_train_image1220_96283700d7,ppe_orig,oversample_vest2_oversample_vest1_oversample_vest1_ppe_train_image1220_96283700d7,vest_oversample
836bc5443702cfdd277d0cd8b881eabc7e5566fd,ppe_train_image1220_96283700d7,ppe_orig,oversample_vest2_oversample_vest1_oversample_vest2_ppe_train_image1220_96283700d7,vest_oversample
836bc5443702cfdd277d0cd8b881eabc7e5566fd,ppe_train_image1220_96283700d7,ppe_orig,oversample_vest2_oversample_vest1_ppe_train_image1220_96283700d7,vest_oversample
836bc5443702cfdd277d0cd8b881eabc7e5566fd,ppe_train_image1220_96283700d7,ppe_orig,oversample_vest2_oversample_vest2_oversample_vest1_ppe_train_image1220_96283700d7,vest_oversample
836bc5443702cfdd277d0cd8b881eabc7e5566fd,ppe_train_image1220_96283700d7,ppe_orig,oversample_vest2_oversample_vest2_oversample_vest2_ppe_train_image1220_96283700d7,vest_oversample
836bc5443702cfdd277d0cd8b881eabc7e5566fd,ppe_train_image1220_96283700d7,ppe_orig,oversample_vest2_oversample_vest2_ppe_train_image1220_96283700d7,vest_oversample
836bc5443702cfdd277d0cd8b881eabc7e5566fd,ppe_train_image1220_96283700d7,ppe_orig,oversample_vest2_ppe_train_image1220_96283700d7,vest_oversample
b60e86baefa00465739f14965621f775881f1003,ppe_train_image1221_61322fd6b1,ppe_orig,oversample_vest1_oversample_vest1_oversample_vest1_ppe_train_image1221_61322fd6b1,vest_oversample
b60e86baefa00465739f14965621f775881f1003,ppe_train_image1221_61322fd6b1,ppe_orig,oversample_vest1_oversample_vest1_oversample_vest2_ppe_train_image1221_61322fd6b1,vest_oversample
b60e86baefa00465739f14965621f775881f1003,ppe_train_image1221_61322fd6b1,ppe_orig,oversample_vest1_oversample_vest1_ppe_train_image1221_61322fd6b1,vest_oversample
b60e86baefa00465739f14965621f775881f1003,ppe_train_image1221_61322fd6b1,ppe_orig,oversample_vest1_oversample_vest2_oversample_vest1_ppe_train_image1221_61322fd6b1,vest_oversample
b60e86baefa00465739f14965621f775881f1003,ppe_train_image1221_61322fd6b1,ppe_orig,oversample_vest1_oversample_vest2_oversample_vest2_ppe_train_image1221_61322fd6b1,vest_oversample
b60e86baefa00465739f14965621f775881f1003,ppe_train_image1221_61322fd6b1,ppe_orig,oversample_vest1_oversample_vest2_ppe_train_image1221_61322fd6b1,vest_oversample
b60e86baefa00465739f14965621f775881f1003,ppe_train_image1221_61322fd6b1,ppe_orig,oversample_vest1_ppe_train_image1221_61322fd6b1,vest_oversample
b60e86baefa00465739f14965621f775881f1003,ppe_train_image1221_61322fd6b1,ppe_orig,oversample_vest2_oversample_vest1_oversample_vest1_ppe_train_image1221_61322fd6b1,vest_oversample
b60e86baefa00465739f14965621f775881f1003,ppe_train_image1221_61322fd6b1,ppe_orig,oversample_vest2_oversample_vest1_oversample_vest2_ppe_train_image1221_61322fd6b1,vest_oversample
b60e86baefa00465739f14965621f775881f1003,ppe_train_image1221_61322fd6b1,ppe_orig,oversample_vest2_oversample_vest1_ppe_train_image1221_61322fd6b1,vest_oversample
b60e86baefa00465739f14965621f775881f1003,ppe_train_image1221_61322fd6b1,ppe_orig,oversample_vest2_oversample_vest2_oversample_vest1_ppe_train_image1221_61322fd6b1,vest_oversample
b60e86baefa00465739f14965621f775881f1003,ppe_train_image1221_61322fd6b1,ppe_orig,oversample_vest2_oversample_vest2_oversample_vest2_ppe_train_image1221_61322fd6b1,vest_oversample
b60e86baefa00465739f14965621f775881f1003,ppe_train_image1221_61322fd6b1,ppe_orig,oversample_vest2_oversample_vest2_ppe_train_image1221_61322fd6b1,vest_oversample
b60e86baefa00465739f14965621f775881f1003,ppe_train_image1221_61322fd6b1,ppe_orig,oversample_vest2_ppe_train_image1221_61322fd6b1,vest_oversample
242ac0c7689a6ec27579ff3bb27deec559ebd0b3,ppe_train_image1222_380d14b52d,ppe_orig,oversample_vest1_oversample_vest1_oversample_vest1_ppe_train_image1222_380d14b52d,vest_oversample
242ac0c7689a6ec27579ff3bb27deec559ebd0b3,ppe_train_image1222_380d14b52d,ppe_orig,oversample_vest1_oversample_vest1_oversample_vest2_ppe_train_image1222_380d14b52d,vest_oversample
242ac0c7689a6ec27579ff3bb27deec559ebd0b3,ppe_train_image1222_380d14b52d,ppe_orig,oversample_vest1_oversample_vest1_ppe_train_image1222_380d14b52d,vest_oversample
242ac0c7689a6ec27579ff3bb27deec559ebd0b3,ppe_train_image1222_380d14b52d,ppe_orig,oversample_vest1_oversample_vest2_oversample_vest1_ppe_train_image1222_380d14b52d,vest_oversample
242ac0c7689a6ec27579ff3bb27deec559ebd0b3,ppe_train_image1222_380d14b52d,ppe_orig,oversample_vest1_oversample_vest2_oversample_vest2_ppe_train_image1222_380d14b52d,vest_oversample
242ac0c7689a6ec27579ff3bb27deec559ebd0b3,ppe_train_image1222_380d14b52d,ppe_orig,oversample_vest1_oversample_vest2_ppe_train_image1222_380d14b52d,vest_oversample
242ac0c7689a6ec27579ff3bb27deec559ebd0b3,ppe_train_image1222_380d14b52d,ppe_orig,oversample_vest1_ppe_train_image1222_380d14b52d,vest_oversample
242ac0c7689a6ec27579ff3bb27deec559ebd0b3,ppe_train_image1222_380d14b52d,ppe_orig,oversample_vest2_oversample_vest1_oversample_vest1_ppe_train_image1222_380d14b52d,vest_oversample
242ac0c7689a6ec27579ff3bb27deec559ebd0b3,ppe_train_image1222_380d14b52d,ppe_orig,oversample_vest2_oversample_vest1_oversample_vest2_ppe_train_image1222_380d14b52d,vest_oversample
242ac0c7689a6ec27579ff3bb27deec559ebd0b3,ppe_train_image1222_380d14b52d,ppe_orig,oversample_vest2_oversample_vest1_ppe_train_image1222_380d14b52d,vest_oversample
242ac0c7689a6ec27579ff3bb27deec559ebd0b3,ppe_train_image1222_380d14b52d,ppe_orig,oversample_vest2_oversample_vest2_oversample_vest1_ppe_train_image1222_380d14b52d,vest_oversample
242ac0c7689a6ec27579ff3bb27deec559ebd0b3,ppe_train_image1222_380d14b52d,ppe_orig,oversample_vest2_oversample_vest2_oversample_vest2_ppe_train_image1222_380d14b52d,vest_oversample
242ac0c7689a6ec27579ff3bb27deec559ebd0b3,ppe_train_image1222_380d14b52d,ppe_orig,oversample_vest2_oversample_vest2_ppe_train_image1222_380d14b52d,vest_oversample
242ac0c7689a6ec27579ff3bb27deec559ebd0b3,ppe_train_image1222_380d14b52d,ppe_orig,oversample_vest2_ppe_train_image1222_380d14b52d,vest_oversample
7b54cb2de46a8c9a31c00a06af312abebc0d17b0,ppe_train_image1224_04a8c0766b,ppe_orig,oversample_vest1_oversample_vest1_oversample_vest1_ppe_train_image1224_04a8c0766b,vest_oversample
7b54cb2de46a8c9a31c00a06af312abebc0d17b0,ppe_train_image1224_04a8c0766b,ppe_orig,oversample_vest1_oversample_vest1_oversample_vest2_ppe_train_image1224_04a8c0766b,vest_oversample
7b54cb2de46a8c9a31c00a06af312abebc0d17b0,ppe_train_image1224_04a8c0766b,ppe_orig,oversample_vest1_oversample_vest1_ppe_train_image1224_04a8c0766b,vest_oversample
7b54cb2de46a8c9a31c00a06af312abebc0d17b0,ppe_train_image1224_04a8c0766b,ppe_orig,oversample_vest1_oversample_vest2_oversample_vest1_ppe_train_image1224_04a8c0766b,vest_oversample
7b54cb2de46a8c9a31c00a06af312abebc0d17b0,ppe_train_image1224_04a8c0766b,ppe_orig,oversample_vest1_oversample_vest2_oversample_vest2_ppe_train_image1224_04a8c0766b,vest_oversample
7b54cb2de46a8c9a31c00a06af312abebc0d17b0,ppe_train_image1224_04a8c0766b,ppe_orig,oversample_vest1_oversample_vest2_ppe_train_image1224_04a8c0766b,vest_oversample
7b54cb2de46a8c9a31c00a06af312abebc0d17b0,ppe_train_image1224_04a8c0766b,ppe_orig,oversample_vest1_ppe_train_image1224_04a8c0766b,vest_oversample
7b54cb2de46a8c9a31c00a06af312abebc0d17b0,ppe_train_image1224_04a8c0766b,ppe_orig,oversample_vest2_oversample_vest1_oversample_vest1_ppe_train_image1224_04a8c0766b,vest_oversample
7b54cb2de46a8c9a31c00a06af312abebc0d17b0,ppe_train_image1224_04a8c0766b,ppe_orig,oversample_vest2_oversample_vest1_oversample_vest2_ppe_train_image1224_04a8c0766b,vest_oversample
7b54cb2de46a8c9a31c00a06af312abebc0d17b0,ppe_train_image1224_04a8c0766b,ppe_orig,oversample_vest2_oversample_vest1_ppe_train_image1224_04a8c0766b,vest_oversample
7b54cb2de46a8c9a31c00a06af312abebc0d17b0,ppe_train_image1224_04a8c0766b,ppe_orig,oversample_vest2_oversample_vest2_oversample_vest1_ppe_train_image1224_04a8c0766b,vest_oversample
7b54cb2de46a8c9a31c00a06af312abebc0d17b0,ppe_train_image1224_04a8c0766b,ppe_orig,oversample_vest2_oversample_vest2_oversample_vest2_ppe_train_image1224_04a8c0766b,vest_oversample
7b54cb2de46a8c9a31c00a06af312abebc0d17b0,ppe_train_image1224_04a8c0766b,ppe_orig,oversample_vest2_oversample_vest2_ppe_train_image1224_04a8c0766b,vest_oversample
7b54cb2de46a8c9a31c00a06af312abebc0d17b0,ppe_train_image1224_04a8c0766b,ppe_orig,oversample_vest2_ppe_train_image1224_04a8c0766b,vest_oversample
5119966075f52542f169ede713e5d9a7fe120e98,ppe_train_image1225_abbbd24126,ppe_orig,oversample_vest1_oversample_vest1_oversample_vest1_ppe_train_image1225_abbbd24126,vest_oversample
5119966075f52542f169ede713e5d9a7fe120e98,ppe_train_image1225_abbbd24126,ppe_orig,oversample_vest1_oversample_vest1_oversample_vest2_ppe_train_image1225_abbbd24126,vest_oversample
5119966075f52542f169ede713e5d9a7fe120e98,ppe_train_image1225_abbbd24126,ppe_orig,oversample_vest1_oversample_vest1_ppe_train_image1225_abbbd24126,vest_oversample
5119966075f52542f169ede713e5d9a7fe120e98,ppe_train_image1225_abbbd24126,ppe_orig,oversample_vest1_oversample_vest2_oversample_vest1_ppe_train_image1225_abbbd24126,vest_oversample
5119966075f52542f169ede713e5d9a7fe120e98,ppe_train_image1225_abbbd24126,ppe_orig,oversample_vest1_oversample_vest2_oversample_vest2_ppe_train_image1225_abbbd24126,vest_oversample
5119966075f52542f169ede713e5d9a7fe120e98,ppe_train_image1225_abbbd24126,ppe_orig,oversample_vest1_oversample_vest2_ppe_train_image1225_abbbd24126,vest_oversample
5119966075f52542f169ede713e5d9a7fe120e98,ppe_train_image1225_abbbd24126,ppe_orig,oversample_vest1_ppe_train_image1225_abbbd24126,vest_oversample
5119966075f52542f169ede713e5d9a7fe120e98,ppe_train_image1225_abbbd24126,ppe_orig,oversample_vest2_oversample_vest1_oversample_vest1_ppe_train_image1225_abbbd24126,vest_oversample
5119966075f52542f169ede713e5d9a7fe120e98,ppe_train_image1225_abbbd24126,ppe_orig,oversample_vest2_oversample_vest1_oversample_vest2_ppe_train_image1225_abbbd24126,vest_oversample
5119966075f52542f169ede713e5d9a7fe120e98,ppe_train_image1225_abbbd24126,ppe_orig,oversample_vest2_oversample_vest1_ppe_train_image1225_abbbd24126,vest_oversample
5119966075f52542f169ede713e5d9a7fe120e98,ppe_train_image1225_abbbd24126,ppe_orig,oversample_vest2_oversample_vest2_oversample_vest1_ppe_train_image1225_abbbd24126,vest_oversample
5119966075f52542f169ede713e5d9a7fe120e98,ppe_train_image1225_abbbd24126,ppe_orig,oversample_vest2_oversample_vest2_oversample_vest2_ppe_train_image1225_abbbd24126,vest_oversample
5119966075f52542f169ede713e5d9a7fe120e98,ppe_train_image1225_abbbd24126,ppe_orig,oversample_vest2_oversample_vest2_ppe_train_image1225_abbbd24126,vest_oversample
5119966075f52542f169ede713e5d9a7fe120e98,ppe_train_image1225_abbbd24126,ppe_orig,oversample_vest2_ppe_train_image1225_abbbd24126,vest_oversample
efa8e6de47041c339a0da9b6442986727045ea47,ppe_train_image1226_13acfaa49b,ppe_orig,oversample_vest1_oversample_vest1_oversample_vest1_ppe_train_image1226_13acfaa49b,vest_oversample
efa8e6de47041c339a0da9b6442986727045ea47,ppe_train_image1226_13acfaa49b,ppe_orig,oversample_vest1_oversample_vest1_oversample_vest2_ppe_train_image1226_13acfaa49b,vest_oversample
efa8e6de47041c339a0da9b6442986727045ea47,ppe_train_image1226_13acfaa49b,ppe_orig,oversample_vest1_oversample_vest1_ppe_train_image1226_13acfaa49b,vest_oversample
efa8e6de47041c339a0da9b6442986727045ea47,ppe_train_image1226_13acfaa49b,ppe_orig,oversample_vest1_oversample_vest2_oversample_vest1_ppe_train_image1226_13acfaa49b,vest_oversample
efa8e6de47041c339a0da9b6442986727045ea47,ppe_train_image1226_13acfaa49b,ppe_orig,oversample_vest1_oversample_vest2_oversample_vest2_ppe_train_image1226_13acfaa49b,vest_oversample
efa8e6de47041c339a0da9b6442986727045ea47,ppe_train_image1226_13acfaa49b,ppe_orig,oversample_vest1_oversample_vest2_ppe_train_image1226_13acfaa49b,vest_oversample
efa8e6de47041c339a0da9b6442986727045ea47,ppe_train_image1226_13acfaa49b,ppe_orig,oversample_vest1_ppe_train_image1226_13acfaa49b,vest_oversample
efa8e6de47041c339a0da9b6442986727045ea47,ppe_train_image1226_13acfaa49b,ppe_orig,oversample_vest2_oversample_vest1_oversample_vest1_ppe_train_image1226_13acfaa49b,vest_oversample
efa8e6de47041c339a0da9b6442986727045ea47,ppe_train_image1226_13acfaa49b,ppe_orig,oversample_vest2_oversample_vest1_oversample_vest2_ppe_train_image1226_13acfaa49b,vest_oversample
efa8e6de47041c339a0da9b6442986727045ea47,ppe_train_image1226_13acfaa49b,ppe_orig,oversample_vest2_oversample_vest1_ppe_train_image1226_13acfaa49b,vest_oversample
efa8e6de47041c339a0da9b6442986727045ea47,ppe_train_image1226_13acfaa49b,ppe_orig,oversample_vest2_oversample_vest2_oversample_vest1_ppe_train_image1226_13acfaa49b,vest_oversample
efa8e6de47041c339a0da9b6442986727045ea47,ppe_train_image1226_13acfaa49b,ppe_orig,oversample_vest2_oversample_vest2_oversample_vest2_ppe_train_image1226_13acfaa49b,vest_oversample
efa8e6de47041c339a0da9b6442986727045ea47,ppe_train_image1226_13acfaa49b,ppe_orig,oversample_vest2_oversample_vest2_ppe_train_image1226_13acfaa49b,vest_oversample
efa8e6de47041c339a0da9b6442986727045ea47,ppe_train_image1226_13acfaa49b,ppe_orig,oversample_vest2_ppe_train_image1226_13acfaa49b,vest_oversample
80a0bfdbd6b947718b06621f62f3ef3af61143ef,ppe_train_image1227_cb6a490b44,ppe_orig,oversample_vest1_oversample_vest1_oversample_vest1_ppe_train_image1227_cb6a490b44,vest_oversample
80a0bfdbd6b947718b06621f62f3ef3af61143ef,ppe_train_image1227_cb6a490b44,ppe_orig,oversample_vest1_oversample_vest1_oversample_vest2_ppe_train_image1227_cb6a490b44,vest_oversample
80a0bfdbd6b947718b06621f62f3ef3af61143ef,ppe_train_image1227_cb6a490b44,ppe_orig,oversample_vest1_oversample_vest1_ppe_train_image1227_cb6a490b44,vest_oversample
80a0bfdbd6b947718b06621f62f3ef3af61143ef,ppe_train_image1227_cb6a490b44,ppe_orig,oversample_vest1_oversample_vest2_oversample_vest1_ppe_train_image1227_cb6a490b44,vest_oversample
80a0bfdbd6b947718b06621f62f3ef3af61143ef,ppe_train_image1227_cb6a490b44,ppe_orig,oversample_vest1_oversample_vest2_oversample_vest2_ppe_train_image1227_cb6a490b44,vest_oversample
80a0bfdbd6b947718b06621f62f3ef3af61143ef,ppe_train_image1227_cb6a490b44,ppe_orig,oversample_vest1_oversample_vest2_ppe_train_image1227_cb6a490b44,vest_oversample
80a0bfdbd6b947718b06621f62f3ef3af61143ef,ppe_train_image1227_cb6a490b44,ppe_orig,oversample_vest1_ppe_train_image1227_cb6a490b44,vest_oversample
80a0bfdbd6b947718b06621f62f3ef3af61143ef,ppe_train_image1227_cb6a490b44,ppe_orig,oversample_vest2_oversample_vest1_oversample_vest1_ppe_train_image1227_cb6a490b44,vest_oversample
80a0bfdbd6b947718b06621f62f3ef3af61143ef,ppe_train_image1227_cb6a490b44,ppe_orig,oversample_vest2_oversample_vest1_oversample_vest2_ppe_train_image1227_cb6a490b44,vest_oversample
80a0bfdbd6b947718b06621f62f3ef3af61143ef,ppe_train_image1227_cb6a490b44,ppe_orig,oversample_vest2_oversample_vest1_ppe_train_image1227_cb6a490b44,vest_oversample
80a0bfdbd6b947718b06621f62f3ef3af61143ef,ppe_train_image1227_cb6a490b44,ppe_orig,oversample_vest2_oversample_vest2_oversample_vest1_ppe_train_image1227_cb6a490b44,vest_oversample
80a0bfdbd6b947718b06621f62f3ef3af61143ef,ppe_train_image1227_cb6a490b44,ppe_orig,oversample_vest2_oversample_vest2_oversample_vest2_ppe_train_image1227_cb6a490b44,vest_oversample
80a0bfdbd6b947718b06621f62f3ef3af61143ef,ppe_train_image1227_cb6a490b44,ppe_orig,oversample_vest2_oversample_vest2_ppe_train_image1227_cb6a490b44,vest_oversample
80a0bfdbd6b947718b06621f62f3ef3af61143ef,ppe_train_image1227_cb6a490b44,ppe_orig,oversample_vest2_ppe_train_image1227_cb6a490b44,vest_oversample
9cf615431962219b8a3b125f1f9f31fb4022f0f3,ppe_train_image1228_a22e2cfae3,ppe_orig,oversample_vest1_oversample_vest1_oversample_vest1_ppe_train_image1228_a22e2cfae3,vest_oversample
9cf615431962219b8a3b125f1f9f31fb4022f0f3,ppe_train_image1228_a22e2cfae3,ppe_orig,oversample_vest1_oversample_vest1_oversample_vest2_ppe_train_image1228_a22e2cfae3,vest_oversample
9cf615431962219b8a3b125f1f9f31fb4022f0f3,ppe_train_image1228_a22e2cfae3,ppe_orig,oversample_vest1_oversample_vest1_ppe_train_image1228_a22e2cfae3,vest_oversample
9cf615431962219b8a3b125f1f9f31fb4022f0f3,ppe_train_image1228_a22e2cfae3,ppe_orig,oversample_vest1_oversample_vest2_oversample_vest1_ppe_train_image1228_a22e2cfae3,vest_oversample
9cf615431962219b8a3b125f1f9f31fb4022f0f3,ppe_train_image1228_a22e2cfae3,ppe_orig,oversample_vest1_oversample_vest2_oversample_vest2_ppe_train_image1228_a22e2cfae3,vest_oversample
9cf615431962219b8a3b125f1f9f31fb4022f0f3,ppe_train_image1228_a22e2cfae3,ppe_orig,oversample_vest1_oversample_vest2_ppe_train_image1228_a22e2cfae3,vest_oversample
9cf615431962219b8a3b125f1f9f31fb4022f0f3,ppe_train_image1228_a22e2cfae3,ppe_orig,oversample_vest1_ppe_train_image1228_a22e2cfae3,vest_oversample
9cf615431962219b8a3b125f1f9f31fb4022f0f3,ppe_train_image1228_a22e2cfae3,ppe_orig,oversample_vest2_oversample_vest1_oversample_vest1_ppe_train_image1228_a22e2cfae3,vest_oversample
9cf615431962219b8a3b125f1f9f31fb4022f0f3,ppe_train_image1228_a22e2cfae3,ppe_orig,oversample_vest2_oversample_vest1_oversample_vest2_ppe_train_image1228_a22e2cfae3,vest_oversample
9cf615431962219b8a3b125f1f9f31fb4022f0f3,ppe_train_image1228_a22e2cfae3,ppe_orig,oversample_vest2_oversample_vest1_ppe_train_image1228_a22e2cfae3,vest_oversample
9cf615431962219b8a3b125f1f9f31fb4022f0f3,ppe_train_image1228_a22e2cfae3,ppe_orig,oversample_vest2_oversample_vest2_oversample_vest1_ppe_train_image1228_a22e2cfae3,vest_oversample
9cf615431962219b8a3b125f1f9f31fb4022f0f3,ppe_train_image1228_a22e2cfae3,ppe_orig,oversample_vest2_oversample_vest2_oversample_vest2_ppe_train_image1228_a22e2cfae3,vest_oversample
9cf615431962219b8a3b125f1f9f31fb4022f0f3,ppe_train_image1228_a22e2cfae3,ppe_orig,oversample_vest2_oversample_vest2_ppe_train_image1228_a22e2cfae3,vest_oversample
9cf615431962219b8a3b125f1f9f31fb4022f0f3,ppe_train_image1228_a22e2cfae3,ppe_orig,oversample_vest2_ppe_train_image1228_a22e2cfae3,vest_oversample
b87c4e4e3d3f3dae6f347b7cfd005e715b6063c4,ppe_train_image1230_3f8012e144,ppe_orig,oversample_vest1_oversample_vest1_oversample_vest1_ppe_train_image1230_3f8012e144,vest_oversample
b87c4e4e3d3f3dae6f347b7cfd005e715b6063c4,ppe_train_image1230_3f8012e144,ppe_orig,oversample_vest1_oversample_vest1_oversample_vest2_ppe_train_image1230_3f8012e144,vest_oversample
b87c4e4e3d3f3dae6f347b7cfd005e715b6063c4,ppe_train_image1230_3f8012e144,ppe_orig,oversample_vest1_oversample_vest1_ppe_train_image1230_3f8012e144,vest_oversample
b87c4e4e3d3f3dae6f347b7cfd005e715b6063c4,ppe_train_image1230_3f8012e144,ppe_orig,oversample_vest1_oversample_vest2_oversample_vest1_ppe_train_image1230_3f8012e144,vest_oversample
b87c4e4e3d3f3dae6f347b7cfd005e715b6063c4,ppe_train_image1230_3f8012e144,ppe_orig,oversample_vest1_oversample_vest2_oversample_vest2_ppe_train_image1230_3f8012e144,vest_oversample
b87c4e4e3d3f3dae6f347b7cfd005e715b6063c4,ppe_train_image1230_3f8012e144,ppe_orig,oversample_vest1_oversample_vest2_ppe_train_image1230_3f8012e144,vest_oversample
b87c4e4e3d3f3dae6f347b7cfd005e715b6063c4,ppe_train_image1230_3f8012e144,ppe_orig,oversample_vest1_ppe_train_image1230_3f8012e144,vest_oversample
b87c4e4e3d3f3dae6f347b7cfd005e715b6063c4,ppe_train_image1230_3f8012e144,ppe_orig,oversample_vest2_oversample_vest1_oversample_vest1_ppe_train_image1230_3f8012e144,vest_oversample
b87c4e4e3d3f3dae6f347b7cfd005e715b6063c4,ppe_train_image1230_3f8012e144,ppe_orig,oversample_vest2_oversample_vest1_oversample_vest2_ppe_train_image1230_3f8012e144,vest_oversample
b87c4e4e3d3f3dae6f347b7cfd005e715b6063c4,ppe_train_image1230_3f8012e144,ppe_orig,oversample_vest2_oversample_vest1_ppe_train_image1230_3f8012e144,vest_oversample
b87c4e4e3d3f3dae6f347b7cfd005e715b6063c4,ppe_train_image1230_3f8012e144,ppe_orig,oversample_vest2_oversample_vest2_oversample_vest1_ppe_train_image1230_3f8012e144,vest_oversample
b87c4e4e3d3f3dae6f347b7cfd005e715b6063c4,ppe_train_image1230_3f8012e144,ppe_orig,oversample_vest2_oversample_vest2_oversample_vest2_ppe_train_image1230_3f8012e144,vest_oversample
b87c4e4e3d3f3dae6f347b7cfd005e715b6063c4,ppe_train_image1230_3f8012e144,ppe_orig,oversample_vest2_oversample_vest2_ppe_train_image1230_3f8012e144,vest_oversample
b87c4e4e3d3f3dae6f347b7cfd005e715b6063c4,ppe_train_image1230_3f8012e144,ppe_orig,oversample_vest2_ppe_train_image1230_3f8012e144,vest_oversample
781b9ec0552d7ee79c887c03c383b765e3f3a51a,ppe_train_image1232_6feda7efb0,ppe_orig,oversample_vest1_oversample_vest1_oversample_vest1_ppe_train_image1232_6feda7efb0,vest_oversample
781b9ec0552d7ee79c887c03c383b765e3f3a51a,ppe_train_image1232_6feda7efb0,ppe_orig,oversample_vest1_oversample_vest1_oversample_vest2_ppe_train_image1232_6feda7efb0,vest_oversample
781b9ec0552d7ee79c887c03c383b765e3f3a51a,ppe_train_image1232_6feda7efb0,ppe_orig,oversample_vest1_oversample_vest1_ppe_train_image1232_6feda7efb0,vest_oversample
781b9ec0552d7ee79c887c03c383b765e3f3a51a,ppe_train_image1232_6feda7efb0,ppe_orig,oversample_vest1_oversample_vest2_oversample_vest1_ppe_train_image1232_6feda7efb0,vest_oversample
781b9ec0552d7ee79c887c03c383b765e3f3a51a,ppe_train_image1232_6feda7efb0,ppe_orig,oversample_vest1_oversample_vest2_oversample_vest2_ppe_train_image1232_6feda7efb0,vest_oversample
781b9ec0552d7ee79c887c03c383b765e3f3a51a,ppe_train_image1232_6feda7efb0,ppe_orig,oversample_vest1_oversample_vest2_ppe_train_image1232_6feda7efb0,vest_oversample
781b9ec0552d7ee79c887c03c383b765e3f3a51a,ppe_train_image1232_6feda7efb0,ppe_orig,oversample_vest1_ppe_train_image1232_6feda7efb0,vest_oversample
781b9ec0552d7ee79c887c03c383b765e3f3a51a,ppe_train_image1232_6feda7efb0,ppe_orig,oversample_vest2_oversample_vest1_oversample_vest1_ppe_train_image1232_6feda7efb0,vest_oversample
781b9ec0552d7ee79c887c03c383b765e3f3a51a,ppe_train_image1232_6feda7efb0,ppe_orig,oversample_vest2_oversample_vest1_oversample_vest2_ppe_train_image1232_6feda7efb0,vest_oversample
781b9ec0552d7ee79c887c03c383b765e3f3a51a,ppe_train_image1232_6feda7efb0,ppe_orig,oversample_vest2_oversample_vest1_ppe_train_image1232_6feda7efb0,vest_oversample
781b9ec0552d7ee79c887c03c383b765e3f3a51a,ppe_train_image1232_6feda7efb0,ppe_orig,oversample_vest2_oversample_vest2_oversample_vest1_ppe_train_image1232_6feda7efb0,vest_oversample
781b9ec0552d7ee79c887c03c383b765e3f3a51a,ppe_train_image1232_6feda7efb0,ppe_orig,oversample_vest2_oversample_vest2_oversample_vest2_ppe_train_image1232_6feda7efb0,vest_oversample
781b9ec0552d7ee79c887c03c383b765e3f3a51a,ppe_train_image1232_6feda7efb0,ppe_orig,oversample_vest2_oversample_vest2_ppe_train_image1232_6feda7efb0,vest_oversample
781b9ec0552d7ee79c887c03c383b765e3f3a51a,ppe_train_image1232_6feda7efb0,ppe_orig,oversample_vest2_ppe_train_image1232_6feda7efb0,vest_oversample
ee0e1179c1a13411775e62c5e2513850cefdfefd,ppe_train_image1233_713e781286,ppe_orig,oversample_vest1_oversample_vest1_oversample_vest1_ppe_train_image1233_713e781286,vest_oversample
ee0e1179c1a13411775e62c5e2513850cefdfefd,ppe_train_image1233_713e781286,ppe_orig,oversample_vest1_oversample_vest1_oversample_vest2_ppe_train_image1233_713e781286,vest_oversample
ee0e1179c1a13411775e62c5e2513850cefdfefd,ppe_train_image1233_713e781286,ppe_orig,oversample_vest1_oversample_vest1_ppe_train_image1233_713e781286,vest_oversample
ee0e1179c1a13411775e62c5e2513850cefdfefd,ppe_train_image1233_713e781286,ppe_orig,oversample_vest1_oversample_vest2_oversample_vest1_ppe_train_image1233_713e781286,vest_oversample
ee0e1179c1a13411775e62c5e2513850cefdfefd,ppe_train_image1233_713e781286,ppe_orig,oversample_vest1_oversample_vest2_oversample_vest2_ppe_train_image1233_713e781286,vest_oversample
ee0e1179c1a13411775e62c5e2513850cefdfefd,ppe_train_image1233_713e781286,ppe_orig,oversample_vest1_oversample_vest2_ppe_train_image1233_713e781286,vest_oversample
ee0e1179c1a13411775e62c5e2513850cefdfefd,ppe_train_image1233_713e781286,ppe_orig,oversample_vest1_ppe_train_image1233_713e781286,vest_oversample
ee0e1179c1a13411775e62c5e2513850cefdfefd,ppe_train_image1233_713e781286,ppe_orig,oversample_vest2_oversample_vest1_oversample_vest1_ppe_train_image1233_713e781286,vest_oversample
ee0e1179c1a13411775e62c5e2513850cefdfefd,ppe_train_image1233_713e781286,ppe_orig,oversample_vest2_oversample_vest1_oversample_vest2_ppe_train_image1233_713e781286,vest_oversample
ee0e1179c1a13411775e62c5e2513850cefdfefd,ppe_train_image1233_713e781286,ppe_orig,oversample_vest2_oversample_vest1_ppe_train_image1233_713e781286,vest_oversample
ee0e1179c1a13411775e62c5e2513850cefdfefd,ppe_train_image1233_713e781286,ppe_orig,oversample_vest2_oversample_vest2_oversample_vest1_ppe_train_image1233_713e781286,vest_oversample
ee0e1179c1a13411775e62c5e2513850cefdfefd,ppe_train_image1233_713e781286,ppe_orig,oversample_vest2_oversample_vest2_oversample_vest2_ppe_train_image1233_713e781286,vest_oversample
ee0e1179c1a13411775e62c5e2513850cefdfefd,ppe_train_image1233_713e781286,ppe_orig,oversample_vest2_oversample_vest2_ppe_train_image1233_713e781286,vest_oversample
ee0e1179c1a13411775e62c5e2513850cefdfefd,ppe_train_image1233_713e781286,ppe_orig,oversample_vest2_ppe_train_image1233_713e781286,vest_oversample
04802b028349962385684d33669a8a4cf0d1fb5c,ppe_train_image1236_d96902c47b,ppe_orig,oversample_vest1_oversample_vest1_oversample_vest1_ppe_train_image1236_d96902c47b,vest_oversample
04802b028349962385684d33669a8a4cf0d1fb5c,ppe_train_image1236_d96902c47b,ppe_orig,oversample_vest1_oversample_vest1_oversample_vest2_ppe_train_image1236_d96902c47b,vest_oversample
04802b028349962385684d33669a8a4cf0d1fb5c,ppe_train_image1236_d96902c47b,ppe_orig,oversample_vest1_oversample_vest1_ppe_train_image1236_d96902c47b,vest_oversample
04802b028349962385684d33669a8a4cf0d1fb5c,ppe_train_image1236_d96902c47b,ppe_orig,oversample_vest1_oversample_vest2_oversample_vest1_ppe_train_image1236_d96902c47b,vest_oversample
04802b028349962385684d33669a8a4cf0d1fb5c,ppe_train_image1236_d96902c47b,ppe_orig,oversample_vest1_oversample_vest2_oversample_vest2_ppe_train_image1236_d96902c47b,vest_oversample
04802b028349962385684d33669a8a4cf0d1fb5c,ppe_train_image1236_d96902c47b,ppe_orig,oversample_vest1_oversample_vest2_ppe_train_image1236_d96902c47b,vest_oversample
04802b028349962385684d33669a8a4cf0d1fb5c,ppe_train_image1236_d96902c47b,ppe_orig,oversample_vest1_ppe_train_image1236_d96902c47b,vest_oversample
04802b028349962385684d33669a8a4cf0d1fb5c,ppe_train_image1236_d96902c47b,ppe_orig,oversample_vest2_oversample_vest1_oversample_vest1_ppe_train_image1236_d96902c47b,vest_oversample
04802b028349962385684d33669a8a4cf0d1fb5c,ppe_train_image1236_d96902c47b,ppe_orig,oversample_vest2_oversample_vest1_oversample_vest2_ppe_train_image1236_d96902c47b,vest_oversample
04802b028349962385684d33669a8a4cf0d1fb5c,ppe_train_image1236_d96902c47b,ppe_orig,oversample_vest2_oversample_vest1_ppe_train_image1236_d96902c47b,vest_oversample
04802b028349962385684d33669a8a4cf0d1fb5c,ppe_train_image1236_d96902c47b,ppe_orig,oversample_vest2_oversample_vest2_oversample_vest1_ppe_train_image1236_d96902c47b,vest_oversample
04802b028349962385684d33669a8a4cf0d1fb5c,ppe_train_image1236_d96902c47b,ppe_orig,oversample_vest2_oversample_vest2_oversample_vest2_ppe_train_image1236_d96902c47b,vest_oversample
04802b028349962385684d33669a8a4cf0d1fb5c,ppe_train_image1236_d96902c47b,ppe_orig,oversample_vest2_oversample_vest2_ppe_train_image1236_d96902c47b,vest_oversample
04802b028349962385684d33669a8a4cf0d1fb5c,ppe_train_image1236_d96902c47b,ppe_orig,oversample_vest2_ppe_train_image1236_d96902c47b,vest_oversample
7209d3d265e9ac52102e589c0d5bb9f5564bcacc,ppe_train_image1237_42027fdbc0,ppe_orig,oversample_vest1_oversample_vest1_oversample_vest1_ppe_train_image1237_42027fdbc0,vest_oversample
7209d3d265e9ac52102e589c0d5bb9f5564bcacc,ppe_train_image1237_42027fdbc0,ppe_orig,oversample_vest1_oversample_vest1_oversample_vest2_ppe_train_image1237_42027fdbc0,vest_oversample
7209d3d265e9ac52102e589c0d5bb9f5564bcacc,ppe_train_image1237_42027fdbc0,ppe_orig,oversample_vest1_oversample_vest1_ppe_train_image1237_42027fdbc0,vest_oversample
7209d3d265e9ac52102e589c0d5bb9f5564bcacc,ppe_train_image1237_42027fdbc0,ppe_orig,oversample_vest1_oversample_vest2_oversample_vest1_ppe_train_image1237_42027fdbc0,vest_oversample
7209d3d265e9ac52102e589c0d5bb9f5564bcacc,ppe_train_image1237_42027fdbc0,ppe_orig,oversample_vest1_oversample_vest2_oversample_vest2_ppe_train_image1237_42027fdbc0,vest_oversample
7209d3d265e9ac52102e589c0d5bb9f5564bcacc,ppe_train_image1237_42027fdbc0,ppe_orig,oversample_vest1_oversample_vest2_ppe_train_image1237_42027fdbc0,vest_oversample
7209d3d265e9ac52102e589c0d5bb9f5564bcacc,ppe_train_image1237_42027fdbc0,ppe_orig,oversample_vest1_ppe_train_image1237_42027fdbc0,vest_oversample
7209d3d265e9ac52102e589c0d5bb9f5564bcacc,ppe_train_image1237_42027fdbc0,ppe_orig,oversample_vest2_oversample_vest1_oversample_vest1_ppe_train_image1237_42027fdbc0,vest_oversample
7209d3d265e9ac52102e589c0d5bb9f5564bcacc,ppe_train_image1237_42027fdbc0,ppe_orig,oversample_vest2_oversample_vest1_oversample_vest2_ppe_train_image1237_42027fdbc0,vest_oversample
7209d3d265e9ac52102e589c0d5bb9f5564bcacc,ppe_train_image1237_42027fdbc0,ppe_orig,oversample_vest2_oversample_vest1_ppe_train_image1237_42027fdbc0,vest_oversample
7209d3d265e9ac52102e589c0d5bb9f5564bcacc,ppe_train_image1237_42027fdbc0,ppe_orig,oversample_vest2_oversample_vest2_oversample_vest1_ppe_train_image1237_42027fdbc0,vest_oversample
7209d3d265e9ac52102e589c0d5bb9f5564bcacc,ppe_train_image1237_42027fdbc0,ppe_orig,oversample_vest2_oversample_vest2_oversample_vest2_ppe_train_image1237_42027fdbc0,vest_oversample
7209d3d265e9ac52102e589c0d5bb9f5564bcacc,ppe_train_image1237_42027fdbc0,ppe_orig,oversample_vest2_oversample_vest2_ppe_train_image1237_42027fdbc0,vest_oversample
7209d3d265e9ac52102e589c0d5bb9f5564bcacc,ppe_train_image1237_42027fdbc0,ppe_orig,oversample_vest2_ppe_train_image1237_42027fdbc0,vest_oversample
6d4a4be801d6a12d0f0ddc298edd281bf99b9901,ppe_train_image1238_c8fa6031df,ppe_orig,oversample_vest1_oversample_vest1_oversample_vest1_ppe_train_image1238_c8fa6031df,vest_oversample
6d4a4be801d6a12d0f0ddc298edd281bf99b9901,ppe_train_image1238_c8fa6031df,ppe_orig,oversample_vest1_oversample_vest1_oversample_vest2_ppe_train_image1238_c8fa6031df,vest_oversample
6d4a4be801d6a12d0f0ddc298edd281bf99b9901,ppe_train_image1238_c8fa6031df,ppe_orig,oversample_vest1_oversample_vest1_ppe_train_image1238_c8fa6031df,vest_oversample
6d4a4be801d6a12d0f0ddc298edd281bf99b9901,ppe_train_image1238_c8fa6031df,ppe_orig,oversample_vest1_oversample_vest2_oversample_vest1_ppe_train_image1238_c8fa6031df,vest_oversample
6d4a4be801d6a12d0f0ddc298edd281bf99b9901,ppe_train_image1238_c8fa6031df,ppe_orig,oversample_vest1_oversample_vest2_oversample_vest2_ppe_train_image1238_c8fa6031df,vest_oversample
6d4a4be801d6a12d0f0ddc298edd281bf99b9901,ppe_train_image1238_c8fa6031df,ppe_orig,oversample_vest1_oversample_vest2_ppe_train_image1238_c8fa6031df,vest_oversample
6d4a4be801d6a12d0f0ddc298edd281bf99b9901,ppe_train_image1238_c8fa6031df,ppe_orig,oversample_vest1_ppe_train_image1238_c8fa6031df,vest_oversample
6d4a4be801d6a12d0f0ddc298edd281bf99b9901,ppe_train_image1238_c8fa6031df,ppe_orig,oversample_vest2_oversample_vest1_oversample_vest1_ppe_train_image1238_c8fa6031df,vest_oversample
6d4a4be801d6a12d0f0ddc298edd281bf99b9901,ppe_train_image1238_c8fa6031df,ppe_orig,oversample_vest2_oversample_vest1_oversample_vest2_ppe_train_image1238_c8fa6031df,vest_oversample
6d4a4be801d6a12d0f0ddc298edd281bf99b9901,ppe_train_image1238_c8fa6031df,ppe_orig,oversample_vest2_oversample_vest1_ppe_train_image1238_c8fa6031df,vest_oversample
6d4a4be801d6a12d0f0ddc298edd281bf99b9901,ppe_train_image1238_c8fa6031df,ppe_orig,oversample_vest2_oversample_vest2_oversample_vest1_ppe_train_image1238_c8fa6031df,vest_oversample
6d4a4be801d6a12d0f0ddc298edd281bf99b9901,ppe_train_image1238_c8fa6031df,ppe_orig,oversample_vest2_oversample_vest2_oversample_vest2_ppe_train_image1238_c8fa6031df,vest_oversample
6d4a4be801d6a12d0f0ddc298edd281bf99b9901,ppe_train_image1238_c8fa6031df,ppe_orig,oversample_vest2_oversample_vest2_ppe_train_image1238_c8fa6031df,vest_oversample
6d4a4be801d6a12d0f0ddc298edd281bf99b9901,ppe_train_image1238_c8fa6031df,ppe_orig,oversample_vest2_ppe_train_image1238_c8fa6031df,vest_oversample
6565ce936bbb111331bc09a54ed9731802a2aa5b,ppe_train_image1240_f31eed5734,ppe_orig,oversample_vest1_oversample_vest1_oversample_vest1_ppe_train_image1240_f31eed5734,vest_oversample
6565ce936bbb111331bc09a54ed9731802a2aa5b,ppe_train_image1240_f31eed5734,ppe_orig,oversample_vest1_oversample_vest1_oversample_vest2_ppe_train_image1240_f31eed5734,vest_oversample
6565ce936bbb111331bc09a54ed9731802a2aa5b,ppe_train_image1240_f31eed5734,ppe_orig,oversample_vest1_oversample_vest1_ppe_train_image1240_f31eed5734,vest_oversample
6565ce936bbb111331bc09a54ed9731802a2aa5b,ppe_train_image1240_f31eed5734,ppe_orig,oversample_vest1_oversample_vest2_oversample_vest1_ppe_train_image1240_f31eed5734,vest_oversample
6565ce936bbb111331bc09a54ed9731802a2aa5b,ppe_train_image1240_f31eed5734,ppe_orig,oversample_vest1_oversample_vest2_oversample_vest2_ppe_train_image1240_f31eed5734,vest_oversample
6565ce936bbb111331bc09a54ed9731802a2aa5b,ppe_train_image1240_f31eed5734,ppe_orig,oversample_vest1_oversample_vest2_ppe_train_image1240_f31eed5734,vest_oversample
6565ce936bbb111331bc09a54ed9731802a2aa5b,ppe_train_image1240_f31eed5734,ppe_orig,oversample_vest1_ppe_train_image1240_f31eed5734,vest_oversample
6565ce936bbb111331bc09a54ed9731802a2aa5b,ppe_train_image1240_f31eed5734,ppe_orig,oversample_vest2_oversample_vest1_oversample_vest1_ppe_train_image1240_f31eed5734,vest_oversample
6565ce936bbb111331bc09a54ed9731802a2aa5b,ppe_train_image1240_f31eed5734,ppe_orig,oversample_vest2_oversample_vest1_oversample_vest2_ppe_train_image1240_f31eed5734,vest_oversample
6565ce936bbb111331bc09a54ed9731802a2aa5b,ppe_train_image1240_f31eed5734,ppe_orig,oversample_vest2_oversample_vest1_ppe_train_image1240_f31eed5734,vest_oversample
6565ce936bbb111331bc09a54ed9731802a2aa5b,ppe_train_image1240_f31eed5734,ppe_orig,oversample_vest2_oversample_vest2_oversample_vest1_ppe_train_image1240_f31eed5734,vest_oversample
6565ce936bbb111331bc09a54ed9731802a2aa5b,ppe_train_image1240_f31eed5734,ppe_orig,oversample_vest2_oversample_vest2_oversample_vest2_ppe_train_image1240_f31eed5734,vest_oversample
6565ce936bbb111331bc09a54ed9731802a2aa5b,ppe_train_image1240_f31eed5734,ppe_orig,oversample_vest2_oversample_vest2_ppe_train_image1240_f31eed5734,vest_oversample
6565ce936bbb111331bc09a54ed9731802a2aa5b,ppe_train_image1240_f31eed5734,ppe_orig,oversample_vest2_ppe_train_image1240_f31eed5734,vest_oversample
cf0a3914883daa81f8c4ebe3fc9618e5459796fb,ppe_train_image1241_439e3e5fc1,ppe_orig,oversample_vest1_oversample_vest1_oversample_vest1_ppe_train_image1241_439e3e5fc1,vest_oversample
cf0a3914883daa81f8c4ebe3fc9618e5459796fb,ppe_train_image1241_439e3e5fc1,ppe_orig,oversample_vest1_oversample_vest1_oversample_vest2_ppe_train_image1241_439e3e5fc1,vest_oversample
cf0a3914883daa81f8c4ebe3fc9618e5459796fb,ppe_train_image1241_439e3e5fc1,ppe_orig,oversample_vest1_oversample_vest1_ppe_train_image1241_439e3e5fc1,vest_oversample
cf0a3914883daa81f8c4ebe3fc9618e5459796fb,ppe_train_image1241_439e3e5fc1,ppe_orig,oversample_vest1_oversample_vest2_oversample_vest1_ppe_train_image1241_439e3e5fc1,vest_oversample
cf0a3914883daa81f8c4ebe3fc9618e5459796fb,ppe_train_image1241_439e3e5fc1,ppe_orig,oversample_vest1_oversample_vest2_oversample_vest2_ppe_train_image1241_439e3e5fc1,vest_oversample
cf0a3914883daa81f8c4ebe3fc9618e5459796fb,ppe_train_image1241_439e3e5fc1,ppe_orig,oversample_vest1_oversample_vest2_ppe_train_image1241_439e3e5fc1,vest_oversample
cf0a3914883daa81f8c4ebe3fc9618e5459796fb,ppe_train_image1241_439e3e5fc1,ppe_orig,oversample_vest1_ppe_train_image1241_439e3e5fc1,vest_oversample
cf0a3914883daa81f8c4ebe3fc9618e5459796fb,ppe_train_image1241_439e3e5fc1,ppe_orig,oversample_vest2_oversample_vest1_oversample_vest1_ppe_train_image1241_439e3e5fc1,vest_oversample
cf0a3914883daa81f8c4ebe3fc9618e5459796fb,ppe_train_image1241_439e3e5fc1,ppe_orig,oversample_vest2_oversample_vest1_oversample_vest2_ppe_train_image1241_439e3e5fc1,vest_oversample
cf0a3914883daa81f8c4ebe3fc9618e5459796fb,ppe_train_image1241_439e3e5fc1,ppe_orig,oversample_vest2_oversample_vest1_ppe_train_image1241_439e3e5fc1,vest_oversample
cf0a3914883daa81f8c4ebe3fc9618e5459796fb,ppe_train_image1241_439e3e5fc1,ppe_orig,oversample_vest2_oversample_vest2_oversample_vest1_ppe_train_image1241_439e3e5fc1,vest_oversample
cf0a3914883daa81f8c4ebe3fc9618e5459796fb,ppe_train_image1241_439e3e5fc1,ppe_orig,oversample_vest2_oversample_vest2_oversample_vest2_ppe_train_image1241_439e3e5fc1,vest_oversample
cf0a3914883daa81f8c4ebe3fc9618e5459796fb,ppe_train_image1241_439e3e5fc1,ppe_orig,oversample_vest2_oversample_vest2_ppe_train_image1241_439e3e5fc1,vest_oversample
cf0a3914883daa81f8c4ebe3fc9618e5459796fb,ppe_train_image1241_439e3e5fc1,ppe_orig,oversample_vest2_ppe_train_image1241_439e3e5fc1,vest_oversample
67bd1a5d339ed1278dfdffa1077f665cb1ee98c3,ppe_train_image1242_6a8c061011,ppe_orig,oversample_vest1_oversample_vest1_oversample_vest1_ppe_train_image1242_6a8c061011,vest_oversample
67bd1a5d339ed1278dfdffa1077f665cb1ee98c3,ppe_train_image1242_6a8c061011,ppe_orig,oversample_vest1_oversample_vest1_oversample_vest2_ppe_train_image1242_6a8c061011,vest_oversample
67bd1a5d339ed1278dfdffa1077f665cb1ee98c3,ppe_train_image1242_6a8c061011,ppe_orig,oversample_vest1_oversample_vest1_ppe_train_image1242_6a8c061011,vest_oversample
67bd1a5d339ed1278dfdffa1077f665cb1ee98c3,ppe_train_image1242_6a8c061011,ppe_orig,oversample_vest1_oversample_vest2_oversample_vest1_ppe_train_image1242_6a8c061011,vest_oversample
67bd1a5d339ed1278dfdffa1077f665cb1ee98c3,ppe_train_image1242_6a8c061011,ppe_orig,oversample_vest1_oversample_vest2_oversample_vest2_ppe_train_image1242_6a8c061011,vest_oversample
67bd1a5d339ed1278dfdffa1077f665cb1ee98c3,ppe_train_image1242_6a8c061011,ppe_orig,oversample_vest1_oversample_vest2_ppe_train_image1242_6a8c061011,vest_oversample
67bd1a5d339ed1278dfdffa1077f665cb1ee98c3,ppe_train_image1242_6a8c061011,ppe_orig,oversample_vest1_ppe_train_image1242_6a8c061011,vest_oversample
67bd1a5d339ed1278dfdffa1077f665cb1ee98c3,ppe_train_image1242_6a8c061011,ppe_orig,oversample_vest2_oversample_vest1_oversample_vest1_ppe_train_image1242_6a8c061011,vest_oversample
67bd1a5d339ed1278dfdffa1077f665cb1ee98c3,ppe_train_image1242_6a8c061011,ppe_orig,oversample_vest2_oversample_vest1_oversample_vest2_ppe_train_image1242_6a8c061011,vest_oversample
67bd1a5d339ed1278dfdffa1077f665cb1ee98c3,ppe_train_image1242_6a8c061011,ppe_orig,oversample_vest2_oversample_vest1_ppe_train_image1242_6a8c061011,vest_oversample
67bd1a5d339ed1278dfdffa1077f665cb1ee98c3,ppe_train_image1242_6a8c061011,ppe_orig,oversample_vest2_oversample_vest2_oversample_vest1_ppe_train_image1242_6a8c061011,vest_oversample
67bd1a5d339ed1278dfdffa1077f665cb1ee98c3,ppe_train_image1242_6a8c061011,ppe_orig,oversample_vest2_oversample_vest2_oversample_vest2_ppe_train_image1242_6a8c061011,vest_oversample
67bd1a5d339ed1278dfdffa1077f665cb1ee98c3,ppe_train_image1242_6a8c061011,ppe_orig,oversample_vest2_oversample_vest2_ppe_train_image1242_6a8c061011,vest_oversample
67bd1a5d339ed1278dfdffa1077f665cb1ee98c3,ppe_train_image1242_6a8c061011,ppe_orig,oversample_vest2_ppe_train_image1242_6a8c061011,vest_oversample
cc689b6a06d915fff517487e43cda216d5478764,ppe_train_image1243_979d70319f,ppe_orig,oversample_vest1_oversample_vest1_oversample_vest1_ppe_train_image1243_979d70319f,vest_oversample
cc689b6a06d915fff517487e43cda216d5478764,ppe_train_image1243_979d70319f,ppe_orig,oversample_vest1_oversample_vest1_oversample_vest2_ppe_train_image1243_979d70319f,vest_oversample
cc689b6a06d915fff517487e43cda216d5478764,ppe_train_image1243_979d70319f,ppe_orig,oversample_vest1_oversample_vest1_ppe_train_image1243_979d70319f,vest_oversample
cc689b6a06d915fff517487e43cda216d5478764,ppe_train_image1243_979d70319f,ppe_orig,oversample_vest1_oversample_vest2_oversample_vest1_ppe_train_image1243_979d70319f,vest_oversample
cc689b6a06d915fff517487e43cda216d5478764,ppe_train_image1243_979d70319f,ppe_orig,oversample_vest1_oversample_vest2_oversample_vest2_ppe_train_image1243_979d70319f,vest_oversample
cc689b6a06d915fff517487e43cda216d5478764,ppe_train_image1243_979d70319f,ppe_orig,oversample_vest1_oversample_vest2_ppe_train_image1243_979d70319f,vest_oversample
cc689b6a06d915fff517487e43cda216d5478764,ppe_train_image1243_979d70319f,ppe_orig,oversample_vest1_ppe_train_image1243_979d70319f,vest_oversample
cc689b6a06d915fff517487e43cda216d5478764,ppe_train_image1243_979d70319f,ppe_orig,oversample_vest2_oversample_vest1_oversample_vest1_ppe_train_image1243_979d70319f,vest_oversample
cc689b6a06d915fff517487e43cda216d5478764,ppe_train_image1243_979d70319f,ppe_orig,oversample_vest2_oversample_vest1_oversample_vest2_ppe_train_image1243_979d70319f,vest_oversample
cc689b6a06d915fff517487e43cda216d5478764,ppe_train_image1243_979d70319f,ppe_orig,oversample_vest2_oversample_vest1_ppe_train_image1243_979d70319f,vest_oversample
cc689b6a06d915fff517487e43cda216d5478764,ppe_train_image1243_979d70319f,ppe_orig,oversample_vest2_oversample_vest2_oversample_vest1_ppe_train_image1243_979d70319f,vest_oversample
cc689b6a06d915fff517487e43cda216d5478764,ppe_train_image1243_979d70319f,ppe_orig,oversample_vest2_oversample_vest2_oversample_vest2_ppe_train_image1243_979d70319f,vest_oversample
cc689b6a06d915fff517487e43cda216d5478764,ppe_train_image1243_979d70319f,ppe_orig,oversample_vest2_oversample_vest2_ppe_train_image1243_979d70319f,vest_oversample
cc689b6a06d915fff517487e43cda216d5478764,ppe_train_image1243_979d70319f,ppe_orig,oversample_vest2_ppe_train_image1243_979d70319f,vest_oversample
560791910d33e1c90e6f7078aef111fd86cb2019,ppe_train_image1245_3aeb14dd62,ppe_orig,oversample_vest1_oversample_vest1_oversample_vest1_ppe_train_image1245_3aeb14dd62,vest_oversample
560791910d33e1c90e6f7078aef111fd86cb2019,ppe_train_image1245_3aeb14dd62,ppe_orig,oversample_vest1_oversample_vest1_oversample_vest2_ppe_train_image1245_3aeb14dd62,vest_oversample
560791910d33e1c90e6f7078aef111fd86cb2019,ppe_train_image1245_3aeb14dd62,ppe_orig,oversample_vest1_oversample_vest1_ppe_train_image1245_3aeb14dd62,vest_oversample
560791910d33e1c90e6f7078aef111fd86cb2019,ppe_train_image1245_3aeb14dd62,ppe_orig,oversample_vest1_oversample_vest2_oversample_vest1_ppe_train_image1245_3aeb14dd62,vest_oversample
560791910d33e1c90e6f7078aef111fd86cb2019,ppe_train_image1245_3aeb14dd62,ppe_orig,oversample_vest1_oversample_vest2_oversample_vest2_ppe_train_image1245_3aeb14dd62,vest_oversample
560791910d33e1c90e6f7078aef111fd86cb2019,ppe_train_image1245_3aeb14dd62,ppe_orig,oversample_vest1_oversample_vest2_ppe_train_image1245_3aeb14dd62,vest_oversample
560791910d33e1c90e6f7078aef111fd86cb2019,ppe_train_image1245_3aeb14dd62,ppe_orig,oversample_vest1_ppe_train_image1245_3aeb14dd62,vest_oversample
560791910d33e1c90e6f7078aef111fd86cb2019,ppe_train_image1245_3aeb14dd62,ppe_orig,oversample_vest2_oversample_vest1_oversample_vest1_ppe_train_image1245_3aeb14dd62,vest_oversample
560791910d33e1c90e6f7078aef111fd86cb2019,ppe_train_image1245_3aeb14dd62,ppe_orig,oversample_vest2_oversample_vest1_oversample_vest2_ppe_train_image1245_3aeb14dd62,vest_oversample
560791910d33e1c90e6f7078aef111fd86cb2019,ppe_train_image1245_3aeb14dd62,ppe_orig,oversample_vest2_oversample_vest1_ppe_train_image1245_3aeb14dd62,vest_oversample
560791910d33e1c90e6f7078aef111fd86cb2019,ppe_train_image1245_3aeb14dd62,ppe_orig,oversample_vest2_oversample_vest2_oversample_vest1_ppe_train_image1245_3aeb14dd62,vest_oversample
560791910d33e1c90e6f7078aef111fd86cb2019,ppe_train_image1245_3aeb14dd62,ppe_orig,oversample_vest2_oversample_vest2_oversample_vest2_ppe_train_image1245_3aeb14dd62,vest_oversample
560791910d33e1c90e6f7078aef111fd86cb2019,ppe_train_image1245_3aeb14dd62,ppe_orig,oversample_vest2_oversample_vest2_ppe_train_image1245_3aeb14dd62,vest_oversample
560791910d33e1c90e6f7078aef111fd86cb2019,ppe_train_image1245_3aeb14dd62,ppe_orig,oversample_vest2_ppe_train_image1245_3aeb14dd62,vest_oversample
07820f60115ec9ecac6e956bb9729c3bba5d2c19,ppe_train_image1246_ac063704ab,ppe_orig,oversample_vest1_oversample_vest1_oversample_vest1_ppe_train_image1246_ac063704ab,vest_oversample
07820f60115ec9ecac6e956bb9729c3bba5d2c19,ppe_train_image1246_ac063704ab,ppe_orig,oversample_vest1_oversample_vest1_oversample_vest2_ppe_train_image1246_ac063704ab,vest_oversample
07820f60115ec9ecac6e956bb9729c3bba5d2c19,ppe_train_image1246_ac063704ab,ppe_orig,oversample_vest1_oversample_vest1_ppe_train_image1246_ac063704ab,vest_oversample
07820f60115ec9ecac6e956bb9729c3bba5d2c19,ppe_train_image1246_ac063704ab,ppe_orig,oversample_vest1_oversample_vest2_oversample_vest1_ppe_train_image1246_ac063704ab,vest_oversample
07820f60115ec9ecac6e956bb9729c3bba5d2c19,ppe_train_image1246_ac063704ab,ppe_orig,oversample_vest1_oversample_vest2_oversample_vest2_ppe_train_image1246_ac063704ab,vest_oversample
07820f60115ec9ecac6e956bb9729c3bba5d2c19,ppe_train_image1246_ac063704ab,ppe_orig,oversample_vest1_oversample_vest2_ppe_train_image1246_ac063704ab,vest_oversample
07820f60115ec9ecac6e956bb9729c3bba5d2c19,ppe_train_image1246_ac063704ab,ppe_orig,oversample_vest1_ppe_train_image1246_ac063704ab,vest_oversample
07820f60115ec9ecac6e956bb9729c3bba5d2c19,ppe_train_image1246_ac063704ab,ppe_orig,oversample_vest2_oversample_vest1_oversample_vest1_ppe_train_image1246_ac063704ab,vest_oversample
07820f60115ec9ecac6e956bb9729c3bba5d2c19,ppe_train_image1246_ac063704ab,ppe_orig,oversample_vest2_oversample_vest1_oversample_vest2_ppe_train_image1246_ac063704ab,vest_oversample
07820f60115ec9ecac6e956bb9729c3bba5d2c19,ppe_train_image1246_ac063704ab,ppe_orig,oversample_vest2_oversample_vest1_ppe_train_image1246_ac063704ab,vest_oversample
07820f60115ec9ecac6e956bb9729c3bba5d2c19,ppe_train_image1246_ac063704ab,ppe_orig,oversample_vest2_oversample_vest2_oversample_vest1_ppe_train_image1246_ac063704ab,vest_oversample
07820f60115ec9ecac6e956bb9729c3bba5d2c19,ppe_train_image1246_ac063704ab,ppe_orig,oversample_vest2_oversample_vest2_oversample_vest2_ppe_train_image1246_ac063704ab,vest_oversample
07820f60115ec9ecac6e956bb9729c3bba5d2c19,ppe_train_image1246_ac063704ab,ppe_orig,oversample_vest2_oversample_vest2_ppe_train_image1246_ac063704ab,vest_oversample
07820f60115ec9ecac6e956bb9729c3bba5d2c19,ppe_train_image1246_ac063704ab,ppe_orig,oversample_vest2_ppe_train_image1246_ac063704ab,vest_oversample
728a62cd3796811f3aab639036c858909491c911,ppe_train_image1247_caea0fa56e,ppe_orig,oversample_vest1_oversample_vest1_oversample_vest1_ppe_train_image1247_caea0fa56e,vest_oversample
728a62cd3796811f3aab639036c858909491c911,ppe_train_image1247_caea0fa56e,ppe_orig,oversample_vest1_oversample_vest1_oversample_vest2_ppe_train_image1247_caea0fa56e,vest_oversample
728a62cd3796811f3aab639036c858909491c911,ppe_train_image1247_caea0fa56e,ppe_orig,oversample_vest1_oversample_vest1_ppe_train_image1247_caea0fa56e,vest_oversample
728a62cd3796811f3aab639036c858909491c911,ppe_train_image1247_caea0fa56e,ppe_orig,oversample_vest1_oversample_vest2_oversample_vest1_ppe_train_image1247_caea0fa56e,vest_oversample
728a62cd3796811f3aab639036c858909491c911,ppe_train_image1247_caea0fa56e,ppe_orig,oversample_vest1_oversample_vest2_oversample_vest2_ppe_train_image1247_caea0fa56e,vest_oversample
728a62cd3796811f3aab639036c858909491c911,ppe_train_image1247_caea0fa56e,ppe_orig,oversample_vest1_oversample_vest2_ppe_train_image1247_caea0fa56e,vest_oversample
728a62cd3796811f3aab639036c858909491c911,ppe_train_image1247_caea0fa56e,ppe_orig,oversample_vest1_ppe_train_image1247_caea0fa56e,vest_oversample
728a62cd3796811f3aab639036c858909491c911,ppe_train_image1247_caea0fa56e,ppe_orig,oversample_vest2_oversample_vest1_oversample_vest1_ppe_train_image1247_caea0fa56e,vest_oversample
728a62cd3796811f3aab639036c858909491c911,ppe_train_image1247_caea0fa56e,ppe_orig,oversample_vest2_oversample_vest1_oversample_vest2_ppe_train_image1247_caea0fa56e,vest_oversample
728a62cd3796811f3aab639036c858909491c911,ppe_train_image1247_caea0fa56e,ppe_orig,oversample_vest2_oversample_vest1_ppe_train_image1247_caea0fa56e,vest_oversample
728a62cd3796811f3aab639036c858909491c911,ppe_train_image1247_caea0fa56e,ppe_orig,oversample_vest2_oversample_vest2_oversample_vest1_ppe_train_image1247_caea0fa56e,vest_oversample
728a62cd3796811f3aab639036c858909491c911,ppe_train_image1247_caea0fa56e,ppe_orig,oversample_vest2_oversample_vest2_oversample_vest2_ppe_train_image1247_caea0fa56e,vest_oversample
728a62cd3796811f3aab639036c858909491c911,ppe_train_image1247_caea0fa56e,ppe_orig,oversample_vest2_oversample_vest2_ppe_train_image1247_caea0fa56e,vest_oversample
728a62cd3796811f3aab639036c858909491c911,ppe_train_image1247_caea0fa56e,ppe_orig,oversample_vest2_ppe_train_image1247_caea0fa56e,vest_oversample
b007ca036bc693191240ea1c83d578007eeccee4,ppe_train_image1249_f26608dfdf,ppe_orig,oversample_vest1_oversample_vest1_oversample_vest1_ppe_train_image1249_f26608dfdf,vest_oversample
b007ca036bc693191240ea1c83d578007eeccee4,ppe_train_image1249_f26608dfdf,ppe_orig,oversample_vest1_oversample_vest1_oversample_vest2_ppe_train_image1249_f26608dfdf,vest_oversample
b007ca036bc693191240ea1c83d578007eeccee4,ppe_train_image1249_f26608dfdf,ppe_orig,oversample_vest1_oversample_vest1_ppe_train_image1249_f26608dfdf,vest_oversample
b007ca036bc693191240ea1c83d578007eeccee4,ppe_train_image1249_f26608dfdf,ppe_orig,oversample_vest1_oversample_vest2_oversample_vest1_ppe_train_image1249_f26608dfdf,vest_oversample
b007ca036bc693191240ea1c83d578007eeccee4,ppe_train_image1249_f26608dfdf,ppe_orig,oversample_vest1_oversample_vest2_oversample_vest2_ppe_train_image1249_f26608dfdf,vest_oversample
b007ca036bc693191240ea1c83d578007eeccee4,ppe_train_image1249_f26608dfdf,ppe_orig,oversample_vest1_oversample_vest2_ppe_train_image1249_f26608dfdf,vest_oversample
b007ca036bc693191240ea1c83d578007eeccee4,ppe_train_image1249_f26608dfdf,ppe_orig,oversample_vest1_ppe_train_image1249_f26608dfdf,vest_oversample
b007ca036bc693191240ea1c83d578007eeccee4,ppe_train_image1249_f26608dfdf,ppe_orig,oversample_vest2_oversample_vest1_oversample_vest1_ppe_train_image1249_f26608dfdf,vest_oversample
b007ca036bc693191240ea1c83d578007eeccee4,ppe_train_image1249_f26608dfdf,ppe_orig,oversample_vest2_oversample_vest1_oversample_vest2_ppe_train_image1249_f26608dfdf,vest_oversample
b007ca036bc693191240ea1c83d578007eeccee4,ppe_train_image1249_f26608dfdf,ppe_orig,oversample_vest2_oversample_vest1_ppe_train_image1249_f26608dfdf,vest_oversample
b007ca036bc693191240ea1c83d578007eeccee4,ppe_train_image1249_f26608dfdf,ppe_orig,oversample_vest2_oversample_vest2_oversample_vest1_ppe_train_image1249_f26608dfdf,vest_oversample
b007ca036bc693191240ea1c83d578007eeccee4,ppe_train_image1249_f26608dfdf,ppe_orig,oversample_vest2_oversample_vest2_oversample_vest2_ppe_train_image1249_f26608dfdf,vest_oversample
b007ca036bc693191240ea1c83d578007eeccee4,ppe_train_image1249_f26608dfdf,ppe_orig,oversample_vest2_oversample_vest2_ppe_train_image1249_f26608dfdf,vest_oversample
b007ca036bc693191240ea1c83d578007eeccee4,ppe_train_image1249_f26608dfdf,ppe_orig,oversample_vest2_ppe_train_image1249_f26608dfdf,vest_oversample
9e97c0a9ee9c510910f3f8565fe78fad8076f74c,ppe_train_image1250_24d5dc7a93,ppe_orig,oversample_vest1_oversample_vest1_oversample_vest1_ppe_train_image1250_24d5dc7a93,vest_oversample
9e97c0a9ee9c510910f3f8565fe78fad8076f74c,ppe_train_image1250_24d5dc7a93,ppe_orig,oversample_vest1_oversample_vest1_oversample_vest2_ppe_train_image1250_24d5dc7a93,vest_oversample
9e97c0a9ee9c510910f3f8565fe78fad8076f74c,ppe_train_image1250_24d5dc7a93,ppe_orig,oversample_vest1_oversample_vest1_ppe_train_image1250_24d5dc7a93,vest_oversample
9e97c0a9ee9c510910f3f8565fe78fad8076f74c,ppe_train_image1250_24d5dc7a93,ppe_orig,oversample_vest1_oversample_vest2_oversample_vest1_ppe_train_image1250_24d5dc7a93,vest_oversample
9e97c0a9ee9c510910f3f8565fe78fad8076f74c,ppe_train_image1250_24d5dc7a93,ppe_orig,oversample_vest1_oversample_vest2_oversample_vest2_ppe_train_image1250_24d5dc7a93,vest_oversample
9e97c0a9ee9c510910f3f8565fe78fad8076f74c,ppe_train_image1250_24d5dc7a93,ppe_orig,oversample_vest1_oversample_vest2_ppe_train_image1250_24d5dc7a93,vest_oversample
9e97c0a9ee9c510910f3f8565fe78fad8076f74c,ppe_train_image1250_24d5dc7a93,ppe_orig,oversample_vest1_ppe_train_image1250_24d5dc7a93,vest_oversample
9e97c0a9ee9c510910f3f8565fe78fad8076f74c,ppe_train_image1250_24d5dc7a93,ppe_orig,oversample_vest2_oversample_vest1_oversample_vest1_ppe_train_image1250_24d5dc7a93,vest_oversample
9e97c0a9ee9c510910f3f8565fe78fad8076f74c,ppe_train_image1250_24d5dc7a93,ppe_orig,oversample_vest2_oversample_vest1_oversample_vest2_ppe_train_image1250_24d5dc7a93,vest_oversample
9e97c0a9ee9c510910f3f8565fe78fad8076f74c,ppe_train_image1250_24d5dc7a93,ppe_orig,oversample_vest2_oversample_vest1_ppe_train_image1250_24d5dc7a93,vest_oversample
9e97c0a9ee9c510910f3f8565fe78fad8076f74c,ppe_train_image1250_24d5dc7a93,ppe_orig,oversample_vest2_oversample_vest2_oversample_vest1_ppe_train_image1250_24d5dc7a93,vest_oversample
9e97c0a9ee9c510910f3f8565fe78fad8076f74c,ppe_train_image1250_24d5dc7a93,ppe_orig,oversample_vest2_oversample_vest2_oversample_vest2_ppe_train_image1250_24d5dc7a93,vest_oversample
9e97c0a9ee9c510910f3f8565fe78fad8076f74c,ppe_train_image1250_24d5dc7a93,ppe_orig,oversample_vest2_oversample_vest2_ppe_train_image1250_24d5dc7a93,vest_oversample
9e97c0a9ee9c510910f3f8565fe78fad8076f74c,ppe_train_image1250_24d5dc7a93,ppe_orig,oversample_vest2_ppe_train_image1250_24d5dc7a93,vest_oversample
059fc258202829f4e45a22f9fc51475ae3195a1b,ppe_train_image1251_6afb2d8de7,ppe_orig,oversample_vest1_oversample_vest1_oversample_vest1_ppe_train_image1251_6afb2d8de7,vest_oversample
059fc258202829f4e45a22f9fc51475ae3195a1b,ppe_train_image1251_6afb2d8de7,ppe_orig,oversample_vest1_oversample_vest1_oversample_vest2_ppe_train_image1251_6afb2d8de7,vest_oversample
059fc258202829f4e45a22f9fc51475ae3195a1b,ppe_train_image1251_6afb2d8de7,ppe_orig,oversample_vest1_oversample_vest1_ppe_train_image1251_6afb2d8de7,vest_oversample
059fc258202829f4e45a22f9fc51475ae3195a1b,ppe_train_image1251_6afb2d8de7,ppe_orig,oversample_vest1_oversample_vest2_oversample_vest1_ppe_train_image1251_6afb2d8de7,vest_oversample
059fc258202829f4e45a22f9fc51475ae3195a1b,ppe_train_image1251_6afb2d8de7,ppe_orig,oversample_vest1_oversample_vest2_oversample_vest2_ppe_train_image1251_6afb2d8de7,vest_oversample
059fc258202829f4e45a22f9fc51475ae3195a1b,ppe_train_image1251_6afb2d8de7,ppe_orig,oversample_vest1_oversample_vest2_ppe_train_image1251_6afb2d8de7,vest_oversample
059fc258202829f4e45a22f9fc51475ae3195a1b,ppe_train_image1251_6afb2d8de7,ppe_orig,oversample_vest1_ppe_train_image1251_6afb2d8de7,vest_oversample
059fc258202829f4e45a22f9fc51475ae3195a1b,ppe_train_image1251_6afb2d8de7,ppe_orig,oversample_vest2_oversample_vest1_oversample_vest1_ppe_train_image1251_6afb2d8de7,vest_oversample
059fc258202829f4e45a22f9fc51475ae3195a1b,ppe_train_image1251_6afb2d8de7,ppe_orig,oversample_vest2_oversample_vest1_oversample_vest2_ppe_train_image1251_6afb2d8de7,vest_oversample
059fc258202829f4e45a22f9fc51475ae3195a1b,ppe_train_image1251_6afb2d8de7,ppe_orig,oversample_vest2_oversample_vest1_ppe_train_image1251_6afb2d8de7,vest_oversample
059fc258202829f4e45a22f9fc51475ae3195a1b,ppe_train_image1251_6afb2d8de7,ppe_orig,oversample_vest2_oversample_vest2_oversample_vest1_ppe_train_image1251_6afb2d8de7,vest_oversample
059fc258202829f4e45a22f9fc51475ae3195a1b,ppe_train_image1251_6afb2d8de7,ppe_orig,oversample_vest2_oversample_vest2_oversample_vest2_ppe_train_image1251_6afb2d8de7,vest_oversample
059fc258202829f4e45a22f9fc51475ae3195a1b,ppe_train_image1251_6afb2d8de7,ppe_orig,oversample_vest2_oversample_vest2_ppe_train_image1251_6afb2d8de7,vest_oversample
059fc258202829f4e45a22f9fc51475ae3195a1b,ppe_train_image1251_6afb2d8de7,ppe_orig,oversample_vest2_ppe_train_image1251_6afb2d8de7,vest_oversample
63e7959c6c0ca3098ffa538f54e55f0163ba1e89,ppe_train_image1253_5d5e5c70c5,ppe_orig,oversample_vest1_oversample_vest1_oversample_vest1_ppe_train_image1253_5d5e5c70c5,vest_oversample
63e7959c6c0ca3098ffa538f54e55f0163ba1e89,ppe_train_image1253_5d5e5c70c5,ppe_orig,oversample_vest1_oversample_vest1_oversample_vest2_ppe_train_image1253_5d5e5c70c5,vest_oversample
63e7959c6c0ca3098ffa538f54e55f0163ba1e89,ppe_train_image1253_5d5e5c70c5,ppe_orig,oversample_vest1_oversample_vest1_ppe_train_image1253_5d5e5c70c5,vest_oversample
63e7959c6c0ca3098ffa538f54e55f0163ba1e89,ppe_train_image1253_5d5e5c70c5,ppe_orig,oversample_vest1_oversample_vest2_oversample_vest1_ppe_train_image1253_5d5e5c70c5,vest_oversample
63e7959c6c0ca3098ffa538f54e55f0163ba1e89,ppe_train_image1253_5d5e5c70c5,ppe_orig,oversample_vest1_oversample_vest2_oversample_vest2_ppe_train_image1253_5d5e5c70c5,vest_oversample
63e7959c6c0ca3098ffa538f54e55f0163ba1e89,ppe_train_image1253_5d5e5c70c5,ppe_orig,oversample_vest1_oversample_vest2_ppe_train_image1253_5d5e5c70c5,vest_oversample
63e7959c6c0ca3098ffa538f54e55f0163ba1e89,ppe_train_image1253_5d5e5c70c5,ppe_orig,oversample_vest1_ppe_train_image1253_5d5e5c70c5,vest_oversample
63e7959c6c0ca3098ffa538f54e55f0163ba1e89,ppe_train_image1253_5d5e5c70c5,ppe_orig,oversample_vest2_oversample_vest1_oversample_vest1_ppe_train_image1253_5d5e5c70c5,vest_oversample
63e7959c6c0ca3098ffa538f54e55f0163ba1e89,ppe_train_image1253_5d5e5c70c5,ppe_orig,oversample_vest2_oversample_vest1_oversample_vest2_ppe_train_image1253_5d5e5c70c5,vest_oversample
63e7959c6c0ca3098ffa538f54e55f0163ba1e89,ppe_train_image1253_5d5e5c70c5,ppe_orig,oversample_vest2_oversample_vest1_ppe_train_image1253_5d5e5c70c5,vest_oversample
63e7959c6c0ca3098ffa538f54e55f0163ba1e89,ppe_train_image1253_5d5e5c70c5,ppe_orig,oversample_vest2_oversample_vest2_oversample_vest1_ppe_train_image1253_5d5e5c70c5,vest_oversample
63e7959c6c0ca3098ffa538f54e55f0163ba1e89,ppe_train_image1253_5d5e5c70c5,ppe_orig,oversample_vest2_oversample_vest2_oversample_vest2_ppe_train_image1253_5d5e5c70c5,vest_oversample
63e7959c6c0ca3098ffa538f54e55f0163ba1e89,ppe_train_image1253_5d5e5c70c5,ppe_orig,oversample_vest2_oversample_vest2_ppe_train_image1253_5d5e5c70c5,vest_oversample
63e7959c6c0ca3098ffa538f54e55f0163ba1e89,ppe_train_image1253_5d5e5c70c5,ppe_orig,oversample_vest2_ppe_train_image1253_5d5e5c70c5,vest_oversample
36b59f85073c6567a949ada60eef0f8fc9eaee11,ppe_train_image1254_12957d1fe3,ppe_orig,oversample_vest1_oversample_vest1_oversample_vest1_ppe_train_image1254_12957d1fe3,vest_oversample
36b59f85073c6567a949ada60eef0f8fc9eaee11,ppe_train_image1254_12957d1fe3,ppe_orig,oversample_vest1_oversample_vest1_oversample_vest2_ppe_train_image1254_12957d1fe3,vest_oversample
36b59f85073c6567a949ada60eef0f8fc9eaee11,ppe_train_image1254_12957d1fe3,ppe_orig,oversample_vest1_oversample_vest1_ppe_train_image1254_12957d1fe3,vest_oversample
36b59f85073c6567a949ada60eef0f8fc9eaee11,ppe_train_image1254_12957d1fe3,ppe_orig,oversample_vest1_oversample_vest2_oversample_vest1_ppe_train_image1254_12957d1fe3,vest_oversample
36b59f85073c6567a949ada60eef0f8fc9eaee11,ppe_train_image1254_12957d1fe3,ppe_orig,oversample_vest1_oversample_vest2_oversample_vest2_ppe_train_image1254_12957d1fe3,vest_oversample
36b59f85073c6567a949ada60eef0f8fc9eaee11,ppe_train_image1254_12957d1fe3,ppe_orig,oversample_vest1_oversample_vest2_ppe_train_image1254_12957d1fe3,vest_oversample
36b59f85073c6567a949ada60eef0f8fc9eaee11,ppe_train_image1254_12957d1fe3,ppe_orig,oversample_vest1_ppe_train_image1254_12957d1fe3,vest_oversample
36b59f85073c6567a949ada60eef0f8fc9eaee11,ppe_train_image1254_12957d1fe3,ppe_orig,oversample_vest2_oversample_vest1_oversample_vest1_ppe_train_image1254_12957d1fe3,vest_oversample
36b59f85073c6567a949ada60eef0f8fc9eaee11,ppe_train_image1254_12957d1fe3,ppe_orig,oversample_vest2_oversample_vest1_oversample_vest2_ppe_train_image1254_12957d1fe3,vest_oversample
36b59f85073c6567a949ada60eef0f8fc9eaee11,ppe_train_image1254_12957d1fe3,ppe_orig,oversample_vest2_oversample_vest1_ppe_train_image1254_12957d1fe3,vest_oversample
36b59f85073c6567a949ada60eef0f8fc9eaee11,ppe_train_image1254_12957d1fe3,ppe_orig,oversample_vest2_oversample_vest2_oversample_vest1_ppe_train_image1254_12957d1fe3,vest_oversample
36b59f85073c6567a949ada60eef0f8fc9eaee11,ppe_train_image1254_12957d1fe3,ppe_orig,oversample_vest2_oversample_vest2_oversample_vest2_ppe_train_image1254_12957d1fe3,vest_oversample
36b59f85073c6567a949ada60eef0f8fc9eaee11,ppe_train_image1254_12957d1fe3,ppe_orig,oversample_vest2_oversample_vest2_ppe_train_image1254_12957d1fe3,vest_oversample
36b59f85073c6567a949ada60eef0f8fc9eaee11,ppe_train_image1254_12957d1fe3,ppe_orig,oversample_vest2_ppe_train_image1254_12957d1fe3,vest_oversample
4ab725b3cbe67a5c94ec5d7426a270618079dad0,ppe_train_image1255_0cae328708,ppe_orig,oversample_vest1_oversample_vest1_oversample_vest1_ppe_train_image1255_0cae328708,vest_oversample
4ab725b3cbe67a5c94ec5d7426a270618079dad0,ppe_train_image1255_0cae328708,ppe_orig,oversample_vest1_oversample_vest1_oversample_vest2_ppe_train_image1255_0cae328708,vest_oversample
4ab725b3cbe67a5c94ec5d7426a270618079dad0,ppe_train_image1255_0cae328708,ppe_orig,oversample_vest1_oversample_vest1_ppe_train_image1255_0cae328708,vest_oversample
4ab725b3cbe67a5c94ec5d7426a270618079dad0,ppe_train_image1255_0cae328708,ppe_orig,oversample_vest1_oversample_vest2_oversample_vest1_ppe_train_image1255_0cae328708,vest_oversample
4ab725b3cbe67a5c94ec5d7426a270618079dad0,ppe_train_image1255_0cae328708,ppe_orig,oversample_vest1_oversample_vest2_oversample_vest2_ppe_train_image1255_0cae328708,vest_oversample
4ab725b3cbe67a5c94ec5d7426a270618079dad0,ppe_train_image1255_0cae328708,ppe_orig,oversample_vest1_oversample_vest2_ppe_train_image1255_0cae328708,vest_oversample
4ab725b3cbe67a5c94ec5d7426a270618079dad0,ppe_train_image1255_0cae328708,ppe_orig,oversample_vest1_ppe_train_image1255_0cae328708,vest_oversample
4ab725b3cbe67a5c94ec5d7426a270618079dad0,ppe_train_image1255_0cae328708,ppe_orig,oversample_vest2_oversample_vest1_oversample_vest1_ppe_train_image1255_0cae328708,vest_oversample
4ab725b3cbe67a5c94ec5d7426a270618079dad0,ppe_train_image1255_0cae328708,ppe_orig,oversample_vest2_oversample_vest1_oversample_vest2_ppe_train_image1255_0cae328708,vest_oversample
4ab725b3cbe67a5c94ec5d7426a270618079dad0,ppe_train_image1255_0cae328708,ppe_orig,oversample_vest2_oversample_vest1_ppe_train_image1255_0cae328708,vest_oversample
4ab725b3cbe67a5c94ec5d7426a270618079dad0,ppe_train_image1255_0cae328708,ppe_orig,oversample_vest2_oversample_vest2_oversample_vest1_ppe_train_image1255_0cae328708,vest_oversample
4ab725b3cbe67a5c94ec5d7426a270618079dad0,ppe_train_image1255_0cae328708,ppe_orig,oversample_vest2_oversample_vest2_oversample_vest2_ppe_train_image1255_0cae328708,vest_oversample
4ab725b3cbe67a5c94ec5d7426a270618079dad0,ppe_train_image1255_0cae328708,ppe_orig,oversample_vest2_oversample_vest2_ppe_train_image1255_0cae328708,vest_oversample
4ab725b3cbe67a5c94ec5d7426a270618079dad0,ppe_train_image1255_0cae328708,ppe_orig,oversample_vest2_ppe_train_image1255_0cae328708,vest_oversample
faaff58b37f6055973d36c084373b78c3db78013,ppe_train_image1257_2afc3b4bbe,ppe_orig,oversample_vest1_oversample_vest1_oversample_vest1_ppe_train_image1257_2afc3b4bbe,vest_oversample
faaff58b37f6055973d36c084373b78c3db78013,ppe_train_image1257_2afc3b4bbe,ppe_orig,oversample_vest1_oversample_vest1_oversample_vest2_ppe_train_image1257_2afc3b4bbe,vest_oversample
faaff58b37f6055973d36c084373b78c3db78013,ppe_train_image1257_2afc3b4bbe,ppe_orig,oversample_vest1_oversample_vest1_ppe_train_image1257_2afc3b4bbe,vest_oversample
faaff58b37f6055973d36c084373b78c3db78013,ppe_train_image1257_2afc3b4bbe,ppe_orig,oversample_vest1_oversample_vest2_oversample_vest1_ppe_train_image1257_2afc3b4bbe,vest_oversample
faaff58b37f6055973d36c084373b78c3db78013,ppe_train_image1257_2afc3b4bbe,ppe_orig,oversample_vest1_oversample_vest2_oversample_vest2_ppe_train_image1257_2afc3b4bbe,vest_oversample
faaff58b37f6055973d36c084373b78c3db78013,ppe_train_image1257_2afc3b4bbe,ppe_orig,oversample_vest1_oversample_vest2_ppe_train_image1257_2afc3b4bbe,vest_oversample
faaff58b37f6055973d36c084373b78c3db78013,ppe_train_image1257_2afc3b4bbe,ppe_orig,oversample_vest1_ppe_train_image1257_2afc3b4bbe,vest_oversample
faaff58b37f6055973d36c084373b78c3db78013,ppe_train_image1257_2afc3b4bbe,ppe_orig,oversample_vest2_oversample_vest1_oversample_vest1_ppe_train_image1257_2afc3b4bbe,vest_oversample
faaff58b37f6055973d36c084373b78c3db78013,ppe_train_image1257_2afc3b4bbe,ppe_orig,oversample_vest2_oversample_vest1_oversample_vest2_ppe_train_image1257_2afc3b4bbe,vest_oversample
faaff58b37f6055973d36c084373b78c3db78013,ppe_train_image1257_2afc3b4bbe,ppe_orig,oversample_vest2_oversample_vest1_ppe_train_image1257_2afc3b4bbe,vest_oversample
faaff58b37f6055973d36c084373b78c3db78013,ppe_train_image1257_2afc3b4bbe,ppe_orig,oversample_vest2_oversample_vest2_oversample_vest1_ppe_train_image1257_2afc3b4bbe,vest_oversample
faaff58b37f6055973d36c084373b78c3db78013,ppe_train_image1257_2afc3b4bbe,ppe_orig,oversample_vest2_oversample_vest2_oversample_vest2_ppe_train_image1257_2afc3b4bbe,vest_oversample
faaff58b37f6055973d36c084373b78c3db78013,ppe_train_image1257_2afc3b4bbe,ppe_orig,oversample_vest2_oversample_vest2_ppe_train_image1257_2afc3b4bbe,vest_oversample
faaff58b37f6055973d36c084373b78c3db78013,ppe_train_image1257_2afc3b4bbe,ppe_orig,oversample_vest2_ppe_train_image1257_2afc3b4bbe,vest_oversample
e79002b29917a1f8af5897d2257b0b055e0176b5,ppe_train_image1258_64d245e39e,ppe_orig,oversample_vest1_oversample_vest1_oversample_vest1_ppe_train_image1258_64d245e39e,vest_oversample
e79002b29917a1f8af5897d2257b0b055e0176b5,ppe_train_image1258_64d245e39e,ppe_orig,oversample_vest1_oversample_vest1_oversample_vest2_ppe_train_image1258_64d245e39e,vest_oversample
e79002b29917a1f8af5897d2257b0b055e0176b5,ppe_train_image1258_64d245e39e,ppe_orig,oversample_vest1_oversample_vest1_ppe_train_image1258_64d245e39e,vest_oversample
e79002b29917a1f8af5897d2257b0b055e0176b5,ppe_train_image1258_64d245e39e,ppe_orig,oversample_vest1_oversample_vest2_oversample_vest1_ppe_train_image1258_64d245e39e,vest_oversample
e79002b29917a1f8af5897d2257b0b055e0176b5,ppe_train_image1258_64d245e39e,ppe_orig,oversample_vest1_oversample_vest2_oversample_vest2_ppe_train_image1258_64d245e39e,vest_oversample
e79002b29917a1f8af5897d2257b0b055e0176b5,ppe_train_image1258_64d245e39e,ppe_orig,oversample_vest1_oversample_vest2_ppe_train_image1258_64d245e39e,vest_oversample
e79002b29917a1f8af5897d2257b0b055e0176b5,ppe_train_image1258_64d245e39e,ppe_orig,oversample_vest1_ppe_train_image1258_64d245e39e,vest_oversample
e79002b29917a1f8af5897d2257b0b055e0176b5,ppe_train_image1258_64d245e39e,ppe_orig,oversample_vest2_oversample_vest1_oversample_vest1_ppe_train_image1258_64d245e39e,vest_oversample
e79002b29917a1f8af5897d2257b0b055e0176b5,ppe_train_image1258_64d245e39e,ppe_orig,oversample_vest2_oversample_vest1_oversample_vest2_ppe_train_image1258_64d245e39e,vest_oversample
e79002b29917a1f8af5897d2257b0b055e0176b5,ppe_train_image1258_64d245e39e,ppe_orig,oversample_vest2_oversample_vest1_ppe_train_image1258_64d245e39e,vest_oversample
e79002b29917a1f8af5897d2257b0b055e0176b5,ppe_train_image1258_64d245e39e,ppe_orig,oversample_vest2_oversample_vest2_oversample_vest1_ppe_train_image1258_64d245e39e,vest_oversample
e79002b29917a1f8af5897d2257b0b055e0176b5,ppe_train_image1258_64d245e39e,ppe_orig,oversample_vest2_oversample_vest2_oversample_vest2_ppe_train_image1258_64d245e39e,vest_oversample
e79002b29917a1f8af5897d2257b0b055e0176b5,ppe_train_image1258_64d245e39e,ppe_orig,oversample_vest2_oversample_vest2_ppe_train_image1258_64d245e39e,vest_oversample
e79002b29917a1f8af5897d2257b0b055e0176b5,ppe_train_image1258_64d245e39e,ppe_orig,oversample_vest2_ppe_train_image1258_64d245e39e,vest_oversample
4454dd109a464ab6866eb15d4792ff864cd84e5b,ppe_train_image1259_cbc0ff6e48,ppe_orig,oversample_vest1_oversample_vest1_oversample_vest1_ppe_train_image1259_cbc0ff6e48,vest_oversample
4454dd109a464ab6866eb15d4792ff864cd84e5b,ppe_train_image1259_cbc0ff6e48,ppe_orig,oversample_vest1_oversample_vest1_oversample_vest2_ppe_train_image1259_cbc0ff6e48,vest_oversample
4454dd109a464ab6866eb15d4792ff864cd84e5b,ppe_train_image1259_cbc0ff6e48,ppe_orig,oversample_vest1_oversample_vest1_ppe_train_image1259_cbc0ff6e48,vest_oversample
4454dd109a464ab6866eb15d4792ff864cd84e5b,ppe_train_image1259_cbc0ff6e48,ppe_orig,oversample_vest1_oversample_vest2_oversample_vest1_ppe_train_image1259_cbc0ff6e48,vest_oversample
4454dd109a464ab6866eb15d4792ff864cd84e5b,ppe_train_image1259_cbc0ff6e48,ppe_orig,oversample_vest1_oversample_vest2_oversample_vest2_ppe_train_image1259_cbc0ff6e48,vest_oversample
4454dd109a464ab6866eb15d4792ff864cd84e5b,ppe_train_image1259_cbc0ff6e48,ppe_orig,oversample_vest1_oversample_vest2_ppe_train_image1259_cbc0ff6e48,vest_oversample
4454dd109a464ab6866eb15d4792ff864cd84e5b,ppe_train_image1259_cbc0ff6e48,ppe_orig,oversample_vest1_ppe_train_image1259_cbc0ff6e48,vest_oversample
4454dd109a464ab6866eb15d4792ff864cd84e5b,ppe_train_image1259_cbc0ff6e48,ppe_orig,oversample_vest2_oversample_vest1_oversample_vest1_ppe_train_image1259_cbc0ff6e48,vest_oversample
4454dd109a464ab6866eb15d4792ff864cd84e5b,ppe_train_image1259_cbc0ff6e48,ppe_orig,oversample_vest2_oversample_vest1_oversample_vest2_ppe_train_image1259_cbc0ff6e48,vest_oversample
4454dd109a464ab6866eb15d4792ff864cd84e5b,ppe_train_image1259_cbc0ff6e48,ppe_orig,oversample_vest2_oversample_vest1_ppe_train_image1259_cbc0ff6e48,vest_oversample
4454dd109a464ab6866eb15d4792ff864cd84e5b,ppe_train_image1259_cbc0ff6e48,ppe_orig,oversample_vest2_oversample_vest2_oversample_vest1_ppe_train_image1259_cbc0ff6e48,vest_oversample
4454dd109a464ab6866eb15d4792ff864cd84e5b,ppe_train_image1259_cbc0ff6e48,ppe_orig,oversample_vest2_oversample_vest2_oversample_vest2_ppe_train_image1259_cbc0ff6e48,vest_oversample
4454dd109a464ab6866eb15d4792ff864cd84e5b,ppe_train_image1259_cbc0ff6e48,ppe_orig,oversample_vest2_oversample_vest2_ppe_train_image1259_cbc0ff6e48,vest_oversample
4454dd109a464ab6866eb15d4792ff864cd84e5b,ppe_train_image1259_cbc0ff6e48,ppe_orig,oversample_vest2_ppe_train_image1259_cbc0ff6e48,vest_oversample
3dc78335b41fab98d82f51c81eb17f66037685e9,ppe_train_image1260_5726508fd2,ppe_orig,oversample_vest1_oversample_vest1_oversample_vest1_ppe_train_image1260_5726508fd2,vest_oversample
3dc78335b41fab98d82f51c81eb17f66037685e9,ppe_train_image1260_5726508fd2,ppe_orig,oversample_vest1_oversample_vest1_oversample_vest2_ppe_train_image1260_5726508fd2,vest_oversample
3dc78335b41fab98d82f51c81eb17f66037685e9,ppe_train_image1260_5726508fd2,ppe_orig,oversample_vest1_oversample_vest1_ppe_train_image1260_5726508fd2,vest_oversample
3dc78335b41fab98d82f51c81eb17f66037685e9,ppe_train_image1260_5726508fd2,ppe_orig,oversample_vest1_oversample_vest2_oversample_vest1_ppe_train_image1260_5726508fd2,vest_oversample
3dc78335b41fab98d82f51c81eb17f66037685e9,ppe_train_image1260_5726508fd2,ppe_orig,oversample_vest1_oversample_vest2_oversample_vest2_ppe_train_image1260_5726508fd2,vest_oversample
3dc78335b41fab98d82f51c81eb17f66037685e9,ppe_train_image1260_5726508fd2,ppe_orig,oversample_vest1_oversample_vest2_ppe_train_image1260_5726508fd2,vest_oversample
3dc78335b41fab98d82f51c81eb17f66037685e9,ppe_train_image1260_5726508fd2,ppe_orig,oversample_vest1_ppe_train_image1260_5726508fd2,vest_oversample
3dc78335b41fab98d82f51c81eb17f66037685e9,ppe_train_image1260_5726508fd2,ppe_orig,oversample_vest2_oversample_vest1_oversample_vest1_ppe_train_image1260_5726508fd2,vest_oversample
3dc78335b41fab98d82f51c81eb17f66037685e9,ppe_train_image1260_5726508fd2,ppe_orig,oversample_vest2_oversample_vest1_oversample_vest2_ppe_train_image1260_5726508fd2,vest_oversample
3dc78335b41fab98d82f51c81eb17f66037685e9,ppe_train_image1260_5726508fd2,ppe_orig,oversample_vest2_oversample_vest1_ppe_train_image1260_5726508fd2,vest_oversample
3dc78335b41fab98d82f51c81eb17f66037685e9,ppe_train_image1260_5726508fd2,ppe_orig,oversample_vest2_oversample_vest2_oversample_vest1_ppe_train_image1260_5726508fd2,vest_oversample
3dc78335b41fab98d82f51c81eb17f66037685e9,ppe_train_image1260_5726508fd2,ppe_orig,oversample_vest2_oversample_vest2_oversample_vest2_ppe_train_image1260_5726508fd2,vest_oversample
3dc78335b41fab98d82f51c81eb17f66037685e9,ppe_train_image1260_5726508fd2,ppe_orig,oversample_vest2_oversample_vest2_ppe_train_image1260_5726508fd2,vest_oversample
3dc78335b41fab98d82f51c81eb17f66037685e9,ppe_train_image1260_5726508fd2,ppe_orig,oversample_vest2_ppe_train_image1260_5726508fd2,vest_oversample
2e3009e2908bc82b8a369e5b70f8753b06ed9611,ppe_train_image1261_cd80cc7442,ppe_orig,oversample_vest1_oversample_vest1_oversample_vest1_ppe_train_image1261_cd80cc7442,vest_oversample
2e3009e2908bc82b8a369e5b70f8753b06ed9611,ppe_train_image1261_cd80cc7442,ppe_orig,oversample_vest1_oversample_vest1_oversample_vest2_ppe_train_image1261_cd80cc7442,vest_oversample
2e3009e2908bc82b8a369e5b70f8753b06ed9611,ppe_train_image1261_cd80cc7442,ppe_orig,oversample_vest1_oversample_vest1_ppe_train_image1261_cd80cc7442,vest_oversample
2e3009e2908bc82b8a369e5b70f8753b06ed9611,ppe_train_image1261_cd80cc7442,ppe_orig,oversample_vest1_oversample_vest2_oversample_vest1_ppe_train_image1261_cd80cc7442,vest_oversample
2e3009e2908bc82b8a369e5b70f8753b06ed9611,ppe_train_image1261_cd80cc7442,ppe_orig,oversample_vest1_oversample_vest2_oversample_vest2_ppe_train_image1261_cd80cc7442,vest_oversample
2e3009e2908bc82b8a369e5b70f8753b06ed9611,ppe_train_image1261_cd80cc7442,ppe_orig,oversample_vest1_oversample_vest2_ppe_train_image1261_cd80cc7442,vest_oversample
2e3009e2908bc82b8a369e5b70f8753b06ed9611,ppe_train_image1261_cd80cc7442,ppe_orig,oversample_vest1_ppe_train_image1261_cd80cc7442,vest_oversample
2e3009e2908bc82b8a369e5b70f8753b06ed9611,ppe_train_image1261_cd80cc7442,ppe_orig,oversample_vest2_oversample_vest1_oversample_vest1_ppe_train_image1261_cd80cc7442,vest_oversample
2e3009e2908bc82b8a369e5b70f8753b06ed9611,ppe_train_image1261_cd80cc7442,ppe_orig,oversample_vest2_oversample_vest1_oversample_vest2_ppe_train_image1261_cd80cc7442,vest_oversample
2e3009e2908bc82b8a369e5b70f8753b06ed9611,ppe_train_image1261_cd80cc7442,ppe_orig,oversample_vest2_oversample_vest1_ppe_train_image1261_cd80cc7442,vest_oversample
2e3009e2908bc82b8a369e5b70f8753b06ed9611,ppe_train_image1261_cd80cc7442,ppe_orig,oversample_vest2_oversample_vest2_oversample_vest1_ppe_train_image1261_cd80cc7442,vest_oversample
2e3009e2908bc82b8a369e5b70f8753b06ed9611,ppe_train_image1261_cd80cc7442,ppe_orig,oversample_vest2_oversample_vest2_oversample_vest2_ppe_train_image1261_cd80cc7442,vest_oversample
2e3009e2908bc82b8a369e5b70f8753b06ed9611,ppe_train_image1261_cd80cc7442,ppe_orig,oversample_vest2_oversample_vest2_ppe_train_image1261_cd80cc7442,vest_oversample
2e3009e2908bc82b8a369e5b70f8753b06ed9611,ppe_train_image1261_cd80cc7442,ppe_orig,oversample_vest2_ppe_train_image1261_cd80cc7442,vest_oversample
58fab1b58811872f074ed60c145cb9b97bc13108,ppe_train_image1262_d455cb6957,ppe_orig,oversample_vest1_oversample_vest1_oversample_vest1_ppe_train_image1262_d455cb6957,vest_oversample
58fab1b58811872f074ed60c145cb9b97bc13108,ppe_train_image1262_d455cb6957,ppe_orig,oversample_vest1_oversample_vest1_oversample_vest2_ppe_train_image1262_d455cb6957,vest_oversample
58fab1b58811872f074ed60c145cb9b97bc13108,ppe_train_image1262_d455cb6957,ppe_orig,oversample_vest1_oversample_vest1_ppe_train_image1262_d455cb6957,vest_oversample
58fab1b58811872f074ed60c145cb9b97bc13108,ppe_train_image1262_d455cb6957,ppe_orig,oversample_vest1_oversample_vest2_oversample_vest1_ppe_train_image1262_d455cb6957,vest_oversample
58fab1b58811872f074ed60c145cb9b97bc13108,ppe_train_image1262_d455cb6957,ppe_orig,oversample_vest1_oversample_vest2_oversample_vest2_ppe_train_image1262_d455cb6957,vest_oversample
58fab1b58811872f074ed60c145cb9b97bc13108,ppe_train_image1262_d455cb6957,ppe_orig,oversample_vest1_oversample_vest2_ppe_train_image1262_d455cb6957,vest_oversample
58fab1b58811872f074ed60c145cb9b97bc13108,ppe_train_image1262_d455cb6957,ppe_orig,oversample_vest1_ppe_train_image1262_d455cb6957,vest_oversample
58fab1b58811872f074ed60c145cb9b97bc13108,ppe_train_image1262_d455cb6957,ppe_orig,oversample_vest2_oversample_vest1_oversample_vest1_ppe_train_image1262_d455cb6957,vest_oversample
58fab1b58811872f074ed60c145cb9b97bc13108,ppe_train_image1262_d455cb6957,ppe_orig,oversample_vest2_oversample_vest1_oversample_vest2_ppe_train_image1262_d455cb6957,vest_oversample
58fab1b58811872f074ed60c145cb9b97bc13108,ppe_train_image1262_d455cb6957,ppe_orig,oversample_vest2_oversample_vest1_ppe_train_image1262_d455cb6957,vest_oversample
58fab1b58811872f074ed60c145cb9b97bc13108,ppe_train_image1262_d455cb6957,ppe_orig,oversample_vest2_oversample_vest2_oversample_vest1_ppe_train_image1262_d455cb6957,vest_oversample
58fab1b58811872f074ed60c145cb9b97bc13108,ppe_train_image1262_d455cb6957,ppe_orig,oversample_vest2_oversample_vest2_oversample_vest2_ppe_train_image1262_d455cb6957,vest_oversample
58fab1b58811872f074ed60c145cb9b97bc13108,ppe_train_image1262_d455cb6957,ppe_orig,oversample_vest2_oversample_vest2_ppe_train_image1262_d455cb6957,vest_oversample
58fab1b58811872f074ed60c145cb9b97bc13108,ppe_train_image1262_d455cb6957,ppe_orig,oversample_vest2_ppe_train_image1262_d455cb6957,vest_oversample
84e7d1441701be30fde27c13805356b33cd6d662,ppe_train_image1263_ddf6d812e5,ppe_orig,oversample_vest1_oversample_vest1_oversample_vest1_ppe_train_image1263_ddf6d812e5,vest_oversample
84e7d1441701be30fde27c13805356b33cd6d662,ppe_train_image1263_ddf6d812e5,ppe_orig,oversample_vest1_oversample_vest1_oversample_vest2_ppe_train_image1263_ddf6d812e5,vest_oversample
84e7d1441701be30fde27c13805356b33cd6d662,ppe_train_image1263_ddf6d812e5,ppe_orig,oversample_vest1_oversample_vest1_ppe_train_image1263_ddf6d812e5,vest_oversample
84e7d1441701be30fde27c13805356b33cd6d662,ppe_train_image1263_ddf6d812e5,ppe_orig,oversample_vest1_oversample_vest2_oversample_vest1_ppe_train_image1263_ddf6d812e5,vest_oversample
84e7d1441701be30fde27c13805356b33cd6d662,ppe_train_image1263_ddf6d812e5,ppe_orig,oversample_vest1_oversample_vest2_oversample_vest2_ppe_train_image1263_ddf6d812e5,vest_oversample
84e7d1441701be30fde27c13805356b33cd6d662,ppe_train_image1263_ddf6d812e5,ppe_orig,oversample_vest1_oversample_vest2_ppe_train_image1263_ddf6d812e5,vest_oversample
84e7d1441701be30fde27c13805356b33cd6d662,ppe_train_image1263_ddf6d812e5,ppe_orig,oversample_vest1_ppe_train_image1263_ddf6d812e5,vest_oversample
84e7d1441701be30fde27c13805356b33cd6d662,ppe_train_image1263_ddf6d812e5,ppe_orig,oversample_vest2_oversample_vest1_oversample_vest1_ppe_train_image1263_ddf6d812e5,vest_oversample
84e7d1441701be30fde27c13805356b33cd6d662,ppe_train_image1263_ddf6d812e5,ppe_orig,oversample_vest2_oversample_vest1_oversample_vest2_ppe_train_image1263_ddf6d812e5,vest_oversample
84e7d1441701be30fde27c13805356b33cd6d662,ppe_train_image1263_ddf6d812e5,ppe_orig,oversample_vest2_oversample_vest1_ppe_train_image1263_ddf6d812e5,vest_oversample
84e7d1441701be30fde27c13805356b33cd6d662,ppe_train_image1263_ddf6d812e5,ppe_orig,oversample_vest2_oversample_vest2_oversample_vest1_ppe_train_image1263_ddf6d812e5,vest_oversample
84e7d1441701be30fde27c13805356b33cd6d662,ppe_train_image1263_ddf6d812e5,ppe_orig,oversample_vest2_oversample_vest2_oversample_vest2_ppe_train_image1263_ddf6d812e5,vest_oversample
84e7d1441701be30fde27c13805356b33cd6d662,ppe_train_image1263_ddf6d812e5,ppe_orig,oversample_vest2_oversample_vest2_ppe_train_image1263_ddf6d812e5,vest_oversample
84e7d1441701be30fde27c13805356b33cd6d662,ppe_train_image1263_ddf6d812e5,ppe_orig,oversample_vest2_ppe_train_image1263_ddf6d812e5,vest_oversample
807b8884d37f7cf478afa2b52f2b4663bcc587ac,ppe_train_image1265_754771e440,ppe_orig,oversample_vest1_oversample_vest1_oversample_vest1_ppe_train_image1265_754771e440,vest_oversample
807b8884d37f7cf478afa2b52f2b4663bcc587ac,ppe_train_image1265_754771e440,ppe_orig,oversample_vest1_oversample_vest1_oversample_vest2_ppe_train_image1265_754771e440,vest_oversample
807b8884d37f7cf478afa2b52f2b4663bcc587ac,ppe_train_image1265_754771e440,ppe_orig,oversample_vest1_oversample_vest1_ppe_train_image1265_754771e440,vest_oversample
807b8884d37f7cf478afa2b52f2b4663bcc587ac,ppe_train_image1265_754771e440,ppe_orig,oversample_vest1_oversample_vest2_oversample_vest1_ppe_train_image1265_754771e440,vest_oversample
807b8884d37f7cf478afa2b52f2b4663bcc587ac,ppe_train_image1265_754771e440,ppe_orig,oversample_vest1_oversample_vest2_oversample_vest2_ppe_train_image1265_754771e440,vest_oversample
807b8884d37f7cf478afa2b52f2b4663bcc587ac,ppe_train_image1265_754771e440,ppe_orig,oversample_vest1_oversample_vest2_ppe_train_image1265_754771e440,vest_oversample
807b8884d37f7cf478afa2b52f2b4663bcc587ac,ppe_train_image1265_754771e440,ppe_orig,oversample_vest1_ppe_train_image1265_754771e440,vest_oversample
807b8884d37f7cf478afa2b52f2b4663bcc587ac,ppe_train_image1265_754771e440,ppe_orig,oversample_vest2_oversample_vest1_oversample_vest1_ppe_train_image1265_754771e440,vest_oversample
807b8884d37f7cf478afa2b52f2b4663bcc587ac,ppe_train_image1265_754771e440,ppe_orig,oversample_vest2_oversample_vest1_oversample_vest2_ppe_train_image1265_754771e440,vest_oversample
807b8884d37f7cf478afa2b52f2b4663bcc587ac,ppe_train_image1265_754771e440,ppe_orig,oversample_vest2_oversample_vest1_ppe_train_image1265_754771e440,vest_oversample
807b8884d37f7cf478afa2b52f2b4663bcc587ac,ppe_train_image1265_754771e440,ppe_orig,oversample_vest2_oversample_vest2_oversample_vest1_ppe_train_image1265_754771e440,vest_oversample
807b8884d37f7cf478afa2b52f2b4663bcc587ac,ppe_train_image1265_754771e440,ppe_orig,oversample_vest2_oversample_vest2_oversample_vest2_ppe_train_image1265_754771e440,vest_oversample
807b8884d37f7cf478afa2b52f2b4663bcc587ac,ppe_train_image1265_754771e440,ppe_orig,oversample_vest2_oversample_vest2_ppe_train_image1265_754771e440,vest_oversample
807b8884d37f7cf478afa2b52f2b4663bcc587ac,ppe_train_image1265_754771e440,ppe_orig,oversample_vest2_ppe_train_image1265_754771e440,vest_oversample
5a1badea3493c4be13b1df95efd0bfe86dbcccad,ppe_train_image1266_640e054c95,ppe_orig,oversample_vest1_oversample_vest1_oversample_vest1_ppe_train_image1266_640e054c95,vest_oversample
5a1badea3493c4be13b1df95efd0bfe86dbcccad,ppe_train_image1266_640e054c95,ppe_orig,oversample_vest1_oversample_vest1_oversample_vest2_ppe_train_image1266_640e054c95,vest_oversample
5a1badea3493c4be13b1df95efd0bfe86dbcccad,ppe_train_image1266_640e054c95,ppe_orig,oversample_vest1_oversample_vest1_ppe_train_image1266_640e054c95,vest_oversample
5a1badea3493c4be13b1df95efd0bfe86dbcccad,ppe_train_image1266_640e054c95,ppe_orig,oversample_vest1_oversample_vest2_oversample_vest1_ppe_train_image1266_640e054c95,vest_oversample
5a1badea3493c4be13b1df95efd0bfe86dbcccad,ppe_train_image1266_640e054c95,ppe_orig,oversample_vest1_oversample_vest2_oversample_vest2_ppe_train_image1266_640e054c95,vest_oversample
5a1badea3493c4be13b1df95efd0bfe86dbcccad,ppe_train_image1266_640e054c95,ppe_orig,oversample_vest1_oversample_vest2_ppe_train_image1266_640e054c95,vest_oversample
5a1badea3493c4be13b1df95efd0bfe86dbcccad,ppe_train_image1266_640e054c95,ppe_orig,oversample_vest1_ppe_train_image1266_640e054c95,vest_oversample
5a1badea3493c4be13b1df95efd0bfe86dbcccad,ppe_train_image1266_640e054c95,ppe_orig,oversample_vest2_oversample_vest1_oversample_vest1_ppe_train_image1266_640e054c95,vest_oversample
5a1badea3493c4be13b1df95efd0bfe86dbcccad,ppe_train_image1266_640e054c95,ppe_orig,oversample_vest2_oversample_vest1_oversample_vest2_ppe_train_image1266_640e054c95,vest_oversample
5a1badea3493c4be13b1df95efd0bfe86dbcccad,ppe_train_image1266_640e054c95,ppe_orig,oversample_vest2_oversample_vest1_ppe_train_image1266_640e054c95,vest_oversample
5a1badea3493c4be13b1df95efd0bfe86dbcccad,ppe_train_image1266_640e054c95,ppe_orig,oversample_vest2_oversample_vest2_oversample_vest1_ppe_train_image1266_640e054c95,vest_oversample
5a1badea3493c4be13b1df95efd0bfe86dbcccad,ppe_train_image1266_640e054c95,ppe_orig,oversample_vest2_oversample_vest2_oversample_vest2_ppe_train_image1266_640e054c95,vest_oversample
5a1badea3493c4be13b1df95efd0bfe86dbcccad,ppe_train_image1266_640e054c95,ppe_orig,oversample_vest2_oversample_vest2_ppe_train_image1266_640e054c95,vest_oversample
5a1badea3493c4be13b1df95efd0bfe86dbcccad,ppe_train_image1266_640e054c95,ppe_orig,oversample_vest2_ppe_train_image1266_640e054c95,vest_oversample
9393053b7f40fbc67fb32c940cf4b821e7c689eb,ppe_train_image1267_8fd1e3aece,ppe_orig,oversample_vest1_oversample_vest1_oversample_vest1_ppe_train_image1267_8fd1e3aece,vest_oversample
9393053b7f40fbc67fb32c940cf4b821e7c689eb,ppe_train_image1267_8fd1e3aece,ppe_orig,oversample_vest1_oversample_vest1_oversample_vest2_ppe_train_image1267_8fd1e3aece,vest_oversample
9393053b7f40fbc67fb32c940cf4b821e7c689eb,ppe_train_image1267_8fd1e3aece,ppe_orig,oversample_vest1_oversample_vest1_ppe_train_image1267_8fd1e3aece,vest_oversample
9393053b7f40fbc67fb32c940cf4b821e7c689eb,ppe_train_image1267_8fd1e3aece,ppe_orig,oversample_vest1_oversample_vest2_oversample_vest1_ppe_train_image1267_8fd1e3aece,vest_oversample
9393053b7f40fbc67fb32c940cf4b821e7c689eb,ppe_train_image1267_8fd1e3aece,ppe_orig,oversample_vest1_oversample_vest2_oversample_vest2_ppe_train_image1267_8fd1e3aece,vest_oversample
9393053b7f40fbc67fb32c940cf4b821e7c689eb,ppe_train_image1267_8fd1e3aece,ppe_orig,oversample_vest1_oversample_vest2_ppe_train_image1267_8fd1e3aece,vest_oversample
9393053b7f40fbc67fb32c940cf4b821e7c689eb,ppe_train_image1267_8fd1e3aece,ppe_orig,oversample_vest1_ppe_train_image1267_8fd1e3aece,vest_oversample
9393053b7f40fbc67fb32c940cf4b821e7c689eb,ppe_train_image1267_8fd1e3aece,ppe_orig,oversample_vest2_oversample_vest1_oversample_vest1_ppe_train_image1267_8fd1e3aece,vest_oversample
9393053b7f40fbc67fb32c940cf4b821e7c689eb,ppe_train_image1267_8fd1e3aece,ppe_orig,oversample_vest2_oversample_vest1_oversample_vest2_ppe_train_image1267_8fd1e3aece,vest_oversample
9393053b7f40fbc67fb32c940cf4b821e7c689eb,ppe_train_image1267_8fd1e3aece,ppe_orig,oversample_vest2_oversample_vest1_ppe_train_image1267_8fd1e3aece,vest_oversample
9393053b7f40fbc67fb32c940cf4b821e7c689eb,ppe_train_image1267_8fd1e3aece,ppe_orig,oversample_vest2_oversample_vest2_oversample_vest1_ppe_train_image1267_8fd1e3aece,vest_oversample
9393053b7f40fbc67fb32c940cf4b821e7c689eb,ppe_train_image1267_8fd1e3aece,ppe_orig,oversample_vest2_oversample_vest2_oversample_vest2_ppe_train_image1267_8fd1e3aece,vest_oversample
9393053b7f40fbc67fb32c940cf4b821e7c689eb,ppe_train_image1267_8fd1e3aece,ppe_orig,oversample_vest2_oversample_vest2_ppe_train_image1267_8fd1e3aece,vest_oversample
9393053b7f40fbc67fb32c940cf4b821e7c689eb,ppe_train_image1267_8fd1e3aece,ppe_orig,oversample_vest2_ppe_train_image1267_8fd1e3aece,vest_oversample
a6c61d839688638a6f21d917ca303b2367508ac2,ppe_train_image1268_ab047ed5f4,ppe_orig,oversample_vest1_oversample_vest1_oversample_vest1_ppe_train_image1268_ab047ed5f4,vest_oversample
a6c61d839688638a6f21d917ca303b2367508ac2,ppe_train_image1268_ab047ed5f4,ppe_orig,oversample_vest1_oversample_vest1_oversample_vest2_ppe_train_image1268_ab047ed5f4,vest_oversample
a6c61d839688638a6f21d917ca303b2367508ac2,ppe_train_image1268_ab047ed5f4,ppe_orig,oversample_vest1_oversample_vest1_ppe_train_image1268_ab047ed5f4,vest_oversample
a6c61d839688638a6f21d917ca303b2367508ac2,ppe_train_image1268_ab047ed5f4,ppe_orig,oversample_vest1_oversample_vest2_oversample_vest1_ppe_train_image1268_ab047ed5f4,vest_oversample
a6c61d839688638a6f21d917ca303b2367508ac2,ppe_train_image1268_ab047ed5f4,ppe_orig,oversample_vest1_oversample_vest2_oversample_vest2_ppe_train_image1268_ab047ed5f4,vest_oversample
a6c61d839688638a6f21d917ca303b2367508ac2,ppe_train_image1268_ab047ed5f4,ppe_orig,oversample_vest1_oversample_vest2_ppe_train_image1268_ab047ed5f4,vest_oversample
a6c61d839688638a6f21d917ca303b2367508ac2,ppe_train_image1268_ab047ed5f4,ppe_orig,oversample_vest1_ppe_train_image1268_ab047ed5f4,vest_oversample
a6c61d839688638a6f21d917ca303b2367508ac2,ppe_train_image1268_ab047ed5f4,ppe_orig,oversample_vest2_oversample_vest1_oversample_vest1_ppe_train_image1268_ab047ed5f4,vest_oversample
a6c61d839688638a6f21d917ca303b2367508ac2,ppe_train_image1268_ab047ed5f4,ppe_orig,oversample_vest2_oversample_vest1_oversample_vest2_ppe_train_image1268_ab047ed5f4,vest_oversample
a6c61d839688638a6f21d917ca303b2367508ac2,ppe_train_image1268_ab047ed5f4,ppe_orig,oversample_vest2_oversample_vest1_ppe_train_image1268_ab047ed5f4,vest_oversample
a6c61d839688638a6f21d917ca303b2367508ac2,ppe_train_image1268_ab047ed5f4,ppe_orig,oversample_vest2_oversample_vest2_oversample_vest1_ppe_train_image1268_ab047ed5f4,vest_oversample
a6c61d839688638a6f21d917ca303b2367508ac2,ppe_train_image1268_ab047ed5f4,ppe_orig,oversample_vest2_oversample_vest2_oversample_vest2_ppe_train_image1268_ab047ed5f4,vest_oversample
a6c61d839688638a6f21d917ca303b2367508ac2,ppe_train_image1268_ab047ed5f4,ppe_orig,oversample_vest2_oversample_vest2_ppe_train_image1268_ab047ed5f4,vest_oversample
a6c61d839688638a6f21d917ca303b2367508ac2,ppe_train_image1268_ab047ed5f4,ppe_orig,oversample_vest2_ppe_train_image1268_ab047ed5f4,vest_oversample
c15cffea5523b142c4088aa88b69e50892e5aa51,ppe_train_image1269_5a1a9851cf,ppe_orig,ppe_train_image1269_5a1a9851cf_helmetcopy,ppe_orig
c15cffea5523b142c4088aa88b69e50892e5aa51,ppe_train_image1269_5a1a9851cf,ppe_orig,oversample_vest1_oversample_vest1_oversample_vest1_ppe_train_image1269_5a1a9851cf,vest_oversample
c15cffea5523b142c4088aa88b69e50892e5aa51,ppe_train_image1269_5a1a9851cf,ppe_orig,oversample_vest1_oversample_vest1_oversample_vest1_ppe_train_image1269_5a1a9851cf_helmetcopy,vest_oversample
c15cffea5523b142c4088aa88b69e50892e5aa51,ppe_train_image1269_5a1a9851cf,ppe_orig,oversample_vest1_oversample_vest1_oversample_vest2_ppe_train_image1269_5a1a9851cf,vest_oversample
c15cffea5523b142c4088aa88b69e50892e5aa51,ppe_train_image1269_5a1a9851cf,ppe_orig,oversample_vest1_oversample_vest1_oversample_vest2_ppe_train_image1269_5a1a9851cf_helmetcopy,vest_oversample
c15cffea5523b142c4088aa88b69e50892e5aa51,ppe_train_image1269_5a1a9851cf,ppe_orig,oversample_vest1_oversample_vest1_ppe_train_image1269_5a1a9851cf,vest_oversample
c15cffea5523b142c4088aa88b69e50892e5aa51,ppe_train_image1269_5a1a9851cf,ppe_orig,oversample_vest1_oversample_vest1_ppe_train_image1269_5a1a9851cf_helmetcopy,vest_oversample
c15cffea5523b142c4088aa88b69e50892e5aa51,ppe_train_image1269_5a1a9851cf,ppe_orig,oversample_vest1_oversample_vest2_oversample_vest1_ppe_train_image1269_5a1a9851cf,vest_oversample
c15cffea5523b142c4088aa88b69e50892e5aa51,ppe_train_image1269_5a1a9851cf,ppe_orig,oversample_vest1_oversample_vest2_oversample_vest1_ppe_train_image1269_5a1a9851cf_helmetcopy,vest_oversample
c15cffea5523b142c4088aa88b69e50892e5aa51,ppe_train_image1269_5a1a9851cf,ppe_orig,oversample_vest1_oversample_vest2_oversample_vest2_ppe_train_image1269_5a1a9851cf,vest_oversample
c15cffea5523b142c4088aa88b69e50892e5aa51,ppe_train_image1269_5a1a9851cf,ppe_orig,oversample_vest1_oversample_vest2_oversample_vest2_ppe_train_image1269_5a1a9851cf_helmetcopy,vest_oversample
c15cffea5523b142c4088aa88b69e50892e5aa51,ppe_train_image1269_5a1a9851cf,ppe_orig,oversample_vest1_oversample_vest2_ppe_train_image1269_5a1a9851cf,vest_oversample
c15cffea5523b142c4088aa88b69e50892e5aa51,ppe_train_image1269_5a1a9851cf,ppe_orig,oversample_vest1_oversample_vest2_ppe_train_image1269_5a1a9851cf_helmetcopy,vest_oversample
c15cffea5523b142c4088aa88b69e50892e5aa51,ppe_train_image1269_5a1a9851cf,ppe_orig,oversample_vest1_ppe_train_image1269_5a1a9851cf,vest_oversample
c15cffea5523b142c4088aa88b69e50892e5aa51,ppe_train_image1269_5a1a9851cf,ppe_orig,oversample_vest1_ppe_train_image1269_5a1a9851cf_helmetcopy,vest_oversample
c15cffea5523b142c4088aa88b69e50892e5aa51,ppe_train_image1269_5a1a9851cf,ppe_orig,oversample_vest2_oversample_vest1_oversample_vest1_ppe_train_image1269_5a1a9851cf,vest_oversample
c15cffea5523b142c4088aa88b69e50892e5aa51,ppe_train_image1269_5a1a9851cf,ppe_orig,oversample_vest2_oversample_vest1_oversample_vest1_ppe_train_image1269_5a1a9851cf_helmetcopy,vest_oversample
c15cffea5523b142c4088aa88b69e50892e5aa51,ppe_train_image1269_5a1a9851cf,ppe_orig,oversample_vest2_oversample_vest1_oversample_vest2_ppe_train_image1269_5a1a9851cf,vest_oversample
c15cffea5523b142c4088aa88b69e50892e5aa51,ppe_train_image1269_5a1a9851cf,ppe_orig,oversample_vest2_oversample_vest1_oversample_vest2_ppe_train_image1269_5a1a9851cf_helmetcopy,vest_oversample
c15cffea5523b142c4088aa88b69e50892e5aa51,ppe_train_image1269_5a1a9851cf,ppe_orig,oversample_vest2_oversample_vest1_ppe_train_image1269_5a1a9851cf,vest_oversample
c15cffea5523b142c4088aa88b69e50892e5aa51,ppe_train_image1269_5a1a9851cf,ppe_orig,oversample_vest2_oversample_vest1_ppe_train_image1269_5a1a9851cf_helmetcopy,vest_oversample
c15cffea5523b142c4088aa88b69e50892e5aa51,ppe_train_image1269_5a1a9851cf,ppe_orig,oversample_vest2_oversample_vest2_oversample_vest1_ppe_train_image1269_5a1a9851cf,vest_oversample
c15cffea5523b142c4088aa88b69e50892e5aa51,ppe_train_image1269_5a1a9851cf,ppe_orig,oversample_vest2_oversample_vest2_oversample_vest1_ppe_train_image1269_5a1a9851cf_helmetcopy,vest_oversample
c15cffea5523b142c4088aa88b69e50892e5aa51,ppe_train_image1269_5a1a9851cf,ppe_orig,oversample_vest2_oversample_vest2_oversample_vest2_ppe_train_image1269_5a1a9851cf,vest_oversample
c15cffea5523b142c4088aa88b69e50892e5aa51,ppe_train_image1269_5a1a9851cf,ppe_orig,oversample_vest2_oversample_vest2_oversample_vest2_ppe_train_image1269_5a1a9851cf_helmetcopy,vest_oversample
c15cffea5523b142c4088aa88b69e50892e5aa51,ppe_train_image1269_5a1a9851cf,ppe_orig,oversample_vest2_oversample_vest2_ppe_train_image1269_5a1a9851cf,vest_oversample
c15cffea5523b142c4088aa88b69e50892e5aa51,ppe_train_image1269_5a1a9851cf,ppe_orig,oversample_vest2_oversample_vest2_ppe_train_image1269_5a1a9851cf_helmetcopy,vest_oversample
c15cffea5523b142c4088aa88b69e50892e5aa51,ppe_train_image1269_5a1a9851cf,ppe_orig,oversample_vest2_ppe_train_image1269_5a1a9851cf,vest_oversample
c15cffea5523b142c4088aa88b69e50892e5aa51,ppe_train_image1269_5a1a9851cf,ppe_orig,oversample_vest2_ppe_train_image1269_5a1a9851cf_helmetcopy,vest_oversample
7fb1250cddeb746827016d20e85d73b364d746af,ppe_train_image1271_a936201be0,ppe_orig,oversample_vest1_oversample_vest1_oversample_vest1_ppe_train_image1271_a936201be0,vest_oversample
7fb1250cddeb746827016d20e85d73b364d746af,ppe_train_image1271_a936201be0,ppe_orig,oversample_vest1_oversample_vest1_oversample_vest2_ppe_train_image1271_a936201be0,vest_oversample
7fb1250cddeb746827016d20e85d73b364d746af,ppe_train_image1271_a936201be0,ppe_orig,oversample_vest1_oversample_vest1_ppe_train_image1271_a936201be0,vest_oversample
7fb1250cddeb746827016d20e85d73b364d746af,ppe_train_image1271_a936201be0,ppe_orig,oversample_vest1_oversample_vest2_oversample_vest1_ppe_train_image1271_a936201be0,vest_oversample
7fb1250cddeb746827016d20e85d73b364d746af,ppe_train_image1271_a936201be0,ppe_orig,oversample_vest1_oversample_vest2_oversample_vest2_ppe_train_image1271_a936201be0,vest_oversample
7fb1250cddeb746827016d20e85d73b364d746af,ppe_train_image1271_a936201be0,ppe_orig,oversample_vest1_oversample_vest2_ppe_train_image1271_a936201be0,vest_oversample
7fb1250cddeb746827016d20e85d73b364d746af,ppe_train_image1271_a936201be0,ppe_orig,oversample_vest1_ppe_train_image1271_a936201be0,vest_oversample
7fb1250cddeb746827016d20e85d73b364d746af,ppe_train_image1271_a936201be0,ppe_orig,oversample_vest2_oversample_vest1_oversample_vest1_ppe_train_image1271_a936201be0,vest_oversample
7fb1250cddeb746827016d20e85d73b364d746af,ppe_train_image1271_a936201be0,ppe_orig,oversample_vest2_oversample_vest1_oversample_vest2_ppe_train_image1271_a936201be0,vest_oversample
7fb1250cddeb746827016d20e85d73b364d746af,ppe_train_image1271_a936201be0,ppe_orig,oversample_vest2_oversample_vest1_ppe_train_image1271_a936201be0,vest_oversample
7fb1250cddeb746827016d20e85d73b364d746af,ppe_train_image1271_a936201be0,ppe_orig,oversample_vest2_oversample_vest2_oversample_vest1_ppe_train_image1271_a936201be0,vest_oversample
7fb1250cddeb746827016d20e85d73b364d746af,ppe_train_image1271_a936201be0,ppe_orig,oversample_vest2_oversample_vest2_oversample_vest2_ppe_train_image1271_a936201be0,vest_oversample
7fb1250cddeb746827016d20e85d73b364d746af,ppe_train_image1271_a936201be0,ppe_orig,oversample_vest2_oversample_vest2_ppe_train_image1271_a936201be0,vest_oversample
7fb1250cddeb746827016d20e85d73b364d746af,ppe_train_image1271_a936201be0,ppe_orig,oversample_vest2_ppe_train_image1271_a936201be0,vest_oversample
b374135c7fb5b922e781f6aae663adee2edf893c,ppe_train_image1272_8d4bb12803,ppe_orig,oversample_vest1_oversample_vest1_oversample_vest1_ppe_train_image1272_8d4bb12803,vest_oversample
b374135c7fb5b922e781f6aae663adee2edf893c,ppe_train_image1272_8d4bb12803,ppe_orig,oversample_vest1_oversample_vest1_oversample_vest2_ppe_train_image1272_8d4bb12803,vest_oversample
b374135c7fb5b922e781f6aae663adee2edf893c,ppe_train_image1272_8d4bb12803,ppe_orig,oversample_vest1_oversample_vest1_ppe_train_image1272_8d4bb12803,vest_oversample
b374135c7fb5b922e781f6aae663adee2edf893c,ppe_train_image1272_8d4bb12803,ppe_orig,oversample_vest1_oversample_vest2_oversample_vest1_ppe_train_image1272_8d4bb12803,vest_oversample
b374135c7fb5b922e781f6aae663adee2edf893c,ppe_train_image1272_8d4bb12803,ppe_orig,oversample_vest1_oversample_vest2_oversample_vest2_ppe_train_image1272_8d4bb12803,vest_oversample
b374135c7fb5b922e781f6aae663adee2edf893c,ppe_train_image1272_8d4bb12803,ppe_orig,oversample_vest1_oversample_vest2_ppe_train_image1272_8d4bb12803,vest_oversample
b374135c7fb5b922e781f6aae663adee2edf893c,ppe_train_image1272_8d4bb12803,ppe_orig,oversample_vest1_ppe_train_image1272_8d4bb12803,vest_oversample
b374135c7fb5b922e781f6aae663adee2edf893c,ppe_train_image1272_8d4bb12803,ppe_orig,oversample_vest2_oversample_vest1_oversample_vest1_ppe_train_image1272_8d4bb12803,vest_oversample
b374135c7fb5b922e781f6aae663adee2edf893c,ppe_train_image1272_8d4bb12803,ppe_orig,oversample_vest2_oversample_vest1_oversample_vest2_ppe_train_image1272_8d4bb12803,vest_oversample
b374135c7fb5b922e781f6aae663adee2edf893c,ppe_train_image1272_8d4bb12803,ppe_orig,oversample_vest2_oversample_vest1_ppe_train_image1272_8d4bb12803,vest_oversample
b374135c7fb5b922e781f6aae663adee2edf893c,ppe_train_image1272_8d4bb12803,ppe_orig,oversample_vest2_oversample_vest2_oversample_vest1_ppe_train_image1272_8d4bb12803,vest_oversample
b374135c7fb5b922e781f6aae663adee2edf893c,ppe_train_image1272_8d4bb12803,ppe_orig,oversample_vest2_oversample_vest2_oversample_vest2_ppe_train_image1272_8d4bb12803,vest_oversample
b374135c7fb5b922e781f6aae663adee2edf893c,ppe_train_image1272_8d4bb12803,ppe_orig,oversample_vest2_oversample_vest2_ppe_train_image1272_8d4bb12803,vest_oversample
b374135c7fb5b922e781f6aae663adee2edf893c,ppe_train_image1272_8d4bb12803,ppe_orig,oversample_vest2_ppe_train_image1272_8d4bb12803,vest_oversample
5e23e5234b7e360671db780da92851b2e8069a54,ppe_train_image1274_345e117009,ppe_orig,oversample_vest1_oversample_vest1_oversample_vest1_ppe_train_image1274_345e117009,vest_oversample
5e23e5234b7e360671db780da92851b2e8069a54,ppe_train_image1274_345e117009,ppe_orig,oversample_vest1_oversample_vest1_oversample_vest2_ppe_train_image1274_345e117009,vest_oversample
5e23e5234b7e360671db780da92851b2e8069a54,ppe_train_image1274_345e117009,ppe_orig,oversample_vest1_oversample_vest1_ppe_train_image1274_345e117009,vest_oversample
5e23e5234b7e360671db780da92851b2e8069a54,ppe_train_image1274_345e117009,ppe_orig,oversample_vest1_oversample_vest2_oversample_vest1_ppe_train_image1274_345e117009,vest_oversample
5e23e5234b7e360671db780da92851b2e8069a54,ppe_train_image1274_345e117009,ppe_orig,oversample_vest1_oversample_vest2_oversample_vest2_ppe_train_image1274_345e117009,vest_oversample
5e23e5234b7e360671db780da92851b2e8069a54,ppe_train_image1274_345e117009,ppe_orig,oversample_vest1_oversample_vest2_ppe_train_image1274_345e117009,vest_oversample
5e23e5234b7e360671db780da92851b2e8069a54,ppe_train_image1274_345e117009,ppe_orig,oversample_vest1_ppe_train_image1274_345e117009,vest_oversample
5e23e5234b7e360671db780da92851b2e8069a54,ppe_train_image1274_345e117009,ppe_orig,oversample_vest2_oversample_vest1_oversample_vest1_ppe_train_image1274_345e117009,vest_oversample
5e23e5234b7e360671db780da92851b2e8069a54,ppe_train_image1274_345e117009,ppe_orig,oversample_vest2_oversample_vest1_oversample_vest2_ppe_train_image1274_345e117009,vest_oversample
5e23e5234b7e360671db780da92851b2e8069a54,ppe_train_image1274_345e117009,ppe_orig,oversample_vest2_oversample_vest1_ppe_train_image1274_345e117009,vest_oversample
5e23e5234b7e360671db780da92851b2e8069a54,ppe_train_image1274_345e117009,ppe_orig,oversample_vest2_oversample_vest2_oversample_vest1_ppe_train_image1274_345e117009,vest_oversample
5e23e5234b7e360671db780da92851b2e8069a54,ppe_train_image1274_345e117009,ppe_orig,oversample_vest2_oversample_vest2_oversample_vest2_ppe_train_image1274_345e117009,vest_oversample
5e23e5234b7e360671db780da92851b2e8069a54,ppe_train_image1274_345e117009,ppe_orig,oversample_vest2_oversample_vest2_ppe_train_image1274_345e117009,vest_oversample
5e23e5234b7e360671db780da92851b2e8069a54,ppe_train_image1274_345e117009,ppe_orig,oversample_vest2_ppe_train_image1274_345e117009,vest_oversample
7bc9f4dadcb1fc4936cc5949c859d6243c4e153c,ppe_train_image1275_2c1ed7766b,ppe_orig,oversample_vest1_oversample_vest1_oversample_vest1_ppe_train_image1275_2c1ed7766b,vest_oversample
7bc9f4dadcb1fc4936cc5949c859d6243c4e153c,ppe_train_image1275_2c1ed7766b,ppe_orig,oversample_vest1_oversample_vest1_oversample_vest2_ppe_train_image1275_2c1ed7766b,vest_oversample
7bc9f4dadcb1fc4936cc5949c859d6243c4e153c,ppe_train_image1275_2c1ed7766b,ppe_orig,oversample_vest1_oversample_vest1_ppe_train_image1275_2c1ed7766b,vest_oversample
7bc9f4dadcb1fc4936cc5949c859d6243c4e153c,ppe_train_image1275_2c1ed7766b,ppe_orig,oversample_vest1_oversample_vest2_oversample_vest1_ppe_train_image1275_2c1ed7766b,vest_oversample
7bc9f4dadcb1fc4936cc5949c859d6243c4e153c,ppe_train_image1275_2c1ed7766b,ppe_orig,oversample_vest1_oversample_vest2_oversample_vest2_ppe_train_image1275_2c1ed7766b,vest_oversample
7bc9f4dadcb1fc4936cc5949c859d6243c4e153c,ppe_train_image1275_2c1ed7766b,ppe_orig,oversample_vest1_oversample_vest2_ppe_train_image1275_2c1ed7766b,vest_oversample
7bc9f4dadcb1fc4936cc5949c859d6243c4e153c,ppe_train_image1275_2c1ed7766b,ppe_orig,oversample_vest1_ppe_train_image1275_2c1ed7766b,vest_oversample
7bc9f4dadcb1fc4936cc5949c859d6243c4e153c,ppe_train_image1275_2c1ed7766b,ppe_orig,oversample_vest2_oversample_vest1_oversample_vest1_ppe_train_image1275_2c1ed7766b,vest_oversample
7bc9f4dadcb1fc4936cc5949c859d6243c4e153c,ppe_train_image1275_2c1ed7766b,ppe_orig,oversample_vest2_oversample_vest1_oversample_vest2_ppe_train_image1275_2c1ed7766b,vest_oversample
7bc9f4dadcb1fc4936cc5949c859d6243c4e153c,ppe_train_image1275_2c1ed7766b,ppe_orig,oversample_vest2_oversample_vest1_ppe_train_image1275_2c1ed7766b,vest_oversample
7bc9f4dadcb1fc4936cc5949c859d6243c4e153c,ppe_train_image1275_2c1ed7766b,ppe_orig,oversample_vest2_oversample_vest2_oversample_vest1_ppe_train_image1275_2c1ed7766b,vest_oversample
7bc9f4dadcb1fc4936cc5949c859d6243c4e153c,ppe_train_image1275_2c1ed7766b,ppe_orig,oversample_vest2_oversample_vest2_oversample_vest2_ppe_train_image1275_2c1ed7766b,vest_oversample
7bc9f4dadcb1fc4936cc5949c859d6243c4e153c,ppe_train_image1275_2c1ed7766b,ppe_orig,oversample_vest2_oversample_vest2_ppe_train_image1275_2c1ed7766b,vest_oversample
7bc9f4dadcb1fc4936cc5949c859d6243c4e153c,ppe_train_image1275_2c1ed7766b,ppe_orig,oversample_vest2_ppe_train_image1275_2c1ed7766b,vest_oversample
a57cc92130674765196843c7d87568264318304a,ppe_train_image1277_0315f991dc,ppe_orig,oversample_vest1_oversample_vest1_oversample_vest1_ppe_train_image1277_0315f991dc,vest_oversample
a57cc92130674765196843c7d87568264318304a,ppe_train_image1277_0315f991dc,ppe_orig,oversample_vest1_oversample_vest1_oversample_vest2_ppe_train_image1277_0315f991dc,vest_oversample
a57cc92130674765196843c7d87568264318304a,ppe_train_image1277_0315f991dc,ppe_orig,oversample_vest1_oversample_vest1_ppe_train_image1277_0315f991dc,vest_oversample
a57cc92130674765196843c7d87568264318304a,ppe_train_image1277_0315f991dc,ppe_orig,oversample_vest1_oversample_vest2_oversample_vest1_ppe_train_image1277_0315f991dc,vest_oversample
a57cc92130674765196843c7d87568264318304a,ppe_train_image1277_0315f991dc,ppe_orig,oversample_vest1_oversample_vest2_oversample_vest2_ppe_train_image1277_0315f991dc,vest_oversample
a57cc92130674765196843c7d87568264318304a,ppe_train_image1277_0315f991dc,ppe_orig,oversample_vest1_oversample_vest2_ppe_train_image1277_0315f991dc,vest_oversample
a57cc92130674765196843c7d87568264318304a,ppe_train_image1277_0315f991dc,ppe_orig,oversample_vest1_ppe_train_image1277_0315f991dc,vest_oversample
a57cc92130674765196843c7d87568264318304a,ppe_train_image1277_0315f991dc,ppe_orig,oversample_vest2_oversample_vest1_oversample_vest1_ppe_train_image1277_0315f991dc,vest_oversample
a57cc92130674765196843c7d87568264318304a,ppe_train_image1277_0315f991dc,ppe_orig,oversample_vest2_oversample_vest1_oversample_vest2_ppe_train_image1277_0315f991dc,vest_oversample
a57cc92130674765196843c7d87568264318304a,ppe_train_image1277_0315f991dc,ppe_orig,oversample_vest2_oversample_vest1_ppe_train_image1277_0315f991dc,vest_oversample
a57cc92130674765196843c7d87568264318304a,ppe_train_image1277_0315f991dc,ppe_orig,oversample_vest2_oversample_vest2_oversample_vest1_ppe_train_image1277_0315f991dc,vest_oversample
a57cc92130674765196843c7d87568264318304a,ppe_train_image1277_0315f991dc,ppe_orig,oversample_vest2_oversample_vest2_oversample_vest2_ppe_train_image1277_0315f991dc,vest_oversample
a57cc92130674765196843c7d87568264318304a,ppe_train_image1277_0315f991dc,ppe_orig,oversample_vest2_oversample_vest2_ppe_train_image1277_0315f991dc,vest_oversample
a57cc92130674765196843c7d87568264318304a,ppe_train_image1277_0315f991dc,ppe_orig,oversample_vest2_ppe_train_image1277_0315f991dc,vest_oversample
74e86fb53c1cd1eb744a79aedfb1a5caa2f0eb7d,ppe_train_image1278_16e25ed149,ppe_orig,oversample_vest1_oversample_vest1_oversample_vest1_ppe_train_image1278_16e25ed149,vest_oversample
74e86fb53c1cd1eb744a79aedfb1a5caa2f0eb7d,ppe_train_image1278_16e25ed149,ppe_orig,oversample_vest1_oversample_vest1_oversample_vest2_ppe_train_image1278_16e25ed149,vest_oversample
74e86fb53c1cd1eb744a79aedfb1a5caa2f0eb7d,ppe_train_image1278_16e25ed149,ppe_orig,oversample_vest1_oversample_vest1_ppe_train_image1278_16e25ed149,vest_oversample
74e86fb53c1cd1eb744a79aedfb1a5caa2f0eb7d,ppe_train_image1278_16e25ed149,ppe_orig,oversample_vest1_oversample_vest2_oversample_vest1_ppe_train_image1278_16e25ed149,vest_oversample
74e86fb53c1cd1eb744a79aedfb1a5caa2f0eb7d,ppe_train_image1278_16e25ed149,ppe_orig,oversample_vest1_oversample_vest2_oversample_vest2_ppe_train_image1278_16e25ed149,vest_oversample
74e86fb53c1cd1eb744a79aedfb1a5caa2f0eb7d,ppe_train_image1278_16e25ed149,ppe_orig,oversample_vest1_oversample_vest2_ppe_train_image1278_16e25ed149,vest_oversample
74e86fb53c1cd1eb744a79aedfb1a5caa2f0eb7d,ppe_train_image1278_16e25ed149,ppe_orig,oversample_vest1_ppe_train_image1278_16e25ed149,vest_oversample
74e86fb53c1cd1eb744a79aedfb1a5caa2f0eb7d,ppe_train_image1278_16e25ed149,ppe_orig,oversample_vest2_oversample_vest1_oversample_vest1_ppe_train_image1278_16e25ed149,vest_oversample
74e86fb53c1cd1eb744a79aedfb1a5caa2f0eb7d,ppe_train_image1278_16e25ed149,ppe_orig,oversample_vest2_oversample_vest1_oversample_vest2_ppe_train_image1278_16e25ed149,vest_oversample
74e86fb53c1cd1eb744a79aedfb1a5caa2f0eb7d,ppe_train_image1278_16e25ed149,ppe_orig,oversample_vest2_oversample_vest1_ppe_train_image1278_16e25ed149,vest_oversample
74e86fb53c1cd1eb744a79aedfb1a5caa2f0eb7d,ppe_train_image1278_16e25ed149,ppe_orig,oversample_vest2_oversample_vest2_oversample_vest1_ppe_train_image1278_16e25ed149,vest_oversample
74e86fb53c1cd1eb744a79aedfb1a5caa2f0eb7d,ppe_train_image1278_16e25ed149,ppe_orig,oversample_vest2_oversample_vest2_oversample_vest2_ppe_train_image1278_16e25ed149,vest_oversample
74e86fb53c1cd1eb744a79aedfb1a5caa2f0eb7d,ppe_train_image1278_16e25ed149,ppe_orig,oversample_vest2_oversample_vest2_ppe_train_image1278_16e25ed149,vest_oversample
74e86fb53c1cd1eb744a79aedfb1a5caa2f0eb7d,ppe_train_image1278_16e25ed149,ppe_orig,oversample_vest2_ppe_train_image1278_16e25ed149,vest_oversample
80dfc2a843e61c9f9ade852e623c0a74e0d18b51,ppe_train_image1279_3244c37ddb,ppe_orig,oversample_vest1_oversample_vest1_oversample_vest1_ppe_train_image1279_3244c37ddb,vest_oversample
80dfc2a843e61c9f9ade852e623c0a74e0d18b51,ppe_train_image1279_3244c37ddb,ppe_orig,oversample_vest1_oversample_vest1_oversample_vest2_ppe_train_image1279_3244c37ddb,vest_oversample
80dfc2a843e61c9f9ade852e623c0a74e0d18b51,ppe_train_image1279_3244c37ddb,ppe_orig,oversample_vest1_oversample_vest1_ppe_train_image1279_3244c37ddb,vest_oversample
80dfc2a843e61c9f9ade852e623c0a74e0d18b51,ppe_train_image1279_3244c37ddb,ppe_orig,oversample_vest1_oversample_vest2_oversample_vest1_ppe_train_image1279_3244c37ddb,vest_oversample
80dfc2a843e61c9f9ade852e623c0a74e0d18b51,ppe_train_image1279_3244c37ddb,ppe_orig,oversample_vest1_oversample_vest2_oversample_vest2_ppe_train_image1279_3244c37ddb,vest_oversample
80dfc2a843e61c9f9ade852e623c0a74e0d18b51,ppe_train_image1279_3244c37ddb,ppe_orig,oversample_vest1_oversample_vest2_ppe_train_image1279_3244c37ddb,vest_oversample
80dfc2a843e61c9f9ade852e623c0a74e0d18b51,ppe_train_image1279_3244c37ddb,ppe_orig,oversample_vest1_ppe_train_image1279_3244c37ddb,vest_oversample
80dfc2a843e61c9f9ade852e623c0a74e0d18b51,ppe_train_image1279_3244c37ddb,ppe_orig,oversample_vest2_oversample_vest1_oversample_vest1_ppe_train_image1279_3244c37ddb,vest_oversample
80dfc2a843e61c9f9ade852e623c0a74e0d18b51,ppe_train_image1279_3244c37ddb,ppe_orig,oversample_vest2_oversample_vest1_oversample_vest2_ppe_train_image1279_3244c37ddb,vest_oversample
80dfc2a843e61c9f9ade852e623c0a74e0d18b51,ppe_train_image1279_3244c37ddb,ppe_orig,oversample_vest2_oversample_vest1_ppe_train_image1279_3244c37ddb,vest_oversample
80dfc2a843e61c9f9ade852e623c0a74e0d18b51,ppe_train_image1279_3244c37ddb,ppe_orig,oversample_vest2_oversample_vest2_oversample_vest1_ppe_train_image1279_3244c37ddb,vest_oversample
80dfc2a843e61c9f9ade852e623c0a74e0d18b51,ppe_train_image1279_3244c37ddb,ppe_orig,oversample_vest2_oversample_vest2_oversample_vest2_ppe_train_image1279_3244c37ddb,vest_oversample
80dfc2a843e61c9f9ade852e623c0a74e0d18b51,ppe_train_image1279_3244c37ddb,ppe_orig,oversample_vest2_oversample_vest2_ppe_train_image1279_3244c37ddb,vest_oversample
80dfc2a843e61c9f9ade852e623c0a74e0d18b51,ppe_train_image1279_3244c37ddb,ppe_orig,oversample_vest2_ppe_train_image1279_3244c37ddb,vest_oversample
ca89d005d7444b40d3115b7caeaf0e339cd9b90f,ppe_train_image1280_fc58871443,ppe_orig,oversample_vest1_oversample_vest1_oversample_vest1_ppe_train_image1280_fc58871443,vest_oversample
ca89d005d7444b40d3115b7caeaf0e339cd9b90f,ppe_train_image1280_fc58871443,ppe_orig,oversample_vest1_oversample_vest1_oversample_vest2_ppe_train_image1280_fc58871443,vest_oversample
ca89d005d7444b40d3115b7caeaf0e339cd9b90f,ppe_train_image1280_fc58871443,ppe_orig,oversample_vest1_oversample_vest1_ppe_train_image1280_fc58871443,vest_oversample
ca89d005d7444b40d3115b7caeaf0e339cd9b90f,ppe_train_image1280_fc58871443,ppe_orig,oversample_vest1_oversample_vest2_oversample_vest1_ppe_train_image1280_fc58871443,vest_oversample
ca89d005d7444b40d3115b7caeaf0e339cd9b90f,ppe_train_image1280_fc58871443,ppe_orig,oversample_vest1_oversample_vest2_oversample_vest2_ppe_train_image1280_fc58871443,vest_oversample
ca89d005d7444b40d3115b7caeaf0e339cd9b90f,ppe_train_image1280_fc58871443,ppe_orig,oversample_vest1_oversample_vest2_ppe_train_image1280_fc58871443,vest_oversample
ca89d005d7444b40d3115b7caeaf0e339cd9b90f,ppe_train_image1280_fc58871443,ppe_orig,oversample_vest1_ppe_train_image1280_fc58871443,vest_oversample
ca89d005d7444b40d3115b7caeaf0e339cd9b90f,ppe_train_image1280_fc58871443,ppe_orig,oversample_vest2_oversample_vest1_oversample_vest1_ppe_train_image1280_fc58871443,vest_oversample
ca89d005d7444b40d3115b7caeaf0e339cd9b90f,ppe_train_image1280_fc58871443,ppe_orig,oversample_vest2_oversample_vest1_oversample_vest2_ppe_train_image1280_fc58871443,vest_oversample
ca89d005d7444b40d3115b7caeaf0e339cd9b90f,ppe_train_image1280_fc58871443,ppe_orig,oversample_vest2_oversample_vest1_ppe_train_image1280_fc58871443,vest_oversample
ca89d005d7444b40d3115b7caeaf0e339cd9b90f,ppe_train_image1280_fc58871443,ppe_orig,oversample_vest2_oversample_vest2_oversample_vest1_ppe_train_image1280_fc58871443,vest_oversample
ca89d005d7444b40d3115b7caeaf0e339cd9b90f,ppe_train_image1280_fc58871443,ppe_orig,oversample_vest2_oversample_vest2_oversample_vest2_ppe_train_image1280_fc58871443,vest_oversample
ca89d005d7444b40d3115b7caeaf0e339cd9b90f,ppe_train_image1280_fc58871443,ppe_orig,oversample_vest2_oversample_vest2_ppe_train_image1280_fc58871443,vest_oversample
ca89d005d7444b40d3115b7caeaf0e339cd9b90f,ppe_train_image1280_fc58871443,ppe_orig,oversample_vest2_ppe_train_image1280_fc58871443,vest_oversample
02d4ec4d814d908fa9a479741c5b7bf66fdafcd1,ppe_train_image1281_1eb210e973,ppe_orig,oversample_vest1_oversample_vest1_oversample_vest1_ppe_train_image1281_1eb210e973,vest_oversample
02d4ec4d814d908fa9a479741c5b7bf66fdafcd1,ppe_train_image1281_1eb210e973,ppe_orig,oversample_vest1_oversample_vest1_oversample_vest2_ppe_train_image1281_1eb210e973,vest_oversample
02d4ec4d814d908fa9a479741c5b7bf66fdafcd1,ppe_train_image1281_1eb210e973,ppe_orig,oversample_vest1_oversample_vest1_ppe_train_image1281_1eb210e973,vest_oversample
02d4ec4d814d908fa9a479741c5b7bf66fdafcd1,ppe_train_image1281_1eb210e973,ppe_orig,oversample_vest1_oversample_vest2_oversample_vest1_ppe_train_image1281_1eb210e973,vest_oversample
02d4ec4d814d908fa9a479741c5b7bf66fdafcd1,ppe_train_image1281_1eb210e973,ppe_orig,oversample_vest1_oversample_vest2_oversample_vest2_ppe_train_image1281_1eb210e973,vest_oversample
02d4ec4d814d908fa9a479741c5b7bf66fdafcd1,ppe_train_image1281_1eb210e973,ppe_orig,oversample_vest1_oversample_vest2_ppe_train_image1281_1eb210e973,vest_oversample
02d4ec4d814d908fa9a479741c5b7bf66fdafcd1,ppe_train_image1281_1eb210e973,ppe_orig,oversample_vest1_ppe_train_image1281_1eb210e973,vest_oversample
02d4ec4d814d908fa9a479741c5b7bf66fdafcd1,ppe_train_image1281_1eb210e973,ppe_orig,oversample_vest2_oversample_vest1_oversample_vest1_ppe_train_image1281_1eb210e973,vest_oversample
02d4ec4d814d908fa9a479741c5b7bf66fdafcd1,ppe_train_image1281_1eb210e973,ppe_orig,oversample_vest2_oversample_vest1_oversample_vest2_ppe_train_image1281_1eb210e973,vest_oversample
02d4ec4d814d908fa9a479741c5b7bf66fdafcd1,ppe_train_image1281_1eb210e973,ppe_orig,oversample_vest2_oversample_vest1_ppe_train_image1281_1eb210e973,vest_oversample
02d4ec4d814d908fa9a479741c5b7bf66fdafcd1,ppe_train_image1281_1eb210e973,ppe_orig,oversample_vest2_oversample_vest2_oversample_vest1_ppe_train_image1281_1eb210e973,vest_oversample
02d4ec4d814d908fa9a479741c5b7bf66fdafcd1,ppe_train_image1281_1eb210e973,ppe_orig,oversample_vest2_oversample_vest2_oversample_vest2_ppe_train_image1281_1eb210e973,vest_oversample
02d4ec4d814d908fa9a479741c5b7bf66fdafcd1,ppe_train_image1281_1eb210e973,ppe_orig,oversample_vest2_oversample_vest2_ppe_train_image1281_1eb210e973,vest_oversample
02d4ec4d814d908fa9a479741c5b7bf66fdafcd1,ppe_train_image1281_1eb210e973,ppe_orig,oversample_vest2_ppe_train_image1281_1eb210e973,vest_oversample
bee248f693ef6a8dfbe40452610a01bda4ffe5c4,ppe_train_image1282_8a971f225a,ppe_orig,oversample_vest1_oversample_vest1_oversample_vest1_ppe_train_image1282_8a971f225a,vest_oversample
bee248f693ef6a8dfbe40452610a01bda4ffe5c4,ppe_train_image1282_8a971f225a,ppe_orig,oversample_vest1_oversample_vest1_oversample_vest2_ppe_train_image1282_8a971f225a,vest_oversample
bee248f693ef6a8dfbe40452610a01bda4ffe5c4,ppe_train_image1282_8a971f225a,ppe_orig,oversample_vest1_oversample_vest1_ppe_train_image1282_8a971f225a,vest_oversample
bee248f693ef6a8dfbe40452610a01bda4ffe5c4,ppe_train_image1282_8a971f225a,ppe_orig,oversample_vest1_oversample_vest2_oversample_vest1_ppe_train_image1282_8a971f225a,vest_oversample
bee248f693ef6a8dfbe40452610a01bda4ffe5c4,ppe_train_image1282_8a971f225a,ppe_orig,oversample_vest1_oversample_vest2_oversample_vest2_ppe_train_image1282_8a971f225a,vest_oversample
bee248f693ef6a8dfbe40452610a01bda4ffe5c4,ppe_train_image1282_8a971f225a,ppe_orig,oversample_vest1_oversample_vest2_ppe_train_image1282_8a971f225a,vest_oversample
bee248f693ef6a8dfbe40452610a01bda4ffe5c4,ppe_train_image1282_8a971f225a,ppe_orig,oversample_vest1_ppe_train_image1282_8a971f225a,vest_oversample
bee248f693ef6a8dfbe40452610a01bda4ffe5c4,ppe_train_image1282_8a971f225a,ppe_orig,oversample_vest2_oversample_vest1_oversample_vest1_ppe_train_image1282_8a971f225a,vest_oversample
bee248f693ef6a8dfbe40452610a01bda4ffe5c4,ppe_train_image1282_8a971f225a,ppe_orig,oversample_vest2_oversample_vest1_oversample_vest2_ppe_train_image1282_8a971f225a,vest_oversample
bee248f693ef6a8dfbe40452610a01bda4ffe5c4,ppe_train_image1282_8a971f225a,ppe_orig,oversample_vest2_oversample_vest1_ppe_train_image1282_8a971f225a,vest_oversample
bee248f693ef6a8dfbe40452610a01bda4ffe5c4,ppe_train_image1282_8a971f225a,ppe_orig,oversample_vest2_oversample_vest2_oversample_vest1_ppe_train_image1282_8a971f225a,vest_oversample
bee248f693ef6a8dfbe40452610a01bda4ffe5c4,ppe_train_image1282_8a971f225a,ppe_orig,oversample_vest2_oversample_vest2_oversample_vest2_ppe_train_image1282_8a971f225a,vest_oversample
bee248f693ef6a8dfbe40452610a01bda4ffe5c4,ppe_train_image1282_8a971f225a,ppe_orig,oversample_vest2_oversample_vest2_ppe_train_image1282_8a971f225a,vest_oversample
bee248f693ef6a8dfbe40452610a01bda4ffe5c4,ppe_train_image1282_8a971f225a,ppe_orig,oversample_vest2_ppe_train_image1282_8a971f225a,vest_oversample
39a6a56136186a190e447fe458e505fb628ec786,ppe_train_image1283_ba6b33ab75,ppe_orig,oversample_vest1_oversample_vest1_oversample_vest1_ppe_train_image1283_ba6b33ab75,vest_oversample
39a6a56136186a190e447fe458e505fb628ec786,ppe_train_image1283_ba6b33ab75,ppe_orig,oversample_vest1_oversample_vest1_oversample_vest2_ppe_train_image1283_ba6b33ab75,vest_oversample
39a6a56136186a190e447fe458e505fb628ec786,ppe_train_image1283_ba6b33ab75,ppe_orig,oversample_vest1_oversample_vest1_ppe_train_image1283_ba6b33ab75,vest_oversample
39a6a56136186a190e447fe458e505fb628ec786,ppe_train_image1283_ba6b33ab75,ppe_orig,oversample_vest1_oversample_vest2_oversample_vest1_ppe_train_image1283_ba6b33ab75,vest_oversample
39a6a56136186a190e447fe458e505fb628ec786,ppe_train_image1283_ba6b33ab75,ppe_orig,oversample_vest1_oversample_vest2_oversample_vest2_ppe_train_image1283_ba6b33ab75,vest_oversample
39a6a56136186a190e447fe458e505fb628ec786,ppe_train_image1283_ba6b33ab75,ppe_orig,oversample_vest1_oversample_vest2_ppe_train_image1283_ba6b33ab75,vest_oversample
39a6a56136186a190e447fe458e505fb628ec786,ppe_train_image1283_ba6b33ab75,ppe_orig,oversample_vest1_ppe_train_image1283_ba6b33ab75,vest_oversample
39a6a56136186a190e447fe458e505fb628ec786,ppe_train_image1283_ba6b33ab75,ppe_orig,oversample_vest2_oversample_vest1_oversample_vest1_ppe_train_image1283_ba6b33ab75,vest_oversample
39a6a56136186a190e447fe458e505fb628ec786,ppe_train_image1283_ba6b33ab75,ppe_orig,oversample_vest2_oversample_vest1_oversample_vest2_ppe_train_image1283_ba6b33ab75,vest_oversample
39a6a56136186a190e447fe458e505fb628ec786,ppe_train_image1283_ba6b33ab75,ppe_orig,oversample_vest2_oversample_vest1_ppe_train_image1283_ba6b33ab75,vest_oversample
39a6a56136186a190e447fe458e505fb628ec786,ppe_train_image1283_ba6b33ab75,ppe_orig,oversample_vest2_oversample_vest2_oversample_vest1_ppe_train_image1283_ba6b33ab75,vest_oversample
39a6a56136186a190e447fe458e505fb628ec786,ppe_train_image1283_ba6b33ab75,ppe_orig,oversample_vest2_oversample_vest2_oversample_vest2_ppe_train_image1283_ba6b33ab75,vest_oversample
39a6a56136186a190e447fe458e505fb628ec786,ppe_train_image1283_ba6b33ab75,ppe_orig,oversample_vest2_oversample_vest2_ppe_train_image1283_ba6b33ab75,vest_oversample
39a6a56136186a190e447fe458e505fb628ec786,ppe_train_image1283_ba6b33ab75,ppe_orig,oversample_vest2_ppe_train_image1283_ba6b33ab75,vest_oversample
07b4d6999ef128e84268c902658413d836db3de6,ppe_train_image1284_81aa220a50,ppe_orig,oversample_vest1_oversample_vest1_oversample_vest1_ppe_train_image1284_81aa220a50,vest_oversample
07b4d6999ef128e84268c902658413d836db3de6,ppe_train_image1284_81aa220a50,ppe_orig,oversample_vest1_oversample_vest1_oversample_vest2_ppe_train_image1284_81aa220a50,vest_oversample
07b4d6999ef128e84268c902658413d836db3de6,ppe_train_image1284_81aa220a50,ppe_orig,oversample_vest1_oversample_vest1_ppe_train_image1284_81aa220a50,vest_oversample
07b4d6999ef128e84268c902658413d836db3de6,ppe_train_image1284_81aa220a50,ppe_orig,oversample_vest1_oversample_vest2_oversample_vest1_ppe_train_image1284_81aa220a50,vest_oversample
07b4d6999ef128e84268c902658413d836db3de6,ppe_train_image1284_81aa220a50,ppe_orig,oversample_vest1_oversample_vest2_oversample_vest2_ppe_train_image1284_81aa220a50,vest_oversample
07b4d6999ef128e84268c902658413d836db3de6,ppe_train_image1284_81aa220a50,ppe_orig,oversample_vest1_oversample_vest2_ppe_train_image1284_81aa220a50,vest_oversample
07b4d6999ef128e84268c902658413d836db3de6,ppe_train_image1284_81aa220a50,ppe_orig,oversample_vest1_ppe_train_image1284_81aa220a50,vest_oversample
07b4d6999ef128e84268c902658413d836db3de6,ppe_train_image1284_81aa220a50,ppe_orig,oversample_vest2_oversample_vest1_oversample_vest1_ppe_train_image1284_81aa220a50,vest_oversample
07b4d6999ef128e84268c902658413d836db3de6,ppe_train_image1284_81aa220a50,ppe_orig,oversample_vest2_oversample_vest1_oversample_vest2_ppe_train_image1284_81aa220a50,vest_oversample
07b4d6999ef128e84268c902658413d836db3de6,ppe_train_image1284_81aa220a50,ppe_orig,oversample_vest2_oversample_vest1_ppe_train_image1284_81aa220a50,vest_oversample
07b4d6999ef128e84268c902658413d836db3de6,ppe_train_image1284_81aa220a50,ppe_orig,oversample_vest2_oversample_vest2_oversample_vest1_ppe_train_image1284_81aa220a50,vest_oversample
07b4d6999ef128e84268c902658413d836db3de6,ppe_train_image1284_81aa220a50,ppe_orig,oversample_vest2_oversample_vest2_oversample_vest2_ppe_train_image1284_81aa220a50,vest_oversample
07b4d6999ef128e84268c902658413d836db3de6,ppe_train_image1284_81aa220a50,ppe_orig,oversample_vest2_oversample_vest2_ppe_train_image1284_81aa220a50,vest_oversample
07b4d6999ef128e84268c902658413d836db3de6,ppe_train_image1284_81aa220a50,ppe_orig,oversample_vest2_ppe_train_image1284_81aa220a50,vest_oversample
496bcb4df453cbfafbd689c9780773b6344bc308,ppe_train_image1285_cdf34d9cae,ppe_orig,oversample_vest1_oversample_vest1_oversample_vest1_ppe_train_image1285_cdf34d9cae,vest_oversample
496bcb4df453cbfafbd689c9780773b6344bc308,ppe_train_image1285_cdf34d9cae,ppe_orig,oversample_vest1_oversample_vest1_oversample_vest2_ppe_train_image1285_cdf34d9cae,vest_oversample
496bcb4df453cbfafbd689c9780773b6344bc308,ppe_train_image1285_cdf34d9cae,ppe_orig,oversample_vest1_oversample_vest1_ppe_train_image1285_cdf34d9cae,vest_oversample
496bcb4df453cbfafbd689c9780773b6344bc308,ppe_train_image1285_cdf34d9cae,ppe_orig,oversample_vest1_oversample_vest2_oversample_vest1_ppe_train_image1285_cdf34d9cae,vest_oversample
496bcb4df453cbfafbd689c9780773b6344bc308,ppe_train_image1285_cdf34d9cae,ppe_orig,oversample_vest1_oversample_vest2_oversample_vest2_ppe_train_image1285_cdf34d9cae,vest_oversample
496bcb4df453cbfafbd689c9780773b6344bc308,ppe_train_image1285_cdf34d9cae,ppe_orig,oversample_vest1_oversample_vest2_ppe_train_image1285_cdf34d9cae,vest_oversample
496bcb4df453cbfafbd689c9780773b6344bc308,ppe_train_image1285_cdf34d9cae,ppe_orig,oversample_vest1_ppe_train_image1285_cdf34d9cae,vest_oversample
496bcb4df453cbfafbd689c9780773b6344bc308,ppe_train_image1285_cdf34d9cae,ppe_orig,oversample_vest2_oversample_vest1_oversample_vest1_ppe_train_image1285_cdf34d9cae,vest_oversample
496bcb4df453cbfafbd689c9780773b6344bc308,ppe_train_image1285_cdf34d9cae,ppe_orig,oversample_vest2_oversample_vest1_oversample_vest2_ppe_train_image1285_cdf34d9cae,vest_oversample
496bcb4df453cbfafbd689c9780773b6344bc308,ppe_train_image1285_cdf34d9cae,ppe_orig,oversample_vest2_oversample_vest1_ppe_train_image1285_cdf34d9cae,vest_oversample
496bcb4df453cbfafbd689c9780773b6344bc308,ppe_train_image1285_cdf34d9cae,ppe_orig,oversample_vest2_oversample_vest2_oversample_vest1_ppe_train_image1285_cdf34d9cae,vest_oversample
496bcb4df453cbfafbd689c9780773b6344bc308,ppe_train_image1285_cdf34d9cae,ppe_orig,oversample_vest2_oversample_vest2_oversample_vest2_ppe_train_image1285_cdf34d9cae,vest_oversample
496bcb4df453cbfafbd689c9780773b6344bc308,ppe_train_image1285_cdf34d9cae,ppe_orig,oversample_vest2_oversample_vest2_ppe_train_image1285_cdf34d9cae,vest_oversample
496bcb4df453cbfafbd689c9780773b6344bc308,ppe_train_image1285_cdf34d9cae,ppe_orig,oversample_vest2_ppe_train_image1285_cdf34d9cae,vest_oversample
b7920499c667d4470096c35f97ded8eb5bd965f0,ppe_train_image1286_c79395473f,ppe_orig,oversample_vest1_oversample_vest1_oversample_vest1_ppe_train_image1286_c79395473f,vest_oversample
b7920499c667d4470096c35f97ded8eb5bd965f0,ppe_train_image1286_c79395473f,ppe_orig,oversample_vest1_oversample_vest1_oversample_vest2_ppe_train_image1286_c79395473f,vest_oversample
b7920499c667d4470096c35f97ded8eb5bd965f0,ppe_train_image1286_c79395473f,ppe_orig,oversample_vest1_oversample_vest1_ppe_train_image1286_c79395473f,vest_oversample
b7920499c667d4470096c35f97ded8eb5bd965f0,ppe_train_image1286_c79395473f,ppe_orig,oversample_vest1_oversample_vest2_oversample_vest1_ppe_train_image1286_c79395473f,vest_oversample
b7920499c667d4470096c35f97ded8eb5bd965f0,ppe_train_image1286_c79395473f,ppe_orig,oversample_vest1_oversample_vest2_oversample_vest2_ppe_train_image1286_c79395473f,vest_oversample
b7920499c667d4470096c35f97ded8eb5bd965f0,ppe_train_image1286_c79395473f,ppe_orig,oversample_vest1_oversample_vest2_ppe_train_image1286_c79395473f,vest_oversample
b7920499c667d4470096c35f97ded8eb5bd965f0,ppe_train_image1286_c79395473f,ppe_orig,oversample_vest1_ppe_train_image1286_c79395473f,vest_oversample
b7920499c667d4470096c35f97ded8eb5bd965f0,ppe_train_image1286_c79395473f,ppe_orig,oversample_vest2_oversample_vest1_oversample_vest1_ppe_train_image1286_c79395473f,vest_oversample
b7920499c667d4470096c35f97ded8eb5bd965f0,ppe_train_image1286_c79395473f,ppe_orig,oversample_vest2_oversample_vest1_oversample_vest2_ppe_train_image1286_c79395473f,vest_oversample
b7920499c667d4470096c35f97ded8eb5bd965f0,ppe_train_image1286_c79395473f,ppe_orig,oversample_vest2_oversample_vest1_ppe_train_image1286_c79395473f,vest_oversample
b7920499c667d4470096c35f97ded8eb5bd965f0,ppe_train_image1286_c79395473f,ppe_orig,oversample_vest2_oversample_vest2_oversample_vest1_ppe_train_image1286_c79395473f,vest_oversample
b7920499c667d4470096c35f97ded8eb5bd965f0,ppe_train_image1286_c79395473f,ppe_orig,oversample_vest2_oversample_vest2_oversample_vest2_ppe_train_image1286_c79395473f,vest_oversample
b7920499c667d4470096c35f97ded8eb5bd965f0,ppe_train_image1286_c79395473f,ppe_orig,oversample_vest2_oversample_vest2_ppe_train_image1286_c79395473f,vest_oversample
b7920499c667d4470096c35f97ded8eb5bd965f0,ppe_train_image1286_c79395473f,ppe_orig,oversample_vest2_ppe_train_image1286_c79395473f,vest_oversample
ba824384d45a56d8703c2554cf228d50994976eb,ppe_train_image1287_34895af3cc,ppe_orig,oversample_vest1_oversample_vest1_oversample_vest1_ppe_train_image1287_34895af3cc,vest_oversample
ba824384d45a56d8703c2554cf228d50994976eb,ppe_train_image1287_34895af3cc,ppe_orig,oversample_vest1_oversample_vest1_oversample_vest2_ppe_train_image1287_34895af3cc,vest_oversample
ba824384d45a56d8703c2554cf228d50994976eb,ppe_train_image1287_34895af3cc,ppe_orig,oversample_vest1_oversample_vest1_ppe_train_image1287_34895af3cc,vest_oversample
ba824384d45a56d8703c2554cf228d50994976eb,ppe_train_image1287_34895af3cc,ppe_orig,oversample_vest1_oversample_vest2_oversample_vest1_ppe_train_image1287_34895af3cc,vest_oversample
ba824384d45a56d8703c2554cf228d50994976eb,ppe_train_image1287_34895af3cc,ppe_orig,oversample_vest1_oversample_vest2_oversample_vest2_ppe_train_image1287_34895af3cc,vest_oversample
ba824384d45a56d8703c2554cf228d50994976eb,ppe_train_image1287_34895af3cc,ppe_orig,oversample_vest1_oversample_vest2_ppe_train_image1287_34895af3cc,vest_oversample
ba824384d45a56d8703c2554cf228d50994976eb,ppe_train_image1287_34895af3cc,ppe_orig,oversample_vest1_ppe_train_image1287_34895af3cc,vest_oversample
ba824384d45a56d8703c2554cf228d50994976eb,ppe_train_image1287_34895af3cc,ppe_orig,oversample_vest2_oversample_vest1_oversample_vest1_ppe_train_image1287_34895af3cc,vest_oversample
ba824384d45a56d8703c2554cf228d50994976eb,ppe_train_image1287_34895af3cc,ppe_orig,oversample_vest2_oversample_vest1_oversample_vest2_ppe_train_image1287_34895af3cc,vest_oversample
ba824384d45a56d8703c2554cf228d50994976eb,ppe_train_image1287_34895af3cc,ppe_orig,oversample_vest2_oversample_vest1_ppe_train_image1287_34895af3cc,vest_oversample
ba824384d45a56d8703c2554cf228d50994976eb,ppe_train_image1287_34895af3cc,ppe_orig,oversample_vest2_oversample_vest2_oversample_vest1_ppe_train_image1287_34895af3cc,vest_oversample
ba824384d45a56d8703c2554cf228d50994976eb,ppe_train_image1287_34895af3cc,ppe_orig,oversample_vest2_oversample_vest2_oversample_vest2_ppe_train_image1287_34895af3cc,vest_oversample
ba824384d45a56d8703c2554cf228d50994976eb,ppe_train_image1287_34895af3cc,ppe_orig,oversample_vest2_oversample_vest2_ppe_train_image1287_34895af3cc,vest_oversample
ba824384d45a56d8703c2554cf228d50994976eb,ppe_train_image1287_34895af3cc,ppe_orig,oversample_vest2_ppe_train_image1287_34895af3cc,vest_oversample
4db91ddf21b734e1a329076063130795867e7672,ppe_train_image1288_c3d91c5999,ppe_orig,oversample_vest1_oversample_vest1_oversample_vest1_ppe_train_image1288_c3d91c5999,vest_oversample
4db91ddf21b734e1a329076063130795867e7672,ppe_train_image1288_c3d91c5999,ppe_orig,oversample_vest1_oversample_vest1_oversample_vest2_ppe_train_image1288_c3d91c5999,vest_oversample
4db91ddf21b734e1a329076063130795867e7672,ppe_train_image1288_c3d91c5999,ppe_orig,oversample_vest1_oversample_vest1_ppe_train_image1288_c3d91c5999,vest_oversample
4db91ddf21b734e1a329076063130795867e7672,ppe_train_image1288_c3d91c5999,ppe_orig,oversample_vest1_oversample_vest2_oversample_vest1_ppe_train_image1288_c3d91c5999,vest_oversample
4db91ddf21b734e1a329076063130795867e7672,ppe_train_image1288_c3d91c5999,ppe_orig,oversample_vest1_oversample_vest2_oversample_vest2_ppe_train_image1288_c3d91c5999,vest_oversample
4db91ddf21b734e1a329076063130795867e7672,ppe_train_image1288_c3d91c5999,ppe_orig,oversample_vest1_oversample_vest2_ppe_train_image1288_c3d91c5999,vest_oversample
4db91ddf21b734e1a329076063130795867e7672,ppe_train_image1288_c3d91c5999,ppe_orig,oversample_vest1_ppe_train_image1288_c3d91c5999,vest_oversample
4db91ddf21b734e1a329076063130795867e7672,ppe_train_image1288_c3d91c5999,ppe_orig,oversample_vest2_oversample_vest1_oversample_vest1_ppe_train_image1288_c3d91c5999,vest_oversample
4db91ddf21b734e1a329076063130795867e7672,ppe_train_image1288_c3d91c5999,ppe_orig,oversample_vest2_oversample_vest1_oversample_vest2_ppe_train_image1288_c3d91c5999,vest_oversample
4db91ddf21b734e1a329076063130795867e7672,ppe_train_image1288_c3d91c5999,ppe_orig,oversample_vest2_oversample_vest1_ppe_train_image1288_c3d91c5999,vest_oversample
4db91ddf21b734e1a329076063130795867e7672,ppe_train_image1288_c3d91c5999,ppe_orig,oversample_vest2_oversample_vest2_oversample_vest1_ppe_train_image1288_c3d91c5999,vest_oversample
4db91ddf21b734e1a329076063130795867e7672,ppe_train_image1288_c3d91c5999,ppe_orig,oversample_vest2_oversample_vest2_oversample_vest2_ppe_train_image1288_c3d91c5999,vest_oversample
4db91ddf21b734e1a329076063130795867e7672,ppe_train_image1288_c3d91c5999,ppe_orig,oversample_vest2_oversample_vest2_ppe_train_image1288_c3d91c5999,vest_oversample
4db91ddf21b734e1a329076063130795867e7672,ppe_train_image1288_c3d91c5999,ppe_orig,oversample_vest2_ppe_train_image1288_c3d91c5999,vest_oversample
ef592ddc2631d86cfef948f644654a66104016ed,ppe_train_image1289_0f22e65559,ppe_orig,ppe_train_image1289_0f22e65559_helmetcopy,ppe_orig
ef592ddc2631d86cfef948f644654a66104016ed,ppe_train_image1289_0f22e65559,ppe_orig,oversample_vest1_oversample_vest1_oversample_vest1_ppe_train_image1289_0f22e65559,vest_oversample
ef592ddc2631d86cfef948f644654a66104016ed,ppe_train_image1289_0f22e65559,ppe_orig,oversample_vest1_oversample_vest1_oversample_vest1_ppe_train_image1289_0f22e65559_helmetcopy,vest_oversample
ef592ddc2631d86cfef948f644654a66104016ed,ppe_train_image1289_0f22e65559,ppe_orig,oversample_vest1_oversample_vest1_oversample_vest2_ppe_train_image1289_0f22e65559,vest_oversample
ef592ddc2631d86cfef948f644654a66104016ed,ppe_train_image1289_0f22e65559,ppe_orig,oversample_vest1_oversample_vest1_oversample_vest2_ppe_train_image1289_0f22e65559_helmetcopy,vest_oversample
ef592ddc2631d86cfef948f644654a66104016ed,ppe_train_image1289_0f22e65559,ppe_orig,oversample_vest1_oversample_vest1_ppe_train_image1289_0f22e65559,vest_oversample
ef592ddc2631d86cfef948f644654a66104016ed,ppe_train_image1289_0f22e65559,ppe_orig,oversample_vest1_oversample_vest1_ppe_train_image1289_0f22e65559_helmetcopy,vest_oversample
ef592ddc2631d86cfef948f644654a66104016ed,ppe_train_image1289_0f22e65559,ppe_orig,oversample_vest1_oversample_vest2_oversample_vest1_ppe_train_image1289_0f22e65559,vest_oversample
ef592ddc2631d86cfef948f644654a66104016ed,ppe_train_image1289_0f22e65559,ppe_orig,oversample_vest1_oversample_vest2_oversample_vest1_ppe_train_image1289_0f22e65559_helmetcopy,vest_oversample
ef592ddc2631d86cfef948f644654a66104016ed,ppe_train_image1289_0f22e65559,ppe_orig,oversample_vest1_oversample_vest2_oversample_vest2_ppe_train_image1289_0f22e65559,vest_oversample
ef592ddc2631d86cfef948f644654a66104016ed,ppe_train_image1289_0f22e65559,ppe_orig,oversample_vest1_oversample_vest2_oversample_vest2_ppe_train_image1289_0f22e65559_helmetcopy,vest_oversample
ef592ddc2631d86cfef948f644654a66104016ed,ppe_train_image1289_0f22e65559,ppe_orig,oversample_vest1_oversample_vest2_ppe_train_image1289_0f22e65559,vest_oversample
ef592ddc2631d86cfef948f644654a66104016ed,ppe_train_image1289_0f22e65559,ppe_orig,oversample_vest1_oversample_vest2_ppe_train_image1289_0f22e65559_helmetcopy,vest_oversample
ef592ddc2631d86cfef948f644654a66104016ed,ppe_train_image1289_0f22e65559,ppe_orig,oversample_vest1_ppe_train_image1289_0f22e65559,vest_oversample
ef592ddc2631d86cfef948f644654a66104016ed,ppe_train_image1289_0f22e65559,ppe_orig,oversample_vest1_ppe_train_image1289_0f22e65559_helmetcopy,vest_oversample
ef592ddc2631d86cfef948f644654a66104016ed,ppe_train_image1289_0f22e65559,ppe_orig,oversample_vest2_oversample_vest1_oversample_vest1_ppe_train_image1289_0f22e65559,vest_oversample
ef592ddc2631d86cfef948f644654a66104016ed,ppe_train_image1289_0f22e65559,ppe_orig,oversample_vest2_oversample_vest1_oversample_vest1_ppe_train_image1289_0f22e65559_helmetcopy,vest_oversample
ef592ddc2631d86cfef948f644654a66104016ed,ppe_train_image1289_0f22e65559,ppe_orig,oversample_vest2_oversample_vest1_oversample_vest2_ppe_train_image1289_0f22e65559,vest_oversample
ef592ddc2631d86cfef948f644654a66104016ed,ppe_train_image1289_0f22e65559,ppe_orig,oversample_vest2_oversample_vest1_oversample_vest2_ppe_train_image1289_0f22e65559_helmetcopy,vest_oversample
ef592ddc2631d86cfef948f644654a66104016ed,ppe_train_image1289_0f22e65559,ppe_orig,oversample_vest2_oversample_vest1_ppe_train_image1289_0f22e65559,vest_oversample
ef592ddc2631d86cfef948f644654a66104016ed,ppe_train_image1289_0f22e65559,ppe_orig,oversample_vest2_oversample_vest1_ppe_train_image1289_0f22e65559_helmetcopy,vest_oversample
ef592ddc2631d86cfef948f644654a66104016ed,ppe_train_image1289_0f22e65559,ppe_orig,oversample_vest2_oversample_vest2_oversample_vest1_ppe_train_image1289_0f22e65559,vest_oversample
ef592ddc2631d86cfef948f644654a66104016ed,ppe_train_image1289_0f22e65559,ppe_orig,oversample_vest2_oversample_vest2_oversample_vest1_ppe_train_image1289_0f22e65559_helmetcopy,vest_oversample
ef592ddc2631d86cfef948f644654a66104016ed,ppe_train_image1289_0f22e65559,ppe_orig,oversample_vest2_oversample_vest2_oversample_vest2_ppe_train_image1289_0f22e65559,vest_oversample
ef592ddc2631d86cfef948f644654a66104016ed,ppe_train_image1289_0f22e65559,ppe_orig,oversample_vest2_oversample_vest2_oversample_vest2_ppe_train_image1289_0f22e65559_helmetcopy,vest_oversample
ef592ddc2631d86cfef948f644654a66104016ed,ppe_train_image1289_0f22e65559,ppe_orig,oversample_vest2_oversample_vest2_ppe_train_image1289_0f22e65559,vest_oversample
ef592ddc2631d86cfef948f644654a66104016ed,ppe_train_image1289_0f22e65559,ppe_orig,oversample_vest2_oversample_vest2_ppe_train_image1289_0f22e65559_helmetcopy,vest_oversample
ef592ddc2631d86cfef948f644654a66104016ed,ppe_train_image1289_0f22e65559,ppe_orig,oversample_vest2_ppe_train_image1289_0f22e65559,vest_oversample
ef592ddc2631d86cfef948f644654a66104016ed,ppe_train_image1289_0f22e65559,ppe_orig,oversample_vest2_ppe_train_image1289_0f22e65559_helmetcopy,vest_oversample
21c3f9e442b10d8ee98398cf3a7395f5f78c388b,ppe_train_image1291_06691b239f,ppe_orig,oversample_vest1_oversample_vest1_oversample_vest1_ppe_train_image1291_06691b239f,vest_oversample
21c3f9e442b10d8ee98398cf3a7395f5f78c388b,ppe_train_image1291_06691b239f,ppe_orig,oversample_vest1_oversample_vest1_oversample_vest2_ppe_train_image1291_06691b239f,vest_oversample
21c3f9e442b10d8ee98398cf3a7395f5f78c388b,ppe_train_image1291_06691b239f,ppe_orig,oversample_vest1_oversample_vest1_ppe_train_image1291_06691b239f,vest_oversample
21c3f9e442b10d8ee98398cf3a7395f5f78c388b,ppe_train_image1291_06691b239f,ppe_orig,oversample_vest1_oversample_vest2_oversample_vest1_ppe_train_image1291_06691b239f,vest_oversample
21c3f9e442b10d8ee98398cf3a7395f5f78c388b,ppe_train_image1291_06691b239f,ppe_orig,oversample_vest1_oversample_vest2_oversample_vest2_ppe_train_image1291_06691b239f,vest_oversample
21c3f9e442b10d8ee98398cf3a7395f5f78c388b,ppe_train_image1291_06691b239f,ppe_orig,oversample_vest1_oversample_vest2_ppe_train_image1291_06691b239f,vest_oversample
21c3f9e442b10d8ee98398cf3a7395f5f78c388b,ppe_train_image1291_06691b239f,ppe_orig,oversample_vest1_ppe_train_image1291_06691b239f,vest_oversample
21c3f9e442b10d8ee98398cf3a7395f5f78c388b,ppe_train_image1291_06691b239f,ppe_orig,oversample_vest2_oversample_vest1_oversample_vest1_ppe_train_image1291_06691b239f,vest_oversample
21c3f9e442b10d8ee98398cf3a7395f5f78c388b,ppe_train_image1291_06691b239f,ppe_orig,oversample_vest2_oversample_vest1_oversample_vest2_ppe_train_image1291_06691b239f,vest_oversample
21c3f9e442b10d8ee98398cf3a7395f5f78c388b,ppe_train_image1291_06691b239f,ppe_orig,oversample_vest2_oversample_vest1_ppe_train_image1291_06691b239f,vest_oversample
21c3f9e442b10d8ee98398cf3a7395f5f78c388b,ppe_train_image1291_06691b239f,ppe_orig,oversample_vest2_oversample_vest2_oversample_vest1_ppe_train_image1291_06691b239f,vest_oversample
21c3f9e442b10d8ee98398cf3a7395f5f78c388b,ppe_train_image1291_06691b239f,ppe_orig,oversample_vest2_oversample_vest2_oversample_vest2_ppe_train_image1291_06691b239f,vest_oversample
21c3f9e442b10d8ee98398cf3a7395f5f78c388b,ppe_train_image1291_06691b239f,ppe_orig,oversample_vest2_oversample_vest2_ppe_train_image1291_06691b239f,vest_oversample
21c3f9e442b10d8ee98398cf3a7395f5f78c388b,ppe_train_image1291_06691b239f,ppe_orig,oversample_vest2_ppe_train_image1291_06691b239f,vest_oversample
a86764e756a136394016a0245f7882f210e7ad64,ppe_train_image1294_d826d4e460,ppe_orig,oversample_vest1_oversample_vest1_oversample_vest1_ppe_train_image1294_d826d4e460,vest_oversample
a86764e756a136394016a0245f7882f210e7ad64,ppe_train_image1294_d826d4e460,ppe_orig,oversample_vest1_oversample_vest1_oversample_vest2_ppe_train_image1294_d826d4e460,vest_oversample
a86764e756a136394016a0245f7882f210e7ad64,ppe_train_image1294_d826d4e460,ppe_orig,oversample_vest1_oversample_vest1_ppe_train_image1294_d826d4e460,vest_oversample
a86764e756a136394016a0245f7882f210e7ad64,ppe_train_image1294_d826d4e460,ppe_orig,oversample_vest1_oversample_vest2_oversample_vest1_ppe_train_image1294_d826d4e460,vest_oversample
a86764e756a136394016a0245f7882f210e7ad64,ppe_train_image1294_d826d4e460,ppe_orig,oversample_vest1_oversample_vest2_oversample_vest2_ppe_train_image1294_d826d4e460,vest_oversample
a86764e756a136394016a0245f7882f210e7ad64,ppe_train_image1294_d826d4e460,ppe_orig,oversample_vest1_oversample_vest2_ppe_train_image1294_d826d4e460,vest_oversample
a86764e756a136394016a0245f7882f210e7ad64,ppe_train_image1294_d826d4e460,ppe_orig,oversample_vest1_ppe_train_image1294_d826d4e460,vest_oversample
a86764e756a136394016a0245f7882f210e7ad64,ppe_train_image1294_d826d4e460,ppe_orig,oversample_vest2_oversample_vest1_oversample_vest1_ppe_train_image1294_d826d4e460,vest_oversample
a86764e756a136394016a0245f7882f210e7ad64,ppe_train_image1294_d826d4e460,ppe_orig,oversample_vest2_oversample_vest1_oversample_vest2_ppe_train_image1294_d826d4e460,vest_oversample
a86764e756a136394016a0245f7882f210e7ad64,ppe_train_image1294_d826d4e460,ppe_orig,oversample_vest2_oversample_vest1_ppe_train_image1294_d826d4e460,vest_oversample
a86764e756a136394016a0245f7882f210e7ad64,ppe_train_image1294_d826d4e460,ppe_orig,oversample_vest2_oversample_vest2_oversample_vest1_ppe_train_image1294_d826d4e460,vest_oversample
a86764e756a136394016a0245f7882f210e7ad64,ppe_train_image1294_d826d4e460,ppe_orig,oversample_vest2_oversample_vest2_oversample_vest2_ppe_train_image1294_d826d4e460,vest_oversample
a86764e756a136394016a0245f7882f210e7ad64,ppe_train_image1294_d826d4e460,ppe_orig,oversample_vest2_oversample_vest2_ppe_train_image1294_d826d4e460,vest_oversample
a86764e756a136394016a0245f7882f210e7ad64,ppe_train_image1294_d826d4e460,ppe_orig,oversample_vest2_ppe_train_image1294_d826d4e460,vest_oversample
ca92d388fbd6ec85f158f426ff833cd5872bc892,ppe_train_image1295_082e4a44a2,ppe_orig,oversample_vest1_oversample_vest1_oversample_vest1_ppe_train_image1295_082e4a44a2,vest_oversample
ca92d388fbd6ec85f158f426ff833cd5872bc892,ppe_train_image1295_082e4a44a2,ppe_orig,oversample_vest1_oversample_vest1_oversample_vest2_ppe_train_image1295_082e4a44a2,vest_oversample
ca92d388fbd6ec85f158f426ff833cd5872bc892,ppe_train_image1295_082e4a44a2,ppe_orig,oversample_vest1_oversample_vest1_ppe_train_image1295_082e4a44a2,vest_oversample
ca92d388fbd6ec85f158f426ff833cd5872bc892,ppe_train_image1295_082e4a44a2,ppe_orig,oversample_vest1_oversample_vest2_oversample_vest1_ppe_train_image1295_082e4a44a2,vest_oversample
ca92d388fbd6ec85f158f426ff833cd5872bc892,ppe_train_image1295_082e4a44a2,ppe_orig,oversample_vest1_oversample_vest2_oversample_vest2_ppe_train_image1295_082e4a44a2,vest_oversample
ca92d388fbd6ec85f158f426ff833cd5872bc892,ppe_train_image1295_082e4a44a2,ppe_orig,oversample_vest1_oversample_vest2_ppe_train_image1295_082e4a44a2,vest_oversample
ca92d388fbd6ec85f158f426ff833cd5872bc892,ppe_train_image1295_082e4a44a2,ppe_orig,oversample_vest1_ppe_train_image1295_082e4a44a2,vest_oversample
ca92d388fbd6ec85f158f426ff833cd5872bc892,ppe_train_image1295_082e4a44a2,ppe_orig,oversample_vest2_oversample_vest1_oversample_vest1_ppe_train_image1295_082e4a44a2,vest_oversample
ca92d388fbd6ec85f158f426ff833cd5872bc892,ppe_train_image1295_082e4a44a2,ppe_orig,oversample_vest2_oversample_vest1_oversample_vest2_ppe_train_image1295_082e4a44a2,vest_oversample
ca92d388fbd6ec85f158f426ff833cd5872bc892,ppe_train_image1295_082e4a44a2,ppe_orig,oversample_vest2_oversample_vest1_ppe_train_image1295_082e4a44a2,vest_oversample
ca92d388fbd6ec85f158f426ff833cd5872bc892,ppe_train_image1295_082e4a44a2,ppe_orig,oversample_vest2_oversample_vest2_oversample_vest1_ppe_train_image1295_082e4a44a2,vest_oversample
ca92d388fbd6ec85f158f426ff833cd5872bc892,ppe_train_image1295_082e4a44a2,ppe_orig,oversample_vest2_oversample_vest2_oversample_vest2_ppe_train_image1295_082e4a44a2,vest_oversample
ca92d388fbd6ec85f158f426ff833cd5872bc892,ppe_train_image1295_082e4a44a2,ppe_orig,oversample_vest2_oversample_vest2_ppe_train_image1295_082e4a44a2,vest_oversample
ca92d388fbd6ec85f158f426ff833cd5872bc892,ppe_train_image1295_082e4a44a2,ppe_orig,oversample_vest2_ppe_train_image1295_082e4a44a2,vest_oversample
ab8247ce855764352477b54ab8fb995296515bdc,ppe_train_image1296_1c10f9a8db,ppe_orig,oversample_vest1_oversample_vest1_oversample_vest1_ppe_train_image1296_1c10f9a8db,vest_oversample
ab8247ce855764352477b54ab8fb995296515bdc,ppe_train_image1296_1c10f9a8db,ppe_orig,oversample_vest1_oversample_vest1_oversample_vest2_ppe_train_image1296_1c10f9a8db,vest_oversample
ab8247ce855764352477b54ab8fb995296515bdc,ppe_train_image1296_1c10f9a8db,ppe_orig,oversample_vest1_oversample_vest1_ppe_train_image1296_1c10f9a8db,vest_oversample
ab8247ce855764352477b54ab8fb995296515bdc,ppe_train_image1296_1c10f9a8db,ppe_orig,oversample_vest1_oversample_vest2_oversample_vest1_ppe_train_image1296_1c10f9a8db,vest_oversample
ab8247ce855764352477b54ab8fb995296515bdc,ppe_train_image1296_1c10f9a8db,ppe_orig,oversample_vest1_oversample_vest2_oversample_vest2_ppe_train_image1296_1c10f9a8db,vest_oversample
ab8247ce855764352477b54ab8fb995296515bdc,ppe_train_image1296_1c10f9a8db,ppe_orig,oversample_vest1_oversample_vest2_ppe_train_image1296_1c10f9a8db,vest_oversample
ab8247ce855764352477b54ab8fb995296515bdc,ppe_train_image1296_1c10f9a8db,ppe_orig,oversample_vest1_ppe_train_image1296_1c10f9a8db,vest_oversample
ab8247ce855764352477b54ab8fb995296515bdc,ppe_train_image1296_1c10f9a8db,ppe_orig,oversample_vest2_oversample_vest1_oversample_vest1_ppe_train_image1296_1c10f9a8db,vest_oversample
ab8247ce855764352477b54ab8fb995296515bdc,ppe_train_image1296_1c10f9a8db,ppe_orig,oversample_vest2_oversample_vest1_oversample_vest2_ppe_train_image1296_1c10f9a8db,vest_oversample
ab8247ce855764352477b54ab8fb995296515bdc,ppe_train_image1296_1c10f9a8db,ppe_orig,oversample_vest2_oversample_vest1_ppe_train_image1296_1c10f9a8db,vest_oversample
ab8247ce855764352477b54ab8fb995296515bdc,ppe_train_image1296_1c10f9a8db,ppe_orig,oversample_vest2_oversample_vest2_oversample_vest1_ppe_train_image1296_1c10f9a8db,vest_oversample
ab8247ce855764352477b54ab8fb995296515bdc,ppe_train_image1296_1c10f9a8db,ppe_orig,oversample_vest2_oversample_vest2_oversample_vest2_ppe_train_image1296_1c10f9a8db,vest_oversample
ab8247ce855764352477b54ab8fb995296515bdc,ppe_train_image1296_1c10f9a8db,ppe_orig,oversample_vest2_oversample_vest2_ppe_train_image1296_1c10f9a8db,vest_oversample
ab8247ce855764352477b54ab8fb995296515bdc,ppe_train_image1296_1c10f9a8db,ppe_orig,oversample_vest2_ppe_train_image1296_1c10f9a8db,vest_oversample
b8e8f0aa181684c10f82cef52c7d9416b4d24e0d,ppe_train_image1297_80e938b76f,ppe_orig,oversample_vest1_oversample_vest1_oversample_vest1_ppe_train_image1297_80e938b76f,vest_oversample
b8e8f0aa181684c10f82cef52c7d9416b4d24e0d,ppe_train_image1297_80e938b76f,ppe_orig,oversample_vest1_oversample_vest1_oversample_vest2_ppe_train_image1297_80e938b76f,vest_oversample
b8e8f0aa181684c10f82cef52c7d9416b4d24e0d,ppe_train_image1297_80e938b76f,ppe_orig,oversample_vest1_oversample_vest1_ppe_train_image1297_80e938b76f,vest_oversample
b8e8f0aa181684c10f82cef52c7d9416b4d24e0d,ppe_train_image1297_80e938b76f,ppe_orig,oversample_vest1_oversample_vest2_oversample_vest1_ppe_train_image1297_80e938b76f,vest_oversample
b8e8f0aa181684c10f82cef52c7d9416b4d24e0d,ppe_train_image1297_80e938b76f,ppe_orig,oversample_vest1_oversample_vest2_oversample_vest2_ppe_train_image1297_80e938b76f,vest_oversample
b8e8f0aa181684c10f82cef52c7d9416b4d24e0d,ppe_train_image1297_80e938b76f,ppe_orig,oversample_vest1_oversample_vest2_ppe_train_image1297_80e938b76f,vest_oversample
b8e8f0aa181684c10f82cef52c7d9416b4d24e0d,ppe_train_image1297_80e938b76f,ppe_orig,oversample_vest1_ppe_train_image1297_80e938b76f,vest_oversample
b8e8f0aa181684c10f82cef52c7d9416b4d24e0d,ppe_train_image1297_80e938b76f,ppe_orig,oversample_vest2_oversample_vest1_oversample_vest1_ppe_train_image1297_80e938b76f,vest_oversample
b8e8f0aa181684c10f82cef52c7d9416b4d24e0d,ppe_train_image1297_80e938b76f,ppe_orig,oversample_vest2_oversample_vest1_oversample_vest2_ppe_train_image1297_80e938b76f,vest_oversample
b8e8f0aa181684c10f82cef52c7d9416b4d24e0d,ppe_train_image1297_80e938b76f,ppe_orig,oversample_vest2_oversample_vest1_ppe_train_image1297_80e938b76f,vest_oversample
b8e8f0aa181684c10f82cef52c7d9416b4d24e0d,ppe_train_image1297_80e938b76f,ppe_orig,oversample_vest2_oversample_vest2_oversample_vest1_ppe_train_image1297_80e938b76f,vest_oversample
b8e8f0aa181684c10f82cef52c7d9416b4d24e0d,ppe_train_image1297_80e938b76f,ppe_orig,oversample_vest2_oversample_vest2_oversample_vest2_ppe_train_image1297_80e938b76f,vest_oversample
b8e8f0aa181684c10f82cef52c7d9416b4d24e0d,ppe_train_image1297_80e938b76f,ppe_orig,oversample_vest2_oversample_vest2_ppe_train_image1297_80e938b76f,vest_oversample
b8e8f0aa181684c10f82cef52c7d9416b4d24e0d,ppe_train_image1297_80e938b76f,ppe_orig,oversample_vest2_ppe_train_image1297_80e938b76f,vest_oversample
c05ef1b1f61d9a9d15cbc6fd76e3c477ee993b3a,ppe_train_image1298_07b7c43c90,ppe_orig,oversample_vest1_oversample_vest1_oversample_vest1_ppe_train_image1298_07b7c43c90,vest_oversample
c05ef1b1f61d9a9d15cbc6fd76e3c477ee993b3a,ppe_train_image1298_07b7c43c90,ppe_orig,oversample_vest1_oversample_vest1_oversample_vest2_ppe_train_image1298_07b7c43c90,vest_oversample
c05ef1b1f61d9a9d15cbc6fd76e3c477ee993b3a,ppe_train_image1298_07b7c43c90,ppe_orig,oversample_vest1_oversample_vest1_ppe_train_image1298_07b7c43c90,vest_oversample
c05ef1b1f61d9a9d15cbc6fd76e3c477ee993b3a,ppe_train_image1298_07b7c43c90,ppe_orig,oversample_vest1_oversample_vest2_oversample_vest1_ppe_train_image1298_07b7c43c90,vest_oversample
c05ef1b1f61d9a9d15cbc6fd76e3c477ee993b3a,ppe_train_image1298_07b7c43c90,ppe_orig,oversample_vest1_oversample_vest2_oversample_vest2_ppe_train_image1298_07b7c43c90,vest_oversample
c05ef1b1f61d9a9d15cbc6fd76e3c477ee993b3a,ppe_train_image1298_07b7c43c90,ppe_orig,oversample_vest1_oversample_vest2_ppe_train_image1298_07b7c43c90,vest_oversample
c05ef1b1f61d9a9d15cbc6fd76e3c477ee993b3a,ppe_train_image1298_07b7c43c90,ppe_orig,oversample_vest1_ppe_train_image1298_07b7c43c90,vest_oversample
c05ef1b1f61d9a9d15cbc6fd76e3c477ee993b3a,ppe_train_image1298_07b7c43c90,ppe_orig,oversample_vest2_oversample_vest1_oversample_vest1_ppe_train_image1298_07b7c43c90,vest_oversample
c05ef1b1f61d9a9d15cbc6fd76e3c477ee993b3a,ppe_train_image1298_07b7c43c90,ppe_orig,oversample_vest2_oversample_vest1_oversample_vest2_ppe_train_image1298_07b7c43c90,vest_oversample
c05ef1b1f61d9a9d15cbc6fd76e3c477ee993b3a,ppe_train_image1298_07b7c43c90,ppe_orig,oversample_vest2_oversample_vest1_ppe_train_image1298_07b7c43c90,vest_oversample
c05ef1b1f61d9a9d15cbc6fd76e3c477ee993b3a,ppe_train_image1298_07b7c43c90,ppe_orig,oversample_vest2_oversample_vest2_oversample_vest1_ppe_train_image1298_07b7c43c90,vest_oversample
c05ef1b1f61d9a9d15cbc6fd76e3c477ee993b3a,ppe_train_image1298_07b7c43c90,ppe_orig,oversample_vest2_oversample_vest2_oversample_vest2_ppe_train_image1298_07b7c43c90,vest_oversample
c05ef1b1f61d9a9d15cbc6fd76e3c477ee993b3a,ppe_train_image1298_07b7c43c90,ppe_orig,oversample_vest2_oversample_vest2_ppe_train_image1298_07b7c43c90,vest_oversample
c05ef1b1f61d9a9d15cbc6fd76e3c477ee993b3a,ppe_train_image1298_07b7c43c90,ppe_orig,oversample_vest2_ppe_train_image1298_07b7c43c90,vest_oversample
03b2ae13162eedfe661eb6ab3924f2695b83f140,ppe_train_image1300_cb20315642,ppe_orig,oversample_vest1_oversample_vest1_oversample_vest1_ppe_train_image1300_cb20315642,vest_oversample
03b2ae13162eedfe661eb6ab3924f2695b83f140,ppe_train_image1300_cb20315642,ppe_orig,oversample_vest1_oversample_vest1_oversample_vest2_ppe_train_image1300_cb20315642,vest_oversample
03b2ae13162eedfe661eb6ab3924f2695b83f140,ppe_train_image1300_cb20315642,ppe_orig,oversample_vest1_oversample_vest1_ppe_train_image1300_cb20315642,vest_oversample
03b2ae13162eedfe661eb6ab3924f2695b83f140,ppe_train_image1300_cb20315642,ppe_orig,oversample_vest1_oversample_vest2_oversample_vest1_ppe_train_image1300_cb20315642,vest_oversample
03b2ae13162eedfe661eb6ab3924f2695b83f140,ppe_train_image1300_cb20315642,ppe_orig,oversample_vest1_oversample_vest2_oversample_vest2_ppe_train_image1300_cb20315642,vest_oversample
03b2ae13162eedfe661eb6ab3924f2695b83f140,ppe_train_image1300_cb20315642,ppe_orig,oversample_vest1_oversample_vest2_ppe_train_image1300_cb20315642,vest_oversample
03b2ae13162eedfe661eb6ab3924f2695b83f140,ppe_train_image1300_cb20315642,ppe_orig,oversample_vest1_ppe_train_image1300_cb20315642,vest_oversample
03b2ae13162eedfe661eb6ab3924f2695b83f140,ppe_train_image1300_cb20315642,ppe_orig,oversample_vest2_oversample_vest1_oversample_vest1_ppe_train_image1300_cb20315642,vest_oversample
03b2ae13162eedfe661eb6ab3924f2695b83f140,ppe_train_image1300_cb20315642,ppe_orig,oversample_vest2_oversample_vest1_oversample_vest2_ppe_train_image1300_cb20315642,vest_oversample
03b2ae13162eedfe661eb6ab3924f2695b83f140,ppe_train_image1300_cb20315642,ppe_orig,oversample_vest2_oversample_vest1_ppe_train_image1300_cb20315642,vest_oversample
03b2ae13162eedfe661eb6ab3924f2695b83f140,ppe_train_image1300_cb20315642,ppe_orig,oversample_vest2_oversample_vest2_oversample_vest1_ppe_train_image1300_cb20315642,vest_oversample
03b2ae13162eedfe661eb6ab3924f2695b83f140,ppe_train_image1300_cb20315642,ppe_orig,oversample_vest2_oversample_vest2_oversample_vest2_ppe_train_image1300_cb20315642,vest_oversample
03b2ae13162eedfe661eb6ab3924f2695b83f140,ppe_train_image1300_cb20315642,ppe_orig,oversample_vest2_oversample_vest2_ppe_train_image1300_cb20315642,vest_oversample
03b2ae13162eedfe661eb6ab3924f2695b83f140,ppe_train_image1300_cb20315642,ppe_orig,oversample_vest2_ppe_train_image1300_cb20315642,vest_oversample
5ae4bcedc07bdb022788dc026c55b2c37536036d,ppe_train_image1302_0dc5df7536,ppe_orig,oversample_vest1_oversample_vest1_oversample_vest1_ppe_train_image1302_0dc5df7536,vest_oversample
5ae4bcedc07bdb022788dc026c55b2c37536036d,ppe_train_image1302_0dc5df7536,ppe_orig,oversample_vest1_oversample_vest1_oversample_vest2_ppe_train_image1302_0dc5df7536,vest_oversample
5ae4bcedc07bdb022788dc026c55b2c37536036d,ppe_train_image1302_0dc5df7536,ppe_orig,oversample_vest1_oversample_vest1_ppe_train_image1302_0dc5df7536,vest_oversample
5ae4bcedc07bdb022788dc026c55b2c37536036d,ppe_train_image1302_0dc5df7536,ppe_orig,oversample_vest1_oversample_vest2_oversample_vest1_ppe_train_image1302_0dc5df7536,vest_oversample
5ae4bcedc07bdb022788dc026c55b2c37536036d,ppe_train_image1302_0dc5df7536,ppe_orig,oversample_vest1_oversample_vest2_oversample_vest2_ppe_train_image1302_0dc5df7536,vest_oversample
5ae4bcedc07bdb022788dc026c55b2c37536036d,ppe_train_image1302_0dc5df7536,ppe_orig,oversample_vest1_oversample_vest2_ppe_train_image1302_0dc5df7536,vest_oversample
5ae4bcedc07bdb022788dc026c55b2c37536036d,ppe_train_image1302_0dc5df7536,ppe_orig,oversample_vest1_ppe_train_image1302_0dc5df7536,vest_oversample
5ae4bcedc07bdb022788dc026c55b2c37536036d,ppe_train_image1302_0dc5df7536,ppe_orig,oversample_vest2_oversample_vest1_oversample_vest1_ppe_train_image1302_0dc5df7536,vest_oversample
5ae4bcedc07bdb022788dc026c55b2c37536036d,ppe_train_image1302_0dc5df7536,ppe_orig,oversample_vest2_oversample_vest1_oversample_vest2_ppe_train_image1302_0dc5df7536,vest_oversample
5ae4bcedc07bdb022788dc026c55b2c37536036d,ppe_train_image1302_0dc5df7536,ppe_orig,oversample_vest2_oversample_vest1_ppe_train_image1302_0dc5df7536,vest_oversample
5ae4bcedc07bdb022788dc026c55b2c37536036d,ppe_train_image1302_0dc5df7536,ppe_orig,oversample_vest2_oversample_vest2_oversample_vest1_ppe_train_image1302_0dc5df7536,vest_oversample
5ae4bcedc07bdb022788dc026c55b2c37536036d,ppe_train_image1302_0dc5df7536,ppe_orig,oversample_vest2_oversample_vest2_oversample_vest2_ppe_train_image1302_0dc5df7536,vest_oversample
5ae4bcedc07bdb022788dc026c55b2c37536036d,ppe_train_image1302_0dc5df7536,ppe_orig,oversample_vest2_oversample_vest2_ppe_train_image1302_0dc5df7536,vest_oversample
5ae4bcedc07bdb022788dc026c55b2c37536036d,ppe_train_image1302_0dc5df7536,ppe_orig,oversample_vest2_ppe_train_image1302_0dc5df7536,vest_oversample
d0615d42b18f73e3bc0cb336f55979ee1169fcb0,ppe_train_image1303_a0c78e685f,ppe_orig,oversample_vest1_oversample_vest1_oversample_vest1_ppe_train_image1303_a0c78e685f,vest_oversample
d0615d42b18f73e3bc0cb336f55979ee1169fcb0,ppe_train_image1303_a0c78e685f,ppe_orig,oversample_vest1_oversample_vest1_oversample_vest2_ppe_train_image1303_a0c78e685f,vest_oversample
d0615d42b18f73e3bc0cb336f55979ee1169fcb0,ppe_train_image1303_a0c78e685f,ppe_orig,oversample_vest1_oversample_vest1_ppe_train_image1303_a0c78e685f,vest_oversample
d0615d42b18f73e3bc0cb336f55979ee1169fcb0,ppe_train_image1303_a0c78e685f,ppe_orig,oversample_vest1_oversample_vest2_oversample_vest1_ppe_train_image1303_a0c78e685f,vest_oversample
d0615d42b18f73e3bc0cb336f55979ee1169fcb0,ppe_train_image1303_a0c78e685f,ppe_orig,oversample_vest1_oversample_vest2_oversample_vest2_ppe_train_image1303_a0c78e685f,vest_oversample
d0615d42b18f73e3bc0cb336f55979ee1169fcb0,ppe_train_image1303_a0c78e685f,ppe_orig,oversample_vest1_oversample_vest2_ppe_train_image1303_a0c78e685f,vest_oversample
d0615d42b18f73e3bc0cb336f55979ee1169fcb0,ppe_train_image1303_a0c78e685f,ppe_orig,oversample_vest1_ppe_train_image1303_a0c78e685f,vest_oversample
d0615d42b18f73e3bc0cb336f55979ee1169fcb0,ppe_train_image1303_a0c78e685f,ppe_orig,oversample_vest2_oversample_vest1_oversample_vest1_ppe_train_image1303_a0c78e685f,vest_oversample
d0615d42b18f73e3bc0cb336f55979ee1169fcb0,ppe_train_image1303_a0c78e685f,ppe_orig,oversample_vest2_oversample_vest1_oversample_vest2_ppe_train_image1303_a0c78e685f,vest_oversample
d0615d42b18f73e3bc0cb336f55979ee1169fcb0,ppe_train_image1303_a0c78e685f,ppe_orig,oversample_vest2_oversample_vest1_ppe_train_image1303_a0c78e685f,vest_oversample
d0615d42b18f73e3bc0cb336f55979ee1169fcb0,ppe_train_image1303_a0c78e685f,ppe_orig,oversample_vest2_oversample_vest2_oversample_vest1_ppe_train_image1303_a0c78e685f,vest_oversample
d0615d42b18f73e3bc0cb336f55979ee1169fcb0,ppe_train_image1303_a0c78e685f,ppe_orig,oversample_vest2_oversample_vest2_oversample_vest2_ppe_train_image1303_a0c78e685f,vest_oversample
d0615d42b18f73e3bc0cb336f55979ee1169fcb0,ppe_train_image1303_a0c78e685f,ppe_orig,oversample_vest2_oversample_vest2_ppe_train_image1303_a0c78e685f,vest_oversample
d0615d42b18f73e3bc0cb336f55979ee1169fcb0,ppe_train_image1303_a0c78e685f,ppe_orig,oversample_vest2_ppe_train_image1303_a0c78e685f,vest_oversample
add0abe27cd7b845451f675bb04e2d8476e88574,ppe_train_image1304_b6e3235f60,ppe_orig,oversample_vest1_oversample_vest1_oversample_vest1_ppe_train_image1304_b6e3235f60,vest_oversample
add0abe27cd7b845451f675bb04e2d8476e88574,ppe_train_image1304_b6e3235f60,ppe_orig,oversample_vest1_oversample_vest1_oversample_vest2_ppe_train_image1304_b6e3235f60,vest_oversample
add0abe27cd7b845451f675bb04e2d8476e88574,ppe_train_image1304_b6e3235f60,ppe_orig,oversample_vest1_oversample_vest1_ppe_train_image1304_b6e3235f60,vest_oversample
add0abe27cd7b845451f675bb04e2d8476e88574,ppe_train_image1304_b6e3235f60,ppe_orig,oversample_vest1_oversample_vest2_oversample_vest1_ppe_train_image1304_b6e3235f60,vest_oversample
add0abe27cd7b845451f675bb04e2d8476e88574,ppe_train_image1304_b6e3235f60,ppe_orig,oversample_vest1_oversample_vest2_oversample_vest2_ppe_train_image1304_b6e3235f60,vest_oversample
add0abe27cd7b845451f675bb04e2d8476e88574,ppe_train_image1304_b6e3235f60,ppe_orig,oversample_vest1_oversample_vest2_ppe_train_image1304_b6e3235f60,vest_oversample
add0abe27cd7b845451f675bb04e2d8476e88574,ppe_train_image1304_b6e3235f60,ppe_orig,oversample_vest1_ppe_train_image1304_b6e3235f60,vest_oversample
add0abe27cd7b845451f675bb04e2d8476e88574,ppe_train_image1304_b6e3235f60,ppe_orig,oversample_vest2_oversample_vest1_oversample_vest1_ppe_train_image1304_b6e3235f60,vest_oversample
add0abe27cd7b845451f675bb04e2d8476e88574,ppe_train_image1304_b6e3235f60,ppe_orig,oversample_vest2_oversample_vest1_oversample_vest2_ppe_train_image1304_b6e3235f60,vest_oversample
add0abe27cd7b845451f675bb04e2d8476e88574,ppe_train_image1304_b6e3235f60,ppe_orig,oversample_vest2_oversample_vest1_ppe_train_image1304_b6e3235f60,vest_oversample
add0abe27cd7b845451f675bb04e2d8476e88574,ppe_train_image1304_b6e3235f60,ppe_orig,oversample_vest2_oversample_vest2_oversample_vest1_ppe_train_image1304_b6e3235f60,vest_oversample
add0abe27cd7b845451f675bb04e2d8476e88574,ppe_train_image1304_b6e3235f60,ppe_orig,oversample_vest2_oversample_vest2_oversample_vest2_ppe_train_image1304_b6e3235f60,vest_oversample
add0abe27cd7b845451f675bb04e2d8476e88574,ppe_train_image1304_b6e3235f60,ppe_orig,oversample_vest2_oversample_vest2_ppe_train_image1304_b6e3235f60,vest_oversample
add0abe27cd7b845451f675bb04e2d8476e88574,ppe_train_image1304_b6e3235f60,ppe_orig,oversample_vest2_ppe_train_image1304_b6e3235f60,vest_oversample
1c2917d50e7cd7d6474a0f727134fe3617b17e3c,ppe_train_image1305_b9046e0eff,ppe_orig,oversample_vest1_oversample_vest1_oversample_vest1_ppe_train_image1305_b9046e0eff,vest_oversample
1c2917d50e7cd7d6474a0f727134fe3617b17e3c,ppe_train_image1305_b9046e0eff,ppe_orig,oversample_vest1_oversample_vest1_oversample_vest2_ppe_train_image1305_b9046e0eff,vest_oversample
1c2917d50e7cd7d6474a0f727134fe3617b17e3c,ppe_train_image1305_b9046e0eff,ppe_orig,oversample_vest1_oversample_vest1_ppe_train_image1305_b9046e0eff,vest_oversample
1c2917d50e7cd7d6474a0f727134fe3617b17e3c,ppe_train_image1305_b9046e0eff,ppe_orig,oversample_vest1_oversample_vest2_oversample_vest1_ppe_train_image1305_b9046e0eff,vest_oversample
1c2917d50e7cd7d6474a0f727134fe3617b17e3c,ppe_train_image1305_b9046e0eff,ppe_orig,oversample_vest1_oversample_vest2_oversample_vest2_ppe_train_image1305_b9046e0eff,vest_oversample
1c2917d50e7cd7d6474a0f727134fe3617b17e3c,ppe_train_image1305_b9046e0eff,ppe_orig,oversample_vest1_oversample_vest2_ppe_train_image1305_b9046e0eff,vest_oversample
1c2917d50e7cd7d6474a0f727134fe3617b17e3c,ppe_train_image1305_b9046e0eff,ppe_orig,oversample_vest1_ppe_train_image1305_b9046e0eff,vest_oversample
1c2917d50e7cd7d6474a0f727134fe3617b17e3c,ppe_train_image1305_b9046e0eff,ppe_orig,oversample_vest2_oversample_vest1_oversample_vest1_ppe_train_image1305_b9046e0eff,vest_oversample
1c2917d50e7cd7d6474a0f727134fe3617b17e3c,ppe_train_image1305_b9046e0eff,ppe_orig,oversample_vest2_oversample_vest1_oversample_vest2_ppe_train_image1305_b9046e0eff,vest_oversample
1c2917d50e7cd7d6474a0f727134fe3617b17e3c,ppe_train_image1305_b9046e0eff,ppe_orig,oversample_vest2_oversample_vest1_ppe_train_image1305_b9046e0eff,vest_oversample
1c2917d50e7cd7d6474a0f727134fe3617b17e3c,ppe_train_image1305_b9046e0eff,ppe_orig,oversample_vest2_oversample_vest2_oversample_vest1_ppe_train_image1305_b9046e0eff,vest_oversample
1c2917d50e7cd7d6474a0f727134fe3617b17e3c,ppe_train_image1305_b9046e0eff,ppe_orig,oversample_vest2_oversample_vest2_oversample_vest2_ppe_train_image1305_b9046e0eff,vest_oversample
1c2917d50e7cd7d6474a0f727134fe3617b17e3c,ppe_train_image1305_b9046e0eff,ppe_orig,oversample_vest2_oversample_vest2_ppe_train_image1305_b9046e0eff,vest_oversample
1c2917d50e7cd7d6474a0f727134fe3617b17e3c,ppe_train_image1305_b9046e0eff,ppe_orig,oversample_vest2_ppe_train_image1305_b9046e0eff,vest_oversample
20f3cac7f21c442dd5e612020be940ad28223c16,ppe_train_image1307_5d3c928296,ppe_orig,oversample_vest1_oversample_vest1_oversample_vest1_ppe_train_image1307_5d3c928296,vest_oversample
20f3cac7f21c442dd5e612020be940ad28223c16,ppe_train_image1307_5d3c928296,ppe_orig,oversample_vest1_oversample_vest1_oversample_vest2_ppe_train_image1307_5d3c928296,vest_oversample
20f3cac7f21c442dd5e612020be940ad28223c16,ppe_train_image1307_5d3c928296,ppe_orig,oversample_vest1_oversample_vest1_ppe_train_image1307_5d3c928296,vest_oversample
20f3cac7f21c442dd5e612020be940ad28223c16,ppe_train_image1307_5d3c928296,ppe_orig,oversample_vest1_oversample_vest2_oversample_vest1_ppe_train_image1307_5d3c928296,vest_oversample
20f3cac7f21c442dd5e612020be940ad28223c16,ppe_train_image1307_5d3c928296,ppe_orig,oversample_vest1_oversample_vest2_oversample_vest2_ppe_train_image1307_5d3c928296,vest_oversample
20f3cac7f21c442dd5e612020be940ad28223c16,ppe_train_image1307_5d3c928296,ppe_orig,oversample_vest1_oversample_vest2_ppe_train_image1307_5d3c928296,vest_oversample
20f3cac7f21c442dd5e612020be940ad28223c16,ppe_train_image1307_5d3c928296,ppe_orig,oversample_vest1_ppe_train_image1307_5d3c928296,vest_oversample
20f3cac7f21c442dd5e612020be940ad28223c16,ppe_train_image1307_5d3c928296,ppe_orig,oversample_vest2_oversample_vest1_oversample_vest1_ppe_train_image1307_5d3c928296,vest_oversample
20f3cac7f21c442dd5e612020be940ad28223c16,ppe_train_image1307_5d3c928296,ppe_orig,oversample_vest2_oversample_vest1_oversample_vest2_ppe_train_image1307_5d3c928296,vest_oversample
20f3cac7f21c442dd5e612020be940ad28223c16,ppe_train_image1307_5d3c928296,ppe_orig,oversample_vest2_oversample_vest1_ppe_train_image1307_5d3c928296,vest_oversample
20f3cac7f21c442dd5e612020be940ad28223c16,ppe_train_image1307_5d3c928296,ppe_orig,oversample_vest2_oversample_vest2_oversample_vest1_ppe_train_image1307_5d3c928296,vest_oversample
20f3cac7f21c442dd5e612020be940ad28223c16,ppe_train_image1307_5d3c928296,ppe_orig,oversample_vest2_oversample_vest2_oversample_vest2_ppe_train_image1307_5d3c928296,vest_oversample
20f3cac7f21c442dd5e612020be940ad28223c16,ppe_train_image1307_5d3c928296,ppe_orig,oversample_vest2_oversample_vest2_ppe_train_image1307_5d3c928296,vest_oversample
20f3cac7f21c442dd5e612020be940ad28223c16,ppe_train_image1307_5d3c928296,ppe_orig,oversample_vest2_ppe_train_image1307_5d3c928296,vest_oversample
98dd975a1681294680943d2d6986fb22fe09d10c,ppe_train_image1308_1e3597469f,ppe_orig,oversample_vest1_oversample_vest1_oversample_vest1_ppe_train_image1308_1e3597469f,vest_oversample
98dd975a1681294680943d2d6986fb22fe09d10c,ppe_train_image1308_1e3597469f,ppe_orig,oversample_vest1_oversample_vest1_oversample_vest2_ppe_train_image1308_1e3597469f,vest_oversample
98dd975a1681294680943d2d6986fb22fe09d10c,ppe_train_image1308_1e3597469f,ppe_orig,oversample_vest1_oversample_vest1_ppe_train_image1308_1e3597469f,vest_oversample
98dd975a1681294680943d2d6986fb22fe09d10c,ppe_train_image1308_1e3597469f,ppe_orig,oversample_vest1_oversample_vest2_oversample_vest1_ppe_train_image1308_1e3597469f,vest_oversample
98dd975a1681294680943d2d6986fb22fe09d10c,ppe_train_image1308_1e3597469f,ppe_orig,oversample_vest1_oversample_vest2_oversample_vest2_ppe_train_image1308_1e3597469f,vest_oversample
98dd975a1681294680943d2d6986fb22fe09d10c,ppe_train_image1308_1e3597469f,ppe_orig,oversample_vest1_oversample_vest2_ppe_train_image1308_1e3597469f,vest_oversample
98dd975a1681294680943d2d6986fb22fe09d10c,ppe_train_image1308_1e3597469f,ppe_orig,oversample_vest1_ppe_train_image1308_1e3597469f,vest_oversample
98dd975a1681294680943d2d6986fb22fe09d10c,ppe_train_image1308_1e3597469f,ppe_orig,oversample_vest2_oversample_vest1_oversample_vest1_ppe_train_image1308_1e3597469f,vest_oversample
98dd975a1681294680943d2d6986fb22fe09d10c,ppe_train_image1308_1e3597469f,ppe_orig,oversample_vest2_oversample_vest1_oversample_vest2_ppe_train_image1308_1e3597469f,vest_oversample
98dd975a1681294680943d2d6986fb22fe09d10c,ppe_train_image1308_1e3597469f,ppe_orig,oversample_vest2_oversample_vest1_ppe_train_image1308_1e3597469f,vest_oversample
98dd975a1681294680943d2d6986fb22fe09d10c,ppe_train_image1308_1e3597469f,ppe_orig,oversample_vest2_oversample_vest2_oversample_vest1_ppe_train_image1308_1e3597469f,vest_oversample
98dd975a1681294680943d2d6986fb22fe09d10c,ppe_train_image1308_1e3597469f,ppe_orig,oversample_vest2_oversample_vest2_oversample_vest2_ppe_train_image1308_1e3597469f,vest_oversample
98dd975a1681294680943d2d6986fb22fe09d10c,ppe_train_image1308_1e3597469f,ppe_orig,oversample_vest2_oversample_vest2_ppe_train_image1308_1e3597469f,vest_oversample
98dd975a1681294680943d2d6986fb22fe09d10c,ppe_train_image1308_1e3597469f,ppe_orig,oversample_vest2_ppe_train_image1308_1e3597469f,vest_oversample
72fb788abe4498fb06be18f4f6c1ec2842944471,ppe_train_image1309_f86e1a939b,ppe_orig,oversample_vest1_oversample_vest1_oversample_vest1_ppe_train_image1309_f86e1a939b,vest_oversample
72fb788abe4498fb06be18f4f6c1ec2842944471,ppe_train_image1309_f86e1a939b,ppe_orig,oversample_vest1_oversample_vest1_oversample_vest2_ppe_train_image1309_f86e1a939b,vest_oversample
72fb788abe4498fb06be18f4f6c1ec2842944471,ppe_train_image1309_f86e1a939b,ppe_orig,oversample_vest1_oversample_vest1_ppe_train_image1309_f86e1a939b,vest_oversample
72fb788abe4498fb06be18f4f6c1ec2842944471,ppe_train_image1309_f86e1a939b,ppe_orig,oversample_vest1_oversample_vest2_oversample_vest1_ppe_train_image1309_f86e1a939b,vest_oversample
72fb788abe4498fb06be18f4f6c1ec2842944471,ppe_train_image1309_f86e1a939b,ppe_orig,oversample_vest1_oversample_vest2_oversample_vest2_ppe_train_image1309_f86e1a939b,vest_oversample
72fb788abe4498fb06be18f4f6c1ec2842944471,ppe_train_image1309_f86e1a939b,ppe_orig,oversample_vest1_oversample_vest2_ppe_train_image1309_f86e1a939b,vest_oversample
72fb788abe4498fb06be18f4f6c1ec2842944471,ppe_train_image1309_f86e1a939b,ppe_orig,oversample_vest1_ppe_train_image1309_f86e1a939b,vest_oversample
72fb788abe4498fb06be18f4f6c1ec2842944471,ppe_train_image1309_f86e1a939b,ppe_orig,oversample_vest2_oversample_vest1_oversample_vest1_ppe_train_image1309_f86e1a939b,vest_oversample
72fb788abe4498fb06be18f4f6c1ec2842944471,ppe_train_image1309_f86e1a939b,ppe_orig,oversample_vest2_oversample_vest1_oversample_vest2_ppe_train_image1309_f86e1a939b,vest_oversample
72fb788abe4498fb06be18f4f6c1ec2842944471,ppe_train_image1309_f86e1a939b,ppe_orig,oversample_vest2_oversample_vest1_ppe_train_image1309_f86e1a939b,vest_oversample
72fb788abe4498fb06be18f4f6c1ec2842944471,ppe_train_image1309_f86e1a939b,ppe_orig,oversample_vest2_oversample_vest2_oversample_vest1_ppe_train_image1309_f86e1a939b,vest_oversample
72fb788abe4498fb06be18f4f6c1ec2842944471,ppe_train_image1309_f86e1a939b,ppe_orig,oversample_vest2_oversample_vest2_oversample_vest2_ppe_train_image1309_f86e1a939b,vest_oversample
72fb788abe4498fb06be18f4f6c1ec2842944471,ppe_train_image1309_f86e1a939b,ppe_orig,oversample_vest2_oversample_vest2_ppe_train_image1309_f86e1a939b,vest_oversample
72fb788abe4498fb06be18f4f6c1ec2842944471,ppe_train_image1309_f86e1a939b,ppe_orig,oversample_vest2_ppe_train_image1309_f86e1a939b,vest_oversample
49b88eb067dae882542a01ab34bf3adf8626ae0e,ppe_train_image1310_1f9c27359e,ppe_orig,oversample_vest1_oversample_vest1_oversample_vest1_ppe_train_image1310_1f9c27359e,vest_oversample
49b88eb067dae882542a01ab34bf3adf8626ae0e,ppe_train_image1310_1f9c27359e,ppe_orig,oversample_vest1_oversample_vest1_oversample_vest2_ppe_train_image1310_1f9c27359e,vest_oversample
49b88eb067dae882542a01ab34bf3adf8626ae0e,ppe_train_image1310_1f9c27359e,ppe_orig,oversample_vest1_oversample_vest1_ppe_train_image1310_1f9c27359e,vest_oversample
49b88eb067dae882542a01ab34bf3adf8626ae0e,ppe_train_image1310_1f9c27359e,ppe_orig,oversample_vest1_oversample_vest2_oversample_vest1_ppe_train_image1310_1f9c27359e,vest_oversample
49b88eb067dae882542a01ab34bf3adf8626ae0e,ppe_train_image1310_1f9c27359e,ppe_orig,oversample_vest1_oversample_vest2_oversample_vest2_ppe_train_image1310_1f9c27359e,vest_oversample
49b88eb067dae882542a01ab34bf3adf8626ae0e,ppe_train_image1310_1f9c27359e,ppe_orig,oversample_vest1_oversample_vest2_ppe_train_image1310_1f9c27359e,vest_oversample
49b88eb067dae882542a01ab34bf3adf8626ae0e,ppe_train_image1310_1f9c27359e,ppe_orig,oversample_vest1_ppe_train_image1310_1f9c27359e,vest_oversample
49b88eb067dae882542a01ab34bf3adf8626ae0e,ppe_train_image1310_1f9c27359e,ppe_orig,oversample_vest2_oversample_vest1_oversample_vest1_ppe_train_image1310_1f9c27359e,vest_oversample
49b88eb067dae882542a01ab34bf3adf8626ae0e,ppe_train_image1310_1f9c27359e,ppe_orig,oversample_vest2_oversample_vest1_oversample_vest2_ppe_train_image1310_1f9c27359e,vest_oversample
49b88eb067dae882542a01ab34bf3adf8626ae0e,ppe_train_image1310_1f9c27359e,ppe_orig,oversample_vest2_oversample_vest1_ppe_train_image1310_1f9c27359e,vest_oversample
49b88eb067dae882542a01ab34bf3adf8626ae0e,ppe_train_image1310_1f9c27359e,ppe_orig,oversample_vest2_oversample_vest2_oversample_vest1_ppe_train_image1310_1f9c27359e,vest_oversample
49b88eb067dae882542a01ab34bf3adf8626ae0e,ppe_train_image1310_1f9c27359e,ppe_orig,oversample_vest2_oversample_vest2_oversample_vest2_ppe_train_image1310_1f9c27359e,vest_oversample
49b88eb067dae882542a01ab34bf3adf8626ae0e,ppe_train_image1310_1f9c27359e,ppe_orig,oversample_vest2_oversample_vest2_ppe_train_image1310_1f9c27359e,vest_oversample
49b88eb067dae882542a01ab34bf3adf8626ae0e,ppe_train_image1310_1f9c27359e,ppe_orig,oversample_vest2_ppe_train_image1310_1f9c27359e,vest_oversample
6d8b45909fee75ce73261581922431677b4712b3,ppe_train_image1311_b21bf2d7ac,ppe_orig,oversample_vest1_oversample_vest1_oversample_vest1_ppe_train_image1311_b21bf2d7ac,vest_oversample
6d8b45909fee75ce73261581922431677b4712b3,ppe_train_image1311_b21bf2d7ac,ppe_orig,oversample_vest1_oversample_vest1_oversample_vest2_ppe_train_image1311_b21bf2d7ac,vest_oversample
6d8b45909fee75ce73261581922431677b4712b3,ppe_train_image1311_b21bf2d7ac,ppe_orig,oversample_vest1_oversample_vest1_ppe_train_image1311_b21bf2d7ac,vest_oversample
6d8b45909fee75ce73261581922431677b4712b3,ppe_train_image1311_b21bf2d7ac,ppe_orig,oversample_vest1_oversample_vest2_oversample_vest1_ppe_train_image1311_b21bf2d7ac,vest_oversample
6d8b45909fee75ce73261581922431677b4712b3,ppe_train_image1311_b21bf2d7ac,ppe_orig,oversample_vest1_oversample_vest2_oversample_vest2_ppe_train_image1311_b21bf2d7ac,vest_oversample
6d8b45909fee75ce73261581922431677b4712b3,ppe_train_image1311_b21bf2d7ac,ppe_orig,oversample_vest1_oversample_vest2_ppe_train_image1311_b21bf2d7ac,vest_oversample
6d8b45909fee75ce73261581922431677b4712b3,ppe_train_image1311_b21bf2d7ac,ppe_orig,oversample_vest1_ppe_train_image1311_b21bf2d7ac,vest_oversample
6d8b45909fee75ce73261581922431677b4712b3,ppe_train_image1311_b21bf2d7ac,ppe_orig,oversample_vest2_oversample_vest1_oversample_vest1_ppe_train_image1311_b21bf2d7ac,vest_oversample
6d8b45909fee75ce73261581922431677b4712b3,ppe_train_image1311_b21bf2d7ac,ppe_orig,oversample_vest2_oversample_vest1_oversample_vest2_ppe_train_image1311_b21bf2d7ac,vest_oversample
6d8b45909fee75ce73261581922431677b4712b3,ppe_train_image1311_b21bf2d7ac,ppe_orig,oversample_vest2_oversample_vest1_ppe_train_image1311_b21bf2d7ac,vest_oversample
6d8b45909fee75ce73261581922431677b4712b3,ppe_train_image1311_b21bf2d7ac,ppe_orig,oversample_vest2_oversample_vest2_oversample_vest1_ppe_train_image1311_b21bf2d7ac,vest_oversample
6d8b45909fee75ce73261581922431677b4712b3,ppe_train_image1311_b21bf2d7ac,ppe_orig,oversample_vest2_oversample_vest2_oversample_vest2_ppe_train_image1311_b21bf2d7ac,vest_oversample
6d8b45909fee75ce73261581922431677b4712b3,ppe_train_image1311_b21bf2d7ac,ppe_orig,oversample_vest2_oversample_vest2_ppe_train_image1311_b21bf2d7ac,vest_oversample
6d8b45909fee75ce73261581922431677b4712b3,ppe_train_image1311_b21bf2d7ac,ppe_orig,oversample_vest2_ppe_train_image1311_b21bf2d7ac,vest_oversample
7e43322714ce9cd62eaf1404d7a82a4a737537a5,ppe_train_image1312_2908c8c892,ppe_orig,oversample_vest1_oversample_vest1_oversample_vest1_ppe_train_image1312_2908c8c892,vest_oversample
7e43322714ce9cd62eaf1404d7a82a4a737537a5,ppe_train_image1312_2908c8c892,ppe_orig,oversample_vest1_oversample_vest1_oversample_vest2_ppe_train_image1312_2908c8c892,vest_oversample
7e43322714ce9cd62eaf1404d7a82a4a737537a5,ppe_train_image1312_2908c8c892,ppe_orig,oversample_vest1_oversample_vest1_ppe_train_image1312_2908c8c892,vest_oversample
7e43322714ce9cd62eaf1404d7a82a4a737537a5,ppe_train_image1312_2908c8c892,ppe_orig,oversample_vest1_oversample_vest2_oversample_vest1_ppe_train_image1312_2908c8c892,vest_oversample
7e43322714ce9cd62eaf1404d7a82a4a737537a5,ppe_train_image1312_2908c8c892,ppe_orig,oversample_vest1_oversample_vest2_oversample_vest2_ppe_train_image1312_2908c8c892,vest_oversample
7e43322714ce9cd62eaf1404d7a82a4a737537a5,ppe_train_image1312_2908c8c892,ppe_orig,oversample_vest1_oversample_vest2_ppe_train_image1312_2908c8c892,vest_oversample
7e43322714ce9cd62eaf1404d7a82a4a737537a5,ppe_train_image1312_2908c8c892,ppe_orig,oversample_vest1_ppe_train_image1312_2908c8c892,vest_oversample
7e43322714ce9cd62eaf1404d7a82a4a737537a5,ppe_train_image1312_2908c8c892,ppe_orig,oversample_vest2_oversample_vest1_oversample_vest1_ppe_train_image1312_2908c8c892,vest_oversample
7e43322714ce9cd62eaf1404d7a82a4a737537a5,ppe_train_image1312_2908c8c892,ppe_orig,oversample_vest2_oversample_vest1_oversample_vest2_ppe_train_image1312_2908c8c892,vest_oversample
7e43322714ce9cd62eaf1404d7a82a4a737537a5,ppe_train_image1312_2908c8c892,ppe_orig,oversample_vest2_oversample_vest1_ppe_train_image1312_2908c8c892,vest_oversample
7e43322714ce9cd62eaf1404d7a82a4a737537a5,ppe_train_image1312_2908c8c892,ppe_orig,oversample_vest2_oversample_vest2_oversample_vest1_ppe_train_image1312_2908c8c892,vest_oversample
7e43322714ce9cd62eaf1404d7a82a4a737537a5,ppe_train_image1312_2908c8c892,ppe_orig,oversample_vest2_oversample_vest2_oversample_vest2_ppe_train_image1312_2908c8c892,vest_oversample
7e43322714ce9cd62eaf1404d7a82a4a737537a5,ppe_train_image1312_2908c8c892,ppe_orig,oversample_vest2_oversample_vest2_ppe_train_image1312_2908c8c892,vest_oversample
7e43322714ce9cd62eaf1404d7a82a4a737537a5,ppe_train_image1312_2908c8c892,ppe_orig,oversample_vest2_ppe_train_image1312_2908c8c892,vest_oversample
52e5d73466f4f60f0ab601ba8253ae4b7a030f68,ppe_train_image1313_0769720ced,ppe_orig,oversample_vest1_oversample_vest1_oversample_vest1_ppe_train_image1313_0769720ced,vest_oversample
52e5d73466f4f60f0ab601ba8253ae4b7a030f68,ppe_train_image1313_0769720ced,ppe_orig,oversample_vest1_oversample_vest1_oversample_vest2_ppe_train_image1313_0769720ced,vest_oversample
52e5d73466f4f60f0ab601ba8253ae4b7a030f68,ppe_train_image1313_0769720ced,ppe_orig,oversample_vest1_oversample_vest1_ppe_train_image1313_0769720ced,vest_oversample
52e5d73466f4f60f0ab601ba8253ae4b7a030f68,ppe_train_image1313_0769720ced,ppe_orig,oversample_vest1_oversample_vest2_oversample_vest1_ppe_train_image1313_0769720ced,vest_oversample
52e5d73466f4f60f0ab601ba8253ae4b7a030f68,ppe_train_image1313_0769720ced,ppe_orig,oversample_vest1_oversample_vest2_oversample_vest2_ppe_train_image1313_0769720ced,vest_oversample
52e5d73466f4f60f0ab601ba8253ae4b7a030f68,ppe_train_image1313_0769720ced,ppe_orig,oversample_vest1_oversample_vest2_ppe_train_image1313_0769720ced,vest_oversample
52e5d73466f4f60f0ab601ba8253ae4b7a030f68,ppe_train_image1313_0769720ced,ppe_orig,oversample_vest1_ppe_train_image1313_0769720ced,vest_oversample
52e5d73466f4f60f0ab601ba8253ae4b7a030f68,ppe_train_image1313_0769720ced,ppe_orig,oversample_vest2_oversample_vest1_oversample_vest1_ppe_train_image1313_0769720ced,vest_oversample
52e5d73466f4f60f0ab601ba8253ae4b7a030f68,ppe_train_image1313_0769720ced,ppe_orig,oversample_vest2_oversample_vest1_oversample_vest2_ppe_train_image1313_0769720ced,vest_oversample
52e5d73466f4f60f0ab601ba8253ae4b7a030f68,ppe_train_image1313_0769720ced,ppe_orig,oversample_vest2_oversample_vest1_ppe_train_image1313_0769720ced,vest_oversample
52e5d73466f4f60f0ab601ba8253ae4b7a030f68,ppe_train_image1313_0769720ced,ppe_orig,oversample_vest2_oversample_vest2_oversample_vest1_ppe_train_image1313_0769720ced,vest_oversample
52e5d73466f4f60f0ab601ba8253ae4b7a030f68,ppe_train_image1313_0769720ced,ppe_orig,oversample_vest2_oversample_vest2_oversample_vest2_ppe_train_image1313_0769720ced,vest_oversample
52e5d73466f4f60f0ab601ba8253ae4b7a030f68,ppe_train_image1313_0769720ced,ppe_orig,oversample_vest2_oversample_vest2_ppe_train_image1313_0769720ced,vest_oversample
52e5d73466f4f60f0ab601ba8253ae4b7a030f68,ppe_train_image1313_0769720ced,ppe_orig,oversample_vest2_ppe_train_image1313_0769720ced,vest_oversample
ea30551379b3d890fb69f2ca02a295c2d658fdd8,ppe_train_image1314_327c859c64,ppe_orig,oversample_vest1_oversample_vest1_oversample_vest1_ppe_train_image1314_327c859c64,vest_oversample
ea30551379b3d890fb69f2ca02a295c2d658fdd8,ppe_train_image1314_327c859c64,ppe_orig,oversample_vest1_oversample_vest1_oversample_vest2_ppe_train_image1314_327c859c64,vest_oversample
ea30551379b3d890fb69f2ca02a295c2d658fdd8,ppe_train_image1314_327c859c64,ppe_orig,oversample_vest1_oversample_vest1_ppe_train_image1314_327c859c64,vest_oversample
ea30551379b3d890fb69f2ca02a295c2d658fdd8,ppe_train_image1314_327c859c64,ppe_orig,oversample_vest1_oversample_vest2_oversample_vest1_ppe_train_image1314_327c859c64,vest_oversample
ea30551379b3d890fb69f2ca02a295c2d658fdd8,ppe_train_image1314_327c859c64,ppe_orig,oversample_vest1_oversample_vest2_oversample_vest2_ppe_train_image1314_327c859c64,vest_oversample
ea30551379b3d890fb69f2ca02a295c2d658fdd8,ppe_train_image1314_327c859c64,ppe_orig,oversample_vest1_oversample_vest2_ppe_train_image1314_327c859c64,vest_oversample
ea30551379b3d890fb69f2ca02a295c2d658fdd8,ppe_train_image1314_327c859c64,ppe_orig,oversample_vest1_ppe_train_image1314_327c859c64,vest_oversample
ea30551379b3d890fb69f2ca02a295c2d658fdd8,ppe_train_image1314_327c859c64,ppe_orig,oversample_vest2_oversample_vest1_oversample_vest1_ppe_train_image1314_327c859c64,vest_oversample
ea30551379b3d890fb69f2ca02a295c2d658fdd8,ppe_train_image1314_327c859c64,ppe_orig,oversample_vest2_oversample_vest1_oversample_vest2_ppe_train_image1314_327c859c64,vest_oversample
ea30551379b3d890fb69f2ca02a295c2d658fdd8,ppe_train_image1314_327c859c64,ppe_orig,oversample_vest2_oversample_vest1_ppe_train_image1314_327c859c64,vest_oversample
ea30551379b3d890fb69f2ca02a295c2d658fdd8,ppe_train_image1314_327c859c64,ppe_orig,oversample_vest2_oversample_vest2_oversample_vest1_ppe_train_image1314_327c859c64,vest_oversample
ea30551379b3d890fb69f2ca02a295c2d658fdd8,ppe_train_image1314_327c859c64,ppe_orig,oversample_vest2_oversample_vest2_oversample_vest2_ppe_train_image1314_327c859c64,vest_oversample
ea30551379b3d890fb69f2ca02a295c2d658fdd8,ppe_train_image1314_327c859c64,ppe_orig,oversample_vest2_oversample_vest2_ppe_train_image1314_327c859c64,vest_oversample
ea30551379b3d890fb69f2ca02a295c2d658fdd8,ppe_train_image1314_327c859c64,ppe_orig,oversample_vest2_ppe_train_image1314_327c859c64,vest_oversample
09b61bbee9f374e16809c4f8ea761e3ce7f0a730,ppe_train_image1315_e5d4e4c350,ppe_orig,oversample_vest1_oversample_vest1_oversample_vest1_ppe_train_image1315_e5d4e4c350,vest_oversample
09b61bbee9f374e16809c4f8ea761e3ce7f0a730,ppe_train_image1315_e5d4e4c350,ppe_orig,oversample_vest1_oversample_vest1_oversample_vest2_ppe_train_image1315_e5d4e4c350,vest_oversample
09b61bbee9f374e16809c4f8ea761e3ce7f0a730,ppe_train_image1315_e5d4e4c350,ppe_orig,oversample_vest1_oversample_vest1_ppe_train_image1315_e5d4e4c350,vest_oversample
09b61bbee9f374e16809c4f8ea761e3ce7f0a730,ppe_train_image1315_e5d4e4c350,ppe_orig,oversample_vest1_oversample_vest2_oversample_vest1_ppe_train_image1315_e5d4e4c350,vest_oversample
09b61bbee9f374e16809c4f8ea761e3ce7f0a730,ppe_train_image1315_e5d4e4c350,ppe_orig,oversample_vest1_oversample_vest2_oversample_vest2_ppe_train_image1315_e5d4e4c350,vest_oversample
09b61bbee9f374e16809c4f8ea761e3ce7f0a730,ppe_train_image1315_e5d4e4c350,ppe_orig,oversample_vest1_oversample_vest2_ppe_train_image1315_e5d4e4c350,vest_oversample
09b61bbee9f374e16809c4f8ea761e3ce7f0a730,ppe_train_image1315_e5d4e4c350,ppe_orig,oversample_vest1_ppe_train_image1315_e5d4e4c350,vest_oversample
09b61bbee9f374e16809c4f8ea761e3ce7f0a730,ppe_train_image1315_e5d4e4c350,ppe_orig,oversample_vest2_oversample_vest1_oversample_vest1_ppe_train_image1315_e5d4e4c350,vest_oversample
09b61bbee9f374e16809c4f8ea761e3ce7f0a730,ppe_train_image1315_e5d4e4c350,ppe_orig,oversample_vest2_oversample_vest1_oversample_vest2_ppe_train_image1315_e5d4e4c350,vest_oversample
09b61bbee9f374e16809c4f8ea761e3ce7f0a730,ppe_train_image1315_e5d4e4c350,ppe_orig,oversample_vest2_oversample_vest1_ppe_train_image1315_e5d4e4c350,vest_oversample
09b61bbee9f374e16809c4f8ea761e3ce7f0a730,ppe_train_image1315_e5d4e4c350,ppe_orig,oversample_vest2_oversample_vest2_oversample_vest1_ppe_train_image1315_e5d4e4c350,vest_oversample
09b61bbee9f374e16809c4f8ea761e3ce7f0a730,ppe_train_image1315_e5d4e4c350,ppe_orig,oversample_vest2_oversample_vest2_oversample_vest2_ppe_train_image1315_e5d4e4c350,vest_oversample
09b61bbee9f374e16809c4f8ea761e3ce7f0a730,ppe_train_image1315_e5d4e4c350,ppe_orig,oversample_vest2_oversample_vest2_ppe_train_image1315_e5d4e4c350,vest_oversample
09b61bbee9f374e16809c4f8ea761e3ce7f0a730,ppe_train_image1315_e5d4e4c350,ppe_orig,oversample_vest2_ppe_train_image1315_e5d4e4c350,vest_oversample
6e29723517ae65ca6a04fe7701a139f97afe6835,ppe_train_image1316_a4211fb2b9,ppe_orig,oversample_vest1_oversample_vest1_oversample_vest1_ppe_train_image1316_a4211fb2b9,vest_oversample
6e29723517ae65ca6a04fe7701a139f97afe6835,ppe_train_image1316_a4211fb2b9,ppe_orig,oversample_vest1_oversample_vest1_oversample_vest2_ppe_train_image1316_a4211fb2b9,vest_oversample
6e29723517ae65ca6a04fe7701a139f97afe6835,ppe_train_image1316_a4211fb2b9,ppe_orig,oversample_vest1_oversample_vest1_ppe_train_image1316_a4211fb2b9,vest_oversample
6e29723517ae65ca6a04fe7701a139f97afe6835,ppe_train_image1316_a4211fb2b9,ppe_orig,oversample_vest1_oversample_vest2_oversample_vest1_ppe_train_image1316_a4211fb2b9,vest_oversample
6e29723517ae65ca6a04fe7701a139f97afe6835,ppe_train_image1316_a4211fb2b9,ppe_orig,oversample_vest1_oversample_vest2_oversample_vest2_ppe_train_image1316_a4211fb2b9,vest_oversample
6e29723517ae65ca6a04fe7701a139f97afe6835,ppe_train_image1316_a4211fb2b9,ppe_orig,oversample_vest1_oversample_vest2_ppe_train_image1316_a4211fb2b9,vest_oversample
6e29723517ae65ca6a04fe7701a139f97afe6835,ppe_train_image1316_a4211fb2b9,ppe_orig,oversample_vest1_ppe_train_image1316_a4211fb2b9,vest_oversample
6e29723517ae65ca6a04fe7701a139f97afe6835,ppe_train_image1316_a4211fb2b9,ppe_orig,oversample_vest2_oversample_vest1_oversample_vest1_ppe_train_image1316_a4211fb2b9,vest_oversample
6e29723517ae65ca6a04fe7701a139f97afe6835,ppe_train_image1316_a4211fb2b9,ppe_orig,oversample_vest2_oversample_vest1_oversample_vest2_ppe_train_image1316_a4211fb2b9,vest_oversample
6e29723517ae65ca6a04fe7701a139f97afe6835,ppe_train_image1316_a4211fb2b9,ppe_orig,oversample_vest2_oversample_vest1_ppe_train_image1316_a4211fb2b9,vest_oversample
6e29723517ae65ca6a04fe7701a139f97afe6835,ppe_train_image1316_a4211fb2b9,ppe_orig,oversample_vest2_oversample_vest2_oversample_vest1_ppe_train_image1316_a4211fb2b9,vest_oversample
6e29723517ae65ca6a04fe7701a139f97afe6835,ppe_train_image1316_a4211fb2b9,ppe_orig,oversample_vest2_oversample_vest2_oversample_vest2_ppe_train_image1316_a4211fb2b9,vest_oversample
6e29723517ae65ca6a04fe7701a139f97afe6835,ppe_train_image1316_a4211fb2b9,ppe_orig,oversample_vest2_oversample_vest2_ppe_train_image1316_a4211fb2b9,vest_oversample
6e29723517ae65ca6a04fe7701a139f97afe6835,ppe_train_image1316_a4211fb2b9,ppe_orig,oversample_vest2_ppe_train_image1316_a4211fb2b9,vest_oversample
da43b72fb295b7179422cf9cdc8ef5c975caab1d,ppe_train_image1317_e93be95acb,ppe_orig,oversample_vest1_oversample_vest1_oversample_vest1_ppe_train_image1317_e93be95acb,vest_oversample
da43b72fb295b7179422cf9cdc8ef5c975caab1d,ppe_train_image1317_e93be95acb,ppe_orig,oversample_vest1_oversample_vest1_oversample_vest2_ppe_train_image1317_e93be95acb,vest_oversample
da43b72fb295b7179422cf9cdc8ef5c975caab1d,ppe_train_image1317_e93be95acb,ppe_orig,oversample_vest1_oversample_vest1_ppe_train_image1317_e93be95acb,vest_oversample
da43b72fb295b7179422cf9cdc8ef5c975caab1d,ppe_train_image1317_e93be95acb,ppe_orig,oversample_vest1_oversample_vest2_oversample_vest1_ppe_train_image1317_e93be95acb,vest_oversample
da43b72fb295b7179422cf9cdc8ef5c975caab1d,ppe_train_image1317_e93be95acb,ppe_orig,oversample_vest1_oversample_vest2_oversample_vest2_ppe_train_image1317_e93be95acb,vest_oversample
da43b72fb295b7179422cf9cdc8ef5c975caab1d,ppe_train_image1317_e93be95acb,ppe_orig,oversample_vest1_oversample_vest2_ppe_train_image1317_e93be95acb,vest_oversample
da43b72fb295b7179422cf9cdc8ef5c975caab1d,ppe_train_image1317_e93be95acb,ppe_orig,oversample_vest1_ppe_train_image1317_e93be95acb,vest_oversample
da43b72fb295b7179422cf9cdc8ef5c975caab1d,ppe_train_image1317_e93be95acb,ppe_orig,oversample_vest2_oversample_vest1_oversample_vest1_ppe_train_image1317_e93be95acb,vest_oversample
da43b72fb295b7179422cf9cdc8ef5c975caab1d,ppe_train_image1317_e93be95acb,ppe_orig,oversample_vest2_oversample_vest1_oversample_vest2_ppe_train_image1317_e93be95acb,vest_oversample
da43b72fb295b7179422cf9cdc8ef5c975caab1d,ppe_train_image1317_e93be95acb,ppe_orig,oversample_vest2_oversample_vest1_ppe_train_image1317_e93be95acb,vest_oversample
da43b72fb295b7179422cf9cdc8ef5c975caab1d,ppe_train_image1317_e93be95acb,ppe_orig,oversample_vest2_oversample_vest2_oversample_vest1_ppe_train_image1317_e93be95acb,vest_oversample
da43b72fb295b7179422cf9cdc8ef5c975caab1d,ppe_train_image1317_e93be95acb,ppe_orig,oversample_vest2_oversample_vest2_oversample_vest2_ppe_train_image1317_e93be95acb,vest_oversample
da43b72fb295b7179422cf9cdc8ef5c975caab1d,ppe_train_image1317_e93be95acb,ppe_orig,oversample_vest2_oversample_vest2_ppe_train_image1317_e93be95acb,vest_oversample
da43b72fb295b7179422cf9cdc8ef5c975caab1d,ppe_train_image1317_e93be95acb,ppe_orig,oversample_vest2_ppe_train_image1317_e93be95acb,vest_oversample
a04daa23a74c4443d01b1b925c2d536e65efe215,ppe_train_image1318_c1e0a55e24,ppe_orig,oversample_vest1_oversample_vest1_oversample_vest1_ppe_train_image1318_c1e0a55e24,vest_oversample
a04daa23a74c4443d01b1b925c2d536e65efe215,ppe_train_image1318_c1e0a55e24,ppe_orig,oversample_vest1_oversample_vest1_oversample_vest2_ppe_train_image1318_c1e0a55e24,vest_oversample
a04daa23a74c4443d01b1b925c2d536e65efe215,ppe_train_image1318_c1e0a55e24,ppe_orig,oversample_vest1_oversample_vest1_ppe_train_image1318_c1e0a55e24,vest_oversample
a04daa23a74c4443d01b1b925c2d536e65efe215,ppe_train_image1318_c1e0a55e24,ppe_orig,oversample_vest1_oversample_vest2_oversample_vest1_ppe_train_image1318_c1e0a55e24,vest_oversample
a04daa23a74c4443d01b1b925c2d536e65efe215,ppe_train_image1318_c1e0a55e24,ppe_orig,oversample_vest1_oversample_vest2_oversample_vest2_ppe_train_image1318_c1e0a55e24,vest_oversample
a04daa23a74c4443d01b1b925c2d536e65efe215,ppe_train_image1318_c1e0a55e24,ppe_orig,oversample_vest1_oversample_vest2_ppe_train_image1318_c1e0a55e24,vest_oversample
a04daa23a74c4443d01b1b925c2d536e65efe215,ppe_train_image1318_c1e0a55e24,ppe_orig,oversample_vest1_ppe_train_image1318_c1e0a55e24,vest_oversample
a04daa23a74c4443d01b1b925c2d536e65efe215,ppe_train_image1318_c1e0a55e24,ppe_orig,oversample_vest2_oversample_vest1_oversample_vest1_ppe_train_image1318_c1e0a55e24,vest_oversample
a04daa23a74c4443d01b1b925c2d536e65efe215,ppe_train_image1318_c1e0a55e24,ppe_orig,oversample_vest2_oversample_vest1_oversample_vest2_ppe_train_image1318_c1e0a55e24,vest_oversample
a04daa23a74c4443d01b1b925c2d536e65efe215,ppe_train_image1318_c1e0a55e24,ppe_orig,oversample_vest2_oversample_vest1_ppe_train_image1318_c1e0a55e24,vest_oversample
a04daa23a74c4443d01b1b925c2d536e65efe215,ppe_train_image1318_c1e0a55e24,ppe_orig,oversample_vest2_oversample_vest2_oversample_vest1_ppe_train_image1318_c1e0a55e24,vest_oversample
a04daa23a74c4443d01b1b925c2d536e65efe215,ppe_train_image1318_c1e0a55e24,ppe_orig,oversample_vest2_oversample_vest2_oversample_vest2_ppe_train_image1318_c1e0a55e24,vest_oversample
a04daa23a74c4443d01b1b925c2d536e65efe215,ppe_train_image1318_c1e0a55e24,ppe_orig,oversample_vest2_oversample_vest2_ppe_train_image1318_c1e0a55e24,vest_oversample
a04daa23a74c4443d01b1b925c2d536e65efe215,ppe_train_image1318_c1e0a55e24,ppe_orig,oversample_vest2_ppe_train_image1318_c1e0a55e24,vest_oversample
6bba1b888be49a6576622731557c9a2beb1c0c7b,ppe_train_image1319_f50fa4f25a,ppe_orig,oversample_vest1_oversample_vest1_oversample_vest1_ppe_train_image1319_f50fa4f25a,vest_oversample
6bba1b888be49a6576622731557c9a2beb1c0c7b,ppe_train_image1319_f50fa4f25a,ppe_orig,oversample_vest1_oversample_vest1_oversample_vest2_ppe_train_image1319_f50fa4f25a,vest_oversample
6bba1b888be49a6576622731557c9a2beb1c0c7b,ppe_train_image1319_f50fa4f25a,ppe_orig,oversample_vest1_oversample_vest1_ppe_train_image1319_f50fa4f25a,vest_oversample
6bba1b888be49a6576622731557c9a2beb1c0c7b,ppe_train_image1319_f50fa4f25a,ppe_orig,oversample_vest1_oversample_vest2_oversample_vest1_ppe_train_image1319_f50fa4f25a,vest_oversample
6bba1b888be49a6576622731557c9a2beb1c0c7b,ppe_train_image1319_f50fa4f25a,ppe_orig,oversample_vest1_oversample_vest2_oversample_vest2_ppe_train_image1319_f50fa4f25a,vest_oversample
6bba1b888be49a6576622731557c9a2beb1c0c7b,ppe_train_image1319_f50fa4f25a,ppe_orig,oversample_vest1_oversample_vest2_ppe_train_image1319_f50fa4f25a,vest_oversample
6bba1b888be49a6576622731557c9a2beb1c0c7b,ppe_train_image1319_f50fa4f25a,ppe_orig,oversample_vest1_ppe_train_image1319_f50fa4f25a,vest_oversample
6bba1b888be49a6576622731557c9a2beb1c0c7b,ppe_train_image1319_f50fa4f25a,ppe_orig,oversample_vest2_oversample_vest1_oversample_vest1_ppe_train_image1319_f50fa4f25a,vest_oversample
6bba1b888be49a6576622731557c9a2beb1c0c7b,ppe_train_image1319_f50fa4f25a,ppe_orig,oversample_vest2_oversample_vest1_oversample_vest2_ppe_train_image1319_f50fa4f25a,vest_oversample
6bba1b888be49a6576622731557c9a2beb1c0c7b,ppe_train_image1319_f50fa4f25a,ppe_orig,oversample_vest2_oversample_vest1_ppe_train_image1319_f50fa4f25a,vest_oversample
6bba1b888be49a6576622731557c9a2beb1c0c7b,ppe_train_image1319_f50fa4f25a,ppe_orig,oversample_vest2_oversample_vest2_oversample_vest1_ppe_train_image1319_f50fa4f25a,vest_oversample
6bba1b888be49a6576622731557c9a2beb1c0c7b,ppe_train_image1319_f50fa4f25a,ppe_orig,oversample_vest2_oversample_vest2_oversample_vest2_ppe_train_image1319_f50fa4f25a,vest_oversample
6bba1b888be49a6576622731557c9a2beb1c0c7b,ppe_train_image1319_f50fa4f25a,ppe_orig,oversample_vest2_oversample_vest2_ppe_train_image1319_f50fa4f25a,vest_oversample
6bba1b888be49a6576622731557c9a2beb1c0c7b,ppe_train_image1319_f50fa4f25a,ppe_orig,oversample_vest2_ppe_train_image1319_f50fa4f25a,vest_oversample
c653855807fb7f95e68e3ef6a8a2369877d91b3b,ppe_train_image1320_57bd49dffb,ppe_orig,oversample_vest1_oversample_vest1_oversample_vest1_ppe_train_image1320_57bd49dffb,vest_oversample
c653855807fb7f95e68e3ef6a8a2369877d91b3b,ppe_train_image1320_57bd49dffb,ppe_orig,oversample_vest1_oversample_vest1_oversample_vest2_ppe_train_image1320_57bd49dffb,vest_oversample
c653855807fb7f95e68e3ef6a8a2369877d91b3b,ppe_train_image1320_57bd49dffb,ppe_orig,oversample_vest1_oversample_vest1_ppe_train_image1320_57bd49dffb,vest_oversample
c653855807fb7f95e68e3ef6a8a2369877d91b3b,ppe_train_image1320_57bd49dffb,ppe_orig,oversample_vest1_oversample_vest2_oversample_vest1_ppe_train_image1320_57bd49dffb,vest_oversample
c653855807fb7f95e68e3ef6a8a2369877d91b3b,ppe_train_image1320_57bd49dffb,ppe_orig,oversample_vest1_oversample_vest2_oversample_vest2_ppe_train_image1320_57bd49dffb,vest_oversample
c653855807fb7f95e68e3ef6a8a2369877d91b3b,ppe_train_image1320_57bd49dffb,ppe_orig,oversample_vest1_oversample_vest2_ppe_train_image1320_57bd49dffb,vest_oversample
c653855807fb7f95e68e3ef6a8a2369877d91b3b,ppe_train_image1320_57bd49dffb,ppe_orig,oversample_vest1_ppe_train_image1320_57bd49dffb,vest_oversample
c653855807fb7f95e68e3ef6a8a2369877d91b3b,ppe_train_image1320_57bd49dffb,ppe_orig,oversample_vest2_oversample_vest1_oversample_vest1_ppe_train_image1320_57bd49dffb,vest_oversample
c653855807fb7f95e68e3ef6a8a2369877d91b3b,ppe_train_image1320_57bd49dffb,ppe_orig,oversample_vest2_oversample_vest1_oversample_vest2_ppe_train_image1320_57bd49dffb,vest_oversample
c653855807fb7f95e68e3ef6a8a2369877d91b3b,ppe_train_image1320_57bd49dffb,ppe_orig,oversample_vest2_oversample_vest1_ppe_train_image1320_57bd49dffb,vest_oversample
c653855807fb7f95e68e3ef6a8a2369877d91b3b,ppe_train_image1320_57bd49dffb,ppe_orig,oversample_vest2_oversample_vest2_oversample_vest1_ppe_train_image1320_57bd49dffb,vest_oversample
c653855807fb7f95e68e3ef6a8a2369877d91b3b,ppe_train_image1320_57bd49dffb,ppe_orig,oversample_vest2_oversample_vest2_oversample_vest2_ppe_train_image1320_57bd49dffb,vest_oversample
c653855807fb7f95e68e3ef6a8a2369877d91b3b,ppe_train_image1320_57bd49dffb,ppe_orig,oversample_vest2_oversample_vest2_ppe_train_image1320_57bd49dffb,vest_oversample
c653855807fb7f95e68e3ef6a8a2369877d91b3b,ppe_train_image1320_57bd49dffb,ppe_orig,oversample_vest2_ppe_train_image1320_57bd49dffb,vest_oversample
4f9ffa4961443ff759d92c062a0add79c0b01b1e,ppe_train_image1321_782dbb31a1,ppe_orig,oversample_vest1_oversample_vest1_oversample_vest1_ppe_train_image1321_782dbb31a1,vest_oversample
4f9ffa4961443ff759d92c062a0add79c0b01b1e,ppe_train_image1321_782dbb31a1,ppe_orig,oversample_vest1_oversample_vest1_oversample_vest2_ppe_train_image1321_782dbb31a1,vest_oversample
4f9ffa4961443ff759d92c062a0add79c0b01b1e,ppe_train_image1321_782dbb31a1,ppe_orig,oversample_vest1_oversample_vest1_ppe_train_image1321_782dbb31a1,vest_oversample
4f9ffa4961443ff759d92c062a0add79c0b01b1e,ppe_train_image1321_782dbb31a1,ppe_orig,oversample_vest1_oversample_vest2_oversample_vest1_ppe_train_image1321_782dbb31a1,vest_oversample
4f9ffa4961443ff759d92c062a0add79c0b01b1e,ppe_train_image1321_782dbb31a1,ppe_orig,oversample_vest1_oversample_vest2_oversample_vest2_ppe_train_image1321_782dbb31a1,vest_oversample
4f9ffa4961443ff759d92c062a0add79c0b01b1e,ppe_train_image1321_782dbb31a1,ppe_orig,oversample_vest1_oversample_vest2_ppe_train_image1321_782dbb31a1,vest_oversample
4f9ffa4961443ff759d92c062a0add79c0b01b1e,ppe_train_image1321_782dbb31a1,ppe_orig,oversample_vest1_ppe_train_image1321_782dbb31a1,vest_oversample
4f9ffa4961443ff759d92c062a0add79c0b01b1e,ppe_train_image1321_782dbb31a1,ppe_orig,oversample_vest2_oversample_vest1_oversample_vest1_ppe_train_image1321_782dbb31a1,vest_oversample
4f9ffa4961443ff759d92c062a0add79c0b01b1e,ppe_train_image1321_782dbb31a1,ppe_orig,oversample_vest2_oversample_vest1_oversample_vest2_ppe_train_image1321_782dbb31a1,vest_oversample
4f9ffa4961443ff759d92c062a0add79c0b01b1e,ppe_train_image1321_782dbb31a1,ppe_orig,oversample_vest2_oversample_vest1_ppe_train_image1321_782dbb31a1,vest_oversample
4f9ffa4961443ff759d92c062a0add79c0b01b1e,ppe_train_image1321_782dbb31a1,ppe_orig,oversample_vest2_oversample_vest2_oversample_vest1_ppe_train_image1321_782dbb31a1,vest_oversample
4f9ffa4961443ff759d92c062a0add79c0b01b1e,ppe_train_image1321_782dbb31a1,ppe_orig,oversample_vest2_oversample_vest2_oversample_vest2_ppe_train_image1321_782dbb31a1,vest_oversample
4f9ffa4961443ff759d92c062a0add79c0b01b1e,ppe_train_image1321_782dbb31a1,ppe_orig,oversample_vest2_oversample_vest2_ppe_train_image1321_782dbb31a1,vest_oversample
4f9ffa4961443ff759d92c062a0add79c0b01b1e,ppe_train_image1321_782dbb31a1,ppe_orig,oversample_vest2_ppe_train_image1321_782dbb31a1,vest_oversample
95da68272d964c678bcb4f71e5d41476632ca830,ppe_train_image1322_06f0ebe0ea,ppe_orig,oversample_vest1_oversample_vest1_oversample_vest1_ppe_train_image1322_06f0ebe0ea,vest_oversample
95da68272d964c678bcb4f71e5d41476632ca830,ppe_train_image1322_06f0ebe0ea,ppe_orig,oversample_vest1_oversample_vest1_oversample_vest2_ppe_train_image1322_06f0ebe0ea,vest_oversample
95da68272d964c678bcb4f71e5d41476632ca830,ppe_train_image1322_06f0ebe0ea,ppe_orig,oversample_vest1_oversample_vest1_ppe_train_image1322_06f0ebe0ea,vest_oversample
95da68272d964c678bcb4f71e5d41476632ca830,ppe_train_image1322_06f0ebe0ea,ppe_orig,oversample_vest1_oversample_vest2_oversample_vest1_ppe_train_image1322_06f0ebe0ea,vest_oversample
95da68272d964c678bcb4f71e5d41476632ca830,ppe_train_image1322_06f0ebe0ea,ppe_orig,oversample_vest1_oversample_vest2_oversample_vest2_ppe_train_image1322_06f0ebe0ea,vest_oversample
95da68272d964c678bcb4f71e5d41476632ca830,ppe_train_image1322_06f0ebe0ea,ppe_orig,oversample_vest1_oversample_vest2_ppe_train_image1322_06f0ebe0ea,vest_oversample
95da68272d964c678bcb4f71e5d41476632ca830,ppe_train_image1322_06f0ebe0ea,ppe_orig,oversample_vest1_ppe_train_image1322_06f0ebe0ea,vest_oversample
95da68272d964c678bcb4f71e5d41476632ca830,ppe_train_image1322_06f0ebe0ea,ppe_orig,oversample_vest2_oversample_vest1_oversample_vest1_ppe_train_image1322_06f0ebe0ea,vest_oversample
95da68272d964c678bcb4f71e5d41476632ca830,ppe_train_image1322_06f0ebe0ea,ppe_orig,oversample_vest2_oversample_vest1_oversample_vest2_ppe_train_image1322_06f0ebe0ea,vest_oversample
95da68272d964c678bcb4f71e5d41476632ca830,ppe_train_image1322_06f0ebe0ea,ppe_orig,oversample_vest2_oversample_vest1_ppe_train_image1322_06f0ebe0ea,vest_oversample
95da68272d964c678bcb4f71e5d41476632ca830,ppe_train_image1322_06f0ebe0ea,ppe_orig,oversample_vest2_oversample_vest2_oversample_vest1_ppe_train_image1322_06f0ebe0ea,vest_oversample
95da68272d964c678bcb4f71e5d41476632ca830,ppe_train_image1322_06f0ebe0ea,ppe_orig,oversample_vest2_oversample_vest2_oversample_vest2_ppe_train_image1322_06f0ebe0ea,vest_oversample
95da68272d964c678bcb4f71e5d41476632ca830,ppe_train_image1322_06f0ebe0ea,ppe_orig,oversample_vest2_oversample_vest2_ppe_train_image1322_06f0ebe0ea,vest_oversample
95da68272d964c678bcb4f71e5d41476632ca830,ppe_train_image1322_06f0ebe0ea,ppe_orig,oversample_vest2_ppe_train_image1322_06f0ebe0ea,vest_oversample
2957cb880566d8201fd2d3fbd30fffb7fdfd33bc,ppe_train_image1323_a8da95aaf7,ppe_orig,oversample_vest1_oversample_vest1_oversample_vest1_ppe_train_image1323_a8da95aaf7,vest_oversample
2957cb880566d8201fd2d3fbd30fffb7fdfd33bc,ppe_train_image1323_a8da95aaf7,ppe_orig,oversample_vest1_oversample_vest1_oversample_vest2_ppe_train_image1323_a8da95aaf7,vest_oversample
2957cb880566d8201fd2d3fbd30fffb7fdfd33bc,ppe_train_image1323_a8da95aaf7,ppe_orig,oversample_vest1_oversample_vest1_ppe_train_image1323_a8da95aaf7,vest_oversample
2957cb880566d8201fd2d3fbd30fffb7fdfd33bc,ppe_train_image1323_a8da95aaf7,ppe_orig,oversample_vest1_oversample_vest2_oversample_vest1_ppe_train_image1323_a8da95aaf7,vest_oversample
2957cb880566d8201fd2d3fbd30fffb7fdfd33bc,ppe_train_image1323_a8da95aaf7,ppe_orig,oversample_vest1_oversample_vest2_oversample_vest2_ppe_train_image1323_a8da95aaf7,vest_oversample
2957cb880566d8201fd2d3fbd30fffb7fdfd33bc,ppe_train_image1323_a8da95aaf7,ppe_orig,oversample_vest1_oversample_vest2_ppe_train_image1323_a8da95aaf7,vest_oversample
2957cb880566d8201fd2d3fbd30fffb7fdfd33bc,ppe_train_image1323_a8da95aaf7,ppe_orig,oversample_vest1_ppe_train_image1323_a8da95aaf7,vest_oversample
2957cb880566d8201fd2d3fbd30fffb7fdfd33bc,ppe_train_image1323_a8da95aaf7,ppe_orig,oversample_vest2_oversample_vest1_oversample_vest1_ppe_train_image1323_a8da95aaf7,vest_oversample
2957cb880566d8201fd2d3fbd30fffb7fdfd33bc,ppe_train_image1323_a8da95aaf7,ppe_orig,oversample_vest2_oversample_vest1_oversample_vest2_ppe_train_image1323_a8da95aaf7,vest_oversample
2957cb880566d8201fd2d3fbd30fffb7fdfd33bc,ppe_train_image1323_a8da95aaf7,ppe_orig,oversample_vest2_oversample_vest1_ppe_train_image1323_a8da95aaf7,vest_oversample
2957cb880566d8201fd2d3fbd30fffb7fdfd33bc,ppe_train_image1323_a8da95aaf7,ppe_orig,oversample_vest2_oversample_vest2_oversample_vest1_ppe_train_image1323_a8da95aaf7,vest_oversample
2957cb880566d8201fd2d3fbd30fffb7fdfd33bc,ppe_train_image1323_a8da95aaf7,ppe_orig,oversample_vest2_oversample_vest2_oversample_vest2_ppe_train_image1323_a8da95aaf7,vest_oversample
2957cb880566d8201fd2d3fbd30fffb7fdfd33bc,ppe_train_image1323_a8da95aaf7,ppe_orig,oversample_vest2_oversample_vest2_ppe_train_image1323_a8da95aaf7,vest_oversample
2957cb880566d8201fd2d3fbd30fffb7fdfd33bc,ppe_train_image1323_a8da95aaf7,ppe_orig,oversample_vest2_ppe_train_image1323_a8da95aaf7,vest_oversample
d0fc3ee0d310a8e852e8c28ec83788c0ee223724,ppe_train_image1324_fcaaea9cbf,ppe_orig,oversample_vest1_oversample_vest1_oversample_vest1_ppe_train_image1324_fcaaea9cbf,vest_oversample
d0fc3ee0d310a8e852e8c28ec83788c0ee223724,ppe_train_image1324_fcaaea9cbf,ppe_orig,oversample_vest1_oversample_vest1_oversample_vest2_ppe_train_image1324_fcaaea9cbf,vest_oversample
d0fc3ee0d310a8e852e8c28ec83788c0ee223724,ppe_train_image1324_fcaaea9cbf,ppe_orig,oversample_vest1_oversample_vest1_ppe_train_image1324_fcaaea9cbf,vest_oversample
d0fc3ee0d310a8e852e8c28ec83788c0ee223724,ppe_train_image1324_fcaaea9cbf,ppe_orig,oversample_vest1_oversample_vest2_oversample_vest1_ppe_train_image1324_fcaaea9cbf,vest_oversample
d0fc3ee0d310a8e852e8c28ec83788c0ee223724,ppe_train_image1324_fcaaea9cbf,ppe_orig,oversample_vest1_oversample_vest2_oversample_vest2_ppe_train_image1324_fcaaea9cbf,vest_oversample
d0fc3ee0d310a8e852e8c28ec83788c0ee223724,ppe_train_image1324_fcaaea9cbf,ppe_orig,oversample_vest1_oversample_vest2_ppe_train_image1324_fcaaea9cbf,vest_oversample
d0fc3ee0d310a8e852e8c28ec83788c0ee223724,ppe_train_image1324_fcaaea9cbf,ppe_orig,oversample_vest1_ppe_train_image1324_fcaaea9cbf,vest_oversample
d0fc3ee0d310a8e852e8c28ec83788c0ee223724,ppe_train_image1324_fcaaea9cbf,ppe_orig,oversample_vest2_oversample_vest1_oversample_vest1_ppe_train_image1324_fcaaea9cbf,vest_oversample
d0fc3ee0d310a8e852e8c28ec83788c0ee223724,ppe_train_image1324_fcaaea9cbf,ppe_orig,oversample_vest2_oversample_vest1_oversample_vest2_ppe_train_image1324_fcaaea9cbf,vest_oversample
d0fc3ee0d310a8e852e8c28ec83788c0ee223724,ppe_train_image1324_fcaaea9cbf,ppe_orig,oversample_vest2_oversample_vest1_ppe_train_image1324_fcaaea9cbf,vest_oversample
d0fc3ee0d310a8e852e8c28ec83788c0ee223724,ppe_train_image1324_fcaaea9cbf,ppe_orig,oversample_vest2_oversample_vest2_oversample_vest1_ppe_train_image1324_fcaaea9cbf,vest_oversample
d0fc3ee0d310a8e852e8c28ec83788c0ee223724,ppe_train_image1324_fcaaea9cbf,ppe_orig,oversample_vest2_oversample_vest2_oversample_vest2_ppe_train_image1324_fcaaea9cbf,vest_oversample
d0fc3ee0d310a8e852e8c28ec83788c0ee223724,ppe_train_image1324_fcaaea9cbf,ppe_orig,oversample_vest2_oversample_vest2_ppe_train_image1324_fcaaea9cbf,vest_oversample
d0fc3ee0d310a8e852e8c28ec83788c0ee223724,ppe_train_image1324_fcaaea9cbf,ppe_orig,oversample_vest2_ppe_train_image1324_fcaaea9cbf,vest_oversample
ac12de6aa4d474e4a0f115c9cc0f8ae1f1c0abb3,ppe_train_image1325_d2a24f2023,ppe_orig,oversample_vest1_oversample_vest1_oversample_vest1_ppe_train_image1325_d2a24f2023,vest_oversample
ac12de6aa4d474e4a0f115c9cc0f8ae1f1c0abb3,ppe_train_image1325_d2a24f2023,ppe_orig,oversample_vest1_oversample_vest1_oversample_vest2_ppe_train_image1325_d2a24f2023,vest_oversample
ac12de6aa4d474e4a0f115c9cc0f8ae1f1c0abb3,ppe_train_image1325_d2a24f2023,ppe_orig,oversample_vest1_oversample_vest1_ppe_train_image1325_d2a24f2023,vest_oversample
ac12de6aa4d474e4a0f115c9cc0f8ae1f1c0abb3,ppe_train_image1325_d2a24f2023,ppe_orig,oversample_vest1_oversample_vest2_oversample_vest1_ppe_train_image1325_d2a24f2023,vest_oversample
ac12de6aa4d474e4a0f115c9cc0f8ae1f1c0abb3,ppe_train_image1325_d2a24f2023,ppe_orig,oversample_vest1_oversample_vest2_oversample_vest2_ppe_train_image1325_d2a24f2023,vest_oversample
ac12de6aa4d474e4a0f115c9cc0f8ae1f1c0abb3,ppe_train_image1325_d2a24f2023,ppe_orig,oversample_vest1_oversample_vest2_ppe_train_image1325_d2a24f2023,vest_oversample
ac12de6aa4d474e4a0f115c9cc0f8ae1f1c0abb3,ppe_train_image1325_d2a24f2023,ppe_orig,oversample_vest1_ppe_train_image1325_d2a24f2023,vest_oversample
ac12de6aa4d474e4a0f115c9cc0f8ae1f1c0abb3,ppe_train_image1325_d2a24f2023,ppe_orig,oversample_vest2_oversample_vest1_oversample_vest1_ppe_train_image1325_d2a24f2023,vest_oversample
ac12de6aa4d474e4a0f115c9cc0f8ae1f1c0abb3,ppe_train_image1325_d2a24f2023,ppe_orig,oversample_vest2_oversample_vest1_oversample_vest2_ppe_train_image1325_d2a24f2023,vest_oversample
ac12de6aa4d474e4a0f115c9cc0f8ae1f1c0abb3,ppe_train_image1325_d2a24f2023,ppe_orig,oversample_vest2_oversample_vest1_ppe_train_image1325_d2a24f2023,vest_oversample
ac12de6aa4d474e4a0f115c9cc0f8ae1f1c0abb3,ppe_train_image1325_d2a24f2023,ppe_orig,oversample_vest2_oversample_vest2_oversample_vest1_ppe_train_image1325_d2a24f2023,vest_oversample
ac12de6aa4d474e4a0f115c9cc0f8ae1f1c0abb3,ppe_train_image1325_d2a24f2023,ppe_orig,oversample_vest2_oversample_vest2_oversample_vest2_ppe_train_image1325_d2a24f2023,vest_oversample
ac12de6aa4d474e4a0f115c9cc0f8ae1f1c0abb3,ppe_train_image1325_d2a24f2023,ppe_orig,oversample_vest2_oversample_vest2_ppe_train_image1325_d2a24f2023,vest_oversample
ac12de6aa4d474e4a0f115c9cc0f8ae1f1c0abb3,ppe_train_image1325_d2a24f2023,ppe_orig,oversample_vest2_ppe_train_image1325_d2a24f2023,vest_oversample
e6127b25099e5c469dfe290b171c48db13d4cfb0,ppe_train_image1326_aa334bcfd3,ppe_orig,oversample_vest1_oversample_vest1_oversample_vest1_ppe_train_image1326_aa334bcfd3,vest_oversample
e6127b25099e5c469dfe290b171c48db13d4cfb0,ppe_train_image1326_aa334bcfd3,ppe_orig,oversample_vest1_oversample_vest1_oversample_vest2_ppe_train_image1326_aa334bcfd3,vest_oversample
e6127b25099e5c469dfe290b171c48db13d4cfb0,ppe_train_image1326_aa334bcfd3,ppe_orig,oversample_vest1_oversample_vest1_ppe_train_image1326_aa334bcfd3,vest_oversample
e6127b25099e5c469dfe290b171c48db13d4cfb0,ppe_train_image1326_aa334bcfd3,ppe_orig,oversample_vest1_oversample_vest2_oversample_vest1_ppe_train_image1326_aa334bcfd3,vest_oversample
e6127b25099e5c469dfe290b171c48db13d4cfb0,ppe_train_image1326_aa334bcfd3,ppe_orig,oversample_vest1_oversample_vest2_oversample_vest2_ppe_train_image1326_aa334bcfd3,vest_oversample
e6127b25099e5c469dfe290b171c48db13d4cfb0,ppe_train_image1326_aa334bcfd3,ppe_orig,oversample_vest1_oversample_vest2_ppe_train_image1326_aa334bcfd3,vest_oversample
e6127b25099e5c469dfe290b171c48db13d4cfb0,ppe_train_image1326_aa334bcfd3,ppe_orig,oversample_vest1_ppe_train_image1326_aa334bcfd3,vest_oversample
e6127b25099e5c469dfe290b171c48db13d4cfb0,ppe_train_image1326_aa334bcfd3,ppe_orig,oversample_vest2_oversample_vest1_oversample_vest1_ppe_train_image1326_aa334bcfd3,vest_oversample
e6127b25099e5c469dfe290b171c48db13d4cfb0,ppe_train_image1326_aa334bcfd3,ppe_orig,oversample_vest2_oversample_vest1_oversample_vest2_ppe_train_image1326_aa334bcfd3,vest_oversample
e6127b25099e5c469dfe290b171c48db13d4cfb0,ppe_train_image1326_aa334bcfd3,ppe_orig,oversample_vest2_oversample_vest1_ppe_train_image1326_aa334bcfd3,vest_oversample
e6127b25099e5c469dfe290b171c48db13d4cfb0,ppe_train_image1326_aa334bcfd3,ppe_orig,oversample_vest2_oversample_vest2_oversample_vest1_ppe_train_image1326_aa334bcfd3,vest_oversample
e6127b25099e5c469dfe290b171c48db13d4cfb0,ppe_train_image1326_aa334bcfd3,ppe_orig,oversample_vest2_oversample_vest2_oversample_vest2_ppe_train_image1326_aa334bcfd3,vest_oversample
e6127b25099e5c469dfe290b171c48db13d4cfb0,ppe_train_image1326_aa334bcfd3,ppe_orig,oversample_vest2_oversample_vest2_ppe_train_image1326_aa334bcfd3,vest_oversample
e6127b25099e5c469dfe290b171c48db13d4cfb0,ppe_train_image1326_aa334bcfd3,ppe_orig,oversample_vest2_ppe_train_image1326_aa334bcfd3,vest_oversample
6cf41b47305b22d8f812e72859dc2891c468e382,ppe_train_image1327_7ce8161cb3,ppe_orig,oversample_vest1_oversample_vest1_oversample_vest1_ppe_train_image1327_7ce8161cb3,vest_oversample
6cf41b47305b22d8f812e72859dc2891c468e382,ppe_train_image1327_7ce8161cb3,ppe_orig,oversample_vest1_oversample_vest1_oversample_vest2_ppe_train_image1327_7ce8161cb3,vest_oversample
6cf41b47305b22d8f812e72859dc2891c468e382,ppe_train_image1327_7ce8161cb3,ppe_orig,oversample_vest1_oversample_vest1_ppe_train_image1327_7ce8161cb3,vest_oversample
6cf41b47305b22d8f812e72859dc2891c468e382,ppe_train_image1327_7ce8161cb3,ppe_orig,oversample_vest1_oversample_vest2_oversample_vest1_ppe_train_image1327_7ce8161cb3,vest_oversample
6cf41b47305b22d8f812e72859dc2891c468e382,ppe_train_image1327_7ce8161cb3,ppe_orig,oversample_vest1_oversample_vest2_oversample_vest2_ppe_train_image1327_7ce8161cb3,vest_oversample
6cf41b47305b22d8f812e72859dc2891c468e382,ppe_train_image1327_7ce8161cb3,ppe_orig,oversample_vest1_oversample_vest2_ppe_train_image1327_7ce8161cb3,vest_oversample
6cf41b47305b22d8f812e72859dc2891c468e382,ppe_train_image1327_7ce8161cb3,ppe_orig,oversample_vest1_ppe_train_image1327_7ce8161cb3,vest_oversample
6cf41b47305b22d8f812e72859dc2891c468e382,ppe_train_image1327_7ce8161cb3,ppe_orig,oversample_vest2_oversample_vest1_oversample_vest1_ppe_train_image1327_7ce8161cb3,vest_oversample
6cf41b47305b22d8f812e72859dc2891c468e382,ppe_train_image1327_7ce8161cb3,ppe_orig,oversample_vest2_oversample_vest1_oversample_vest2_ppe_train_image1327_7ce8161cb3,vest_oversample
6cf41b47305b22d8f812e72859dc2891c468e382,ppe_train_image1327_7ce8161cb3,ppe_orig,oversample_vest2_oversample_vest1_ppe_train_image1327_7ce8161cb3,vest_oversample
6cf41b47305b22d8f812e72859dc2891c468e382,ppe_train_image1327_7ce8161cb3,ppe_orig,oversample_vest2_oversample_vest2_oversample_vest1_ppe_train_image1327_7ce8161cb3,vest_oversample
6cf41b47305b22d8f812e72859dc2891c468e382,ppe_train_image1327_7ce8161cb3,ppe_orig,oversample_vest2_oversample_vest2_oversample_vest2_ppe_train_image1327_7ce8161cb3,vest_oversample
6cf41b47305b22d8f812e72859dc2891c468e382,ppe_train_image1327_7ce8161cb3,ppe_orig,oversample_vest2_oversample_vest2_ppe_train_image1327_7ce8161cb3,vest_oversample
6cf41b47305b22d8f812e72859dc2891c468e382,ppe_train_image1327_7ce8161cb3,ppe_orig,oversample_vest2_ppe_train_image1327_7ce8161cb3,vest_oversample
8e3cba5a933bc27f85ac5c3d426ac4ae139e4eb4,ppe_train_image1328_2f4c7e2903,ppe_orig,oversample_vest1_oversample_vest1_oversample_vest1_ppe_train_image1328_2f4c7e2903,vest_oversample
8e3cba5a933bc27f85ac5c3d426ac4ae139e4eb4,ppe_train_image1328_2f4c7e2903,ppe_orig,oversample_vest1_oversample_vest1_oversample_vest2_ppe_train_image1328_2f4c7e2903,vest_oversample
8e3cba5a933bc27f85ac5c3d426ac4ae139e4eb4,ppe_train_image1328_2f4c7e2903,ppe_orig,oversample_vest1_oversample_vest1_ppe_train_image1328_2f4c7e2903,vest_oversample
8e3cba5a933bc27f85ac5c3d426ac4ae139e4eb4,ppe_train_image1328_2f4c7e2903,ppe_orig,oversample_vest1_oversample_vest2_oversample_vest1_ppe_train_image1328_2f4c7e2903,vest_oversample
8e3cba5a933bc27f85ac5c3d426ac4ae139e4eb4,ppe_train_image1328_2f4c7e2903,ppe_orig,oversample_vest1_oversample_vest2_oversample_vest2_ppe_train_image1328_2f4c7e2903,vest_oversample
8e3cba5a933bc27f85ac5c3d426ac4ae139e4eb4,ppe_train_image1328_2f4c7e2903,ppe_orig,oversample_vest1_oversample_vest2_ppe_train_image1328_2f4c7e2903,vest_oversample
8e3cba5a933bc27f85ac5c3d426ac4ae139e4eb4,ppe_train_image1328_2f4c7e2903,ppe_orig,oversample_vest1_ppe_train_image1328_2f4c7e2903,vest_oversample
8e3cba5a933bc27f85ac5c3d426ac4ae139e4eb4,ppe_train_image1328_2f4c7e2903,ppe_orig,oversample_vest2_oversample_vest1_oversample_vest1_ppe_train_image1328_2f4c7e2903,vest_oversample
8e3cba5a933bc27f85ac5c3d426ac4ae139e4eb4,ppe_train_image1328_2f4c7e2903,ppe_orig,oversample_vest2_oversample_vest1_oversample_vest2_ppe_train_image1328_2f4c7e2903,vest_oversample
8e3cba5a933bc27f85ac5c3d426ac4ae139e4eb4,ppe_train_image1328_2f4c7e2903,ppe_orig,oversample_vest2_oversample_vest1_ppe_train_image1328_2f4c7e2903,vest_oversample
8e3cba5a933bc27f85ac5c3d426ac4ae139e4eb4,ppe_train_image1328_2f4c7e2903,ppe_orig,oversample_vest2_oversample_vest2_oversample_vest1_ppe_train_image1328_2f4c7e2903,vest_oversample
8e3cba5a933bc27f85ac5c3d426ac4ae139e4eb4,ppe_train_image1328_2f4c7e2903,ppe_orig,oversample_vest2_oversample_vest2_oversample_vest2_ppe_train_image1328_2f4c7e2903,vest_oversample
8e3cba5a933bc27f85ac5c3d426ac4ae139e4eb4,ppe_train_image1328_2f4c7e2903,ppe_orig,oversample_vest2_oversample_vest2_ppe_train_image1328_2f4c7e2903,vest_oversample
8e3cba5a933bc27f85ac5c3d426ac4ae139e4eb4,ppe_train_image1328_2f4c7e2903,ppe_orig,oversample_vest2_ppe_train_image1328_2f4c7e2903,vest_oversample
9f8569ba0867a695b78a2db0590453f3931a09f5,ppe_train_image1329_61966176dd,ppe_orig,oversample_vest1_oversample_vest1_oversample_vest1_ppe_train_image1329_61966176dd,vest_oversample
9f8569ba0867a695b78a2db0590453f3931a09f5,ppe_train_image1329_61966176dd,ppe_orig,oversample_vest1_oversample_vest1_oversample_vest2_ppe_train_image1329_61966176dd,vest_oversample
9f8569ba0867a695b78a2db0590453f3931a09f5,ppe_train_image1329_61966176dd,ppe_orig,oversample_vest1_oversample_vest1_ppe_train_image1329_61966176dd,vest_oversample
9f8569ba0867a695b78a2db0590453f3931a09f5,ppe_train_image1329_61966176dd,ppe_orig,oversample_vest1_oversample_vest2_oversample_vest1_ppe_train_image1329_61966176dd,vest_oversample
9f8569ba0867a695b78a2db0590453f3931a09f5,ppe_train_image1329_61966176dd,ppe_orig,oversample_vest1_oversample_vest2_oversample_vest2_ppe_train_image1329_61966176dd,vest_oversample
9f8569ba0867a695b78a2db0590453f3931a09f5,ppe_train_image1329_61966176dd,ppe_orig,oversample_vest1_oversample_vest2_ppe_train_image1329_61966176dd,vest_oversample
9f8569ba0867a695b78a2db0590453f3931a09f5,ppe_train_image1329_61966176dd,ppe_orig,oversample_vest1_ppe_train_image1329_61966176dd,vest_oversample
9f8569ba0867a695b78a2db0590453f3931a09f5,ppe_train_image1329_61966176dd,ppe_orig,oversample_vest2_oversample_vest1_oversample_vest1_ppe_train_image1329_61966176dd,vest_oversample
9f8569ba0867a695b78a2db0590453f3931a09f5,ppe_train_image1329_61966176dd,ppe_orig,oversample_vest2_oversample_vest1_oversample_vest2_ppe_train_image1329_61966176dd,vest_oversample
9f8569ba0867a695b78a2db0590453f3931a09f5,ppe_train_image1329_61966176dd,ppe_orig,oversample_vest2_oversample_vest1_ppe_train_image1329_61966176dd,vest_oversample
9f8569ba0867a695b78a2db0590453f3931a09f5,ppe_train_image1329_61966176dd,ppe_orig,oversample_vest2_oversample_vest2_oversample_vest1_ppe_train_image1329_61966176dd,vest_oversample
9f8569ba0867a695b78a2db0590453f3931a09f5,ppe_train_image1329_61966176dd,ppe_orig,oversample_vest2_oversample_vest2_oversample_vest2_ppe_train_image1329_61966176dd,vest_oversample
9f8569ba0867a695b78a2db0590453f3931a09f5,ppe_train_image1329_61966176dd,ppe_orig,oversample_vest2_oversample_vest2_ppe_train_image1329_61966176dd,vest_oversample
9f8569ba0867a695b78a2db0590453f3931a09f5,ppe_train_image1329_61966176dd,ppe_orig,oversample_vest2_ppe_train_image1329_61966176dd,vest_oversample
63a596f51d26e11e635b0d46513892bc1e73c537,ppe_train_image1334_7e9d487bdc,ppe_orig,oversample_vest1_oversample_vest1_oversample_vest1_ppe_train_image1334_7e9d487bdc,vest_oversample
63a596f51d26e11e635b0d46513892bc1e73c537,ppe_train_image1334_7e9d487bdc,ppe_orig,oversample_vest1_oversample_vest1_oversample_vest2_ppe_train_image1334_7e9d487bdc,vest_oversample
63a596f51d26e11e635b0d46513892bc1e73c537,ppe_train_image1334_7e9d487bdc,ppe_orig,oversample_vest1_oversample_vest1_ppe_train_image1334_7e9d487bdc,vest_oversample
63a596f51d26e11e635b0d46513892bc1e73c537,ppe_train_image1334_7e9d487bdc,ppe_orig,oversample_vest1_oversample_vest2_oversample_vest1_ppe_train_image1334_7e9d487bdc,vest_oversample
63a596f51d26e11e635b0d46513892bc1e73c537,ppe_train_image1334_7e9d487bdc,ppe_orig,oversample_vest1_oversample_vest2_oversample_vest2_ppe_train_image1334_7e9d487bdc,vest_oversample
63a596f51d26e11e635b0d46513892bc1e73c537,ppe_train_image1334_7e9d487bdc,ppe_orig,oversample_vest1_oversample_vest2_ppe_train_image1334_7e9d487bdc,vest_oversample
63a596f51d26e11e635b0d46513892bc1e73c537,ppe_train_image1334_7e9d487bdc,ppe_orig,oversample_vest1_ppe_train_image1334_7e9d487bdc,vest_oversample
63a596f51d26e11e635b0d46513892bc1e73c537,ppe_train_image1334_7e9d487bdc,ppe_orig,oversample_vest2_oversample_vest1_oversample_vest1_ppe_train_image1334_7e9d487bdc,vest_oversample
63a596f51d26e11e635b0d46513892bc1e73c537,ppe_train_image1334_7e9d487bdc,ppe_orig,oversample_vest2_oversample_vest1_oversample_vest2_ppe_train_image1334_7e9d487bdc,vest_oversample
63a596f51d26e11e635b0d46513892bc1e73c537,ppe_train_image1334_7e9d487bdc,ppe_orig,oversample_vest2_oversample_vest1_ppe_train_image1334_7e9d487bdc,vest_oversample
63a596f51d26e11e635b0d46513892bc1e73c537,ppe_train_image1334_7e9d487bdc,ppe_orig,oversample_vest2_oversample_vest2_oversample_vest1_ppe_train_image1334_7e9d487bdc,vest_oversample
63a596f51d26e11e635b0d46513892bc1e73c537,ppe_train_image1334_7e9d487bdc,ppe_orig,oversample_vest2_oversample_vest2_oversample_vest2_ppe_train_image1334_7e9d487bdc,vest_oversample
63a596f51d26e11e635b0d46513892bc1e73c537,ppe_train_image1334_7e9d487bdc,ppe_orig,oversample_vest2_oversample_vest2_ppe_train_image1334_7e9d487bdc,vest_oversample
63a596f51d26e11e635b0d46513892bc1e73c537,ppe_train_image1334_7e9d487bdc,ppe_orig,oversample_vest2_ppe_train_image1334_7e9d487bdc,vest_oversample
cd5d6c56cebb5084c551ba5eaa17d6bfd37ea4fd,ppe_train_image1335_cf93e88e1a,ppe_orig,oversample_vest1_oversample_vest1_oversample_vest1_ppe_train_image1335_cf93e88e1a,vest_oversample
cd5d6c56cebb5084c551ba5eaa17d6bfd37ea4fd,ppe_train_image1335_cf93e88e1a,ppe_orig,oversample_vest1_oversample_vest1_oversample_vest2_ppe_train_image1335_cf93e88e1a,vest_oversample
cd5d6c56cebb5084c551ba5eaa17d6bfd37ea4fd,ppe_train_image1335_cf93e88e1a,ppe_orig,oversample_vest1_oversample_vest1_ppe_train_image1335_cf93e88e1a,vest_oversample
cd5d6c56cebb5084c551ba5eaa17d6bfd37ea4fd,ppe_train_image1335_cf93e88e1a,ppe_orig,oversample_vest1_oversample_vest2_oversample_vest1_ppe_train_image1335_cf93e88e1a,vest_oversample
cd5d6c56cebb5084c551ba5eaa17d6bfd37ea4fd,ppe_train_image1335_cf93e88e1a,ppe_orig,oversample_vest1_oversample_vest2_oversample_vest2_ppe_train_image1335_cf93e88e1a,vest_oversample
cd5d6c56cebb5084c551ba5eaa17d6bfd37ea4fd,ppe_train_image1335_cf93e88e1a,ppe_orig,oversample_vest1_oversample_vest2_ppe_train_image1335_cf93e88e1a,vest_oversample
cd5d6c56cebb5084c551ba5eaa17d6bfd37ea4fd,ppe_train_image1335_cf93e88e1a,ppe_orig,oversample_vest1_ppe_train_image1335_cf93e88e1a,vest_oversample
cd5d6c56cebb5084c551ba5eaa17d6bfd37ea4fd,ppe_train_image1335_cf93e88e1a,ppe_orig,oversample_vest2_oversample_vest1_oversample_vest1_ppe_train_image1335_cf93e88e1a,vest_oversample
cd5d6c56cebb5084c551ba5eaa17d6bfd37ea4fd,ppe_train_image1335_cf93e88e1a,ppe_orig,oversample_vest2_oversample_vest1_oversample_vest2_ppe_train_image1335_cf93e88e1a,vest_oversample
cd5d6c56cebb5084c551ba5eaa17d6bfd37ea4fd,ppe_train_image1335_cf93e88e1a,ppe_orig,oversample_vest2_oversample_vest1_ppe_train_image1335_cf93e88e1a,vest_oversample
cd5d6c56cebb5084c551ba5eaa17d6bfd37ea4fd,ppe_train_image1335_cf93e88e1a,ppe_orig,oversample_vest2_oversample_vest2_oversample_vest1_ppe_train_image1335_cf93e88e1a,vest_oversample
cd5d6c56cebb5084c551ba5eaa17d6bfd37ea4fd,ppe_train_image1335_cf93e88e1a,ppe_orig,oversample_vest2_oversample_vest2_oversample_vest2_ppe_train_image1335_cf93e88e1a,vest_oversample
cd5d6c56cebb5084c551ba5eaa17d6bfd37ea4fd,ppe_train_image1335_cf93e88e1a,ppe_orig,oversample_vest2_oversample_vest2_ppe_train_image1335_cf93e88e1a,vest_oversample
cd5d6c56cebb5084c551ba5eaa17d6bfd37ea4fd,ppe_train_image1335_cf93e88e1a,ppe_orig,oversample_vest2_ppe_train_image1335_cf93e88e1a,vest_oversample
088471f926588dc2bc909f56a81e1748294da8ff,ppe_train_image1336_4f9b6e2627,ppe_orig,oversample_vest1_oversample_vest1_oversample_vest1_ppe_train_image1336_4f9b6e2627,vest_oversample
088471f926588dc2bc909f56a81e1748294da8ff,ppe_train_image1336_4f9b6e2627,ppe_orig,oversample_vest1_oversample_vest1_oversample_vest2_ppe_train_image1336_4f9b6e2627,vest_oversample
088471f926588dc2bc909f56a81e1748294da8ff,ppe_train_image1336_4f9b6e2627,ppe_orig,oversample_vest1_oversample_vest1_ppe_train_image1336_4f9b6e2627,vest_oversample
088471f926588dc2bc909f56a81e1748294da8ff,ppe_train_image1336_4f9b6e2627,ppe_orig,oversample_vest1_oversample_vest2_oversample_vest1_ppe_train_image1336_4f9b6e2627,vest_oversample
088471f926588dc2bc909f56a81e1748294da8ff,ppe_train_image1336_4f9b6e2627,ppe_orig,oversample_vest1_oversample_vest2_oversample_vest2_ppe_train_image1336_4f9b6e2627,vest_oversample
088471f926588dc2bc909f56a81e1748294da8ff,ppe_train_image1336_4f9b6e2627,ppe_orig,oversample_vest1_oversample_vest2_ppe_train_image1336_4f9b6e2627,vest_oversample
088471f926588dc2bc909f56a81e1748294da8ff,ppe_train_image1336_4f9b6e2627,ppe_orig,oversample_vest1_ppe_train_image1336_4f9b6e2627,vest_oversample
088471f926588dc2bc909f56a81e1748294da8ff,ppe_train_image1336_4f9b6e2627,ppe_orig,oversample_vest2_oversample_vest1_oversample_vest1_ppe_train_image1336_4f9b6e2627,vest_oversample
088471f926588dc2bc909f56a81e1748294da8ff,ppe_train_image1336_4f9b6e2627,ppe_orig,oversample_vest2_oversample_vest1_oversample_vest2_ppe_train_image1336_4f9b6e2627,vest_oversample
088471f926588dc2bc909f56a81e1748294da8ff,ppe_train_image1336_4f9b6e2627,ppe_orig,oversample_vest2_oversample_vest1_ppe_train_image1336_4f9b6e2627,vest_oversample
088471f926588dc2bc909f56a81e1748294da8ff,ppe_train_image1336_4f9b6e2627,ppe_orig,oversample_vest2_oversample_vest2_oversample_vest1_ppe_train_image1336_4f9b6e2627,vest_oversample
088471f926588dc2bc909f56a81e1748294da8ff,ppe_train_image1336_4f9b6e2627,ppe_orig,oversample_vest2_oversample_vest2_oversample_vest2_ppe_train_image1336_4f9b6e2627,vest_oversample
088471f926588dc2bc909f56a81e1748294da8ff,ppe_train_image1336_4f9b6e2627,ppe_orig,oversample_vest2_oversample_vest2_ppe_train_image1336_4f9b6e2627,vest_oversample
088471f926588dc2bc909f56a81e1748294da8ff,ppe_train_image1336_4f9b6e2627,ppe_orig,oversample_vest2_ppe_train_image1336_4f9b6e2627,vest_oversample
681c1aa13d22ea8b628a7130cf3fa957382f09ee,ppe_train_image1337_fa7c653485,ppe_orig,oversample_vest1_oversample_vest1_oversample_vest1_ppe_train_image1337_fa7c653485,vest_oversample
681c1aa13d22ea8b628a7130cf3fa957382f09ee,ppe_train_image1337_fa7c653485,ppe_orig,oversample_vest1_oversample_vest1_oversample_vest2_ppe_train_image1337_fa7c653485,vest_oversample
681c1aa13d22ea8b628a7130cf3fa957382f09ee,ppe_train_image1337_fa7c653485,ppe_orig,oversample_vest1_oversample_vest1_ppe_train_image1337_fa7c653485,vest_oversample
681c1aa13d22ea8b628a7130cf3fa957382f09ee,ppe_train_image1337_fa7c653485,ppe_orig,oversample_vest1_oversample_vest2_oversample_vest1_ppe_train_image1337_fa7c653485,vest_oversample
681c1aa13d22ea8b628a7130cf3fa957382f09ee,ppe_train_image1337_fa7c653485,ppe_orig,oversample_vest1_oversample_vest2_oversample_vest2_ppe_train_image1337_fa7c653485,vest_oversample
681c1aa13d22ea8b628a7130cf3fa957382f09ee,ppe_train_image1337_fa7c653485,ppe_orig,oversample_vest1_oversample_vest2_ppe_train_image1337_fa7c653485,vest_oversample
681c1aa13d22ea8b628a7130cf3fa957382f09ee,ppe_train_image1337_fa7c653485,ppe_orig,oversample_vest1_ppe_train_image1337_fa7c653485,vest_oversample
681c1aa13d22ea8b628a7130cf3fa957382f09ee,ppe_train_image1337_fa7c653485,ppe_orig,oversample_vest2_oversample_vest1_oversample_vest1_ppe_train_image1337_fa7c653485,vest_oversample
681c1aa13d22ea8b628a7130cf3fa957382f09ee,ppe_train_image1337_fa7c653485,ppe_orig,oversample_vest2_oversample_vest1_oversample_vest2_ppe_train_image1337_fa7c653485,vest_oversample
681c1aa13d22ea8b628a7130cf3fa957382f09ee,ppe_train_image1337_fa7c653485,ppe_orig,oversample_vest2_oversample_vest1_ppe_train_image1337_fa7c653485,vest_oversample
681c1aa13d22ea8b628a7130cf3fa957382f09ee,ppe_train_image1337_fa7c653485,ppe_orig,oversample_vest2_oversample_vest2_oversample_vest1_ppe_train_image1337_fa7c653485,vest_oversample
681c1aa13d22ea8b628a7130cf3fa957382f09ee,ppe_train_image1337_fa7c653485,ppe_orig,oversample_vest2_oversample_vest2_oversample_vest2_ppe_train_image1337_fa7c653485,vest_oversample
681c1aa13d22ea8b628a7130cf3fa957382f09ee,ppe_train_image1337_fa7c653485,ppe_orig,oversample_vest2_oversample_vest2_ppe_train_image1337_fa7c653485,vest_oversample
681c1aa13d22ea8b628a7130cf3fa957382f09ee,ppe_train_image1337_fa7c653485,ppe_orig,oversample_vest2_ppe_train_image1337_fa7c653485,vest_oversample
877ec3e53bc4108bf7ebf44f07bd595e9aecf559,ppe_train_image1338_0d937270c6,ppe_orig,oversample_vest1_oversample_vest1_oversample_vest1_ppe_train_image1338_0d937270c6,vest_oversample
877ec3e53bc4108bf7ebf44f07bd595e9aecf559,ppe_train_image1338_0d937270c6,ppe_orig,oversample_vest1_oversample_vest1_oversample_vest2_ppe_train_image1338_0d937270c6,vest_oversample
877ec3e53bc4108bf7ebf44f07bd595e9aecf559,ppe_train_image1338_0d937270c6,ppe_orig,oversample_vest1_oversample_vest1_ppe_train_image1338_0d937270c6,vest_oversample
877ec3e53bc4108bf7ebf44f07bd595e9aecf559,ppe_train_image1338_0d937270c6,ppe_orig,oversample_vest1_oversample_vest2_oversample_vest1_ppe_train_image1338_0d937270c6,vest_oversample
877ec3e53bc4108bf7ebf44f07bd595e9aecf559,ppe_train_image1338_0d937270c6,ppe_orig,oversample_vest1_oversample_vest2_oversample_vest2_ppe_train_image1338_0d937270c6,vest_oversample
877ec3e53bc4108bf7ebf44f07bd595e9aecf559,ppe_train_image1338_0d937270c6,ppe_orig,oversample_vest1_oversample_vest2_ppe_train_image1338_0d937270c6,vest_oversample
877ec3e53bc4108bf7ebf44f07bd595e9aecf559,ppe_train_image1338_0d937270c6,ppe_orig,oversample_vest1_ppe_train_image1338_0d937270c6,vest_oversample
877ec3e53bc4108bf7ebf44f07bd595e9aecf559,ppe_train_image1338_0d937270c6,ppe_orig,oversample_vest2_oversample_vest1_oversample_vest1_ppe_train_image1338_0d937270c6,vest_oversample
877ec3e53bc4108bf7ebf44f07bd595e9aecf559,ppe_train_image1338_0d937270c6,ppe_orig,oversample_vest2_oversample_vest1_oversample_vest2_ppe_train_image1338_0d937270c6,vest_oversample
877ec3e53bc4108bf7ebf44f07bd595e9aecf559,ppe_train_image1338_0d937270c6,ppe_orig,oversample_vest2_oversample_vest1_ppe_train_image1338_0d937270c6,vest_oversample
877ec3e53bc4108bf7ebf44f07bd595e9aecf559,ppe_train_image1338_0d937270c6,ppe_orig,oversample_vest2_oversample_vest2_oversample_vest1_ppe_train_image1338_0d937270c6,vest_oversample
877ec3e53bc4108bf7ebf44f07bd595e9aecf559,ppe_train_image1338_0d937270c6,ppe_orig,oversample_vest2_oversample_vest2_oversample_vest2_ppe_train_image1338_0d937270c6,vest_oversample
877ec3e53bc4108bf7ebf44f07bd595e9aecf559,ppe_train_image1338_0d937270c6,ppe_orig,oversample_vest2_oversample_vest2_ppe_train_image1338_0d937270c6,vest_oversample
877ec3e53bc4108bf7ebf44f07bd595e9aecf559,ppe_train_image1338_0d937270c6,ppe_orig,oversample_vest2_ppe_train_image1338_0d937270c6,vest_oversample
b7d5ca486755d267ec90f84189e8130b97c3660e,ppe_train_image1339_b7b6dd88d5,ppe_orig,oversample_vest1_oversample_vest1_oversample_vest1_ppe_train_image1339_b7b6dd88d5,vest_oversample
b7d5ca486755d267ec90f84189e8130b97c3660e,ppe_train_image1339_b7b6dd88d5,ppe_orig,oversample_vest1_oversample_vest1_oversample_vest2_ppe_train_image1339_b7b6dd88d5,vest_oversample
b7d5ca486755d267ec90f84189e8130b97c3660e,ppe_train_image1339_b7b6dd88d5,ppe_orig,oversample_vest1_oversample_vest1_ppe_train_image1339_b7b6dd88d5,vest_oversample
b7d5ca486755d267ec90f84189e8130b97c3660e,ppe_train_image1339_b7b6dd88d5,ppe_orig,oversample_vest1_oversample_vest2_oversample_vest1_ppe_train_image1339_b7b6dd88d5,vest_oversample
b7d5ca486755d267ec90f84189e8130b97c3660e,ppe_train_image1339_b7b6dd88d5,ppe_orig,oversample_vest1_oversample_vest2_oversample_vest2_ppe_train_image1339_b7b6dd88d5,vest_oversample
b7d5ca486755d267ec90f84189e8130b97c3660e,ppe_train_image1339_b7b6dd88d5,ppe_orig,oversample_vest1_oversample_vest2_ppe_train_image1339_b7b6dd88d5,vest_oversample
b7d5ca486755d267ec90f84189e8130b97c3660e,ppe_train_image1339_b7b6dd88d5,ppe_orig,oversample_vest1_ppe_train_image1339_b7b6dd88d5,vest_oversample
b7d5ca486755d267ec90f84189e8130b97c3660e,ppe_train_image1339_b7b6dd88d5,ppe_orig,oversample_vest2_oversample_vest1_oversample_vest1_ppe_train_image1339_b7b6dd88d5,vest_oversample
b7d5ca486755d267ec90f84189e8130b97c3660e,ppe_train_image1339_b7b6dd88d5,ppe_orig,oversample_vest2_oversample_vest1_oversample_vest2_ppe_train_image1339_b7b6dd88d5,vest_oversample
b7d5ca486755d267ec90f84189e8130b97c3660e,ppe_train_image1339_b7b6dd88d5,ppe_orig,oversample_vest2_oversample_vest1_ppe_train_image1339_b7b6dd88d5,vest_oversample
b7d5ca486755d267ec90f84189e8130b97c3660e,ppe_train_image1339_b7b6dd88d5,ppe_orig,oversample_vest2_oversample_vest2_oversample_vest1_ppe_train_image1339_b7b6dd88d5,vest_oversample
b7d5ca486755d267ec90f84189e8130b97c3660e,ppe_train_image1339_b7b6dd88d5,ppe_orig,oversample_vest2_oversample_vest2_oversample_vest2_ppe_train_image1339_b7b6dd88d5,vest_oversample
b7d5ca486755d267ec90f84189e8130b97c3660e,ppe_train_image1339_b7b6dd88d5,ppe_orig,oversample_vest2_oversample_vest2_ppe_train_image1339_b7b6dd88d5,vest_oversample
b7d5ca486755d267ec90f84189e8130b97c3660e,ppe_train_image1339_b7b6dd88d5,ppe_orig,oversample_vest2_ppe_train_image1339_b7b6dd88d5,vest_oversample
8cea1f57ebfc31aa749275b88d0e9d4338a9d12a,ppe_train_image1340_ebb4454267,ppe_orig,oversample_vest1_oversample_vest1_oversample_vest1_ppe_train_image1340_ebb4454267,vest_oversample
8cea1f57ebfc31aa749275b88d0e9d4338a9d12a,ppe_train_image1340_ebb4454267,ppe_orig,oversample_vest1_oversample_vest1_oversample_vest2_ppe_train_image1340_ebb4454267,vest_oversample
8cea1f57ebfc31aa749275b88d0e9d4338a9d12a,ppe_train_image1340_ebb4454267,ppe_orig,oversample_vest1_oversample_vest1_ppe_train_image1340_ebb4454267,vest_oversample
8cea1f57ebfc31aa749275b88d0e9d4338a9d12a,ppe_train_image1340_ebb4454267,ppe_orig,oversample_vest1_oversample_vest2_oversample_vest1_ppe_train_image1340_ebb4454267,vest_oversample
8cea1f57ebfc31aa749275b88d0e9d4338a9d12a,ppe_train_image1340_ebb4454267,ppe_orig,oversample_vest1_oversample_vest2_oversample_vest2_ppe_train_image1340_ebb4454267,vest_oversample
8cea1f57ebfc31aa749275b88d0e9d4338a9d12a,ppe_train_image1340_ebb4454267,ppe_orig,oversample_vest1_oversample_vest2_ppe_train_image1340_ebb4454267,vest_oversample
8cea1f57ebfc31aa749275b88d0e9d4338a9d12a,ppe_train_image1340_ebb4454267,ppe_orig,oversample_vest1_ppe_train_image1340_ebb4454267,vest_oversample
8cea1f57ebfc31aa749275b88d0e9d4338a9d12a,ppe_train_image1340_ebb4454267,ppe_orig,oversample_vest2_oversample_vest1_oversample_vest1_ppe_train_image1340_ebb4454267,vest_oversample
8cea1f57ebfc31aa749275b88d0e9d4338a9d12a,ppe_train_image1340_ebb4454267,ppe_orig,oversample_vest2_oversample_vest1_oversample_vest2_ppe_train_image1340_ebb4454267,vest_oversample
8cea1f57ebfc31aa749275b88d0e9d4338a9d12a,ppe_train_image1340_ebb4454267,ppe_orig,oversample_vest2_oversample_vest1_ppe_train_image1340_ebb4454267,vest_oversample
8cea1f57ebfc31aa749275b88d0e9d4338a9d12a,ppe_train_image1340_ebb4454267,ppe_orig,oversample_vest2_oversample_vest2_oversample_vest1_ppe_train_image1340_ebb4454267,vest_oversample
8cea1f57ebfc31aa749275b88d0e9d4338a9d12a,ppe_train_image1340_ebb4454267,ppe_orig,oversample_vest2_oversample_vest2_oversample_vest2_ppe_train_image1340_ebb4454267,vest_oversample
8cea1f57ebfc31aa749275b88d0e9d4338a9d12a,ppe_train_image1340_ebb4454267,ppe_orig,oversample_vest2_oversample_vest2_ppe_train_image1340_ebb4454267,vest_oversample
8cea1f57ebfc31aa749275b88d0e9d4338a9d12a,ppe_train_image1340_ebb4454267,ppe_orig,oversample_vest2_ppe_train_image1340_ebb4454267,vest_oversample
6f85c37c1a2959f8f087cfe4121eb8e43c6af900,ppe_train_image1343_6f198949e6,ppe_orig,oversample_vest1_oversample_vest1_oversample_vest1_ppe_train_image1343_6f198949e6,vest_oversample
6f85c37c1a2959f8f087cfe4121eb8e43c6af900,ppe_train_image1343_6f198949e6,ppe_orig,oversample_vest1_oversample_vest1_oversample_vest2_ppe_train_image1343_6f198949e6,vest_oversample
6f85c37c1a2959f8f087cfe4121eb8e43c6af900,ppe_train_image1343_6f198949e6,ppe_orig,oversample_vest1_oversample_vest1_ppe_train_image1343_6f198949e6,vest_oversample
6f85c37c1a2959f8f087cfe4121eb8e43c6af900,ppe_train_image1343_6f198949e6,ppe_orig,oversample_vest1_oversample_vest2_oversample_vest1_ppe_train_image1343_6f198949e6,vest_oversample
6f85c37c1a2959f8f087cfe4121eb8e43c6af900,ppe_train_image1343_6f198949e6,ppe_orig,oversample_vest1_oversample_vest2_oversample_vest2_ppe_train_image1343_6f198949e6,vest_oversample
6f85c37c1a2959f8f087cfe4121eb8e43c6af900,ppe_train_image1343_6f198949e6,ppe_orig,oversample_vest1_oversample_vest2_ppe_train_image1343_6f198949e6,vest_oversample
6f85c37c1a2959f8f087cfe4121eb8e43c6af900,ppe_train_image1343_6f198949e6,ppe_orig,oversample_vest1_ppe_train_image1343_6f198949e6,vest_oversample
6f85c37c1a2959f8f087cfe4121eb8e43c6af900,ppe_train_image1343_6f198949e6,ppe_orig,oversample_vest2_oversample_vest1_oversample_vest1_ppe_train_image1343_6f198949e6,vest_oversample
6f85c37c1a2959f8f087cfe4121eb8e43c6af900,ppe_train_image1343_6f198949e6,ppe_orig,oversample_vest2_oversample_vest1_oversample_vest2_ppe_train_image1343_6f198949e6,vest_oversample
6f85c37c1a2959f8f087cfe4121eb8e43c6af900,ppe_train_image1343_6f198949e6,ppe_orig,oversample_vest2_oversample_vest1_ppe_train_image1343_6f198949e6,vest_oversample
6f85c37c1a2959f8f087cfe4121eb8e43c6af900,ppe_train_image1343_6f198949e6,ppe_orig,oversample_vest2_oversample_vest2_oversample_vest1_ppe_train_image1343_6f198949e6,vest_oversample
6f85c37c1a2959f8f087cfe4121eb8e43c6af900,ppe_train_image1343_6f198949e6,ppe_orig,oversample_vest2_oversample_vest2_oversample_vest2_ppe_train_image1343_6f198949e6,vest_oversample
6f85c37c1a2959f8f087cfe4121eb8e43c6af900,ppe_train_image1343_6f198949e6,ppe_orig,oversample_vest2_oversample_vest2_ppe_train_image1343_6f198949e6,vest_oversample
6f85c37c1a2959f8f087cfe4121eb8e43c6af900,ppe_train_image1343_6f198949e6,ppe_orig,oversample_vest2_ppe_train_image1343_6f198949e6,vest_oversample
9d584654108d8d6497e7f38e8dfdc36929ec9f4b,ppe_train_image1345_78dcc3717d,ppe_orig,oversample_vest1_oversample_vest1_oversample_vest1_ppe_train_image1345_78dcc3717d,vest_oversample
9d584654108d8d6497e7f38e8dfdc36929ec9f4b,ppe_train_image1345_78dcc3717d,ppe_orig,oversample_vest1_oversample_vest1_oversample_vest2_ppe_train_image1345_78dcc3717d,vest_oversample
9d584654108d8d6497e7f38e8dfdc36929ec9f4b,ppe_train_image1345_78dcc3717d,ppe_orig,oversample_vest1_oversample_vest1_ppe_train_image1345_78dcc3717d,vest_oversample
9d584654108d8d6497e7f38e8dfdc36929ec9f4b,ppe_train_image1345_78dcc3717d,ppe_orig,oversample_vest1_oversample_vest2_oversample_vest1_ppe_train_image1345_78dcc3717d,vest_oversample
9d584654108d8d6497e7f38e8dfdc36929ec9f4b,ppe_train_image1345_78dcc3717d,ppe_orig,oversample_vest1_oversample_vest2_oversample_vest2_ppe_train_image1345_78dcc3717d,vest_oversample
9d584654108d8d6497e7f38e8dfdc36929ec9f4b,ppe_train_image1345_78dcc3717d,ppe_orig,oversample_vest1_oversample_vest2_ppe_train_image1345_78dcc3717d,vest_oversample
9d584654108d8d6497e7f38e8dfdc36929ec9f4b,ppe_train_image1345_78dcc3717d,ppe_orig,oversample_vest1_ppe_train_image1345_78dcc3717d,vest_oversample
9d584654108d8d6497e7f38e8dfdc36929ec9f4b,ppe_train_image1345_78dcc3717d,ppe_orig,oversample_vest2_oversample_vest1_oversample_vest1_ppe_train_image1345_78dcc3717d,vest_oversample
9d584654108d8d6497e7f38e8dfdc36929ec9f4b,ppe_train_image1345_78dcc3717d,ppe_orig,oversample_vest2_oversample_vest1_oversample_vest2_ppe_train_image1345_78dcc3717d,vest_oversample
9d584654108d8d6497e7f38e8dfdc36929ec9f4b,ppe_train_image1345_78dcc3717d,ppe_orig,oversample_vest2_oversample_vest1_ppe_train_image1345_78dcc3717d,vest_oversample
9d584654108d8d6497e7f38e8dfdc36929ec9f4b,ppe_train_image1345_78dcc3717d,ppe_orig,oversample_vest2_oversample_vest2_oversample_vest1_ppe_train_image1345_78dcc3717d,vest_oversample
9d584654108d8d6497e7f38e8dfdc36929ec9f4b,ppe_train_image1345_78dcc3717d,ppe_orig,oversample_vest2_oversample_vest2_oversample_vest2_ppe_train_image1345_78dcc3717d,vest_oversample
9d584654108d8d6497e7f38e8dfdc36929ec9f4b,ppe_train_image1345_78dcc3717d,ppe_orig,oversample_vest2_oversample_vest2_ppe_train_image1345_78dcc3717d,vest_oversample
9d584654108d8d6497e7f38e8dfdc36929ec9f4b,ppe_train_image1345_78dcc3717d,ppe_orig,oversample_vest2_ppe_train_image1345_78dcc3717d,vest_oversample
f3d1afdb8ccb98a61ea2ba2971dccd071c8fe005,ppe_train_image1347_4fb6233963,ppe_orig,oversample_vest1_oversample_vest1_oversample_vest1_ppe_train_image1347_4fb6233963,vest_oversample
f3d1afdb8ccb98a61ea2ba2971dccd071c8fe005,ppe_train_image1347_4fb6233963,ppe_orig,oversample_vest1_oversample_vest1_oversample_vest2_ppe_train_image1347_4fb6233963,vest_oversample
f3d1afdb8ccb98a61ea2ba2971dccd071c8fe005,ppe_train_image1347_4fb6233963,ppe_orig,oversample_vest1_oversample_vest1_ppe_train_image1347_4fb6233963,vest_oversample
f3d1afdb8ccb98a61ea2ba2971dccd071c8fe005,ppe_train_image1347_4fb6233963,ppe_orig,oversample_vest1_oversample_vest2_oversample_vest1_ppe_train_image1347_4fb6233963,vest_oversample
f3d1afdb8ccb98a61ea2ba2971dccd071c8fe005,ppe_train_image1347_4fb6233963,ppe_orig,oversample_vest1_oversample_vest2_oversample_vest2_ppe_train_image1347_4fb6233963,vest_oversample
f3d1afdb8ccb98a61ea2ba2971dccd071c8fe005,ppe_train_image1347_4fb6233963,ppe_orig,oversample_vest1_oversample_vest2_ppe_train_image1347_4fb6233963,vest_oversample
f3d1afdb8ccb98a61ea2ba2971dccd071c8fe005,ppe_train_image1347_4fb6233963,ppe_orig,oversample_vest1_ppe_train_image1347_4fb6233963,vest_oversample
f3d1afdb8ccb98a61ea2ba2971dccd071c8fe005,ppe_train_image1347_4fb6233963,ppe_orig,oversample_vest2_oversample_vest1_oversample_vest1_ppe_train_image1347_4fb6233963,vest_oversample
f3d1afdb8ccb98a61ea2ba2971dccd071c8fe005,ppe_train_image1347_4fb6233963,ppe_orig,oversample_vest2_oversample_vest1_oversample_vest2_ppe_train_image1347_4fb6233963,vest_oversample
f3d1afdb8ccb98a61ea2ba2971dccd071c8fe005,ppe_train_image1347_4fb6233963,ppe_orig,oversample_vest2_oversample_vest1_ppe_train_image1347_4fb6233963,vest_oversample
f3d1afdb8ccb98a61ea2ba2971dccd071c8fe005,ppe_train_image1347_4fb6233963,ppe_orig,oversample_vest2_oversample_vest2_oversample_vest1_ppe_train_image1347_4fb6233963,vest_oversample
f3d1afdb8ccb98a61ea2ba2971dccd071c8fe005,ppe_train_image1347_4fb6233963,ppe_orig,oversample_vest2_oversample_vest2_oversample_vest2_ppe_train_image1347_4fb6233963,vest_oversample
f3d1afdb8ccb98a61ea2ba2971dccd071c8fe005,ppe_train_image1347_4fb6233963,ppe_orig,oversample_vest2_oversample_vest2_ppe_train_image1347_4fb6233963,vest_oversample
f3d1afdb8ccb98a61ea2ba2971dccd071c8fe005,ppe_train_image1347_4fb6233963,ppe_orig,oversample_vest2_ppe_train_image1347_4fb6233963,vest_oversample
997c5176c9d9de273796245a31c595c67c51d05b,ppe_train_image1348_206cb813c9,ppe_orig,oversample_vest1_oversample_vest1_oversample_vest1_ppe_train_image1348_206cb813c9,vest_oversample
997c5176c9d9de273796245a31c595c67c51d05b,ppe_train_image1348_206cb813c9,ppe_orig,oversample_vest1_oversample_vest1_oversample_vest2_ppe_train_image1348_206cb813c9,vest_oversample
997c5176c9d9de273796245a31c595c67c51d05b,ppe_train_image1348_206cb813c9,ppe_orig,oversample_vest1_oversample_vest1_ppe_train_image1348_206cb813c9,vest_oversample
997c5176c9d9de273796245a31c595c67c51d05b,ppe_train_image1348_206cb813c9,ppe_orig,oversample_vest1_oversample_vest2_oversample_vest1_ppe_train_image1348_206cb813c9,vest_oversample
997c5176c9d9de273796245a31c595c67c51d05b,ppe_train_image1348_206cb813c9,ppe_orig,oversample_vest1_oversample_vest2_oversample_vest2_ppe_train_image1348_206cb813c9,vest_oversample
997c5176c9d9de273796245a31c595c67c51d05b,ppe_train_image1348_206cb813c9,ppe_orig,oversample_vest1_oversample_vest2_ppe_train_image1348_206cb813c9,vest_oversample
997c5176c9d9de273796245a31c595c67c51d05b,ppe_train_image1348_206cb813c9,ppe_orig,oversample_vest1_ppe_train_image1348_206cb813c9,vest_oversample
997c5176c9d9de273796245a31c595c67c51d05b,ppe_train_image1348_206cb813c9,ppe_orig,oversample_vest2_oversample_vest1_oversample_vest1_ppe_train_image1348_206cb813c9,vest_oversample
997c5176c9d9de273796245a31c595c67c51d05b,ppe_train_image1348_206cb813c9,ppe_orig,oversample_vest2_oversample_vest1_oversample_vest2_ppe_train_image1348_206cb813c9,vest_oversample
997c5176c9d9de273796245a31c595c67c51d05b,ppe_train_image1348_206cb813c9,ppe_orig,oversample_vest2_oversample_vest1_ppe_train_image1348_206cb813c9,vest_oversample
997c5176c9d9de273796245a31c595c67c51d05b,ppe_train_image1348_206cb813c9,ppe_orig,oversample_vest2_oversample_vest2_oversample_vest1_ppe_train_image1348_206cb813c9,vest_oversample
997c5176c9d9de273796245a31c595c67c51d05b,ppe_train_image1348_206cb813c9,ppe_orig,oversample_vest2_oversample_vest2_oversample_vest2_ppe_train_image1348_206cb813c9,vest_oversample
997c5176c9d9de273796245a31c595c67c51d05b,ppe_train_image1348_206cb813c9,ppe_orig,oversample_vest2_oversample_vest2_ppe_train_image1348_206cb813c9,vest_oversample
997c5176c9d9de273796245a31c595c67c51d05b,ppe_train_image1348_206cb813c9,ppe_orig,oversample_vest2_ppe_train_image1348_206cb813c9,vest_oversample
2487970710569f5d03c100941e9dd3cf37335566,ppe_train_image1349_2e18060e65,ppe_orig,oversample_vest1_oversample_vest1_oversample_vest1_ppe_train_image1349_2e18060e65,vest_oversample
2487970710569f5d03c100941e9dd3cf37335566,ppe_train_image1349_2e18060e65,ppe_orig,oversample_vest1_oversample_vest1_oversample_vest2_ppe_train_image1349_2e18060e65,vest_oversample
2487970710569f5d03c100941e9dd3cf37335566,ppe_train_image1349_2e18060e65,ppe_orig,oversample_vest1_oversample_vest1_ppe_train_image1349_2e18060e65,vest_oversample
2487970710569f5d03c100941e9dd3cf37335566,ppe_train_image1349_2e18060e65,ppe_orig,oversample_vest1_oversample_vest2_oversample_vest1_ppe_train_image1349_2e18060e65,vest_oversample
2487970710569f5d03c100941e9dd3cf37335566,ppe_train_image1349_2e18060e65,ppe_orig,oversample_vest1_oversample_vest2_oversample_vest2_ppe_train_image1349_2e18060e65,vest_oversample
2487970710569f5d03c100941e9dd3cf37335566,ppe_train_image1349_2e18060e65,ppe_orig,oversample_vest1_oversample_vest2_ppe_train_image1349_2e18060e65,vest_oversample
2487970710569f5d03c100941e9dd3cf37335566,ppe_train_image1349_2e18060e65,ppe_orig,oversample_vest1_ppe_train_image1349_2e18060e65,vest_oversample
2487970710569f5d03c100941e9dd3cf37335566,ppe_train_image1349_2e18060e65,ppe_orig,oversample_vest2_oversample_vest1_oversample_vest1_ppe_train_image1349_2e18060e65,vest_oversample
2487970710569f5d03c100941e9dd3cf37335566,ppe_train_image1349_2e18060e65,ppe_orig,oversample_vest2_oversample_vest1_oversample_vest2_ppe_train_image1349_2e18060e65,vest_oversample
2487970710569f5d03c100941e9dd3cf37335566,ppe_train_image1349_2e18060e65,ppe_orig,oversample_vest2_oversample_vest1_ppe_train_image1349_2e18060e65,vest_oversample
2487970710569f5d03c100941e9dd3cf37335566,ppe_train_image1349_2e18060e65,ppe_orig,oversample_vest2_oversample_vest2_oversample_vest1_ppe_train_image1349_2e18060e65,vest_oversample
2487970710569f5d03c100941e9dd3cf37335566,ppe_train_image1349_2e18060e65,ppe_orig,oversample_vest2_oversample_vest2_oversample_vest2_ppe_train_image1349_2e18060e65,vest_oversample
2487970710569f5d03c100941e9dd3cf37335566,ppe_train_image1349_2e18060e65,ppe_orig,oversample_vest2_oversample_vest2_ppe_train_image1349_2e18060e65,vest_oversample
2487970710569f5d03c100941e9dd3cf37335566,ppe_train_image1349_2e18060e65,ppe_orig,oversample_vest2_ppe_train_image1349_2e18060e65,vest_oversample
2212c92a3940744771bb09bca6e59d73f3582fd4,ppe_train_image1350_598aa40bac,ppe_orig,oversample_vest1_oversample_vest1_oversample_vest1_ppe_train_image1350_598aa40bac,vest_oversample
2212c92a3940744771bb09bca6e59d73f3582fd4,ppe_train_image1350_598aa40bac,ppe_orig,oversample_vest1_oversample_vest1_oversample_vest2_ppe_train_image1350_598aa40bac,vest_oversample
2212c92a3940744771bb09bca6e59d73f3582fd4,ppe_train_image1350_598aa40bac,ppe_orig,oversample_vest1_oversample_vest1_ppe_train_image1350_598aa40bac,vest_oversample
2212c92a3940744771bb09bca6e59d73f3582fd4,ppe_train_image1350_598aa40bac,ppe_orig,oversample_vest1_oversample_vest2_oversample_vest1_ppe_train_image1350_598aa40bac,vest_oversample
2212c92a3940744771bb09bca6e59d73f3582fd4,ppe_train_image1350_598aa40bac,ppe_orig,oversample_vest1_oversample_vest2_oversample_vest2_ppe_train_image1350_598aa40bac,vest_oversample
2212c92a3940744771bb09bca6e59d73f3582fd4,ppe_train_image1350_598aa40bac,ppe_orig,oversample_vest1_oversample_vest2_ppe_train_image1350_598aa40bac,vest_oversample
2212c92a3940744771bb09bca6e59d73f3582fd4,ppe_train_image1350_598aa40bac,ppe_orig,oversample_vest1_ppe_train_image1350_598aa40bac,vest_oversample
2212c92a3940744771bb09bca6e59d73f3582fd4,ppe_train_image1350_598aa40bac,ppe_orig,oversample_vest2_oversample_vest1_oversample_vest1_ppe_train_image1350_598aa40bac,vest_oversample
2212c92a3940744771bb09bca6e59d73f3582fd4,ppe_train_image1350_598aa40bac,ppe_orig,oversample_vest2_oversample_vest1_oversample_vest2_ppe_train_image1350_598aa40bac,vest_oversample
2212c92a3940744771bb09bca6e59d73f3582fd4,ppe_train_image1350_598aa40bac,ppe_orig,oversample_vest2_oversample_vest1_ppe_train_image1350_598aa40bac,vest_oversample
2212c92a3940744771bb09bca6e59d73f3582fd4,ppe_train_image1350_598aa40bac,ppe_orig,oversample_vest2_oversample_vest2_oversample_vest1_ppe_train_image1350_598aa40bac,vest_oversample
2212c92a3940744771bb09bca6e59d73f3582fd4,ppe_train_image1350_598aa40bac,ppe_orig,oversample_vest2_oversample_vest2_oversample_vest2_ppe_train_image1350_598aa40bac,vest_oversample
2212c92a3940744771bb09bca6e59d73f3582fd4,ppe_train_image1350_598aa40bac,ppe_orig,oversample_vest2_oversample_vest2_ppe_train_image1350_598aa40bac,vest_oversample
2212c92a3940744771bb09bca6e59d73f3582fd4,ppe_train_image1350_598aa40bac,ppe_orig,oversample_vest2_ppe_train_image1350_598aa40bac,vest_oversample
79337970ff9d1b8775e45b6ee78917f936cbdfd7,ppe_train_image1351_4f39bd93ea,ppe_orig,oversample_vest1_oversample_vest1_oversample_vest1_ppe_train_image1351_4f39bd93ea,vest_oversample
79337970ff9d1b8775e45b6ee78917f936cbdfd7,ppe_train_image1351_4f39bd93ea,ppe_orig,oversample_vest1_oversample_vest1_oversample_vest2_ppe_train_image1351_4f39bd93ea,vest_oversample
79337970ff9d1b8775e45b6ee78917f936cbdfd7,ppe_train_image1351_4f39bd93ea,ppe_orig,oversample_vest1_oversample_vest1_ppe_train_image1351_4f39bd93ea,vest_oversample
79337970ff9d1b8775e45b6ee78917f936cbdfd7,ppe_train_image1351_4f39bd93ea,ppe_orig,oversample_vest1_oversample_vest2_oversample_vest1_ppe_train_image1351_4f39bd93ea,vest_oversample
79337970ff9d1b8775e45b6ee78917f936cbdfd7,ppe_train_image1351_4f39bd93ea,ppe_orig,oversample_vest1_oversample_vest2_oversample_vest2_ppe_train_image1351_4f39bd93ea,vest_oversample
79337970ff9d1b8775e45b6ee78917f936cbdfd7,ppe_train_image1351_4f39bd93ea,ppe_orig,oversample_vest1_oversample_vest2_ppe_train_image1351_4f39bd93ea,vest_oversample
79337970ff9d1b8775e45b6ee78917f936cbdfd7,ppe_train_image1351_4f39bd93ea,ppe_orig,oversample_vest1_ppe_train_image1351_4f39bd93ea,vest_oversample
79337970ff9d1b8775e45b6ee78917f936cbdfd7,ppe_train_image1351_4f39bd93ea,ppe_orig,oversample_vest2_oversample_vest1_oversample_vest1_ppe_train_image1351_4f39bd93ea,vest_oversample
79337970ff9d1b8775e45b6ee78917f936cbdfd7,ppe_train_image1351_4f39bd93ea,ppe_orig,oversample_vest2_oversample_vest1_oversample_vest2_ppe_train_image1351_4f39bd93ea,vest_oversample
79337970ff9d1b8775e45b6ee78917f936cbdfd7,ppe_train_image1351_4f39bd93ea,ppe_orig,oversample_vest2_oversample_vest1_ppe_train_image1351_4f39bd93ea,vest_oversample
79337970ff9d1b8775e45b6ee78917f936cbdfd7,ppe_train_image1351_4f39bd93ea,ppe_orig,oversample_vest2_oversample_vest2_oversample_vest1_ppe_train_image1351_4f39bd93ea,vest_oversample
79337970ff9d1b8775e45b6ee78917f936cbdfd7,ppe_train_image1351_4f39bd93ea,ppe_orig,oversample_vest2_oversample_vest2_oversample_vest2_ppe_train_image1351_4f39bd93ea,vest_oversample
79337970ff9d1b8775e45b6ee78917f936cbdfd7,ppe_train_image1351_4f39bd93ea,ppe_orig,oversample_vest2_oversample_vest2_ppe_train_image1351_4f39bd93ea,vest_oversample
79337970ff9d1b8775e45b6ee78917f936cbdfd7,ppe_train_image1351_4f39bd93ea,ppe_orig,oversample_vest2_ppe_train_image1351_4f39bd93ea,vest_oversample
b43e2c79f84e463b16abecd1d524ddcea802b4eb,ppe_train_image1352_aa563f5744,ppe_orig,oversample_vest1_oversample_vest1_oversample_vest1_ppe_train_image1352_aa563f5744,vest_oversample
b43e2c79f84e463b16abecd1d524ddcea802b4eb,ppe_train_image1352_aa563f5744,ppe_orig,oversample_vest1_oversample_vest1_oversample_vest2_ppe_train_image1352_aa563f5744,vest_oversample
b43e2c79f84e463b16abecd1d524ddcea802b4eb,ppe_train_image1352_aa563f5744,ppe_orig,oversample_vest1_oversample_vest1_ppe_train_image1352_aa563f5744,vest_oversample
b43e2c79f84e463b16abecd1d524ddcea802b4eb,ppe_train_image1352_aa563f5744,ppe_orig,oversample_vest1_oversample_vest2_oversample_vest1_ppe_train_image1352_aa563f5744,vest_oversample
b43e2c79f84e463b16abecd1d524ddcea802b4eb,ppe_train_image1352_aa563f5744,ppe_orig,oversample_vest1_oversample_vest2_oversample_vest2_ppe_train_image1352_aa563f5744,vest_oversample
b43e2c79f84e463b16abecd1d524ddcea802b4eb,ppe_train_image1352_aa563f5744,ppe_orig,oversample_vest1_oversample_vest2_ppe_train_image1352_aa563f5744,vest_oversample
b43e2c79f84e463b16abecd1d524ddcea802b4eb,ppe_train_image1352_aa563f5744,ppe_orig,oversample_vest1_ppe_train_image1352_aa563f5744,vest_oversample
b43e2c79f84e463b16abecd1d524ddcea802b4eb,ppe_train_image1352_aa563f5744,ppe_orig,oversample_vest2_oversample_vest1_oversample_vest1_ppe_train_image1352_aa563f5744,vest_oversample
b43e2c79f84e463b16abecd1d524ddcea802b4eb,ppe_train_image1352_aa563f5744,ppe_orig,oversample_vest2_oversample_vest1_oversample_vest2_ppe_train_image1352_aa563f5744,vest_oversample
b43e2c79f84e463b16abecd1d524ddcea802b4eb,ppe_train_image1352_aa563f5744,ppe_orig,oversample_vest2_oversample_vest1_ppe_train_image1352_aa563f5744,vest_oversample
b43e2c79f84e463b16abecd1d524ddcea802b4eb,ppe_train_image1352_aa563f5744,ppe_orig,oversample_vest2_oversample_vest2_oversample_vest1_ppe_train_image1352_aa563f5744,vest_oversample
b43e2c79f84e463b16abecd1d524ddcea802b4eb,ppe_train_image1352_aa563f5744,ppe_orig,oversample_vest2_oversample_vest2_oversample_vest2_ppe_train_image1352_aa563f5744,vest_oversample
b43e2c79f84e463b16abecd1d524ddcea802b4eb,ppe_train_image1352_aa563f5744,ppe_orig,oversample_vest2_oversample_vest2_ppe_train_image1352_aa563f5744,vest_oversample
b43e2c79f84e463b16abecd1d524ddcea802b4eb,ppe_train_image1352_aa563f5744,ppe_orig,oversample_vest2_ppe_train_image1352_aa563f5744,vest_oversample
f6f2f9698be74face8219d03ab2a5eabf4f8a06c,ppe_train_image1353_be2c2da907,ppe_orig,oversample_vest1_oversample_vest1_oversample_vest1_ppe_train_image1353_be2c2da907,vest_oversample
f6f2f9698be74face8219d03ab2a5eabf4f8a06c,ppe_train_image1353_be2c2da907,ppe_orig,oversample_vest1_oversample_vest1_oversample_vest2_ppe_train_image1353_be2c2da907,vest_oversample
f6f2f9698be74face8219d03ab2a5eabf4f8a06c,ppe_train_image1353_be2c2da907,ppe_orig,oversample_vest1_oversample_vest1_ppe_train_image1353_be2c2da907,vest_oversample
f6f2f9698be74face8219d03ab2a5eabf4f8a06c,ppe_train_image1353_be2c2da907,ppe_orig,oversample_vest1_oversample_vest2_oversample_vest1_ppe_train_image1353_be2c2da907,vest_oversample
f6f2f9698be74face8219d03ab2a5eabf4f8a06c,ppe_train_image1353_be2c2da907,ppe_orig,oversample_vest1_oversample_vest2_oversample_vest2_ppe_train_image1353_be2c2da907,vest_oversample
f6f2f9698be74face8219d03ab2a5eabf4f8a06c,ppe_train_image1353_be2c2da907,ppe_orig,oversample_vest1_oversample_vest2_ppe_train_image1353_be2c2da907,vest_oversample
f6f2f9698be74face8219d03ab2a5eabf4f8a06c,ppe_train_image1353_be2c2da907,ppe_orig,oversample_vest1_ppe_train_image1353_be2c2da907,vest_oversample
f6f2f9698be74face8219d03ab2a5eabf4f8a06c,ppe_train_image1353_be2c2da907,ppe_orig,oversample_vest2_oversample_vest1_oversample_vest1_ppe_train_image1353_be2c2da907,vest_oversample
f6f2f9698be74face8219d03ab2a5eabf4f8a06c,ppe_train_image1353_be2c2da907,ppe_orig,oversample_vest2_oversample_vest1_oversample_vest2_ppe_train_image1353_be2c2da907,vest_oversample
f6f2f9698be74face8219d03ab2a5eabf4f8a06c,ppe_train_image1353_be2c2da907,ppe_orig,oversample_vest2_oversample_vest1_ppe_train_image1353_be2c2da907,vest_oversample
f6f2f9698be74face8219d03ab2a5eabf4f8a06c,ppe_train_image1353_be2c2da907,ppe_orig,oversample_vest2_oversample_vest2_oversample_vest1_ppe_train_image1353_be2c2da907,vest_oversample
f6f2f9698be74face8219d03ab2a5eabf4f8a06c,ppe_train_image1353_be2c2da907,ppe_orig,oversample_vest2_oversample_vest2_oversample_vest2_ppe_train_image1353_be2c2da907,vest_oversample
f6f2f9698be74face8219d03ab2a5eabf4f8a06c,ppe_train_image1353_be2c2da907,ppe_orig,oversample_vest2_oversample_vest2_ppe_train_image1353_be2c2da907,vest_oversample
f6f2f9698be74face8219d03ab2a5eabf4f8a06c,ppe_train_image1353_be2c2da907,ppe_orig,oversample_vest2_ppe_train_image1353_be2c2da907,vest_oversample
e189af088def8f1d1435ff6fc34e91646823411a,ppe_train_image1355_a43e22ee30,ppe_orig,oversample_vest1_oversample_vest1_oversample_vest1_ppe_train_image1355_a43e22ee30,vest_oversample
e189af088def8f1d1435ff6fc34e91646823411a,ppe_train_image1355_a43e22ee30,ppe_orig,oversample_vest1_oversample_vest1_oversample_vest2_ppe_train_image1355_a43e22ee30,vest_oversample
e189af088def8f1d1435ff6fc34e91646823411a,ppe_train_image1355_a43e22ee30,ppe_orig,oversample_vest1_oversample_vest1_ppe_train_image1355_a43e22ee30,vest_oversample
e189af088def8f1d1435ff6fc34e91646823411a,ppe_train_image1355_a43e22ee30,ppe_orig,oversample_vest1_oversample_vest2_oversample_vest1_ppe_train_image1355_a43e22ee30,vest_oversample
e189af088def8f1d1435ff6fc34e91646823411a,ppe_train_image1355_a43e22ee30,ppe_orig,oversample_vest1_oversample_vest2_oversample_vest2_ppe_train_image1355_a43e22ee30,vest_oversample
e189af088def8f1d1435ff6fc34e91646823411a,ppe_train_image1355_a43e22ee30,ppe_orig,oversample_vest1_oversample_vest2_ppe_train_image1355_a43e22ee30,vest_oversample
e189af088def8f1d1435ff6fc34e91646823411a,ppe_train_image1355_a43e22ee30,ppe_orig,oversample_vest1_ppe_train_image1355_a43e22ee30,vest_oversample
e189af088def8f1d1435ff6fc34e91646823411a,ppe_train_image1355_a43e22ee30,ppe_orig,oversample_vest2_oversample_vest1_oversample_vest1_ppe_train_image1355_a43e22ee30,vest_oversample
e189af088def8f1d1435ff6fc34e91646823411a,ppe_train_image1355_a43e22ee30,ppe_orig,oversample_vest2_oversample_vest1_oversample_vest2_ppe_train_image1355_a43e22ee30,vest_oversample
e189af088def8f1d1435ff6fc34e91646823411a,ppe_train_image1355_a43e22ee30,ppe_orig,oversample_vest2_oversample_vest1_ppe_train_image1355_a43e22ee30,vest_oversample
e189af088def8f1d1435ff6fc34e91646823411a,ppe_train_image1355_a43e22ee30,ppe_orig,oversample_vest2_oversample_vest2_oversample_vest1_ppe_train_image1355_a43e22ee30,vest_oversample
e189af088def8f1d1435ff6fc34e91646823411a,ppe_train_image1355_a43e22ee30,ppe_orig,oversample_vest2_oversample_vest2_oversample_vest2_ppe_train_image1355_a43e22ee30,vest_oversample
e189af088def8f1d1435ff6fc34e91646823411a,ppe_train_image1355_a43e22ee30,ppe_orig,oversample_vest2_oversample_vest2_ppe_train_image1355_a43e22ee30,vest_oversample
e189af088def8f1d1435ff6fc34e91646823411a,ppe_train_image1355_a43e22ee30,ppe_orig,oversample_vest2_ppe_train_image1355_a43e22ee30,vest_oversample
d863479f33a31a45869a32c8148c01c57f0eb0bb,ppe_train_image1356_67322f46d6,ppe_orig,oversample_vest1_oversample_vest1_oversample_vest1_ppe_train_image1356_67322f46d6,vest_oversample
d863479f33a31a45869a32c8148c01c57f0eb0bb,ppe_train_image1356_67322f46d6,ppe_orig,oversample_vest1_oversample_vest1_oversample_vest2_ppe_train_image1356_67322f46d6,vest_oversample
d863479f33a31a45869a32c8148c01c57f0eb0bb,ppe_train_image1356_67322f46d6,ppe_orig,oversample_vest1_oversample_vest1_ppe_train_image1356_67322f46d6,vest_oversample
d863479f33a31a45869a32c8148c01c57f0eb0bb,ppe_train_image1356_67322f46d6,ppe_orig,oversample_vest1_oversample_vest2_oversample_vest1_ppe_train_image1356_67322f46d6,vest_oversample
d863479f33a31a45869a32c8148c01c57f0eb0bb,ppe_train_image1356_67322f46d6,ppe_orig,oversample_vest1_oversample_vest2_oversample_vest2_ppe_train_image1356_67322f46d6,vest_oversample
d863479f33a31a45869a32c8148c01c57f0eb0bb,ppe_train_image1356_67322f46d6,ppe_orig,oversample_vest1_oversample_vest2_ppe_train_image1356_67322f46d6,vest_oversample
d863479f33a31a45869a32c8148c01c57f0eb0bb,ppe_train_image1356_67322f46d6,ppe_orig,oversample_vest1_ppe_train_image1356_67322f46d6,vest_oversample
d863479f33a31a45869a32c8148c01c57f0eb0bb,ppe_train_image1356_67322f46d6,ppe_orig,oversample_vest2_oversample_vest1_oversample_vest1_ppe_train_image1356_67322f46d6,vest_oversample
d863479f33a31a45869a32c8148c01c57f0eb0bb,ppe_train_image1356_67322f46d6,ppe_orig,oversample_vest2_oversample_vest1_oversample_vest2_ppe_train_image1356_67322f46d6,vest_oversample
d863479f33a31a45869a32c8148c01c57f0eb0bb,ppe_train_image1356_67322f46d6,ppe_orig,oversample_vest2_oversample_vest1_ppe_train_image1356_67322f46d6,vest_oversample
d863479f33a31a45869a32c8148c01c57f0eb0bb,ppe_train_image1356_67322f46d6,ppe_orig,oversample_vest2_oversample_vest2_oversample_vest1_ppe_train_image1356_67322f46d6,vest_oversample
d863479f33a31a45869a32c8148c01c57f0eb0bb,ppe_train_image1356_67322f46d6,ppe_orig,oversample_vest2_oversample_vest2_oversample_vest2_ppe_train_image1356_67322f46d6,vest_oversample
d863479f33a31a45869a32c8148c01c57f0eb0bb,ppe_train_image1356_67322f46d6,ppe_orig,oversample_vest2_oversample_vest2_ppe_train_image1356_67322f46d6,vest_oversample
d863479f33a31a45869a32c8148c01c57f0eb0bb,ppe_train_image1356_67322f46d6,ppe_orig,oversample_vest2_ppe_train_image1356_67322f46d6,vest_oversample
85d063e819dc31944c1e537ad1b468ef535133a3,ppe_train_image1359_e55f62c7c9,ppe_orig,oversample_vest1_oversample_vest1_oversample_vest1_ppe_train_image1359_e55f62c7c9,vest_oversample
85d063e819dc31944c1e537ad1b468ef535133a3,ppe_train_image1359_e55f62c7c9,ppe_orig,oversample_vest1_oversample_vest1_oversample_vest2_ppe_train_image1359_e55f62c7c9,vest_oversample
85d063e819dc31944c1e537ad1b468ef535133a3,ppe_train_image1359_e55f62c7c9,ppe_orig,oversample_vest1_oversample_vest1_ppe_train_image1359_e55f62c7c9,vest_oversample
85d063e819dc31944c1e537ad1b468ef535133a3,ppe_train_image1359_e55f62c7c9,ppe_orig,oversample_vest1_oversample_vest2_oversample_vest1_ppe_train_image1359_e55f62c7c9,vest_oversample
85d063e819dc31944c1e537ad1b468ef535133a3,ppe_train_image1359_e55f62c7c9,ppe_orig,oversample_vest1_oversample_vest2_oversample_vest2_ppe_train_image1359_e55f62c7c9,vest_oversample
85d063e819dc31944c1e537ad1b468ef535133a3,ppe_train_image1359_e55f62c7c9,ppe_orig,oversample_vest1_oversample_vest2_ppe_train_image1359_e55f62c7c9,vest_oversample
85d063e819dc31944c1e537ad1b468ef535133a3,ppe_train_image1359_e55f62c7c9,ppe_orig,oversample_vest1_ppe_train_image1359_e55f62c7c9,vest_oversample
85d063e819dc31944c1e537ad1b468ef535133a3,ppe_train_image1359_e55f62c7c9,ppe_orig,oversample_vest2_oversample_vest1_oversample_vest1_ppe_train_image1359_e55f62c7c9,vest_oversample
85d063e819dc31944c1e537ad1b468ef535133a3,ppe_train_image1359_e55f62c7c9,ppe_orig,oversample_vest2_oversample_vest1_oversample_vest2_ppe_train_image1359_e55f62c7c9,vest_oversample
85d063e819dc31944c1e537ad1b468ef535133a3,ppe_train_image1359_e55f62c7c9,ppe_orig,oversample_vest2_oversample_vest1_ppe_train_image1359_e55f62c7c9,vest_oversample
85d063e819dc31944c1e537ad1b468ef535133a3,ppe_train_image1359_e55f62c7c9,ppe_orig,oversample_vest2_oversample_vest2_oversample_vest1_ppe_train_image1359_e55f62c7c9,vest_oversample
85d063e819dc31944c1e537ad1b468ef535133a3,ppe_train_image1359_e55f62c7c9,ppe_orig,oversample_vest2_oversample_vest2_oversample_vest2_ppe_train_image1359_e55f62c7c9,vest_oversample
85d063e819dc31944c1e537ad1b468ef535133a3,ppe_train_image1359_e55f62c7c9,ppe_orig,oversample_vest2_oversample_vest2_ppe_train_image1359_e55f62c7c9,vest_oversample
85d063e819dc31944c1e537ad1b468ef535133a3,ppe_train_image1359_e55f62c7c9,ppe_orig,oversample_vest2_ppe_train_image1359_e55f62c7c9,vest_oversample
1f3fe987abe65a505f06a694772c324613e1ee81,ppe_train_image1360_b0516f264c,ppe_orig,oversample_vest1_oversample_vest1_oversample_vest1_ppe_train_image1360_b0516f264c,vest_oversample
1f3fe987abe65a505f06a694772c324613e1ee81,ppe_train_image1360_b0516f264c,ppe_orig,oversample_vest1_oversample_vest1_oversample_vest2_ppe_train_image1360_b0516f264c,vest_oversample
1f3fe987abe65a505f06a694772c324613e1ee81,ppe_train_image1360_b0516f264c,ppe_orig,oversample_vest1_oversample_vest1_ppe_train_image1360_b0516f264c,vest_oversample
1f3fe987abe65a505f06a694772c324613e1ee81,ppe_train_image1360_b0516f264c,ppe_orig,oversample_vest1_oversample_vest2_oversample_vest1_ppe_train_image1360_b0516f264c,vest_oversample
1f3fe987abe65a505f06a694772c324613e1ee81,ppe_train_image1360_b0516f264c,ppe_orig,oversample_vest1_oversample_vest2_oversample_vest2_ppe_train_image1360_b0516f264c,vest_oversample
1f3fe987abe65a505f06a694772c324613e1ee81,ppe_train_image1360_b0516f264c,ppe_orig,oversample_vest1_oversample_vest2_ppe_train_image1360_b0516f264c,vest_oversample
1f3fe987abe65a505f06a694772c324613e1ee81,ppe_train_image1360_b0516f264c,ppe_orig,oversample_vest1_ppe_train_image1360_b0516f264c,vest_oversample
1f3fe987abe65a505f06a694772c324613e1ee81,ppe_train_image1360_b0516f264c,ppe_orig,oversample_vest2_oversample_vest1_oversample_vest1_ppe_train_image1360_b0516f264c,vest_oversample
1f3fe987abe65a505f06a694772c324613e1ee81,ppe_train_image1360_b0516f264c,ppe_orig,oversample_vest2_oversample_vest1_oversample_vest2_ppe_train_image1360_b0516f264c,vest_oversample
1f3fe987abe65a505f06a694772c324613e1ee81,ppe_train_image1360_b0516f264c,ppe_orig,oversample_vest2_oversample_vest1_ppe_train_image1360_b0516f264c,vest_oversample
1f3fe987abe65a505f06a694772c324613e1ee81,ppe_train_image1360_b0516f264c,ppe_orig,oversample_vest2_oversample_vest2_oversample_vest1_ppe_train_image1360_b0516f264c,vest_oversample
1f3fe987abe65a505f06a694772c324613e1ee81,ppe_train_image1360_b0516f264c,ppe_orig,oversample_vest2_oversample_vest2_oversample_vest2_ppe_train_image1360_b0516f264c,vest_oversample
1f3fe987abe65a505f06a694772c324613e1ee81,ppe_train_image1360_b0516f264c,ppe_orig,oversample_vest2_oversample_vest2_ppe_train_image1360_b0516f264c,vest_oversample
1f3fe987abe65a505f06a694772c324613e1ee81,ppe_train_image1360_b0516f264c,ppe_orig,oversample_vest2_ppe_train_image1360_b0516f264c,vest_oversample
4e0009192adb23998cddd37ad48774d0bbcc7ca5,ppe_train_image1361_cc85539fd8,ppe_orig,oversample_vest1_oversample_vest1_oversample_vest1_ppe_train_image1361_cc85539fd8,vest_oversample
4e0009192adb23998cddd37ad48774d0bbcc7ca5,ppe_train_image1361_cc85539fd8,ppe_orig,oversample_vest1_oversample_vest1_oversample_vest2_ppe_train_image1361_cc85539fd8,vest_oversample
4e0009192adb23998cddd37ad48774d0bbcc7ca5,ppe_train_image1361_cc85539fd8,ppe_orig,oversample_vest1_oversample_vest1_ppe_train_image1361_cc85539fd8,vest_oversample
4e0009192adb23998cddd37ad48774d0bbcc7ca5,ppe_train_image1361_cc85539fd8,ppe_orig,oversample_vest1_oversample_vest2_oversample_vest1_ppe_train_image1361_cc85539fd8,vest_oversample
4e0009192adb23998cddd37ad48774d0bbcc7ca5,ppe_train_image1361_cc85539fd8,ppe_orig,oversample_vest1_oversample_vest2_oversample_vest2_ppe_train_image1361_cc85539fd8,vest_oversample
4e0009192adb23998cddd37ad48774d0bbcc7ca5,ppe_train_image1361_cc85539fd8,ppe_orig,oversample_vest1_oversample_vest2_ppe_train_image1361_cc85539fd8,vest_oversample
4e0009192adb23998cddd37ad48774d0bbcc7ca5,ppe_train_image1361_cc85539fd8,ppe_orig,oversample_vest1_ppe_train_image1361_cc85539fd8,vest_oversample
4e0009192adb23998cddd37ad48774d0bbcc7ca5,ppe_train_image1361_cc85539fd8,ppe_orig,oversample_vest2_oversample_vest1_oversample_vest1_ppe_train_image1361_cc85539fd8,vest_oversample
4e0009192adb23998cddd37ad48774d0bbcc7ca5,ppe_train_image1361_cc85539fd8,ppe_orig,oversample_vest2_oversample_vest1_oversample_vest2_ppe_train_image1361_cc85539fd8,vest_oversample
4e0009192adb23998cddd37ad48774d0bbcc7ca5,ppe_train_image1361_cc85539fd8,ppe_orig,oversample_vest2_oversample_vest1_ppe_train_image1361_cc85539fd8,vest_oversample
4e0009192adb23998cddd37ad48774d0bbcc7ca5,ppe_train_image1361_cc85539fd8,ppe_orig,oversample_vest2_oversample_vest2_oversample_vest1_ppe_train_image1361_cc85539fd8,vest_oversample
4e0009192adb23998cddd37ad48774d0bbcc7ca5,ppe_train_image1361_cc85539fd8,ppe_orig,oversample_vest2_oversample_vest2_oversample_vest2_ppe_train_image1361_cc85539fd8,vest_oversample
4e0009192adb23998cddd37ad48774d0bbcc7ca5,ppe_train_image1361_cc85539fd8,ppe_orig,oversample_vest2_oversample_vest2_ppe_train_image1361_cc85539fd8,vest_oversample
4e0009192adb23998cddd37ad48774d0bbcc7ca5,ppe_train_image1361_cc85539fd8,ppe_orig,oversample_vest2_ppe_train_image1361_cc85539fd8,vest_oversample
7109bbe1bd2fd36d73bfa87db88e8b75613cee67,ppe_train_image1362_e856573935,ppe_orig,oversample_vest1_oversample_vest1_oversample_vest1_ppe_train_image1362_e856573935,vest_oversample
7109bbe1bd2fd36d73bfa87db88e8b75613cee67,ppe_train_image1362_e856573935,ppe_orig,oversample_vest1_oversample_vest1_oversample_vest2_ppe_train_image1362_e856573935,vest_oversample
7109bbe1bd2fd36d73bfa87db88e8b75613cee67,ppe_train_image1362_e856573935,ppe_orig,oversample_vest1_oversample_vest1_ppe_train_image1362_e856573935,vest_oversample
7109bbe1bd2fd36d73bfa87db88e8b75613cee67,ppe_train_image1362_e856573935,ppe_orig,oversample_vest1_oversample_vest2_oversample_vest1_ppe_train_image1362_e856573935,vest_oversample
7109bbe1bd2fd36d73bfa87db88e8b75613cee67,ppe_train_image1362_e856573935,ppe_orig,oversample_vest1_oversample_vest2_oversample_vest2_ppe_train_image1362_e856573935,vest_oversample
7109bbe1bd2fd36d73bfa87db88e8b75613cee67,ppe_train_image1362_e856573935,ppe_orig,oversample_vest1_oversample_vest2_ppe_train_image1362_e856573935,vest_oversample
7109bbe1bd2fd36d73bfa87db88e8b75613cee67,ppe_train_image1362_e856573935,ppe_orig,oversample_vest1_ppe_train_image1362_e856573935,vest_oversample
7109bbe1bd2fd36d73bfa87db88e8b75613cee67,ppe_train_image1362_e856573935,ppe_orig,oversample_vest2_oversample_vest1_oversample_vest1_ppe_train_image1362_e856573935,vest_oversample
7109bbe1bd2fd36d73bfa87db88e8b75613cee67,ppe_train_image1362_e856573935,ppe_orig,oversample_vest2_oversample_vest1_oversample_vest2_ppe_train_image1362_e856573935,vest_oversample
7109bbe1bd2fd36d73bfa87db88e8b75613cee67,ppe_train_image1362_e856573935,ppe_orig,oversample_vest2_oversample_vest1_ppe_train_image1362_e856573935,vest_oversample
7109bbe1bd2fd36d73bfa87db88e8b75613cee67,ppe_train_image1362_e856573935,ppe_orig,oversample_vest2_oversample_vest2_oversample_vest1_ppe_train_image1362_e856573935,vest_oversample
7109bbe1bd2fd36d73bfa87db88e8b75613cee67,ppe_train_image1362_e856573935,ppe_orig,oversample_vest2_oversample_vest2_oversample_vest2_ppe_train_image1362_e856573935,vest_oversample
7109bbe1bd2fd36d73bfa87db88e8b75613cee67,ppe_train_image1362_e856573935,ppe_orig,oversample_vest2_oversample_vest2_ppe_train_image1362_e856573935,vest_oversample
7109bbe1bd2fd36d73bfa87db88e8b75613cee67,ppe_train_image1362_e856573935,ppe_orig,oversample_vest2_ppe_train_image1362_e856573935,vest_oversample
442c330437937314c76a920220a9fd9d0fe2e50c,ppe_train_image1363_c134ac056c,ppe_orig,oversample_vest1_oversample_vest1_oversample_vest1_ppe_train_image1363_c134ac056c,vest_oversample
442c330437937314c76a920220a9fd9d0fe2e50c,ppe_train_image1363_c134ac056c,ppe_orig,oversample_vest1_oversample_vest1_oversample_vest2_ppe_train_image1363_c134ac056c,vest_oversample
442c330437937314c76a920220a9fd9d0fe2e50c,ppe_train_image1363_c134ac056c,ppe_orig,oversample_vest1_oversample_vest1_ppe_train_image1363_c134ac056c,vest_oversample
442c330437937314c76a920220a9fd9d0fe2e50c,ppe_train_image1363_c134ac056c,ppe_orig,oversample_vest1_oversample_vest2_oversample_vest1_ppe_train_image1363_c134ac056c,vest_oversample
442c330437937314c76a920220a9fd9d0fe2e50c,ppe_train_image1363_c134ac056c,ppe_orig,oversample_vest1_oversample_vest2_oversample_vest2_ppe_train_image1363_c134ac056c,vest_oversample
442c330437937314c76a920220a9fd9d0fe2e50c,ppe_train_image1363_c134ac056c,ppe_orig,oversample_vest1_oversample_vest2_ppe_train_image1363_c134ac056c,vest_oversample
442c330437937314c76a920220a9fd9d0fe2e50c,ppe_train_image1363_c134ac056c,ppe_orig,oversample_vest1_ppe_train_image1363_c134ac056c,vest_oversample
442c330437937314c76a920220a9fd9d0fe2e50c,ppe_train_image1363_c134ac056c,ppe_orig,oversample_vest2_oversample_vest1_oversample_vest1_ppe_train_image1363_c134ac056c,vest_oversample
442c330437937314c76a920220a9fd9d0fe2e50c,ppe_train_image1363_c134ac056c,ppe_orig,oversample_vest2_oversample_vest1_oversample_vest2_ppe_train_image1363_c134ac056c,vest_oversample
442c330437937314c76a920220a9fd9d0fe2e50c,ppe_train_image1363_c134ac056c,ppe_orig,oversample_vest2_oversample_vest1_ppe_train_image1363_c134ac056c,vest_oversample
442c330437937314c76a920220a9fd9d0fe2e50c,ppe_train_image1363_c134ac056c,ppe_orig,oversample_vest2_oversample_vest2_oversample_vest1_ppe_train_image1363_c134ac056c,vest_oversample
442c330437937314c76a920220a9fd9d0fe2e50c,ppe_train_image1363_c134ac056c,ppe_orig,oversample_vest2_oversample_vest2_oversample_vest2_ppe_train_image1363_c134ac056c,vest_oversample
442c330437937314c76a920220a9fd9d0fe2e50c,ppe_train_image1363_c134ac056c,ppe_orig,oversample_vest2_oversample_vest2_ppe_train_image1363_c134ac056c,vest_oversample
442c330437937314c76a920220a9fd9d0fe2e50c,ppe_train_image1363_c134ac056c,ppe_orig,oversample_vest2_ppe_train_image1363_c134ac056c,vest_oversample
40085ce6bcdcc4cfe7baef41fee98d349f09a713,ppe_train_image1364_7810c369c3,ppe_orig,oversample_vest1_oversample_vest1_oversample_vest1_ppe_train_image1364_7810c369c3,vest_oversample
40085ce6bcdcc4cfe7baef41fee98d349f09a713,ppe_train_image1364_7810c369c3,ppe_orig,oversample_vest1_oversample_vest1_oversample_vest2_ppe_train_image1364_7810c369c3,vest_oversample
40085ce6bcdcc4cfe7baef41fee98d349f09a713,ppe_train_image1364_7810c369c3,ppe_orig,oversample_vest1_oversample_vest1_ppe_train_image1364_7810c369c3,vest_oversample
40085ce6bcdcc4cfe7baef41fee98d349f09a713,ppe_train_image1364_7810c369c3,ppe_orig,oversample_vest1_oversample_vest2_oversample_vest1_ppe_train_image1364_7810c369c3,vest_oversample
40085ce6bcdcc4cfe7baef41fee98d349f09a713,ppe_train_image1364_7810c369c3,ppe_orig,oversample_vest1_oversample_vest2_oversample_vest2_ppe_train_image1364_7810c369c3,vest_oversample
40085ce6bcdcc4cfe7baef41fee98d349f09a713,ppe_train_image1364_7810c369c3,ppe_orig,oversample_vest1_oversample_vest2_ppe_train_image1364_7810c369c3,vest_oversample
40085ce6bcdcc4cfe7baef41fee98d349f09a713,ppe_train_image1364_7810c369c3,ppe_orig,oversample_vest1_ppe_train_image1364_7810c369c3,vest_oversample
40085ce6bcdcc4cfe7baef41fee98d349f09a713,ppe_train_image1364_7810c369c3,ppe_orig,oversample_vest2_oversample_vest1_oversample_vest1_ppe_train_image1364_7810c369c3,vest_oversample
40085ce6bcdcc4cfe7baef41fee98d349f09a713,ppe_train_image1364_7810c369c3,ppe_orig,oversample_vest2_oversample_vest1_oversample_vest2_ppe_train_image1364_7810c369c3,vest_oversample
40085ce6bcdcc4cfe7baef41fee98d349f09a713,ppe_train_image1364_7810c369c3,ppe_orig,oversample_vest2_oversample_vest1_ppe_train_image1364_7810c369c3,vest_oversample
40085ce6bcdcc4cfe7baef41fee98d349f09a713,ppe_train_image1364_7810c369c3,ppe_orig,oversample_vest2_oversample_vest2_oversample_vest1_ppe_train_image1364_7810c369c3,vest_oversample
40085ce6bcdcc4cfe7baef41fee98d349f09a713,ppe_train_image1364_7810c369c3,ppe_orig,oversample_vest2_oversample_vest2_oversample_vest2_ppe_train_image1364_7810c369c3,vest_oversample
40085ce6bcdcc4cfe7baef41fee98d349f09a713,ppe_train_image1364_7810c369c3,ppe_orig,oversample_vest2_oversample_vest2_ppe_train_image1364_7810c369c3,vest_oversample
40085ce6bcdcc4cfe7baef41fee98d349f09a713,ppe_train_image1364_7810c369c3,ppe_orig,oversample_vest2_ppe_train_image1364_7810c369c3,vest_oversample
513110395cfcef0888e68c45ad610f58f04b19f3,ppe_train_image1365_4b713bbab8,ppe_orig,oversample_vest1_oversample_vest1_oversample_vest1_ppe_train_image1365_4b713bbab8,vest_oversample
513110395cfcef0888e68c45ad610f58f04b19f3,ppe_train_image1365_4b713bbab8,ppe_orig,oversample_vest1_oversample_vest1_oversample_vest2_ppe_train_image1365_4b713bbab8,vest_oversample
513110395cfcef0888e68c45ad610f58f04b19f3,ppe_train_image1365_4b713bbab8,ppe_orig,oversample_vest1_oversample_vest1_ppe_train_image1365_4b713bbab8,vest_oversample
513110395cfcef0888e68c45ad610f58f04b19f3,ppe_train_image1365_4b713bbab8,ppe_orig,oversample_vest1_oversample_vest2_oversample_vest1_ppe_train_image1365_4b713bbab8,vest_oversample
513110395cfcef0888e68c45ad610f58f04b19f3,ppe_train_image1365_4b713bbab8,ppe_orig,oversample_vest1_oversample_vest2_oversample_vest2_ppe_train_image1365_4b713bbab8,vest_oversample
513110395cfcef0888e68c45ad610f58f04b19f3,ppe_train_image1365_4b713bbab8,ppe_orig,oversample_vest1_oversample_vest2_ppe_train_image1365_4b713bbab8,vest_oversample
513110395cfcef0888e68c45ad610f58f04b19f3,ppe_train_image1365_4b713bbab8,ppe_orig,oversample_vest1_ppe_train_image1365_4b713bbab8,vest_oversample
513110395cfcef0888e68c45ad610f58f04b19f3,ppe_train_image1365_4b713bbab8,ppe_orig,oversample_vest2_oversample_vest1_oversample_vest1_ppe_train_image1365_4b713bbab8,vest_oversample
513110395cfcef0888e68c45ad610f58f04b19f3,ppe_train_image1365_4b713bbab8,ppe_orig,oversample_vest2_oversample_vest1_oversample_vest2_ppe_train_image1365_4b713bbab8,vest_oversample
513110395cfcef0888e68c45ad610f58f04b19f3,ppe_train_image1365_4b713bbab8,ppe_orig,oversample_vest2_oversample_vest1_ppe_train_image1365_4b713bbab8,vest_oversample
513110395cfcef0888e68c45ad610f58f04b19f3,ppe_train_image1365_4b713bbab8,ppe_orig,oversample_vest2_oversample_vest2_oversample_vest1_ppe_train_image1365_4b713bbab8,vest_oversample
513110395cfcef0888e68c45ad610f58f04b19f3,ppe_train_image1365_4b713bbab8,ppe_orig,oversample_vest2_oversample_vest2_oversample_vest2_ppe_train_image1365_4b713bbab8,vest_oversample
513110395cfcef0888e68c45ad610f58f04b19f3,ppe_train_image1365_4b713bbab8,ppe_orig,oversample_vest2_oversample_vest2_ppe_train_image1365_4b713bbab8,vest_oversample
513110395cfcef0888e68c45ad610f58f04b19f3,ppe_train_image1365_4b713bbab8,ppe_orig,oversample_vest2_ppe_train_image1365_4b713bbab8,vest_oversample
0b0ba3f2721f5ef855cc7a9662a54dc6957fd897,ppe_train_image1366_fe4c1a056f,ppe_orig,oversample_vest1_oversample_vest1_oversample_vest1_ppe_train_image1366_fe4c1a056f,vest_oversample
0b0ba3f2721f5ef855cc7a9662a54dc6957fd897,ppe_train_image1366_fe4c1a056f,ppe_orig,oversample_vest1_oversample_vest1_oversample_vest2_ppe_train_image1366_fe4c1a056f,vest_oversample
0b0ba3f2721f5ef855cc7a9662a54dc6957fd897,ppe_train_image1366_fe4c1a056f,ppe_orig,oversample_vest1_oversample_vest1_ppe_train_image1366_fe4c1a056f,vest_oversample
0b0ba3f2721f5ef855cc7a9662a54dc6957fd897,ppe_train_image1366_fe4c1a056f,ppe_orig,oversample_vest1_oversample_vest2_oversample_vest1_ppe_train_image1366_fe4c1a056f,vest_oversample
0b0ba3f2721f5ef855cc7a9662a54dc6957fd897,ppe_train_image1366_fe4c1a056f,ppe_orig,oversample_vest1_oversample_vest2_oversample_vest2_ppe_train_image1366_fe4c1a056f,vest_oversample
0b0ba3f2721f5ef855cc7a9662a54dc6957fd897,ppe_train_image1366_fe4c1a056f,ppe_orig,oversample_vest1_oversample_vest2_ppe_train_image1366_fe4c1a056f,vest_oversample
0b0ba3f2721f5ef855cc7a9662a54dc6957fd897,ppe_train_image1366_fe4c1a056f,ppe_orig,oversample_vest1_ppe_train_image1366_fe4c1a056f,vest_oversample
0b0ba3f2721f5ef855cc7a9662a54dc6957fd897,ppe_train_image1366_fe4c1a056f,ppe_orig,oversample_vest2_oversample_vest1_oversample_vest1_ppe_train_image1366_fe4c1a056f,vest_oversample
0b0ba3f2721f5ef855cc7a9662a54dc6957fd897,ppe_train_image1366_fe4c1a056f,ppe_orig,oversample_vest2_oversample_vest1_oversample_vest2_ppe_train_image1366_fe4c1a056f,vest_oversample
0b0ba3f2721f5ef855cc7a9662a54dc6957fd897,ppe_train_image1366_fe4c1a056f,ppe_orig,oversample_vest2_oversample_vest1_ppe_train_image1366_fe4c1a056f,vest_oversample
0b0ba3f2721f5ef855cc7a9662a54dc6957fd897,ppe_train_image1366_fe4c1a056f,ppe_orig,oversample_vest2_oversample_vest2_oversample_vest1_ppe_train_image1366_fe4c1a056f,vest_oversample
0b0ba3f2721f5ef855cc7a9662a54dc6957fd897,ppe_train_image1366_fe4c1a056f,ppe_orig,oversample_vest2_oversample_vest2_oversample_vest2_ppe_train_image1366_fe4c1a056f,vest_oversample
0b0ba3f2721f5ef855cc7a9662a54dc6957fd897,ppe_train_image1366_fe4c1a056f,ppe_orig,oversample_vest2_oversample_vest2_ppe_train_image1366_fe4c1a056f,vest_oversample
0b0ba3f2721f5ef855cc7a9662a54dc6957fd897,ppe_train_image1366_fe4c1a056f,ppe_orig,oversample_vest2_ppe_train_image1366_fe4c1a056f,vest_oversample
0e7447be2e8083fe4bd34070a9235dc099addd29,ppe_train_image1367_b0fdf8b75e,ppe_orig,oversample_vest1_oversample_vest1_oversample_vest1_ppe_train_image1367_b0fdf8b75e,vest_oversample
0e7447be2e8083fe4bd34070a9235dc099addd29,ppe_train_image1367_b0fdf8b75e,ppe_orig,oversample_vest1_oversample_vest1_oversample_vest2_ppe_train_image1367_b0fdf8b75e,vest_oversample
0e7447be2e8083fe4bd34070a9235dc099addd29,ppe_train_image1367_b0fdf8b75e,ppe_orig,oversample_vest1_oversample_vest1_ppe_train_image1367_b0fdf8b75e,vest_oversample
0e7447be2e8083fe4bd34070a9235dc099addd29,ppe_train_image1367_b0fdf8b75e,ppe_orig,oversample_vest1_oversample_vest2_oversample_vest1_ppe_train_image1367_b0fdf8b75e,vest_oversample
0e7447be2e8083fe4bd34070a9235dc099addd29,ppe_train_image1367_b0fdf8b75e,ppe_orig,oversample_vest1_oversample_vest2_oversample_vest2_ppe_train_image1367_b0fdf8b75e,vest_oversample
0e7447be2e8083fe4bd34070a9235dc099addd29,ppe_train_image1367_b0fdf8b75e,ppe_orig,oversample_vest1_oversample_vest2_ppe_train_image1367_b0fdf8b75e,vest_oversample
0e7447be2e8083fe4bd34070a9235dc099addd29,ppe_train_image1367_b0fdf8b75e,ppe_orig,oversample_vest1_ppe_train_image1367_b0fdf8b75e,vest_oversample
0e7447be2e8083fe4bd34070a9235dc099addd29,ppe_train_image1367_b0fdf8b75e,ppe_orig,oversample_vest2_oversample_vest1_oversample_vest1_ppe_train_image1367_b0fdf8b75e,vest_oversample
0e7447be2e8083fe4bd34070a9235dc099addd29,ppe_train_image1367_b0fdf8b75e,ppe_orig,oversample_vest2_oversample_vest1_oversample_vest2_ppe_train_image1367_b0fdf8b75e,vest_oversample
0e7447be2e8083fe4bd34070a9235dc099addd29,ppe_train_image1367_b0fdf8b75e,ppe_orig,oversample_vest2_oversample_vest1_ppe_train_image1367_b0fdf8b75e,vest_oversample
0e7447be2e8083fe4bd34070a9235dc099addd29,ppe_train_image1367_b0fdf8b75e,ppe_orig,oversample_vest2_oversample_vest2_oversample_vest1_ppe_train_image1367_b0fdf8b75e,vest_oversample
0e7447be2e8083fe4bd34070a9235dc099addd29,ppe_train_image1367_b0fdf8b75e,ppe_orig,oversample_vest2_oversample_vest2_oversample_vest2_ppe_train_image1367_b0fdf8b75e,vest_oversample
0e7447be2e8083fe4bd34070a9235dc099addd29,ppe_train_image1367_b0fdf8b75e,ppe_orig,oversample_vest2_oversample_vest2_ppe_train_image1367_b0fdf8b75e,vest_oversample
0e7447be2e8083fe4bd34070a9235dc099addd29,ppe_train_image1367_b0fdf8b75e,ppe_orig,oversample_vest2_ppe_train_image1367_b0fdf8b75e,vest_oversample
592dc734473f59ed53deea5e2fa85fdc88d9b5a8,ppe_train_image1368_3a317c9861,ppe_orig,oversample_vest1_oversample_vest1_oversample_vest1_ppe_train_image1368_3a317c9861,vest_oversample
592dc734473f59ed53deea5e2fa85fdc88d9b5a8,ppe_train_image1368_3a317c9861,ppe_orig,oversample_vest1_oversample_vest1_oversample_vest2_ppe_train_image1368_3a317c9861,vest_oversample
592dc734473f59ed53deea5e2fa85fdc88d9b5a8,ppe_train_image1368_3a317c9861,ppe_orig,oversample_vest1_oversample_vest1_ppe_train_image1368_3a317c9861,vest_oversample
592dc734473f59ed53deea5e2fa85fdc88d9b5a8,ppe_train_image1368_3a317c9861,ppe_orig,oversample_vest1_oversample_vest2_oversample_vest1_ppe_train_image1368_3a317c9861,vest_oversample
592dc734473f59ed53deea5e2fa85fdc88d9b5a8,ppe_train_image1368_3a317c9861,ppe_orig,oversample_vest1_oversample_vest2_oversample_vest2_ppe_train_image1368_3a317c9861,vest_oversample
592dc734473f59ed53deea5e2fa85fdc88d9b5a8,ppe_train_image1368_3a317c9861,ppe_orig,oversample_vest1_oversample_vest2_ppe_train_image1368_3a317c9861,vest_oversample
592dc734473f59ed53deea5e2fa85fdc88d9b5a8,ppe_train_image1368_3a317c9861,ppe_orig,oversample_vest1_ppe_train_image1368_3a317c9861,vest_oversample
592dc734473f59ed53deea5e2fa85fdc88d9b5a8,ppe_train_image1368_3a317c9861,ppe_orig,oversample_vest2_oversample_vest1_oversample_vest1_ppe_train_image1368_3a317c9861,vest_oversample
592dc734473f59ed53deea5e2fa85fdc88d9b5a8,ppe_train_image1368_3a317c9861,ppe_orig,oversample_vest2_oversample_vest1_oversample_vest2_ppe_train_image1368_3a317c9861,vest_oversample
592dc734473f59ed53deea5e2fa85fdc88d9b5a8,ppe_train_image1368_3a317c9861,ppe_orig,oversample_vest2_oversample_vest1_ppe_train_image1368_3a317c9861,vest_oversample
592dc734473f59ed53deea5e2fa85fdc88d9b5a8,ppe_train_image1368_3a317c9861,ppe_orig,oversample_vest2_oversample_vest2_oversample_vest1_ppe_train_image1368_3a317c9861,vest_oversample
592dc734473f59ed53deea5e2fa85fdc88d9b5a8,ppe_train_image1368_3a317c9861,ppe_orig,oversample_vest2_oversample_vest2_oversample_vest2_ppe_train_image1368_3a317c9861,vest_oversample
592dc734473f59ed53deea5e2fa85fdc88d9b5a8,ppe_train_image1368_3a317c9861,ppe_orig,oversample_vest2_oversample_vest2_ppe_train_image1368_3a317c9861,vest_oversample
592dc734473f59ed53deea5e2fa85fdc88d9b5a8,ppe_train_image1368_3a317c9861,ppe_orig,oversample_vest2_ppe_train_image1368_3a317c9861,vest_oversample
1adeab1f2871adb79439fd578267dfdfad2536ea,ppe_train_image1370_ce549a2407,ppe_orig,oversample_vest1_oversample_vest1_oversample_vest1_ppe_train_image1370_ce549a2407,vest_oversample
1adeab1f2871adb79439fd578267dfdfad2536ea,ppe_train_image1370_ce549a2407,ppe_orig,oversample_vest1_oversample_vest1_oversample_vest2_ppe_train_image1370_ce549a2407,vest_oversample
1adeab1f2871adb79439fd578267dfdfad2536ea,ppe_train_image1370_ce549a2407,ppe_orig,oversample_vest1_oversample_vest1_ppe_train_image1370_ce549a2407,vest_oversample
1adeab1f2871adb79439fd578267dfdfad2536ea,ppe_train_image1370_ce549a2407,ppe_orig,oversample_vest1_oversample_vest2_oversample_vest1_ppe_train_image1370_ce549a2407,vest_oversample
1adeab1f2871adb79439fd578267dfdfad2536ea,ppe_train_image1370_ce549a2407,ppe_orig,oversample_vest1_oversample_vest2_oversample_vest2_ppe_train_image1370_ce549a2407,vest_oversample
1adeab1f2871adb79439fd578267dfdfad2536ea,ppe_train_image1370_ce549a2407,ppe_orig,oversample_vest1_oversample_vest2_ppe_train_image1370_ce549a2407,vest_oversample
1adeab1f2871adb79439fd578267dfdfad2536ea,ppe_train_image1370_ce549a2407,ppe_orig,oversample_vest1_ppe_train_image1370_ce549a2407,vest_oversample
1adeab1f2871adb79439fd578267dfdfad2536ea,ppe_train_image1370_ce549a2407,ppe_orig,oversample_vest2_oversample_vest1_oversample_vest1_ppe_train_image1370_ce549a2407,vest_oversample
1adeab1f2871adb79439fd578267dfdfad2536ea,ppe_train_image1370_ce549a2407,ppe_orig,oversample_vest2_oversample_vest1_oversample_vest2_ppe_train_image1370_ce549a2407,vest_oversample
1adeab1f2871adb79439fd578267dfdfad2536ea,ppe_train_image1370_ce549a2407,ppe_orig,oversample_vest2_oversample_vest1_ppe_train_image1370_ce549a2407,vest_oversample
1adeab1f2871adb79439fd578267dfdfad2536ea,ppe_train_image1370_ce549a2407,ppe_orig,oversample_vest2_oversample_vest2_oversample_vest1_ppe_train_image1370_ce549a2407,vest_oversample
1adeab1f2871adb79439fd578267dfdfad2536ea,ppe_train_image1370_ce549a2407,ppe_orig,oversample_vest2_oversample_vest2_oversample_vest2_ppe_train_image1370_ce549a2407,vest_oversample
1adeab1f2871adb79439fd578267dfdfad2536ea,ppe_train_image1370_ce549a2407,ppe_orig,oversample_vest2_oversample_vest2_ppe_train_image1370_ce549a2407,vest_oversample
1adeab1f2871adb79439fd578267dfdfad2536ea,ppe_train_image1370_ce549a2407,ppe_orig,oversample_vest2_ppe_train_image1370_ce549a2407,vest_oversample
bdd3ca0d9d2e0c8cc4c2d351fd6d0d9c3637f595,ppe_train_image1371_d44f1aeffa,ppe_orig,oversample_vest1_oversample_vest1_oversample_vest1_ppe_train_image1371_d44f1aeffa,vest_oversample
bdd3ca0d9d2e0c8cc4c2d351fd6d0d9c3637f595,ppe_train_image1371_d44f1aeffa,ppe_orig,oversample_vest1_oversample_vest1_oversample_vest2_ppe_train_image1371_d44f1aeffa,vest_oversample
bdd3ca0d9d2e0c8cc4c2d351fd6d0d9c3637f595,ppe_train_image1371_d44f1aeffa,ppe_orig,oversample_vest1_oversample_vest1_ppe_train_image1371_d44f1aeffa,vest_oversample
bdd3ca0d9d2e0c8cc4c2d351fd6d0d9c3637f595,ppe_train_image1371_d44f1aeffa,ppe_orig,oversample_vest1_oversample_vest2_oversample_vest1_ppe_train_image1371_d44f1aeffa,vest_oversample
bdd3ca0d9d2e0c8cc4c2d351fd6d0d9c3637f595,ppe_train_image1371_d44f1aeffa,ppe_orig,oversample_vest1_oversample_vest2_oversample_vest2_ppe_train_image1371_d44f1aeffa,vest_oversample
bdd3ca0d9d2e0c8cc4c2d351fd6d0d9c3637f595,ppe_train_image1371_d44f1aeffa,ppe_orig,oversample_vest1_oversample_vest2_ppe_train_image1371_d44f1aeffa,vest_oversample
bdd3ca0d9d2e0c8cc4c2d351fd6d0d9c3637f595,ppe_train_image1371_d44f1aeffa,ppe_orig,oversample_vest1_ppe_train_image1371_d44f1aeffa,vest_oversample
bdd3ca0d9d2e0c8cc4c2d351fd6d0d9c3637f595,ppe_train_image1371_d44f1aeffa,ppe_orig,oversample_vest2_oversample_vest1_oversample_vest1_ppe_train_image1371_d44f1aeffa,vest_oversample
bdd3ca0d9d2e0c8cc4c2d351fd6d0d9c3637f595,ppe_train_image1371_d44f1aeffa,ppe_orig,oversample_vest2_oversample_vest1_oversample_vest2_ppe_train_image1371_d44f1aeffa,vest_oversample
bdd3ca0d9d2e0c8cc4c2d351fd6d0d9c3637f595,ppe_train_image1371_d44f1aeffa,ppe_orig,oversample_vest2_oversample_vest1_ppe_train_image1371_d44f1aeffa,vest_oversample
bdd3ca0d9d2e0c8cc4c2d351fd6d0d9c3637f595,ppe_train_image1371_d44f1aeffa,ppe_orig,oversample_vest2_oversample_vest2_oversample_vest1_ppe_train_image1371_d44f1aeffa,vest_oversample
bdd3ca0d9d2e0c8cc4c2d351fd6d0d9c3637f595,ppe_train_image1371_d44f1aeffa,ppe_orig,oversample_vest2_oversample_vest2_oversample_vest2_ppe_train_image1371_d44f1aeffa,vest_oversample
bdd3ca0d9d2e0c8cc4c2d351fd6d0d9c3637f595,ppe_train_image1371_d44f1aeffa,ppe_orig,oversample_vest2_oversample_vest2_ppe_train_image1371_d44f1aeffa,vest_oversample
bdd3ca0d9d2e0c8cc4c2d351fd6d0d9c3637f595,ppe_train_image1371_d44f1aeffa,ppe_orig,oversample_vest2_ppe_train_image1371_d44f1aeffa,vest_oversample
9756e467cbdb4180e474252a58b7a0c72e50af9c,ppe_train_image1372_edebda34ab,ppe_orig,oversample_vest1_oversample_vest1_oversample_vest1_ppe_train_image1372_edebda34ab,vest_oversample
9756e467cbdb4180e474252a58b7a0c72e50af9c,ppe_train_image1372_edebda34ab,ppe_orig,oversample_vest1_oversample_vest1_oversample_vest2_ppe_train_image1372_edebda34ab,vest_oversample
9756e467cbdb4180e474252a58b7a0c72e50af9c,ppe_train_image1372_edebda34ab,ppe_orig,oversample_vest1_oversample_vest1_ppe_train_image1372_edebda34ab,vest_oversample
9756e467cbdb4180e474252a58b7a0c72e50af9c,ppe_train_image1372_edebda34ab,ppe_orig,oversample_vest1_oversample_vest2_oversample_vest1_ppe_train_image1372_edebda34ab,vest_oversample
9756e467cbdb4180e474252a58b7a0c72e50af9c,ppe_train_image1372_edebda34ab,ppe_orig,oversample_vest1_oversample_vest2_oversample_vest2_ppe_train_image1372_edebda34ab,vest_oversample
9756e467cbdb4180e474252a58b7a0c72e50af9c,ppe_train_image1372_edebda34ab,ppe_orig,oversample_vest1_oversample_vest2_ppe_train_image1372_edebda34ab,vest_oversample
9756e467cbdb4180e474252a58b7a0c72e50af9c,ppe_train_image1372_edebda34ab,ppe_orig,oversample_vest1_ppe_train_image1372_edebda34ab,vest_oversample
9756e467cbdb4180e474252a58b7a0c72e50af9c,ppe_train_image1372_edebda34ab,ppe_orig,oversample_vest2_oversample_vest1_oversample_vest1_ppe_train_image1372_edebda34ab,vest_oversample
9756e467cbdb4180e474252a58b7a0c72e50af9c,ppe_train_image1372_edebda34ab,ppe_orig,oversample_vest2_oversample_vest1_oversample_vest2_ppe_train_image1372_edebda34ab,vest_oversample
9756e467cbdb4180e474252a58b7a0c72e50af9c,ppe_train_image1372_edebda34ab,ppe_orig,oversample_vest2_oversample_vest1_ppe_train_image1372_edebda34ab,vest_oversample
9756e467cbdb4180e474252a58b7a0c72e50af9c,ppe_train_image1372_edebda34ab,ppe_orig,oversample_vest2_oversample_vest2_oversample_vest1_ppe_train_image1372_edebda34ab,vest_oversample
9756e467cbdb4180e474252a58b7a0c72e50af9c,ppe_train_image1372_edebda34ab,ppe_orig,oversample_vest2_oversample_vest2_oversample_vest2_ppe_train_image1372_edebda34ab,vest_oversample
9756e467cbdb4180e474252a58b7a0c72e50af9c,ppe_train_image1372_edebda34ab,ppe_orig,oversample_vest2_oversample_vest2_ppe_train_image1372_edebda34ab,vest_oversample
9756e467cbdb4180e474252a58b7a0c72e50af9c,ppe_train_image1372_edebda34ab,ppe_orig,oversample_vest2_ppe_train_image1372_edebda34ab,vest_oversample
ce73e9e17302b78f1f05bb2c84b2311fb6b53780,ppe_train_image1373_dcd8cadef9,ppe_orig,oversample_vest1_oversample_vest1_oversample_vest1_ppe_train_image1373_dcd8cadef9,vest_oversample
ce73e9e17302b78f1f05bb2c84b2311fb6b53780,ppe_train_image1373_dcd8cadef9,ppe_orig,oversample_vest1_oversample_vest1_oversample_vest2_ppe_train_image1373_dcd8cadef9,vest_oversample
ce73e9e17302b78f1f05bb2c84b2311fb6b53780,ppe_train_image1373_dcd8cadef9,ppe_orig,oversample_vest1_oversample_vest1_ppe_train_image1373_dcd8cadef9,vest_oversample
ce73e9e17302b78f1f05bb2c84b2311fb6b53780,ppe_train_image1373_dcd8cadef9,ppe_orig,oversample_vest1_oversample_vest2_oversample_vest1_ppe_train_image1373_dcd8cadef9,vest_oversample
ce73e9e17302b78f1f05bb2c84b2311fb6b53780,ppe_train_image1373_dcd8cadef9,ppe_orig,oversample_vest1_oversample_vest2_oversample_vest2_ppe_train_image1373_dcd8cadef9,vest_oversample
ce73e9e17302b78f1f05bb2c84b2311fb6b53780,ppe_train_image1373_dcd8cadef9,ppe_orig,oversample_vest1_oversample_vest2_ppe_train_image1373_dcd8cadef9,vest_oversample
ce73e9e17302b78f1f05bb2c84b2311fb6b53780,ppe_train_image1373_dcd8cadef9,ppe_orig,oversample_vest1_ppe_train_image1373_dcd8cadef9,vest_oversample
ce73e9e17302b78f1f05bb2c84b2311fb6b53780,ppe_train_image1373_dcd8cadef9,ppe_orig,oversample_vest2_oversample_vest1_oversample_vest1_ppe_train_image1373_dcd8cadef9,vest_oversample
ce73e9e17302b78f1f05bb2c84b2311fb6b53780,ppe_train_image1373_dcd8cadef9,ppe_orig,oversample_vest2_oversample_vest1_oversample_vest2_ppe_train_image1373_dcd8cadef9,vest_oversample
ce73e9e17302b78f1f05bb2c84b2311fb6b53780,ppe_train_image1373_dcd8cadef9,ppe_orig,oversample_vest2_oversample_vest1_ppe_train_image1373_dcd8cadef9,vest_oversample
ce73e9e17302b78f1f05bb2c84b2311fb6b53780,ppe_train_image1373_dcd8cadef9,ppe_orig,oversample_vest2_oversample_vest2_oversample_vest1_ppe_train_image1373_dcd8cadef9,vest_oversample
ce73e9e17302b78f1f05bb2c84b2311fb6b53780,ppe_train_image1373_dcd8cadef9,ppe_orig,oversample_vest2_oversample_vest2_oversample_vest2_ppe_train_image1373_dcd8cadef9,vest_oversample
ce73e9e17302b78f1f05bb2c84b2311fb6b53780,ppe_train_image1373_dcd8cadef9,ppe_orig,oversample_vest2_oversample_vest2_ppe_train_image1373_dcd8cadef9,vest_oversample
ce73e9e17302b78f1f05bb2c84b2311fb6b53780,ppe_train_image1373_dcd8cadef9,ppe_orig,oversample_vest2_ppe_train_image1373_dcd8cadef9,vest_oversample
9844ab690bcaf8ba2d25491115355829478031c9,ppe_train_image1374_122a080ef1,ppe_orig,oversample_vest1_oversample_vest1_oversample_vest1_ppe_train_image1374_122a080ef1,vest_oversample
9844ab690bcaf8ba2d25491115355829478031c9,ppe_train_image1374_122a080ef1,ppe_orig,oversample_vest1_oversample_vest1_oversample_vest2_ppe_train_image1374_122a080ef1,vest_oversample
9844ab690bcaf8ba2d25491115355829478031c9,ppe_train_image1374_122a080ef1,ppe_orig,oversample_vest1_oversample_vest1_ppe_train_image1374_122a080ef1,vest_oversample
9844ab690bcaf8ba2d25491115355829478031c9,ppe_train_image1374_122a080ef1,ppe_orig,oversample_vest1_oversample_vest2_oversample_vest1_ppe_train_image1374_122a080ef1,vest_oversample
9844ab690bcaf8ba2d25491115355829478031c9,ppe_train_image1374_122a080ef1,ppe_orig,oversample_vest1_oversample_vest2_oversample_vest2_ppe_train_image1374_122a080ef1,vest_oversample
9844ab690bcaf8ba2d25491115355829478031c9,ppe_train_image1374_122a080ef1,ppe_orig,oversample_vest1_oversample_vest2_ppe_train_image1374_122a080ef1,vest_oversample
9844ab690bcaf8ba2d25491115355829478031c9,ppe_train_image1374_122a080ef1,ppe_orig,oversample_vest1_ppe_train_image1374_122a080ef1,vest_oversample
9844ab690bcaf8ba2d25491115355829478031c9,ppe_train_image1374_122a080ef1,ppe_orig,oversample_vest2_oversample_vest1_oversample_vest1_ppe_train_image1374_122a080ef1,vest_oversample
9844ab690bcaf8ba2d25491115355829478031c9,ppe_train_image1374_122a080ef1,ppe_orig,oversample_vest2_oversample_vest1_oversample_vest2_ppe_train_image1374_122a080ef1,vest_oversample
9844ab690bcaf8ba2d25491115355829478031c9,ppe_train_image1374_122a080ef1,ppe_orig,oversample_vest2_oversample_vest1_ppe_train_image1374_122a080ef1,vest_oversample
9844ab690bcaf8ba2d25491115355829478031c9,ppe_train_image1374_122a080ef1,ppe_orig,oversample_vest2_oversample_vest2_oversample_vest1_ppe_train_image1374_122a080ef1,vest_oversample
9844ab690bcaf8ba2d25491115355829478031c9,ppe_train_image1374_122a080ef1,ppe_orig,oversample_vest2_oversample_vest2_oversample_vest2_ppe_train_image1374_122a080ef1,vest_oversample
9844ab690bcaf8ba2d25491115355829478031c9,ppe_train_image1374_122a080ef1,ppe_orig,oversample_vest2_oversample_vest2_ppe_train_image1374_122a080ef1,vest_oversample
9844ab690bcaf8ba2d25491115355829478031c9,ppe_train_image1374_122a080ef1,ppe_orig,oversample_vest2_ppe_train_image1374_122a080ef1,vest_oversample
39752dc265b001470d7c44344ba192eadaab05d5,ppe_train_image1376_5e33e4b3fe,ppe_orig,oversample_vest1_oversample_vest1_oversample_vest1_ppe_train_image1376_5e33e4b3fe,vest_oversample
39752dc265b001470d7c44344ba192eadaab05d5,ppe_train_image1376_5e33e4b3fe,ppe_orig,oversample_vest1_oversample_vest1_oversample_vest2_ppe_train_image1376_5e33e4b3fe,vest_oversample
39752dc265b001470d7c44344ba192eadaab05d5,ppe_train_image1376_5e33e4b3fe,ppe_orig,oversample_vest1_oversample_vest1_ppe_train_image1376_5e33e4b3fe,vest_oversample
39752dc265b001470d7c44344ba192eadaab05d5,ppe_train_image1376_5e33e4b3fe,ppe_orig,oversample_vest1_oversample_vest2_oversample_vest1_ppe_train_image1376_5e33e4b3fe,vest_oversample
39752dc265b001470d7c44344ba192eadaab05d5,ppe_train_image1376_5e33e4b3fe,ppe_orig,oversample_vest1_oversample_vest2_oversample_vest2_ppe_train_image1376_5e33e4b3fe,vest_oversample
39752dc265b001470d7c44344ba192eadaab05d5,ppe_train_image1376_5e33e4b3fe,ppe_orig,oversample_vest1_oversample_vest2_ppe_train_image1376_5e33e4b3fe,vest_oversample
39752dc265b001470d7c44344ba192eadaab05d5,ppe_train_image1376_5e33e4b3fe,ppe_orig,oversample_vest1_ppe_train_image1376_5e33e4b3fe,vest_oversample
39752dc265b001470d7c44344ba192eadaab05d5,ppe_train_image1376_5e33e4b3fe,ppe_orig,oversample_vest2_oversample_vest1_oversample_vest1_ppe_train_image1376_5e33e4b3fe,vest_oversample
39752dc265b001470d7c44344ba192eadaab05d5,ppe_train_image1376_5e33e4b3fe,ppe_orig,oversample_vest2_oversample_vest1_oversample_vest2_ppe_train_image1376_5e33e4b3fe,vest_oversample
39752dc265b001470d7c44344ba192eadaab05d5,ppe_train_image1376_5e33e4b3fe,ppe_orig,oversample_vest2_oversample_vest1_ppe_train_image1376_5e33e4b3fe,vest_oversample
39752dc265b001470d7c44344ba192eadaab05d5,ppe_train_image1376_5e33e4b3fe,ppe_orig,oversample_vest2_oversample_vest2_oversample_vest1_ppe_train_image1376_5e33e4b3fe,vest_oversample
39752dc265b001470d7c44344ba192eadaab05d5,ppe_train_image1376_5e33e4b3fe,ppe_orig,oversample_vest2_oversample_vest2_oversample_vest2_ppe_train_image1376_5e33e4b3fe,vest_oversample
39752dc265b001470d7c44344ba192eadaab05d5,ppe_train_image1376_5e33e4b3fe,ppe_orig,oversample_vest2_oversample_vest2_ppe_train_image1376_5e33e4b3fe,vest_oversample
39752dc265b001470d7c44344ba192eadaab05d5,ppe_train_image1376_5e33e4b3fe,ppe_orig,oversample_vest2_ppe_train_image1376_5e33e4b3fe,vest_oversample
7d64c9f02ac9ab093c7ad4605b48e9f0ee8e8f3a,ppe_train_image1378_f5b7911713,ppe_orig,oversample_vest1_oversample_vest1_oversample_vest1_ppe_train_image1378_f5b7911713,vest_oversample
7d64c9f02ac9ab093c7ad4605b48e9f0ee8e8f3a,ppe_train_image1378_f5b7911713,ppe_orig,oversample_vest1_oversample_vest1_oversample_vest2_ppe_train_image1378_f5b7911713,vest_oversample
7d64c9f02ac9ab093c7ad4605b48e9f0ee8e8f3a,ppe_train_image1378_f5b7911713,ppe_orig,oversample_vest1_oversample_vest1_ppe_train_image1378_f5b7911713,vest_oversample
7d64c9f02ac9ab093c7ad4605b48e9f0ee8e8f3a,ppe_train_image1378_f5b7911713,ppe_orig,oversample_vest1_oversample_vest2_oversample_vest1_ppe_train_image1378_f5b7911713,vest_oversample
7d64c9f02ac9ab093c7ad4605b48e9f0ee8e8f3a,ppe_train_image1378_f5b7911713,ppe_orig,oversample_vest1_oversample_vest2_oversample_vest2_ppe_train_image1378_f5b7911713,vest_oversample
7d64c9f02ac9ab093c7ad4605b48e9f0ee8e8f3a,ppe_train_image1378_f5b7911713,ppe_orig,oversample_vest1_oversample_vest2_ppe_train_image1378_f5b7911713,vest_oversample
7d64c9f02ac9ab093c7ad4605b48e9f0ee8e8f3a,ppe_train_image1378_f5b7911713,ppe_orig,oversample_vest1_ppe_train_image1378_f5b7911713,vest_oversample
7d64c9f02ac9ab093c7ad4605b48e9f0ee8e8f3a,ppe_train_image1378_f5b7911713,ppe_orig,oversample_vest2_oversample_vest1_oversample_vest1_ppe_train_image1378_f5b7911713,vest_oversample
7d64c9f02ac9ab093c7ad4605b48e9f0ee8e8f3a,ppe_train_image1378_f5b7911713,ppe_orig,oversample_vest2_oversample_vest1_oversample_vest2_ppe_train_image1378_f5b7911713,vest_oversample
7d64c9f02ac9ab093c7ad4605b48e9f0ee8e8f3a,ppe_train_image1378_f5b7911713,ppe_orig,oversample_vest2_oversample_vest1_ppe_train_image1378_f5b7911713,vest_oversample
7d64c9f02ac9ab093c7ad4605b48e9f0ee8e8f3a,ppe_train_image1378_f5b7911713,ppe_orig,oversample_vest2_oversample_vest2_oversample_vest1_ppe_train_image1378_f5b7911713,vest_oversample
7d64c9f02ac9ab093c7ad4605b48e9f0ee8e8f3a,ppe_train_image1378_f5b7911713,ppe_orig,oversample_vest2_oversample_vest2_oversample_vest2_ppe_train_image1378_f5b7911713,vest_oversample
7d64c9f02ac9ab093c7ad4605b48e9f0ee8e8f3a,ppe_train_image1378_f5b7911713,ppe_orig,oversample_vest2_oversample_vest2_ppe_train_image1378_f5b7911713,vest_oversample
7d64c9f02ac9ab093c7ad4605b48e9f0ee8e8f3a,ppe_train_image1378_f5b7911713,ppe_orig,oversample_vest2_ppe_train_image1378_f5b7911713,vest_oversample
645eedc3ffe742e804554ec588d21627366ff573,ppe_train_image1379_47a3deec08,ppe_orig,oversample_vest1_oversample_vest1_oversample_vest1_ppe_train_image1379_47a3deec08,vest_oversample
645eedc3ffe742e804554ec588d21627366ff573,ppe_train_image1379_47a3deec08,ppe_orig,oversample_vest1_oversample_vest1_oversample_vest2_ppe_train_image1379_47a3deec08,vest_oversample
645eedc3ffe742e804554ec588d21627366ff573,ppe_train_image1379_47a3deec08,ppe_orig,oversample_vest1_oversample_vest1_ppe_train_image1379_47a3deec08,vest_oversample
645eedc3ffe742e804554ec588d21627366ff573,ppe_train_image1379_47a3deec08,ppe_orig,oversample_vest1_oversample_vest2_oversample_vest1_ppe_train_image1379_47a3deec08,vest_oversample
645eedc3ffe742e804554ec588d21627366ff573,ppe_train_image1379_47a3deec08,ppe_orig,oversample_vest1_oversample_vest2_oversample_vest2_ppe_train_image1379_47a3deec08,vest_oversample
645eedc3ffe742e804554ec588d21627366ff573,ppe_train_image1379_47a3deec08,ppe_orig,oversample_vest1_oversample_vest2_ppe_train_image1379_47a3deec08,vest_oversample
645eedc3ffe742e804554ec588d21627366ff573,ppe_train_image1379_47a3deec08,ppe_orig,oversample_vest1_ppe_train_image1379_47a3deec08,vest_oversample
645eedc3ffe742e804554ec588d21627366ff573,ppe_train_image1379_47a3deec08,ppe_orig,oversample_vest2_oversample_vest1_oversample_vest1_ppe_train_image1379_47a3deec08,vest_oversample
645eedc3ffe742e804554ec588d21627366ff573,ppe_train_image1379_47a3deec08,ppe_orig,oversample_vest2_oversample_vest1_oversample_vest2_ppe_train_image1379_47a3deec08,vest_oversample
645eedc3ffe742e804554ec588d21627366ff573,ppe_train_image1379_47a3deec08,ppe_orig,oversample_vest2_oversample_vest1_ppe_train_image1379_47a3deec08,vest_oversample
645eedc3ffe742e804554ec588d21627366ff573,ppe_train_image1379_47a3deec08,ppe_orig,oversample_vest2_oversample_vest2_oversample_vest1_ppe_train_image1379_47a3deec08,vest_oversample
645eedc3ffe742e804554ec588d21627366ff573,ppe_train_image1379_47a3deec08,ppe_orig,oversample_vest2_oversample_vest2_oversample_vest2_ppe_train_image1379_47a3deec08,vest_oversample
645eedc3ffe742e804554ec588d21627366ff573,ppe_train_image1379_47a3deec08,ppe_orig,oversample_vest2_oversample_vest2_ppe_train_image1379_47a3deec08,vest_oversample
645eedc3ffe742e804554ec588d21627366ff573,ppe_train_image1379_47a3deec08,ppe_orig,oversample_vest2_ppe_train_image1379_47a3deec08,vest_oversample
6908afc8b2e8f0f8f0c8e1b4a6534d4fabf15159,ppe_train_image1380_6a7052a5de,ppe_orig,oversample_vest1_oversample_vest1_oversample_vest1_ppe_train_image1380_6a7052a5de,vest_oversample
6908afc8b2e8f0f8f0c8e1b4a6534d4fabf15159,ppe_train_image1380_6a7052a5de,ppe_orig,oversample_vest1_oversample_vest1_oversample_vest2_ppe_train_image1380_6a7052a5de,vest_oversample
6908afc8b2e8f0f8f0c8e1b4a6534d4fabf15159,ppe_train_image1380_6a7052a5de,ppe_orig,oversample_vest1_oversample_vest1_ppe_train_image1380_6a7052a5de,vest_oversample
6908afc8b2e8f0f8f0c8e1b4a6534d4fabf15159,ppe_train_image1380_6a7052a5de,ppe_orig,oversample_vest1_oversample_vest2_oversample_vest1_ppe_train_image1380_6a7052a5de,vest_oversample
6908afc8b2e8f0f8f0c8e1b4a6534d4fabf15159,ppe_train_image1380_6a7052a5de,ppe_orig,oversample_vest1_oversample_vest2_oversample_vest2_ppe_train_image1380_6a7052a5de,vest_oversample
6908afc8b2e8f0f8f0c8e1b4a6534d4fabf15159,ppe_train_image1380_6a7052a5de,ppe_orig,oversample_vest1_oversample_vest2_ppe_train_image1380_6a7052a5de,vest_oversample
6908afc8b2e8f0f8f0c8e1b4a6534d4fabf15159,ppe_train_image1380_6a7052a5de,ppe_orig,oversample_vest1_ppe_train_image1380_6a7052a5de,vest_oversample
6908afc8b2e8f0f8f0c8e1b4a6534d4fabf15159,ppe_train_image1380_6a7052a5de,ppe_orig,oversample_vest2_oversample_vest1_oversample_vest1_ppe_train_image1380_6a7052a5de,vest_oversample
6908afc8b2e8f0f8f0c8e1b4a6534d4fabf15159,ppe_train_image1380_6a7052a5de,ppe_orig,oversample_vest2_oversample_vest1_oversample_vest2_ppe_train_image1380_6a7052a5de,vest_oversample
6908afc8b2e8f0f8f0c8e1b4a6534d4fabf15159,ppe_train_image1380_6a7052a5de,ppe_orig,oversample_vest2_oversample_vest1_ppe_train_image1380_6a7052a5de,vest_oversample
6908afc8b2e8f0f8f0c8e1b4a6534d4fabf15159,ppe_train_image1380_6a7052a5de,ppe_orig,oversample_vest2_oversample_vest2_oversample_vest1_ppe_train_image1380_6a7052a5de,vest_oversample
6908afc8b2e8f0f8f0c8e1b4a6534d4fabf15159,ppe_train_image1380_6a7052a5de,ppe_orig,oversample_vest2_oversample_vest2_oversample_vest2_ppe_train_image1380_6a7052a5de,vest_oversample
6908afc8b2e8f0f8f0c8e1b4a6534d4fabf15159,ppe_train_image1380_6a7052a5de,ppe_orig,oversample_vest2_oversample_vest2_ppe_train_image1380_6a7052a5de,vest_oversample
6908afc8b2e8f0f8f0c8e1b4a6534d4fabf15159,ppe_train_image1380_6a7052a5de,ppe_orig,oversample_vest2_ppe_train_image1380_6a7052a5de,vest_oversample
15990662286278189c836b19a54b37cd77edb02a,ppe_train_image1381_6d087ab3d5,ppe_orig,oversample_vest1_oversample_vest1_oversample_vest1_ppe_train_image1381_6d087ab3d5,vest_oversample
15990662286278189c836b19a54b37cd77edb02a,ppe_train_image1381_6d087ab3d5,ppe_orig,oversample_vest1_oversample_vest1_oversample_vest2_ppe_train_image1381_6d087ab3d5,vest_oversample
15990662286278189c836b19a54b37cd77edb02a,ppe_train_image1381_6d087ab3d5,ppe_orig,oversample_vest1_oversample_vest1_ppe_train_image1381_6d087ab3d5,vest_oversample
15990662286278189c836b19a54b37cd77edb02a,ppe_train_image1381_6d087ab3d5,ppe_orig,oversample_vest1_oversample_vest2_oversample_vest1_ppe_train_image1381_6d087ab3d5,vest_oversample
15990662286278189c836b19a54b37cd77edb02a,ppe_train_image1381_6d087ab3d5,ppe_orig,oversample_vest1_oversample_vest2_oversample_vest2_ppe_train_image1381_6d087ab3d5,vest_oversample
15990662286278189c836b19a54b37cd77edb02a,ppe_train_image1381_6d087ab3d5,ppe_orig,oversample_vest1_oversample_vest2_ppe_train_image1381_6d087ab3d5,vest_oversample
15990662286278189c836b19a54b37cd77edb02a,ppe_train_image1381_6d087ab3d5,ppe_orig,oversample_vest1_ppe_train_image1381_6d087ab3d5,vest_oversample
15990662286278189c836b19a54b37cd77edb02a,ppe_train_image1381_6d087ab3d5,ppe_orig,oversample_vest2_oversample_vest1_oversample_vest1_ppe_train_image1381_6d087ab3d5,vest_oversample
15990662286278189c836b19a54b37cd77edb02a,ppe_train_image1381_6d087ab3d5,ppe_orig,oversample_vest2_oversample_vest1_oversample_vest2_ppe_train_image1381_6d087ab3d5,vest_oversample
15990662286278189c836b19a54b37cd77edb02a,ppe_train_image1381_6d087ab3d5,ppe_orig,oversample_vest2_oversample_vest1_ppe_train_image1381_6d087ab3d5,vest_oversample
15990662286278189c836b19a54b37cd77edb02a,ppe_train_image1381_6d087ab3d5,ppe_orig,oversample_vest2_oversample_vest2_oversample_vest1_ppe_train_image1381_6d087ab3d5,vest_oversample
15990662286278189c836b19a54b37cd77edb02a,ppe_train_image1381_6d087ab3d5,ppe_orig,oversample_vest2_oversample_vest2_oversample_vest2_ppe_train_image1381_6d087ab3d5,vest_oversample
15990662286278189c836b19a54b37cd77edb02a,ppe_train_image1381_6d087ab3d5,ppe_orig,oversample_vest2_oversample_vest2_ppe_train_image1381_6d087ab3d5,vest_oversample
15990662286278189c836b19a54b37cd77edb02a,ppe_train_image1381_6d087ab3d5,ppe_orig,oversample_vest2_ppe_train_image1381_6d087ab3d5,vest_oversample
8039550188653bab3ea18ff587e0561b5670fb82,ppe_train_image1382_11b1c63b5e,ppe_orig,oversample_vest1_oversample_vest1_oversample_vest1_ppe_train_image1382_11b1c63b5e,vest_oversample
8039550188653bab3ea18ff587e0561b5670fb82,ppe_train_image1382_11b1c63b5e,ppe_orig,oversample_vest1_oversample_vest1_oversample_vest2_ppe_train_image1382_11b1c63b5e,vest_oversample
8039550188653bab3ea18ff587e0561b5670fb82,ppe_train_image1382_11b1c63b5e,ppe_orig,oversample_vest1_oversample_vest1_ppe_train_image1382_11b1c63b5e,vest_oversample
8039550188653bab3ea18ff587e0561b5670fb82,ppe_train_image1382_11b1c63b5e,ppe_orig,oversample_vest1_oversample_vest2_oversample_vest1_ppe_train_image1382_11b1c63b5e,vest_oversample
8039550188653bab3ea18ff587e0561b5670fb82,ppe_train_image1382_11b1c63b5e,ppe_orig,oversample_vest1_oversample_vest2_oversample_vest2_ppe_train_image1382_11b1c63b5e,vest_oversample
8039550188653bab3ea18ff587e0561b5670fb82,ppe_train_image1382_11b1c63b5e,ppe_orig,oversample_vest1_oversample_vest2_ppe_train_image1382_11b1c63b5e,vest_oversample
8039550188653bab3ea18ff587e0561b5670fb82,ppe_train_image1382_11b1c63b5e,ppe_orig,oversample_vest1_ppe_train_image1382_11b1c63b5e,vest_oversample
8039550188653bab3ea18ff587e0561b5670fb82,ppe_train_image1382_11b1c63b5e,ppe_orig,oversample_vest2_oversample_vest1_oversample_vest1_ppe_train_image1382_11b1c63b5e,vest_oversample
8039550188653bab3ea18ff587e0561b5670fb82,ppe_train_image1382_11b1c63b5e,ppe_orig,oversample_vest2_oversample_vest1_oversample_vest2_ppe_train_image1382_11b1c63b5e,vest_oversample
8039550188653bab3ea18ff587e0561b5670fb82,ppe_train_image1382_11b1c63b5e,ppe_orig,oversample_vest2_oversample_vest1_ppe_train_image1382_11b1c63b5e,vest_oversample
8039550188653bab3ea18ff587e0561b5670fb82,ppe_train_image1382_11b1c63b5e,ppe_orig,oversample_vest2_oversample_vest2_oversample_vest1_ppe_train_image1382_11b1c63b5e,vest_oversample
8039550188653bab3ea18ff587e0561b5670fb82,ppe_train_image1382_11b1c63b5e,ppe_orig,oversample_vest2_oversample_vest2_oversample_vest2_ppe_train_image1382_11b1c63b5e,vest_oversample
8039550188653bab3ea18ff587e0561b5670fb82,ppe_train_image1382_11b1c63b5e,ppe_orig,oversample_vest2_oversample_vest2_ppe_train_image1382_11b1c63b5e,vest_oversample
8039550188653bab3ea18ff587e0561b5670fb82,ppe_train_image1382_11b1c63b5e,ppe_orig,oversample_vest2_ppe_train_image1382_11b1c63b5e,vest_oversample
604236480f0382b4db28d77f9953340d54c410d2,ppe_train_image1383_4dd3a42ae3,ppe_orig,oversample_vest1_oversample_vest1_oversample_vest1_ppe_train_image1383_4dd3a42ae3,vest_oversample
604236480f0382b4db28d77f9953340d54c410d2,ppe_train_image1383_4dd3a42ae3,ppe_orig,oversample_vest1_oversample_vest1_oversample_vest2_ppe_train_image1383_4dd3a42ae3,vest_oversample
604236480f0382b4db28d77f9953340d54c410d2,ppe_train_image1383_4dd3a42ae3,ppe_orig,oversample_vest1_oversample_vest1_ppe_train_image1383_4dd3a42ae3,vest_oversample
604236480f0382b4db28d77f9953340d54c410d2,ppe_train_image1383_4dd3a42ae3,ppe_orig,oversample_vest1_oversample_vest2_oversample_vest1_ppe_train_image1383_4dd3a42ae3,vest_oversample
604236480f0382b4db28d77f9953340d54c410d2,ppe_train_image1383_4dd3a42ae3,ppe_orig,oversample_vest1_oversample_vest2_oversample_vest2_ppe_train_image1383_4dd3a42ae3,vest_oversample
604236480f0382b4db28d77f9953340d54c410d2,ppe_train_image1383_4dd3a42ae3,ppe_orig,oversample_vest1_oversample_vest2_ppe_train_image1383_4dd3a42ae3,vest_oversample
604236480f0382b4db28d77f9953340d54c410d2,ppe_train_image1383_4dd3a42ae3,ppe_orig,oversample_vest1_ppe_train_image1383_4dd3a42ae3,vest_oversample
604236480f0382b4db28d77f9953340d54c410d2,ppe_train_image1383_4dd3a42ae3,ppe_orig,oversample_vest2_oversample_vest1_oversample_vest1_ppe_train_image1383_4dd3a42ae3,vest_oversample
604236480f0382b4db28d77f9953340d54c410d2,ppe_train_image1383_4dd3a42ae3,ppe_orig,oversample_vest2_oversample_vest1_oversample_vest2_ppe_train_image1383_4dd3a42ae3,vest_oversample
604236480f0382b4db28d77f9953340d54c410d2,ppe_train_image1383_4dd3a42ae3,ppe_orig,oversample_vest2_oversample_vest1_ppe_train_image1383_4dd3a42ae3,vest_oversample
604236480f0382b4db28d77f9953340d54c410d2,ppe_train_image1383_4dd3a42ae3,ppe_orig,oversample_vest2_oversample_vest2_oversample_vest1_ppe_train_image1383_4dd3a42ae3,vest_oversample
604236480f0382b4db28d77f9953340d54c410d2,ppe_train_image1383_4dd3a42ae3,ppe_orig,oversample_vest2_oversample_vest2_oversample_vest2_ppe_train_image1383_4dd3a42ae3,vest_oversample
604236480f0382b4db28d77f9953340d54c410d2,ppe_train_image1383_4dd3a42ae3,ppe_orig,oversample_vest2_oversample_vest2_ppe_train_image1383_4dd3a42ae3,vest_oversample
604236480f0382b4db28d77f9953340d54c410d2,ppe_train_image1383_4dd3a42ae3,ppe_orig,oversample_vest2_ppe_train_image1383_4dd3a42ae3,vest_oversample
b001f5eebdaebeb1e0a7c76de0a2938b80aa8481,ppe_train_image1384_4bd6eaa390,ppe_orig,oversample_vest1_oversample_vest1_oversample_vest1_ppe_train_image1384_4bd6eaa390,vest_oversample
b001f5eebdaebeb1e0a7c76de0a2938b80aa8481,ppe_train_image1384_4bd6eaa390,ppe_orig,oversample_vest1_oversample_vest1_oversample_vest2_ppe_train_image1384_4bd6eaa390,vest_oversample
b001f5eebdaebeb1e0a7c76de0a2938b80aa8481,ppe_train_image1384_4bd6eaa390,ppe_orig,oversample_vest1_oversample_vest1_ppe_train_image1384_4bd6eaa390,vest_oversample
b001f5eebdaebeb1e0a7c76de0a2938b80aa8481,ppe_train_image1384_4bd6eaa390,ppe_orig,oversample_vest1_oversample_vest2_oversample_vest1_ppe_train_image1384_4bd6eaa390,vest_oversample
b001f5eebdaebeb1e0a7c76de0a2938b80aa8481,ppe_train_image1384_4bd6eaa390,ppe_orig,oversample_vest1_oversample_vest2_oversample_vest2_ppe_train_image1384_4bd6eaa390,vest_oversample
b001f5eebdaebeb1e0a7c76de0a2938b80aa8481,ppe_train_image1384_4bd6eaa390,ppe_orig,oversample_vest1_oversample_vest2_ppe_train_image1384_4bd6eaa390,vest_oversample
b001f5eebdaebeb1e0a7c76de0a2938b80aa8481,ppe_train_image1384_4bd6eaa390,ppe_orig,oversample_vest1_ppe_train_image1384_4bd6eaa390,vest_oversample
b001f5eebdaebeb1e0a7c76de0a2938b80aa8481,ppe_train_image1384_4bd6eaa390,ppe_orig,oversample_vest2_oversample_vest1_oversample_vest1_ppe_train_image1384_4bd6eaa390,vest_oversample
b001f5eebdaebeb1e0a7c76de0a2938b80aa8481,ppe_train_image1384_4bd6eaa390,ppe_orig,oversample_vest2_oversample_vest1_oversample_vest2_ppe_train_image1384_4bd6eaa390,vest_oversample
b001f5eebdaebeb1e0a7c76de0a2938b80aa8481,ppe_train_image1384_4bd6eaa390,ppe_orig,oversample_vest2_oversample_vest1_ppe_train_image1384_4bd6eaa390,vest_oversample
b001f5eebdaebeb1e0a7c76de0a2938b80aa8481,ppe_train_image1384_4bd6eaa390,ppe_orig,oversample_vest2_oversample_vest2_oversample_vest1_ppe_train_image1384_4bd6eaa390,vest_oversample
b001f5eebdaebeb1e0a7c76de0a2938b80aa8481,ppe_train_image1384_4bd6eaa390,ppe_orig,oversample_vest2_oversample_vest2_oversample_vest2_ppe_train_image1384_4bd6eaa390,vest_oversample
b001f5eebdaebeb1e0a7c76de0a2938b80aa8481,ppe_train_image1384_4bd6eaa390,ppe_orig,oversample_vest2_oversample_vest2_ppe_train_image1384_4bd6eaa390,vest_oversample
b001f5eebdaebeb1e0a7c76de0a2938b80aa8481,ppe_train_image1384_4bd6eaa390,ppe_orig,oversample_vest2_ppe_train_image1384_4bd6eaa390,vest_oversample
292dbc48b16ce0454a54d7ee0c905e28b36b7a0d,ppe_train_image1385_51f41df365,ppe_orig,oversample_vest1_oversample_vest1_oversample_vest1_ppe_train_image1385_51f41df365,vest_oversample
292dbc48b16ce0454a54d7ee0c905e28b36b7a0d,ppe_train_image1385_51f41df365,ppe_orig,oversample_vest1_oversample_vest1_oversample_vest2_ppe_train_image1385_51f41df365,vest_oversample
292dbc48b16ce0454a54d7ee0c905e28b36b7a0d,ppe_train_image1385_51f41df365,ppe_orig,oversample_vest1_oversample_vest1_ppe_train_image1385_51f41df365,vest_oversample
292dbc48b16ce0454a54d7ee0c905e28b36b7a0d,ppe_train_image1385_51f41df365,ppe_orig,oversample_vest1_oversample_vest2_oversample_vest1_ppe_train_image1385_51f41df365,vest_oversample
292dbc48b16ce0454a54d7ee0c905e28b36b7a0d,ppe_train_image1385_51f41df365,ppe_orig,oversample_vest1_oversample_vest2_oversample_vest2_ppe_train_image1385_51f41df365,vest_oversample
292dbc48b16ce0454a54d7ee0c905e28b36b7a0d,ppe_train_image1385_51f41df365,ppe_orig,oversample_vest1_oversample_vest2_ppe_train_image1385_51f41df365,vest_oversample
292dbc48b16ce0454a54d7ee0c905e28b36b7a0d,ppe_train_image1385_51f41df365,ppe_orig,oversample_vest1_ppe_train_image1385_51f41df365,vest_oversample
292dbc48b16ce0454a54d7ee0c905e28b36b7a0d,ppe_train_image1385_51f41df365,ppe_orig,oversample_vest2_oversample_vest1_oversample_vest1_ppe_train_image1385_51f41df365,vest_oversample
292dbc48b16ce0454a54d7ee0c905e28b36b7a0d,ppe_train_image1385_51f41df365,ppe_orig,oversample_vest2_oversample_vest1_oversample_vest2_ppe_train_image1385_51f41df365,vest_oversample
292dbc48b16ce0454a54d7ee0c905e28b36b7a0d,ppe_train_image1385_51f41df365,ppe_orig,oversample_vest2_oversample_vest1_ppe_train_image1385_51f41df365,vest_oversample
292dbc48b16ce0454a54d7ee0c905e28b36b7a0d,ppe_train_image1385_51f41df365,ppe_orig,oversample_vest2_oversample_vest2_oversample_vest1_ppe_train_image1385_51f41df365,vest_oversample
292dbc48b16ce0454a54d7ee0c905e28b36b7a0d,ppe_train_image1385_51f41df365,ppe_orig,oversample_vest2_oversample_vest2_oversample_vest2_ppe_train_image1385_51f41df365,vest_oversample
292dbc48b16ce0454a54d7ee0c905e28b36b7a0d,ppe_train_image1385_51f41df365,ppe_orig,oversample_vest2_oversample_vest2_ppe_train_image1385_51f41df365,vest_oversample
292dbc48b16ce0454a54d7ee0c905e28b36b7a0d,ppe_train_image1385_51f41df365,ppe_orig,oversample_vest2_ppe_train_image1385_51f41df365,vest_oversample
c0731f36e9909f013355a8ea08d4d9751afecf85,ppe_train_image1386_c95889be90,ppe_orig,oversample_vest1_oversample_vest1_oversample_vest1_ppe_train_image1386_c95889be90,vest_oversample
c0731f36e9909f013355a8ea08d4d9751afecf85,ppe_train_image1386_c95889be90,ppe_orig,oversample_vest1_oversample_vest1_oversample_vest2_ppe_train_image1386_c95889be90,vest_oversample
c0731f36e9909f013355a8ea08d4d9751afecf85,ppe_train_image1386_c95889be90,ppe_orig,oversample_vest1_oversample_vest1_ppe_train_image1386_c95889be90,vest_oversample
c0731f36e9909f013355a8ea08d4d9751afecf85,ppe_train_image1386_c95889be90,ppe_orig,oversample_vest1_oversample_vest2_oversample_vest1_ppe_train_image1386_c95889be90,vest_oversample
c0731f36e9909f013355a8ea08d4d9751afecf85,ppe_train_image1386_c95889be90,ppe_orig,oversample_vest1_oversample_vest2_oversample_vest2_ppe_train_image1386_c95889be90,vest_oversample
c0731f36e9909f013355a8ea08d4d9751afecf85,ppe_train_image1386_c95889be90,ppe_orig,oversample_vest1_oversample_vest2_ppe_train_image1386_c95889be90,vest_oversample
c0731f36e9909f013355a8ea08d4d9751afecf85,ppe_train_image1386_c95889be90,ppe_orig,oversample_vest1_ppe_train_image1386_c95889be90,vest_oversample
c0731f36e9909f013355a8ea08d4d9751afecf85,ppe_train_image1386_c95889be90,ppe_orig,oversample_vest2_oversample_vest1_oversample_vest1_ppe_train_image1386_c95889be90,vest_oversample
c0731f36e9909f013355a8ea08d4d9751afecf85,ppe_train_image1386_c95889be90,ppe_orig,oversample_vest2_oversample_vest1_oversample_vest2_ppe_train_image1386_c95889be90,vest_oversample
c0731f36e9909f013355a8ea08d4d9751afecf85,ppe_train_image1386_c95889be90,ppe_orig,oversample_vest2_oversample_vest1_ppe_train_image1386_c95889be90,vest_oversample
c0731f36e9909f013355a8ea08d4d9751afecf85,ppe_train_image1386_c95889be90,ppe_orig,oversample_vest2_oversample_vest2_oversample_vest1_ppe_train_image1386_c95889be90,vest_oversample
c0731f36e9909f013355a8ea08d4d9751afecf85,ppe_train_image1386_c95889be90,ppe_orig,oversample_vest2_oversample_vest2_oversample_vest2_ppe_train_image1386_c95889be90,vest_oversample
c0731f36e9909f013355a8ea08d4d9751afecf85,ppe_train_image1386_c95889be90,ppe_orig,oversample_vest2_oversample_vest2_ppe_train_image1386_c95889be90,vest_oversample
c0731f36e9909f013355a8ea08d4d9751afecf85,ppe_train_image1386_c95889be90,ppe_orig,oversample_vest2_ppe_train_image1386_c95889be90,vest_oversample
b81a231e46bdec81f5ec37f441b2a07daaaa3997,ppe_train_image1387_d08fc36695,ppe_orig,oversample_vest1_oversample_vest1_oversample_vest1_ppe_train_image1387_d08fc36695,vest_oversample
b81a231e46bdec81f5ec37f441b2a07daaaa3997,ppe_train_image1387_d08fc36695,ppe_orig,oversample_vest1_oversample_vest1_oversample_vest2_ppe_train_image1387_d08fc36695,vest_oversample
b81a231e46bdec81f5ec37f441b2a07daaaa3997,ppe_train_image1387_d08fc36695,ppe_orig,oversample_vest1_oversample_vest1_ppe_train_image1387_d08fc36695,vest_oversample
b81a231e46bdec81f5ec37f441b2a07daaaa3997,ppe_train_image1387_d08fc36695,ppe_orig,oversample_vest1_oversample_vest2_oversample_vest1_ppe_train_image1387_d08fc36695,vest_oversample
b81a231e46bdec81f5ec37f441b2a07daaaa3997,ppe_train_image1387_d08fc36695,ppe_orig,oversample_vest1_oversample_vest2_oversample_vest2_ppe_train_image1387_d08fc36695,vest_oversample
b81a231e46bdec81f5ec37f441b2a07daaaa3997,ppe_train_image1387_d08fc36695,ppe_orig,oversample_vest1_oversample_vest2_ppe_train_image1387_d08fc36695,vest_oversample
b81a231e46bdec81f5ec37f441b2a07daaaa3997,ppe_train_image1387_d08fc36695,ppe_orig,oversample_vest1_ppe_train_image1387_d08fc36695,vest_oversample
b81a231e46bdec81f5ec37f441b2a07daaaa3997,ppe_train_image1387_d08fc36695,ppe_orig,oversample_vest2_oversample_vest1_oversample_vest1_ppe_train_image1387_d08fc36695,vest_oversample
b81a231e46bdec81f5ec37f441b2a07daaaa3997,ppe_train_image1387_d08fc36695,ppe_orig,oversample_vest2_oversample_vest1_oversample_vest2_ppe_train_image1387_d08fc36695,vest_oversample
b81a231e46bdec81f5ec37f441b2a07daaaa3997,ppe_train_image1387_d08fc36695,ppe_orig,oversample_vest2_oversample_vest1_ppe_train_image1387_d08fc36695,vest_oversample
b81a231e46bdec81f5ec37f441b2a07daaaa3997,ppe_train_image1387_d08fc36695,ppe_orig,oversample_vest2_oversample_vest2_oversample_vest1_ppe_train_image1387_d08fc36695,vest_oversample
b81a231e46bdec81f5ec37f441b2a07daaaa3997,ppe_train_image1387_d08fc36695,ppe_orig,oversample_vest2_oversample_vest2_oversample_vest2_ppe_train_image1387_d08fc36695,vest_oversample
b81a231e46bdec81f5ec37f441b2a07daaaa3997,ppe_train_image1387_d08fc36695,ppe_orig,oversample_vest2_oversample_vest2_ppe_train_image1387_d08fc36695,vest_oversample
b81a231e46bdec81f5ec37f441b2a07daaaa3997,ppe_train_image1387_d08fc36695,ppe_orig,oversample_vest2_ppe_train_image1387_d08fc36695,vest_oversample
02e65865f38eb269d75e9a5541959e8afaf1c12f,ppe_train_image1389_88e9729572,ppe_orig,oversample_vest1_oversample_vest1_oversample_vest1_ppe_train_image1389_88e9729572,vest_oversample
02e65865f38eb269d75e9a5541959e8afaf1c12f,ppe_train_image1389_88e9729572,ppe_orig,oversample_vest1_oversample_vest1_oversample_vest2_ppe_train_image1389_88e9729572,vest_oversample
02e65865f38eb269d75e9a5541959e8afaf1c12f,ppe_train_image1389_88e9729572,ppe_orig,oversample_vest1_oversample_vest1_ppe_train_image1389_88e9729572,vest_oversample
02e65865f38eb269d75e9a5541959e8afaf1c12f,ppe_train_image1389_88e9729572,ppe_orig,oversample_vest1_oversample_vest2_oversample_vest1_ppe_train_image1389_88e9729572,vest_oversample
02e65865f38eb269d75e9a5541959e8afaf1c12f,ppe_train_image1389_88e9729572,ppe_orig,oversample_vest1_oversample_vest2_oversample_vest2_ppe_train_image1389_88e9729572,vest_oversample
02e65865f38eb269d75e9a5541959e8afaf1c12f,ppe_train_image1389_88e9729572,ppe_orig,oversample_vest1_oversample_vest2_ppe_train_image1389_88e9729572,vest_oversample
02e65865f38eb269d75e9a5541959e8afaf1c12f,ppe_train_image1389_88e9729572,ppe_orig,oversample_vest1_ppe_train_image1389_88e9729572,vest_oversample
02e65865f38eb269d75e9a5541959e8afaf1c12f,ppe_train_image1389_88e9729572,ppe_orig,oversample_vest2_oversample_vest1_oversample_vest1_ppe_train_image1389_88e9729572,vest_oversample
02e65865f38eb269d75e9a5541959e8afaf1c12f,ppe_train_image1389_88e9729572,ppe_orig,oversample_vest2_oversample_vest1_oversample_vest2_ppe_train_image1389_88e9729572,vest_oversample
02e65865f38eb269d75e9a5541959e8afaf1c12f,ppe_train_image1389_88e9729572,ppe_orig,oversample_vest2_oversample_vest1_ppe_train_image1389_88e9729572,vest_oversample
02e65865f38eb269d75e9a5541959e8afaf1c12f,ppe_train_image1389_88e9729572,ppe_orig,oversample_vest2_oversample_vest2_oversample_vest1_ppe_train_image1389_88e9729572,vest_oversample
02e65865f38eb269d75e9a5541959e8afaf1c12f,ppe_train_image1389_88e9729572,ppe_orig,oversample_vest2_oversample_vest2_oversample_vest2_ppe_train_image1389_88e9729572,vest_oversample
02e65865f38eb269d75e9a5541959e8afaf1c12f,ppe_train_image1389_88e9729572,ppe_orig,oversample_vest2_oversample_vest2_ppe_train_image1389_88e9729572,vest_oversample
02e65865f38eb269d75e9a5541959e8afaf1c12f,ppe_train_image1389_88e9729572,ppe_orig,oversample_vest2_ppe_train_image1389_88e9729572,vest_oversample
f45afeaf2d01ce4f41c9a99ba129af71a62ebf6b,ppe_train_image1390_0b05405fb4,ppe_orig,oversample_vest1_oversample_vest1_oversample_vest1_ppe_train_image1390_0b05405fb4,vest_oversample
f45afeaf2d01ce4f41c9a99ba129af71a62ebf6b,ppe_train_image1390_0b05405fb4,ppe_orig,oversample_vest1_oversample_vest1_oversample_vest2_ppe_train_image1390_0b05405fb4,vest_oversample
f45afeaf2d01ce4f41c9a99ba129af71a62ebf6b,ppe_train_image1390_0b05405fb4,ppe_orig,oversample_vest1_oversample_vest1_ppe_train_image1390_0b05405fb4,vest_oversample
f45afeaf2d01ce4f41c9a99ba129af71a62ebf6b,ppe_train_image1390_0b05405fb4,ppe_orig,oversample_vest1_oversample_vest2_oversample_vest1_ppe_train_image1390_0b05405fb4,vest_oversample
f45afeaf2d01ce4f41c9a99ba129af71a62ebf6b,ppe_train_image1390_0b05405fb4,ppe_orig,oversample_vest1_oversample_vest2_oversample_vest2_ppe_train_image1390_0b05405fb4,vest_oversample
f45afeaf2d01ce4f41c9a99ba129af71a62ebf6b,ppe_train_image1390_0b05405fb4,ppe_orig,oversample_vest1_oversample_vest2_ppe_train_image1390_0b05405fb4,vest_oversample
f45afeaf2d01ce4f41c9a99ba129af71a62ebf6b,ppe_train_image1390_0b05405fb4,ppe_orig,oversample_vest1_ppe_train_image1390_0b05405fb4,vest_oversample
f45afeaf2d01ce4f41c9a99ba129af71a62ebf6b,ppe_train_image1390_0b05405fb4,ppe_orig,oversample_vest2_oversample_vest1_oversample_vest1_ppe_train_image1390_0b05405fb4,vest_oversample
f45afeaf2d01ce4f41c9a99ba129af71a62ebf6b,ppe_train_image1390_0b05405fb4,ppe_orig,oversample_vest2_oversample_vest1_oversample_vest2_ppe_train_image1390_0b05405fb4,vest_oversample
f45afeaf2d01ce4f41c9a99ba129af71a62ebf6b,ppe_train_image1390_0b05405fb4,ppe_orig,oversample_vest2_oversample_vest1_ppe_train_image1390_0b05405fb4,vest_oversample
f45afeaf2d01ce4f41c9a99ba129af71a62ebf6b,ppe_train_image1390_0b05405fb4,ppe_orig,oversample_vest2_oversample_vest2_oversample_vest1_ppe_train_image1390_0b05405fb4,vest_oversample
f45afeaf2d01ce4f41c9a99ba129af71a62ebf6b,ppe_train_image1390_0b05405fb4,ppe_orig,oversample_vest2_oversample_vest2_oversample_vest2_ppe_train_image1390_0b05405fb4,vest_oversample
f45afeaf2d01ce4f41c9a99ba129af71a62ebf6b,ppe_train_image1390_0b05405fb4,ppe_orig,oversample_vest2_oversample_vest2_ppe_train_image1390_0b05405fb4,vest_oversample
f45afeaf2d01ce4f41c9a99ba129af71a62ebf6b,ppe_train_image1390_0b05405fb4,ppe_orig,oversample_vest2_ppe_train_image1390_0b05405fb4,vest_oversample
dda5897cb6cc5d6c041b7a61f7495eb1c474d3ba,ppe_train_image1391_ae08dfb350,ppe_orig,oversample_vest1_oversample_vest1_oversample_vest1_ppe_train_image1391_ae08dfb350,vest_oversample
dda5897cb6cc5d6c041b7a61f7495eb1c474d3ba,ppe_train_image1391_ae08dfb350,ppe_orig,oversample_vest1_oversample_vest1_oversample_vest2_ppe_train_image1391_ae08dfb350,vest_oversample
dda5897cb6cc5d6c041b7a61f7495eb1c474d3ba,ppe_train_image1391_ae08dfb350,ppe_orig,oversample_vest1_oversample_vest1_ppe_train_image1391_ae08dfb350,vest_oversample
dda5897cb6cc5d6c041b7a61f7495eb1c474d3ba,ppe_train_image1391_ae08dfb350,ppe_orig,oversample_vest1_oversample_vest2_oversample_vest1_ppe_train_image1391_ae08dfb350,vest_oversample
dda5897cb6cc5d6c041b7a61f7495eb1c474d3ba,ppe_train_image1391_ae08dfb350,ppe_orig,oversample_vest1_oversample_vest2_oversample_vest2_ppe_train_image1391_ae08dfb350,vest_oversample
dda5897cb6cc5d6c041b7a61f7495eb1c474d3ba,ppe_train_image1391_ae08dfb350,ppe_orig,oversample_vest1_oversample_vest2_ppe_train_image1391_ae08dfb350,vest_oversample
dda5897cb6cc5d6c041b7a61f7495eb1c474d3ba,ppe_train_image1391_ae08dfb350,ppe_orig,oversample_vest1_ppe_train_image1391_ae08dfb350,vest_oversample
dda5897cb6cc5d6c041b7a61f7495eb1c474d3ba,ppe_train_image1391_ae08dfb350,ppe_orig,oversample_vest2_oversample_vest1_oversample_vest1_ppe_train_image1391_ae08dfb350,vest_oversample
dda5897cb6cc5d6c041b7a61f7495eb1c474d3ba,ppe_train_image1391_ae08dfb350,ppe_orig,oversample_vest2_oversample_vest1_oversample_vest2_ppe_train_image1391_ae08dfb350,vest_oversample
dda5897cb6cc5d6c041b7a61f7495eb1c474d3ba,ppe_train_image1391_ae08dfb350,ppe_orig,oversample_vest2_oversample_vest1_ppe_train_image1391_ae08dfb350,vest_oversample
dda5897cb6cc5d6c041b7a61f7495eb1c474d3ba,ppe_train_image1391_ae08dfb350,ppe_orig,oversample_vest2_oversample_vest2_oversample_vest1_ppe_train_image1391_ae08dfb350,vest_oversample
dda5897cb6cc5d6c041b7a61f7495eb1c474d3ba,ppe_train_image1391_ae08dfb350,ppe_orig,oversample_vest2_oversample_vest2_oversample_vest2_ppe_train_image1391_ae08dfb350,vest_oversample
dda5897cb6cc5d6c041b7a61f7495eb1c474d3ba,ppe_train_image1391_ae08dfb350,ppe_orig,oversample_vest2_oversample_vest2_ppe_train_image1391_ae08dfb350,vest_oversample
dda5897cb6cc5d6c041b7a61f7495eb1c474d3ba,ppe_train_image1391_ae08dfb350,ppe_orig,oversample_vest2_ppe_train_image1391_ae08dfb350,vest_oversample
833ba1e5012b985ab872f791b0da2e5140be0d11,ppe_train_image1393_ce67777618,ppe_orig,oversample_vest1_oversample_vest1_oversample_vest1_ppe_train_image1393_ce67777618,vest_oversample
833ba1e5012b985ab872f791b0da2e5140be0d11,ppe_train_image1393_ce67777618,ppe_orig,oversample_vest1_oversample_vest1_oversample_vest2_ppe_train_image1393_ce67777618,vest_oversample
833ba1e5012b985ab872f791b0da2e5140be0d11,ppe_train_image1393_ce67777618,ppe_orig,oversample_vest1_oversample_vest1_ppe_train_image1393_ce67777618,vest_oversample
833ba1e5012b985ab872f791b0da2e5140be0d11,ppe_train_image1393_ce67777618,ppe_orig,oversample_vest1_oversample_vest2_oversample_vest1_ppe_train_image1393_ce67777618,vest_oversample
833ba1e5012b985ab872f791b0da2e5140be0d11,ppe_train_image1393_ce67777618,ppe_orig,oversample_vest1_oversample_vest2_oversample_vest2_ppe_train_image1393_ce67777618,vest_oversample
833ba1e5012b985ab872f791b0da2e5140be0d11,ppe_train_image1393_ce67777618,ppe_orig,oversample_vest1_oversample_vest2_ppe_train_image1393_ce67777618,vest_oversample
833ba1e5012b985ab872f791b0da2e5140be0d11,ppe_train_image1393_ce67777618,ppe_orig,oversample_vest1_ppe_train_image1393_ce67777618,vest_oversample
833ba1e5012b985ab872f791b0da2e5140be0d11,ppe_train_image1393_ce67777618,ppe_orig,oversample_vest2_oversample_vest1_oversample_vest1_ppe_train_image1393_ce67777618,vest_oversample
833ba1e5012b985ab872f791b0da2e5140be0d11,ppe_train_image1393_ce67777618,ppe_orig,oversample_vest2_oversample_vest1_oversample_vest2_ppe_train_image1393_ce67777618,vest_oversample
833ba1e5012b985ab872f791b0da2e5140be0d11,ppe_train_image1393_ce67777618,ppe_orig,oversample_vest2_oversample_vest1_ppe_train_image1393_ce67777618,vest_oversample
833ba1e5012b985ab872f791b0da2e5140be0d11,ppe_train_image1393_ce67777618,ppe_orig,oversample_vest2_oversample_vest2_oversample_vest1_ppe_train_image1393_ce67777618,vest_oversample
833ba1e5012b985ab872f791b0da2e5140be0d11,ppe_train_image1393_ce67777618,ppe_orig,oversample_vest2_oversample_vest2_oversample_vest2_ppe_train_image1393_ce67777618,vest_oversample
833ba1e5012b985ab872f791b0da2e5140be0d11,ppe_train_image1393_ce67777618,ppe_orig,oversample_vest2_oversample_vest2_ppe_train_image1393_ce67777618,vest_oversample
833ba1e5012b985ab872f791b0da2e5140be0d11,ppe_train_image1393_ce67777618,ppe_orig,oversample_vest2_ppe_train_image1393_ce67777618,vest_oversample
5bbf624e501c379867e0d01ed9ab6f7661ecf265,ppe_train_image1394_7e694846ad,ppe_orig,oversample_vest1_oversample_vest1_oversample_vest1_ppe_train_image1394_7e694846ad,vest_oversample
5bbf624e501c379867e0d01ed9ab6f7661ecf265,ppe_train_image1394_7e694846ad,ppe_orig,oversample_vest1_oversample_vest1_oversample_vest2_ppe_train_image1394_7e694846ad,vest_oversample
5bbf624e501c379867e0d01ed9ab6f7661ecf265,ppe_train_image1394_7e694846ad,ppe_orig,oversample_vest1_oversample_vest1_ppe_train_image1394_7e694846ad,vest_oversample
5bbf624e501c379867e0d01ed9ab6f7661ecf265,ppe_train_image1394_7e694846ad,ppe_orig,oversample_vest1_oversample_vest2_oversample_vest1_ppe_train_image1394_7e694846ad,vest_oversample
5bbf624e501c379867e0d01ed9ab6f7661ecf265,ppe_train_image1394_7e694846ad,ppe_orig,oversample_vest1_oversample_vest2_oversample_vest2_ppe_train_image1394_7e694846ad,vest_oversample
5bbf624e501c379867e0d01ed9ab6f7661ecf265,ppe_train_image1394_7e694846ad,ppe_orig,oversample_vest1_oversample_vest2_ppe_train_image1394_7e694846ad,vest_oversample
5bbf624e501c379867e0d01ed9ab6f7661ecf265,ppe_train_image1394_7e694846ad,ppe_orig,oversample_vest1_ppe_train_image1394_7e694846ad,vest_oversample
5bbf624e501c379867e0d01ed9ab6f7661ecf265,ppe_train_image1394_7e694846ad,ppe_orig,oversample_vest2_oversample_vest1_oversample_vest1_ppe_train_image1394_7e694846ad,vest_oversample
5bbf624e501c379867e0d01ed9ab6f7661ecf265,ppe_train_image1394_7e694846ad,ppe_orig,oversample_vest2_oversample_vest1_oversample_vest2_ppe_train_image1394_7e694846ad,vest_oversample
5bbf624e501c379867e0d01ed9ab6f7661ecf265,ppe_train_image1394_7e694846ad,ppe_orig,oversample_vest2_oversample_vest1_ppe_train_image1394_7e694846ad,vest_oversample
5bbf624e501c379867e0d01ed9ab6f7661ecf265,ppe_train_image1394_7e694846ad,ppe_orig,oversample_vest2_oversample_vest2_oversample_vest1_ppe_train_image1394_7e694846ad,vest_oversample
5bbf624e501c379867e0d01ed9ab6f7661ecf265,ppe_train_image1394_7e694846ad,ppe_orig,oversample_vest2_oversample_vest2_oversample_vest2_ppe_train_image1394_7e694846ad,vest_oversample
5bbf624e501c379867e0d01ed9ab6f7661ecf265,ppe_train_image1394_7e694846ad,ppe_orig,oversample_vest2_oversample_vest2_ppe_train_image1394_7e694846ad,vest_oversample
5bbf624e501c379867e0d01ed9ab6f7661ecf265,ppe_train_image1394_7e694846ad,ppe_orig,oversample_vest2_ppe_train_image1394_7e694846ad,vest_oversample
5e1114dc313722745654f79f9acf46595044f999,ppe_train_image1395_2de79b8e3d,ppe_orig,oversample_vest1_oversample_vest1_oversample_vest1_ppe_train_image1395_2de79b8e3d,vest_oversample
5e1114dc313722745654f79f9acf46595044f999,ppe_train_image1395_2de79b8e3d,ppe_orig,oversample_vest1_oversample_vest1_oversample_vest2_ppe_train_image1395_2de79b8e3d,vest_oversample
5e1114dc313722745654f79f9acf46595044f999,ppe_train_image1395_2de79b8e3d,ppe_orig,oversample_vest1_oversample_vest1_ppe_train_image1395_2de79b8e3d,vest_oversample
5e1114dc313722745654f79f9acf46595044f999,ppe_train_image1395_2de79b8e3d,ppe_orig,oversample_vest1_oversample_vest2_oversample_vest1_ppe_train_image1395_2de79b8e3d,vest_oversample
5e1114dc313722745654f79f9acf46595044f999,ppe_train_image1395_2de79b8e3d,ppe_orig,oversample_vest1_oversample_vest2_oversample_vest2_ppe_train_image1395_2de79b8e3d,vest_oversample
5e1114dc313722745654f79f9acf46595044f999,ppe_train_image1395_2de79b8e3d,ppe_orig,oversample_vest1_oversample_vest2_ppe_train_image1395_2de79b8e3d,vest_oversample
5e1114dc313722745654f79f9acf46595044f999,ppe_train_image1395_2de79b8e3d,ppe_orig,oversample_vest1_ppe_train_image1395_2de79b8e3d,vest_oversample
5e1114dc313722745654f79f9acf46595044f999,ppe_train_image1395_2de79b8e3d,ppe_orig,oversample_vest2_oversample_vest1_oversample_vest1_ppe_train_image1395_2de79b8e3d,vest_oversample
5e1114dc313722745654f79f9acf46595044f999,ppe_train_image1395_2de79b8e3d,ppe_orig,oversample_vest2_oversample_vest1_oversample_vest2_ppe_train_image1395_2de79b8e3d,vest_oversample
5e1114dc313722745654f79f9acf46595044f999,ppe_train_image1395_2de79b8e3d,ppe_orig,oversample_vest2_oversample_vest1_ppe_train_image1395_2de79b8e3d,vest_oversample
5e1114dc313722745654f79f9acf46595044f999,ppe_train_image1395_2de79b8e3d,ppe_orig,oversample_vest2_oversample_vest2_oversample_vest1_ppe_train_image1395_2de79b8e3d,vest_oversample
5e1114dc313722745654f79f9acf46595044f999,ppe_train_image1395_2de79b8e3d,ppe_orig,oversample_vest2_oversample_vest2_oversample_vest2_ppe_train_image1395_2de79b8e3d,vest_oversample
5e1114dc313722745654f79f9acf46595044f999,ppe_train_image1395_2de79b8e3d,ppe_orig,oversample_vest2_oversample_vest2_ppe_train_image1395_2de79b8e3d,vest_oversample
5e1114dc313722745654f79f9acf46595044f999,ppe_train_image1395_2de79b8e3d,ppe_orig,oversample_vest2_ppe_train_image1395_2de79b8e3d,vest_oversample
d47e7cc9bf56b4189427c3136aab89ddacd32e0f,ppe_train_image1396_0bcc47ba33,ppe_orig,oversample_vest1_oversample_vest1_oversample_vest1_ppe_train_image1396_0bcc47ba33,vest_oversample
d47e7cc9bf56b4189427c3136aab89ddacd32e0f,ppe_train_image1396_0bcc47ba33,ppe_orig,oversample_vest1_oversample_vest1_oversample_vest2_ppe_train_image1396_0bcc47ba33,vest_oversample
d47e7cc9bf56b4189427c3136aab89ddacd32e0f,ppe_train_image1396_0bcc47ba33,ppe_orig,oversample_vest1_oversample_vest1_ppe_train_image1396_0bcc47ba33,vest_oversample
d47e7cc9bf56b4189427c3136aab89ddacd32e0f,ppe_train_image1396_0bcc47ba33,ppe_orig,oversample_vest1_oversample_vest2_oversample_vest1_ppe_train_image1396_0bcc47ba33,vest_oversample
d47e7cc9bf56b4189427c3136aab89ddacd32e0f,ppe_train_image1396_0bcc47ba33,ppe_orig,oversample_vest1_oversample_vest2_oversample_vest2_ppe_train_image1396_0bcc47ba33,vest_oversample
d47e7cc9bf56b4189427c3136aab89ddacd32e0f,ppe_train_image1396_0bcc47ba33,ppe_orig,oversample_vest1_oversample_vest2_ppe_train_image1396_0bcc47ba33,vest_oversample
d47e7cc9bf56b4189427c3136aab89ddacd32e0f,ppe_train_image1396_0bcc47ba33,ppe_orig,oversample_vest1_ppe_train_image1396_0bcc47ba33,vest_oversample
d47e7cc9bf56b4189427c3136aab89ddacd32e0f,ppe_train_image1396_0bcc47ba33,ppe_orig,oversample_vest2_oversample_vest1_oversample_vest1_ppe_train_image1396_0bcc47ba33,vest_oversample
d47e7cc9bf56b4189427c3136aab89ddacd32e0f,ppe_train_image1396_0bcc47ba33,ppe_orig,oversample_vest2_oversample_vest1_oversample_vest2_ppe_train_image1396_0bcc47ba33,vest_oversample
d47e7cc9bf56b4189427c3136aab89ddacd32e0f,ppe_train_image1396_0bcc47ba33,ppe_orig,oversample_vest2_oversample_vest1_ppe_train_image1396_0bcc47ba33,vest_oversample
d47e7cc9bf56b4189427c3136aab89ddacd32e0f,ppe_train_image1396_0bcc47ba33,ppe_orig,oversample_vest2_oversample_vest2_oversample_vest1_ppe_train_image1396_0bcc47ba33,vest_oversample
d47e7cc9bf56b4189427c3136aab89ddacd32e0f,ppe_train_image1396_0bcc47ba33,ppe_orig,oversample_vest2_oversample_vest2_oversample_vest2_ppe_train_image1396_0bcc47ba33,vest_oversample
d47e7cc9bf56b4189427c3136aab89ddacd32e0f,ppe_train_image1396_0bcc47ba33,ppe_orig,oversample_vest2_oversample_vest2_ppe_train_image1396_0bcc47ba33,vest_oversample
d47e7cc9bf56b4189427c3136aab89ddacd32e0f,ppe_train_image1396_0bcc47ba33,ppe_orig,oversample_vest2_ppe_train_image1396_0bcc47ba33,vest_oversample
a381b505b941440bb38d79fe7ea4126d80f15903,ppe_train_image1398_5b8f122b3a,ppe_orig,oversample_vest1_oversample_vest1_oversample_vest1_ppe_train_image1398_5b8f122b3a,vest_oversample
a381b505b941440bb38d79fe7ea4126d80f15903,ppe_train_image1398_5b8f122b3a,ppe_orig,oversample_vest1_oversample_vest1_oversample_vest2_ppe_train_image1398_5b8f122b3a,vest_oversample
a381b505b941440bb38d79fe7ea4126d80f15903,ppe_train_image1398_5b8f122b3a,ppe_orig,oversample_vest1_oversample_vest1_ppe_train_image1398_5b8f122b3a,vest_oversample
a381b505b941440bb38d79fe7ea4126d80f15903,ppe_train_image1398_5b8f122b3a,ppe_orig,oversample_vest1_oversample_vest2_oversample_vest1_ppe_train_image1398_5b8f122b3a,vest_oversample
a381b505b941440bb38d79fe7ea4126d80f15903,ppe_train_image1398_5b8f122b3a,ppe_orig,oversample_vest1_oversample_vest2_oversample_vest2_ppe_train_image1398_5b8f122b3a,vest_oversample
a381b505b941440bb38d79fe7ea4126d80f15903,ppe_train_image1398_5b8f122b3a,ppe_orig,oversample_vest1_oversample_vest2_ppe_train_image1398_5b8f122b3a,vest_oversample
a381b505b941440bb38d79fe7ea4126d80f15903,ppe_train_image1398_5b8f122b3a,ppe_orig,oversample_vest1_ppe_train_image1398_5b8f122b3a,vest_oversample
a381b505b941440bb38d79fe7ea4126d80f15903,ppe_train_image1398_5b8f122b3a,ppe_orig,oversample_vest2_oversample_vest1_oversample_vest1_ppe_train_image1398_5b8f122b3a,vest_oversample
a381b505b941440bb38d79fe7ea4126d80f15903,ppe_train_image1398_5b8f122b3a,ppe_orig,oversample_vest2_oversample_vest1_oversample_vest2_ppe_train_image1398_5b8f122b3a,vest_oversample
a381b505b941440bb38d79fe7ea4126d80f15903,ppe_train_image1398_5b8f122b3a,ppe_orig,oversample_vest2_oversample_vest1_ppe_train_image1398_5b8f122b3a,vest_oversample
a381b505b941440bb38d79fe7ea4126d80f15903,ppe_train_image1398_5b8f122b3a,ppe_orig,oversample_vest2_oversample_vest2_oversample_vest1_ppe_train_image1398_5b8f122b3a,vest_oversample
a381b505b941440bb38d79fe7ea4126d80f15903,ppe_train_image1398_5b8f122b3a,ppe_orig,oversample_vest2_oversample_vest2_oversample_vest2_ppe_train_image1398_5b8f122b3a,vest_oversample
a381b505b941440bb38d79fe7ea4126d80f15903,ppe_train_image1398_5b8f122b3a,ppe_orig,oversample_vest2_oversample_vest2_ppe_train_image1398_5b8f122b3a,vest_oversample
a381b505b941440bb38d79fe7ea4126d80f15903,ppe_train_image1398_5b8f122b3a,ppe_orig,oversample_vest2_ppe_train_image1398_5b8f122b3a,vest_oversample
85fd81ba5b548b9b3b70c690a35b76b5b50011d2,ppe_train_image1399_4028c7102d,ppe_orig,oversample_vest1_oversample_vest1_oversample_vest1_ppe_train_image1399_4028c7102d,vest_oversample
85fd81ba5b548b9b3b70c690a35b76b5b50011d2,ppe_train_image1399_4028c7102d,ppe_orig,oversample_vest1_oversample_vest1_oversample_vest2_ppe_train_image1399_4028c7102d,vest_oversample
85fd81ba5b548b9b3b70c690a35b76b5b50011d2,ppe_train_image1399_4028c7102d,ppe_orig,oversample_vest1_oversample_vest1_ppe_train_image1399_4028c7102d,vest_oversample
85fd81ba5b548b9b3b70c690a35b76b5b50011d2,ppe_train_image1399_4028c7102d,ppe_orig,oversample_vest1_oversample_vest2_oversample_vest1_ppe_train_image1399_4028c7102d,vest_oversample
85fd81ba5b548b9b3b70c690a35b76b5b50011d2,ppe_train_image1399_4028c7102d,ppe_orig,oversample_vest1_oversample_vest2_oversample_vest2_ppe_train_image1399_4028c7102d,vest_oversample
85fd81ba5b548b9b3b70c690a35b76b5b50011d2,ppe_train_image1399_4028c7102d,ppe_orig,oversample_vest1_oversample_vest2_ppe_train_image1399_4028c7102d,vest_oversample
85fd81ba5b548b9b3b70c690a35b76b5b50011d2,ppe_train_image1399_4028c7102d,ppe_orig,oversample_vest1_ppe_train_image1399_4028c7102d,vest_oversample
85fd81ba5b548b9b3b70c690a35b76b5b50011d2,ppe_train_image1399_4028c7102d,ppe_orig,oversample_vest2_oversample_vest1_oversample_vest1_ppe_train_image1399_4028c7102d,vest_oversample
85fd81ba5b548b9b3b70c690a35b76b5b50011d2,ppe_train_image1399_4028c7102d,ppe_orig,oversample_vest2_oversample_vest1_oversample_vest2_ppe_train_image1399_4028c7102d,vest_oversample
85fd81ba5b548b9b3b70c690a35b76b5b50011d2,ppe_train_image1399_4028c7102d,ppe_orig,oversample_vest2_oversample_vest1_ppe_train_image1399_4028c7102d,vest_oversample
85fd81ba5b548b9b3b70c690a35b76b5b50011d2,ppe_train_image1399_4028c7102d,ppe_orig,oversample_vest2_oversample_vest2_oversample_vest1_ppe_train_image1399_4028c7102d,vest_oversample
85fd81ba5b548b9b3b70c690a35b76b5b50011d2,ppe_train_image1399_4028c7102d,ppe_orig,oversample_vest2_oversample_vest2_oversample_vest2_ppe_train_image1399_4028c7102d,vest_oversample
85fd81ba5b548b9b3b70c690a35b76b5b50011d2,ppe_train_image1399_4028c7102d,ppe_orig,oversample_vest2_oversample_vest2_ppe_train_image1399_4028c7102d,vest_oversample
85fd81ba5b548b9b3b70c690a35b76b5b50011d2,ppe_train_image1399_4028c7102d,ppe_orig,oversample_vest2_ppe_train_image1399_4028c7102d,vest_oversample
ca579afac9f4497a122824382f02f59144b7e27f,ppe_train_image1400_c7c0e7245d,ppe_orig,oversample_vest1_oversample_vest1_oversample_vest1_ppe_train_image1400_c7c0e7245d,vest_oversample
ca579afac9f4497a122824382f02f59144b7e27f,ppe_train_image1400_c7c0e7245d,ppe_orig,oversample_vest1_oversample_vest1_oversample_vest2_ppe_train_image1400_c7c0e7245d,vest_oversample
ca579afac9f4497a122824382f02f59144b7e27f,ppe_train_image1400_c7c0e7245d,ppe_orig,oversample_vest1_oversample_vest1_ppe_train_image1400_c7c0e7245d,vest_oversample
ca579afac9f4497a122824382f02f59144b7e27f,ppe_train_image1400_c7c0e7245d,ppe_orig,oversample_vest1_oversample_vest2_oversample_vest1_ppe_train_image1400_c7c0e7245d,vest_oversample
ca579afac9f4497a122824382f02f59144b7e27f,ppe_train_image1400_c7c0e7245d,ppe_orig,oversample_vest1_oversample_vest2_oversample_vest2_ppe_train_image1400_c7c0e7245d,vest_oversample
ca579afac9f4497a122824382f02f59144b7e27f,ppe_train_image1400_c7c0e7245d,ppe_orig,oversample_vest1_oversample_vest2_ppe_train_image1400_c7c0e7245d,vest_oversample
ca579afac9f4497a122824382f02f59144b7e27f,ppe_train_image1400_c7c0e7245d,ppe_orig,oversample_vest1_ppe_train_image1400_c7c0e7245d,vest_oversample
ca579afac9f4497a122824382f02f59144b7e27f,ppe_train_image1400_c7c0e7245d,ppe_orig,oversample_vest2_oversample_vest1_oversample_vest1_ppe_train_image1400_c7c0e7245d,vest_oversample
ca579afac9f4497a122824382f02f59144b7e27f,ppe_train_image1400_c7c0e7245d,ppe_orig,oversample_vest2_oversample_vest1_oversample_vest2_ppe_train_image1400_c7c0e7245d,vest_oversample
ca579afac9f4497a122824382f02f59144b7e27f,ppe_train_image1400_c7c0e7245d,ppe_orig,oversample_vest2_oversample_vest1_ppe_train_image1400_c7c0e7245d,vest_oversample
ca579afac9f4497a122824382f02f59144b7e27f,ppe_train_image1400_c7c0e7245d,ppe_orig,oversample_vest2_oversample_vest2_oversample_vest1_ppe_train_image1400_c7c0e7245d,vest_oversample
ca579afac9f4497a122824382f02f59144b7e27f,ppe_train_image1400_c7c0e7245d,ppe_orig,oversample_vest2_oversample_vest2_oversample_vest2_ppe_train_image1400_c7c0e7245d,vest_oversample
ca579afac9f4497a122824382f02f59144b7e27f,ppe_train_image1400_c7c0e7245d,ppe_orig,oversample_vest2_oversample_vest2_ppe_train_image1400_c7c0e7245d,vest_oversample
ca579afac9f4497a122824382f02f59144b7e27f,ppe_train_image1400_c7c0e7245d,ppe_orig,oversample_vest2_ppe_train_image1400_c7c0e7245d,vest_oversample
0df5862dfe0bd7c9ca6383ce0beaa7d9243a60b4,ppe_train_image1401_26881c6012,ppe_orig,oversample_vest1_oversample_vest1_oversample_vest1_ppe_train_image1401_26881c6012,vest_oversample
0df5862dfe0bd7c9ca6383ce0beaa7d9243a60b4,ppe_train_image1401_26881c6012,ppe_orig,oversample_vest1_oversample_vest1_oversample_vest2_ppe_train_image1401_26881c6012,vest_oversample
0df5862dfe0bd7c9ca6383ce0beaa7d9243a60b4,ppe_train_image1401_26881c6012,ppe_orig,oversample_vest1_oversample_vest1_ppe_train_image1401_26881c6012,vest_oversample
0df5862dfe0bd7c9ca6383ce0beaa7d9243a60b4,ppe_train_image1401_26881c6012,ppe_orig,oversample_vest1_oversample_vest2_oversample_vest1_ppe_train_image1401_26881c6012,vest_oversample
0df5862dfe0bd7c9ca6383ce0beaa7d9243a60b4,ppe_train_image1401_26881c6012,ppe_orig,oversample_vest1_oversample_vest2_oversample_vest2_ppe_train_image1401_26881c6012,vest_oversample
0df5862dfe0bd7c9ca6383ce0beaa7d9243a60b4,ppe_train_image1401_26881c6012,ppe_orig,oversample_vest1_oversample_vest2_ppe_train_image1401_26881c6012,vest_oversample
0df5862dfe0bd7c9ca6383ce0beaa7d9243a60b4,ppe_train_image1401_26881c6012,ppe_orig,oversample_vest1_ppe_train_image1401_26881c6012,vest_oversample
0df5862dfe0bd7c9ca6383ce0beaa7d9243a60b4,ppe_train_image1401_26881c6012,ppe_orig,oversample_vest2_oversample_vest1_oversample_vest1_ppe_train_image1401_26881c6012,vest_oversample
0df5862dfe0bd7c9ca6383ce0beaa7d9243a60b4,ppe_train_image1401_26881c6012,ppe_orig,oversample_vest2_oversample_vest1_oversample_vest2_ppe_train_image1401_26881c6012,vest_oversample
0df5862dfe0bd7c9ca6383ce0beaa7d9243a60b4,ppe_train_image1401_26881c6012,ppe_orig,oversample_vest2_oversample_vest1_ppe_train_image1401_26881c6012,vest_oversample
0df5862dfe0bd7c9ca6383ce0beaa7d9243a60b4,ppe_train_image1401_26881c6012,ppe_orig,oversample_vest2_oversample_vest2_oversample_vest1_ppe_train_image1401_26881c6012,vest_oversample
0df5862dfe0bd7c9ca6383ce0beaa7d9243a60b4,ppe_train_image1401_26881c6012,ppe_orig,oversample_vest2_oversample_vest2_oversample_vest2_ppe_train_image1401_26881c6012,vest_oversample
0df5862dfe0bd7c9ca6383ce0beaa7d9243a60b4,ppe_train_image1401_26881c6012,ppe_orig,oversample_vest2_oversample_vest2_ppe_train_image1401_26881c6012,vest_oversample
0df5862dfe0bd7c9ca6383ce0beaa7d9243a60b4,ppe_train_image1401_26881c6012,ppe_orig,oversample_vest2_ppe_train_image1401_26881c6012,vest_oversample
4a16d4be74fe41a8e95033c3eb8eda78170ad73e,ppe_train_image1403_cf016ccd94,ppe_orig,oversample_vest1_oversample_vest1_oversample_vest1_ppe_train_image1403_cf016ccd94,vest_oversample
4a16d4be74fe41a8e95033c3eb8eda78170ad73e,ppe_train_image1403_cf016ccd94,ppe_orig,oversample_vest1_oversample_vest1_oversample_vest2_ppe_train_image1403_cf016ccd94,vest_oversample
4a16d4be74fe41a8e95033c3eb8eda78170ad73e,ppe_train_image1403_cf016ccd94,ppe_orig,oversample_vest1_oversample_vest1_ppe_train_image1403_cf016ccd94,vest_oversample
4a16d4be74fe41a8e95033c3eb8eda78170ad73e,ppe_train_image1403_cf016ccd94,ppe_orig,oversample_vest1_oversample_vest2_oversample_vest1_ppe_train_image1403_cf016ccd94,vest_oversample
4a16d4be74fe41a8e95033c3eb8eda78170ad73e,ppe_train_image1403_cf016ccd94,ppe_orig,oversample_vest1_oversample_vest2_oversample_vest2_ppe_train_image1403_cf016ccd94,vest_oversample
4a16d4be74fe41a8e95033c3eb8eda78170ad73e,ppe_train_image1403_cf016ccd94,ppe_orig,oversample_vest1_oversample_vest2_ppe_train_image1403_cf016ccd94,vest_oversample
4a16d4be74fe41a8e95033c3eb8eda78170ad73e,ppe_train_image1403_cf016ccd94,ppe_orig,oversample_vest1_ppe_train_image1403_cf016ccd94,vest_oversample
4a16d4be74fe41a8e95033c3eb8eda78170ad73e,ppe_train_image1403_cf016ccd94,ppe_orig,oversample_vest2_oversample_vest1_oversample_vest1_ppe_train_image1403_cf016ccd94,vest_oversample
4a16d4be74fe41a8e95033c3eb8eda78170ad73e,ppe_train_image1403_cf016ccd94,ppe_orig,oversample_vest2_oversample_vest1_oversample_vest2_ppe_train_image1403_cf016ccd94,vest_oversample
4a16d4be74fe41a8e95033c3eb8eda78170ad73e,ppe_train_image1403_cf016ccd94,ppe_orig,oversample_vest2_oversample_vest1_ppe_train_image1403_cf016ccd94,vest_oversample
4a16d4be74fe41a8e95033c3eb8eda78170ad73e,ppe_train_image1403_cf016ccd94,ppe_orig,oversample_vest2_oversample_vest2_oversample_vest1_ppe_train_image1403_cf016ccd94,vest_oversample
4a16d4be74fe41a8e95033c3eb8eda78170ad73e,ppe_train_image1403_cf016ccd94,ppe_orig,oversample_vest2_oversample_vest2_oversample_vest2_ppe_train_image1403_cf016ccd94,vest_oversample
4a16d4be74fe41a8e95033c3eb8eda78170ad73e,ppe_train_image1403_cf016ccd94,ppe_orig,oversample_vest2_oversample_vest2_ppe_train_image1403_cf016ccd94,vest_oversample
4a16d4be74fe41a8e95033c3eb8eda78170ad73e,ppe_train_image1403_cf016ccd94,ppe_orig,oversample_vest2_ppe_train_image1403_cf016ccd94,vest_oversample
0729fd37100dd61ff75022a05329e9adb4bbd2aa,ppe_train_image1404_5955bb22aa,ppe_orig,oversample_vest1_oversample_vest1_oversample_vest1_ppe_train_image1404_5955bb22aa,vest_oversample
0729fd37100dd61ff75022a05329e9adb4bbd2aa,ppe_train_image1404_5955bb22aa,ppe_orig,oversample_vest1_oversample_vest1_oversample_vest2_ppe_train_image1404_5955bb22aa,vest_oversample
0729fd37100dd61ff75022a05329e9adb4bbd2aa,ppe_train_image1404_5955bb22aa,ppe_orig,oversample_vest1_oversample_vest1_ppe_train_image1404_5955bb22aa,vest_oversample
0729fd37100dd61ff75022a05329e9adb4bbd2aa,ppe_train_image1404_5955bb22aa,ppe_orig,oversample_vest1_oversample_vest2_oversample_vest1_ppe_train_image1404_5955bb22aa,vest_oversample
0729fd37100dd61ff75022a05329e9adb4bbd2aa,ppe_train_image1404_5955bb22aa,ppe_orig,oversample_vest1_oversample_vest2_oversample_vest2_ppe_train_image1404_5955bb22aa,vest_oversample
0729fd37100dd61ff75022a05329e9adb4bbd2aa,ppe_train_image1404_5955bb22aa,ppe_orig,oversample_vest1_oversample_vest2_ppe_train_image1404_5955bb22aa,vest_oversample
0729fd37100dd61ff75022a05329e9adb4bbd2aa,ppe_train_image1404_5955bb22aa,ppe_orig,oversample_vest1_ppe_train_image1404_5955bb22aa,vest_oversample
0729fd37100dd61ff75022a05329e9adb4bbd2aa,ppe_train_image1404_5955bb22aa,ppe_orig,oversample_vest2_oversample_vest1_oversample_vest1_ppe_train_image1404_5955bb22aa,vest_oversample
0729fd37100dd61ff75022a05329e9adb4bbd2aa,ppe_train_image1404_5955bb22aa,ppe_orig,oversample_vest2_oversample_vest1_oversample_vest2_ppe_train_image1404_5955bb22aa,vest_oversample
0729fd37100dd61ff75022a05329e9adb4bbd2aa,ppe_train_image1404_5955bb22aa,ppe_orig,oversample_vest2_oversample_vest1_ppe_train_image1404_5955bb22aa,vest_oversample
0729fd37100dd61ff75022a05329e9adb4bbd2aa,ppe_train_image1404_5955bb22aa,ppe_orig,oversample_vest2_oversample_vest2_oversample_vest1_ppe_train_image1404_5955bb22aa,vest_oversample
0729fd37100dd61ff75022a05329e9adb4bbd2aa,ppe_train_image1404_5955bb22aa,ppe_orig,oversample_vest2_oversample_vest2_oversample_vest2_ppe_train_image1404_5955bb22aa,vest_oversample
0729fd37100dd61ff75022a05329e9adb4bbd2aa,ppe_train_image1404_5955bb22aa,ppe_orig,oversample_vest2_oversample_vest2_ppe_train_image1404_5955bb22aa,vest_oversample
0729fd37100dd61ff75022a05329e9adb4bbd2aa,ppe_train_image1404_5955bb22aa,ppe_orig,oversample_vest2_ppe_train_image1404_5955bb22aa,vest_oversample
6f2768bca8e5f53d0074b891e8a658d5a475a5ca,ppe_train_image1405_2bd16fcaa9,ppe_orig,oversample_vest1_oversample_vest1_oversample_vest1_ppe_train_image1405_2bd16fcaa9,vest_oversample
6f2768bca8e5f53d0074b891e8a658d5a475a5ca,ppe_train_image1405_2bd16fcaa9,ppe_orig,oversample_vest1_oversample_vest1_oversample_vest2_ppe_train_image1405_2bd16fcaa9,vest_oversample
6f2768bca8e5f53d0074b891e8a658d5a475a5ca,ppe_train_image1405_2bd16fcaa9,ppe_orig,oversample_vest1_oversample_vest1_ppe_train_image1405_2bd16fcaa9,vest_oversample
6f2768bca8e5f53d0074b891e8a658d5a475a5ca,ppe_train_image1405_2bd16fcaa9,ppe_orig,oversample_vest1_oversample_vest2_oversample_vest1_ppe_train_image1405_2bd16fcaa9,vest_oversample
6f2768bca8e5f53d0074b891e8a658d5a475a5ca,ppe_train_image1405_2bd16fcaa9,ppe_orig,oversample_vest1_oversample_vest2_oversample_vest2_ppe_train_image1405_2bd16fcaa9,vest_oversample
6f2768bca8e5f53d0074b891e8a658d5a475a5ca,ppe_train_image1405_2bd16fcaa9,ppe_orig,oversample_vest1_oversample_vest2_ppe_train_image1405_2bd16fcaa9,vest_oversample
6f2768bca8e5f53d0074b891e8a658d5a475a5ca,ppe_train_image1405_2bd16fcaa9,ppe_orig,oversample_vest1_ppe_train_image1405_2bd16fcaa9,vest_oversample
6f2768bca8e5f53d0074b891e8a658d5a475a5ca,ppe_train_image1405_2bd16fcaa9,ppe_orig,oversample_vest2_oversample_vest1_oversample_vest1_ppe_train_image1405_2bd16fcaa9,vest_oversample
6f2768bca8e5f53d0074b891e8a658d5a475a5ca,ppe_train_image1405_2bd16fcaa9,ppe_orig,oversample_vest2_oversample_vest1_oversample_vest2_ppe_train_image1405_2bd16fcaa9,vest_oversample
6f2768bca8e5f53d0074b891e8a658d5a475a5ca,ppe_train_image1405_2bd16fcaa9,ppe_orig,oversample_vest2_oversample_vest1_ppe_train_image1405_2bd16fcaa9,vest_oversample
6f2768bca8e5f53d0074b891e8a658d5a475a5ca,ppe_train_image1405_2bd16fcaa9,ppe_orig,oversample_vest2_oversample_vest2_oversample_vest1_ppe_train_image1405_2bd16fcaa9,vest_oversample
6f2768bca8e5f53d0074b891e8a658d5a475a5ca,ppe_train_image1405_2bd16fcaa9,ppe_orig,oversample_vest2_oversample_vest2_oversample_vest2_ppe_train_image1405_2bd16fcaa9,vest_oversample
6f2768bca8e5f53d0074b891e8a658d5a475a5ca,ppe_train_image1405_2bd16fcaa9,ppe_orig,oversample_vest2_oversample_vest2_ppe_train_image1405_2bd16fcaa9,vest_oversample
6f2768bca8e5f53d0074b891e8a658d5a475a5ca,ppe_train_image1405_2bd16fcaa9,ppe_orig,oversample_vest2_ppe_train_image1405_2bd16fcaa9,vest_oversample
215f6ea997dc2af2965add19b260baee0c792484,ppe_train_image1407_85a39e368d,ppe_orig,oversample_vest1_oversample_vest1_oversample_vest1_ppe_train_image1407_85a39e368d,vest_oversample
215f6ea997dc2af2965add19b260baee0c792484,ppe_train_image1407_85a39e368d,ppe_orig,oversample_vest1_oversample_vest1_oversample_vest2_ppe_train_image1407_85a39e368d,vest_oversample
215f6ea997dc2af2965add19b260baee0c792484,ppe_train_image1407_85a39e368d,ppe_orig,oversample_vest1_oversample_vest1_ppe_train_image1407_85a39e368d,vest_oversample
215f6ea997dc2af2965add19b260baee0c792484,ppe_train_image1407_85a39e368d,ppe_orig,oversample_vest1_oversample_vest2_oversample_vest1_ppe_train_image1407_85a39e368d,vest_oversample
215f6ea997dc2af2965add19b260baee0c792484,ppe_train_image1407_85a39e368d,ppe_orig,oversample_vest1_oversample_vest2_oversample_vest2_ppe_train_image1407_85a39e368d,vest_oversample
215f6ea997dc2af2965add19b260baee0c792484,ppe_train_image1407_85a39e368d,ppe_orig,oversample_vest1_oversample_vest2_ppe_train_image1407_85a39e368d,vest_oversample
215f6ea997dc2af2965add19b260baee0c792484,ppe_train_image1407_85a39e368d,ppe_orig,oversample_vest1_ppe_train_image1407_85a39e368d,vest_oversample
215f6ea997dc2af2965add19b260baee0c792484,ppe_train_image1407_85a39e368d,ppe_orig,oversample_vest2_oversample_vest1_oversample_vest1_ppe_train_image1407_85a39e368d,vest_oversample
215f6ea997dc2af2965add19b260baee0c792484,ppe_train_image1407_85a39e368d,ppe_orig,oversample_vest2_oversample_vest1_oversample_vest2_ppe_train_image1407_85a39e368d,vest_oversample
215f6ea997dc2af2965add19b260baee0c792484,ppe_train_image1407_85a39e368d,ppe_orig,oversample_vest2_oversample_vest1_ppe_train_image1407_85a39e368d,vest_oversample
215f6ea997dc2af2965add19b260baee0c792484,ppe_train_image1407_85a39e368d,ppe_orig,oversample_vest2_oversample_vest2_oversample_vest1_ppe_train_image1407_85a39e368d,vest_oversample
215f6ea997dc2af2965add19b260baee0c792484,ppe_train_image1407_85a39e368d,ppe_orig,oversample_vest2_oversample_vest2_oversample_vest2_ppe_train_image1407_85a39e368d,vest_oversample
215f6ea997dc2af2965add19b260baee0c792484,ppe_train_image1407_85a39e368d,ppe_orig,oversample_vest2_oversample_vest2_ppe_train_image1407_85a39e368d,vest_oversample
215f6ea997dc2af2965add19b260baee0c792484,ppe_train_image1407_85a39e368d,ppe_orig,oversample_vest2_ppe_train_image1407_85a39e368d,vest_oversample
161f926bb71734658fc29fffc74e0043a1933b94,ppe_train_image1408_0b83f11b6d,ppe_orig,oversample_vest1_oversample_vest1_oversample_vest1_ppe_train_image1408_0b83f11b6d,vest_oversample
161f926bb71734658fc29fffc74e0043a1933b94,ppe_train_image1408_0b83f11b6d,ppe_orig,oversample_vest1_oversample_vest1_oversample_vest2_ppe_train_image1408_0b83f11b6d,vest_oversample
161f926bb71734658fc29fffc74e0043a1933b94,ppe_train_image1408_0b83f11b6d,ppe_orig,oversample_vest1_oversample_vest1_ppe_train_image1408_0b83f11b6d,vest_oversample
161f926bb71734658fc29fffc74e0043a1933b94,ppe_train_image1408_0b83f11b6d,ppe_orig,oversample_vest1_oversample_vest2_oversample_vest1_ppe_train_image1408_0b83f11b6d,vest_oversample
161f926bb71734658fc29fffc74e0043a1933b94,ppe_train_image1408_0b83f11b6d,ppe_orig,oversample_vest1_oversample_vest2_oversample_vest2_ppe_train_image1408_0b83f11b6d,vest_oversample
161f926bb71734658fc29fffc74e0043a1933b94,ppe_train_image1408_0b83f11b6d,ppe_orig,oversample_vest1_oversample_vest2_ppe_train_image1408_0b83f11b6d,vest_oversample
161f926bb71734658fc29fffc74e0043a1933b94,ppe_train_image1408_0b83f11b6d,ppe_orig,oversample_vest1_ppe_train_image1408_0b83f11b6d,vest_oversample
161f926bb71734658fc29fffc74e0043a1933b94,ppe_train_image1408_0b83f11b6d,ppe_orig,oversample_vest2_oversample_vest1_oversample_vest1_ppe_train_image1408_0b83f11b6d,vest_oversample
161f926bb71734658fc29fffc74e0043a1933b94,ppe_train_image1408_0b83f11b6d,ppe_orig,oversample_vest2_oversample_vest1_oversample_vest2_ppe_train_image1408_0b83f11b6d,vest_oversample
161f926bb71734658fc29fffc74e0043a1933b94,ppe_train_image1408_0b83f11b6d,ppe_orig,oversample_vest2_oversample_vest1_ppe_train_image1408_0b83f11b6d,vest_oversample
161f926bb71734658fc29fffc74e0043a1933b94,ppe_train_image1408_0b83f11b6d,ppe_orig,oversample_vest2_oversample_vest2_oversample_vest1_ppe_train_image1408_0b83f11b6d,vest_oversample
161f926bb71734658fc29fffc74e0043a1933b94,ppe_train_image1408_0b83f11b6d,ppe_orig,oversample_vest2_oversample_vest2_oversample_vest2_ppe_train_image1408_0b83f11b6d,vest_oversample
161f926bb71734658fc29fffc74e0043a1933b94,ppe_train_image1408_0b83f11b6d,ppe_orig,oversample_vest2_oversample_vest2_ppe_train_image1408_0b83f11b6d,vest_oversample
161f926bb71734658fc29fffc74e0043a1933b94,ppe_train_image1408_0b83f11b6d,ppe_orig,oversample_vest2_ppe_train_image1408_0b83f11b6d,vest_oversample
c7a49a33c8da4b159dc7ea7fd70855c0d16cec26,ppe_train_image1409_57585d7aed,ppe_orig,oversample_vest1_oversample_vest1_oversample_vest1_ppe_train_image1409_57585d7aed,vest_oversample
c7a49a33c8da4b159dc7ea7fd70855c0d16cec26,ppe_train_image1409_57585d7aed,ppe_orig,oversample_vest1_oversample_vest1_oversample_vest2_ppe_train_image1409_57585d7aed,vest_oversample
c7a49a33c8da4b159dc7ea7fd70855c0d16cec26,ppe_train_image1409_57585d7aed,ppe_orig,oversample_vest1_oversample_vest1_ppe_train_image1409_57585d7aed,vest_oversample
c7a49a33c8da4b159dc7ea7fd70855c0d16cec26,ppe_train_image1409_57585d7aed,ppe_orig,oversample_vest1_oversample_vest2_oversample_vest1_ppe_train_image1409_57585d7aed,vest_oversample
c7a49a33c8da4b159dc7ea7fd70855c0d16cec26,ppe_train_image1409_57585d7aed,ppe_orig,oversample_vest1_oversample_vest2_oversample_vest2_ppe_train_image1409_57585d7aed,vest_oversample
c7a49a33c8da4b159dc7ea7fd70855c0d16cec26,ppe_train_image1409_57585d7aed,ppe_orig,oversample_vest1_oversample_vest2_ppe_train_image1409_57585d7aed,vest_oversample
c7a49a33c8da4b159dc7ea7fd70855c0d16cec26,ppe_train_image1409_57585d7aed,ppe_orig,oversample_vest1_ppe_train_image1409_57585d7aed,vest_oversample
c7a49a33c8da4b159dc7ea7fd70855c0d16cec26,ppe_train_image1409_57585d7aed,ppe_orig,oversample_vest2_oversample_vest1_oversample_vest1_ppe_train_image1409_57585d7aed,vest_oversample
c7a49a33c8da4b159dc7ea7fd70855c0d16cec26,ppe_train_image1409_57585d7aed,ppe_orig,oversample_vest2_oversample_vest1_oversample_vest2_ppe_train_image1409_57585d7aed,vest_oversample
c7a49a33c8da4b159dc7ea7fd70855c0d16cec26,ppe_train_image1409_57585d7aed,ppe_orig,oversample_vest2_oversample_vest1_ppe_train_image1409_57585d7aed,vest_oversample
c7a49a33c8da4b159dc7ea7fd70855c0d16cec26,ppe_train_image1409_57585d7aed,ppe_orig,oversample_vest2_oversample_vest2_oversample_vest1_ppe_train_image1409_57585d7aed,vest_oversample
c7a49a33c8da4b159dc7ea7fd70855c0d16cec26,ppe_train_image1409_57585d7aed,ppe_orig,oversample_vest2_oversample_vest2_oversample_vest2_ppe_train_image1409_57585d7aed,vest_oversample
c7a49a33c8da4b159dc7ea7fd70855c0d16cec26,ppe_train_image1409_57585d7aed,ppe_orig,oversample_vest2_oversample_vest2_ppe_train_image1409_57585d7aed,vest_oversample
c7a49a33c8da4b159dc7ea7fd70855c0d16cec26,ppe_train_image1409_57585d7aed,ppe_orig,oversample_vest2_ppe_train_image1409_57585d7aed,vest_oversample
d9a3370c1d249d0edb6f03ebfcb19ada6e3dd799,ppe_train_image1410_6484042575,ppe_orig,oversample_vest1_oversample_vest1_oversample_vest1_ppe_train_image1410_6484042575,vest_oversample
d9a3370c1d249d0edb6f03ebfcb19ada6e3dd799,ppe_train_image1410_6484042575,ppe_orig,oversample_vest1_oversample_vest1_oversample_vest2_ppe_train_image1410_6484042575,vest_oversample
d9a3370c1d249d0edb6f03ebfcb19ada6e3dd799,ppe_train_image1410_6484042575,ppe_orig,oversample_vest1_oversample_vest1_ppe_train_image1410_6484042575,vest_oversample
d9a3370c1d249d0edb6f03ebfcb19ada6e3dd799,ppe_train_image1410_6484042575,ppe_orig,oversample_vest1_oversample_vest2_oversample_vest1_ppe_train_image1410_6484042575,vest_oversample
d9a3370c1d249d0edb6f03ebfcb19ada6e3dd799,ppe_train_image1410_6484042575,ppe_orig,oversample_vest1_oversample_vest2_oversample_vest2_ppe_train_image1410_6484042575,vest_oversample
d9a3370c1d249d0edb6f03ebfcb19ada6e3dd799,ppe_train_image1410_6484042575,ppe_orig,oversample_vest1_oversample_vest2_ppe_train_image1410_6484042575,vest_oversample
d9a3370c1d249d0edb6f03ebfcb19ada6e3dd799,ppe_train_image1410_6484042575,ppe_orig,oversample_vest1_ppe_train_image1410_6484042575,vest_oversample
d9a3370c1d249d0edb6f03ebfcb19ada6e3dd799,ppe_train_image1410_6484042575,ppe_orig,oversample_vest2_oversample_vest1_oversample_vest1_ppe_train_image1410_6484042575,vest_oversample
d9a3370c1d249d0edb6f03ebfcb19ada6e3dd799,ppe_train_image1410_6484042575,ppe_orig,oversample_vest2_oversample_vest1_oversample_vest2_ppe_train_image1410_6484042575,vest_oversample
d9a3370c1d249d0edb6f03ebfcb19ada6e3dd799,ppe_train_image1410_6484042575,ppe_orig,oversample_vest2_oversample_vest1_ppe_train_image1410_6484042575,vest_oversample
d9a3370c1d249d0edb6f03ebfcb19ada6e3dd799,ppe_train_image1410_6484042575,ppe_orig,oversample_vest2_oversample_vest2_oversample_vest1_ppe_train_image1410_6484042575,vest_oversample
d9a3370c1d249d0edb6f03ebfcb19ada6e3dd799,ppe_train_image1410_6484042575,ppe_orig,oversample_vest2_oversample_vest2_oversample_vest2_ppe_train_image1410_6484042575,vest_oversample
d9a3370c1d249d0edb6f03ebfcb19ada6e3dd799,ppe_train_image1410_6484042575,ppe_orig,oversample_vest2_oversample_vest2_ppe_train_image1410_6484042575,vest_oversample
d9a3370c1d249d0edb6f03ebfcb19ada6e3dd799,ppe_train_image1410_6484042575,ppe_orig,oversample_vest2_ppe_train_image1410_6484042575,vest_oversample
056e3a6bd32be9c7a075f7d26386de8ec6376b48,ppe_train_image1411_db8dc6391a,ppe_orig,oversample_vest1_oversample_vest1_oversample_vest1_ppe_train_image1411_db8dc6391a,vest_oversample
056e3a6bd32be9c7a075f7d26386de8ec6376b48,ppe_train_image1411_db8dc6391a,ppe_orig,oversample_vest1_oversample_vest1_oversample_vest2_ppe_train_image1411_db8dc6391a,vest_oversample
056e3a6bd32be9c7a075f7d26386de8ec6376b48,ppe_train_image1411_db8dc6391a,ppe_orig,oversample_vest1_oversample_vest1_ppe_train_image1411_db8dc6391a,vest_oversample
056e3a6bd32be9c7a075f7d26386de8ec6376b48,ppe_train_image1411_db8dc6391a,ppe_orig,oversample_vest1_oversample_vest2_oversample_vest1_ppe_train_image1411_db8dc6391a,vest_oversample
056e3a6bd32be9c7a075f7d26386de8ec6376b48,ppe_train_image1411_db8dc6391a,ppe_orig,oversample_vest1_oversample_vest2_oversample_vest2_ppe_train_image1411_db8dc6391a,vest_oversample
056e3a6bd32be9c7a075f7d26386de8ec6376b48,ppe_train_image1411_db8dc6391a,ppe_orig,oversample_vest1_oversample_vest2_ppe_train_image1411_db8dc6391a,vest_oversample
056e3a6bd32be9c7a075f7d26386de8ec6376b48,ppe_train_image1411_db8dc6391a,ppe_orig,oversample_vest1_ppe_train_image1411_db8dc6391a,vest_oversample
056e3a6bd32be9c7a075f7d26386de8ec6376b48,ppe_train_image1411_db8dc6391a,ppe_orig,oversample_vest2_oversample_vest1_oversample_vest1_ppe_train_image1411_db8dc6391a,vest_oversample
056e3a6bd32be9c7a075f7d26386de8ec6376b48,ppe_train_image1411_db8dc6391a,ppe_orig,oversample_vest2_oversample_vest1_oversample_vest2_ppe_train_image1411_db8dc6391a,vest_oversample
056e3a6bd32be9c7a075f7d26386de8ec6376b48,ppe_train_image1411_db8dc6391a,ppe_orig,oversample_vest2_oversample_vest1_ppe_train_image1411_db8dc6391a,vest_oversample
056e3a6bd32be9c7a075f7d26386de8ec6376b48,ppe_train_image1411_db8dc6391a,ppe_orig,oversample_vest2_oversample_vest2_oversample_vest1_ppe_train_image1411_db8dc6391a,vest_oversample
056e3a6bd32be9c7a075f7d26386de8ec6376b48,ppe_train_image1411_db8dc6391a,ppe_orig,oversample_vest2_oversample_vest2_oversample_vest2_ppe_train_image1411_db8dc6391a,vest_oversample
056e3a6bd32be9c7a075f7d26386de8ec6376b48,ppe_train_image1411_db8dc6391a,ppe_orig,oversample_vest2_oversample_vest2_ppe_train_image1411_db8dc6391a,vest_oversample
056e3a6bd32be9c7a075f7d26386de8ec6376b48,ppe_train_image1411_db8dc6391a,ppe_orig,oversample_vest2_ppe_train_image1411_db8dc6391a,vest_oversample
b5cccf62dfe8b38e98fb5fda65b3d050f7189849,ppe_train_image1412_b0428451ba,ppe_orig,oversample_vest1_oversample_vest1_oversample_vest1_ppe_train_image1412_b0428451ba,vest_oversample
b5cccf62dfe8b38e98fb5fda65b3d050f7189849,ppe_train_image1412_b0428451ba,ppe_orig,oversample_vest1_oversample_vest1_oversample_vest2_ppe_train_image1412_b0428451ba,vest_oversample
b5cccf62dfe8b38e98fb5fda65b3d050f7189849,ppe_train_image1412_b0428451ba,ppe_orig,oversample_vest1_oversample_vest1_ppe_train_image1412_b0428451ba,vest_oversample
b5cccf62dfe8b38e98fb5fda65b3d050f7189849,ppe_train_image1412_b0428451ba,ppe_orig,oversample_vest1_oversample_vest2_oversample_vest1_ppe_train_image1412_b0428451ba,vest_oversample
b5cccf62dfe8b38e98fb5fda65b3d050f7189849,ppe_train_image1412_b0428451ba,ppe_orig,oversample_vest1_oversample_vest2_oversample_vest2_ppe_train_image1412_b0428451ba,vest_oversample
b5cccf62dfe8b38e98fb5fda65b3d050f7189849,ppe_train_image1412_b0428451ba,ppe_orig,oversample_vest1_oversample_vest2_ppe_train_image1412_b0428451ba,vest_oversample
b5cccf62dfe8b38e98fb5fda65b3d050f7189849,ppe_train_image1412_b0428451ba,ppe_orig,oversample_vest1_ppe_train_image1412_b0428451ba,vest_oversample
b5cccf62dfe8b38e98fb5fda65b3d050f7189849,ppe_train_image1412_b0428451ba,ppe_orig,oversample_vest2_oversample_vest1_oversample_vest1_ppe_train_image1412_b0428451ba,vest_oversample
b5cccf62dfe8b38e98fb5fda65b3d050f7189849,ppe_train_image1412_b0428451ba,ppe_orig,oversample_vest2_oversample_vest1_oversample_vest2_ppe_train_image1412_b0428451ba,vest_oversample
b5cccf62dfe8b38e98fb5fda65b3d050f7189849,ppe_train_image1412_b0428451ba,ppe_orig,oversample_vest2_oversample_vest1_ppe_train_image1412_b0428451ba,vest_oversample
b5cccf62dfe8b38e98fb5fda65b3d050f7189849,ppe_train_image1412_b0428451ba,ppe_orig,oversample_vest2_oversample_vest2_oversample_vest1_ppe_train_image1412_b0428451ba,vest_oversample
b5cccf62dfe8b38e98fb5fda65b3d050f7189849,ppe_train_image1412_b0428451ba,ppe_orig,oversample_vest2_oversample_vest2_oversample_vest2_ppe_train_image1412_b0428451ba,vest_oversample
b5cccf62dfe8b38e98fb5fda65b3d050f7189849,ppe_train_image1412_b0428451ba,ppe_orig,oversample_vest2_oversample_vest2_ppe_train_image1412_b0428451ba,vest_oversample
b5cccf62dfe8b38e98fb5fda65b3d050f7189849,ppe_train_image1412_b0428451ba,ppe_orig,oversample_vest2_ppe_train_image1412_b0428451ba,vest_oversample
a22b54ed8798e3d5826661600a577d178969d2fc,ppe_train_image1413_40294f20dc,ppe_orig,oversample_vest1_oversample_vest1_oversample_vest1_ppe_train_image1413_40294f20dc,vest_oversample
a22b54ed8798e3d5826661600a577d178969d2fc,ppe_train_image1413_40294f20dc,ppe_orig,oversample_vest1_oversample_vest1_oversample_vest2_ppe_train_image1413_40294f20dc,vest_oversample
a22b54ed8798e3d5826661600a577d178969d2fc,ppe_train_image1413_40294f20dc,ppe_orig,oversample_vest1_oversample_vest1_ppe_train_image1413_40294f20dc,vest_oversample
a22b54ed8798e3d5826661600a577d178969d2fc,ppe_train_image1413_40294f20dc,ppe_orig,oversample_vest1_oversample_vest2_oversample_vest1_ppe_train_image1413_40294f20dc,vest_oversample
a22b54ed8798e3d5826661600a577d178969d2fc,ppe_train_image1413_40294f20dc,ppe_orig,oversample_vest1_oversample_vest2_oversample_vest2_ppe_train_image1413_40294f20dc,vest_oversample
a22b54ed8798e3d5826661600a577d178969d2fc,ppe_train_image1413_40294f20dc,ppe_orig,oversample_vest1_oversample_vest2_ppe_train_image1413_40294f20dc,vest_oversample
a22b54ed8798e3d5826661600a577d178969d2fc,ppe_train_image1413_40294f20dc,ppe_orig,oversample_vest1_ppe_train_image1413_40294f20dc,vest_oversample
a22b54ed8798e3d5826661600a577d178969d2fc,ppe_train_image1413_40294f20dc,ppe_orig,oversample_vest2_oversample_vest1_oversample_vest1_ppe_train_image1413_40294f20dc,vest_oversample
a22b54ed8798e3d5826661600a577d178969d2fc,ppe_train_image1413_40294f20dc,ppe_orig,oversample_vest2_oversample_vest1_oversample_vest2_ppe_train_image1413_40294f20dc,vest_oversample
a22b54ed8798e3d5826661600a577d178969d2fc,ppe_train_image1413_40294f20dc,ppe_orig,oversample_vest2_oversample_vest1_ppe_train_image1413_40294f20dc,vest_oversample
a22b54ed8798e3d5826661600a577d178969d2fc,ppe_train_image1413_40294f20dc,ppe_orig,oversample_vest2_oversample_vest2_oversample_vest1_ppe_train_image1413_40294f20dc,vest_oversample
a22b54ed8798e3d5826661600a577d178969d2fc,ppe_train_image1413_40294f20dc,ppe_orig,oversample_vest2_oversample_vest2_oversample_vest2_ppe_train_image1413_40294f20dc,vest_oversample
a22b54ed8798e3d5826661600a577d178969d2fc,ppe_train_image1413_40294f20dc,ppe_orig,oversample_vest2_oversample_vest2_ppe_train_image1413_40294f20dc,vest_oversample
a22b54ed8798e3d5826661600a577d178969d2fc,ppe_train_image1413_40294f20dc,ppe_orig,oversample_vest2_ppe_train_image1413_40294f20dc,vest_oversample
2a369e02ab1c08d8a512466d4aca36dcfd9ae2c5,ppe_train_image1414_9d4f5369bb,ppe_orig,oversample_vest1_oversample_vest1_oversample_vest1_ppe_train_image1414_9d4f5369bb,vest_oversample
2a369e02ab1c08d8a512466d4aca36dcfd9ae2c5,ppe_train_image1414_9d4f5369bb,ppe_orig,oversample_vest1_oversample_vest1_oversample_vest2_ppe_train_image1414_9d4f5369bb,vest_oversample
2a369e02ab1c08d8a512466d4aca36dcfd9ae2c5,ppe_train_image1414_9d4f5369bb,ppe_orig,oversample_vest1_oversample_vest1_ppe_train_image1414_9d4f5369bb,vest_oversample
2a369e02ab1c08d8a512466d4aca36dcfd9ae2c5,ppe_train_image1414_9d4f5369bb,ppe_orig,oversample_vest1_oversample_vest2_oversample_vest1_ppe_train_image1414_9d4f5369bb,vest_oversample
2a369e02ab1c08d8a512466d4aca36dcfd9ae2c5,ppe_train_image1414_9d4f5369bb,ppe_orig,oversample_vest1_oversample_vest2_oversample_vest2_ppe_train_image1414_9d4f5369bb,vest_oversample
2a369e02ab1c08d8a512466d4aca36dcfd9ae2c5,ppe_train_image1414_9d4f5369bb,ppe_orig,oversample_vest1_oversample_vest2_ppe_train_image1414_9d4f5369bb,vest_oversample
2a369e02ab1c08d8a512466d4aca36dcfd9ae2c5,ppe_train_image1414_9d4f5369bb,ppe_orig,oversample_vest1_ppe_train_image1414_9d4f5369bb,vest_oversample
2a369e02ab1c08d8a512466d4aca36dcfd9ae2c5,ppe_train_image1414_9d4f5369bb,ppe_orig,oversample_vest2_oversample_vest1_oversample_vest1_ppe_train_image1414_9d4f5369bb,vest_oversample
2a369e02ab1c08d8a512466d4aca36dcfd9ae2c5,ppe_train_image1414_9d4f5369bb,ppe_orig,oversample_vest2_oversample_vest1_oversample_vest2_ppe_train_image1414_9d4f5369bb,vest_oversample
2a369e02ab1c08d8a512466d4aca36dcfd9ae2c5,ppe_train_image1414_9d4f5369bb,ppe_orig,oversample_vest2_oversample_vest1_ppe_train_image1414_9d4f5369bb,vest_oversample
2a369e02ab1c08d8a512466d4aca36dcfd9ae2c5,ppe_train_image1414_9d4f5369bb,ppe_orig,oversample_vest2_oversample_vest2_oversample_vest1_ppe_train_image1414_9d4f5369bb,vest_oversample
2a369e02ab1c08d8a512466d4aca36dcfd9ae2c5,ppe_train_image1414_9d4f5369bb,ppe_orig,oversample_vest2_oversample_vest2_oversample_vest2_ppe_train_image1414_9d4f5369bb,vest_oversample
2a369e02ab1c08d8a512466d4aca36dcfd9ae2c5,ppe_train_image1414_9d4f5369bb,ppe_orig,oversample_vest2_oversample_vest2_ppe_train_image1414_9d4f5369bb,vest_oversample
2a369e02ab1c08d8a512466d4aca36dcfd9ae2c5,ppe_train_image1414_9d4f5369bb,ppe_orig,oversample_vest2_ppe_train_image1414_9d4f5369bb,vest_oversample
d0a847c9070089df43ffe0a3ddec9fe379b3d1db,ppe_train_image1415_53a128fcaf,ppe_orig,oversample_vest1_oversample_vest1_oversample_vest1_ppe_train_image1415_53a128fcaf,vest_oversample
d0a847c9070089df43ffe0a3ddec9fe379b3d1db,ppe_train_image1415_53a128fcaf,ppe_orig,oversample_vest1_oversample_vest1_oversample_vest2_ppe_train_image1415_53a128fcaf,vest_oversample
d0a847c9070089df43ffe0a3ddec9fe379b3d1db,ppe_train_image1415_53a128fcaf,ppe_orig,oversample_vest1_oversample_vest1_ppe_train_image1415_53a128fcaf,vest_oversample
d0a847c9070089df43ffe0a3ddec9fe379b3d1db,ppe_train_image1415_53a128fcaf,ppe_orig,oversample_vest1_oversample_vest2_oversample_vest1_ppe_train_image1415_53a128fcaf,vest_oversample
d0a847c9070089df43ffe0a3ddec9fe379b3d1db,ppe_train_image1415_53a128fcaf,ppe_orig,oversample_vest1_oversample_vest2_oversample_vest2_ppe_train_image1415_53a128fcaf,vest_oversample
d0a847c9070089df43ffe0a3ddec9fe379b3d1db,ppe_train_image1415_53a128fcaf,ppe_orig,oversample_vest1_oversample_vest2_ppe_train_image1415_53a128fcaf,vest_oversample
d0a847c9070089df43ffe0a3ddec9fe379b3d1db,ppe_train_image1415_53a128fcaf,ppe_orig,oversample_vest1_ppe_train_image1415_53a128fcaf,vest_oversample
d0a847c9070089df43ffe0a3ddec9fe379b3d1db,ppe_train_image1415_53a128fcaf,ppe_orig,oversample_vest2_oversample_vest1_oversample_vest1_ppe_train_image1415_53a128fcaf,vest_oversample
d0a847c9070089df43ffe0a3ddec9fe379b3d1db,ppe_train_image1415_53a128fcaf,ppe_orig,oversample_vest2_oversample_vest1_oversample_vest2_ppe_train_image1415_53a128fcaf,vest_oversample
d0a847c9070089df43ffe0a3ddec9fe379b3d1db,ppe_train_image1415_53a128fcaf,ppe_orig,oversample_vest2_oversample_vest1_ppe_train_image1415_53a128fcaf,vest_oversample
d0a847c9070089df43ffe0a3ddec9fe379b3d1db,ppe_train_image1415_53a128fcaf,ppe_orig,oversample_vest2_oversample_vest2_oversample_vest1_ppe_train_image1415_53a128fcaf,vest_oversample
d0a847c9070089df43ffe0a3ddec9fe379b3d1db,ppe_train_image1415_53a128fcaf,ppe_orig,oversample_vest2_oversample_vest2_oversample_vest2_ppe_train_image1415_53a128fcaf,vest_oversample
d0a847c9070089df43ffe0a3ddec9fe379b3d1db,ppe_train_image1415_53a128fcaf,ppe_orig,oversample_vest2_oversample_vest2_ppe_train_image1415_53a128fcaf,vest_oversample
d0a847c9070089df43ffe0a3ddec9fe379b3d1db,ppe_train_image1415_53a128fcaf,ppe_orig,oversample_vest2_ppe_train_image1415_53a128fcaf,vest_oversample
c065760b0b43d92c71fd4795777229e2b9a32b7e,ppe_train_image1416_4eeb1e17bb,ppe_orig,oversample_vest1_oversample_vest1_oversample_vest1_ppe_train_image1416_4eeb1e17bb,vest_oversample
c065760b0b43d92c71fd4795777229e2b9a32b7e,ppe_train_image1416_4eeb1e17bb,ppe_orig,oversample_vest1_oversample_vest1_oversample_vest2_ppe_train_image1416_4eeb1e17bb,vest_oversample
c065760b0b43d92c71fd4795777229e2b9a32b7e,ppe_train_image1416_4eeb1e17bb,ppe_orig,oversample_vest1_oversample_vest1_ppe_train_image1416_4eeb1e17bb,vest_oversample
c065760b0b43d92c71fd4795777229e2b9a32b7e,ppe_train_image1416_4eeb1e17bb,ppe_orig,oversample_vest1_oversample_vest2_oversample_vest1_ppe_train_image1416_4eeb1e17bb,vest_oversample
c065760b0b43d92c71fd4795777229e2b9a32b7e,ppe_train_image1416_4eeb1e17bb,ppe_orig,oversample_vest1_oversample_vest2_oversample_vest2_ppe_train_image1416_4eeb1e17bb,vest_oversample
c065760b0b43d92c71fd4795777229e2b9a32b7e,ppe_train_image1416_4eeb1e17bb,ppe_orig,oversample_vest1_oversample_vest2_ppe_train_image1416_4eeb1e17bb,vest_oversample
c065760b0b43d92c71fd4795777229e2b9a32b7e,ppe_train_image1416_4eeb1e17bb,ppe_orig,oversample_vest1_ppe_train_image1416_4eeb1e17bb,vest_oversample
c065760b0b43d92c71fd4795777229e2b9a32b7e,ppe_train_image1416_4eeb1e17bb,ppe_orig,oversample_vest2_oversample_vest1_oversample_vest1_ppe_train_image1416_4eeb1e17bb,vest_oversample
c065760b0b43d92c71fd4795777229e2b9a32b7e,ppe_train_image1416_4eeb1e17bb,ppe_orig,oversample_vest2_oversample_vest1_oversample_vest2_ppe_train_image1416_4eeb1e17bb,vest_oversample
c065760b0b43d92c71fd4795777229e2b9a32b7e,ppe_train_image1416_4eeb1e17bb,ppe_orig,oversample_vest2_oversample_vest1_ppe_train_image1416_4eeb1e17bb,vest_oversample
c065760b0b43d92c71fd4795777229e2b9a32b7e,ppe_train_image1416_4eeb1e17bb,ppe_orig,oversample_vest2_oversample_vest2_oversample_vest1_ppe_train_image1416_4eeb1e17bb,vest_oversample
c065760b0b43d92c71fd4795777229e2b9a32b7e,ppe_train_image1416_4eeb1e17bb,ppe_orig,oversample_vest2_oversample_vest2_oversample_vest2_ppe_train_image1416_4eeb1e17bb,vest_oversample
c065760b0b43d92c71fd4795777229e2b9a32b7e,ppe_train_image1416_4eeb1e17bb,ppe_orig,oversample_vest2_oversample_vest2_ppe_train_image1416_4eeb1e17bb,vest_oversample
c065760b0b43d92c71fd4795777229e2b9a32b7e,ppe_train_image1416_4eeb1e17bb,ppe_orig,oversample_vest2_ppe_train_image1416_4eeb1e17bb,vest_oversample
e14c71a864786d29e44ffaa105330d07c457c2fc,ppe_train_image1000_74f0fb4fd8,ppe_orig,ppe_train_image1000_74f0fb4fd8_helmetcopy,ppe_orig
98d97f6963955828652ad0c6c5ed816c312cad91,ppe_train_image1001_12db23b78d,ppe_orig,ppe_train_image1001_12db23b78d_helmetcopy,ppe_orig
388e488429f7bd5b3851b82897f68404cdf633f2,ppe_train_image1002_201a378c07,ppe_orig,ppe_train_image1002_201a378c07_helmetcopy,ppe_orig
698a3fc377f5b50153092d3867c9c6200ab84f93,ppe_train_image1004_e6417b3279,ppe_orig,ppe_train_image1004_e6417b3279_helmetcopy,ppe_orig
2d050e4a5b6d720ef2ac4613d7cf98fac1781aeb,ppe_train_image1006_6d20de0aa3,ppe_orig,ppe_train_image1006_6d20de0aa3_helmetcopy,ppe_orig
53f7b9c1c0ef56d22b8b8478618968fb1e6a9758,ppe_train_image1008_8303a19a49,ppe_orig,ppe_train_image1008_8303a19a49_helmetcopy,ppe_orig
50772448f25124248c21f05124777ee835b36f83,ppe_train_image100_c524fa3651,ppe_orig,ppe_train_image100_c524fa3651_helmetcopy,ppe_orig
126dfbf2468352270a57f3e4703483fd15ff4626,ppe_train_image1011_511201e96e,ppe_orig,ppe_train_image1011_511201e96e_helmetcopy,ppe_orig
6fc3799c72bf6e8f3395d34394f0050654c9a155,ppe_train_image1012_63e5079a80,ppe_orig,ppe_train_image1012_63e5079a80_helmetcopy,ppe_orig
46aeb0e57d03cf4e26a7f5b4b24b9ea2dc0d6113,ppe_train_image1013_ecb831168f,ppe_orig,ppe_train_image1013_ecb831168f_helmetcopy,ppe_orig
d109a73d1c13728296f854f61c4e05f7ae651a6f,ppe_train_image1015_bbbdb76edb,ppe_orig,ppe_train_image1015_bbbdb76edb_helmetcopy,ppe_orig
281c8fb8bfb8478ee75bd4c91eb6f836afd0d025,ppe_train_image1016_8e12d97ae6,ppe_orig,ppe_train_image1016_8e12d97ae6_helmetcopy,ppe_orig
16188b318e6e9a38a506b7d7a1673be3e2d8f1d5,ppe_train_image1017_7353cc90e6,ppe_orig,ppe_train_image1017_7353cc90e6_helmetcopy,ppe_orig
c40a996d3ebf195bc203334b7c5b9c3dedd36f91,ppe_train_image1018_d494195b9c,ppe_orig,ppe_train_image1018_d494195b9c_helmetcopy,ppe_orig
a25ac67da8f65c3d8357ed08711f718bf82bb461,ppe_train_image1020_c44dfe5d04,ppe_orig,ppe_train_image1020_c44dfe5d04_helmetcopy,ppe_orig
823de24848a4a830f6dcd7e4a9eb8114b00daa61,ppe_train_image1021_d4aecf950e,ppe_orig,ppe_train_image1021_d4aecf950e_helmetcopy,ppe_orig
6d45dbbcbc2771e9b40dda031062f4015f43b283,ppe_train_image1022_93bc83c3cd,ppe_orig,ppe_train_image1022_93bc83c3cd_helmetcopy,ppe_orig
2d1083f63f63c75d743342f5af68479ee2004743,ppe_train_image1024_a1439249c1,ppe_orig,ppe_train_image1024_a1439249c1_helmetcopy,ppe_orig
5ddd88909d67da7a9a6fcf17135b0330699b048a,ppe_train_image1025_834e9e02ac,ppe_orig,ppe_train_image1025_834e9e02ac_helmetcopy,ppe_orig
87a1f3d4f9ba9f43cf9b1fb10cad3394fe2d3f9e,ppe_train_image1026_8ecef6683b,ppe_orig,ppe_train_image1026_8ecef6683b_helmetcopy,ppe_orig
021c583ff479cb88873d85b429592edfff09c9e9,ppe_train_image1027_338f6c36e9,ppe_orig,ppe_train_image1027_338f6c36e9_helmetcopy,ppe_orig
8cc5019513870eb2274debd93776aef09221b165,ppe_train_image1028_8490e33771,ppe_orig,ppe_train_image1028_8490e33771_helmetcopy,ppe_orig
bb7615715006aa62085447f72d02b6b7308e44f7,ppe_train_image1029_71c1dd5ded,ppe_orig,ppe_train_image1029_71c1dd5ded_helmetcopy,ppe_orig
5bb9ae863f9c4ad4bb56164151d2d7383cca03e2,ppe_train_image102_4fd03afea3,ppe_orig,ppe_train_image102_4fd03afea3_helmetcopy,ppe_orig
d5bdd5789d4a006abca025a8b7e8d74c344524ce,ppe_train_image1030_bfcd1fc210,ppe_orig,ppe_train_image1030_bfcd1fc210_helmetcopy,ppe_orig
7bcbdfc96d956e98e3d2332efdf29f4e99e00a3b,ppe_train_image1031_8ba677caec,ppe_orig,ppe_train_image1031_8ba677caec_helmetcopy,ppe_orig
46c10aa10a7cdf2cc10cc5b94fbf5f125dfc3cef,ppe_train_image1032_bb824e6f32,ppe_orig,ppe_train_image1032_bb824e6f32_helmetcopy,ppe_orig
76bfbbea7924020c5183f894655190e750dcd5ad,ppe_train_image1033_755f00889d,ppe_orig,ppe_train_image1033_755f00889d_helmetcopy,ppe_orig
5f763d58a56c5f11674262143689b8344b0da740,ppe_train_image1034_06862451f6,ppe_orig,ppe_train_image1034_06862451f6_helmetcopy,ppe_orig
ad4d13a57487b77246bbed4d8387127f6538c418,ppe_train_image1036_a25b58ec49,ppe_orig,ppe_train_image1036_a25b58ec49_helmetcopy,ppe_orig
3689c01587a6e4d943ca14187a0b6d7dd0a6c7be,ppe_train_image1038_7ad4bb338e,ppe_orig,ppe_train_image1038_7ad4bb338e_helmetcopy,ppe_orig
ad20fbe45d0e9071e0ae7131994f599e5d47dc62,ppe_train_image1039_3b782c60f5,ppe_orig,ppe_train_image1039_3b782c60f5_helmetcopy,ppe_orig
be6172407e61b2ffb7ac1307dacd4b437298327c,ppe_train_image1040_7f54de5ca3,ppe_orig,ppe_train_image1040_7f54de5ca3_helmetcopy,ppe_orig
b7f94a23b98ee4716afabeb7beb7c164c34aab8d,ppe_train_image1041_faa5e3642d,ppe_orig,ppe_train_image1041_faa5e3642d_helmetcopy,ppe_orig
6e6672dd5366c05aa576760e82e342e4be81514e,ppe_train_image1042_7658e5a68d,ppe_orig,ppe_train_image1042_7658e5a68d_helmetcopy,ppe_orig
d55802a6ef22deff6e6057daf4b912c993e4a00a,ppe_train_image1043_26125a3f86,ppe_orig,ppe_train_image1043_26125a3f86_helmetcopy,ppe_orig
e7f755a64377b13553b93cccedd4d37b986cbb1c,ppe_train_image1044_bc94fb896d,ppe_orig,ppe_train_image1044_bc94fb896d_helmetcopy,ppe_orig
2e810151dd54ca11e77b385cd2ace3884ded30d8,ppe_train_image1045_302f1fb749,ppe_orig,ppe_train_image1045_302f1fb749_helmetcopy,ppe_orig
66f721215dfe509098f945061ebb3299e646a7a4,ppe_train_image1047_811ccf867a,ppe_orig,ppe_train_image1047_811ccf867a_helmetcopy,ppe_orig
e933c32eafe03c4cc27e8f3ee1568cb3c3eadbaf,ppe_train_image1048_0838ee68ea,ppe_orig,ppe_train_image1048_0838ee68ea_helmetcopy,ppe_orig
0d5e3c59016029310299bf7a5253fb7ea6ae2f2f,ppe_train_image104_e6edadd473,ppe_orig,ppe_train_image104_e6edadd473_helmetcopy,ppe_orig
9344df5f8bf9ae1933a4bc4e59c899fb9b7939db,ppe_train_image1050_a9e9e38bca,ppe_orig,ppe_train_image1050_a9e9e38bca_helmetcopy,ppe_orig
eb8efa6ddfee48d5c39359e4d5c30caa8e4e2c0c,ppe_train_image1051_46b093f3b5,ppe_orig,ppe_train_image1051_46b093f3b5_helmetcopy,ppe_orig
3c88eadf7325d73c6df79faea2ed4ed8e4a88f17,ppe_train_image1052_ea43e8be4e,ppe_orig,ppe_train_image1052_ea43e8be4e_helmetcopy,ppe_orig
b51ed8401c61a617e91803afdace357b1774e0f3,ppe_train_image1053_1651179178,ppe_orig,ppe_train_image1053_1651179178_helmetcopy,ppe_orig
56c24beb04f5d89418aedee1e89bb2c9f4dd6d29,ppe_train_image1054_9d8833f51c,ppe_orig,ppe_train_image1054_9d8833f51c_helmetcopy,ppe_orig
54088a8757a75bd443a0666f6ef9651d4b03b1f3,ppe_train_image1056_2e3e485465,ppe_orig,ppe_train_image1056_2e3e485465_helmetcopy,ppe_orig
8aa1b9002b9fe614027b7aac2002151439106d72,ppe_train_image1058_e7cb061ca0,ppe_orig,ppe_train_image1058_e7cb061ca0_helmetcopy,ppe_orig
a46220658290ce83074f2a972760668d03cb4659,ppe_train_image1059_e41cb03bf8,ppe_orig,ppe_train_image1059_e41cb03bf8_helmetcopy,ppe_orig
6aaed16a1e9ed6a515368cf0547ee8df3812b400,ppe_train_image105_2ee5c2c711,ppe_orig,ppe_train_image105_2ee5c2c711_helmetcopy,ppe_orig
94892d7992bd335c703a8ff4839bc15db338c02d,ppe_train_image1060_21e1df983d,ppe_orig,ppe_train_image1060_21e1df983d_helmetcopy,ppe_orig
f17abc6d6273abf42dacaae1fac102b769f3775b,ppe_train_image1061_1fb50f67b8,ppe_orig,ppe_train_image1061_1fb50f67b8_helmetcopy,ppe_orig
1ea038acb1bda7fd11408cfcbbee8e589a8bfce8,ppe_train_image1062_1e00de02c3,ppe_orig,ppe_train_image1062_1e00de02c3_helmetcopy,ppe_orig
a85f4fa5e7e9742575ac7102fa3be98bd5838c02,ppe_train_image1063_bbe2f20fa5,ppe_orig,ppe_train_image1063_bbe2f20fa5_helmetcopy,ppe_orig
60ee123d71bbc1712ef359188aaaa694bda5f9fa,ppe_train_image1064_cc8116f7f7,ppe_orig,ppe_train_image1064_cc8116f7f7_helmetcopy,ppe_orig
739709061498b988d8302b5f97ebed3557202290,ppe_train_image1066_0074fc5f0c,ppe_orig,ppe_train_image1066_0074fc5f0c_helmetcopy,ppe_orig
9fdfd2a966eee98c9d8a5aa4adcfe983544e170f,ppe_train_image1067_cb7007c9d7,ppe_orig,ppe_train_image1067_cb7007c9d7_helmetcopy,ppe_orig
2abc2869aae8d7c84a0b18bd538ed75e77f22a88,ppe_train_image1068_9051b07751,ppe_orig,ppe_train_image1068_9051b07751_helmetcopy,ppe_orig
a6f41c8ea5294f10554b4ffd11cecd523b6cca7c,ppe_train_image106_7104e2ad4e,ppe_orig,ppe_train_image106_7104e2ad4e_helmetcopy,ppe_orig
dbe721bcea1e86269f254c9cefd92aff45131c7d,ppe_train_image1070_13bbc0310a,ppe_orig,ppe_train_image1070_13bbc0310a_helmetcopy,ppe_orig
d22b2658b439c06aa645d341bd1eca9eaec2635c,ppe_train_image1071_6dd266cbf7,ppe_orig,ppe_train_image1071_6dd266cbf7_helmetcopy,ppe_orig
2897596ec0c52c4ca8ce75879d7c1d18d9f7210e,ppe_train_image1073_c7d3bce195,ppe_orig,ppe_train_image1073_c7d3bce195_helmetcopy,ppe_orig
0e3f71ce51d0a8830fe300541720eb307175b45a,ppe_train_image1075_3985cd4d42,ppe_orig,ppe_train_image1075_3985cd4d42_helmetcopy,ppe_orig
efe39e7c153663f0c71c5bb399ded3b276992bd0,ppe_train_image1077_dd8c146abd,ppe_orig,ppe_train_image1077_dd8c146abd_helmetcopy,ppe_orig
9d10842d8b1420cf9d1c9f2e6b193784a89a5408,ppe_train_image1078_044aad55e0,ppe_orig,ppe_train_image1078_044aad55e0_helmetcopy,ppe_orig
2abe5b02e99b1115e61f1aa72a901b80007c1488,ppe_train_image1079_c9d8e0815f,ppe_orig,ppe_train_image1079_c9d8e0815f_helmetcopy,ppe_orig
cd5d4c527872474de9383fe06d0cf07f3e4ba1d6,ppe_train_image1080_a1f1ea2fc8,ppe_orig,ppe_train_image1080_a1f1ea2fc8_helmetcopy,ppe_orig
50f4225e44fb018323370d01af9daf88f42472ba,ppe_train_image1081_4b9b300faf,ppe_orig,ppe_train_image1081_4b9b300faf_helmetcopy,ppe_orig
ef489c5c26dbd64d96909c1d2450ef2834ff9d62,ppe_train_image1082_2ec0a5d3cc,ppe_orig,ppe_train_image1082_2ec0a5d3cc_helmetcopy,ppe_orig
2437cb1b1466cfb898fb68705ed31a1d336ba194,ppe_train_image1084_7c08b8b1e5,ppe_orig,ppe_train_image1084_7c08b8b1e5_helmetcopy,ppe_orig
d166eeb17049fceac7b8b8d3cc2551456041b132,ppe_train_image1086_c6586b46d1,ppe_orig,ppe_train_image1086_c6586b46d1_helmetcopy,ppe_orig
a3cbc443f0b099da429f54330ae7442ffa8d77aa,ppe_train_image1087_2ca82edf26,ppe_orig,ppe_train_image1087_2ca82edf26_helmetcopy,ppe_orig
97c5d45ba3ab2910720e5a453c6f2d8fb4572d4b,ppe_train_image108_5d38eab888,ppe_orig,ppe_train_image108_5d38eab888_helmetcopy,ppe_orig
9a136c50c4a81f5a0277bd807e1f3ffd5255bc1f,ppe_train_image1092_43e8de5cca,ppe_orig,ppe_train_image1092_43e8de5cca_helmetcopy,ppe_orig
95d4a74182b314574fd805cfe4d5e646785da9d5,ppe_train_image1093_b936e3e544,ppe_orig,ppe_train_image1093_b936e3e544_helmetcopy,ppe_orig
97ce7b38c268ca1d6ae7e06168b298666e6f5b3a,ppe_train_image1094_cdd226cf5a,ppe_orig,ppe_train_image1094_cdd226cf5a_helmetcopy,ppe_orig
82d69a11e1d53ce591a784764502490f5f959515,ppe_train_image1095_91fc1abfc6,ppe_orig,ppe_train_image1095_91fc1abfc6_helmetcopy,ppe_orig
64368b859e4ec19bd1f9ba9557e86d1c7b464f98,ppe_train_image1097_44f2d2d085,ppe_orig,ppe_train_image1097_44f2d2d085_helmetcopy,ppe_orig
c7bdb67884724ba7850196f776d2c769e9387adc,ppe_train_image1098_60674e1ef1,ppe_orig,ppe_train_image1098_60674e1ef1_helmetcopy,ppe_orig
0ff28b5a1ee5e2f0395f8cab2aeca1a49b3666e8,ppe_train_image1099_2e79ef6fb0,ppe_orig,ppe_train_image1099_2e79ef6fb0_helmetcopy,ppe_orig
c9338b670bd5af4a9ed956775cac21c5ef598c63,ppe_train_image109_bbd9d30645,ppe_orig,ppe_train_image109_bbd9d30645_helmetcopy,ppe_orig
c58bd9599bff54747badee808ab039fdda7650f4,ppe_train_image1100_f7f0ae99d8,ppe_orig,ppe_train_image1100_f7f0ae99d8_helmetcopy,ppe_orig
fbfdb96a5c5e4258dabbbe1138c47ed1c7b14bb2,ppe_train_image1101_354d66a74d,ppe_orig,ppe_train_image1101_354d66a74d_helmetcopy,ppe_orig
b0b4b051f943652e739509a9b58b9c54bbc0e089,ppe_train_image1102_ebfe507d9d,ppe_orig,ppe_train_image1102_ebfe507d9d_helmetcopy,ppe_orig
46d4d4e98c65f1966ceaa8a26dd57fe8f07a9b8b,ppe_train_image1103_abf53641e0,ppe_orig,ppe_train_image1103_abf53641e0_helmetcopy,ppe_orig
904b34040f5f71b2bae345db64308d1d5fd79ce8,ppe_train_image1104_e0af3670ce,ppe_orig,ppe_train_image1104_e0af3670ce_helmetcopy,ppe_orig
6d8ac4bbd86c9114fa21e84c433c882a5e582f04,ppe_train_image1105_979af4c464,ppe_orig,ppe_train_image1105_979af4c464_helmetcopy,ppe_orig
a48ec1ad73aadf47ea26741076d09768e0f67895,ppe_train_image1106_618990d1fa,ppe_orig,ppe_train_image1106_618990d1fa_helmetcopy,ppe_orig
138b2397d7cc88fea3a84fa53a03a351acfbacb9,ppe_train_image1108_ba74ff8fef,ppe_orig,ppe_train_image1108_ba74ff8fef_helmetcopy,ppe_orig
cfc94af03b301af8706226c973248458d3a9a05d,ppe_train_image1110_9a2e05cf02,ppe_orig,ppe_train_image1110_9a2e05cf02_helmetcopy,ppe_orig
d61ddb4c6b591a873ccc210262ff9b12fd363679,ppe_train_image1112_c580ed7032,ppe_orig,ppe_train_image1112_c580ed7032_helmetcopy,ppe_orig
7c5f604be31bd44b12ebf300ef04bf379bbcf251,ppe_train_image1113_215aa92392,ppe_orig,ppe_train_image1113_215aa92392_helmetcopy,ppe_orig
157d3c4488f14b7cb18a02ccaa170e870b34e161,ppe_train_image1115_2063320f1d,ppe_orig,ppe_train_image1115_2063320f1d_helmetcopy,ppe_orig
9c1c2558ef868b9e67adad9ccd99b54c7403b67e,ppe_train_image1116_7f333b285e,ppe_orig,ppe_train_image1116_7f333b285e_helmetcopy,ppe_orig
17b4934f13f0b615442b8968c660986d5c924eda,ppe_train_image111_b4495f49b0,ppe_orig,ppe_train_image111_b4495f49b0_helmetcopy,ppe_orig
7f90ee2acc0883f244daeb3b391ba89a977465fc,ppe_train_image1140_f0bfcf8801,ppe_orig,ppe_train_image1140_f0bfcf8801_helmetcopy,ppe_orig
a954a9615f00ccbc310c16cd7948c34262378ab8,ppe_train_image119_f9b3a635f6,ppe_orig,ppe_train_image119_f9b3a635f6_helmetcopy,ppe_orig
4d29a85587ddb733ce642af3ff8057f85321473e,ppe_train_image120_c77b3b660a,ppe_orig,ppe_train_image120_c77b3b660a_helmetcopy,ppe_orig
89ef18b85566ba792b0a749227c29b151abb4ce9,ppe_train_image1216_47e89458ce,ppe_orig,ppe_train_image1216_47e89458ce_helmetcopy,ppe_orig
5fdf775ea3391c35a3d9a2566bc29e73518c3fa5,ppe_train_image121_0dfa7880e3,ppe_orig,ppe_train_image121_0dfa7880e3_helmetcopy,ppe_orig
0302d35e8abd6b5572c08f34f994d52b38841923,ppe_train_image123_cdd3550626,ppe_orig,ppe_train_image123_cdd3550626_helmetcopy,ppe_orig
c31361991fc923816e9d54d5395ee44e9a8db0bd,ppe_train_image1244_fcd5d2bb80,ppe_orig,ppe_train_image1244_fcd5d2bb80_helmetcopy,ppe_orig
af02a9faccb0581263c329f7bea0bb26ce43afd9,ppe_train_image124_1db942d427,ppe_orig,ppe_train_image124_1db942d427_helmetcopy,ppe_orig
7b7a78a651037e76040a3e1956bc9e4ce8eb6abd,ppe_train_image125_6dff3e65b5,ppe_orig,ppe_train_image125_6dff3e65b5_helmetcopy,ppe_orig
29a0631ad42f361f169d7faaaab2f9f52233e589,ppe_train_image126_3fd831d66c,ppe_orig,ppe_train_image126_3fd831d66c_helmetcopy,ppe_orig
2051a2c779b6262aeb25e4241d2ae88c776e1f3b,ppe_train_image127_92aee517ad,ppe_orig,ppe_train_image127_92aee517ad_helmetcopy,ppe_orig
f3a5af97c1e6104126c2dbd1d4040fe8d37fa880,ppe_train_image128_6a081fd103,ppe_orig,ppe_train_image128_6a081fd103_helmetcopy,ppe_orig
538ff3a6b6549412911437c3aa1105e694f60457,ppe_train_image1299_c07fa38280,ppe_orig,ppe_train_image1299_c07fa38280_helmetcopy,ppe_orig
f347ed00ddf710344488ba9acd318f6d367a3058,ppe_train_image131_54923facb5,ppe_orig,ppe_train_image131_54923facb5_helmetcopy,ppe_orig
3ce475d356d9b2dc3315d82ac2bfb03782eb070b,ppe_train_image133_fb3100bf4b,ppe_orig,ppe_train_image133_fb3100bf4b_helmetcopy,ppe_orig
927fba7174e084857346c598989fc36073ee6935,ppe_train_image134_c2adf4ef2f,ppe_orig,ppe_train_image134_c2adf4ef2f_helmetcopy,ppe_orig
afe7f3647e23ce86aa5b44e174cbed194ca47b0a,ppe_train_image1357_6aa60db427,ppe_orig,ppe_train_image1357_6aa60db427_helmetcopy,ppe_orig
2d608d874dd4cbe218a62c07d61f42a0cd10e80d,ppe_train_image1358_f417de0ce3,ppe_orig,ppe_train_image1358_f417de0ce3_helmetcopy,ppe_orig
dc2c8f1f3073b76afbc603113bc536b6555d3dd8,ppe_train_image135_b3baf9a358,ppe_orig,ppe_train_image135_b3baf9a358_helmetcopy,ppe_orig
b623728c5e98cdeb59ed019384192616fcf27859,ppe_train_image136_78c5f3c981,ppe_orig,ppe_train_image136_78c5f3c981_helmetcopy,ppe_orig
25023e1a7f483525fd239aecb25e20957f9bc3d0,ppe_train_image139_1f11fcf3fe,ppe_orig,ppe_train_image139_1f11fcf3fe_helmetcopy,ppe_orig
6835a491b97fa3e9c6f870b2e94349a2784b5b53,ppe_train_image13_4c1072dccf,ppe_orig,ppe_train_image13_4c1072dccf_helmetcopy,ppe_orig
ff6f57a11d5592e86b307feb6456c0eb4f930e58,ppe_train_image142_853b21d750,ppe_orig,ppe_train_image142_853b21d750_helmetcopy,ppe_orig
9088a4542ffd897b47ea5e5c798e0b7c6669343a,ppe_train_image143_74bf37467b,ppe_orig,ppe_train_image143_74bf37467b_helmetcopy,ppe_orig
964a068d3870b8a3a2b272e78029284180717a09,ppe_train_image145_b4294ee57c,ppe_orig,ppe_train_image145_b4294ee57c_helmetcopy,ppe_orig
a704b49d83e22b671e973df4f60b40f196ab2f59,ppe_train_image146_8511acf6e0,ppe_orig,ppe_train_image146_8511acf6e0_helmetcopy,ppe_orig
e135d126db87ae2811eb2a0cfc9a199439dc6c73,ppe_train_image147_fed4e63182,ppe_orig,ppe_train_image147_fed4e63182_helmetcopy,ppe_orig
443fa26eac5a4db33c33e7e885d8762cb3a5bb1d,ppe_train_image148_e2a73f70e4,ppe_orig,ppe_train_image148_e2a73f70e4_helmetcopy,ppe_orig
5243215ce8de52f6618163d1ff5a4b1b94c34f13,ppe_train_image14_3687263a9e,ppe_orig,ppe_train_image14_3687263a9e_helmetcopy,ppe_orig
0dd9d6222a0566c5e658c4c34562eb5228e4c7d5,ppe_train_image152_01e03c01f5,ppe_orig,ppe_train_image152_01e03c01f5_helmetcopy,ppe_orig
de2020d24f12fca77b58c23bdf70b2ac7c02e3d2,ppe_train_image153_7a69d96919,ppe_orig,ppe_train_image153_7a69d96919_helmetcopy,ppe_orig
294492408df84c9476de6f9066969b9bbc6c8159,ppe_train_image154_64549732df,ppe_orig,ppe_train_image154_64549732df_helmetcopy,ppe_orig
8b1517c1ffa4eb1920b38006aa0c9eba4e308b5b,ppe_train_image155_515fa3885b,ppe_orig,ppe_train_image155_515fa3885b_helmetcopy,ppe_orig
8d26722fec8b7a10cf1db1a05bc7278b2cd50a40,ppe_train_image156_1b947b9216,ppe_orig,ppe_train_image156_1b947b9216_helmetcopy,ppe_orig
87c42d6f8a78404408e27b6dbe77665d7cbaf31c,ppe_train_image157_1331b8c1a0,ppe_orig,ppe_train_image157_1331b8c1a0_helmetcopy,ppe_orig
d0941e857d4a3496caa288ebdfe2af333a76e825,ppe_train_image158_1bc79cde04,ppe_orig,ppe_train_image158_1bc79cde04_helmetcopy,ppe_orig
87a957d12ed81b41b6a0d8751df1180c10da8398,ppe_train_image159_abbc0fc193,ppe_orig,ppe_train_image159_abbc0fc193_helmetcopy,ppe_orig
7fd15dcc5dd8491209019a1391c3148ac230eb89,ppe_train_image15_5ecd17dbea,ppe_orig,ppe_train_image15_5ecd17dbea_helmetcopy,ppe_orig
b9b8fb224b813ee9ae77019a99b794fdf9d4c0a6,ppe_train_image162_f0811c689e,ppe_orig,ppe_train_image162_f0811c689e_helmetcopy,ppe_orig
ed90d17861a49549d810941a5052f60a91bb4ce6,ppe_train_image163_329a87aa5d,ppe_orig,ppe_train_image163_329a87aa5d_helmetcopy,ppe_orig
75bcbed03bb83bc1b43e8f4c931a853b6cf5c04b,ppe_train_image165_5a00a91e28,ppe_orig,ppe_train_image165_5a00a91e28_helmetcopy,ppe_orig
254f5fa202c6a4200111c4b5080f37c56416d1e5,ppe_train_image166_8034fb9491,ppe_orig,ppe_train_image166_8034fb9491_helmetcopy,ppe_orig
3dd3b58014008a8141d8e9358a7f3517f5e1929f,ppe_train_image16_4246abcf7b,ppe_orig,ppe_train_image16_4246abcf7b_helmetcopy,ppe_orig
3a6e255f626e6f9d934ae3923a51d30f66e219f9,ppe_train_image170_c53a31d0f5,ppe_orig,ppe_train_image170_c53a31d0f5_helmetcopy,ppe_orig
21099b788f13c1feaaa38232cb9af56b2fc8718f,ppe_train_image172_dd665555ba,ppe_orig,ppe_train_image172_dd665555ba_helmetcopy,ppe_orig
3bef75b9e759dcfb19918772813de7f8b5e55958,ppe_train_image173_98140ed715,ppe_orig,ppe_train_image173_98140ed715_helmetcopy,ppe_orig
d522acb50b6fc877ac49fa0120c81c51057a700f,ppe_train_image174_094b5a5084,ppe_orig,ppe_train_image174_094b5a5084_helmetcopy,ppe_orig
6f9c9ce588b7b0494ee8c4a66428e8fd8d3e31df,ppe_train_image175_36f20a5c33,ppe_orig,ppe_train_image175_36f20a5c33_helmetcopy,ppe_orig
348e5d191387bf13b1778798d144f0cf0af6aeff,ppe_train_image177_d4ba6b5aec,ppe_orig,ppe_train_image177_d4ba6b5aec_helmetcopy,ppe_orig
dde6299af7169d54e1ced5588cb3d4af88cf23cf,ppe_train_image178_467ad4cd5c,ppe_orig,ppe_train_image178_467ad4cd5c_helmetcopy,ppe_orig
fb53e95f0d4c16d0023a26ac642f74d9c2d8e9d5,ppe_train_image179_36d319db64,ppe_orig,ppe_train_image179_36d319db64_helmetcopy,ppe_orig
0bedc2297a27d6ddc7833106a50dd23cddd3b7b1,ppe_train_image17_9e18ce0717,ppe_orig,ppe_train_image17_9e18ce0717_helmetcopy,ppe_orig
9a0b129b536bb0e2ecf4a6d3a0bcdaae03f5803c,ppe_train_image181_b0eec97578,ppe_orig,ppe_train_image181_b0eec97578_helmetcopy,ppe_orig
dd07e1ecc0d1ec610f07b9a019a2729e00b0e91a,ppe_train_image183_02c55b16a6,ppe_orig,ppe_train_image183_02c55b16a6_helmetcopy,ppe_orig
ee205f8dcf2fcd7d3f9a9b8b3bd4923060b8476f,ppe_train_image184_433d140c82,ppe_orig,ppe_train_image184_433d140c82_helmetcopy,ppe_orig
42cc215e583224a8e46257bcb258287812810ced,ppe_train_image185_9459deba05,ppe_orig,ppe_train_image185_9459deba05_helmetcopy,ppe_orig
7c133008120f9b62cc565e699ea1bca9dd23bbfb,ppe_train_image186_5134982237,ppe_orig,ppe_train_image186_5134982237_helmetcopy,ppe_orig
7d443644c74fb9b208e055dce1c33f29b3205000,ppe_train_image187_79e0659593,ppe_orig,ppe_train_image187_79e0659593_helmetcopy,ppe_orig
246d8d25a79dfc90d470d444611c1eb93207ad3e,ppe_train_image188_1d2e5b0fcd,ppe_orig,ppe_train_image188_1d2e5b0fcd_helmetcopy,ppe_orig
fe510c5ad4d5d06b99e38063e427099f4ceef1c3,ppe_train_image189_f718cbfd73,ppe_orig,ppe_train_image189_f718cbfd73_helmetcopy,ppe_orig
475b191f4141e73de53a4a8da0de317397856a1b,ppe_train_image18_88e31ca25b,ppe_orig,ppe_train_image18_88e31ca25b_helmetcopy,ppe_orig
76fbfaa9e848e6845b828c46f32702154f98b28c,ppe_train_image191_bad18d9abb,ppe_orig,ppe_train_image191_bad18d9abb_helmetcopy,ppe_orig
b8d5d4ee516234dc34179f9bee189f1be9ecf104,ppe_train_image192_48c613eaf7,ppe_orig,ppe_train_image192_48c613eaf7_helmetcopy,ppe_orig
136a4d7d8b00f295164638d562a335fa0745078d,ppe_train_image193_5a90562d7b,ppe_orig,ppe_train_image193_5a90562d7b_helmetcopy,ppe_orig
9444358f7d233d8822fcc08dc16569f44b74ffb4,ppe_train_image194_10289578df,ppe_orig,ppe_train_image194_10289578df_helmetcopy,ppe_orig
2207f35d720bce921f8064f4db5164ea39c690ad,ppe_train_image195_b827ff3e83,ppe_orig,ppe_train_image195_b827ff3e83_helmetcopy,ppe_orig
0be6b6486442e09d22217b93859f372b59b41911,ppe_train_image196_72aef0925f,ppe_orig,ppe_train_image196_72aef0925f_helmetcopy,ppe_orig
41820626970e52e58b1131e3ba67c84640f719f4,ppe_train_image197_4fa348c0a2,ppe_orig,ppe_train_image197_4fa348c0a2_helmetcopy,ppe_orig
266f45898c5acfd59c95d6929230eccaedd06be9,ppe_train_image198_63d6195875,ppe_orig,ppe_train_image198_63d6195875_helmetcopy,ppe_orig
3347805921f9368c30b72450e0fb21299701f2ba,ppe_train_image19_7a3916f7ed,ppe_orig,ppe_train_image19_7a3916f7ed_helmetcopy,ppe_orig
abd2a70924e679b47687e0231d38dfd32b525635,ppe_train_image200_c48a31efcf,ppe_orig,ppe_train_image200_c48a31efcf_helmetcopy,ppe_orig
b87fbda985ce8ba8d16a703e7fd8b643af17f65d,ppe_train_image201_fba150cb2e,ppe_orig,ppe_train_image201_fba150cb2e_helmetcopy,ppe_orig
0b4b73debe79810602617bd919c2ca8c8b5fa7b5,ppe_train_image203_27fa830aac,ppe_orig,ppe_train_image203_27fa830aac_helmetcopy,ppe_orig
ed159748ad9c2421076fea2037336aaab707659f,ppe_train_image204_26f9ee7d1c,ppe_orig,ppe_train_image204_26f9ee7d1c_helmetcopy,ppe_orig
5325681e38f11c9309dfe3e62313ec6439a6f72a,ppe_train_image205_1255cb2b53,ppe_orig,ppe_train_image205_1255cb2b53_helmetcopy,ppe_orig
eac553c3abe7a8728223d57d5a637fa89bda8e20,ppe_train_image206_5bb635d0e6,ppe_orig,ppe_train_image206_5bb635d0e6_helmetcopy,ppe_orig
a13db0c9e2227d4efd62b424494708e13bb5e687,ppe_train_image208_081de49c99,ppe_orig,ppe_train_image208_081de49c99_helmetcopy,ppe_orig
5b8aec64d7b131dc3897c35ea053f4cc996ffed0,ppe_train_image209_d091805a74,ppe_orig,ppe_train_image209_d091805a74_helmetcopy,ppe_orig
e079b6152a43b93b488cca4a8a1d715d310e26d6,ppe_train_image20_7d26d3cfcd,ppe_orig,ppe_train_image20_7d26d3cfcd_helmetcopy,ppe_orig
d6078c2dd7cfef824d630e9a20c9670cbec2c698,ppe_train_image210_0a082012d2,ppe_orig,ppe_train_image210_0a082012d2_helmetcopy,ppe_orig
f47a238f3350bcb5353139f208df7592901dcd99,ppe_train_image211_4aa46cbafa,ppe_orig,ppe_train_image211_4aa46cbafa_helmetcopy,ppe_orig
9e966b396b95032debc1f6bae5af9c76e2085912,ppe_train_image216_9ce24659d1,ppe_orig,ppe_train_image216_9ce24659d1_helmetcopy,ppe_orig
d8b3b71163f15e960a42f9a60a88ed7787250228,ppe_train_image217_79ad22abd8,ppe_orig,ppe_train_image217_79ad22abd8_helmetcopy,ppe_orig
10e0a8ba772636cc0659036d26f46ebef2aea94c,ppe_train_image218_4ae225a452,ppe_orig,ppe_train_image218_4ae225a452_helmetcopy,ppe_orig
d4b32f7dd15e7190d9e403b61206a517c1c87b87,ppe_train_image219_eb40443f88,ppe_orig,ppe_train_image219_eb40443f88_helmetcopy,ppe_orig
1dd6ed2014e4c879fd39c6baa64e028d323b1a1d,ppe_train_image21_a745bec00f,ppe_orig,ppe_train_image21_a745bec00f_helmetcopy,ppe_orig
e6041a0db0cd89e2e5f1d997c1397bf277bc732b,ppe_train_image220_b3865c9523,ppe_orig,ppe_train_image220_b3865c9523_helmetcopy,ppe_orig
5fd0f504f5c849b38e380802af1b36d7c8b93c3f,ppe_train_image221_701ef853a6,ppe_orig,ppe_train_image221_701ef853a6_helmetcopy,ppe_orig
f63a3682d5f5939b7b136c3baa0ed9a7191482f0,ppe_train_image222_11f2791be3,ppe_orig,ppe_train_image222_11f2791be3_helmetcopy,ppe_orig
18598368287af0b89ce19a35dfd9a63c829676b1,ppe_train_image224_ebfca00607,ppe_orig,ppe_train_image224_ebfca00607_helmetcopy,ppe_orig
b7d3f0b71b5876764edf055643b69f2fb741e28d,ppe_train_image226_8af294b079,ppe_orig,ppe_train_image226_8af294b079_helmetcopy,ppe_orig
13c6ecbf4b002b965f491c3538f75b552b2a5037,ppe_train_image227_c8685b71f6,ppe_orig,ppe_train_image227_c8685b71f6_helmetcopy,ppe_orig
1662999e54ed56d74c1e7aa2a5c187e6a9935493,ppe_train_image22_3109330662,ppe_orig,ppe_train_image22_3109330662_helmetcopy,ppe_orig
f6590995aef1cb8614b74f5f8a69986b0ba3e4b9,ppe_train_image232_c196721918,ppe_orig,ppe_train_image232_c196721918_helmetcopy,ppe_orig
ac7689bda3a41949592179549faddec676d49491,ppe_train_image233_4aa78d5dc5,ppe_orig,ppe_train_image233_4aa78d5dc5_helmetcopy,ppe_orig
88b8e4a7a23749016e275bbed680e9218e1b86ff,ppe_train_image234_24384ab38e,ppe_orig,ppe_train_image234_24384ab38e_helmetcopy,ppe_orig
2e1cae6f22dffe3bd6969b441637e1c720bc2166,ppe_train_image235_91b3579b5a,ppe_orig,ppe_train_image235_91b3579b5a_helmetcopy,ppe_orig
189567000d243587adbbefffdb0c557b3aa399b9,ppe_train_image236_88d6f5cdcd,ppe_orig,ppe_train_image236_88d6f5cdcd_helmetcopy,ppe_orig
a245ca0d3ca9d225099e68039a5713c8f4182526,ppe_train_image237_15f0146745,ppe_orig,ppe_train_image237_15f0146745_helmetcopy,ppe_orig
236b29f174f98b2fcea4f299881f8368ac22214d,ppe_train_image239_4800b6ee8f,ppe_orig,ppe_train_image239_4800b6ee8f_helmetcopy,ppe_orig
a346f376eaef63b256617e75dbe0d4c2c0749fe5,ppe_train_image240_6ddcc7e51d,ppe_orig,ppe_train_image240_6ddcc7e51d_helmetcopy,ppe_orig
2cf10fa447172fe9756fc4cdc175ebf68da49e5c,ppe_train_image242_1a00e0146d,ppe_orig,ppe_train_image242_1a00e0146d_helmetcopy,ppe_orig
718ae5fbe7849d277983b2badf4be2e78d5d8c64,ppe_train_image243_b6022842cf,ppe_orig,ppe_train_image243_b6022842cf_helmetcopy,ppe_orig
769a5dcfc01b402f668aecfb64b7807106896fd6,ppe_train_image244_f567d9a20b,ppe_orig,ppe_train_image244_f567d9a20b_helmetcopy,ppe_orig
912d82e05f1c65d4b4ee0ec9186868b8a4affa72,ppe_train_image245_8969cc7cc0,ppe_orig,ppe_train_image245_8969cc7cc0_helmetcopy,ppe_orig
ac9e8191782564831fb66588f4008ef7a106a7a3,ppe_train_image246_18499fdf36,ppe_orig,ppe_train_image246_18499fdf36_helmetcopy,ppe_orig
c7aa9da8740cd1b271514eda223ff8f221a101c2,ppe_train_image247_2bd015b585,ppe_orig,ppe_train_image247_2bd015b585_helmetcopy,ppe_orig
be71c4a39d55a3af2383e0b56fc4e14dfb60177a,ppe_train_image248_51762cc694,ppe_orig,ppe_train_image248_51762cc694_helmetcopy,ppe_orig
6cbcf58a9cfae89fe5d1b02a27b30952efe6d57f,ppe_train_image249_13966c8152,ppe_orig,ppe_train_image249_13966c8152_helmetcopy,ppe_orig
94d753d347cd0bfb2cfe1fa4973df49b0f048cd4,ppe_train_image24_11332642b3,ppe_orig,ppe_train_image24_11332642b3_helmetcopy,ppe_orig
4d2930c84072b985fde8d60307666e22193cc89c,ppe_train_image250_a30595552a,ppe_orig,ppe_train_image250_a30595552a_helmetcopy,ppe_orig
69e5a7a8d4ff6eb07bc7a0118ac105b5c3a59500,ppe_train_image251_df5f5f95db,ppe_orig,ppe_train_image251_df5f5f95db_helmetcopy,ppe_orig
c3012bc6dfd1f7522f4f43ad3c527fab670b9f97,ppe_train_image252_576b41c924,ppe_orig,ppe_train_image252_576b41c924_helmetcopy,ppe_orig
99adbb784e98241bec330579e0975a044ddcd830,ppe_train_image254_a64b1e0d00,ppe_orig,ppe_train_image254_a64b1e0d00_helmetcopy,ppe_orig
e2298de95d63451efa1a064225ab8934581bfab8,ppe_train_image255_a4f60e7c62,ppe_orig,ppe_train_image255_a4f60e7c62_helmetcopy,ppe_orig
00fae95cc0ec9acc446fd7e85817fd97b823865c,ppe_train_image256_c1386c265b,ppe_orig,ppe_train_image256_c1386c265b_helmetcopy,ppe_orig
e9efd0ce6fc4b144559f2b66f6c53c1bade6e93b,ppe_train_image258_ea5f5ff560,ppe_orig,ppe_train_image258_ea5f5ff560_helmetcopy,ppe_orig
14b444a0a2418b334e1267a74e84ed63aef4fca4,ppe_train_image25_4fdcc88cc2,ppe_orig,ppe_train_image25_4fdcc88cc2_helmetcopy,ppe_orig
887e46c2622ca3ec10d3abd64e83b4b941a72c58,ppe_train_image260_178a35d5bd,ppe_orig,ppe_train_image260_178a35d5bd_helmetcopy,ppe_orig
943fb777504422aa30ce91ae27f9db70a7e52fb5,ppe_train_image261_02d26928e4,ppe_orig,ppe_train_image261_02d26928e4_helmetcopy,ppe_orig
3426c5675754e4b733d5e7276ad667f000bb54a1,ppe_train_image262_11b36dc0bc,ppe_orig,ppe_train_image262_11b36dc0bc_helmetcopy,ppe_orig
a88f2ab2415e0569db0e40b1ad273dd115cea63d,ppe_train_image263_0eca629567,ppe_orig,ppe_train_image263_0eca629567_helmetcopy,ppe_orig
b9f9cbc8eac59ab1972b4641ff5cfb45500b28ee,ppe_train_image264_5efd59d5ff,ppe_orig,ppe_train_image264_5efd59d5ff_helmetcopy,ppe_orig
b1fd9c8dc74376cbdf08d8f6bb045d2550e6ba67,ppe_train_image265_f127f37413,ppe_orig,ppe_train_image265_f127f37413_helmetcopy,ppe_orig
d3cd27a27d039b636b35cd76c415492ab45f1ce4,ppe_train_image266_d46eb51832,ppe_orig,ppe_train_image266_d46eb51832_helmetcopy,ppe_orig
bb5ef3b2c7e6356b05561ae4419648f2ad7bcaff,ppe_train_image267_012749bb56,ppe_orig,ppe_train_image267_012749bb56_helmetcopy,ppe_orig
14da2a95cabdf93d90e1bf2d789ad6083a79af46,ppe_train_image268_e968b8671f,ppe_orig,ppe_train_image268_e968b8671f_helmetcopy,ppe_orig
d77c94cec3b3f95f4897b3928545e43b2a0d511f,ppe_train_image269_d5bde8d896,ppe_orig,ppe_train_image269_d5bde8d896_helmetcopy,ppe_orig
b8ac0e7c342e011f3a72b1d2615d7589f8f5dd65,ppe_train_image26_900d640511,ppe_orig,ppe_train_image26_900d640511_helmetcopy,ppe_orig
31746e3b44da76272ec1e3d58e270e26fab461f3,ppe_train_image272_2d5771fe4c,ppe_orig,ppe_train_image272_2d5771fe4c_helmetcopy,ppe_orig
9d5241e0f1d581b387ed73a4e75162d2c70d0061,ppe_train_image273_9634eb686e,ppe_orig,ppe_train_image273_9634eb686e_helmetcopy,ppe_orig
4f9526698992f4a37d63e1730add33a64adbb5fd,ppe_train_image274_ed8c288bb9,ppe_orig,ppe_train_image274_ed8c288bb9_helmetcopy,ppe_orig
e738d86398a05de5f197b0199536880cb56c7490,ppe_train_image275_8086c000b3,ppe_orig,ppe_train_image275_8086c000b3_helmetcopy,ppe_orig
7612c86fc2714da7c8d6538fbaf7ea8b4c25576d,ppe_train_image276_5523fcaa6f,ppe_orig,ppe_train_image276_5523fcaa6f_helmetcopy,ppe_orig
62081d8927842f5e0cd47722ac234f8bd3c68814,ppe_train_image277_4c6436ebae,ppe_orig,ppe_train_image277_4c6436ebae_helmetcopy,ppe_orig
87e85ebe0689847473dc00538ea35eca15b664e3,ppe_train_image279_f0a82bf485,ppe_orig,ppe_train_image279_f0a82bf485_helmetcopy,ppe_orig
856f99fbef858f95d80ccd461a35ccc8625b40dc,ppe_train_image280_a2cc924cb0,ppe_orig,ppe_train_image280_a2cc924cb0_helmetcopy,ppe_orig
1c50cfc0860045d57903cc4f696fcef10e649708,ppe_train_image281_e4aa0c44b8,ppe_orig,ppe_train_image281_e4aa0c44b8_helmetcopy,ppe_orig
0863314a08dd95915e9f3607b4a32ecc80fd6ff2,ppe_train_image282_0cab758a0f,ppe_orig,ppe_train_image282_0cab758a0f_helmetcopy,ppe_orig
26664f7cdb9b3e16d309aa733b26cf541f380174,ppe_train_image283_0cd6509043,ppe_orig,ppe_train_image283_0cd6509043_helmetcopy,ppe_orig
c786226b827236228a4a22dd3b77da80bbdb3383,ppe_train_image284_a760f0c339,ppe_orig,ppe_train_image284_a760f0c339_helmetcopy,ppe_orig
7e01837ec12cabcaf4b7a8a87a20dc01d55af6cf,ppe_train_image285_528aecfb09,ppe_orig,ppe_train_image285_528aecfb09_helmetcopy,ppe_orig
aad7a01494d1dc6131dcc797d8a74cc8b203ddc4,ppe_train_image286_96203ba685,ppe_orig,ppe_train_image286_96203ba685_helmetcopy,ppe_orig
913ca8d334a035acd1072cb4951f0d2b02e8351b,ppe_train_image288_c4ecb7bd1e,ppe_orig,ppe_train_image288_c4ecb7bd1e_helmetcopy,ppe_orig
a5cae032f1482fb55d60aab0cd894827dda58128,ppe_train_image289_ef9998be5d,ppe_orig,ppe_train_image289_ef9998be5d_helmetcopy,ppe_orig
2cb2a2c9bc5e421ba0e0d665ff65f8b41c841a24,ppe_train_image28_d654c15bb0,ppe_orig,ppe_train_image28_d654c15bb0_helmetcopy,ppe_orig
c2cea7da87f835533d1e2e97ac161910193acd3d,ppe_train_image290_a53ebc7e0c,ppe_orig,ppe_train_image290_a53ebc7e0c_helmetcopy,ppe_orig
55219ef5d471df48638e8002f1db8b566f45f055,ppe_train_image291_8dd36bf3c8,ppe_orig,ppe_train_image291_8dd36bf3c8_helmetcopy,ppe_orig
d6715a3d43271b69fac012c9db32ceaba8fb8e08,ppe_train_image292_5d70d12071,ppe_orig,ppe_train_image292_5d70d12071_helmetcopy,ppe_orig
a99ec6e3c53dfecdc1061b6e3edfdecc165c9abb,ppe_train_image294_b54f12d85d,ppe_orig,ppe_train_image294_b54f12d85d_helmetcopy,ppe_orig
093e34c2eda80e587e0bf42039b19cc3c69931b3,ppe_train_image295_b60a026fe4,ppe_orig,ppe_train_image295_b60a026fe4_helmetcopy,ppe_orig
56b86d101a3ce559bee1cfdedef216c24dec146c,ppe_train_image297_243227771f,ppe_orig,ppe_train_image297_243227771f_helmetcopy,ppe_orig
6600c7d6bedeaa53e80d3783abce63341aa32026,ppe_train_image298_0b030b8328,ppe_orig,ppe_train_image298_0b030b8328_helmetcopy,ppe_orig
a74a33a358640c3092e21c95f907626e3356971d,ppe_train_image299_6840c53ba6,ppe_orig,ppe_train_image299_6840c53ba6_helmetcopy,ppe_orig
b6f5e9b9f152b89dff62207f1f619505a639df75,ppe_train_image29_fd7e8cb31c,ppe_orig,ppe_train_image29_fd7e8cb31c_helmetcopy,ppe_orig
a6f59cbb66f6c55446b6a4fcd1791af529353b74,ppe_train_image2_225030730e,ppe_orig,ppe_train_image2_225030730e_helmetcopy,ppe_orig
e043543ddbfda7b1f9cce25bdde849d66932bf24,ppe_train_image301_73f07027fe,ppe_orig,ppe_train_image301_73f07027fe_helmetcopy,ppe_orig
bfc156e5cd96a793767b68ccc045f70f942cffb8,ppe_train_image302_035e9b6388,ppe_orig,ppe_train_image302_035e9b6388_helmetcopy,ppe_orig
53373549267b50e69fcfc6cd2d1bd4a5d748e56e,ppe_train_image303_0ebdf7ceba,ppe_orig,ppe_train_image303_0ebdf7ceba_helmetcopy,ppe_orig
ca1a266e1e3f77ae02e4a03aaa15c7b410feb0ea,ppe_train_image305_bc185f236d,ppe_orig,ppe_train_image305_bc185f236d_helmetcopy,ppe_orig
d9f7788678793b24b9e2b5b31571015afd7c200a,ppe_train_image306_56961b4770,ppe_orig,ppe_train_image306_56961b4770_helmetcopy,ppe_orig
96f44d2abae114ffe237fcc221ed506ab09acc8e,ppe_train_image308_4e1f715e42,ppe_orig,ppe_train_image308_4e1f715e42_helmetcopy,ppe_orig
e2e243267aa11be1a7f0558d1041508d09d2ab42,ppe_train_image309_212a011563,ppe_orig,ppe_train_image309_212a011563_helmetcopy,ppe_orig
f5e72604e6215cb86af77f81e59a29921d338043,ppe_train_image30_f36d09d185,ppe_orig,ppe_train_image30_f36d09d185_helmetcopy,ppe_orig
54dbdd6eb075e9333674717c931e6199746e934f,ppe_train_image310_070b77fda1,ppe_orig,ppe_train_image310_070b77fda1_helmetcopy,ppe_orig
a6c76b91d0e5bc54a2f2b70f0f322d00f6bfde15,ppe_train_image311_61729c4de3,ppe_orig,ppe_train_image311_61729c4de3_helmetcopy,ppe_orig
a486d4ab3c29e107719bcb8c9e01cbc91a2ad6cc,ppe_train_image312_1d77c328a9,ppe_orig,ppe_train_image312_1d77c328a9_helmetcopy,ppe_orig
eef882f650d8f9ac0808a92a0049b482880cbd11,ppe_train_image313_fd32638859,ppe_orig,ppe_train_image313_fd32638859_helmetcopy,ppe_orig
11c40019162e9173ec10a506d50c083938dedf18,ppe_train_image314_4ec9ae39b0,ppe_orig,ppe_train_image314_4ec9ae39b0_helmetcopy,ppe_orig
35ce3219087f73f598b364db263b36fee7aacd8c,ppe_train_image315_0a1471bd24,ppe_orig,ppe_train_image315_0a1471bd24_helmetcopy,ppe_orig
c0f1337fca69e92699292789c5e3b4c2455f5e4e,ppe_train_image316_3074a442f1,ppe_orig,ppe_train_image316_3074a442f1_helmetcopy,ppe_orig
512b0c72fec30fc2b2954ca56a7b78f249f23dcd,ppe_train_image317_2bd5c23ebe,ppe_orig,ppe_train_image317_2bd5c23ebe_helmetcopy,ppe_orig
acab9c48821e0093afb973a56d4fcae97d35d8e1,ppe_train_image319_c823d025a9,ppe_orig,ppe_train_image319_c823d025a9_helmetcopy,ppe_orig
11a8b4a07448ee5dc37f4f45c6faab6c982882ac,ppe_train_image320_fb87b5dd6f,ppe_orig,ppe_train_image320_fb87b5dd6f_helmetcopy,ppe_orig
6776ac67d7c0d33513c399348062c3eceb9d0641,ppe_train_image321_7f5893b726,ppe_orig,ppe_train_image321_7f5893b726_helmetcopy,ppe_orig
6ce365a47bdfcdaf43bbc3d542683f6f2da2845f,ppe_train_image322_d3cabae46e,ppe_orig,ppe_train_image322_d3cabae46e_helmetcopy,ppe_orig
04d1d83c2af26c9e6c50851e230b438bce05676a,ppe_train_image323_573626c137,ppe_orig,ppe_train_image323_573626c137_helmetcopy,ppe_orig
0d78fcf96bf5f41bfdf5d5d3c73f264dc894a570,ppe_train_image325_4d742a2271,ppe_orig,ppe_train_image325_4d742a2271_helmetcopy,ppe_orig
a8d155496002858f7adea059327bf67ac8c9753c,ppe_train_image326_63752f9b4d,ppe_orig,ppe_train_image326_63752f9b4d_helmetcopy,ppe_orig
1660a7a0e0544d9a9a6e8dd18b4d76edc6fefa09,ppe_train_image327_b01284d997,ppe_orig,ppe_train_image327_b01284d997_helmetcopy,ppe_orig
eb13fa4583f5792ead0e9ab82b5c0da3d75dd57f,ppe_train_image328_850daf5431,ppe_orig,ppe_train_image328_850daf5431_helmetcopy,ppe_orig
2b0c7341ed547c59b8155cc94f71c135a398664d,ppe_train_image32_4768069cdc,ppe_orig,ppe_train_image32_4768069cdc_helmetcopy,ppe_orig
c674412854b0c1b4220c5c4c386735780e889172,ppe_train_image332_1e9d0bf8df,ppe_orig,ppe_train_image332_1e9d0bf8df_helmetcopy,ppe_orig
28d38018178276a5ff18f2567db7d5af877d82cb,ppe_train_image333_ad13daffe3,ppe_orig,ppe_train_image333_ad13daffe3_helmetcopy,ppe_orig
e7a9125444817198bdc6dbbb220b9e2cac609252,ppe_train_image334_def50190e7,ppe_orig,ppe_train_image334_def50190e7_helmetcopy,ppe_orig
3102c4f2703e7fb9f43aec9ed591bd20492d1220,ppe_train_image335_e7f60030d5,ppe_orig,ppe_train_image335_e7f60030d5_helmetcopy,ppe_orig
2e777dcb425864ce2837a76ed8e3336ad45d35c1,ppe_train_image336_c0a518ecd4,ppe_orig,ppe_train_image336_c0a518ecd4_helmetcopy,ppe_orig
22236c6530d14ef84d302b8235ff67e8c515b9f4,ppe_train_image338_99d5bfcebd,ppe_orig,ppe_train_image338_99d5bfcebd_helmetcopy,ppe_orig
4cf609fc6284019b72ac0045a125f688c33dec07,ppe_train_image339_98427fdfd5,ppe_orig,ppe_train_image339_98427fdfd5_helmetcopy,ppe_orig
560005dc861e586071ec4ceafff9745a00fe1474,ppe_train_image33_1a02ad9905,ppe_orig,ppe_train_image33_1a02ad9905_helmetcopy,ppe_orig
5ac48968338bf538eedea0d07833fb15fa72e741,ppe_train_image340_e8f59e1b0c,ppe_orig,ppe_train_image340_e8f59e1b0c_helmetcopy,ppe_orig
2f4eb4a4ccae290980dd490b19b6638e35c47b91,ppe_train_image341_16ee1a2468,ppe_orig,ppe_train_image341_16ee1a2468_helmetcopy,ppe_orig
b4a917c574b2f3e762b4cb6f124c3a8e4b695f69,ppe_train_image342_d591973bb3,ppe_orig,ppe_train_image342_d591973bb3_helmetcopy,ppe_orig
f494ddb4f756051208f73aba7c6a390a2104fdaa,ppe_train_image343_41b0252c4a,ppe_orig,ppe_train_image343_41b0252c4a_helmetcopy,ppe_orig
e5a017010cf3fddae8f02f82f97097abb31d8085,ppe_train_image344_bc312fa25a,ppe_orig,ppe_train_image344_bc312fa25a_helmetcopy,ppe_orig
20c9e34b13ccf35a2d3388ca1e8f07ecd1cf2412,ppe_train_image346_0b8394b4a3,ppe_orig,ppe_train_image346_0b8394b4a3_helmetcopy,ppe_orig
07dbe3fb76616245e00b49497212a65b0c927f2e,ppe_train_image348_96ba61b1ab,ppe_orig,ppe_train_image348_96ba61b1ab_helmetcopy,ppe_orig
0871083c8e8fe0c425d53002a596958f4c541dfb,ppe_train_image34_09b7c01e58,ppe_orig,ppe_train_image34_09b7c01e58_helmetcopy,ppe_orig
bc9455886e41e1f28f37a100c9b4e3eddd6fc5c6,ppe_train_image351_2a2606fa79,ppe_orig,ppe_train_image351_2a2606fa79_helmetcopy,ppe_orig
a4b8b7d28e8ede0cde335ac1f353e4f6f5be9997,ppe_train_image352_2b515d0cd1,ppe_orig,ppe_train_image352_2b515d0cd1_helmetcopy,ppe_orig
59c63b2f6e5f9dfc4b6ce3b58f961c71bdb4ae22,ppe_train_image353_3fe9b4f900,ppe_orig,ppe_train_image353_3fe9b4f900_helmetcopy,ppe_orig
9c94a6d8a39305b10954167c14fb336edae05b35,ppe_train_image354_819042b951,ppe_orig,ppe_train_image354_819042b951_helmetcopy,ppe_orig
7fc8ecb602301a25f7d318398bc7241004a55d8d,ppe_train_image356_ef663160ce,ppe_orig,ppe_train_image356_ef663160ce_helmetcopy,ppe_orig
edfbc85ce3a0208ceccd7cdf5fac5d475f6715bb,ppe_train_image357_6d4e28c775,ppe_orig,ppe_train_image357_6d4e28c775_helmetcopy,ppe_orig
260a04f862f4c7666b20f543a21362b9a47a7055,ppe_train_image358_e105c74ca1,ppe_orig,ppe_train_image358_e105c74ca1_helmetcopy,ppe_orig
8d4882036fe31b1c1af235bd354c86c5a85a7412,ppe_train_image359_84161b01ca,ppe_orig,ppe_train_image359_84161b01ca_helmetcopy,ppe_orig
05396b2d52a4d8368f847ac18194148a747f4a7b,ppe_train_image363_d22fafc0f7,ppe_orig,ppe_train_image363_d22fafc0f7_helmetcopy,ppe_orig
c512e21857557bbc723eeac3c520b0ff7741b1f5,ppe_train_image364_09f1216ffb,ppe_orig,ppe_train_image364_09f1216ffb_helmetcopy,ppe_orig
f33552d0894159ac90ed1e4ba267fb25b93a9857,ppe_train_image365_b5bdd483e6,ppe_orig,ppe_train_image365_b5bdd483e6_helmetcopy,ppe_orig
c8849f7f8d43492d464790c9eaab111e9774ba93,ppe_train_image366_459654675e,ppe_orig,ppe_train_image366_459654675e_helmetcopy,ppe_orig
e5b740d9e8e5d1645dd566a11633f95979aa4c15,ppe_train_image367_27d6d827b5,ppe_orig,ppe_train_image367_27d6d827b5_helmetcopy,ppe_orig
d45c5e7a69cf4c75d57e72d3fa1088178425e131,ppe_train_image368_216f9db891,ppe_orig,ppe_train_image368_216f9db891_helmetcopy,ppe_orig
e681db1e832094f050a7336ed62b382cb5f10358,ppe_train_image369_91d445ca67,ppe_orig,ppe_train_image369_91d445ca67_helmetcopy,ppe_orig
fdf1a27c8894c22fb1bcb32c45a488e7bd7dc23c,ppe_train_image36_15c42d2df1,ppe_orig,ppe_train_image36_15c42d2df1_helmetcopy,ppe_orig
75a41c4629b89de234a633e105f5844b7aa81f2c,ppe_train_image370_15dbbe6de7,ppe_orig,ppe_train_image370_15dbbe6de7_helmetcopy,ppe_orig
2f3d12489d9063f55c353b10b6c6fae2d6f78f37,ppe_train_image371_f568f556de,ppe_orig,ppe_train_image371_f568f556de_helmetcopy,ppe_orig
76a79773aa93cd3a3edb39f47cadd23d67eff41b,ppe_train_image372_423475e1fa,ppe_orig,ppe_train_image372_423475e1fa_helmetcopy,ppe_orig
1452299de98782e3571caac89b96be48a907664e,ppe_train_image373_5fbeae5914,ppe_orig,ppe_train_image373_5fbeae5914_helmetcopy,ppe_orig
fc53b9abee3a3341c740bbbb89d9e90df1a53b78,ppe_train_image374_79f3dd1a3f,ppe_orig,ppe_train_image374_79f3dd1a3f_helmetcopy,ppe_orig
c2c058efc920e5f4a7af328a1ae764e23ab27142,ppe_train_image375_243f963813,ppe_orig,ppe_train_image375_243f963813_helmetcopy,ppe_orig
90fd86e71497db8b05164481bdf076ef19a48298,ppe_train_image376_36a0dae1d9,ppe_orig,ppe_train_image376_36a0dae1d9_helmetcopy,ppe_orig
4467018842a6cf5e2e5101a25cf273c9a775d64a,ppe_train_image377_e6e0b5cec6,ppe_orig,ppe_train_image377_e6e0b5cec6_helmetcopy,ppe_orig
156814916d0f6a94c846f01a6b482bb2581fbdef,ppe_train_image378_78654770ef,ppe_orig,ppe_train_image378_78654770ef_helmetcopy,ppe_orig
61e4c95ae7f3c9a1de2166ad22aadc761680b799,ppe_train_image379_aa769ea31e,ppe_orig,ppe_train_image379_aa769ea31e_helmetcopy,ppe_orig
c6c45a7419516866052ec03e9001c7a0c391a471,ppe_train_image37_374b1d91f9,ppe_orig,ppe_train_image37_374b1d91f9_helmetcopy,ppe_orig
9f6821cd3b0a54e9ba81e451a078703847a0895d,ppe_train_image380_a93be8cbda,ppe_orig,ppe_train_image380_a93be8cbda_helmetcopy,ppe_orig
79ad4b1f9d0b368a13a95b42daf7273694925977,ppe_train_image382_aa8755e138,ppe_orig,ppe_train_image382_aa8755e138_helmetcopy,ppe_orig
cf0c3c0fe30cf08ecc573c76ccc1205586aab519,ppe_train_image383_241845a1d1,ppe_orig,ppe_train_image383_241845a1d1_helmetcopy,ppe_orig
516c167e3a25a9ce7528bbd1cec362d130b5b4aa,ppe_train_image384_b8155cb40d,ppe_orig,ppe_train_image384_b8155cb40d_helmetcopy,ppe_orig
f016299a9f3f4dc83c29b65164300ed39f64e390,ppe_train_image385_a0904c8faf,ppe_orig,ppe_train_image385_a0904c8faf_helmetcopy,ppe_orig
4575371c44f95598b28291360a7ec5a7585ba3fb,ppe_train_image386_57ef7a0e2e,ppe_orig,ppe_train_image386_57ef7a0e2e_helmetcopy,ppe_orig
ca63507e64439fa955b2a8204137a251f55cb022,ppe_train_image387_5d51e6d4e1,ppe_orig,ppe_train_image387_5d51e6d4e1_helmetcopy,ppe_orig
9082f5474a8ad1e63c205637f62ed9cb660875b0,ppe_train_image388_d9bd923c5b,ppe_orig,ppe_train_image388_d9bd923c5b_helmetcopy,ppe_orig
4dd49979e797f86104909cfb41e81614a79dd1af,ppe_train_image38_f3f86e1084,ppe_orig,ppe_train_image38_f3f86e1084_helmetcopy,ppe_orig
dec437d01bf1a2c98fd51d7d451e22eb011c8442,ppe_train_image390_cff82cb649,ppe_orig,ppe_train_image390_cff82cb649_helmetcopy,ppe_orig
8cbc083a4842f2c6e5fa6503779b18632457650d,ppe_train_image394_f6ac6ed29d,ppe_orig,ppe_train_image394_f6ac6ed29d_helmetcopy,ppe_orig
b88c2c660d6ca81d1429e8abb06d1381963cc08d,ppe_train_image397_3e7effafa7,ppe_orig,ppe_train_image397_3e7effafa7_helmetcopy,ppe_orig
81c125543c6498f39124bbfc6e610f841e201e4b,ppe_train_image398_6bc907b77f,ppe_orig,ppe_train_image398_6bc907b77f_helmetcopy,ppe_orig
cf08ce2756cb44d2aab6b970be5e8be06bf70afd,ppe_train_image399_9f2ea1074d,ppe_orig,ppe_train_image399_9f2ea1074d_helmetcopy,ppe_orig
8ca82562043393f2ea31bd205645daf3b2b98a3d,ppe_train_image3_7b5df54156,ppe_orig,ppe_train_image3_7b5df54156_helmetcopy,ppe_orig
f05dca1c65f520218c6928926ce08514bcc0f9ab,ppe_train_image400_7efe33eab8,ppe_orig,ppe_train_image400_7efe33eab8_helmetcopy,ppe_orig
c9c443f2371484bc88632b7d15b9842fb8f53fb3,ppe_train_image402_52fc5a9269,ppe_orig,ppe_train_image402_52fc5a9269_helmetcopy,ppe_orig
e016d192bef9332447179377868da3c2d53c993e,ppe_train_image403_72300fbba8,ppe_orig,ppe_train_image403_72300fbba8_helmetcopy,ppe_orig
fbf35d0827307319c5f8be422f782c8dc4c63925,ppe_train_image404_43e0a586f1,ppe_orig,ppe_train_image404_43e0a586f1_helmetcopy,ppe_orig
f19464975897e4e06b38aedd4d20bb73a39fda47,ppe_train_image405_954406d397,ppe_orig,ppe_train_image405_954406d397_helmetcopy,ppe_orig
653e549fce5bada7bdb9eab3046356f40094e436,ppe_train_image406_db0fc3089a,ppe_orig,ppe_train_image406_db0fc3089a_helmetcopy,ppe_orig
a5054b4435fa152caf05efaed348ab340dfe92eb,ppe_train_image408_a02f125cff,ppe_orig,ppe_train_image408_a02f125cff_helmetcopy,ppe_orig
3306c657d4e3aeb2af754fe27d1e7a5d73d8e717,ppe_train_image409_69b52f2092,ppe_orig,ppe_train_image409_69b52f2092_helmetcopy,ppe_orig
875cc02bf9e9e8115a914f9c01db170478e8ed3b,ppe_train_image412_4fd90449ff,ppe_orig,ppe_train_image412_4fd90449ff_helmetcopy,ppe_orig
2ac9af0831ed4ef125e013505964e437034e07e2,ppe_train_image413_445a1cf1a8,ppe_orig,ppe_train_image413_445a1cf1a8_helmetcopy,ppe_orig
9b734e987735dc2201359292e2a9860cecc22108,ppe_train_image414_1366eacc1d,ppe_orig,ppe_train_image414_1366eacc1d_helmetcopy,ppe_orig
9ed82f8fdb2c1cb316f3b0a69b8437b494d339f7,ppe_train_image415_84f5984bb8,ppe_orig,ppe_train_image415_84f5984bb8_helmetcopy,ppe_orig
f534cc69971a31f8e6ce54e2bf0e9629813f674b,ppe_train_image416_08632b8a99,ppe_orig,ppe_train_image416_08632b8a99_helmetcopy,ppe_orig
b23420cd450225e19d8d4bd4ca463aab2b3e503d,ppe_train_image417_939e758c23,ppe_orig,ppe_train_image417_939e758c23_helmetcopy,ppe_orig
dd6dad419aca3255789f494698e8ceef31173ab0,ppe_train_image418_bff5336d38,ppe_orig,ppe_train_image418_bff5336d38_helmetcopy,ppe_orig
d5ae929bc7083eccc6f493d48b97a54a92ca42d3,ppe_train_image420_d2522d3b0d,ppe_orig,ppe_train_image420_d2522d3b0d_helmetcopy,ppe_orig
4b4458446b177c72a56b82e2d5d88abca8c7177d,ppe_train_image421_abce996dc3,ppe_orig,ppe_train_image421_abce996dc3_helmetcopy,ppe_orig
8f4d1a0ebd0e2c013cd680c0406639ca73b4fbbf,ppe_train_image422_9ba0422d87,ppe_orig,ppe_train_image422_9ba0422d87_helmetcopy,ppe_orig
28fdf0a812c9ccd7ee56d2e262c5f58316ecbd2a,ppe_train_image424_dbbd20bee1,ppe_orig,ppe_train_image424_dbbd20bee1_helmetcopy,ppe_orig
113fb054cf3d46a94a91970a50dc6cb5140d15fc,ppe_train_image425_768cab258e,ppe_orig,ppe_train_image425_768cab258e_helmetcopy,ppe_orig
c91fb4237c86e09728b5ffcc5df1b6dce28b6415,ppe_train_image426_e7b8c03695,ppe_orig,ppe_train_image426_e7b8c03695_helmetcopy,ppe_orig
853cb144c5c1abbd0cea5d34472a6d127fefb27e,ppe_train_image427_27188352a4,ppe_orig,ppe_train_image427_27188352a4_helmetcopy,ppe_orig
4b1b93016830f33e06ddfb1100246c38ff8e05f9,ppe_train_image428_b5b604157e,ppe_orig,ppe_train_image428_b5b604157e_helmetcopy,ppe_orig
6bcbcbbc65aafa02c23719cf56a24497a7ac9eb1,ppe_train_image429_04e95fda75,ppe_orig,ppe_train_image429_04e95fda75_helmetcopy,ppe_orig
97ec474b90bf6a8b224d19530d4c182e30b80ed3,ppe_train_image42_b01ab959fb,ppe_orig,ppe_train_image42_b01ab959fb_helmetcopy,ppe_orig
f8317acd398ed20da917fc0af03cb5a34ad7736f,ppe_train_image432_a82a1f4a5a,ppe_orig,ppe_train_image432_a82a1f4a5a_helmetcopy,ppe_orig
74e0e5cbe7a77b63fb6cbf256fe4e5b272bcd139,ppe_train_image433_839ebfad5e,ppe_orig,ppe_train_image433_839ebfad5e_helmetcopy,ppe_orig
29f4e4ca1da1c74e319bb6302984934a55b542d5,ppe_train_image434_add33aede2,ppe_orig,ppe_train_image434_add33aede2_helmetcopy,ppe_orig
04b3021115563ea57922a9a40dfcf3d5b855bad0,ppe_train_image435_492a6b6296,ppe_orig,ppe_train_image435_492a6b6296_helmetcopy,ppe_orig
38d48ccaf33b9a4c3907b35e6889a8a1ab385e5c,ppe_train_image436_b10eb91b5c,ppe_orig,ppe_train_image436_b10eb91b5c_helmetcopy,ppe_orig
cfb978bf003272d4394eab31985b96f41f4e5ced,ppe_train_image437_93fdc8b4e2,ppe_orig,ppe_train_image437_93fdc8b4e2_helmetcopy,ppe_orig
255f2aab09663b1447a82725dbfc7bb040084dc1,ppe_train_image438_9cb018242d,ppe_orig,ppe_train_image438_9cb018242d_helmetcopy,ppe_orig
c9b1be6dd4755d62e61dc67770e793f95803a6d5,ppe_train_image43_0839f13f16,ppe_orig,ppe_train_image43_0839f13f16_helmetcopy,ppe_orig
5cf6d9145f188d7fab0a29175429ca0e815647a6,ppe_train_image440_eea0a174c1,ppe_orig,ppe_train_image440_eea0a174c1_helmetcopy,ppe_orig
bbf77ddb28a6a4acba963cae027e1065c173c276,ppe_train_image442_05cc1df2c1,ppe_orig,ppe_train_image442_05cc1df2c1_helmetcopy,ppe_orig
d90c45396f27c5f65f8da68c0baa519d048d4ce9,ppe_train_image443_a726e571b1,ppe_orig,ppe_train_image443_a726e571b1_helmetcopy,ppe_orig
180ee00186e252e8d3e5a282d1db5342104740b7,ppe_train_image445_f7b9bad117,ppe_orig,ppe_train_image445_f7b9bad117_helmetcopy,ppe_orig
c587594742657493492635460f80a8d6c86bd936,ppe_train_image448_60b90b0335,ppe_orig,ppe_train_image448_60b90b0335_helmetcopy,ppe_orig
efd0b26247b5fcf81c0a97eda97d31b87acb75be,ppe_train_image449_c3b0de03c0,ppe_orig,ppe_train_image449_c3b0de03c0_helmetcopy,ppe_orig
0a76a73479377876c43ae29b3536c1dbf1e6129e,ppe_train_image44_6dc82b20f9,ppe_orig,ppe_train_image44_6dc82b20f9_helmetcopy,ppe_orig
d07ec4d46572550bf2ff79d7dc81e230c5f2a96a,ppe_train_image451_56a32d0660,ppe_orig,ppe_train_image451_56a32d0660_helmetcopy,ppe_orig
583a04ae664884de821ed68adffd0602af159651,ppe_train_image452_6cbcf1cdaf,ppe_orig,ppe_train_image452_6cbcf1cdaf_helmetcopy,ppe_orig
45f4fa5cefad9d2752965bc888d588070ce07dcc,ppe_train_image453_bf574ace80,ppe_orig,ppe_train_image453_bf574ace80_helmetcopy,ppe_orig
3f559c37a00b296219662a273ffbe2a60bae12da,ppe_train_image454_53c3a8b104,ppe_orig,ppe_train_image454_53c3a8b104_helmetcopy,ppe_orig
306383d3034891832ddadce589bfa253530ca4ae,ppe_train_image456_0f803f6932,ppe_orig,ppe_train_image456_0f803f6932_helmetcopy,ppe_orig
495b95d4eebda6dd80f385f38b5de942c901983f,ppe_train_image457_a33b79bee8,ppe_orig,ppe_train_image457_a33b79bee8_helmetcopy,ppe_orig
3e1567586d8e86074d596289c83385bb3675f41d,ppe_train_image458_52873da767,ppe_orig,ppe_train_image458_52873da767_helmetcopy,ppe_orig
d381737994ee8f69c0c47b1fa6f2abf04242765c,ppe_train_image45_3b4715747a,ppe_orig,ppe_train_image45_3b4715747a_helmetcopy,ppe_orig
5af9fd0986990190e7bfcb02908de1d7fa0b27d4,ppe_train_image461_a6d9bcab61,ppe_orig,ppe_train_image461_a6d9bcab61_helmetcopy,ppe_orig
9727a3f17ddc637d6a9366456ff9139daeeeb59a,ppe_train_image463_0fe5f538ed,ppe_orig,ppe_train_image463_0fe5f538ed_helmetcopy,ppe_orig
9b38bbfec3ef762a7fe99bd2358c9a629f565a70,ppe_train_image465_43924239c9,ppe_orig,ppe_train_image465_43924239c9_helmetcopy,ppe_orig
f74f80961b63cb7e630a9c74dd2cb4e6a5ed8513,ppe_train_image466_e9d2429a13,ppe_orig,ppe_train_image466_e9d2429a13_helmetcopy,ppe_orig
9229c0d83d6236b2e12eeb406f37192f65f0833f,ppe_train_image467_5703d725d3,ppe_orig,ppe_train_image467_5703d725d3_helmetcopy,ppe_orig
9e81a5f36e514ffa001447bd5987a2613b284a05,ppe_train_image468_4fe39698ca,ppe_orig,ppe_train_image468_4fe39698ca_helmetcopy,ppe_orig
c914d1e01e3206fc26dfa2b24bf39764016a73e2,ppe_train_image469_e857fb29a3,ppe_orig,ppe_train_image469_e857fb29a3_helmetcopy,ppe_orig
008123b4bd929bc9adad2514612f84ab4fb8ad14,ppe_train_image471_576c0ab0f7,ppe_orig,ppe_train_image471_576c0ab0f7_helmetcopy,ppe_orig
31b3753937fd9f1981d3470c8e10831d7e714f53,ppe_train_image472_5f246ee09c,ppe_orig,ppe_train_image472_5f246ee09c_helmetcopy,ppe_orig
5cb204c7d8a0cbc8011fb81e30d00d924736c895,ppe_train_image473_4ab844dcbf,ppe_orig,ppe_train_image473_4ab844dcbf_helmetcopy,ppe_orig
8f483531b7a5b5919b66d3b1d13f8f4db8e3102f,ppe_train_image474_e79603322a,ppe_orig,ppe_train_image474_e79603322a_helmetcopy,ppe_orig
0bab63215a8d051ca9b4e773f335b599c309f9df,ppe_train_image476_2582c8a2cc,ppe_orig,ppe_train_image476_2582c8a2cc_helmetcopy,ppe_orig
544b9650c406f7e2f0a644b94115863e675f8067,ppe_train_image477_5847e9eaf7,ppe_orig,ppe_train_image477_5847e9eaf7_helmetcopy,ppe_orig
4a56192d53db6e5e6ed4e5fa036898d64cf9e620,ppe_train_image478_c2aa8bcdf1,ppe_orig,ppe_train_image478_c2aa8bcdf1_helmetcopy,ppe_orig
8c180686508a6f4e4950b81e89195bd898331a21,ppe_train_image47_ab4cbc6921,ppe_orig,ppe_train_image47_ab4cbc6921_helmetcopy,ppe_orig
d4dc5a0ba7e10a40d29c97d2b27cbc9531362ef5,ppe_train_image483_2363e2fe76,ppe_orig,ppe_train_image483_2363e2fe76_helmetcopy,ppe_orig
91b54cf637d6cce937e23f0f80151a83fa42c700,ppe_train_image485_5b34512c5e,ppe_orig,ppe_train_image485_5b34512c5e_helmetcopy,ppe_orig
4cb3169dd88417726bf0ac4ea20f8852899fcb3c,ppe_train_image486_a472bc9abd,ppe_orig,ppe_train_image486_a472bc9abd_helmetcopy,ppe_orig
09c7d22d2bf4c3db9d8038f86d3c72535f33ba58,ppe_train_image488_b07bb163a5,ppe_orig,ppe_train_image488_b07bb163a5_helmetcopy,ppe_orig
4f8afa6193a7c1a99c47f68c8e8e02caf4e138fc,ppe_train_image489_7e41e66841,ppe_orig,ppe_train_image489_7e41e66841_helmetcopy,ppe_orig
8534abd89bd298e108a4a5e2379bd87c574ef0f9,ppe_train_image48_166d91f885,ppe_orig,ppe_train_image48_166d91f885_helmetcopy,ppe_orig
f05c4d87268aebf4bfa6da8e252765280c36987e,ppe_train_image490_316f20d533,ppe_orig,ppe_train_image490_316f20d533_helmetcopy,ppe_orig
777fc26db5b4b355f19ba9a8a1cc3829736abe6b,ppe_train_image491_61dd400211,ppe_orig,ppe_train_image491_61dd400211_helmetcopy,ppe_orig
27c9bc60f96705ab07c1df8b3b36d3714bb57488,ppe_train_image492_4e8dce9876,ppe_orig,ppe_train_image492_4e8dce9876_helmetcopy,ppe_orig
804345cfb1c4b5445d0b3428a4cacb12a20dae1c,ppe_train_image493_4b1c8ce097,ppe_orig,ppe_train_image493_4b1c8ce097_helmetcopy,ppe_orig
e5f7950a4fcd4360af09ad43755a4148f470dd8f,ppe_train_image494_8f798bbdf2,ppe_orig,ppe_train_image494_8f798bbdf2_helmetcopy,ppe_orig
a645cd5e18cf43bf0ecd4931923c74743ba53ee2,ppe_train_image495_f4404fbfcf,ppe_orig,ppe_train_image495_f4404fbfcf_helmetcopy,ppe_orig
8369a34b1b28f2a465aa1550e2ae75aad049a3de,ppe_train_image497_49eed350f2,ppe_orig,ppe_train_image497_49eed350f2_helmetcopy,ppe_orig
1d2556499bb338baa58708b6a9ceccc03a502054,ppe_train_image498_f266c9e3fd,ppe_orig,ppe_train_image498_f266c9e3fd_helmetcopy,ppe_orig
5b2039b2d42a18a6ef6abb59e6d79d591d8e5798,ppe_train_image499_e58258a346,ppe_orig,ppe_train_image499_e58258a346_helmetcopy,ppe_orig
8de11e4438f4bf81b0b97d9543261ca8fa4d67b5,ppe_train_image49_972dfc414e,ppe_orig,ppe_train_image49_972dfc414e_helmetcopy,ppe_orig
243189fe0ee675ec3741c9bec8afb53a0acaf1f3,ppe_train_image4_3c81e7cc58,ppe_orig,ppe_train_image4_3c81e7cc58_helmetcopy,ppe_orig
3b7c80cba37e47ee4606ed6103e8d362574187da,ppe_train_image500_d48172cf40,ppe_orig,ppe_train_image500_d48172cf40_helmetcopy,ppe_orig
3c8685800404010b2931228e628e363f643f1c9f,ppe_train_image501_ef29b1d1eb,ppe_orig,ppe_train_image501_ef29b1d1eb_helmetcopy,ppe_orig
6b2b94581d5c3e46dfec8d0cbdf1a30a3029f09c,ppe_train_image503_80fbd6498e,ppe_orig,ppe_train_image503_80fbd6498e_helmetcopy,ppe_orig
48a5b43487b4bee730c6696f3d3bda0885525209,ppe_train_image504_5b3050167b,ppe_orig,ppe_train_image504_5b3050167b_helmetcopy,ppe_orig
c33f3675275ba7fe688325aa8dc68060a82b8fb7,ppe_train_image506_1804bda36d,ppe_orig,ppe_train_image506_1804bda36d_helmetcopy,ppe_orig
120229e808f404fc6f8a05b91bc45f992177e0c3,ppe_train_image507_042f2b512e,ppe_orig,ppe_train_image507_042f2b512e_helmetcopy,ppe_orig
d81abb28a17965dfaac4df43cf5a0d7e7b2a012e,ppe_train_image509_8e9bef2d92,ppe_orig,ppe_train_image509_8e9bef2d92_helmetcopy,ppe_orig
b4b02257891cf48ee5c9e04f28a80ee51de54682,ppe_train_image50_edc52fe17c,ppe_orig,ppe_train_image50_edc52fe17c_helmetcopy,ppe_orig
4fd4e987e4e340e48cdfca31b432d13bae2eefd9,ppe_train_image510_ec9b232261,ppe_orig,ppe_train_image510_ec9b232261_helmetcopy,ppe_orig
c9bd72fd10dedee6c1ef2d9240000f456ae0a067,ppe_train_image511_a3950ce92e,ppe_orig,ppe_train_image511_a3950ce92e_helmetcopy,ppe_orig
40b80f363750db6718b310b4dee5f9ed836de307,ppe_train_image512_959a086673,ppe_orig,ppe_train_image512_959a086673_helmetcopy,ppe_orig
1f2045901e6077ca9adffc5b5c264662c69d0c54,ppe_train_image513_721026f718,ppe_orig,ppe_train_image513_721026f718_helmetcopy,ppe_orig
ead5553d0ce47d989a857cdc60fdfae513d20918,ppe_train_image514_7c4298f60c,ppe_orig,ppe_train_image514_7c4298f60c_helmetcopy,ppe_orig
ab47da51089a29cb25223fe3ed5a2464551d1077,ppe_train_image515_4c0c454c23,ppe_orig,ppe_train_image515_4c0c454c23_helmetcopy,ppe_orig
82e4a98884a4d4a8a0394f83a81a349bf30f339e,ppe_train_image516_21a2b0e05f,ppe_orig,ppe_train_image516_21a2b0e05f_helmetcopy,ppe_orig
8016692ed4a49378bb21a346cf143ba916ed23ad,ppe_train_image518_728775d034,ppe_orig,ppe_train_image518_728775d034_helmetcopy,ppe_orig
d957f321e1e2b5ee61cc6013adb89759c9862a3c,ppe_train_image519_7ab9b546fa,ppe_orig,ppe_train_image519_7ab9b546fa_helmetcopy,ppe_orig
e44a914f04fdbee3d4c30c37656f5cadf3808562,ppe_train_image51_0c46779a3b,ppe_orig,ppe_train_image51_0c46779a3b_helmetcopy,ppe_orig
f73e063765bf3b16bf9ab77798ed0164af03e67d,ppe_train_image520_d77a942850,ppe_orig,ppe_train_image520_d77a942850_helmetcopy,ppe_orig
61dfc80875091a6b275404f91cfb2a130aef19ce,ppe_train_image521_09c9d0f91d,ppe_orig,ppe_train_image521_09c9d0f91d_helmetcopy,ppe_orig
e2a5de4c1ecacdca095be889f7c85722e73fb214,ppe_train_image522_c845e0a0d1,ppe_orig,ppe_train_image522_c845e0a0d1_helmetcopy,ppe_orig
55d8c38aa69ebb78c18a55a21d7a2092031a0e63,ppe_train_image523_2d8f9d6fa3,ppe_orig,ppe_train_image523_2d8f9d6fa3_helmetcopy,ppe_orig
93d714d037e80b70acaf31cfe1d7cd8b455828b3,ppe_train_image525_281f55f767,ppe_orig,ppe_train_image525_281f55f767_helmetcopy,ppe_orig
bacb44fe46cbc09efd0add6abafa61334ad32c20,ppe_train_image527_2147f8c667,ppe_orig,ppe_train_image527_2147f8c667_helmetcopy,ppe_orig
43d5f5b14f85ed35d469cb340efed772a8bd65fe,ppe_train_image528_b92a900aac,ppe_orig,ppe_train_image528_b92a900aac_helmetcopy,ppe_orig
70675dcc11ce90bdbd4daa13e525c8da8b7eaa23,ppe_train_image529_beb8c15efa,ppe_orig,ppe_train_image529_beb8c15efa_helmetcopy,ppe_orig
c9cdc813943b6fc993f5556afa61b1a13af1c3a2,ppe_train_image52_0e50c0b59a,ppe_orig,ppe_train_image52_0e50c0b59a_helmetcopy,ppe_orig
be501ec40e0ea587c6abc81a50616e917b443c4d,ppe_train_image530_21c68ed1c7,ppe_orig,ppe_train_image530_21c68ed1c7_helmetcopy,ppe_orig
60bb20a02ffedcbdccd49613b4210dfb019857c0,ppe_train_image531_74e344c661,ppe_orig,ppe_train_image531_74e344c661_helmetcopy,ppe_orig
112caab9b965d51d3b0576277fd819bc94e443d8,ppe_train_image534_d0a908cb3c,ppe_orig,ppe_train_image534_d0a908cb3c_helmetcopy,ppe_orig
5cd447b4940257d2bc14bcf15f837f5681b9d156,ppe_train_image539_9f08bf2275,ppe_orig,ppe_train_image539_9f08bf2275_helmetcopy,ppe_orig
04460a3e6b138f2a5a8af108c9874b517d033d08,ppe_train_image53_132a62b571,ppe_orig,ppe_train_image53_132a62b571_helmetcopy,ppe_orig
58e4227e3fc24410547b0d7d86da7bbbe67eb2ee,ppe_train_image542_dfca52537d,ppe_orig,ppe_train_image542_dfca52537d_helmetcopy,ppe_orig
363557cbdae0b4847337fed92e7798805f235acd,ppe_train_image543_5780966207,ppe_orig,ppe_train_image543_5780966207_helmetcopy,ppe_orig
bb509f9e27f38c8ce91ed21668989aae2250d84a,ppe_train_image544_ef23372c3a,ppe_orig,ppe_train_image544_ef23372c3a_helmetcopy,ppe_orig
5c9ae7e1a32e3686283ae73916d062fb368f1418,ppe_train_image545_f3212489f7,ppe_orig,ppe_train_image545_f3212489f7_helmetcopy,ppe_orig
7fee76a4443981204b531c6dce56928701ac0442,ppe_train_image546_edcb73d9bb,ppe_orig,ppe_train_image546_edcb73d9bb_helmetcopy,ppe_orig
62005031e60401ed14d59c369e9aebceb96a0dca,ppe_train_image549_d1839651fc,ppe_orig,ppe_train_image549_d1839651fc_helmetcopy,ppe_orig
b63f5c2e7a430b917e810edf43f329b28ecc51c0,ppe_train_image54_6b3fa9eb4c,ppe_orig,ppe_train_image54_6b3fa9eb4c_helmetcopy,ppe_orig
97a5a4fc851fb9ee2f9a904f6fbb6a79ce64056c,ppe_train_image551_bf33fc9d76,ppe_orig,ppe_train_image551_bf33fc9d76_helmetcopy,ppe_orig
c0df03373ecf8c007b42decef35c5164159c4623,ppe_train_image552_4d3ea6bee1,ppe_orig,ppe_train_image552_4d3ea6bee1_helmetcopy,ppe_orig
84bbf1834e71b775dc53ff12aefe30485601df27,ppe_train_image553_038676b988,ppe_orig,ppe_train_image553_038676b988_helmetcopy,ppe_orig
cd6a1e25bcf5ce967dbdbf25902012f407d3422b,ppe_train_image554_5732d72fe7,ppe_orig,ppe_train_image554_5732d72fe7_helmetcopy,ppe_orig
46bcf767ec73eb18e448cde7617e7f6c8257beff,ppe_train_image555_b31bcc9ee7,ppe_orig,ppe_train_image555_b31bcc9ee7_helmetcopy,ppe_orig
9c0aed32b1aa3af22b249bce470ab153de6fc857,ppe_train_image556_e5e528640d,ppe_orig,ppe_train_image556_e5e528640d_helmetcopy,ppe_orig
68fe2939d29c0802275acc921c77502bb709f7c4,ppe_train_image557_b88ff7ee55,ppe_orig,ppe_train_image557_b88ff7ee55_helmetcopy,ppe_orig
344b4f098b3b791ec4905c5958808841b623a985,ppe_train_image558_cc5a21ee75,ppe_orig,ppe_train_image558_cc5a21ee75_helmetcopy,ppe_orig
e69914bd721e0a57b17fc072e52e07eb4a4dcfa1,ppe_train_image559_0703c9b5c9,ppe_orig,ppe_train_image559_0703c9b5c9_helmetcopy,ppe_orig
b0ed62a05fe81272c929203a170f62b6d07e1eda,ppe_train_image560_0583cba027,ppe_orig,ppe_train_image560_0583cba027_helmetcopy,ppe_orig
98260b5f12631dd576c3fd76d29d98ab9fd9eaca,ppe_train_image561_b36e8448a0,ppe_orig,ppe_train_image561_b36e8448a0_helmetcopy,ppe_orig
88a0f2f3997a7a41b192422f80e2e29435babecb,ppe_train_image562_88a02c7e68,ppe_orig,ppe_train_image562_88a02c7e68_helmetcopy,ppe_orig
233f9b347a943fd2826ae2d39768fa7016c98421,ppe_train_image563_e497951317,ppe_orig,ppe_train_image563_e497951317_helmetcopy,ppe_orig
3bbb6f4667134fb3dfe0f02c7379ff0699ea61dd,ppe_train_image564_a503e7e042,ppe_orig,ppe_train_image564_a503e7e042_helmetcopy,ppe_orig
86bf2618467099c67916ab98fe37dc41cd997cc6,ppe_train_image565_dca93284b5,ppe_orig,ppe_train_image565_dca93284b5_helmetcopy,ppe_orig
c0e44229dd545591ea50aa9171562aff12c26884,ppe_train_image567_0231df41fd,ppe_orig,ppe_train_image567_0231df41fd_helmetcopy,ppe_orig
725b36f43218a809a1863eaac1484c1539243d08,ppe_train_image568_b2dd7259c4,ppe_orig,ppe_train_image568_b2dd7259c4_helmetcopy,ppe_orig
aa9752b8fbfa13baaf8f0c66b46a1017ef71fa8e,ppe_train_image569_e7e9592255,ppe_orig,ppe_train_image569_e7e9592255_helmetcopy,ppe_orig
e99c353a3af2aa70da54d9ec2d4ccb1d305c1571,ppe_train_image56_77931437fa,ppe_orig,ppe_train_image56_77931437fa_helmetcopy,ppe_orig
91efeca83971cf53f00319991d3bfb295c0da222,ppe_train_image570_5fea2bb215,ppe_orig,ppe_train_image570_5fea2bb215_helmetcopy,ppe_orig
90557cac56aa4d8dff8fc1b07176d3b8c981f681,ppe_train_image571_9e5a134825,ppe_orig,ppe_train_image571_9e5a134825_helmetcopy,ppe_orig
3a5078057464946f11dbc3d80a4b9c1dbedb1545,ppe_train_image572_8853364f7e,ppe_orig,ppe_train_image572_8853364f7e_helmetcopy,ppe_orig
ead417d288a503c93e634ae0485ae2661cc25e10,ppe_train_image574_6129a7dd40,ppe_orig,ppe_train_image574_6129a7dd40_helmetcopy,ppe_orig
b253e1f6adf0aaed8ce539cc176919034339d080,ppe_train_image575_721ae1fe49,ppe_orig,ppe_train_image575_721ae1fe49_helmetcopy,ppe_orig
96fbe51c700ccd2ae2b578e0daa4e042ed71da51,ppe_train_image577_0c06256896,ppe_orig,ppe_train_image577_0c06256896_helmetcopy,ppe_orig
84e5fe7861e1e50cd853d9ca0a8146518a31b9f4,ppe_train_image578_b39b76c81b,ppe_orig,ppe_train_image578_b39b76c81b_helmetcopy,ppe_orig
31ee55ef7dc0fcdaa73664fa69f163da1df701d6,ppe_train_image579_757e55ede2,ppe_orig,ppe_train_image579_757e55ede2_helmetcopy,ppe_orig
e078217ecfb2e72105559a949687f31241ccada8,ppe_train_image580_d5c48d6266,ppe_orig,ppe_train_image580_d5c48d6266_helmetcopy,ppe_orig
1fe6cd81fee467f1df785e82a930d3f3192b5b6a,ppe_train_image581_b3cab12cff,ppe_orig,ppe_train_image581_b3cab12cff_helmetcopy,ppe_orig
49caffa3e972293e26a68bf18c769b4bb31e6046,ppe_train_image582_72ffa70d2f,ppe_orig,ppe_train_image582_72ffa70d2f_helmetcopy,ppe_orig
f57843fa6e7358f11a3c56d2d0c10b4e43fcff14,ppe_train_image583_e1bf0fe2de,ppe_orig,ppe_train_image583_e1bf0fe2de_helmetcopy,ppe_orig
d78e14a6c527fc83450e610c4a41ad7585321470,ppe_train_image584_e046e152f0,ppe_orig,ppe_train_image584_e046e152f0_helmetcopy,ppe_orig
c44c40daa1b64aca57913272c22812c5799efac7,ppe_train_image586_4294a81ba8,ppe_orig,ppe_train_image586_4294a81ba8_helmetcopy,ppe_orig
68ecf74c618c1ccb99c85636d40db1b49c2f7418,ppe_train_image587_6ca120797f,ppe_orig,ppe_train_image587_6ca120797f_helmetcopy,ppe_orig
b0550a4f082d610955f4dfacd1e3de94f2f41c14,ppe_train_image588_274bd3f98f,ppe_orig,ppe_train_image588_274bd3f98f_helmetcopy,ppe_orig
930adf44fe059169027a2945757788985fad5b0a,ppe_train_image589_ace40be468,ppe_orig,ppe_train_image589_ace40be468_helmetcopy,ppe_orig
0aff6e52e610652cae3a0d67e08da510c0c40945,ppe_train_image590_2e43a352b2,ppe_orig,ppe_train_image590_2e43a352b2_helmetcopy,ppe_orig
5e9bad4c61b208caacdefcc91cd0e003be89631a,ppe_train_image591_b36fb9cb7d,ppe_orig,ppe_train_image591_b36fb9cb7d_helmetcopy,ppe_orig
de1700b3bc2528d16947d7af2b32fb392523fadf,ppe_train_image592_4dd0de360c,ppe_orig,ppe_train_image592_4dd0de360c_helmetcopy,ppe_orig
3dc97a4c822823997dc5b4f1926a0c4ff173613d,ppe_train_image593_c4b14969cf,ppe_orig,ppe_train_image593_c4b14969cf_helmetcopy,ppe_orig
d39ef506cf9450c588d5657e8a88a9228ca5fa6b,ppe_train_image594_0048908ddd,ppe_orig,ppe_train_image594_0048908ddd_helmetcopy,ppe_orig
87ae4d3a1f1ca95f509f37ca7f345ef75096f614,ppe_train_image595_43549e4470,ppe_orig,ppe_train_image595_43549e4470_helmetcopy,ppe_orig
f9593632997f843ce350c7db5d5a8ddaca25facd,ppe_train_image596_09228539f7,ppe_orig,ppe_train_image596_09228539f7_helmetcopy,ppe_orig
8f877e15a7f188ecaaf9af5239469b0ae5503a44,ppe_train_image597_5fbfa3faaf,ppe_orig,ppe_train_image597_5fbfa3faaf_helmetcopy,ppe_orig
c1ee57baadbc6a3d52b8f6a7afe7d19d6dca3442,ppe_train_image598_875331297c,ppe_orig,ppe_train_image598_875331297c_helmetcopy,ppe_orig
1f19ad1d8ab1d8d84e706ee93fa6cd5e826b5e72,ppe_train_image599_36b6d93a1c,ppe_orig,ppe_train_image599_36b6d93a1c_helmetcopy,ppe_orig
28740bb3bd6c80f1f19ec3be0ef8decf02470f59,ppe_train_image59_2f22295eef,ppe_orig,ppe_train_image59_2f22295eef_helmetcopy,ppe_orig
49038f3d63d2956aa4224d3050e4736fbd633fdc,ppe_train_image5_9239d8c3e1,ppe_orig,ppe_train_image5_9239d8c3e1_helmetcopy,ppe_orig
f2421270f048fac5556e53e82d9eb2628c67c93d,ppe_train_image600_64623cf88c,ppe_orig,ppe_train_image600_64623cf88c_helmetcopy,ppe_orig
fb54674c1753b4e52c33bc8c9128e116984dee97,ppe_train_image601_42e5c29807,ppe_orig,ppe_train_image601_42e5c29807_helmetcopy,ppe_orig
1548cae447fa7e0713306773fdea1e4192d22e18,ppe_train_image602_102841f2f0,ppe_orig,ppe_train_image602_102841f2f0_helmetcopy,ppe_orig
35c8fb19278a4a4fa607d882a47d79e21cffe61d,ppe_train_image603_32d28beda5,ppe_orig,ppe_train_image603_32d28beda5_helmetcopy,ppe_orig
e1a74a99a726fd2fe62ab4a8144bb6bd34da6fe9,ppe_train_image604_a8c73d5fd7,ppe_orig,ppe_train_image604_a8c73d5fd7_helmetcopy,ppe_orig
ad24532b9482d13685d6682316ea495b335978da,ppe_train_image605_caed1ec9d1,ppe_orig,ppe_train_image605_caed1ec9d1_helmetcopy,ppe_orig
98072bf15c056ae1adc205fba114bd88f3ec3d7a,ppe_train_image606_d871e02863,ppe_orig,ppe_train_image606_d871e02863_helmetcopy,ppe_orig
19b5f98775037526985bfbf98f6927a455092700,ppe_train_image609_b5f8591015,ppe_orig,ppe_train_image609_b5f8591015_helmetcopy,ppe_orig
d06b8b03a44a9b85ff5bbab938a384a01f979fb8,ppe_train_image60_7cc7056e46,ppe_orig,ppe_train_image60_7cc7056e46_helmetcopy,ppe_orig
cc2dd5006917dbb6147dceb36be2a5aba8826873,ppe_train_image610_0fec06ed61,ppe_orig,ppe_train_image610_0fec06ed61_helmetcopy,ppe_orig
cda03605752ae05c63ae183204a16b6303308ea3,ppe_train_image613_1ec33cd2fa,ppe_orig,ppe_train_image613_1ec33cd2fa_helmetcopy,ppe_orig
4c1d7c89f09fd7437233d3e57c7483040b874325,ppe_train_image614_c4b6b2441f,ppe_orig,ppe_train_image614_c4b6b2441f_helmetcopy,ppe_orig
1bcc814505700649760072a66a617f740afe181e,ppe_train_image617_49a147fdb6,ppe_orig,ppe_train_image617_49a147fdb6_helmetcopy,ppe_orig
6b8ea3eef91ae3d04cfd731e97ad83dacec6aa1d,ppe_train_image618_f7b0d38aff,ppe_orig,ppe_train_image618_f7b0d38aff_helmetcopy,ppe_orig
a16876aa21088222c21f693012bd4779250373d2,ppe_train_image61_90d5efd8f8,ppe_orig,ppe_train_image61_90d5efd8f8_helmetcopy,ppe_orig
11c6324432a32a80b1079bee6080e13d421dae1a,ppe_train_image620_ad71418f23,ppe_orig,ppe_train_image620_ad71418f23_helmetcopy,ppe_orig
745f251cd8f80c35843f60ea11aa3eb9eb07b0ce,ppe_train_image621_d4c6ae5a89,ppe_orig,ppe_train_image621_d4c6ae5a89_helmetcopy,ppe_orig
8500249b1d86ef70584f9a4285dfd4e2df4e5cda,ppe_train_image623_31ccf7666f,ppe_orig,ppe_train_image623_31ccf7666f_helmetcopy,ppe_orig
8b3e76ea64ebd5f5ced1d91f1cb802bb000e6fb5,ppe_train_image625_5ae0cdc99b,ppe_orig,ppe_train_image625_5ae0cdc99b_helmetcopy,ppe_orig
acbd31f748f0dfa16b1315c6ade807e83e60cc71,ppe_train_image626_da241bb9f3,ppe_orig,ppe_train_image626_da241bb9f3_helmetcopy,ppe_orig
16f0220916ea5aa432ae2d7c34a0a47b2b1ee1cd,ppe_train_image629_18b912f27d,ppe_orig,ppe_train_image629_18b912f27d_helmetcopy,ppe_orig
99d7896dc98d43415d0e151ba71a5b620d3ed3f2,ppe_train_image62_b16446c4b0,ppe_orig,ppe_train_image62_b16446c4b0_helmetcopy,ppe_orig
dd28cca9530c2f9785b66d4289ed39572ba9bef4,ppe_train_image630_be5f568b39,ppe_orig,ppe_train_image630_be5f568b39_helmetcopy,ppe_orig
162d58b56cdd642f076e7fac3edd1834e6d98700,ppe_train_image631_3e0002532b,ppe_orig,ppe_train_image631_3e0002532b_helmetcopy,ppe_orig
a274ccbc599f3b17b3ba51a8f9990ceeb35254f3,ppe_train_image632_3ae5096adc,ppe_orig,ppe_train_image632_3ae5096adc_helmetcopy,ppe_orig
d1ae3496d5c2b624acb9a555c34d8009d2c3ff5b,ppe_train_image634_5a11dbc381,ppe_orig,ppe_train_image634_5a11dbc381_helmetcopy,ppe_orig
10cbe9d1094f753ea870a6a32d95ff7e2db73e20,ppe_train_image635_c792651aba,ppe_orig,ppe_train_image635_c792651aba_helmetcopy,ppe_orig
01b84101142661e67aedfb2f8efa973e9d807386,ppe_train_image636_80dd83a2e7,ppe_orig,ppe_train_image636_80dd83a2e7_helmetcopy,ppe_orig
f0ef18afd3466f13ccdc37bc50303cd3bc8eac3b,ppe_train_image637_442d67cc72,ppe_orig,ppe_train_image637_442d67cc72_helmetcopy,ppe_orig
1cf13bdbd7d1d3d6f6c1e638fe5eee125e12e30e,ppe_train_image638_19b420e679,ppe_orig,ppe_train_image638_19b420e679_helmetcopy,ppe_orig
f86dcd76e40f619b4286a1c8af152bd7559d8641,ppe_train_image639_03b757224e,ppe_orig,ppe_train_image639_03b757224e_helmetcopy,ppe_orig
9ac19a969d25d42d055b6883fe07eaf554d65eb9,ppe_train_image641_28e543dc0e,ppe_orig,ppe_train_image641_28e543dc0e_helmetcopy,ppe_orig
fb93dd7de681a4d9615c818cda7aa65e32ffb912,ppe_train_image642_248cad96f5,ppe_orig,ppe_train_image642_248cad96f5_helmetcopy,ppe_orig
0393ced4422c3728871ee7478adb3b1caa114f85,ppe_train_image643_4f1ab708aa,ppe_orig,ppe_train_image643_4f1ab708aa_helmetcopy,ppe_orig
7a07534d3baaab591c104a947ed98aced155e3c1,ppe_train_image645_27a92b43f7,ppe_orig,ppe_train_image645_27a92b43f7_helmetcopy,ppe_orig
6c2e0a642a9b80477f509f01689dd31c765e1810,ppe_train_image646_6f71847d6a,ppe_orig,ppe_train_image646_6f71847d6a_helmetcopy,ppe_orig
1960dcf0078e5de527b20743d036af6d35f04dcd,ppe_train_image647_b4b14b9700,ppe_orig,ppe_train_image647_b4b14b9700_helmetcopy,ppe_orig
54c052c508853af55f039bc4893aa3a9ce4df868,ppe_train_image648_e237323f05,ppe_orig,ppe_train_image648_e237323f05_helmetcopy,ppe_orig
d8edd83a9dbf8a555596d51d38b361ec63647c84,ppe_train_image649_d2f8b7cad9,ppe_orig,ppe_train_image649_d2f8b7cad9_helmetcopy,ppe_orig
720e09ceaa18e51a3fd7069fb75e9cad2dcc3b04,ppe_train_image64_2d9d020ff0,ppe_orig,ppe_train_image64_2d9d020ff0_helmetcopy,ppe_orig
8e23691a12fbe6988133792c1a525c4236b74361,ppe_train_image650_c0730d7b14,ppe_orig,ppe_train_image650_c0730d7b14_helmetcopy,ppe_orig
dfdf84216cc8a101b802c5c41746bed0fa2b21c1,ppe_train_image651_0fe3bd819f,ppe_orig,ppe_train_image651_0fe3bd819f_helmetcopy,ppe_orig
4dd91e74e8a5026eaa6ae188ba5db191e69d9714,ppe_train_image652_2bef355bc1,ppe_orig,ppe_train_image652_2bef355bc1_helmetcopy,ppe_orig
1221d9409fbba9b987dced0c442906c3a15abc3b,ppe_train_image653_f236141df8,ppe_orig,ppe_train_image653_f236141df8_helmetcopy,ppe_orig
1fe9a3e168c58981247cce1ab547b3f85590c126,ppe_train_image655_85190c8e11,ppe_orig,ppe_train_image655_85190c8e11_helmetcopy,ppe_orig
1674c246f9a50c15489a605dc0b17964e7324809,ppe_train_image657_ef5ef54b3c,ppe_orig,ppe_train_image657_ef5ef54b3c_helmetcopy,ppe_orig
fb2af680db8e73b45d06f35f56cb6793a00f2675,ppe_train_image658_ea85ec523c,ppe_orig,ppe_train_image658_ea85ec523c_helmetcopy,ppe_orig
3359bd9e6815354c4696114992742d8a20198b2f,ppe_train_image659_7120c60241,ppe_orig,ppe_train_image659_7120c60241_helmetcopy,ppe_orig
c706256db3460bde43a09f83e7b816b605d9baa0,ppe_train_image661_f3bef64fe6,ppe_orig,ppe_train_image661_f3bef64fe6_helmetcopy,ppe_orig
8b7cb190db1e948ad7d8aff628e2a9ebacd9a82f,ppe_train_image662_0d4c2a7e63,ppe_orig,ppe_train_image662_0d4c2a7e63_helmetcopy,ppe_orig
cba3e5beb3943ffcfc44035b25e2c569377a5db4,ppe_train_image663_d31484311a,ppe_orig,ppe_train_image663_d31484311a_helmetcopy,ppe_orig
be0f7f470bc08810170a6ccdcbf2f2a1dff3e447,ppe_train_image664_42dd6327ef,ppe_orig,ppe_train_image664_42dd6327ef_helmetcopy,ppe_orig
617f965e03a82fb5fbcf2eaf983fc362cef72295,ppe_train_image665_5f9fa46052,ppe_orig,ppe_train_image665_5f9fa46052_helmetcopy,ppe_orig
5ee7358f8e6507e3487aa7fddc7f53553e4a37a2,ppe_train_image667_f3849f41aa,ppe_orig,ppe_train_image667_f3849f41aa_helmetcopy,ppe_orig
31d8fa9bba749421e940ffd218644c1fb2d37b08,ppe_train_image668_e6f7d99b7d,ppe_orig,ppe_train_image668_e6f7d99b7d_helmetcopy,ppe_orig
ecc8aa0afb44b8d1f90e5f3da24692aa309362d7,ppe_train_image66_e3b2369153,ppe_orig,ppe_train_image66_e3b2369153_helmetcopy,ppe_orig
110e11663af9f237ca74e9890807ef1ce5737bad,ppe_train_image671_0db1070896,ppe_orig,ppe_train_image671_0db1070896_helmetcopy,ppe_orig
cd5a768fe24d0f5d813121d3e6a546ce7dfe0505,ppe_train_image672_386d34a7b6,ppe_orig,ppe_train_image672_386d34a7b6_helmetcopy,ppe_orig
76e70356d5e75be4ca2a05c1aba26212a5bedccc,ppe_train_image673_534503ff3d,ppe_orig,ppe_train_image673_534503ff3d_helmetcopy,ppe_orig
5a6bdc67c495873c4891c49dbafe065f6f9204ac,ppe_train_image677_e476999d57,ppe_orig,ppe_train_image677_e476999d57_helmetcopy,ppe_orig
76acf07b1df457a0b83100e21a3394d5fd93b127,ppe_train_image678_93d9ce3b09,ppe_orig,ppe_train_image678_93d9ce3b09_helmetcopy,ppe_orig
3bd0ea747a4fcca9e0445a410c6310a4223314fa,ppe_train_image679_6c8fcd74b3,ppe_orig,ppe_train_image679_6c8fcd74b3_helmetcopy,ppe_orig
24c32fb0e60f27598eecc01e501233b6596cc32a,ppe_train_image67_c7524f5773,ppe_orig,ppe_train_image67_c7524f5773_helmetcopy,ppe_orig
f0f4590a22a5dd8be8cfa3c41bd4615913fd1de6,ppe_train_image681_2138a62384,ppe_orig,ppe_train_image681_2138a62384_helmetcopy,ppe_orig
8c5ec2e3eb29b27c6a879df9e01d3c2486382d41,ppe_train_image682_1291134fb1,ppe_orig,ppe_train_image682_1291134fb1_helmetcopy,ppe_orig
7f84e69eb76efd528ae903c5588fde644b1ee99d,ppe_train_image683_08318740cb,ppe_orig,ppe_train_image683_08318740cb_helmetcopy,ppe_orig
d48067ea0cffa19a97e257fd43175d674d96a8df,ppe_train_image684_d954366f4d,ppe_orig,ppe_train_image684_d954366f4d_helmetcopy,ppe_orig
aec670aa20db730b51af8bf8ac5c15671a236ce7,ppe_train_image685_642b0c961c,ppe_orig,ppe_train_image685_642b0c961c_helmetcopy,ppe_orig
74db498585c682932ad474e63f4346a4cebbe8ba,ppe_train_image687_0525f140de,ppe_orig,ppe_train_image687_0525f140de_helmetcopy,ppe_orig
6b0c91d9e5ccdea51cbbea9f0a2be9ec65f958bb,ppe_train_image688_8cb6cdb61b,ppe_orig,ppe_train_image688_8cb6cdb61b_helmetcopy,ppe_orig
fd8a0fa6ba439e912a592819afe23a35ac06cab2,ppe_train_image689_63ea24886f,ppe_orig,ppe_train_image689_63ea24886f_helmetcopy,ppe_orig
944ec90ce418de550b49c7faefe1b1e052807f65,ppe_train_image68_52a25f13b0,ppe_orig,ppe_train_image68_52a25f13b0_helmetcopy,ppe_orig
54d25401acd99c7792c936b34e1c1b0aa105fe45,ppe_train_image690_00105535e5,ppe_orig,ppe_train_image690_00105535e5_helmetcopy,ppe_orig
485aaaaf4b08cdfa07d3c4d784053e4dce200e60,ppe_train_image691_7089a211bb,ppe_orig,ppe_train_image691_7089a211bb_helmetcopy,ppe_orig
f44261abf5789d7ade98a2240b4f664060f3e7fd,ppe_train_image692_c27e0b8d11,ppe_orig,ppe_train_image692_c27e0b8d11_helmetcopy,ppe_orig
6aa3061d605652577a12fc41a84f4a0f3ca0fc05,ppe_train_image693_5d0f04eed1,ppe_orig,ppe_train_image693_5d0f04eed1_helmetcopy,ppe_orig
0facec76513879ce61efcc1400b08ae2060ea886,ppe_train_image695_b2ab85f3c0,ppe_orig,ppe_train_image695_b2ab85f3c0_helmetcopy,ppe_orig
71aee66aaa86cf05686402881f9dfa22f8a7ed81,ppe_train_image697_c136f8ff4e,ppe_orig,ppe_train_image697_c136f8ff4e_helmetcopy,ppe_orig
9c6eaae822924a9c231439baa375414d26e08388,ppe_train_image699_4d7754513b,ppe_orig,ppe_train_image699_4d7754513b_helmetcopy,ppe_orig
faef82693bdc40aa70a76276f0685025b922e374,ppe_train_image69_12f0b981df,ppe_orig,ppe_train_image69_12f0b981df_helmetcopy,ppe_orig
474eaa08b1c9890c848bbc7006980f7c09312a43,ppe_train_image701_ffa19d6569,ppe_orig,ppe_train_image701_ffa19d6569_helmetcopy,ppe_orig
40077fade0e9416668e998d2caafedb94a4c7d50,ppe_train_image702_4c3f75b8d4,ppe_orig,ppe_train_image702_4c3f75b8d4_helmetcopy,ppe_orig
b56a9b3d93e193c7638f8001a8cf85cf53eef7a3,ppe_train_image703_8b0ec0959e,ppe_orig,ppe_train_image703_8b0ec0959e_helmetcopy,ppe_orig
219bd95d0df2527c08b86c7a6c707a0c02f05688,ppe_train_image704_40fa8e2d10,ppe_orig,ppe_train_image704_40fa8e2d10_helmetcopy,ppe_orig
2c622f59eecfdeebdf9ef23ba246798a9c49e58f,ppe_train_image706_7c20f5a9ff,ppe_orig,ppe_train_image706_7c20f5a9ff_helmetcopy,ppe_orig
e1756ecd48e87803dd455dc37b25a434938c310d,ppe_train_image707_7804540c45,ppe_orig,ppe_train_image707_7804540c45_helmetcopy,ppe_orig
3eeaa7c06842a2a2c772e2105de617b96e6c989a,ppe_train_image710_1490593548,ppe_orig,ppe_train_image710_1490593548_helmetcopy,ppe_orig
e07170b6ad0f0f996eff0f7ea9b2913c9ed6e9d8,ppe_train_image711_e7c4e12fd9,ppe_orig,ppe_train_image711_e7c4e12fd9_helmetcopy,ppe_orig
ac16d24a117507d4b1b0ef6967944e87f1f04ca8,ppe_train_image712_8f36bcafaa,ppe_orig,ppe_train_image712_8f36bcafaa_helmetcopy,ppe_orig
195c82058d92b53f2e47c4725bc1f75eb151e6f8,ppe_train_image715_2215ce6dc8,ppe_orig,ppe_train_image715_2215ce6dc8_helmetcopy,ppe_orig
ee897b54f816dde3427e42865bee3b562e0782f0,ppe_train_image716_de6f96ea81,ppe_orig,ppe_train_image716_de6f96ea81_helmetcopy,ppe_orig
527c3c9509fc7286fecf72873fd711cb4c9aa02c,ppe_train_image717_408902d6de,ppe_orig,ppe_train_image717_408902d6de_helmetcopy,ppe_orig
32a79d55f903097a7586388d8af561a076221f43,ppe_train_image71_41d94789f8,ppe_orig,ppe_train_image71_41d94789f8_helmetcopy,ppe_orig
4646a12b9f1a8c2278ec10dfd98a5da4dfe4265f,ppe_train_image721_4ad829a58d,ppe_orig,ppe_train_image721_4ad829a58d_helmetcopy,ppe_orig
6d4bc433e691de6b4214ae1bb4d101ef4641122f,ppe_train_image723_eb98f5fc2d,ppe_orig,ppe_train_image723_eb98f5fc2d_helmetcopy,ppe_orig
3bc7927074cf5ce30360b9927cb5d61fc7ab356c,ppe_train_image724_1fb50df43a,ppe_orig,ppe_train_image724_1fb50df43a_helmetcopy,ppe_orig
be438294c1090ac748eaf085a6001b116cf9b887,ppe_train_image725_08da531014,ppe_orig,ppe_train_image725_08da531014_helmetcopy,ppe_orig
3bb6d9fdbafdd9e669a39a929bc68f190b587c1a,ppe_train_image726_1e92eb1e1c,ppe_orig,ppe_train_image726_1e92eb1e1c_helmetcopy,ppe_orig
751237e455a69e5859e6b281ee1620345da8c902,ppe_train_image727_01d82d562c,ppe_orig,ppe_train_image727_01d82d562c_helmetcopy,ppe_orig
962fac31b5974b56201dbbb452cb78be86091753,ppe_train_image728_f46e2c33db,ppe_orig,ppe_train_image728_f46e2c33db_helmetcopy,ppe_orig
40865a2abf0f9ebf92774cf6ae586fdc97250381,ppe_train_image729_8a25df3907,ppe_orig,ppe_train_image729_8a25df3907_helmetcopy,ppe_orig
b9146e1b15fa916faf35538d3f7301261a3e3ae4,ppe_train_image72_f898a7065c,ppe_orig,ppe_train_image72_f898a7065c_helmetcopy,ppe_orig
efd538a545319f13330521940a4e6b7b8f7e6d1b,ppe_train_image730_edb6f26c81,ppe_orig,ppe_train_image730_edb6f26c81_helmetcopy,ppe_orig
ec8cf5588d799e550499f00d9237a648ed4c6ac9,ppe_train_image733_50b7674f07,ppe_orig,ppe_train_image733_50b7674f07_helmetcopy,ppe_orig
1aa76ef9460eddc09ec46448f661ca455e857ad1,ppe_train_image735_20c8f5eab6,ppe_orig,ppe_train_image735_20c8f5eab6_helmetcopy,ppe_orig
345ee27431f256552a8b7c1ce679e86afd5af55d,ppe_train_image736_faac1b92d9,ppe_orig,ppe_train_image736_faac1b92d9_helmetcopy,ppe_orig
f913c2832faf71de010ca614995952b3d1803ca1,ppe_train_image73_7a68f71d56,ppe_orig,ppe_train_image73_7a68f71d56_helmetcopy,ppe_orig
9051ac1d871fe62283e093d92fe16aab3bb7b06d,ppe_train_image740_666d0c9495,ppe_orig,ppe_train_image740_666d0c9495_helmetcopy,ppe_orig
e554beae426b717c27948543d7d0046ff2d6083e,ppe_train_image743_536a888548,ppe_orig,ppe_train_image743_536a888548_helmetcopy,ppe_orig
85c9e981ed2bb0ee0220725e9592b7aa8aae81a5,ppe_train_image746_20d7865bd1,ppe_orig,ppe_train_image746_20d7865bd1_helmetcopy,ppe_orig
1aa1136d4e359f4d95fa1a6ba85ab9ed788bc606,ppe_train_image747_9df7e65b8c,ppe_orig,ppe_train_image747_9df7e65b8c_helmetcopy,ppe_orig
85d584db403bdcffca7f0bc31bedc7c845f954a0,ppe_train_image748_192d88c7c5,ppe_orig,ppe_train_image748_192d88c7c5_helmetcopy,ppe_orig
dffead68479f696d5563202ef02c508958b8faa5,ppe_train_image750_bbe5a3bdab,ppe_orig,ppe_train_image750_bbe5a3bdab_helmetcopy,ppe_orig
ce43f55d485bb6ad808ec0258caf7b0933c65340,ppe_train_image751_85f6161e79,ppe_orig,ppe_train_image751_85f6161e79_helmetcopy,ppe_orig
25f4160254923d7faab00b34f3aae15339268fa4,ppe_train_image752_cf227407b8,ppe_orig,ppe_train_image752_cf227407b8_helmetcopy,ppe_orig
b115ad2545fa5505e7c2ebb75ad39e17767301f3,ppe_train_image753_a617313fe4,ppe_orig,ppe_train_image753_a617313fe4_helmetcopy,ppe_orig
4267eb081621efad7aeaacade8ad6a8e9157061c,ppe_train_image754_0818d8f269,ppe_orig,ppe_train_image754_0818d8f269_helmetcopy,ppe_orig
2c362b79ba58573f1a3548197764fefa76abc60a,ppe_train_image755_a4634a48a4,ppe_orig,ppe_train_image755_a4634a48a4_helmetcopy,ppe_orig
9e5e8f768202c08222ebd77853d573d2c8a73391,ppe_train_image756_feb933a5db,ppe_orig,ppe_train_image756_feb933a5db_helmetcopy,ppe_orig
0a131521e77194ed4117749577bfccd928a7ad85,ppe_train_image757_7d273d1ee6,ppe_orig,ppe_train_image757_7d273d1ee6_helmetcopy,ppe_orig
b2e95afcbe417575e4d2869a54f4d1ea1c84d121,ppe_train_image75_93b8aa7261,ppe_orig,ppe_train_image75_93b8aa7261_helmetcopy,ppe_orig
461fdab6569782eac95a7f54581459520787a8ab,ppe_train_image760_10d0b9cd46,ppe_orig,ppe_train_image760_10d0b9cd46_helmetcopy,ppe_orig
e7310b5a1024b84738479efb958edb4f7d3df4a3,ppe_train_image761_d923883e09,ppe_orig,ppe_train_image761_d923883e09_helmetcopy,ppe_orig
f5b5659e970b879055974af22df54834633e36da,ppe_train_image764_95783968a5,ppe_orig,ppe_train_image764_95783968a5_helmetcopy,ppe_orig
a6133ca4365a5d45aab41c846c0b21d0f9d5c9c6,ppe_train_image765_dbeeb512b2,ppe_orig,ppe_train_image765_dbeeb512b2_helmetcopy,ppe_orig
f9366eb1765d0e1bed7860b27e9bb506925e8e79,ppe_train_image766_56a3ed764c,ppe_orig,ppe_train_image766_56a3ed764c_helmetcopy,ppe_orig
3ec3e3308ffd40c36314f292452f8c3496be5853,ppe_train_image768_c3d4480f1d,ppe_orig,ppe_train_image768_c3d4480f1d_helmetcopy,ppe_orig
ca23fbd57134c97ed9cc063c0f56c6a0d1b0e776,ppe_train_image769_3445bbb6ca,ppe_orig,ppe_train_image769_3445bbb6ca_helmetcopy,ppe_orig
6976a49a74eeb9233a63ef41e61f8a18716da3df,ppe_train_image76_ef2765a01e,ppe_orig,ppe_train_image76_ef2765a01e_helmetcopy,ppe_orig
1e388f2c61b4cc9de62aa0ff2c10ca8112b862b9,ppe_train_image770_f78cd816c8,ppe_orig,ppe_train_image770_f78cd816c8_helmetcopy,ppe_orig
968d597271178df76b0fd1db7858a130feff16b7,ppe_train_image773_fbaf5882f3,ppe_orig,ppe_train_image773_fbaf5882f3_helmetcopy,ppe_orig
77e19dba47e47d6a70e9a8d947c489ed63bd3daa,ppe_train_image774_2ed10bd887,ppe_orig,ppe_train_image774_2ed10bd887_helmetcopy,ppe_orig
b7d2637c546887ce04828e33ac13c4895872d661,ppe_train_image775_82b271cead,ppe_orig,ppe_train_image775_82b271cead_helmetcopy,ppe_orig
c6f71605b6fe5ef295827aec34af259dc751b517,ppe_train_image776_b275ec4624,ppe_orig,ppe_train_image776_b275ec4624_helmetcopy,ppe_orig
bf3ea31c8f9f02624276c26fd34771120312e955,ppe_train_image777_4f8687ad05,ppe_orig,ppe_train_image777_4f8687ad05_helmetcopy,ppe_orig
3194ad76b6179ba37f5bfff9f73b1099ece210b0,ppe_train_image778_b12ee8ec08,ppe_orig,ppe_train_image778_b12ee8ec08_helmetcopy,ppe_orig
65575906e3a99fbbfe498dea8dbf823dc0c134f2,ppe_train_image77_4159630c18,ppe_orig,ppe_train_image77_4159630c18_helmetcopy,ppe_orig
63039124cff5bb49c0efa50986cab2c19ab077fb,ppe_train_image780_f2df3dcfbc,ppe_orig,ppe_train_image780_f2df3dcfbc_helmetcopy,ppe_orig
ec9e9292b2c4d1dfecd15bbb1a5ff1e4c8ce91bc,ppe_train_image781_7e6b160119,ppe_orig,ppe_train_image781_7e6b160119_helmetcopy,ppe_orig
d38a5b3cb6fb3ed6805e983ba385d65163452d4e,ppe_train_image782_5241c48f84,ppe_orig,ppe_train_image782_5241c48f84_helmetcopy,ppe_orig
4ea6819478b1ef8de652dbb9c611669b66c3b24f,ppe_train_image784_2729af3f13,ppe_orig,ppe_train_image784_2729af3f13_helmetcopy,ppe_orig
5b6e2bdfa6efe6c74dfdcddc27df19d291d89bab,ppe_train_image785_687f5828c2,ppe_orig,ppe_train_image785_687f5828c2_helmetcopy,ppe_orig
9abac05f4ae61575048f06570363e2d6f1cc0590,ppe_train_image786_28bcaf8e10,ppe_orig,ppe_train_image786_28bcaf8e10_helmetcopy,ppe_orig
30285ed995601d81ee7ffd9f2327c4931b371d73,ppe_train_image788_74c8467e91,ppe_orig,ppe_train_image788_74c8467e91_helmetcopy,ppe_orig
848523127095d92dba302b6aa1321f6f17eeca3f,ppe_train_image789_a80efdce56,ppe_orig,ppe_train_image789_a80efdce56_helmetcopy,ppe_orig
74d91e03deaeb892b1cf6e2faf545639d1ef42a7,ppe_train_image78_d9617469cd,ppe_orig,ppe_train_image78_d9617469cd_helmetcopy,ppe_orig
be958f31b1e20d92aea594eb1e854d27120708e9,ppe_train_image794_8461b4438f,ppe_orig,ppe_train_image794_8461b4438f_helmetcopy,ppe_orig
539cfff7653e61876247ff32500dc16a34b74665,ppe_train_image795_8fc341b2b2,ppe_orig,ppe_train_image795_8fc341b2b2_helmetcopy,ppe_orig
0c7db656067c52b26b8e2e8c8115894bfda02dbb,ppe_train_image797_f518fe01eb,ppe_orig,ppe_train_image797_f518fe01eb_helmetcopy,ppe_orig
68de7ba8fc5d02529bee214395d55f99d1092738,ppe_train_image799_f45e5994a6,ppe_orig,ppe_train_image799_f45e5994a6_helmetcopy,ppe_orig
cf3b594365c07f991dcacdbca3091b2042019de3,ppe_train_image79_95b010f81d,ppe_orig,ppe_train_image79_95b010f81d_helmetcopy,ppe_orig
3c32e518d071b7dddd06338da77b05eb0995775d,ppe_train_image7_2eb7636419,ppe_orig,ppe_train_image7_2eb7636419_helmetcopy,ppe_orig
4096c4fbd29d49d18e9ec64328939c751781de99,ppe_train_image800_b1dd9fdf48,ppe_orig,ppe_train_image800_b1dd9fdf48_helmetcopy,ppe_orig
4cf60b3a61224986e5f064a496b0cced75e97d34,ppe_train_image801_db10ee13fc,ppe_orig,ppe_train_image801_db10ee13fc_helmetcopy,ppe_orig
5a07b0a69a6b5713e248114b52bd8b3bbebe7867,ppe_train_image802_2d6c44504c,ppe_orig,ppe_train_image802_2d6c44504c_helmetcopy,ppe_orig
caab49abe44c25361c08d2361a4933d9a6e743fa,ppe_train_image803_784306c0df,ppe_orig,ppe_train_image803_784306c0df_helmetcopy,ppe_orig
5b8cfdfa1e206476ed8576ee3099a19683f301e1,ppe_train_image806_893ac4659c,ppe_orig,ppe_train_image806_893ac4659c_helmetcopy,ppe_orig
aa2ed23442fbb0d73cbc692243e8cd08f40e314f,ppe_train_image807_4c6d22c073,ppe_orig,ppe_train_image807_4c6d22c073_helmetcopy,ppe_orig
1185e472aaafa4a11aff0402a98647f5d1ca1af3,ppe_train_image809_a588810d5f,ppe_orig,ppe_train_image809_a588810d5f_helmetcopy,ppe_orig
12c067d5f557a8a4a7ddd9e6b0a0c53a124d7cb9,ppe_train_image80_027409842c,ppe_orig,ppe_train_image80_027409842c_helmetcopy,ppe_orig
493c9eb382e323c20c5b7d909fb9c7182b78e3a8,ppe_train_image811_5775230a8d,ppe_orig,ppe_train_image811_5775230a8d_helmetcopy,ppe_orig
d3a2e68acc6830a32b26ee93939bebabace40403,ppe_train_image812_2b8d3266e2,ppe_orig,ppe_train_image812_2b8d3266e2_helmetcopy,ppe_orig
2cf11cb1a26905bc2836eb41a22ffdcfe317a343,ppe_train_image813_1ab251da37,ppe_orig,ppe_train_image813_1ab251da37_helmetcopy,ppe_orig
ecbf827d77660edc5697bdc0ccf47790007ea414,ppe_train_image814_c141279879,ppe_orig,ppe_train_image814_c141279879_helmetcopy,ppe_orig
2d57031ad50cbcc9525961025f96d35ca24b9615,ppe_train_image815_7b0e55c90e,ppe_orig,ppe_train_image815_7b0e55c90e_helmetcopy,ppe_orig
281dea9562dde49969406f3fcb8efd749a9861b7,ppe_train_image816_e4bd05c21f,ppe_orig,ppe_train_image816_e4bd05c21f_helmetcopy,ppe_orig
cd5d404445a8be6e99cafdfb80d68dacf2a93412,ppe_train_image817_89ca322218,ppe_orig,ppe_train_image817_89ca322218_helmetcopy,ppe_orig
4bd22e3a2a461071791384c58a1e49610b657761,ppe_train_image819_0f2a3e520b,ppe_orig,ppe_train_image819_0f2a3e520b_helmetcopy,ppe_orig
e3d9f09509850177681e521eb767dc481593390a,ppe_train_image81_aeb3d1e7de,ppe_orig,ppe_train_image81_aeb3d1e7de_helmetcopy,ppe_orig
9c9e0faf61def927746e3c8d9f1b1ca20c050767,ppe_train_image820_3a6d2e9736,ppe_orig,ppe_train_image820_3a6d2e9736_helmetcopy,ppe_orig
cda41262d38bca6f0357b81f76fdda93579aee26,ppe_train_image821_f13210e876,ppe_orig,ppe_train_image821_f13210e876_helmetcopy,ppe_orig
b7abaf5e92842a5918bf26a9a03eae505fa3cab7,ppe_train_image822_dbd1cb4902,ppe_orig,ppe_train_image822_dbd1cb4902_helmetcopy,ppe_orig
fbe3e08c5459e5390de55358f72bfea02de4972b,ppe_train_image823_f21f9cfcb3,ppe_orig,ppe_train_image823_f21f9cfcb3_helmetcopy,ppe_orig
0ebbf143638761fa62fd03b16703d4e4ff9a917f,ppe_train_image827_af1aa2f208,ppe_orig,ppe_train_image827_af1aa2f208_helmetcopy,ppe_orig
ecc1a09ceeb826c0fd4a1ff1805f17dc36ff4d80,ppe_train_image828_fe1821014f,ppe_orig,ppe_train_image828_fe1821014f_helmetcopy,ppe_orig
d2cfebed14120ef51deb125eddc529092be83398,ppe_train_image829_235d8e4849,ppe_orig,ppe_train_image829_235d8e4849_helmetcopy,ppe_orig
be04839a40e6f2eedccb8b1122c90b77114eb272,ppe_train_image82_b4b8056cb6,ppe_orig,ppe_train_image82_b4b8056cb6_helmetcopy,ppe_orig
a670f1ad41e4d3d84d92c39f31517a2a2cc87cc8,ppe_train_image830_362084b424,ppe_orig,ppe_train_image830_362084b424_helmetcopy,ppe_orig
35946a5fbfc376f1626049d9ffd2d33181b262ec,ppe_train_image831_f07fc29c09,ppe_orig,ppe_train_image831_f07fc29c09_helmetcopy,ppe_orig
06f92842a78afb404808eac97fed079037e4fb4a,ppe_train_image832_28b0863354,ppe_orig,ppe_train_image832_28b0863354_helmetcopy,ppe_orig
dbfcabbd666ea4eae33a7bd35a90be2aeece403b,ppe_train_image833_60ac1b15b2,ppe_orig,ppe_train_image833_60ac1b15b2_helmetcopy,ppe_orig
9aadf0713d8deee3a743bfcc8267db2d33d6eabd,ppe_train_image835_3d809a83bf,ppe_orig,ppe_train_image835_3d809a83bf_helmetcopy,ppe_orig
5a7791875942e2381d49437a0c70e790d07d2d5a,ppe_train_image836_a734ccef24,ppe_orig,ppe_train_image836_a734ccef24_helmetcopy,ppe_orig
50835713e82d15b620f4862e77e1bb6b0c74a96a,ppe_train_image837_390b602e63,ppe_orig,ppe_train_image837_390b602e63_helmetcopy,ppe_orig
6bf32fdf0b22e949cb8e15373e6b24a85c5306c6,ppe_train_image838_2ab8536cd3,ppe_orig,ppe_train_image838_2ab8536cd3_helmetcopy,ppe_orig
f98b06c8ba39765eabd07a3791ccb64e051bf0f0,ppe_train_image839_7805b1c66f,ppe_orig,ppe_train_image839_7805b1c66f_helmetcopy,ppe_orig
4557762c646aa3c1acc3e5d110d56347bc13a9c1,ppe_train_image83_cd11b96505,ppe_orig,ppe_train_image83_cd11b96505_helmetcopy,ppe_orig
56376a5b6ff994966efeca26272b76be0a9d9925,ppe_train_image840_6b17def3b3,ppe_orig,ppe_train_image840_6b17def3b3_helmetcopy,ppe_orig
85fd2f45988211affcde3ea54eab77ece1191d4b,ppe_train_image841_1edd12dcc7,ppe_orig,ppe_train_image841_1edd12dcc7_helmetcopy,ppe_orig
6fb7a1a6aec2639caae3a4d66e8a4e1c64b4a039,ppe_train_image842_d225bb6557,ppe_orig,ppe_train_image842_d225bb6557_helmetcopy,ppe_orig
236cb778cca9801f08d07f0bf1c2448e382e3b04,ppe_train_image843_ab4dac1278,ppe_orig,ppe_train_image843_ab4dac1278_helmetcopy,ppe_orig
455b50e7f242db1cb4e63b563943191e6b69171e,ppe_train_image844_0aafefe5b1,ppe_orig,ppe_train_image844_0aafefe5b1_helmetcopy,ppe_orig
aad81d633990957848991f3eb754a3fd849a2295,ppe_train_image845_9f4b2645ae,ppe_orig,ppe_train_image845_9f4b2645ae_helmetcopy,ppe_orig
b5036bb7e8a13f32d6224f7a3b5f7f018a199748,ppe_train_image847_e1fb385895,ppe_orig,ppe_train_image847_e1fb385895_helmetcopy,ppe_orig
681df386e220ba4e6fa440b74a938600b8e7c777,ppe_train_image848_6f298f119d,ppe_orig,ppe_train_image848_6f298f119d_helmetcopy,ppe_orig
06201898f961b0129139354f5448b5604c8e88eb,ppe_train_image84_669c63d01d,ppe_orig,ppe_train_image84_669c63d01d_helmetcopy,ppe_orig
368a25adbea2a022fbfc8d2d8daf7aaec2640f49,ppe_train_image850_327618223c,ppe_orig,ppe_train_image850_327618223c_helmetcopy,ppe_orig
6930f38bc6224a88474e4a57de22deeb95f51276,ppe_train_image851_a9d6f7c352,ppe_orig,ppe_train_image851_a9d6f7c352_helmetcopy,ppe_orig
cfaa9ee47249040a0c49a25cf7e78cfe39f1b069,ppe_train_image853_617c834d2c,ppe_orig,ppe_train_image853_617c834d2c_helmetcopy,ppe_orig
952a8f85f8e39b700cb4141da69dac145d1a297b,ppe_train_image854_1c149e2b29,ppe_orig,ppe_train_image854_1c149e2b29_helmetcopy,ppe_orig
520a81e01225b49e37d5fa36afba81dd66fdf216,ppe_train_image855_fdceb86f45,ppe_orig,ppe_train_image855_fdceb86f45_helmetcopy,ppe_orig
af3048a7ca7ef5aa6f4913c0aae7237f4b8bf8bd,ppe_train_image856_a654a594c3,ppe_orig,ppe_train_image856_a654a594c3_helmetcopy,ppe_orig
f567693d3be94e84234cef5d63b2f81da4db82f2,ppe_train_image857_b4f840b6cf,ppe_orig,ppe_train_image857_b4f840b6cf_helmetcopy,ppe_orig
aafe95cb92d623d6431871ecf8129d1fbab096a6,ppe_train_image858_96f5962e2e,ppe_orig,ppe_train_image858_96f5962e2e_helmetcopy,ppe_orig
3f1df5774539fe445d49da823b8031e0ccb080f4,ppe_train_image859_7cddeaaf62,ppe_orig,ppe_train_image859_7cddeaaf62_helmetcopy,ppe_orig
d7a681f4676cf9b31ed0cf10f33a760560b0b476,ppe_train_image85_5f1026e7da,ppe_orig,ppe_train_image85_5f1026e7da_helmetcopy,ppe_orig
0a2f7ede1b7daa77db9e0094ffee571037b27523,ppe_train_image861_3a1eb1fad0,ppe_orig,ppe_train_image861_3a1eb1fad0_helmetcopy,ppe_orig
8ea35d1f8189d126fb77936fd14f76963166a21d,ppe_train_image862_543651e539,ppe_orig,ppe_train_image862_543651e539_helmetcopy,ppe_orig
265af31e5adb48f0d6963bc1413dfaa6a770ce66,ppe_train_image863_dfef6805a9,ppe_orig,ppe_train_image863_dfef6805a9_helmetcopy,ppe_orig
28df7106d04131096457ae6489e590cf0b9b4238,ppe_train_image864_7cc24c9e8e,ppe_orig,ppe_train_image864_7cc24c9e8e_helmetcopy,ppe_orig
3a40b6b6fe5063d3e13c0181507005726da38791,ppe_train_image865_5ad6a64757,ppe_orig,ppe_train_image865_5ad6a64757_helmetcopy,ppe_orig
63e6e8a241b9e594c6154cc69550afd39e482a56,ppe_train_image866_5b213e848c,ppe_orig,ppe_train_image866_5b213e848c_helmetcopy,ppe_orig
a5df451e07147a626655f909575d5e6ccaf312ef,ppe_train_image869_75632745bf,ppe_orig,ppe_train_image869_75632745bf_helmetcopy,ppe_orig
c02bdc7991481aa828a829424cab9097222f7016,ppe_train_image86_fdfe58bf45,ppe_orig,ppe_train_image86_fdfe58bf45_helmetcopy,ppe_orig
01e398ab40ed4aafd6512d4768dd48ad563f721b,ppe_train_image870_035b651448,ppe_orig,ppe_train_image870_035b651448_helmetcopy,ppe_orig
ee17a4c122dbcb263c7f2bd47797a7b29a210308,ppe_train_image871_0b0c60cc4c,ppe_orig,ppe_train_image871_0b0c60cc4c_helmetcopy,ppe_orig
976d8d1eba870b72992c1cd06203212eeb2db36d,ppe_train_image872_b7b3d702ea,ppe_orig,ppe_train_image872_b7b3d702ea_helmetcopy,ppe_orig
4f9f89dff6fe3c06107506975c0f05dfc892864c,ppe_train_image873_adc80e1c45,ppe_orig,ppe_train_image873_adc80e1c45_helmetcopy,ppe_orig
70949a395c9fa19584c2177442e954ace179777b,ppe_train_image874_f5489a1e40,ppe_orig,ppe_train_image874_f5489a1e40_helmetcopy,ppe_orig
12f8fca1335665878192c08a0a06ba1e3957d8de,ppe_train_image875_b39a424f95,ppe_orig,ppe_train_image875_b39a424f95_helmetcopy,ppe_orig
98b7cf717b421b8a5ccb48481736834f7cd54e02,ppe_train_image877_9ae387dc94,ppe_orig,ppe_train_image877_9ae387dc94_helmetcopy,ppe_orig
179b9aea1bb5ea0ed50dcc8ab71818eccb0bb1ce,ppe_train_image878_1d1d3a335b,ppe_orig,ppe_train_image878_1d1d3a335b_helmetcopy,ppe_orig
71055ce22999323f5a0ccc8bdecb0288e472dc51,ppe_train_image879_7853c073ad,ppe_orig,ppe_train_image879_7853c073ad_helmetcopy,ppe_orig
30a37770e0fa99e33c0f9c535fe9e50b0b3f1e80,ppe_train_image87_7a29b91ff0,ppe_orig,ppe_train_image87_7a29b91ff0_helmetcopy,ppe_orig
1834ff4fe03869807ec16bc1403e4736e9ea2de8,ppe_train_image880_13e30f8f0c,ppe_orig,ppe_train_image880_13e30f8f0c_helmetcopy,ppe_orig
8c6cf815f7e2c1e763e3ea085a0720bdaaf12595,ppe_train_image881_0dd78a0b24,ppe_orig,ppe_train_image881_0dd78a0b24_helmetcopy,ppe_orig
36663b2ff220cca074b202438ab374e5ba40ecb0,ppe_train_image882_a94a22d291,ppe_orig,ppe_train_image882_a94a22d291_helmetcopy,ppe_orig
4f4c7c5010f983a305153a6e2b5522389e6fe453,ppe_train_image883_085b868d16,ppe_orig,ppe_train_image883_085b868d16_helmetcopy,ppe_orig
7d0768a627aa4a487e5fb7cc4be4cfb2202911e7,ppe_train_image886_21cedd5a67,ppe_orig,ppe_train_image886_21cedd5a67_helmetcopy,ppe_orig
d9c0af1d22947b09904dccb28d0ae1bbf638b1df,ppe_train_image887_96a3f3b456,ppe_orig,ppe_train_image887_96a3f3b456_helmetcopy,ppe_orig
0dc0c274e431f84f1dc46c0d16184efae90465e7,ppe_train_image888_6f693af014,ppe_orig,ppe_train_image888_6f693af014_helmetcopy,ppe_orig
cf445556c6c0d38fd38fa95a7df200137d68fcab,ppe_train_image889_ff1f3fefab,ppe_orig,ppe_train_image889_ff1f3fefab_helmetcopy,ppe_orig
a8a3c4bb3ddf7c787e937fe5ad6ea77998de6298,ppe_train_image88_15191f4478,ppe_orig,ppe_train_image88_15191f4478_helmetcopy,ppe_orig
11acd294d90001d0b912d762fc933587bb3a37c9,ppe_train_image890_49098458d8,ppe_orig,ppe_train_image890_49098458d8_helmetcopy,ppe_orig
28ab5f0c60317fd56d556e7808832703fab49501,ppe_train_image891_ec8ff1f204,ppe_orig,ppe_train_image891_ec8ff1f204_helmetcopy,ppe_orig
e8c02daa2ce1a145af6cebe824398d9737e5a30e,ppe_train_image892_464e274692,ppe_orig,ppe_train_image892_464e274692_helmetcopy,ppe_orig
0462fa0c5b660982c82ac05f32026e2494f04427,ppe_train_image893_55077b8779,ppe_orig,ppe_train_image893_55077b8779_helmetcopy,ppe_orig
5622713c575703b6d010729c724d79a806ac5a69,ppe_train_image894_6c4e35213a,ppe_orig,ppe_train_image894_6c4e35213a_helmetcopy,ppe_orig
23414c5cd024a1d398c312943bf6d6b1578d47fc,ppe_train_image895_0c69dc19ae,ppe_orig,ppe_train_image895_0c69dc19ae_helmetcopy,ppe_orig
f7b1623d626b6b4c4254cb1aeb372772a8772497,ppe_train_image898_265ff3de09,ppe_orig,ppe_train_image898_265ff3de09_helmetcopy,ppe_orig
14912b3d8c52ae1df371d78742fad261ec703bac,ppe_train_image899_593d849339,ppe_orig,ppe_train_image899_593d849339_helmetcopy,ppe_orig
239ddbc2df04ab9e2176714ae4c4b495af4197b5,ppe_train_image8_bd7ee56cc3,ppe_orig,ppe_train_image8_bd7ee56cc3_helmetcopy,ppe_orig
575d42cb25994137f7e6bf0f306f00310da29405,ppe_train_image900_ad2d7028cf,ppe_orig,ppe_train_image900_ad2d7028cf_helmetcopy,ppe_orig
3676a0ffc7ef235157f78b21f2a50e0bef2756f2,ppe_train_image901_ddebec378b,ppe_orig,ppe_train_image901_ddebec378b_helmetcopy,ppe_orig
8a6a0afbe28730699832a7e89adc835a79b5acfc,ppe_train_image902_e0f4136916,ppe_orig,ppe_train_image902_e0f4136916_helmetcopy,ppe_orig
87c92b6cbb1fea7e622e5d062f6b74840a03d12b,ppe_train_image903_a68069e3ce,ppe_orig,ppe_train_image903_a68069e3ce_helmetcopy,ppe_orig
e7f3b4a5a15ea6c172bde4329e0478a701b05d55,ppe_train_image904_49d2361780,ppe_orig,ppe_train_image904_49d2361780_helmetcopy,ppe_orig
260b1df43bbdc85a8fe2fbc9a4e9672efb054701,ppe_train_image906_1bda69cd9a,ppe_orig,ppe_train_image906_1bda69cd9a_helmetcopy,ppe_orig
8cae4ac9004144ae5d86f93219d12a798e246d0c,ppe_train_image907_26b3012f6b,ppe_orig,ppe_train_image907_26b3012f6b_helmetcopy,ppe_orig
4ec0a37988e8ffb20ef929518bd22e7d0006afd5,ppe_train_image908_4de2a77a45,ppe_orig,ppe_train_image908_4de2a77a45_helmetcopy,ppe_orig
a1fedfcad62e6842ff2b9b768804092d4f82c826,ppe_train_image909_b5e115d126,ppe_orig,ppe_train_image909_b5e115d126_helmetcopy,ppe_orig
f73e22962d97d68cef4fc86d0eef1a5cede49d4c,ppe_train_image90_4e326e2915,ppe_orig,ppe_train_image90_4e326e2915_helmetcopy,ppe_orig
7e83b735f6d59067c19412dda29028a8bc26dde1,ppe_train_image911_ba2f2dbea3,ppe_orig,ppe_train_image911_ba2f2dbea3_helmetcopy,ppe_orig
63893cea5dc52c3ca3a5d14e6aeba9a69c5a4037,ppe_train_image912_09bb45ba7c,ppe_orig,ppe_train_image912_09bb45ba7c_helmetcopy,ppe_orig
e7ddd2b64693d9931252327b2a2a9d07bacc5d4f,ppe_train_image914_70d38fe7bf,ppe_orig,ppe_train_image914_70d38fe7bf_helmetcopy,ppe_orig
a306353e87aef2ded1a68a851f5bbb278ba0a6ef,ppe_train_image915_b605493017,ppe_orig,ppe_train_image915_b605493017_helmetcopy,ppe_orig
d961c32ef24587732f3c3190be359f62e808115d,ppe_train_image916_38b8152603,ppe_orig,ppe_train_image916_38b8152603_helmetcopy,ppe_orig
36e66793c5e43d6dcfa8faac587ad109c6da27b2,ppe_train_image917_5d15669e18,ppe_orig,ppe_train_image917_5d15669e18_helmetcopy,ppe_orig
36c9e7d2262d0c6fd18c598c033c9e051cc0fcce,ppe_train_image918_f6e67fd94b,ppe_orig,ppe_train_image918_f6e67fd94b_helmetcopy,ppe_orig
e52cfc7fc96d5208149572d90b834ff50df72784,ppe_train_image919_c23bd5d394,ppe_orig,ppe_train_image919_c23bd5d394_helmetcopy,ppe_orig
efea55a5045e72b4c7820b1e3d6e475902e32e29,ppe_train_image91_da1f54daae,ppe_orig,ppe_train_image91_da1f54daae_helmetcopy,ppe_orig
c8f98bbb8ee3459461a7c34fac88cc5f1e92a303,ppe_train_image920_782caabb0a,ppe_orig,ppe_train_image920_782caabb0a_helmetcopy,ppe_orig
265fe2be6521ee10f844116525d26ac183de0fef,ppe_train_image924_bd299f8922,ppe_orig,ppe_train_image924_bd299f8922_helmetcopy,ppe_orig
9f42b50c0357bf1020d81bfa194be6b174ec2d85,ppe_train_image925_e7d96f59b5,ppe_orig,ppe_train_image925_e7d96f59b5_helmetcopy,ppe_orig
5ceb0784a8d9a64bcbc802bd8ca3eaca4610f99f,ppe_train_image926_577b522fbf,ppe_orig,ppe_train_image926_577b522fbf_helmetcopy,ppe_orig
d6ceda76ca55f970a094c1f00e283e7b629f94fe,ppe_train_image928_03e346dca9,ppe_orig,ppe_train_image928_03e346dca9_helmetcopy,ppe_orig
8537030d272a8a5b6a926e1971f2a2ee51093bd1,ppe_train_image929_4cd02d3263,ppe_orig,ppe_train_image929_4cd02d3263_helmetcopy,ppe_orig
7a372a58c72e9982bab448ca3e45a9e3bbbc47ae,ppe_train_image92_c43d0e5051,ppe_orig,ppe_train_image92_c43d0e5051_helmetcopy,ppe_orig
45e3c56774e22e6418b100358654dd1032d94387,ppe_train_image930_aa49689d02,ppe_orig,ppe_train_image930_aa49689d02_helmetcopy,ppe_orig
4764cbafbb3e60d68c6864e5c80f9a8ff39ae920,ppe_train_image931_5fea1fb84e,ppe_orig,ppe_train_image931_5fea1fb84e_helmetcopy,ppe_orig
ab8062c70e2969e023d492aadcc3f847e720f80d,ppe_train_image932_eb601f70c0,ppe_orig,ppe_train_image932_eb601f70c0_helmetcopy,ppe_orig
0f5e6362f8cea228dceaefb170b1b18769275951,ppe_train_image936_583ebfc54e,ppe_orig,ppe_train_image936_583ebfc54e_helmetcopy,ppe_orig
446990215e7777f5de79ccbc39597af8a73c3e20,ppe_train_image937_0b12982868,ppe_orig,ppe_train_image937_0b12982868_helmetcopy,ppe_orig
3830b6d94a49cde7f9ba050266a2688e657032e0,ppe_train_image938_cedf338814,ppe_orig,ppe_train_image938_cedf338814_helmetcopy,ppe_orig
4a475633ecd383e2c85a3fe85506a49d980a9877,ppe_train_image939_199609e24f,ppe_orig,ppe_train_image939_199609e24f_helmetcopy,ppe_orig
28f5921b8b3b53c683fe22f1499cd227c4b6d2b9,ppe_train_image93_b698345085,ppe_orig,ppe_train_image93_b698345085_helmetcopy,ppe_orig
e5b6b317a2adafaf358c0155a4eadd726a89e437,ppe_train_image940_8c3d9ab8e8,ppe_orig,ppe_train_image940_8c3d9ab8e8_helmetcopy,ppe_orig
8c6df34d83ac2779848afb032c6a24cfcb2f3379,ppe_train_image941_e1cfff3b79,ppe_orig,ppe_train_image941_e1cfff3b79_helmetcopy,ppe_orig
e9d853a5c138900c939dae60e11a8866fb42f14c,ppe_train_image944_e332cb252e,ppe_orig,ppe_train_image944_e332cb252e_helmetcopy,ppe_orig
2068788a76c189ae46600b9549b77506a044f08a,ppe_train_image945_c2296b995b,ppe_orig,ppe_train_image945_c2296b995b_helmetcopy,ppe_orig
65ea524511046ec0543c197a9b48e986cedea7fb,ppe_train_image946_6223914e6b,ppe_orig,ppe_train_image946_6223914e6b_helmetcopy,ppe_orig
b8753725da2898a26da410be42dc758e78dace7e,ppe_train_image947_5c51d12a8d,ppe_orig,ppe_train_image947_5c51d12a8d_helmetcopy,ppe_orig
062fc569ed9de38a0140653c755716afcb86f965,ppe_train_image948_d3567a060e,ppe_orig,ppe_train_image948_d3567a060e_helmetcopy,ppe_orig
deea6cc9b1c942943cc56a7e8f1d1b05ddb1b1ab,ppe_train_image949_0645941a6d,ppe_orig,ppe_train_image949_0645941a6d_helmetcopy,ppe_orig
3ea7c48feee20a0bfbf1c6bd726c8da64c5d0064,ppe_train_image94_2d4687077b,ppe_orig,ppe_train_image94_2d4687077b_helmetcopy,ppe_orig
8aed62eb2a52a909430394de4b27948ee3de09b5,ppe_train_image950_cc2cb4bea2,ppe_orig,ppe_train_image950_cc2cb4bea2_helmetcopy,ppe_orig
7bcb0c0e08f5c78bd3f9a9f8974d0b14b3f66fcc,ppe_train_image951_6b201984bc,ppe_orig,ppe_train_image951_6b201984bc_helmetcopy,ppe_orig
4c7b91d53817c01f7a21cf609d9136e029b478ae,ppe_train_image952_5a83036ff7,ppe_orig,ppe_train_image952_5a83036ff7_helmetcopy,ppe_orig
959f9c2830deb277535c496f066e705578c1c347,ppe_train_image953_870cda4ec6,ppe_orig,ppe_train_image953_870cda4ec6_helmetcopy,ppe_orig
0ec2ec7d64bd708c339bf99730699d94705fb613,ppe_train_image954_e7e8f0ec45,ppe_orig,ppe_train_image954_e7e8f0ec45_helmetcopy,ppe_orig
465b4c81b0d0dc4450ddf1939a90f0e8152847d1,ppe_train_image957_297262dff1,ppe_orig,ppe_train_image957_297262dff1_helmetcopy,ppe_orig
4efffa08fcd8b7162efde9c68b98292052b7ba81,ppe_train_image958_2beed5021d,ppe_orig,ppe_train_image958_2beed5021d_helmetcopy,ppe_orig
78e5fd5e043539854649a9fe6fc961b0f94ae94c,ppe_train_image959_dc7dd4df02,ppe_orig,ppe_train_image959_dc7dd4df02_helmetcopy,ppe_orig
008d55f11aead41440cb933cd1f96f03cf44baf4,ppe_train_image95_314efadfc1,ppe_orig,ppe_train_image95_314efadfc1_helmetcopy,ppe_orig
f8f779f0b512b97ce38316a1aeb72d65650578ca,ppe_train_image960_83436112d2,ppe_orig,ppe_train_image960_83436112d2_helmetcopy,ppe_orig
ac993105c748be34fb1db92b33dca6b0af580f92,ppe_train_image962_d8d727a706,ppe_orig,ppe_train_image962_d8d727a706_helmetcopy,ppe_orig
a41111340977418e1032534b356054808b5cdb21,ppe_train_image963_4109b66cc1,ppe_orig,ppe_train_image963_4109b66cc1_helmetcopy,ppe_orig
7680375447ecbea02bb416b6eeef7bcdc1778ee6,ppe_train_image964_b27b682004,ppe_orig,ppe_train_image964_b27b682004_helmetcopy,ppe_orig
99a78d8b916547e487f382dd0d07553306dc6d0e,ppe_train_image966_d23d65da24,ppe_orig,ppe_train_image966_d23d65da24_helmetcopy,ppe_orig
3a110588973bf6e1567069dd4f2eeb3062523af7,ppe_train_image967_807727338b,ppe_orig,ppe_train_image967_807727338b_helmetcopy,ppe_orig
c50d39646193da17d88415cb077ea7fe4853715d,ppe_train_image968_865ec91f91,ppe_orig,ppe_train_image968_865ec91f91_helmetcopy,ppe_orig
e46d1edbe79244579b1dfc272aaa2eaf8a6b6d25,ppe_train_image969_0c2376c707,ppe_orig,ppe_train_image969_0c2376c707_helmetcopy,ppe_orig
111e83aadacd4df0119ce33d16de02de51867fd6,ppe_train_image96_bbf1cc426d,ppe_orig,ppe_train_image96_bbf1cc426d_helmetcopy,ppe_orig
478134dfb4af05a3d57f0be0f271d06aa50b4acb,ppe_train_image971_b6165a3b1e,ppe_orig,ppe_train_image971_b6165a3b1e_helmetcopy,ppe_orig
231b4b98c6a81bdace0e030021b73a7f92b87934,ppe_train_image972_2393a97902,ppe_orig,ppe_train_image972_2393a97902_helmetcopy,ppe_orig
668b4abb98ca8b1a58d3831dced1dece9391d785,ppe_train_image973_9fa80272f1,ppe_orig,ppe_train_image973_9fa80272f1_helmetcopy,ppe_orig
8b84666afdfcfe4fd8fd254ac60d1afac19c267e,ppe_train_image974_e0ca3ced74,ppe_orig,ppe_train_image974_e0ca3ced74_helmetcopy,ppe_orig
e237d301bc769a550c3a0d66efb0913d9a009903,ppe_train_image975_7921841783,ppe_orig,ppe_train_image975_7921841783_helmetcopy,ppe_orig
50f815769acd237f5fe710a4a930e4c89bdacadc,ppe_train_image976_ce6fc0afb8,ppe_orig,ppe_train_image976_ce6fc0afb8_helmetcopy,ppe_orig
27265b6098bd87a8d06ff0fc1fc5f064f599caa3,ppe_train_image977_878dbc799e,ppe_orig,ppe_train_image977_878dbc799e_helmetcopy,ppe_orig
0cddfbfc5155c8477f45b29fc4d12b42340dcb4e,ppe_train_image978_059bdcd43a,ppe_orig,ppe_train_image978_059bdcd43a_helmetcopy,ppe_orig
5100ed9f79784f1b356d5ce02b04f68cc6d8aa8a,ppe_train_image97_52bee23fa8,ppe_orig,ppe_train_image97_52bee23fa8_helmetcopy,ppe_orig
3c8ce2d3ba20ab46e7cd0c712a2673d50c1a21c1,ppe_train_image980_832503feb9,ppe_orig,ppe_train_image980_832503feb9_helmetcopy,ppe_orig
d515aba58388565152199a2ebeaecda7a6406c25,ppe_train_image982_44a50b451f,ppe_orig,ppe_train_image982_44a50b451f_helmetcopy,ppe_orig
6d4e0e123b30ccac0a4399efb996db44cd455a67,ppe_train_image983_dc5c221eed,ppe_orig,ppe_train_image983_dc5c221eed_helmetcopy,ppe_orig
4a9b92901ebe3a471327c15f6636f13d1818fa3c,ppe_train_image984_c74c883d77,ppe_orig,ppe_train_image984_c74c883d77_helmetcopy,ppe_orig
5ea6818559a51119906ca975b959c43acce324be,ppe_train_image985_fa36e9f79d,ppe_orig,ppe_train_image985_fa36e9f79d_helmetcopy,ppe_orig
83a01608703c8229760bc82af6108200a80bd6a2,ppe_train_image986_359ad7d7c2,ppe_orig,ppe_train_image986_359ad7d7c2_helmetcopy,ppe_orig
60d237a38400f281310b2a3b7eac7aaef27939aa,ppe_train_image990_a745d6c43e,ppe_orig,ppe_train_image990_a745d6c43e_helmetcopy,ppe_orig
f5904005e789211054c79f6b4bebc8d523b9df08,ppe_train_image991_36bba525d6,ppe_orig,ppe_train_image991_36bba525d6_helmetcopy,ppe_orig
77f2bfbee6a62002e22d2d05ff87d0e16e104d66,ppe_train_image992_87d0204b9a,ppe_orig,ppe_train_image992_87d0204b9a_helmetcopy,ppe_orig
fff0f9551f706bd30d90d1da81cd324b1f1b83a8,ppe_train_image993_94180474c4,ppe_orig,ppe_train_image993_94180474c4_helmetcopy,ppe_orig
df41a726dea0c28dcaed2b78338c8b8acb18a0bc,ppe_train_image994_6e83affa88,ppe_orig,ppe_train_image994_6e83affa88_helmetcopy,ppe_orig
820d66fa46579ee500eaa62538381cc1f1a28708,ppe_train_image995_edd347ce1d,ppe_orig,ppe_train_image995_edd347ce1d_helmetcopy,ppe_orig
9139bd9646ad4d417107fa8a2740d6c20a22fd60,ppe_train_image996_20b8402f70,ppe_orig,ppe_train_image996_20b8402f70_helmetcopy,ppe_orig
3ec53e28ad15397cf0bfc34e8d575d136de3a6db,ppe_train_image998_64c5262050,ppe_orig,ppe_train_image998_64c5262050_helmetcopy,ppe_orig
17a5ccd29dc006d965008612561e1d067deb1fe8,ood_negative_baseball_cap_015_bdec3806eb,oodneg,ood_negative_baseball_cap_015_e0b0284b40,oodneg
17e68649b4139901325d3aa7ad0a3aecd325d724,ood_negative_baseball_cap_016_2ff4a9db0a,oodneg,ood_negative_baseball_cap_016_c1f338398e,oodneg
