image,stem,source,group_id,n_helmet,n_vest,is_empty_label,sha1
hardneg_backpack1_9852e8fddbe9.jpg,hardneg_backpack1_9852e8fddbe9,hardneg_backpack1,hardneg_backpack1:Screenshot-2025-02-07-105344,0,0,1,9852e8fddbe9bec5e39c3440b93f57c8297913c1
hardneg_backpack1_31e00903635c.jpg,hardneg_backpack1_31e00903635c,hardneg_backpack1,hardneg_backpack1:Screenshot-2025-02-07-105355,0,0,1,31e00903635cf2b98148dca92d68e7330c308820
hardneg_backpack1_25fb0ec3e853.jpg,hardneg_backpack1_25fb0ec3e853,hardneg_backpack1,hardneg_backpack1:Screenshot-2025-02-07-105405,0,0,1,25fb0ec3e8538e8fd7cc78c507e8575c79a9e889
hardneg_backpack1_aad9baa8a34e.jpg,hardneg_backpack1_aad9baa8a34e,hardneg_backpack1,hardneg_backpack1:Screenshot-2025-02-07-105411,0,0,1,aad9baa8a34e39550a1e8308d0855bc8295fbf2c
hardneg_backpack1_4a779dbf2431.jpg,hardneg_backpack1_4a779dbf2431,hardneg_backpack1,hardneg_backpack1:Screenshot-2025-02-07-105418,0,0,1,4a779dbf24318bc56222471e76a9569941f3e4fa
hardneg_backpack1_a0f7b0c1ec23.jpg,hardneg_backpack1_a0f7b0c1ec23,hardneg_backpack1,hardneg_backpack1:Screenshot-2025-02-07-105428,0,0,1,a0f7b0c1ec23d839f0cf7096d7c8b4915b838178
hardneg_backpack1_e5665c25939b.jpg,hardneg_backpack1_e5665c25939b,hardneg_backpack1,hardneg_backpack1:Screenshot-2025-02-07-105444,0,0,1,e5665c25939bc870bad0178b047ead676ee97bda
hardneg_backpack1_b19a405e049c.jpg,hardneg_backpack1_b19a405e049c,hardneg_backpack1,hardneg_backpack1:Screenshot-2025-02-07-105451,0,0,1,b19a405e049c68829558c51f87aa5f283e526696
hardneg_backpack1_ff8c403ed924.jpg,hardneg_backpack1_ff8c403ed924,hardneg_backpack1,hardneg_backpack1:Screenshot-2025-02-07-105522,0,0,1,ff8c403ed924fbf821b3e5e80d7465dd3b497a4a
hardneg_backpack1_5975f4447406.jpg,hardneg_backpack1_5975f4447406,hardneg_backpack1,hardneg_backpack1:Screenshot-2025-02-07-105726,0,0,1,5975f444740648b9ba6645e82bac562df5c0e01a
hardneg_backpack1_4e102596a0b8.jpg,hardneg_backpack1_4e102596a0b8,hardneg_backpack1,hardneg_backpack1:Screenshot-2025-02-07-105735,0,0,1,4e102596a0b85327991bd68a61f11128563e7db4
hardneg_backpack1_414a87991dd7.jpg,hardneg_backpack1_414a87991dd7,hardneg_backpack1,hardneg_backpack1:Screenshot-2025-02-07-105745,0,0,1,414a87991dd7dc12c7e0b2ad28494f8b915417d5
hardneg_backpack1_c83238bec827.jpg,hardneg_backpack1_c83238bec827,hardneg_backpack1,hardneg_backpack1:Screenshot-2025-02-07-105756,0,0,1,c83238bec827cfab8a37ea6f0842da72c8e97d7c
hardneg_backpack1_5ec681382163.jpg,hardneg_backpack1_5ec681382163,hardneg_backpack1,hardneg_backpack1:Screenshot-2025-02-07-110019,0,0,1,5ec681382163764990b6b19a8c4f6c9b64ba875f
hardneg_backpack1_018d4302236e.jpg,hardneg_backpack1_018d4302236e,hardneg_backpack1,hardneg_backpack1:Screenshot-2025-02-07-110027,0,0,1,018d4302236e28cbedf037262b3ab288e184c2ac
hardneg_backpack1_0e1482b4a13e.jpg,hardneg_backpack1_0e1482b4a13e,hardneg_backpack1,hardneg_backpack1:Screenshot-2025-02-07-110125,0,0,1,0e1482b4a13e69eda04d3d63f33662ed5cc32a21
hardneg_backpack1_d616814d62b6.jpg,hardneg_backpack1_d616814d62b6,hardneg_backpack1,hardneg_backpack1:Screenshot-2025-02-07-110131,0,0,1,d616814d62b6ecaa7afe969d760807836edbd350
hardneg_backpack1_a11107ba4da8.jpg,hardneg_backpack1_a11107ba4da8,hardneg_backpack1,hardneg_backpack1:Screenshot-2025-02-07-110143,0,0,1,a11107ba4da85e78af9a50faa61657dd049c5239
hardneg_backpack1_a69913000529.jpg,hardneg_backpack1_a69913000529,hardneg_backpack1,hardneg_backpack1:Screenshot-2025-02-07-110149,0,0,1,a699130005296aece57f6a9e5378e2f4efb9c8db
hardneg_backpack1_cc2eb3369275.jpg,hardneg_backpack1_cc2eb3369275,hardneg_backpack1,hardneg_backpack1:Screenshot-2025-02-07-110156,0,0,1,cc2eb3369275666a5abede0b2e672f622b44b9a3
hardneg_backpack1_f95ef18d0ba3.jpg,hardneg_backpack1_f95ef18d0ba3,hardneg_backpack1,hardneg_backpack1:Screenshot-2025-02-07-110204,0,0,1,f95ef18d0ba3d3af1770efd3bfae0cf7ef4a2de6
hardneg_backpack1_c5e7ee4c4687.jpg,hardneg_backpack1_c5e7ee4c4687,hardneg_backpack1,hardneg_backpack1:Screenshot-2025-02-07-110312,0,0,1,c5e7ee4c468734f900006ed9c4b2388525bca385
hardneg_backpack1_c1379be10a65.jpg,hardneg_backpack1_c1379be10a65,hardneg_backpack1,hardneg_backpack1:Screenshot-2025-02-07-110322,0,0,1,c1379be10a654a868a9803077c2ab5db7cbe0708
hardneg_backpack1_62731579e163.jpg,hardneg_backpack1_62731579e163,hardneg_backpack1,hardneg_backpack1:Screenshot-2025-02-07-110331,0,0,1,62731579e163dab029942247942baf661d6c0ebb
hardneg_backpack1_94a74e9bbbb0.jpg,hardneg_backpack1_94a74e9bbbb0,hardneg_backpack1,hardneg_backpack1:Screenshot-2025-02-07-110337,0,0,1,94a74e9bbbb017f43f08f9ff3f2603efa1515efd
hardneg_backpack1_a02129c3c962.jpg,hardneg_backpack1_a02129c3c962,hardneg_backpack1,hardneg_backpack1:Screenshot-2025-02-07-110343,0,0,1,a02129c3c962e1c7cb09b78a966eda5fe80613f9
hardneg_backpack1_21264e55bbfc.jpg,hardneg_backpack1_21264e55bbfc,hardneg_backpack1,hardneg_backpack1:Screenshot-2025-02-07-110352,0,0,1,21264e55bbfcdcaa49314c167aecc64f00050931
hardneg_backpack1_9cddff04b8fd.jpg,hardneg_backpack1_9cddff04b8fd,hardneg_backpack1,hardneg_backpack1:Screenshot-2025-02-07-110356,0,0,1,9cddff04b8fd7920f6ac3475bc82e4509fdc39e8
hardneg_backpack1_7faf82eeaea5.jpg,hardneg_backpack1_7faf82eeaea5,hardneg_backpack1,hardneg_backpack1:Screenshot-2025-02-07-110404,0,0,1,7faf82eeaea55502c01a5589f74461132cffb04b
hardneg_backpack1_47cf7cf76122.jpg,hardneg_backpack1_47cf7cf76122,hardneg_backpack1,hardneg_backpack1:Screenshot-2025-02-07-110449,0,0,1,47cf7cf761228a753eb1c7ec789ad5392c669769
hardneg_backpack1_9981cca32567.jpg,hardneg_backpack1_9981cca32567,hardneg_backpack1,hardneg_backpack1:Screenshot-2025-02-07-110457,0,0,1,9981cca325672fdb8155e38381414dca7f2b31e6
hardneg_backpack1_b1a581423757.jpg,hardneg_backpack1_b1a581423757,hardneg_backpack1,hardneg_backpack1:Screenshot-2025-02-07-110506,0,0,1,b1a581423757c37ac6948a9d788a2f440e651aff
hardneg_backpack1_0aaa65291c85.jpg,hardneg_backpack1_0aaa65291c85,hardneg_backpack1,hardneg_backpack1:Screenshot-2025-02-07-110514,0,0,1,0aaa65291c852193f92bee031bbb4685de7285c5
hardneg_backpack1_fcf31ca09265.jpg,hardneg_backpack1_fcf31ca09265,hardneg_backpack1,hardneg_backpack1:Screenshot-2025-02-07-110527,0,0,1,fcf31ca09265f7932348353590d0802b786cdd90
hardneg_backpack1_b83fb0d0f9c3.jpg,hardneg_backpack1_b83fb0d0f9c3,hardneg_backpack1,hardneg_backpack1:Screenshot-2025-02-07-110535,0,0,1,b83fb0d0f9c353201a1048a7d4150a4f907180dd
hardneg_backpack1_39fb54540922.jpg,hardneg_backpack1_39fb54540922,hardneg_backpack1,hardneg_backpack1:Screenshot-2025-02-07-110551,0,0,1,39fb545409224c8ba0f4eaf2554bb69cddecb58f
hardneg_backpack1_a84f2d441ee8.jpg,hardneg_backpack1_a84f2d441ee8,hardneg_backpack1,hardneg_backpack1:Screenshot-2025-02-07-110628,0,0,1,a84f2d441ee878fabae346691fb8aa5d78e8c39d
hardneg_backpack1_69c5ab12a615.jpg,hardneg_backpack1_69c5ab12a615,hardneg_backpack1,hardneg_backpack1:Screenshot-2025-02-07-110649,0,0,1,69c5ab12a6158732db5fb827e17ac45c132e686e
hardneg_backpack1_c9072067be29.jpg,hardneg_backpack1_c9072067be29,hardneg_backpack1,hardneg_backpack1:Screenshot-2025-02-07-110833,0,0,1,c9072067be296440a65016d8e41db14d076bffc5
hardneg_backpack1_0e71f88df9ce.jpg,hardneg_backpack1_0e71f88df9ce,hardneg_backpack1,hardneg_backpack1:Screenshot-2025-02-07-110907,0,0,1,0e71f88df9cedf092d09fd304ddf42dd3f33aa8d
hardneg_backpack1_8dadc03709ca.jpg,hardneg_backpack1_8dadc03709ca,hardneg_backpack1,hardneg_backpack1:Screenshot-2025-02-07-110917,0,0,1,8dadc03709ca1081a98150d94a33aa90fb191964
hardneg_backpack1_cd48fa8b68b9.jpg,hardneg_backpack1_cd48fa8b68b9,hardneg_backpack1,hardneg_backpack1:Screenshot-2025-02-07-110943,0,0,1,cd48fa8b68b98cb8a14def370b122b3cde8e93b0
hardneg_backpack1_61f367f98bd6.jpg,hardneg_backpack1_61f367f98bd6,hardneg_backpack1,hardneg_backpack1:Screenshot-2025-02-07-110958,0,0,1,61f367f98bd60cde63f2450e50278e9de05b999a
hardneg_backpack1_f20d06a2ae09.jpg,hardneg_backpack1_f20d06a2ae09,hardneg_backpack1,hardneg_backpack1:Screenshot-2025-02-07-111041,0,0,1,f20d06a2ae097df0b5df57afa23e01131993550c
hardneg_backpack1_cbd916111752.jpg,hardneg_backpack1_cbd916111752,hardneg_backpack1,hardneg_backpack1:Screenshot-2025-02-07-111200,0,0,1,cbd916111752dcc2b1c7a87c4c9692f9285da033
hardneg_backpack1_60d565045f6e.jpg,hardneg_backpack1_60d565045f6e,hardneg_backpack1,hardneg_backpack1:Screenshot-2025-02-07-111232,0,0,1,60d565045f6ed9991284a3f1df12c845bb251deb
hardneg_backpack1_5317cae4dce1.jpg,hardneg_backpack1_5317cae4dce1,hardneg_backpack1,hardneg_backpack1:Screenshot-2025-02-07-111238,0,0,1,5317cae4dce18b17b773265522bd25bb0be4bc3a
hardneg_backpack1_81f2b56a901d.jpg,hardneg_backpack1_81f2b56a901d,hardneg_backpack1,hardneg_backpack1:Screenshot-2025-02-07-111247,0,0,1,81f2b56a901d15084948a75e047495464ebe2981
hardneg_backpack1_4dd005718da4.jpg,hardneg_backpack1_4dd005718da4,hardneg_backpack1,hardneg_backpack1:Screenshot-2025-02-07-111254,0,0,1,4dd005718da48fd2ac1878be50f07f2422bce36d
hardneg_backpack1_0f886405db99.jpg,hardneg_backpack1_0f886405db99,hardneg_backpack1,hardneg_backpack1:Screenshot-2025-02-07-111304,0,0,1,0f886405db99bc59f631e817f31dd3c3d767bd85
hardneg_backpack1_f2759a4b69e7.jpg,hardneg_backpack1_f2759a4b69e7,hardneg_backpack1,hardneg_backpack1:Screenshot-2025-02-07-111341,0,0,1,f2759a4b69e77fd179eea08c4971fc2e5ff1aab9
hardneg_backpack1_8eed7d060486.jpg,hardneg_backpack1_8eed7d060486,hardneg_backpack1,hardneg_backpack1:Screenshot-2025-02-07-111354,0,0,1,8eed7d060486c458bfa1d86f57161194ce12efd3
hardneg_backpack1_bf0b71aa579b.jpg,hardneg_backpack1_bf0b71aa579b,hardneg_backpack1,hardneg_backpack1:Screenshot-2025-02-07-111434,0,0,1,bf0b71aa579bf2ba86c8f67bfac2ac1741e1e091
hardneg_backpack1_ffb37cbec311.jpg,hardneg_backpack1_ffb37cbec311,hardneg_backpack1,hardneg_backpack1:Screenshot-2025-02-07-111500,0,0,1,ffb37cbec311d09a901523723c06dd13e6d8becf
hardneg_backpack1_feb8adc21a2b.jpg,hardneg_backpack1_feb8adc21a2b,hardneg_backpack1,hardneg_backpack1:Screenshot-2025-02-07-111521,0,0,1,feb8adc21a2bc1113c3ad54e64d1d76b5c193ad2
hardneg_backpack1_c10538e0d612.jpg,hardneg_backpack1_c10538e0d612,hardneg_backpack1,hardneg_backpack1:Screenshot-2025-02-07-111550,0,0,1,c10538e0d6120f92032ec9fdbce5c386f9e8e017
hardneg_backpack1_1241e67a5876.jpg,hardneg_backpack1_1241e67a5876,hardneg_backpack1,hardneg_backpack1:Screenshot-2025-02-07-111650,0,0,1,1241e67a587679c52182cd197cd54a16892f3591
hardneg_backpack1_b37c2418396f.jpg,hardneg_backpack1_b37c2418396f,hardneg_backpack1,hardneg_backpack1:Screenshot-2025-02-07-111707,0,0,1,b37c2418396f9a0fcd9231c5b57ba93b88282b01
hardneg_backpack1_19673b596a40.jpg,hardneg_backpack1_19673b596a40,hardneg_backpack1,hardneg_backpack1:Screenshot-2025-02-07-111857,0,0,1,19673b596a40f8ecd82cf4371367d18dcd79da8d
hardneg_backpack1_42f773292491.jpg,hardneg_backpack1_42f773292491,hardneg_backpack1,hardneg_backpack1:Screenshot-2025-02-07-111947,0,0,1,42f77329249141faff52791cafab0fdd4fbeec76
hardneg_backpack1_d0b4e68d16a9.jpg,hardneg_backpack1_d0b4e68d16a9,hardneg_backpack1,hardneg_backpack1:Screenshot-2025-02-07-112008,0,0,1,d0b4e68d16a9dd79d5d19f7e7820151571af8d6c
hardneg_backpack1_7b35d9029e41.jpg,hardneg_backpack1_7b35d9029e41,hardneg_backpack1,hardneg_backpack1:Screenshot-2025-02-07-112026,0,0,1,7b35d9029e4155e8c35afd9f2ac659e1a60399f5
hardneg_backpack1_fcd778010ca3.jpg,hardneg_backpack1_fcd778010ca3,hardneg_backpack1,hardneg_backpack1:Screenshot-2025-02-07-112249,0,0,1,fcd778010ca37c4f154fc75ae7fa5c7d95bc8c23
hardneg_backpack1_685f2d5d5b0e.jpg,hardneg_backpack1_685f2d5d5b0e,hardneg_backpack1,hardneg_backpack1:Screenshot-2025-02-07-112259,0,0,1,685f2d5d5b0ed8e7100e03c9148b12dd2bdf4992
hardneg_backpack1_edd0e43a7305.jpg,hardneg_backpack1_edd0e43a7305,hardneg_backpack1,hardneg_backpack1:Screenshot-2025-02-07-112306,0,0,1,edd0e43a73050e1e276191423821af4b4f1c4079
hardneg_backpack1_db4e29373929.jpg,hardneg_backpack1_db4e29373929,hardneg_backpack1,hardneg_backpack1:Screenshot-2025-02-07-112315,0,0,1,db4e29373929d12e888bb959467bae82668dbdcd
hardneg_backpack1_62a3383c2107.jpg,hardneg_backpack1_62a3383c2107,hardneg_backpack1,hardneg_backpack1:Screenshot-2025-02-07-112609,0,0,1,62a3383c2107ffe263ca58ab5c1a2eaf1a9cc0a3
hardneg_backpack1_2c2fc5e97c12.jpg,hardneg_backpack1_2c2fc5e97c12,hardneg_backpack1,hardneg_backpack1:Screenshot-2025-02-07-112722,0,0,1,2c2fc5e97c129c8b68b041b8b5111c79a90bd55a
hardneg_backpack1_c750e3c5be53.jpg,hardneg_backpack1_c750e3c5be53,hardneg_backpack1,hardneg_backpack1:Screenshot-2025-02-07-112736,0,0,1,c750e3c5be53a62448154cfca530ca8259ba1305
hardneg_backpack1_00ed7a633bc9.jpg,hardneg_backpack1_00ed7a633bc9,hardneg_backpack1,hardneg_backpack1:Screenshot-2025-02-07-112744,0,0,1,00ed7a633bc99c3a72bab3b3411d2abbdca2eeb3
hardneg_backpack1_5ed82c66cad6.jpg,hardneg_backpack1_5ed82c66cad6,hardneg_backpack1,hardneg_backpack1:Screenshot-2025-02-07-112752,0,0,1,5ed82c66cad6917d1be057edd3fef844edd2c84f
hardneg_backpack1_ec6e9561b3f1.jpg,hardneg_backpack1_ec6e9561b3f1,hardneg_backpack1,hardneg_backpack1:Screenshot-2025-02-07-112807,0,0,1,ec6e9561b3f1524dbd67d5a5321caca883c5ca9b
hardneg_backpack1_b464779f5ea7.jpg,hardneg_backpack1_b464779f5ea7,hardneg_backpack1,hardneg_backpack1:Screenshot-2025-02-07-112825,0,0,1,b464779f5ea72c90ea4d7b75ad590f704b8ffdf2
hardneg_backpack1_522a34611fab.jpg,hardneg_backpack1_522a34611fab,hardneg_backpack1,hardneg_backpack1:Screenshot-2025-02-07-112843,0,0,1,522a34611faba3767f9f1da88eb03af4dad95789
hardneg_backpack1_7f31ccaceba8.jpg,hardneg_backpack1_7f31ccaceba8,hardneg_backpack1,hardneg_backpack1:Screenshot-2025-02-07-112959,0,0,1,7f31ccaceba8b973b161d4d8d9d1546eecff5a5a
hardneg_backpack1_09b41c814c4b.jpg,hardneg_backpack1_09b41c814c4b,hardneg_backpack1,hardneg_backpack1:Screenshot-2025-02-07-113007,0,0,1,09b41c814c4bbcc65e110f6a001ac98f6b4a664b
hardneg_backpack1_4bce37daab3a.jpg,hardneg_backpack1_4bce37daab3a,hardneg_backpack1,hardneg_backpack1:Screenshot-2025-02-07-113015,0,0,1,4bce37daab3a06971041db11984cc5f6c9c77550
hardneg_backpack1_e454504f8182.jpg,hardneg_backpack1_e454504f8182,hardneg_backpack1,hardneg_backpack1:Screenshot-2025-02-07-113055,0,0,1,e454504f818282c39cd805d6891380517b51aa75
hardneg_backpack1_4ea7bdd55190.jpg,hardneg_backpack1_4ea7bdd55190,hardneg_backpack1,hardneg_backpack1:Screenshot-2025-02-07-113208,0,0,1,4ea7bdd5519073b1a5992cd9bb3e21a3fdc22eac
hardneg_backpack1_57970e680cff.jpg,hardneg_backpack1_57970e680cff,hardneg_backpack1,hardneg_backpack1:Screenshot-2025-02-07-113239,0,0,1,57970e680cff109d6eacf7a6fb2370b78c2eddea
hardneg_backpack1_7c390462f3ad.jpg,hardneg_backpack1_7c390462f3ad,hardneg_backpack1,hardneg_backpack1:Screenshot-2025-02-07-113326,0,0,1,7c390462f3ad70107dd1f7e67fe380e485aad85a
hardneg_backpack1_eb5b39250e47.jpg,hardneg_backpack1_eb5b39250e47,hardneg_backpack1,hardneg_backpack1:Screenshot-2025-02-07-113337,0,0,1,eb5b39250e477b761fa716784293407fec46ebe8
hardneg_backpack1_316560179631.jpg,hardneg_backpack1_316560179631,hardneg_backpack1,hardneg_backpack1:Screenshot-2025-02-07-113356,0,0,1,316560179631886eafc49d6c94e46ad81abf4dea
hardneg_backpack1_c3207f04787e.jpg,hardneg_backpack1_c3207f04787e,hardneg_backpack1,hardneg_backpack1:Screenshot-2025-02-07-113406,0,0,1,c3207f04787e66d649e7fea7229f29434c0ea495
hardneg_backpack1_313fb4c20e2e.jpg,hardneg_backpack1_313fb4c20e2e,hardneg_backpack1,hardneg_backpack1:Screenshot-2025-02-07-113420,0,0,1,313fb4c20e2e538bcb1a72673c58e958194c8ad2
hardneg_backpack1_f201523fa990.jpg,hardneg_backpack1_f201523fa990,hardneg_backpack1,hardneg_backpack1:Screenshot-2025-02-07-113522,0,0,1,f201523fa99018753dc68ec67c51c7f5804c56b7
hardneg_backpack1_4e1506f68638.jpg,hardneg_backpack1_4e1506f68638,hardneg_backpack1,hardneg_backpack1:Screenshot-2025-02-07-113531,0,0,1,4e1506f686385384d020789e5c11b3c5d7687383
hardneg_backpack1_a92db3938945.jpg,hardneg_backpack1_a92db3938945,hardneg_backpack1,hardneg_backpack1:Screenshot-2025-02-07-113544,0,0,1,a92db3938945836f7038ad069a3efeabd98ad3b4
hardneg_backpack1_0c6f31ab3d68.jpg,hardneg_backpack1_0c6f31ab3d68,hardneg_backpack1,hardneg_backpack1:Screenshot-2025-02-07-113554,0,0,1,0c6f31ab3d68bc42c3e4011ee5abaceb749b7a35
hardneg_backpack1_74a32ffee7a1.jpg,hardneg_backpack1_74a32ffee7a1,hardneg_backpack1,hardneg_backpack1:Screenshot-2025-02-07-113602,0,0,1,74a32ffee7a1feb537e2f8b50408a4231bcf294b
hardneg_backpack1_8a2765996be4.jpg,hardneg_backpack1_8a2765996be4,hardneg_backpack1,hardneg_backpack1:Screenshot-2025-02-07-113611,0,0,1,8a2765996be4a926b84f75c28aaeec75fa25579f
hardneg_backpack1_4fd2681ebd33.jpg,hardneg_backpack1_4fd2681ebd33,hardneg_backpack1,hardneg_backpack1:Screenshot-2025-02-07-113634,0,0,1,4fd2681ebd3381142ef5d8409f57c7633c73bc43
hardneg_backpack1_9aa4d3b18add.jpg,hardneg_backpack1_9aa4d3b18add,hardneg_backpack1,hardneg_backpack1:Screenshot-2025-02-07-113649,0,0,1,9aa4d3b18add42d2fd9c6fed2ae22c02a885b4c5
hardneg_backpack1_ca2eb0b0c4a5.jpg,hardneg_backpack1_ca2eb0b0c4a5,hardneg_backpack1,hardneg_backpack1:Screenshot-2025-02-07-113720,0,0,1,ca2eb0b0c4a58862637c8c1b90204362dd14762a
hardneg_backpack1_ee9e1ef12f18.jpg,hardneg_backpack1_ee9e1ef12f18,hardneg_backpack1,hardneg_backpack1:Screenshot-2025-02-07-113729,0,0,1,ee9e1ef12f18d09efe92f51207e1721069edc50e
hardneg_backpack1_ea57823657ed.jpg,hardneg_backpack1_ea57823657ed,hardneg_backpack1,hardneg_backpack1:Screenshot-2025-02-07-113736,0,0,1,ea57823657ed849e8cefc3a5616511399328031c
hardneg_backpack1_0f451d831435.jpg,hardneg_backpack1_0f451d831435,hardneg_backpack1,hardneg_backpack1:Screenshot-2025-02-07-113747,0,0,1,0f451d831435b38652e6285437d4ac27872d76dd
hardneg_backpack1_78650c7a5075.jpg,hardneg_backpack1_78650c7a5075,hardneg_backpack1,hardneg_backpack1:Screenshot-2025-02-07-115007,0,0,1,78650c7a5075b76d17c3dc7e157d8cdb5245b06b
hardneg_backpack1_bb62cbb03602.jpg,hardneg_backpack1_bb62cbb03602,hardneg_backpack1,hardneg_backpack1:Screenshot-2025-02-07-120505,0,0,1,bb62cbb0360202548f3804bc104a63eb371b5ff1
hardneg_backpack1_9121a67e5ade.jpg,hardneg_backpack1_9121a67e5ade,hardneg_backpack1,hardneg_backpack1:Screenshot-2025-02-07-120512,0,0,1,9121a67e5adefab4ba270e2dccb6707b582d599c
hardneg_backpack1_482630571d8c.jpg,hardneg_backpack1_482630571d8c,hardneg_backpack1,hardneg_backpack1:Screenshot-2025-02-07-120518,0,0,1,482630571d8c931fd377612782fa13382fd5ea60
hardneg_backpack1_42687c3cf680.jpg,hardneg_backpack1_42687c3cf680,hardneg_backpack1,hardneg_backpack1:Screenshot-2025-02-07-120526,0,0,1,42687c3cf6802b85e3914e25ce9f729d8529008a
hardneg_backpack1_b90796106c5f.jpg,hardneg_backpack1_b90796106c5f,hardneg_backpack1,hardneg_backpack1:Screenshot-2025-02-07-120532,0,0,1,b90796106c5f3e6b086ed1fcadc2ec94930ecaa4
hardneg_backpack1_795813c5ec3a.jpg,hardneg_backpack1_795813c5ec3a,hardneg_backpack1,hardneg_backpack1:Screenshot-2025-02-07-120539,0,0,1,795813c5ec3a1382c64029b00c74368f6863a019
hardneg_backpack1_cacdee59ef61.jpg,hardneg_backpack1_cacdee59ef61,hardneg_backpack1,hardneg_backpack1:Screenshot-2025-02-07-120545,0,0,1,cacdee59ef6193dde6d9b38ba2557881dadc1d63
hardneg_backpack1_a8c83b1bc19c.jpg,hardneg_backpack1_a8c83b1bc19c,hardneg_backpack1,hardneg_backpack1:Screenshot-2025-02-07-120551,0,0,1,a8c83b1bc19c1bafb96f1ed2100dc62967e786ea
hardneg_backpack1_968cb0061106.jpg,hardneg_backpack1_968cb0061106,hardneg_backpack1,hardneg_backpack1:Screenshot-2025-02-07-120557,0,0,1,968cb00611065cbf96eb6ece5557224e8fb77c7f
hardneg_backpack1_e5b4be0e79ff.jpg,hardneg_backpack1_e5b4be0e79ff,hardneg_backpack1,hardneg_backpack1:Screenshot-2025-02-07-120606,0,0,1,e5b4be0e79ff2eaf74887dd3617eaaf906aae3da
hardneg_backpack1_fc998c6791c9.jpg,hardneg_backpack1_fc998c6791c9,hardneg_backpack1,hardneg_backpack1:Screenshot-2025-02-07-120614,0,0,1,fc998c6791c9c4f43fd3ac29b428f72bf59608ab
hardneg_backpack1_977e4743a39f.jpg,hardneg_backpack1_977e4743a39f,hardneg_backpack1,hardneg_backpack1:Screenshot-2025-02-07-120623,0,0,1,977e4743a39f627ff886d346997b2e6d08407c7b
hardneg_backpack1_3c363f7c996b.jpg,hardneg_backpack1_3c363f7c996b,hardneg_backpack1,hardneg_backpack1:Screenshot-2025-02-07-120826,0,0,1,3c363f7c996bc8a18340daf5bdab61e8174c6032
hardneg_backpack1_db5841a8f9ba.jpg,hardneg_backpack1_db5841a8f9ba,hardneg_backpack1,hardneg_backpack1:Screenshot-2025-02-07-120832,0,0,1,db5841a8f9bafc3e647273c266e119b1a575c5e6
hardneg_backpack1_84f459705651.jpg,hardneg_backpack1_84f459705651,hardneg_backpack1,hardneg_backpack1:Screenshot-2025-02-07-120838,0,0,1,84f459705651c42304d051482c9d5a93d09ad6ce
hardneg_backpack1_2551caa1a44a.jpg,hardneg_backpack1_2551caa1a44a,hardneg_backpack1,hardneg_backpack1:Screenshot-2025-02-07-120910,0,0,1,2551caa1a44a81ffe700f8888262f6e7af4ee8ad
hardneg_backpack1_f19061fb5ca1.jpg,hardneg_backpack1_f19061fb5ca1,hardneg_backpack1,hardneg_backpack1:Screenshot-2025-02-07-120918,0,0,1,f19061fb5ca1a1ed754dff6b5992ddfaa9929aee
hardneg_backpack1_2a24ddaf5068.jpg,hardneg_backpack1_2a24ddaf5068,hardneg_backpack1,hardneg_backpack1:Screenshot-2025-02-07-120926,0,0,1,2a24ddaf50687bf416a65b2641f131586d5fb8e3
hardneg_backpack1_06ee197b480b.jpg,hardneg_backpack1_06ee197b480b,hardneg_backpack1,hardneg_backpack1:Screenshot-2025-02-07-120946,0,0,1,06ee197b480becfacb464246658820d7b603e369
hardneg_backpack1_f09e8438cf2b.jpg,hardneg_backpack1_f09e8438cf2b,hardneg_backpack1,hardneg_backpack1:Screenshot-2025-02-07-120951,0,0,1,f09e8438cf2bc5465d9562560acb43a48417049a
hardneg_backpack1_3aa64cbd8fda.jpg,hardneg_backpack1_3aa64cbd8fda,hardneg_backpack1,hardneg_backpack1:Screenshot-2025-02-07-121001,0,0,1,3aa64cbd8fda8bcc9394660113861736699deddf
hardneg_backpack1_70ab3f5e8347.jpg,hardneg_backpack1_70ab3f5e8347,hardneg_backpack1,hardneg_backpack1:Screenshot-2025-02-07-121007,0,0,1,70ab3f5e8347c4e052e16abbcbbbf5d95c52f14a
hardneg_backpack1_7ba2f275c2e8.jpg,hardneg_backpack1_7ba2f275c2e8,hardneg_backpack1,hardneg_backpack1:Screenshot-2025-02-07-121020,0,0,1,7ba2f275c2e880bd4db1c2a2aa9db4142e4c0935
hardneg_backpack1_f14688229be0.jpg,hardneg_backpack1_f14688229be0,hardneg_backpack1,hardneg_backpack1:Screenshot-2025-02-07-121205,0,0,1,f14688229be0f586ad18a3b8f231c8e9f18d89ac
hardneg_backpack1_f16b8068689d.jpg,hardneg_backpack1_f16b8068689d,hardneg_backpack1,hardneg_backpack1:Screenshot-2025-02-07-121313,0,0,1,f16b8068689de398e8aa4e66fee60cdf8323f51b
hardneg_backpack1_ab14557d4fa3.jpg,hardneg_backpack1_ab14557d4fa3,hardneg_backpack1,hardneg_backpack1:Screenshot-2025-02-07-121320,0,0,1,ab14557d4fa37007808ccfed6472ab1c7011d8c9
hardneg_backpack1_a205ff40ac7d.jpg,hardneg_backpack1_a205ff40ac7d,hardneg_backpack1,hardneg_backpack1:Screenshot-2025-02-07-121329,0,0,1,a205ff40ac7d720d1616b64115086e874b29624a
hardneg_backpack1_f3f03997acda.jpg,hardneg_backpack1_f3f03997acda,hardneg_backpack1,hardneg_backpack1:Screenshot-2025-02-07-121339,0,0,1,f3f03997acdab15f55d1698b0f8d65893449231f
hardneg_backpack1_d65f0b34ea1e.jpg,hardneg_backpack1_d65f0b34ea1e,hardneg_backpack1,hardneg_backpack1:Screenshot-2025-02-07-121345,0,0,1,d65f0b34ea1e08ca8ec93fd1d6fb18ec7cd487e1
hardneg_backpack1_143e63e97b73.jpg,hardneg_backpack1_143e63e97b73,hardneg_backpack1,hardneg_backpack1:Screenshot-2025-02-07-121437,0,0,1,143e63e97b735d15eb148d522a02b1b4fe0245a7
hardneg_backpack1_c7786e3d82fc.jpg,hardneg_backpack1_c7786e3d82fc,hardneg_backpack1,hardneg_backpack1:Screenshot-2025-02-07-121450,0,0,1,c7786e3d82fce951147e0896a7aa9e6227930fca
hardneg_backpack1_4d57e1eed3c0.jpg,hardneg_backpack1_4d57e1eed3c0,hardneg_backpack1,hardneg_backpack1:Screenshot-2025-02-07-121505,0,0,1,4d57e1eed3c0f99ec528036341153b2c687b9f14
hardneg_backpack1_942e0cac732f.jpg,hardneg_backpack1_942e0cac732f,hardneg_backpack1,hardneg_backpack1:Screenshot-2025-02-07-121537,0,0,1,942e0cac732f84c74c54708743e1bba33310475b
hardneg_backpack1_22899b666fb3.jpg,hardneg_backpack1_22899b666fb3,hardneg_backpack1,hardneg_backpack1:Screenshot-2025-02-07-121801,0,0,1,22899b666fb3f1805fee2e0f4c873e8d63801838
hardneg_backpack1_8dde0d245982.jpg,hardneg_backpack1_8dde0d245982,hardneg_backpack1,hardneg_backpack1:Screenshot-2025-02-07-121836,0,0,1,8dde0d245982c8881e7d242fe37fe89978043a9a
hardneg_backpack1_64d137b8d040.jpg,hardneg_backpack1_64d137b8d040,hardneg_backpack1,hardneg_backpack1:Screenshot-2025-02-07-122538,0,0,1,64d137b8d040e4609bf372c453a6284240bbabc3
hardneg_backpack1_82970059a69f.jpg,hardneg_backpack1_82970059a69f,hardneg_backpack1,hardneg_backpack1:Screenshot-2025-02-07-122546,0,0,1,82970059a69feda3ad378bb48aa468ea2f14c560
hardneg_backpack1_2b3562180960.jpg,hardneg_backpack1_2b3562180960,hardneg_backpack1,hardneg_backpack1:Screenshot-2025-02-07-122552,0,0,1,2b35621809608f22a7edfb4f78933eba5a614f66
hardneg_backpack1_1828cb49dd3d.jpg,hardneg_backpack1_1828cb49dd3d,hardneg_backpack1,hardneg_backpack1:Screenshot-2025-02-07-122600,0,0,1,1828cb49dd3d2df1d4eb6f997ffb84a4727bf1d8
hardneg_backpack1_21d15a5f7320.jpg,hardneg_backpack1_21d15a5f7320,hardneg_backpack1,hardneg_backpack1:Screenshot-2025-02-07-122604,0,0,1,21d15a5f732013f251e907142bff0f488e341594
hardneg_backpack1_7c9e89b56fbc.jpg,hardneg_backpack1_7c9e89b56fbc,hardneg_backpack1,hardneg_backpack1:Screenshot-2025-02-07-122610,0,0,1,7c9e89b56fbce288f8d12ce14073c2764f936e99
hardneg_backpack1_7e7ab82f02e3.jpg,hardneg_backpack1_7e7ab82f02e3,hardneg_backpack1,hardneg_backpack1:Screenshot-2025-02-07-122618,0,0,1,7e7ab82f02e37369e9f182f4ed618155f6c1de2d
hardneg_backpack1_df41326975d2.jpg,hardneg_backpack1_df41326975d2,hardneg_backpack1,hardneg_backpack1:Screenshot-2025-02-07-122636,0,0,1,df41326975d2f6bf775669a6d91f59aded2d01bd
hardneg_backpack1_d128b2935b31.jpg,hardneg_backpack1_d128b2935b31,hardneg_backpack1,hardneg_backpack1:Screenshot-2025-02-07-122642,0,0,1,d128b2935b31a980071b37d04dd68ff2704c2dae
hardneg_backpack1_2cf791a742cc.jpg,hardneg_backpack1_2cf791a742cc,hardneg_backpack1,hardneg_backpack1:Screenshot-2025-02-07-122725,0,0,1,2cf791a742cc03196d26d3e5f3cfe9eb67766eb9
hardneg_backpack1_7c61685ace15.jpg,hardneg_backpack1_7c61685ace15,hardneg_backpack1,hardneg_backpack1:Screenshot-2025-02-07-122734,0,0,1,7c61685ace15b43fec5dfee64273c66c4863171c
hardneg_backpack1_29a09387cab7.jpg,hardneg_backpack1_29a09387cab7,hardneg_backpack1,hardneg_backpack1:Screenshot-2025-02-07-122745,0,0,1,29a09387cab7492434e9216d0b48ce80079a8cbe
hardneg_backpack1_6d5a3715b741.jpg,hardneg_backpack1_6d5a3715b741,hardneg_backpack1,hardneg_backpack1:Screenshot-2025-02-07-122824,0,0,1,6d5a3715b741d80c5439bd08c9af1475a832456a
hardneg_backpack1_bb9bdc5e5524.jpg,hardneg_backpack1_bb9bdc5e5524,hardneg_backpack1,hardneg_backpack1:Screenshot-2025-02-07-122837,0,0,1,bb9bdc5e5524c1b18264b3f0e133089e467d55df
hardneg_backpack1_03a229ba57fe.jpg,hardneg_backpack1_03a229ba57fe,hardneg_backpack1,hardneg_backpack1:Screenshot-2025-02-07-122842,0,0,1,03a229ba57fea67c44689c6e45a09c93da8abb7b
hardneg_backpack1_122555388481.jpg,hardneg_backpack1_122555388481,hardneg_backpack1,hardneg_backpack1:Screenshot-2025-02-07-122848,0,0,1,122555388481ad7d7d81e734390be95ac34d608f
hardneg_backpack1_f3eeb69c9ddb.jpg,hardneg_backpack1_f3eeb69c9ddb,hardneg_backpack1,hardneg_backpack1:Screenshot-2025-02-07-122918,0,0,1,f3eeb69c9ddba5356f18c9a19ee269c5f8d42386
hardneg_backpack1_6d6ee65d8ca9.jpg,hardneg_backpack1_6d6ee65d8ca9,hardneg_backpack1,hardneg_backpack1:Screenshot-2025-02-07-123039,0,0,1,6d6ee65d8ca90578d9b5909a02193cf80f633422
hardneg_backpack1_3202e46b7e82.jpg,hardneg_backpack1_3202e46b7e82,hardneg_backpack1,hardneg_backpack1:Screenshot-2025-02-07-123137,0,0,1,3202e46b7e8290a2d1202e4601036fb4b2641516
hardneg_backpack1_64674510feed.jpg,hardneg_backpack1_64674510feed,hardneg_backpack1,hardneg_backpack1:Screenshot-2025-02-07-123151,0,0,1,64674510feed42ddf362352184fd2289e0c5fe71
hardneg_backpack1_62d060406b20.jpg,hardneg_backpack1_62d060406b20,hardneg_backpack1,hardneg_backpack1:Screenshot-2025-02-07-123216,0,0,1,62d060406b202f05b6b13d038caf1895f56cea48
hardneg_backpack1_08eea7193c34.jpg,hardneg_backpack1_08eea7193c34,hardneg_backpack1,hardneg_backpack1:Screenshot-2025-02-07-123230,0,0,1,08eea7193c3482ce7b58506dd0cac020ac83f0b1
hardneg_backpack1_680db4446b69.jpg,hardneg_backpack1_680db4446b69,hardneg_backpack1,hardneg_backpack1:Screenshot-2025-02-07-123251,0,0,1,680db4446b6949f2c717e7792913bc4d712760de
hardneg_backpack1_39fdf9ab886d.jpg,hardneg_backpack1_39fdf9ab886d,hardneg_backpack1,hardneg_backpack1:Screenshot-2025-02-07-123301,0,0,1,39fdf9ab886dbbd2775e5b7955f463a773096705
hardneg_backpack1_ad6ddfb508db.jpg,hardneg_backpack1_ad6ddfb508db,hardneg_backpack1,hardneg_backpack1:Screenshot-2025-02-07-123316,0,0,1,ad6ddfb508db5b3f7cb489a408dbf0b2b6d47ee4
hardneg_backpack1_582dee1baf91.jpg,hardneg_backpack1_582dee1baf91,hardneg_backpack1,hardneg_backpack1:Screenshot-2025-02-07-123421,0,0,1,582dee1baf91c2fab076813025f2af053dd34bfd
hardneg_backpack1_8ffd61f1fbcf.jpg,hardneg_backpack1_8ffd61f1fbcf,hardneg_backpack1,hardneg_backpack1:Screenshot-2025-02-07-123455,0,0,1,8ffd61f1fbcf6a9389c803565e058ed9733999ad
hardneg_backpack1_e42bdae1d9ee.jpg,hardneg_backpack1_e42bdae1d9ee,hardneg_backpack1,hardneg_backpack1:Screenshot-2025-02-07-123616,0,0,1,e42bdae1d9eebcbcd3d93ebfd5f87ef88f7b025a
hardneg_backpack1_7bfd18671fe5.jpg,hardneg_backpack1_7bfd18671fe5,hardneg_backpack1,hardneg_backpack1:Screenshot-2025-02-07-123625,0,0,1,7bfd18671fe574608d5c0ab7d6bfafd32a491f89
hardneg_backpack1_fc92c9f1fdc4.jpg,hardneg_backpack1_fc92c9f1fdc4,hardneg_backpack1,hardneg_backpack1:Screenshot-2025-02-07-123631,0,0,1,fc92c9f1fdc41b33a806daf99785201f11d0ad81
hardneg_backpack1_e90729de3d50.jpg,hardneg_backpack1_e90729de3d50,hardneg_backpack1,hardneg_backpack1:Screenshot-2025-02-07-123738,0,0,1,e90729de3d50336fa53d6787e271424ededaebea
hardneg_backpack1_0250e1d24ac1.jpg,hardneg_backpack1_0250e1d24ac1,hardneg_backpack1,hardneg_backpack1:Screenshot-2025-02-07-123748,0,0,1,0250e1d24ac112b3b6f94997cd8223de2a3ebd06
hardneg_backpack1_1b57351dfde9.jpg,hardneg_backpack1_1b57351dfde9,hardneg_backpack1,hardneg_backpack1:Screenshot-2025-02-07-123806,0,0,1,1b57351dfde9ed0d50f4acaf69e1bb9a6ae53730
hardneg_backpack1_c0b04cf0dd37.jpg,hardneg_backpack1_c0b04cf0dd37,hardneg_backpack1,hardneg_backpack1:Screenshot-2025-02-07-123817,0,0,1,c0b04cf0dd37df53a69a18a499a037aca7f53e28
hardneg_backpack1_825f299526af.jpg,hardneg_backpack1_825f299526af,hardneg_backpack1,hardneg_backpack1:Screenshot-2025-02-07-123835,0,0,1,825f299526af981bec1c83b45fe696fcd96a58bf
hardneg_backpack1_2c97bca3e163.jpg,hardneg_backpack1_2c97bca3e163,hardneg_backpack1,hardneg_backpack1:Screenshot-2025-02-07-123841,0,0,1,2c97bca3e1637e22fd635748c735715773b5eed6
hardneg_backpack1_510b5a4b39fd.jpg,hardneg_backpack1_510b5a4b39fd,hardneg_backpack1,hardneg_backpack1:Screenshot-2025-02-07-123855,0,0,1,510b5a4b39fddb2f6ffa185fd625e8197b630582
hardneg_backpack1_9c5953006895.jpg,hardneg_backpack1_9c5953006895,hardneg_backpack1,hardneg_backpack1:Screenshot-2025-02-07-123901,0,0,1,9c5953006895bb880691a4af0cdad12203792ecd
hardneg_backpack1_6122f9b6135c.jpg,hardneg_backpack1_6122f9b6135c,hardneg_backpack1,hardneg_backpack1:Screenshot-2025-02-07-123907,0,0,1,6122f9b6135cbcbbad3f40299f4cae5a28a44b03
hardneg_backpack1_4f88aba0dffa.jpg,hardneg_backpack1_4f88aba0dffa,hardneg_backpack1,hardneg_backpack1:Screenshot-2025-02-07-123915,0,0,1,4f88aba0dffa155978fef7b997080d3ef301c283
hardneg_backpack1_dbd76a111f65.jpg,hardneg_backpack1_dbd76a111f65,hardneg_backpack1,hardneg_backpack1:Screenshot-2025-02-07-124012,0,0,1,dbd76a111f6597964762908a5d8c251d6e86298c
hardneg_backpack1_77a3e0d04fbc.jpg,hardneg_backpack1_77a3e0d04fbc,hardneg_backpack1,hardneg_backpack1:Screenshot-2025-02-07-124037,0,0,1,77a3e0d04fbcbc861ee5f96bff2f4c954c837c29
hardneg_backpack1_9f604889adf5.jpg,hardneg_backpack1_9f604889adf5,hardneg_backpack1,hardneg_backpack1:Screenshot-2025-02-07-124047,0,0,1,9f604889adf56b5cadecc675f4ec38d5692527ee
hardneg_backpack1_a40071ba5195.jpg,hardneg_backpack1_a40071ba5195,hardneg_backpack1,hardneg_backpack1:Screenshot-2025-02-07-124057,0,0,1,a40071ba5195d619f38d235124cd93abbbdc55a0
hardneg_backpack1_f3eb3863ae08.jpg,hardneg_backpack1_f3eb3863ae08,hardneg_backpack1,hardneg_backpack1:Screenshot-2025-02-07-124104,0,0,1,f3eb3863ae0808b7ead5ac405ae3db17a0119e0a
hardneg_backpack1_794ee7475589.jpg,hardneg_backpack1_794ee7475589,hardneg_backpack1,hardneg_backpack1:Screenshot-2025-02-07-124111,0,0,1,794ee7475589bc2de219691be035f05a03eab2ee
hardneg_backpack1_4424bfbfc9ec.jpg,hardneg_backpack1_4424bfbfc9ec,hardneg_backpack1,hardneg_backpack1:Screenshot-2025-02-07-124117,0,0,1,4424bfbfc9ec667abf15c10a22592bfc1aac8af6
hardneg_backpack1_5931e468ec85.jpg,hardneg_backpack1_5931e468ec85,hardneg_backpack1,hardneg_backpack1:Screenshot-2025-02-07-124124,0,0,1,5931e468ec858f9a29d9533ba195943386d52f99
hardneg_backpack1_772fcbb1e90e.jpg,hardneg_backpack1_772fcbb1e90e,hardneg_backpack1,hardneg_backpack1:Screenshot-2025-02-07-124130,0,0,1,772fcbb1e90e8db162cd97e431e278fe7b376cb5
hardneg_backpack1_50c2666cd332.jpg,hardneg_backpack1_50c2666cd332,hardneg_backpack1,hardneg_backpack1:Screenshot-2025-02-07-124307,0,0,1,50c2666cd332070c4ceff5f5bcfcae933e7cdfd2
hardneg_backpack1_64eaa54d658b.jpg,hardneg_backpack1_64eaa54d658b,hardneg_backpack1,hardneg_backpack1:Screenshot-2025-02-07-124317,0,0,1,64eaa54d658bac5e889c71cba91a573f256e6d0b
hardneg_backpack1_c1b3b8f911e1.jpg,hardneg_backpack1_c1b3b8f911e1,hardneg_backpack1,hardneg_backpack1:Screenshot-2025-02-07-125023,0,0,1,c1b3b8f911e1b3e084f5e364abb01fe0ac4ed5d5
hardneg_backpack1_e58da9748469.jpg,hardneg_backpack1_e58da9748469,hardneg_backpack1,hardneg_backpack1:Screenshot-2025-02-07-125041,0,0,1,e58da9748469e0d3e526bb56eb1b75100cd1f3ef
hardneg_backpack1_13822512ee19.jpg,hardneg_backpack1_13822512ee19,hardneg_backpack1,hardneg_backpack1:Screenshot-2025-02-07-125046,0,0,1,13822512ee19ae15ffbec45438589bb739dd6293
hardneg_backpack1_f969c3249044.jpg,hardneg_backpack1_f969c3249044,hardneg_backpack1,hardneg_backpack1:Screenshot-2025-02-07-125050,0,0,1,f969c32490440df6c052bc0f4e74f437340406f9
hardneg_backpack1_b968cc4e24d3.jpg,hardneg_backpack1_b968cc4e24d3,hardneg_backpack1,hardneg_backpack1:Screenshot-2025-02-07-125100,0,0,1,b968cc4e24d3c9690559420ce9b7736290090e02
hardneg_backpack1_6d67a85dda1e.jpg,hardneg_backpack1_6d67a85dda1e,hardneg_backpack1,hardneg_backpack1:Screenshot-2025-02-07-125112,0,0,1,6d67a85dda1e1d7feb5a980ace81229800507060
hardneg_backpack1_6fc4709e65d3.jpg,hardneg_backpack1_6fc4709e65d3,hardneg_backpack1,hardneg_backpack1:Screenshot-2025-02-07-125127,0,0,1,6fc4709e65d354581a29c2524253ae471222110d
hardneg_backpack1_bb0430edfb32.jpg,hardneg_backpack1_bb0430edfb32,hardneg_backpack1,hardneg_backpack1:Screenshot-2025-02-07-125149,0,0,1,bb0430edfb328593c45df46f177fda082644c32b
hardneg_backpack1_fe3c31deccce.jpg,hardneg_backpack1_fe3c31deccce,hardneg_backpack1,hardneg_backpack1:Screenshot-2025-02-07-125406,0,0,1,fe3c31deccceacd6b54cea96fab9158af1a68de9
hardneg_backpack1_043a73a1e05e.jpg,hardneg_backpack1_043a73a1e05e,hardneg_backpack1,hardneg_backpack1:Screenshot-2025-02-07-125415,0,0,1,043a73a1e05e2036c157ed75368de2455360f17d
hardneg_backpack1_85d14cdd8f8e.jpg,hardneg_backpack1_85d14cdd8f8e,hardneg_backpack1,hardneg_backpack1:Screenshot-2025-02-07-125421,0,0,1,85d14cdd8f8e570914f54afe774d8e124982473a
hardneg_backpack1_6cab0992532e.jpg,hardneg_backpack1_6cab0992532e,hardneg_backpack1,hardneg_backpack1:Screenshot-2025-02-07-125436,0,0,1,6cab0992532e372ecaf34df13b8f18c587a6a6c8
hardneg_backpack1_de6e58676f29.jpg,hardneg_backpack1_de6e58676f29,hardneg_backpack1,hardneg_backpack1:Screenshot-2025-02-07-125446,0,0,1,de6e58676f2983c19d26377f46779ea551900c51
hardneg_backpack1_3062dbcdf1f6.jpg,hardneg_backpack1_3062dbcdf1f6,hardneg_backpack1,hardneg_backpack1:Screenshot-2025-02-07-125504,0,0,1,3062dbcdf1f66b8650555dd6d9af1f8dbb07f7d8
hardneg_backpack1_02b4e922cbf8.jpg,hardneg_backpack1_02b4e922cbf8,hardneg_backpack1,hardneg_backpack1:Screenshot-2025-02-07-125521,0,0,1,02b4e922cbf8d3a2fc8e663b47cefa725a642168
hardneg_backpack1_be0fe6d680ec.jpg,hardneg_backpack1_be0fe6d680ec,hardneg_backpack1,hardneg_backpack1:Screenshot-2025-02-07-125539,0,0,1,be0fe6d680ecba2860abe971ac1d3c10f3d6e464
hardneg_backpack1_b072d82b7598.jpg,hardneg_backpack1_b072d82b7598,hardneg_backpack1,hardneg_backpack1:Screenshot-2025-02-07-125547,0,0,1,b072d82b7598b06320e0cae118da853b51a2420b
hardneg_backpack1_55207c13d746.jpg,hardneg_backpack1_55207c13d746,hardneg_backpack1,hardneg_backpack1:Screenshot-2025-02-07-125555,0,0,1,55207c13d746cdb1efe387226094dbd3cb48106a
hardneg_backpack1_79b762946ad1.jpg,hardneg_backpack1_79b762946ad1,hardneg_backpack1,hardneg_backpack1:Screenshot-2025-02-07-125649,0,0,1,79b762946ad14c534c227990660b8cf7a2f3bf6c
hardneg_backpack1_4f6222395f76.jpg,hardneg_backpack1_4f6222395f76,hardneg_backpack1,hardneg_backpack1:Screenshot-2025-02-07-125654,0,0,1,4f6222395f76ba76e719b3065b92e3728bfd4eb4
hardneg_backpack1_7a8f9920aaf4.jpg,hardneg_backpack1_7a8f9920aaf4,hardneg_backpack1,hardneg_backpack1:Screenshot-2025-02-07-125701,0,0,1,7a8f9920aaf4665958484c2c9ea2ed060c8220fa
hardneg_backpack1_f0b9c2ed6dc5.jpg,hardneg_backpack1_f0b9c2ed6dc5,hardneg_backpack1,hardneg_backpack1:Screenshot-2025-02-07-125706,0,0,1,f0b9c2ed6dc5a4eefcd633ed08666f8e615986a6
hardneg_backpack1_b79f7036791b.jpg,hardneg_backpack1_b79f7036791b,hardneg_backpack1,hardneg_backpack1:Screenshot-2025-02-07-125710,0,0,1,b79f7036791b755b3322b3f86522cfd5f574d30a
hardneg_backpack1_69e37bcd54f0.jpg,hardneg_backpack1_69e37bcd54f0,hardneg_backpack1,hardneg_backpack1:Screenshot-2025-02-07-125715,0,0,1,69e37bcd54f08d73dd6acc7a8885f156b7df17e9
hardneg_backpack1_c395333a7a9f.jpg,hardneg_backpack1_c395333a7a9f,hardneg_backpack1,hardneg_backpack1:Screenshot-2025-02-07-125721,0,0,1,c395333a7a9fffb25b6d0e488c99f2a08c5b2160
hardneg_backpack1_cdd8d2e9b432.jpg,hardneg_backpack1_cdd8d2e9b432,hardneg_backpack1,hardneg_backpack1:Screenshot-2025-02-07-125742,0,0,1,cdd8d2e9b4325cb472be479777043bd5e625f87a
hardneg_backpack1_9e15b0ce430f.jpg,hardneg_backpack1_9e15b0ce430f,hardneg_backpack1,hardneg_backpack1:Screenshot-2025-02-07-125746,0,0,1,9e15b0ce430f5cefd1f9892266cd3c8217100cab
hardneg_backpack1_5f777c702872.jpg,hardneg_backpack1_5f777c702872,hardneg_backpack1,hardneg_backpack1:Screenshot-2025-02-07-125756,0,0,1,5f777c70287249eb84a081378752177c21dc351e
hardneg_backpack1_b9245500ebc1.jpg,hardneg_backpack1_b9245500ebc1,hardneg_backpack1,hardneg_backpack1:Screenshot-2025-02-07-125804,0,0,1,b9245500ebc120efdd5667fb20f478bfa31a5bef
hardneg_backpack1_2ceebb4925af.jpg,hardneg_backpack1_2ceebb4925af,hardneg_backpack1,hardneg_backpack1:Screenshot-2025-02-07-125812,0,0,1,2ceebb4925afafaa336fb14364b4f234bf944144
hardneg_backpack1_3a0b42151d50.jpg,hardneg_backpack1_3a0b42151d50,hardneg_backpack1,hardneg_backpack1:Screenshot-2025-02-07-125828,0,0,1,3a0b42151d509ec48850a4b0ed312b8937f99b7e
hardneg_backpack1_4eb57243379a.jpg,hardneg_backpack1_4eb57243379a,hardneg_backpack1,hardneg_backpack1:Screenshot-2025-02-07-125834,0,0,1,4eb57243379af52859678c0d5c7d0beec0026b5f
hardneg_backpack1_4576b9749055.jpg,hardneg_backpack1_4576b9749055,hardneg_backpack1,hardneg_backpack1:Screenshot-2025-02-07-125858,0,0,1,4576b9749055c52a225e58c9676705c1d2d23139
hardneg_backpack1_56036cd6a50a.jpg,hardneg_backpack1_56036cd6a50a,hardneg_backpack1,hardneg_backpack1:Screenshot-2025-02-07-125909,0,0,1,56036cd6a50a28dccbc4b472d4477cc3b203c215
hardneg_backpack1_a834237e5ec9.jpg,hardneg_backpack1_a834237e5ec9,hardneg_backpack1,hardneg_backpack1:Screenshot-2025-02-07-125917,0,0,1,a834237e5ec9c81b23d9582111e831c535c4f30b
hardneg_backpack1_25ae34a173a1.jpg,hardneg_backpack1_25ae34a173a1,hardneg_backpack1,hardneg_backpack1:Screenshot-2025-02-07-125926,0,0,1,25ae34a173a1bd49510aaed79f3f10d0dae683cd
hardneg_backpack1_c7452ca284a1.jpg,hardneg_backpack1_c7452ca284a1,hardneg_backpack1,hardneg_backpack1:Screenshot-2025-02-07-125932,0,0,1,c7452ca284a1512bbedd6ea70be29a9b045f2f05
hardneg_backpack1_156386e06bdc.jpg,hardneg_backpack1_156386e06bdc,hardneg_backpack1,hardneg_backpack1:Screenshot-2025-02-07-125940,0,0,1,156386e06bdc40b944f4b83650a0a424de0bf464
hardneg_backpack1_185dcd49ad7a.jpg,hardneg_backpack1_185dcd49ad7a,hardneg_backpack1,hardneg_backpack1:Screenshot-2025-02-07-125948,0,0,1,185dcd49ad7a4285d5e7784a6f054d0b37efc44c
hardneg_backpack1_84e888ed6f7a.jpg,hardneg_backpack1_84e888ed6f7a,hardneg_backpack1,hardneg_backpack1:Screenshot-2025-02-07-125954,0,0,1,84e888ed6f7a19da4ea57cd1390ec930baccfeaa
hardneg_backpack1_34f13a0e8711.jpg,hardneg_backpack1_34f13a0e8711,hardneg_backpack1,hardneg_backpack1:Screenshot-2025-02-07-130013,0,0,1,34f13a0e871111cc8331365dccd9c1d0e4e8e5b9
hardneg_backpack1_72c962b043ae.jpg,hardneg_backpack1_72c962b043ae,hardneg_backpack1,hardneg_backpack1:Screenshot-2025-02-07-130019,0,0,1,72c962b043ae320f65615987d8768bce8ae965ad
hardneg_backpack1_b4864c3a4838.jpg,hardneg_backpack1_b4864c3a4838,hardneg_backpack1,hardneg_backpack1:Screenshot-2025-02-07-130102,0,0,1,b4864c3a483819860579cb4f077582e6e06a9917
hardneg_backpack1_b880abc41872.jpg,hardneg_backpack1_b880abc41872,hardneg_backpack1,hardneg_backpack1:Screenshot-2025-02-07-130111,0,0,1,b880abc418720d1ac09b34ab724b96e438eec1cf
hardneg_backpack1_354e47a6469b.jpg,hardneg_backpack1_354e47a6469b,hardneg_backpack1,hardneg_backpack1:Screenshot-2025-02-07-130120,0,0,1,354e47a6469b876b5e09fb17eba847ff6e7a035c
hardneg_backpack1_a51c4c0d3642.jpg,hardneg_backpack1_a51c4c0d3642,hardneg_backpack1,hardneg_backpack1:Screenshot-2025-02-07-130144,0,0,1,a51c4c0d3642aef2466b514018fa6a2ce1cff909
hardneg_backpack1_a5594062878f.jpg,hardneg_backpack1_a5594062878f,hardneg_backpack1,hardneg_backpack1:Screenshot-2025-02-07-130158,0,0,1,a5594062878f22158ccb1ecde5ed8caba9f3adc6
hardneg_backpack1_2f4bd3caf91e.jpg,hardneg_backpack1_2f4bd3caf91e,hardneg_backpack1,hardneg_backpack1:Screenshot-2025-02-07-130209,0,0,1,2f4bd3caf91e62c0ce0dfb7e8030748bbeadcb5b
hardneg_backpack1_907bd469a1c8.jpg,hardneg_backpack1_907bd469a1c8,hardneg_backpack1,hardneg_backpack1:Screenshot-2025-02-07-130225,0,0,1,907bd469a1c886d8a1ffa2e138506b685d9a54fa
hardneg_backpack1_7f87e0f9f7ad.jpg,hardneg_backpack1_7f87e0f9f7ad,hardneg_backpack1,hardneg_backpack1:Screenshot-2025-02-07-130247,0,0,1,7f87e0f9f7adbedf895e4b2e64671e68b8af4d08
hardneg_backpack1_07817c9bc5da.jpg,hardneg_backpack1_07817c9bc5da,hardneg_backpack1,hardneg_backpack1:Screenshot-2025-02-07-130319,0,0,1,07817c9bc5daae5ff1b8c51170630f1a4d1010fa
hardneg_backpack1_88ff064640f8.jpg,hardneg_backpack1_88ff064640f8,hardneg_backpack1,hardneg_backpack1:Screenshot-2025-02-07-130328,0,0,1,88ff064640f848c1763103a8d85841e38aea7ff2
hardneg_backpack1_8c25e3bf55b4.jpg,hardneg_backpack1_8c25e3bf55b4,hardneg_backpack1,hardneg_backpack1:Screenshot-2025-02-07-130340,0,0,1,8c25e3bf55b473df173558ea29f7e5fe465f9bb5
hardneg_backpack1_7a78b8733edd.jpg,hardneg_backpack1_7a78b8733edd,hardneg_backpack1,hardneg_backpack1:Screenshot-2025-02-07-130345,0,0,1,7a78b8733eddd712c2b561465dd75b46c9653251
hardneg_backpack1_a25fdaf0115e.jpg,hardneg_backpack1_a25fdaf0115e,hardneg_backpack1,hardneg_backpack1:Screenshot-2025-02-07-130406,0,0,1,a25fdaf0115e136a470481afccf4356b972f6bb7
hardneg_backpack1_268c74b5024d.jpg,hardneg_backpack1_268c74b5024d,hardneg_backpack1,hardneg_backpack1:Screenshot-2025-02-07-130416,0,0,1,268c74b5024d162fa2a2335f2ee6264f5de93d97
hardneg_backpack1_a10aeb995a30.jpg,hardneg_backpack1_a10aeb995a30,hardneg_backpack1,hardneg_backpack1:Screenshot-2025-02-07-130425,0,0,1,a10aeb995a304493085c29329eac4a6d5863593e
hardneg_backpack1_34c3e01ff84a.jpg,hardneg_backpack1_34c3e01ff84a,hardneg_backpack1,hardneg_backpack1:Screenshot-2025-02-07-130435,0,0,1,34c3e01ff84aa4948a9899ddce05e24d2d0391ab
hardneg_backpack1_e502131092ec.jpg,hardneg_backpack1_e502131092ec,hardneg_backpack1,hardneg_backpack1:Screenshot-2025-02-07-130500,0,0,1,e502131092ec19d5679e951c17d918f2643baedf
hardneg_backpack1_fa7a4e5a8c95.jpg,hardneg_backpack1_fa7a4e5a8c95,hardneg_backpack1,hardneg_backpack1:Screenshot-2025-02-07-130509,0,0,1,fa7a4e5a8c95b5a02f9a55294686f4e8437a7eac
hardneg_backpack1_eddb40368686.jpg,hardneg_backpack1_eddb40368686,hardneg_backpack1,hardneg_backpack1:Screenshot-2025-02-07-130518,0,0,1,eddb403686861d8892b68c4cf19bb3269af75d37
hardneg_backpack1_7be8ab06ee3e.jpg,hardneg_backpack1_7be8ab06ee3e,hardneg_backpack1,hardneg_backpack1:Screenshot-2025-02-07-130536,0,0,1,7be8ab06ee3e59e235c622f982c2f970df7e8a59
hardneg_backpack1_c24b970cc7f5.jpg,hardneg_backpack1_c24b970cc7f5,hardneg_backpack1,hardneg_backpack1:Screenshot-2025-02-07-130610,0,0,1,c24b970cc7f51907ba106b745afa43d09f90e344
hardneg_backpack1_12c4f640f939.jpg,hardneg_backpack1_12c4f640f939,hardneg_backpack1,hardneg_backpack1:Screenshot-2025-02-07-130619,0,0,1,12c4f640f9393abeca38c3efcf12bb510b948e2e
hardneg_backpack1_330b29ebc0f0.jpg,hardneg_backpack1_330b29ebc0f0,hardneg_backpack1,hardneg_backpack1:Screenshot-2025-02-07-130649,0,0,1,330b29ebc0f09e1bde4fd211a10b7af4f53b75ec
hardneg_backpack1_90c317230fcc.jpg,hardneg_backpack1_90c317230fcc,hardneg_backpack1,hardneg_backpack1:Screenshot-2025-02-07-130729,0,0,1,90c317230fcc7c453a26b453517745bc4ce0495f
hardneg_backpack1_f55008ad2d6b.jpg,hardneg_backpack1_f55008ad2d6b,hardneg_backpack1,hardneg_backpack1:Screenshot-2025-02-07-130738,0,0,1,f55008ad2d6b826c132486b982520c68fa6e1d4e
hardneg_backpack1_648968a81c3a.jpg,hardneg_backpack1_648968a81c3a,hardneg_backpack1,hardneg_backpack1:Screenshot-2025-02-07-130829,0,0,1,648968a81c3a64fd0c372901dc5acd6a78a5570a
hardneg_backpack1_06f3d21e3105.jpg,hardneg_backpack1_06f3d21e3105,hardneg_backpack1,hardneg_backpack1:Screenshot-2025-02-07-130903,0,0,1,06f3d21e3105858472e92785ac06af7d5791b21e
hardneg_backpack1_af71d34da4a1.jpg,hardneg_backpack1_af71d34da4a1,hardneg_backpack1,hardneg_backpack1:Screenshot-2025-02-07-130953,0,0,1,af71d34da4a152b28e6fd3cccb8ffde6676ae35c
hardneg_backpack1_54cfe21c6b90.jpg,hardneg_backpack1_54cfe21c6b90,hardneg_backpack1,hardneg_backpack1:Screenshot-2025-02-07-131040,0,0,1,54cfe21c6b90be76f4d306f29c160452f286519a
hardneg_backpack1_d77040746678.jpg,hardneg_backpack1_d77040746678,hardneg_backpack1,hardneg_backpack1:Screenshot-2025-02-07-131110,0,0,1,d77040746678f1fa2129f58d0678cc4fcf36336c
hardneg_backpack1_70fdaaaa4552.jpg,hardneg_backpack1_70fdaaaa4552,hardneg_backpack1,hardneg_backpack1:Screenshot-2025-02-07-131119,0,0,1,70fdaaaa45522bdbc10b5ad100a14d67a9d52fbb
hardneg_backpack1_e620bd213358.jpg,hardneg_backpack1_e620bd213358,hardneg_backpack1,hardneg_backpack1:Screenshot-2025-02-07-131145,0,0,1,e620bd2133580472f9550e52834035a4d1b556f6
hardneg_backpack1_263a3ff99bed.jpg,hardneg_backpack1_263a3ff99bed,hardneg_backpack1,hardneg_backpack1:Screenshot-2025-02-07-131325,0,0,1,263a3ff99bedf5be014afa709515a3afd0179831
hardneg_backpack1_bf8d952bad4b.jpg,hardneg_backpack1_bf8d952bad4b,hardneg_backpack1,hardneg_backpack1:Screenshot-2025-02-07-131421,0,0,1,bf8d952bad4b21f7ec1286d27d575671c94e3d38
hardneg_backpack1_e93ea436dc4d.jpg,hardneg_backpack1_e93ea436dc4d,hardneg_backpack1,hardneg_backpack1:Screenshot-2025-02-07-131431,0,0,1,e93ea436dc4de9421ee476e942635587af356469
hardneg_backpack1_668b316e9ddc.jpg,hardneg_backpack1_668b316e9ddc,hardneg_backpack1,hardneg_backpack1:Screenshot-2025-02-07-131446,0,0,1,668b316e9ddceca476aa88e47e77362cd04e1c7d
hardneg_backpack1_aa43be4a4beb.jpg,hardneg_backpack1_aa43be4a4beb,hardneg_backpack1,hardneg_backpack1:Screenshot-2025-02-07-131701,0,0,1,aa43be4a4beb8f7b307ea8fa1e57e494b9304c58
hardneg_backpack1_a54ffcbab4b2.jpg,hardneg_backpack1_a54ffcbab4b2,hardneg_backpack1,hardneg_backpack1:Screenshot-2025-02-07-131723,0,0,1,a54ffcbab4b25d0b25199aea715330fc4c8e110c
hardneg_backpack1_12f02d4dc40d.jpg,hardneg_backpack1_12f02d4dc40d,hardneg_backpack1,hardneg_backpack1:Screenshot-2025-02-07-131738,0,0,1,12f02d4dc40dbe3e3c9a83c2af031c59d397c6b1
hardneg_backpack1_870c162e0e45.jpg,hardneg_backpack1_870c162e0e45,hardneg_backpack1,hardneg_backpack1:Screenshot-2025-02-07-131746,0,0,1,870c162e0e453cd226ceff2049c307d87a6635ed
hardneg_backpack1_5e946dfc0325.jpg,hardneg_backpack1_5e946dfc0325,hardneg_backpack1,hardneg_backpack1:Screenshot-2025-02-07-131851,0,0,1,5e946dfc0325aa284f87e5e2bcd54fe9d6a785af
hardneg_backpack1_e0595b5a9826.jpg,hardneg_backpack1_e0595b5a9826,hardneg_backpack1,hardneg_backpack1:Screenshot-2025-02-07-132103,0,0,1,e0595b5a9826a7aba323bb3fc6493d9f9d589a29
hardneg_backpack1_fe05c51a90ff.jpg,hardneg_backpack1_fe05c51a90ff,hardneg_backpack1,hardneg_backpack1:Screenshot-2025-02-07-132131,0,0,1,fe05c51a90ffab9b2c601d52ca3707b249e05034
hardneg_backpack1_404d154674b1.jpg,hardneg_backpack1_404d154674b1,hardneg_backpack1,hardneg_backpack1:Screenshot-2025-02-07-132136,0,0,1,404d154674b13a6fed0ddf7d70656512caa7801a
hardneg_backpack1_67f8f2a06550.jpg,hardneg_backpack1_67f8f2a06550,hardneg_backpack1,hardneg_backpack1:Screenshot-2025-02-07-132143,0,0,1,67f8f2a06550d42a8a8bd3e594aa3a4f6afa2d83
hardneg_backpack1_07421d8aead6.jpg,hardneg_backpack1_07421d8aead6,hardneg_backpack1,hardneg_backpack1:Screenshot-2025-02-07-132148,0,0,1,07421d8aead67f89b6de2c83457668093f98740d
hardneg_backpack1_845d35968922.jpg,hardneg_backpack1_845d35968922,hardneg_backpack1,hardneg_backpack1:Screenshot-2025-02-07-132212,0,0,1,845d3596892206f790a7279bf7560fc4e11228b3
hardneg_backpack1_d8d5bdd54cde.jpg,hardneg_backpack1_d8d5bdd54cde,hardneg_backpack1,hardneg_backpack1:Screenshot-2025-02-07-133532,0,0,1,d8d5bdd54cde055d1aa99651214976cf0bb8f9ad
hardneg_backpack1_f71a43cb5afb.jpg,hardneg_backpack1_f71a43cb5afb,hardneg_backpack1,hardneg_backpack1:Screenshot-2025-02-07-133540,0,0,1,f71a43cb5afbcc3d096f49cdb64fb12bc08d4aab
hardneg_backpack1_a08b072ebda7.jpg,hardneg_backpack1_a08b072ebda7,hardneg_backpack1,hardneg_backpack1:Screenshot-2025-02-07-133549,0,0,1,a08b072ebda79618f7b760f750a70b2c618043be
hardneg_backpack1_151a1da36ce5.jpg,hardneg_backpack1_151a1da36ce5,hardneg_backpack1,hardneg_backpack1:Screenshot-2025-02-07-133555,0,0,1,151a1da36ce56ebd43422b105cf39808b9b184bc
hardneg_backpack1_f8136411a755.jpg,hardneg_backpack1_f8136411a755,hardneg_backpack1,hardneg_backpack1:Screenshot-2025-02-07-133602,0,0,1,f8136411a75553884472f662683987883955878f
hardneg_backpack1_dfb34bf4cece.jpg,hardneg_backpack1_dfb34bf4cece,hardneg_backpack1,hardneg_backpack1:Screenshot-2025-02-07-133609,0,0,1,dfb34bf4ceced374dc54641c6d0b32a7f1f80a83
hardneg_backpack1_78236a198d15.jpg,hardneg_backpack1_78236a198d15,hardneg_backpack1,hardneg_backpack1:Screenshot-2025-02-07-133705,0,0,1,78236a198d1509853eb0f3b3f9ebe5bf2fdaf4b9
hardneg_backpack1_7894109f657c.jpg,hardneg_backpack1_7894109f657c,hardneg_backpack1,hardneg_backpack1:Screenshot-2025-02-07-133713,0,0,1,7894109f657ccd83f5b5a40306d3ef9ce5ec660e
hardneg_backpack1_86d183d39815.jpg,hardneg_backpack1_86d183d39815,hardneg_backpack1,hardneg_backpack1:Screenshot-2025-02-07-133722,0,0,1,86d183d3981581e907ba7f637f27e90f6c3eb0be
hardneg_backpack1_6e2067db054f.jpg,hardneg_backpack1_6e2067db054f,hardneg_backpack1,hardneg_backpack1:Screenshot-2025-02-07-133732,0,0,1,6e2067db054fa5021da475232d81d1b8a1c3eac9
hardneg_backpack1_9780f5b939d2.jpg,hardneg_backpack1_9780f5b939d2,hardneg_backpack1,hardneg_backpack1:Screenshot-2025-02-07-133828,0,0,1,9780f5b939d2b2c095c192e7f0bf21746e83b3a3
hardneg_backpack1_1e822076ff9b.jpg,hardneg_backpack1_1e822076ff9b,hardneg_backpack1,hardneg_backpack1:Screenshot-2025-02-07-133842,0,0,1,1e822076ff9b1175ae353eab61331e750bf485ef
hardneg_backpack1_fac1e66212ee.jpg,hardneg_backpack1_fac1e66212ee,hardneg_backpack1,hardneg_backpack1:Screenshot-2025-02-07-133857,0,0,1,fac1e66212ee7eca91a8f9a6a5523fe7dee5a76d
hardneg_backpack1_bdf5f69aca51.jpg,hardneg_backpack1_bdf5f69aca51,hardneg_backpack1,hardneg_backpack1:Screenshot-2025-02-07-133903,0,0,1,bdf5f69aca51e62f214a4b5f07a43f6c14a54105
hardneg_backpack1_83e06b3bbbea.jpg,hardneg_backpack1_83e06b3bbbea,hardneg_backpack1,hardneg_backpack1:Screenshot-2025-02-07-133914,0,0,1,83e06b3bbbea8efd60e4a1b2dd870c254ca3b7fd
hardneg_backpack1_6061736c778f.jpg,hardneg_backpack1_6061736c778f,hardneg_backpack1,hardneg_backpack1:Screenshot-2025-02-07-133920,0,0,1,6061736c778fd3d0204952f5ea113bf3c1da3be5
hardneg_backpack1_19e24e7b3563.jpg,hardneg_backpack1_19e24e7b3563,hardneg_backpack1,hardneg_backpack1:Screenshot-2025-02-07-133926,0,0,1,19e24e7b35632145e7140493afca9b1f2724cd25
hardneg_backpack1_7796957d7347.jpg,hardneg_backpack1_7796957d7347,hardneg_backpack1,hardneg_backpack1:Screenshot-2025-02-07-133952,0,0,1,7796957d7347e333ed4054bb9d5aaf0b32cd596d
hardneg_backpack1_62c21589bf4e.jpg,hardneg_backpack1_62c21589bf4e,hardneg_backpack1,hardneg_backpack1:Screenshot-2025-02-07-133959,0,0,1,62c21589bf4e47b358fd764cb96fca5ae1099fa7
hardneg_backpack1_dd5cae46de32.jpg,hardneg_backpack1_dd5cae46de32,hardneg_backpack1,hardneg_backpack1:Screenshot-2025-02-07-134110,0,0,1,dd5cae46de32f7ec0d86780ad5d88d9455c9a6d3
hardneg_backpack1_e6ebee6c10f5.jpg,hardneg_backpack1_e6ebee6c10f5,hardneg_backpack1,hardneg_backpack1:Screenshot-2025-02-07-134343,0,0,1,e6ebee6c10f56b7d1c7e3a3467b9993e700a60d5
hardneg_backpack1_b2f3142dd0da.jpg,hardneg_backpack1_b2f3142dd0da,hardneg_backpack1,hardneg_backpack1:Screenshot-2025-02-07-134408,0,0,1,b2f3142dd0da3adc81956f2df75250fc9823ff65
hardneg_backpack1_dc98ae9d4b35.jpg,hardneg_backpack1_dc98ae9d4b35,hardneg_backpack1,hardneg_backpack1:Screenshot-2025-02-07-134420,0,0,1,dc98ae9d4b35b4057f212aec9853a1ace239946d
hardneg_backpack1_e8ef4c1a936a.jpg,hardneg_backpack1_e8ef4c1a936a,hardneg_backpack1,hardneg_backpack1:Screenshot-2025-02-07-134522,0,0,1,e8ef4c1a936a5d2cb45a4a226c70d9091f2e634a
hardneg_backpack1_a97772e1a07f.jpg,hardneg_backpack1_a97772e1a07f,hardneg_backpack1,hardneg_backpack1:Screenshot-2025-02-07-134537,0,0,1,a97772e1a07f221fc4abb6cae29dc475f71b11f6
hardneg_backpack1_c9d16169f7a8.jpg,hardneg_backpack1_c9d16169f7a8,hardneg_backpack1,hardneg_backpack1:Screenshot-2025-02-07-134544,0,0,1,c9d16169f7a8167bacc928854339bbfae4fc8757
hardneg_backpack1_07057302187e.jpg,hardneg_backpack1_07057302187e,hardneg_backpack1,hardneg_backpack1:Screenshot-2025-02-07-134550,0,0,1,07057302187e28e482f25ebf461ebfef7a676b7f
hardneg_backpack1_1331370667dd.jpg,hardneg_backpack1_1331370667dd,hardneg_backpack1,hardneg_backpack1:Screenshot-2025-02-07-134600,0,0,1,1331370667dd62e585cac1bcd9f3706271c91a89
hardneg_backpack1_908aa865322e.jpg,hardneg_backpack1_908aa865322e,hardneg_backpack1,hardneg_backpack1:Screenshot-2025-02-07-134614,0,0,1,908aa865322e645dbb92c2a674010c722e96c858
hardneg_backpack1_b6cf8ff65140.jpg,hardneg_backpack1_b6cf8ff65140,hardneg_backpack1,hardneg_backpack1:Screenshot-2025-02-07-134631,0,0,1,b6cf8ff6514083f6049b453d996e2840199cc900
hardneg_backpack1_130c5dec9e5d.jpg,hardneg_backpack1_130c5dec9e5d,hardneg_backpack1,hardneg_backpack1:Screenshot-2025-02-07-134714,0,0,1,130c5dec9e5da8910da346da5e1f2a33ef9ba501
hardneg_backpack1_ba8076f08b41.jpg,hardneg_backpack1_ba8076f08b41,hardneg_backpack1,hardneg_backpack1:Screenshot-2025-02-07-134724,0,0,1,ba8076f08b41793ae41557aecd75d9f38caa07f6
hardneg_backpack1_a5ec5d9f2450.jpg,hardneg_backpack1_a5ec5d9f2450,hardneg_backpack1,hardneg_backpack1:Screenshot-2025-02-07-134743,0,0,1,a5ec5d9f24500e83841afb14263fccec9d886e91
hardneg_backpack1_84988ff431ca.jpg,hardneg_backpack1_84988ff431ca,hardneg_backpack1,hardneg_backpack1:Screenshot-2025-02-07-134752,0,0,1,84988ff431caa6ab614138989ab8acfb06dd5100
hardneg_backpack1_e1c98468f141.jpg,hardneg_backpack1_e1c98468f141,hardneg_backpack1,hardneg_backpack1:Screenshot-2025-02-07-134808,0,0,1,e1c98468f14153b31257d957866e5a3395ecc7e8
hardneg_backpack1_1cfe621a56d4.jpg,hardneg_backpack1_1cfe621a56d4,hardneg_backpack1,hardneg_backpack1:Screenshot-2025-02-07-134825,0,0,1,1cfe621a56d41d63dd86e481f35be27221ab3777
hardneg_backpack1_2d3bad8bed12.jpg,hardneg_backpack1_2d3bad8bed12,hardneg_backpack1,hardneg_backpack1:Screenshot-2025-02-07-134849,0,0,1,2d3bad8bed124eaf20e08280c64c894ce9e41206
hardneg_backpack1_a7fddd3f30be.jpg,hardneg_backpack1_a7fddd3f30be,hardneg_backpack1,hardneg_backpack1:Screenshot-2025-02-07-134859,0,0,1,a7fddd3f30be7922e8948ca71f9d6e4b072a43f0
hardneg_backpack1_62d945263f40.jpg,hardneg_backpack1_62d945263f40,hardneg_backpack1,hardneg_backpack1:Screenshot-2025-02-07-134907,0,0,1,62d945263f405b9584bfa58588c2c80e5371600a
hardneg_backpack1_5975e9e18293.jpg,hardneg_backpack1_5975e9e18293,hardneg_backpack1,hardneg_backpack1:Screenshot-2025-02-07-134920,0,0,1,5975e9e1829391f9668195e4efd399e6590404cc
hardneg_backpack1_996f20bb2776.jpg,hardneg_backpack1_996f20bb2776,hardneg_backpack1,hardneg_backpack1:Screenshot-2025-02-07-134929,0,0,1,996f20bb2776c749d9f533f5006ffdb446dc1fec
hardneg_backpack1_b307b7b09189.jpg,hardneg_backpack1_b307b7b09189,hardneg_backpack1,hardneg_backpack1:Screenshot-2025-02-07-134939,0,0,1,b307b7b09189538b319aaaa6eec19002534d7463
hardneg_backpack1_7fe2851b2541.jpg,hardneg_backpack1_7fe2851b2541,hardneg_backpack1,hardneg_backpack1:Screenshot-2025-02-07-134945,0,0,1,7fe2851b254171a63bf907870bdafb0bcf753ef1
hardneg_backpack1_f9e72dd33865.jpg,hardneg_backpack1_f9e72dd33865,hardneg_backpack1,hardneg_backpack1:Screenshot-2025-02-07-134956,0,0,1,f9e72dd33865809db326078c3ef56dfc3f306e46
hardneg_backpack1_6f2f0cc4207c.jpg,hardneg_backpack1_6f2f0cc4207c,hardneg_backpack1,hardneg_backpack1:Screenshot-2025-02-07-135002,0,0,1,6f2f0cc4207c4b886f866b32550f64b005fd405c
hardneg_backpack1_6a8557ac29d0.jpg,hardneg_backpack1_6a8557ac29d0,hardneg_backpack1,hardneg_backpack1:Screenshot-2025-02-07-135949,0,0,1,6a8557ac29d04f35265379beac3ab262f22e74fd
hardneg_backpack1_5604d2f29a2a.jpg,hardneg_backpack1_5604d2f29a2a,hardneg_backpack1,hardneg_backpack1:Screenshot-2025-02-07-140003,0,0,1,5604d2f29a2a0957f16017ecb3e350f60876c4db
hardneg_backpack1_b38a4e3d925d.jpg,hardneg_backpack1_b38a4e3d925d,hardneg_backpack1,hardneg_backpack1:Screenshot-2025-02-07-140012,0,0,1,b38a4e3d925d7304f4612f43a91fdeb9ee365187
hardneg_backpack1_7b2839132f57.jpg,hardneg_backpack1_7b2839132f57,hardneg_backpack1,hardneg_backpack1:Screenshot-2025-02-07-140020,0,0,1,7b2839132f5728ff57728977b1bd5d9fab93a9e8
hardneg_backpack1_67b06ae24c7b.jpg,hardneg_backpack1_67b06ae24c7b,hardneg_backpack1,hardneg_backpack1:Screenshot-2025-02-07-140029,0,0,1,67b06ae24c7bd97a553bd0a0de1d762e61ac0254
hardneg_backpack1_c9e7e05121c1.jpg,hardneg_backpack1_c9e7e05121c1,hardneg_backpack1,hardneg_backpack1:Screenshot-2025-02-07-140041,0,0,1,c9e7e05121c1d2970a84ed3461a2027e8386e665
hardneg_backpack1_a0f393d23c21.jpg,hardneg_backpack1_a0f393d23c21,hardneg_backpack1,hardneg_backpack1:Screenshot-2025-02-07-140047,0,0,1,a0f393d23c21e21870ed1dbc57537ba0f38fd5e6
hardneg_backpack1_f178ac3cf340.jpg,hardneg_backpack1_f178ac3cf340,hardneg_backpack1,hardneg_backpack1:Screenshot-2025-02-07-140052,0,0,1,f178ac3cf3405a47047ecb898a5bd04a8e146449
hardneg_backpack1_5173df795230.jpg,hardneg_backpack1_5173df795230,hardneg_backpack1,hardneg_backpack1:Screenshot-2025-02-07-140122,0,0,1,5173df7952307a5148a1862080c50560f46c82e6
hardneg_backpack1_3d0d739b9637.jpg,hardneg_backpack1_3d0d739b9637,hardneg_backpack1,hardneg_backpack1:Screenshot-2025-02-07-140133,0,0,1,3d0d739b96376b5e2b10f0d2bacbe44ac9461c3b
hardneg_backpack1_42d1045f83c4.jpg,hardneg_backpack1_42d1045f83c4,hardneg_backpack1,hardneg_backpack1:Screenshot-2025-02-07-140307,0,0,1,42d1045f83c44e96720a21e1f26ac64df318be59
hardneg_backpack1_6ea202dc7757.jpg,hardneg_backpack1_6ea202dc7757,hardneg_backpack1,hardneg_backpack1:Screenshot-2025-02-07-140313,0,0,1,6ea202dc7757173b3f980f31ba5f4fbba1216af0
hardneg_backpack1_a064af788851.jpg,hardneg_backpack1_a064af788851,hardneg_backpack1,hardneg_backpack1:Screenshot-2025-02-07-140322,0,0,1,a064af7888510bfd1a2b7903861527055cad2ce2
hardneg_backpack1_f08cd5f09ce5.jpg,hardneg_backpack1_f08cd5f09ce5,hardneg_backpack1,hardneg_backpack1:Screenshot-2025-02-07-140354,0,0,1,f08cd5f09ce56bbef52f6f39499f7dd631719f28
hardneg_backpack1_7f30386a6478.jpg,hardneg_backpack1_7f30386a6478,hardneg_backpack1,hardneg_backpack1:Screenshot-2025-02-07-140400,0,0,1,7f30386a6478bb88f3cb4eead88d79646322affd
hardneg_backpack1_7baebf1e4966.jpg,hardneg_backpack1_7baebf1e4966,hardneg_backpack1,hardneg_backpack1:Screenshot-2025-02-07-140412,0,0,1,7baebf1e4966b9e577b59efffcb7fa74bf13ac96
hardneg_backpack1_6733a9c7d06c.jpg,hardneg_backpack1_6733a9c7d06c,hardneg_backpack1,hardneg_backpack1:Screenshot-2025-02-07-140521,0,0,1,6733a9c7d06c4c92f47314aadfac58678fa021e9
hardneg_backpack1_ddf3670dcb47.jpg,hardneg_backpack1_ddf3670dcb47,hardneg_backpack1,hardneg_backpack1:Screenshot-2025-02-07-140619,0,0,1,ddf3670dcb47d02abc55162d89d6a12e1ff6f273
hardneg_backpack1_ac0dbb288582.jpg,hardneg_backpack1_ac0dbb288582,hardneg_backpack1,hardneg_backpack1:Screenshot-2025-02-07-140631,0,0,1,ac0dbb28858237926ad996a08be75bf6ebad1c50
hardneg_backpack1_c2796f61237c.jpg,hardneg_backpack1_c2796f61237c,hardneg_backpack1,hardneg_backpack1:Screenshot-2025-02-07-140652,0,0,1,c2796f61237c1c529d6767d2ae00146497a0eee0
hardneg_backpack1_4d3873676986.jpg,hardneg_backpack1_4d3873676986,hardneg_backpack1,hardneg_backpack1:Screenshot-2025-02-07-140702,0,0,1,4d387367698637b4dd51fbd30cded3a01a025299
hardneg_backpack1_0eddb1927576.jpg,hardneg_backpack1_0eddb1927576,hardneg_backpack1,hardneg_backpack1:Screenshot-2025-02-07-140722,0,0,1,0eddb1927576ad0c69e37979f913cbadeba42714
hardneg_backpack1_ab17d0f51fb3.jpg,hardneg_backpack1_ab17d0f51fb3,hardneg_backpack1,hardneg_backpack1:Screenshot-2025-02-07-140752,0,0,1,ab17d0f51fb346277aa522157159efcb4f749daf
hardneg_backpack1_f65aeb0c493d.jpg,hardneg_backpack1_f65aeb0c493d,hardneg_backpack1,hardneg_backpack1:Screenshot-2025-02-07-140811,0,0,1,f65aeb0c493d421645a699e58780eab5111c6201
hardneg_backpack1_d806b0d682a7.jpg,hardneg_backpack1_d806b0d682a7,hardneg_backpack1,hardneg_backpack1:Screenshot-2025-02-07-140826,0,0,1,d806b0d682a7d57638ef31889f94767ae1a77083
hardneg_backpack1_800685c761fb.jpg,hardneg_backpack1_800685c761fb,hardneg_backpack1,hardneg_backpack1:Screenshot-2025-02-07-140911,0,0,1,800685c761fb9589ca8586407f92e67045053bf6
hardneg_backpack1_0d720e1e6b4b.jpg,hardneg_backpack1_0d720e1e6b4b,hardneg_backpack1,hardneg_backpack1:Screenshot-2025-02-07-140924,0,0,1,0d720e1e6b4b89047cdde07caf20359467184dfe
hardneg_backpack1_240a18711bc5.jpg,hardneg_backpack1_240a18711bc5,hardneg_backpack1,hardneg_backpack1:Screenshot-2025-02-07-140952,0,0,1,240a18711bc592ddaea1b8ba1cda60a15d8936f7
hardneg_backpack1_7703184faa09.jpg,hardneg_backpack1_7703184faa09,hardneg_backpack1,hardneg_backpack1:Screenshot-2025-02-07-141011,0,0,1,7703184faa099de18a1878348df79db1df9fa69f
hardneg_backpack1_7120ef402c01.jpg,hardneg_backpack1_7120ef402c01,hardneg_backpack1,hardneg_backpack1:Screenshot-2025-02-07-141025,0,0,1,7120ef402c01dd33c7cfe00379cacb0d558e9279
hardneg_backpack1_072eeb75c3a9.jpg,hardneg_backpack1_072eeb75c3a9,hardneg_backpack1,hardneg_backpack1:Screenshot-2025-02-07-141045,0,0,1,072eeb75c3a925b3272377df8865f23aadd8c9a5
hardneg_backpack1_ab17d212d5eb.jpg,hardneg_backpack1_ab17d212d5eb,hardneg_backpack1,hardneg_backpack1:Screenshot-2025-02-07-141126,0,0,1,ab17d212d5eb2ac78ea2b855be70f8cd25ef8a30
hardneg_backpack1_13d120686687.jpg,hardneg_backpack1_13d120686687,hardneg_backpack1,hardneg_backpack1:Screenshot-2025-02-07-141152,0,0,1,13d120686687214f7708a7b90cb4dc12f517c770
hardneg_backpack1_c7e1a7fdac2e.jpg,hardneg_backpack1_c7e1a7fdac2e,hardneg_backpack1,hardneg_backpack1:Screenshot-2025-02-07-141216,0,0,1,c7e1a7fdac2e6d3a7c835c64b4b465f8f811439f
hardneg_backpack1_fbc9acb9693b.jpg,hardneg_backpack1_fbc9acb9693b,hardneg_backpack1,hardneg_backpack1:Screenshot-2025-02-07-141245,0,0,1,fbc9acb9693b79c3390ec69d2d599c7570625611
hardneg_backpack1_75d1b81863bf.jpg,hardneg_backpack1_75d1b81863bf,hardneg_backpack1,hardneg_backpack1:Screenshot-2025-02-07-141259,0,0,1,75d1b81863bf9b60abc22801977ef69014f22053
hardneg_backpack1_48dbf18a358e.jpg,hardneg_backpack1_48dbf18a358e,hardneg_backpack1,hardneg_backpack1:Screenshot-2025-02-07-141345,0,0,1,48dbf18a358e53d00ab4c4990033443c265133ee
hardneg_backpack1_b1312b68a9ca.jpg,hardneg_backpack1_b1312b68a9ca,hardneg_backpack1,hardneg_backpack1:Screenshot-2025-02-07-141357,0,0,1,b1312b68a9caca509c77a1c3bb2b05e2a110b05d
hardneg_backpack1_2e7d3c7eb867.jpg,hardneg_backpack1_2e7d3c7eb867,hardneg_backpack1,hardneg_backpack1:Screenshot-2025-02-07-141434,0,0,1,2e7d3c7eb867c58accc888825bdda53e26fb8505
hardneg_backpack1_47e9440697a7.jpg,hardneg_backpack1_47e9440697a7,hardneg_backpack1,hardneg_backpack1:Screenshot-2025-02-07-141448,0,0,1,47e9440697a731babd2ae4702a5402fb880ed78e
hardneg_backpack1_6e4df92a1645.jpg,hardneg_backpack1_6e4df92a1645,hardneg_backpack1,hardneg_backpack1:Screenshot-2025-02-07-141530,0,0,1,6e4df92a1645dec0f8218f28790707b87f522e78
hardneg_backpack1_d3d226cb856f.jpg,hardneg_backpack1_d3d226cb856f,hardneg_backpack1,hardneg_backpack1:Screenshot-2025-02-07-141916,0,0,1,d3d226cb856f3822131fecbb368fe0de7d747942
hardneg_backpack1_a8abc3333cae.jpg,hardneg_backpack1_a8abc3333cae,hardneg_backpack1,hardneg_backpack1:Screenshot-2025-02-07-141943,0,0,1,a8abc3333caea5911be5beed5cf2c0a65feb40ea
hardneg_backpack1_b21faebe3ccf.jpg,hardneg_backpack1_b21faebe3ccf,hardneg_backpack1,hardneg_backpack1:Screenshot-2025-02-07-142003,0,0,1,b21faebe3ccf5f2b18a87ce268adc4e83f9562d9
hardneg_backpack1_16d056c842a1.jpg,hardneg_backpack1_16d056c842a1,hardneg_backpack1,hardneg_backpack1:Screenshot-2025-02-07-143723,0,0,1,16d056c842a14652a595e4a91ad06fc2c228311b
hardneg_backpack1_00c4c3061553.jpg,hardneg_backpack1_00c4c3061553,hardneg_backpack1,hardneg_backpack1:Screenshot-2025-02-07-143757,0,0,1,00c4c30615535773566bde14d5381c79096a3037
hardneg_backpack1_20c02703ff67.jpg,hardneg_backpack1_20c02703ff67,hardneg_backpack1,hardneg_backpack1:Screenshot-2025-02-07-143815,0,0,1,20c02703ff678ca7dab37846a15bbd9580a728d8
hardneg_backpack1_f1435ee62dd3.jpg,hardneg_backpack1_f1435ee62dd3,hardneg_backpack1,hardneg_backpack1:Screenshot-2025-02-07-143843,0,0,1,f1435ee62dd30f1158a14967932fa6e0b6a0ce76
hardneg_backpack1_db07942c70eb.jpg,hardneg_backpack1_db07942c70eb,hardneg_backpack1,hardneg_backpack1:Screenshot-2025-02-07-143857,0,0,1,db07942c70ebed31e51f8d602a037f2e6ed666fd
hardneg_backpack1_51469fb1d199.jpg,hardneg_backpack1_51469fb1d199,hardneg_backpack1,hardneg_backpack1:Screenshot-2025-02-07-143912,0,0,1,51469fb1d199539dbed5a405aa0dc2b686aba921
hardneg_backpack1_aee8572ae51e.jpg,hardneg_backpack1_aee8572ae51e,hardneg_backpack1,hardneg_backpack1:Screenshot-2025-02-07-145003,0,0,1,aee8572ae51e4e4551a3474f5cb0294c0629cedc
hardneg_backpack1_0f2781e340b6.jpg,hardneg_backpack1_0f2781e340b6,hardneg_backpack1,hardneg_backpack1:Screenshot-2025-02-07-145009,0,0,1,0f2781e340b6903164b3ed8deceba801f7ab4a8a
hardneg_backpack1_8c540b0b367f.jpg,hardneg_backpack1_8c540b0b367f,hardneg_backpack1,hardneg_backpack1:Screenshot-2025-02-07-145257,0,0,1,8c540b0b367feb980ae3a796ec0b66d0aa3d78e0
hardneg_backpack1_0e477d2f16e0.jpg,hardneg_backpack1_0e477d2f16e0,hardneg_backpack1,hardneg_backpack1:Screenshot-2025-02-07-145357,0,0,1,0e477d2f16e026f959aeb73fb9defcb382c7e1c7
hardneg_backpack1_7572d773cf3c.jpg,hardneg_backpack1_7572d773cf3c,hardneg_backpack1,hardneg_backpack1:Screenshot-2025-02-07-145405,0,0,1,7572d773cf3cf2ab133a0cd90337ddad5770d7c9
hardneg_backpack1_ea06aa5647ab.jpg,hardneg_backpack1_ea06aa5647ab,hardneg_backpack1,hardneg_backpack1:Screenshot-2025-02-07-145412,0,0,1,ea06aa5647ab9c64fd51e93617c70cbd6083788e
hardneg_backpack1_f02e302f11ac.jpg,hardneg_backpack1_f02e302f11ac,hardneg_backpack1,hardneg_backpack1:Screenshot-2025-02-07-150022,0,0,1,f02e302f11acd33890be88d60fca091f151d1c97
hardneg_backpack1_78284686608a.jpg,hardneg_backpack1_78284686608a,hardneg_backpack1,hardneg_backpack1:Screenshot-2025-02-07-151548,0,0,1,78284686608a48a1db1f436177cbe96b4ec0a7bf
hardneg_backpack1_bd71f796efbe.jpg,hardneg_backpack1_bd71f796efbe,hardneg_backpack1,hardneg_backpack1:Screenshot-2025-02-07-151619,0,0,1,bd71f796efbe588db26c013f390340e5affaa2c0
hardneg_backpack1_4717d4a08392.jpg,hardneg_backpack1_4717d4a08392,hardneg_backpack1,hardneg_backpack1:Screenshot-2025-02-07-151810,0,0,1,4717d4a083924fbe0fa16e0da59d1eff13a8126f
hardneg_backpack1_57a087749d29.jpg,hardneg_backpack1_57a087749d29,hardneg_backpack1,hardneg_backpack1:Screenshot-2025-02-07-151846,0,0,1,57a087749d29f84e1ba06ccf859d4f7a4eb47ee4
hardneg_backpack1_c49f6c0a5c3b.jpg,hardneg_backpack1_c49f6c0a5c3b,hardneg_backpack1,hardneg_backpack1:Screenshot-2025-02-07-151906,0,0,1,c49f6c0a5c3bb891d3508803f7fafa99f521a7bb
hardneg_backpack1_16237454e42d.jpg,hardneg_backpack1_16237454e42d,hardneg_backpack1,hardneg_backpack1:Screenshot-2025-02-07-151957,0,0,1,16237454e42d547c747c203e998987124a23d584
hardneg_backpack1_b4be6bc1dfeb.jpg,hardneg_backpack1_b4be6bc1dfeb,hardneg_backpack1,hardneg_backpack1:Screenshot-2025-02-07-152025,0,0,1,b4be6bc1dfebd8792919aa5eed51959d1c46818c
hardneg_backpack1_c2e770f685f5.jpg,hardneg_backpack1_c2e770f685f5,hardneg_backpack1,hardneg_backpack1:Screenshot-2025-02-07-152037,0,0,1,c2e770f685f56be051ccc70af517267a03f22925
hardneg_backpack1_98be32b57a2b.jpg,hardneg_backpack1_98be32b57a2b,hardneg_backpack1,hardneg_backpack1:Screenshot-2025-02-07-152439,0,0,1,98be32b57a2b7a9b88ab531296e7059e2d928a87
hardneg_backpack1_ec5ee75d0903.jpg,hardneg_backpack1_ec5ee75d0903,hardneg_backpack1,hardneg_backpack1:Screenshot-2025-02-07-153731,0,0,1,ec5ee75d0903f735d201d3222e841a67e4a41d00
hardneg_backpack1_6de763b65115.jpg,hardneg_backpack1_6de763b65115,hardneg_backpack1,hardneg_backpack1:Screenshot-2025-02-07-154651,0,0,1,6de763b6511502e20e4276192000cea2f89223b5
hardneg_backpack1_84f130b2a119.jpg,hardneg_backpack1_84f130b2a119,hardneg_backpack1,hardneg_backpack1:Screenshot-2025-02-07-155055,0,0,1,84f130b2a1193317661ccb97960638b09c8b0f3e
hardneg_backpack1_66a4abafd4ca.jpg,hardneg_backpack1_66a4abafd4ca,hardneg_backpack1,hardneg_backpack1:Screenshot-2025-02-07-155138,0,0,1,66a4abafd4caf9a12e3979ae4ad18f8c5a373fe4
hardneg_backpack1_5018033fe55d.jpg,hardneg_backpack1_5018033fe55d,hardneg_backpack1,hardneg_backpack1:Screenshot-2025-02-07-155227,0,0,1,5018033fe55d300046a8dc680066ccc8a2ff4a7c
hardneg_backpack1_6b9545eedefd.jpg,hardneg_backpack1_6b9545eedefd,hardneg_backpack1,hardneg_backpack1:Screenshot-2025-02-07-155309,0,0,1,6b9545eedefd1e502f8028df8221140ac514caba
hardneg_backpack1_e848fa6b285d.jpg,hardneg_backpack1_e848fa6b285d,hardneg_backpack1,hardneg_backpack1:Screenshot-2025-02-07-155657,0,0,1,e848fa6b285d842fee2f5e5d54de2e86fccca493
hardneg_backpack1_5fc1cf7d7c75.jpg,hardneg_backpack1_5fc1cf7d7c75,hardneg_backpack1,hardneg_backpack1:Screenshot-2025-02-07-160342,0,0,1,5fc1cf7d7c751e90343b38939738ba175c14f665
hardneg_backpack1_71ceea6ecd56.jpg,hardneg_backpack1_71ceea6ecd56,hardneg_backpack1,hardneg_backpack1:Screenshot-2025-02-07-160507,0,0,1,71ceea6ecd56500c7bfe7f51671e7b7c32cfcbb3
hardneg_backpack1_9109b8893e80.jpg,hardneg_backpack1_9109b8893e80,hardneg_backpack1,hardneg_backpack1:Screenshot-2025-02-07-160609,0,0,1,9109b8893e80b7c1850af5668419d809e64a159e
hardneg_backpack1_1887203bf044.jpg,hardneg_backpack1_1887203bf044,hardneg_backpack1,hardneg_backpack1:Screenshot-2025-02-07-161005,0,0,1,1887203bf044bf429e57949867745934107f4a67
hardneg_backpack1_f3c26ff0a396.jpg,hardneg_backpack1_f3c26ff0a396,hardneg_backpack1,hardneg_backpack1:Screenshot-2025-02-08-113740,0,0,1,f3c26ff0a39640cbad85f78230ff1389d5097317
hardneg_backpack1_4823a7381316.jpg,hardneg_backpack1_4823a7381316,hardneg_backpack1,hardneg_backpack1:Screenshot-2025-02-08-115418,0,0,1,4823a7381316a2b76d0c34592a7b9ce98ff992db
hardneg_backpack1_4791e977f7a6.jpg,hardneg_backpack1_4791e977f7a6,hardneg_backpack1,hardneg_backpack1:Screenshot-2025-02-08-115453,0,0,1,4791e977f7a6d5572e76febf9ea9cc01328d79ee
hardneg_backpack1_dd18f7b5eed3.jpg,hardneg_backpack1_dd18f7b5eed3,hardneg_backpack1,hardneg_backpack1:Screenshot-2025-02-08-115508,0,0,1,dd18f7b5eed39e1dbe71feb15c387f8960e5d7ef
hardneg_backpack1_2d297f9086da.jpg,hardneg_backpack1_2d297f9086da,hardneg_backpack1,hardneg_backpack1:Screenshot-2025-02-08-115557,0,0,1,2d297f9086da28700379f7b6ce407f5788248d90
hardneg_backpack1_0449af430ab0.jpg,hardneg_backpack1_0449af430ab0,hardneg_backpack1,hardneg_backpack1:Screenshot-2025-02-08-115635,0,0,1,0449af430ab0b66e7d7614420b3dff72acead8f7
hardneg_backpack1_71dd928ef2c7.jpg,hardneg_backpack1_71dd928ef2c7,hardneg_backpack1,hardneg_backpack1:Screenshot-2025-02-08-115715,0,0,1,71dd928ef2c780b440030ddf728393172d79e119
hardneg_backpack1_2840544affdd.jpg,hardneg_backpack1_2840544affdd,hardneg_backpack1,hardneg_backpack1:Screenshot-2025-02-08-115729,0,0,1,2840544affddae8ee580f9f1df24d817f3fc4fdb
hardneg_backpack1_296f5dfc81de.jpg,hardneg_backpack1_296f5dfc81de,hardneg_backpack1,hardneg_backpack1:Screenshot-2025-02-08-115826,0,0,1,296f5dfc81de44dfa77f4f8bc9bb9722bdf97ab5
hardneg_backpack1_e7abb6534dfa.jpg,hardneg_backpack1_e7abb6534dfa,hardneg_backpack1,hardneg_backpack1:Screenshot-2025-02-08-120014,0,0,1,e7abb6534dfa653a62480033c761b030975ae3f9
hardneg_backpack1_192204437fe3.jpg,hardneg_backpack1_192204437fe3,hardneg_backpack1,hardneg_backpack1:Screenshot-2025-02-08-120103,0,0,1,192204437fe37c05129fd50cf436a4c143008b07
hardneg_backpack1_d3bbc42f937f.jpg,hardneg_backpack1_d3bbc42f937f,hardneg_backpack1,hardneg_backpack1:Screenshot-2025-02-08-120131,0,0,1,d3bbc42f937f4b3ad4737a212d51267bf5f94ef2
hardneg_backpack1_37df431baf4c.jpg,hardneg_backpack1_37df431baf4c,hardneg_backpack1,hardneg_backpack1:Screenshot-2025-02-08-120152,0,0,1,37df431baf4cea2330a50f898791ce8333b04fa7
hardneg_backpack1_2e61326a549b.jpg,hardneg_backpack1_2e61326a549b,hardneg_backpack1,hardneg_backpack1:Screenshot-2025-02-08-120223,0,0,1,2e61326a549b485af730018da0204390e9cb0271
hardneg_backpack1_fac1a59155b0.jpg,hardneg_backpack1_fac1a59155b0,hardneg_backpack1,hardneg_backpack1:Screenshot-2025-02-08-120235,0,0,1,fac1a59155b08d818b2f1b776c484a18648dfc28
hardneg_backpack1_cba00a0a3a72.jpg,hardneg_backpack1_cba00a0a3a72,hardneg_backpack1,hardneg_backpack1:Screenshot-2025-02-08-120249,0,0,1,cba00a0a3a72aa53edc62ee1b2a5c1b3fd656807
hardneg_backpack1_51735f8e82fd.jpg,hardneg_backpack1_51735f8e82fd,hardneg_backpack1,hardneg_backpack1:Screenshot-2025-02-08-120341,0,0,1,51735f8e82fdc843dfe6e1dc09011ae559776882
hardneg_backpack1_be928e702892.jpg,hardneg_backpack1_be928e702892,hardneg_backpack1,hardneg_backpack1:Screenshot-2025-02-08-120403,0,0,1,be928e70289262dcdbcea134220893858a7401da
hardneg_backpack1_c9a31c31addf.jpg,hardneg_backpack1_c9a31c31addf,hardneg_backpack1,hardneg_backpack1:Screenshot-2025-02-08-120431,0,0,1,c9a31c31addf81abe7a30426fa1c2c207862fa5e
hardneg_backpack1_fc908f0c0ce7.jpg,hardneg_backpack1_fc908f0c0ce7,hardneg_backpack1,hardneg_backpack1:Screenshot-2025-02-08-120532,0,0,1,fc908f0c0ce754296be4bd0ff0a983610ed05332
hardneg_backpack1_d1d68d444eda.jpg,hardneg_backpack1_d1d68d444eda,hardneg_backpack1,hardneg_backpack1:Screenshot-2025-02-08-120558,0,0,1,d1d68d444eda8b7b090f5ab884c1a6887e836d6f
hardneg_backpack1_5a5c2302ca74.jpg,hardneg_backpack1_5a5c2302ca74,hardneg_backpack1,hardneg_backpack1:Screenshot-2025-02-08-120626,0,0,1,5a5c2302ca74e0e859346828271c52940d84612e
hardneg_backpack1_142799096556.jpg,hardneg_backpack1_142799096556,hardneg_backpack1,hardneg_backpack1:Screenshot-2025-02-08-120713,0,0,1,142799096556a5baed7734b042db090c0c2f1af6
hardneg_backpack1_793c1bc48f44.jpg,hardneg_backpack1_793c1bc48f44,hardneg_backpack1,hardneg_backpack1:Screenshot-2025-02-08-120751,0,0,1,793c1bc48f4469e7d5ab71d501d28941752dfa9a
hardneg_backpack1_936b90c4f96d.jpg,hardneg_backpack1_936b90c4f96d,hardneg_backpack1,hardneg_backpack1:Screenshot-2025-02-08-120822,0,0,1,936b90c4f96d771c2b54c92551fc8ec20b5eabce
hardneg_backpack1_359353975d52.jpg,hardneg_backpack1_359353975d52,hardneg_backpack1,hardneg_backpack1:Screenshot-2025-02-08-120926,0,0,1,359353975d524b78f4464350d26c360c7bd948e8
hardneg_backpack1_66055d308e33.jpg,hardneg_backpack1_66055d308e33,hardneg_backpack1,hardneg_backpack1:Screenshot-2025-02-08-120940,0,0,1,66055d308e335c5bae58d5b0a7a3b84bf5612abd
hardneg_backpack1_d94e2134713c.jpg,hardneg_backpack1_d94e2134713c,hardneg_backpack1,hardneg_backpack1:Screenshot-2025-02-08-120955,0,0,1,d94e2134713cc06315faf0bdc5c912d63557a0e7
hardneg_backpack1_279cd2b2268b.jpg,hardneg_backpack1_279cd2b2268b,hardneg_backpack1,hardneg_backpack1:Screenshot-2025-02-08-121035,0,0,1,279cd2b2268bd75598b3b304dd2152743e6de538
hardneg_backpack1_62420c0c5cca.jpg,hardneg_backpack1_62420c0c5cca,hardneg_backpack1,hardneg_backpack1:Screenshot-2025-02-08-121049,0,0,1,62420c0c5cca29fe01122ff4f362616a81f03f8f
hardneg_backpack1_491875259ee6.jpg,hardneg_backpack1_491875259ee6,hardneg_backpack1,hardneg_backpack1:Screenshot-2025-02-08-121115,0,0,1,491875259ee6ed788f929a352dc583fd009e1d59
hardneg_backpack1_23a3f00ca6aa.jpg,hardneg_backpack1_23a3f00ca6aa,hardneg_backpack1,hardneg_backpack1:Screenshot-2025-02-08-121225,0,0,1,23a3f00ca6aaf2fb044dec7e3a39ffd3008b7d00
hardneg_backpack1_d88a24c2e857.jpg,hardneg_backpack1_d88a24c2e857,hardneg_backpack1,hardneg_backpack1:Screenshot-2025-02-08-121247,0,0,1,d88a24c2e8570e58fcb2c7a17cafd30c29f73f37
hardneg_backpack1_bdb9d62202b3.jpg,hardneg_backpack1_bdb9d62202b3,hardneg_backpack1,hardneg_backpack1:Screenshot-2025-02-08-121302,0,0,1,bdb9d62202b39ed0e1a630c2a3f1c7ceffc6007e
hardneg_backpack1_11f890c6025a.jpg,hardneg_backpack1_11f890c6025a,hardneg_backpack1,hardneg_backpack1:Screenshot-2025-02-08-121352,0,0,1,11f890c6025a985030322726f51545768784045f
hardneg_backpack1_074ab8632a97.jpg,hardneg_backpack1_074ab8632a97,hardneg_backpack1,hardneg_backpack1:Screenshot-2025-02-08-121416,0,0,1,074ab8632a975a769a17d1c70c36794dfdb97f14
hardneg_backpack1_dfbe4223b828.jpg,hardneg_backpack1_dfbe4223b828,hardneg_backpack1,hardneg_backpack1:Screenshot-2025-02-08-121455,0,0,1,dfbe4223b828f265dbdd616a3f30d333d12e80e4
hardneg_backpack1_9523a334a5aa.jpg,hardneg_backpack1_9523a334a5aa,hardneg_backpack1,hardneg_backpack1:Screenshot-2025-02-08-121852,0,0,1,9523a334a5aa98359183daf11a7b69f63978a478
hardneg_backpack1_6a05e73ad63c.jpg,hardneg_backpack1_6a05e73ad63c,hardneg_backpack1,hardneg_backpack1:Screenshot-2025-02-08-121913,0,0,1,6a05e73ad63c4166a1edda672a18bc753ef61dd4
hardneg_backpack1_48ba00412e35.jpg,hardneg_backpack1_48ba00412e35,hardneg_backpack1,hardneg_backpack1:Screenshot-2025-02-08-122355,0,0,1,48ba00412e35f38fd576193d641d76a24ed87a6e
hardneg_backpack1_9bdd540a8f4f.jpg,hardneg_backpack1_9bdd540a8f4f,hardneg_backpack1,hardneg_backpack1:Screenshot-2025-02-08-122423,0,0,1,9bdd540a8f4fdb89810f706eff2a3f8b774e99f6
hardneg_backpack1_3d355e8a81d8.jpg,hardneg_backpack1_3d355e8a81d8,hardneg_backpack1,hardneg_backpack1:Screenshot-2025-02-08-122633,0,0,1,3d355e8a81d8b41f0878f75bd5a5fc9a8ff00447
hardneg_backpack1_c243f3559b08.jpg,hardneg_backpack1_c243f3559b08,hardneg_backpack1,hardneg_backpack1:Screenshot-2025-02-08-122646,0,0,1,c243f3559b08815071eb25ceedf3ea22e03d73e8
hardneg_backpack1_765adb2be50a.jpg,hardneg_backpack1_765adb2be50a,hardneg_backpack1,hardneg_backpack1:Screenshot-2025-02-08-122702,0,0,1,765adb2be50a57a15e064beab7c2cefda2590fa7
hardneg_backpack1_0d7d74f7b86f.jpg,hardneg_backpack1_0d7d74f7b86f,hardneg_backpack1,hardneg_backpack1:Screenshot-2025-02-08-122713,0,0,1,0d7d74f7b86f3e7854c3d5e85426809349e32d04
hardneg_backpack1_04f632e2ce2c.jpg,hardneg_backpack1_04f632e2ce2c,hardneg_backpack1,hardneg_backpack1:Screenshot-2025-02-08-122730,0,0,1,04f632e2ce2ca30d4fc9d2b9f4e0239db604ca61
hardneg_backpack1_bf96dd5e0047.jpg,hardneg_backpack1_bf96dd5e0047,hardneg_backpack1,hardneg_backpack1:Screenshot-2025-02-08-122930,0,0,1,bf96dd5e0047aa5786d9f0ae770fbd10e9442b64
hardneg_backpack1_4f905ee8b900.jpg,hardneg_backpack1_4f905ee8b900,hardneg_backpack1,hardneg_backpack1:Screenshot-2025-02-08-123003,0,0,1,4f905ee8b900def39f44a585e3f2f2a439793f3b
hardneg_backpack1_268ad7ad51ac.jpg,hardneg_backpack1_268ad7ad51ac,hardneg_backpack1,hardneg_backpack1:Screenshot-2025-02-08-123030,0,0,1,268ad7ad51ac9437744d419e5b9ef57d0769a4fe
hardneg_backpack1_c0d45f858165.jpg,hardneg_backpack1_c0d45f858165,hardneg_backpack1,hardneg_backpack1:Screenshot-2025-02-08-123059,0,0,1,c0d45f8581659f555b7f552b49fc023b18b6874b
hardneg_backpack1_124fe9bb19dd.jpg,hardneg_backpack1_124fe9bb19dd,hardneg_backpack1,hardneg_backpack1:Screenshot-2025-02-08-123106,0,0,1,124fe9bb19dd96294ee5f6718b74ae156a296d2f
hardneg_backpack1_a1356df5f380.jpg,hardneg_backpack1_a1356df5f380,hardneg_backpack1,hardneg_backpack1:Screenshot-2025-02-08-123153,0,0,1,a1356df5f380d24f3b1437f4fd5096d3a156505f
hardneg_backpack1_a663b5b92c18.jpg,hardneg_backpack1_a663b5b92c18,hardneg_backpack1,hardneg_backpack1:Screenshot-2025-02-08-123313,0,0,1,a663b5b92c1886730a0308daea812403f5110be3
hardneg_backpack1_0cecf2ef6faf.jpg,hardneg_backpack1_0cecf2ef6faf,hardneg_backpack1,hardneg_backpack1:Screenshot-2025-02-08-123328,0,0,1,0cecf2ef6faf50011a9391ea25ea1e62aea5754c
hardneg_backpack1_263c03c19196.jpg,hardneg_backpack1_263c03c19196,hardneg_backpack1,hardneg_backpack1:Screenshot-2025-02-08-123343,0,0,1,263c03c1919662cbc57ea2ace0c643aa0af48f54
hardneg_backpack1_d9c39f0de335.jpg,hardneg_backpack1_d9c39f0de335,hardneg_backpack1,hardneg_backpack1:Screenshot-2025-02-08-123402,0,0,1,d9c39f0de335cfb58f5134b1154ef5a2894fae35
hardneg_backpack1_d1999b7fea8c.jpg,hardneg_backpack1_d1999b7fea8c,hardneg_backpack1,hardneg_backpack1:Screenshot-2025-02-08-123414,0,0,1,d1999b7fea8c9f30c210dc1be1134898b4e5536e
hardneg_backpack1_f69a25341641.jpg,hardneg_backpack1_f69a25341641,hardneg_backpack1,hardneg_backpack1:Screenshot-2025-02-08-123522,0,0,1,f69a25341641a8d39b35edbbb08d8dfafa4cfcdd
hardneg_backpack1_c3ca0f5287ee.jpg,hardneg_backpack1_c3ca0f5287ee,hardneg_backpack1,hardneg_backpack1:Screenshot-2025-02-08-123535,0,0,1,c3ca0f5287ee5241106febb9bc023bc366d02c5c
hardneg_backpack1_34de03f58d94.jpg,hardneg_backpack1_34de03f58d94,hardneg_backpack1,hardneg_backpack1:Screenshot-2025-02-08-123701,0,0,1,34de03f58d94ea4bc452244466211b0568a440d8
hardneg_backpack1_5337f53ee1b1.jpg,hardneg_backpack1_5337f53ee1b1,hardneg_backpack1,hardneg_backpack1:Screenshot-2025-02-08-123729,0,0,1,5337f53ee1b12ddbe4ea5ee46faa81cef9ac7528
hardneg_backpack1_a4b9abd31195.jpg,hardneg_backpack1_a4b9abd31195,hardneg_backpack1,hardneg_backpack1:Screenshot-2025-02-08-123924,0,0,1,a4b9abd3119578e5fc6298bbb6790730b43f3ddc
hardneg_backpack1_1f7284a02cfe.jpg,hardneg_backpack1_1f7284a02cfe,hardneg_backpack1,hardneg_backpack1:Screenshot-2025-02-08-123937,0,0,1,1f7284a02cfe343c0a517564e793d390d470a909
hardneg_backpack1_db34c26ec4a2.jpg,hardneg_backpack1_db34c26ec4a2,hardneg_backpack1,hardneg_backpack1:Screenshot-2025-02-08-124323,0,0,1,db34c26ec4a21a1fadfb76803bd385e84c879f9b
hardneg_backpack1_e30033efad0d.jpg,hardneg_backpack1_e30033efad0d,hardneg_backpack1,hardneg_backpack1:Screenshot-2025-02-08-124334,0,0,1,e30033efad0d19fbb32df702b6329b64499a75fd
hardneg_backpack1_3e9a9b4d598e.jpg,hardneg_backpack1_3e9a9b4d598e,hardneg_backpack1,hardneg_backpack1:Screenshot-2025-02-08-124554,0,0,1,3e9a9b4d598e57d683b88d3a9527471b07b31228
hardneg_backpack1_33ade8080895.jpg,hardneg_backpack1_33ade8080895,hardneg_backpack1,hardneg_backpack1:Screenshot-2025-02-08-124612,0,0,1,33ade808089558199aac870a98622c8fde39dfb1
hardneg_backpack1_831ae3a928c2.jpg,hardneg_backpack1_831ae3a928c2,hardneg_backpack1,hardneg_backpack1:Screenshot-2025-02-08-124652,0,0,1,831ae3a928c2ba60c79374a9f83471e2dcdb7ab8
hardneg_backpack1_512767b1c4bf.jpg,hardneg_backpack1_512767b1c4bf,hardneg_backpack1,hardneg_backpack1:Screenshot-2025-02-08-124719,0,0,1,512767b1c4bfc58963ea4ff197a2c4b06c091b1b
hardneg_backpack1_bb5feb6bfdb7.jpg,hardneg_backpack1_bb5feb6bfdb7,hardneg_backpack1,hardneg_backpack1:Screenshot-2025-02-08-124746,0,0,1,bb5feb6bfdb74e33c026cd5a9660a613112e8e13
hardneg_backpack1_433886a4b7c0.jpg,hardneg_backpack1_433886a4b7c0,hardneg_backpack1,hardneg_backpack1:Screenshot-2025-02-08-125530,0,0,1,433886a4b7c0bffe5d2d272a6bd1c4b6e75227c0
hardneg_backpack1_d5659e39a4d7.jpg,hardneg_backpack1_d5659e39a4d7,hardneg_backpack1,hardneg_backpack1:Screenshot-2025-02-08-125546,0,0,1,d5659e39a4d7b281100c4563ad6c6d6573361c41
hardneg_backpack1_6f26b4591f2a.jpg,hardneg_backpack1_6f26b4591f2a,hardneg_backpack1,hardneg_backpack1:Screenshot-2025-02-08-125558,0,0,1,6f26b4591f2a731cd3405dd7b1b3c74df49c152c
hardneg_backpack1_7533aac9f92a.jpg,hardneg_backpack1_7533aac9f92a,hardneg_backpack1,hardneg_backpack1:Screenshot-2025-02-08-125616,0,0,1,7533aac9f92abd750ccd0e29bec9b9198458fe73
hardneg_backpack1_32eab9dd678e.jpg,hardneg_backpack1_32eab9dd678e,hardneg_backpack1,hardneg_backpack1:Screenshot-2025-02-08-125710,0,0,1,32eab9dd678e2e5b1a9232acd3f54cbcf4e5527a
hardneg_backpack1_b18f54415325.jpg,hardneg_backpack1_b18f54415325,hardneg_backpack1,hardneg_backpack1:Screenshot-2025-02-08-125730,0,0,1,b18f544153254eb3a1ba4fc2252be346c5c5af53
hardneg_backpack1_195bacb1b22e.jpg,hardneg_backpack1_195bacb1b22e,hardneg_backpack1,hardneg_backpack1:Screenshot-2025-02-08-125747,0,0,1,195bacb1b22e070b4d96b25d772175ee6aa209b1
hardneg_backpack1_9b4119175f37.jpg,hardneg_backpack1_9b4119175f37,hardneg_backpack1,hardneg_backpack1:Screenshot-2025-02-08-125832,0,0,1,9b4119175f37b20cdfd1b4cdf5001304e23eceaa
hardneg_backpack1_e8ba8195d800.jpg,hardneg_backpack1_e8ba8195d800,hardneg_backpack1,hardneg_backpack1:Screenshot-2025-02-08-125912,0,0,1,e8ba8195d8000c78667f7de96837ff3cba63b3c9
hardneg_backpack1_c1197f3ed493.jpg,hardneg_backpack1_c1197f3ed493,hardneg_backpack1,hardneg_backpack1:Screenshot-2025-02-08-125925,0,0,1,c1197f3ed493bf1644f5bf23038e4a420d25671f
hardneg_backpack1_4c2b0f87f881.jpg,hardneg_backpack1_4c2b0f87f881,hardneg_backpack1,hardneg_backpack1:Screenshot-2025-02-08-125959,0,0,1,4c2b0f87f8818b4c2c17e907cded01b44f2712e3
hardneg_backpack1_8b5b2ee7651d.jpg,hardneg_backpack1_8b5b2ee7651d,hardneg_backpack1,hardneg_backpack1:Screenshot-2025-02-08-130022,0,0,1,8b5b2ee7651dbee8570a12702760fdb8dc83cb7e
hardneg_backpack1_df47d84dcae3.jpg,hardneg_backpack1_df47d84dcae3,hardneg_backpack1,hardneg_backpack1:Screenshot-2025-02-08-130043,0,0,1,df47d84dcae333185982ffba1d6ce681730de75f
hardneg_backpack1_28c226f7a12d.jpg,hardneg_backpack1_28c226f7a12d,hardneg_backpack1,hardneg_backpack1:Screenshot-2025-02-08-130054,0,0,1,28c226f7a12dba214471e303ede66cdf059b3d33
hardneg_backpack1_366e27e1cbae.jpg,hardneg_backpack1_366e27e1cbae,hardneg_backpack1,hardneg_backpack1:Screenshot-2025-02-08-130110,0,0,1,366e27e1cbae74c10654a54a7bdca8827be8c0f2
hardneg_backpack1_dbf2d01f0370.jpg,hardneg_backpack1_dbf2d01f0370,hardneg_backpack1,hardneg_backpack1:Screenshot-2025-02-08-130143,0,0,1,dbf2d01f03705cca43fb03cc7341f3efa1164e0e
hardneg_backpack1_1479872941c2.jpg,hardneg_backpack1_1479872941c2,hardneg_backpack1,hardneg_backpack1:Screenshot-2025-02-08-130220,0,0,1,1479872941c2d3e568af90cbf36d5d65c8b85ff2
hardneg_backpack1_c7d03d34b912.jpg,hardneg_backpack1_c7d03d34b912,hardneg_backpack1,hardneg_backpack1:Screenshot-2025-02-08-130238,0,0,1,c7d03d34b912197cbad51edf5469ae91eeb2d19c
hardneg_backpack1_13c7121e8fa4.jpg,hardneg_backpack1_13c7121e8fa4,hardneg_backpack1,hardneg_backpack1:Screenshot-2025-02-08-130259,0,0,1,13c7121e8fa4450256f52cda1c3fd21022c3c3b2
hardneg_backpack1_3724b3759921.jpg,hardneg_backpack1_3724b3759921,hardneg_backpack1,hardneg_backpack1:Screenshot-2025-02-08-130322,0,0,1,3724b37599211469c298556e8ab0858a0855a6f1
hardneg_backpack1_09719dbd0d79.jpg,hardneg_backpack1_09719dbd0d79,hardneg_backpack1,hardneg_backpack1:Screenshot-2025-02-08-130339,0,0,1,09719dbd0d791884183d376762907e2cd297fa3d
hardneg_backpack1_6f3e648651b5.jpg,hardneg_backpack1_6f3e648651b5,hardneg_backpack1,hardneg_backpack1:Screenshot-2025-02-08-130357,0,0,1,6f3e648651b5266fa5be0ca2109a670eedae4274
hardneg_backpack1_6a3c98b33286.jpg,hardneg_backpack1_6a3c98b33286,hardneg_backpack1,hardneg_backpack1:Screenshot-2025-02-08-130455,0,0,1,6a3c98b332862136b73eefac78ca8c54c6dcb18b
hardneg_backpack1_8e0f600f3470.jpg,hardneg_backpack1_8e0f600f3470,hardneg_backpack1,hardneg_backpack1:Screenshot-2025-02-08-130509,0,0,1,8e0f600f3470be90eac9a9c8f9c02520c081b033
hardneg_backpack1_49708559962f.jpg,hardneg_backpack1_49708559962f,hardneg_backpack1,hardneg_backpack1:Screenshot-2025-02-08-130525,0,0,1,49708559962fad2926485d4672252b1d8aae4be7
hardneg_backpack1_839203d2d133.jpg,hardneg_backpack1_839203d2d133,hardneg_backpack1,hardneg_backpack1:Screenshot-2025-02-08-130548,0,0,1,839203d2d133422416177836b7754388e8c929f0
hardneg_backpack1_d2ba5127af83.jpg,hardneg_backpack1_d2ba5127af83,hardneg_backpack1,hardneg_backpack1:Screenshot-2025-02-08-130605,0,0,1,d2ba5127af8358b676a4be486511ebcd616aedab
hardneg_backpack1_22c19d6be6e3.jpg,hardneg_backpack1_22c19d6be6e3,hardneg_backpack1,hardneg_backpack1:Screenshot-2025-02-08-130634,0,0,1,22c19d6be6e3bf1e6b9b84dba8c75c85f4b3e0fb
hardneg_backpack1_6596ca2a5e8a.jpg,hardneg_backpack1_6596ca2a5e8a,hardneg_backpack1,hardneg_backpack1:Screenshot-2025-02-08-130728,0,0,1,6596ca2a5e8a6f09b6fdb12d1254609b5d378cb2
hardneg_backpack1_11e8e9e934b5.jpg,hardneg_backpack1_11e8e9e934b5,hardneg_backpack1,hardneg_backpack1:Screenshot-2025-02-08-130741,0,0,1,11e8e9e934b51925bd235b0ae332610ac3ebae1f
hardneg_backpack1_e0d79c8998bd.jpg,hardneg_backpack1_e0d79c8998bd,hardneg_backpack1,hardneg_backpack1:Screenshot-2025-02-08-130758,0,0,1,e0d79c8998bd6066bb9e3bcdcbcdfd934ddadbb3
hardneg_backpack1_79e2b3872d74.jpg,hardneg_backpack1_79e2b3872d74,hardneg_backpack1,hardneg_backpack1:Screenshot-2025-02-08-130814,0,0,1,79e2b3872d7491db4863437137010831d44c8372
hardneg_backpack1_15eb67bae3e1.jpg,hardneg_backpack1_15eb67bae3e1,hardneg_backpack1,hardneg_backpack1:Screenshot-2025-02-08-130838,0,0,1,15eb67bae3e1c3ca5d5220eb242b8651010168e7
hardneg_backpack1_5b666e9ecd0f.jpg,hardneg_backpack1_5b666e9ecd0f,hardneg_backpack1,hardneg_backpack1:Screenshot-2025-02-08-131145,0,0,1,5b666e9ecd0f902b647441b110735b0abaeb711a
hardneg_backpack1_1a417e6106cd.jpg,hardneg_backpack1_1a417e6106cd,hardneg_backpack1,hardneg_backpack1:Screenshot-2025-02-08-131159,0,0,1,1a417e6106cd6d83ad40243037188849f5614f31
hardneg_backpack1_f181d5a5d32f.jpg,hardneg_backpack1_f181d5a5d32f,hardneg_backpack1,hardneg_backpack1:Screenshot-2025-02-08-131245,0,0,1,f181d5a5d32f37df4d6c02e944b945d600417bed
hardneg_backpack1_549e547a51d1.jpg,hardneg_backpack1_549e547a51d1,hardneg_backpack1,hardneg_backpack1:Screenshot-2025-02-08-131305,0,0,1,549e547a51d10a60bf8836abc66ba29d07b0b87d
hardneg_backpack1_1357ede96a4f.jpg,hardneg_backpack1_1357ede96a4f,hardneg_backpack1,hardneg_backpack1:Screenshot-2025-02-08-131339,0,0,1,1357ede96a4fdeadb8417f6c8208bb539ccb45bf
hardneg_backpack1_6c5609576323.jpg,hardneg_backpack1_6c5609576323,hardneg_backpack1,hardneg_backpack1:Screenshot-2025-02-08-131358,0,0,1,6c560957632338cbfe0d783372756781d900b252
hardneg_backpack1_b5cbef4711c8.jpg,hardneg_backpack1_b5cbef4711c8,hardneg_backpack1,hardneg_backpack1:Screenshot-2025-02-08-131416,0,0,1,b5cbef4711c845491472c901099f02066c45e836
hardneg_backpack1_0b95599b6516.jpg,hardneg_backpack1_0b95599b6516,hardneg_backpack1,hardneg_backpack1:Screenshot-2025-02-08-131425,0,0,1,0b95599b6516377a8484daa5763e7193d2df98bd
hardneg_backpack1_20d00c3a7611.jpg,hardneg_backpack1_20d00c3a7611,hardneg_backpack1,hardneg_backpack1:Screenshot-2025-02-08-131435,0,0,1,20d00c3a7611b8e0c60aa4a14f7e77fea30556f9
hardneg_backpack1_be79c3036bca.jpg,hardneg_backpack1_be79c3036bca,hardneg_backpack1,hardneg_backpack1:Screenshot-2025-02-08-131455,0,0,1,be79c3036bcaf6ec10b1640f538d1c3374bb7250
hardneg_backpack1_069f0e769f52.jpg,hardneg_backpack1_069f0e769f52,hardneg_backpack1,hardneg_backpack1:Screenshot-2025-02-08-131519,0,0,1,069f0e769f5249ba050ec40f9de246afcfce761b
hardneg_backpack1_e82ab242d6b5.jpg,hardneg_backpack1_e82ab242d6b5,hardneg_backpack1,hardneg_backpack1:Screenshot-2025-02-08-131544,0,0,1,e82ab242d6b5d779988888203cad00e54a1b711e
hardneg_backpack1_f8bfe049071e.jpg,hardneg_backpack1_f8bfe049071e,hardneg_backpack1,hardneg_backpack1:Screenshot-2025-02-08-131556,0,0,1,f8bfe049071e1b3fdfd3700bf7f3e08eec613680
hardneg_backpack1_bf0763b96a10.jpg,hardneg_backpack1_bf0763b96a10,hardneg_backpack1,hardneg_backpack1:Screenshot-2025-02-08-131624,0,0,1,bf0763b96a1005379a901356faed9b867dd62d5a
hardneg_backpack1_f4d9e7affe08.jpg,hardneg_backpack1_f4d9e7affe08,hardneg_backpack1,hardneg_backpack1:Screenshot-2025-02-08-131714,0,0,1,f4d9e7affe08feaede6a48f71d5585556c60d69b
hardneg_backpack1_868e899050db.jpg,hardneg_backpack1_868e899050db,hardneg_backpack1,hardneg_backpack1:Screenshot-2025-02-08-131730,0,0,1,868e899050dba53f0ca720f0aaa2d95534dfb3aa
hardneg_backpack1_abe00ac13ae5.jpg,hardneg_backpack1_abe00ac13ae5,hardneg_backpack1,hardneg_backpack1:Screenshot-2025-02-08-131751,0,0,1,abe00ac13ae5e799b20e9c080507373f230324e0
hardneg_backpack1_17e1f7e7bfc2.jpg,hardneg_backpack1_17e1f7e7bfc2,hardneg_backpack1,hardneg_backpack1:Screenshot-2025-02-08-131813,0,0,1,17e1f7e7bfc2e556f73c09e375be79cb9d9b7afd
hardneg_backpack1_c9e064f79624.jpg,hardneg_backpack1_c9e064f79624,hardneg_backpack1,hardneg_backpack1:Screenshot-2025-02-10-111815,0,0,1,c9e064f796241a9121d6e280268f9a85aab0262b
hardneg_backpack1_b9dda81a32f1.jpg,hardneg_backpack1_b9dda81a32f1,hardneg_backpack1,hardneg_backpack1:Screenshot-2025-02-10-111826,0,0,1,b9dda81a32f15b2911dda39b2832b30338b1b080
hardneg_backpack1_da1b82ac8bbf.jpg,hardneg_backpack1_da1b82ac8bbf,hardneg_backpack1,hardneg_backpack1:Screenshot-2025-02-10-111842,0,0,1,da1b82ac8bbf5e3025bb2374afd18c3acf672d75
hardneg_backpack1_8747c8d9fa41.jpg,hardneg_backpack1_8747c8d9fa41,hardneg_backpack1,hardneg_backpack1:Screenshot-2025-02-10-111901,0,0,1,8747c8d9fa41bd1309a88fea7cf44056ee3fd8f3
hardneg_backpack1_a138fbe21220.jpg,hardneg_backpack1_a138fbe21220,hardneg_backpack1,hardneg_backpack1:Screenshot-2025-02-10-111939,0,0,1,a138fbe212202442015ce935087c8638b43cd72b
hardneg_backpack1_aa3a506498c8.jpg,hardneg_backpack1_aa3a506498c8,hardneg_backpack1,hardneg_backpack1:Screenshot-2025-02-10-113422,0,0,1,aa3a506498c83bb783759b5f1a80b50db191dd3a
hardneg_backpack1_bbf70f27fbb4.jpg,hardneg_backpack1_bbf70f27fbb4,hardneg_backpack1,hardneg_backpack1:Screenshot-2025-02-10-113448,0,0,1,bbf70f27fbb42ccdab85c7590a4ad83c3ede54b3
hardneg_backpack1_68082f0ff10a.jpg,hardneg_backpack1_68082f0ff10a,hardneg_backpack1,hardneg_backpack1:Screenshot-2025-02-10-113506,0,0,1,68082f0ff10a41613df86b3dbafd7d1818b89eaf
hardneg_backpack1_0b6061b472b4.jpg,hardneg_backpack1_0b6061b472b4,hardneg_backpack1,hardneg_backpack1:Screenshot-2025-02-10-113554,0,0,1,0b6061b472b4948ce122eeae5eaca43b184b2ea6
hardneg_backpack1_9d003de759a5.jpg,hardneg_backpack1_9d003de759a5,hardneg_backpack1,hardneg_backpack1:Screenshot-2025-02-10-113653,0,0,1,9d003de759a5c17c9d1ab965ad57a105754b0506
hardneg_backpack1_dfb36adb4de0.jpg,hardneg_backpack1_dfb36adb4de0,hardneg_backpack1,hardneg_backpack1:Screenshot-2025-02-10-113702,0,0,1,dfb36adb4de0ecf17840c390fef3f93bf2e521ec
hardneg_backpack1_43f403dab20c.jpg,hardneg_backpack1_43f403dab20c,hardneg_backpack1,hardneg_backpack1:Screenshot-2025-02-10-113810,0,0,1,43f403dab20cd9b4b966e5a428e342181d9edf8e
hardneg_backpack1_e9aab6e693d3.jpg,hardneg_backpack1_e9aab6e693d3,hardneg_backpack1,hardneg_backpack1:Screenshot-2025-02-10-113820,0,0,1,e9aab6e693d3f8e6baee30b1e643004ac2f8ab83
hardneg_backpack1_c8786c4dcbe2.jpg,hardneg_backpack1_c8786c4dcbe2,hardneg_backpack1,hardneg_backpack1:Screenshot-2025-02-10-113835,0,0,1,c8786c4dcbe2280663a33cf9645405fa359286e0
hardneg_backpack1_f6b857ad04f2.jpg,hardneg_backpack1_f6b857ad04f2,hardneg_backpack1,hardneg_backpack1:Screenshot-2025-02-10-113913,0,0,1,f6b857ad04f289233140f8094218aefa8455d870
hardneg_backpack1_a26463ba4c63.jpg,hardneg_backpack1_a26463ba4c63,hardneg_backpack1,hardneg_backpack1:Screenshot-2025-02-10-113929,0,0,1,a26463ba4c6331735683b02c9650f3259880939f
hardneg_backpack1_548d7efb1771.jpg,hardneg_backpack1_548d7efb1771,hardneg_backpack1,hardneg_backpack1:Screenshot-2025-02-10-113944,0,0,1,548d7efb1771c175f4be7a7f350344f898e99204
hardneg_backpack1_34e50f20500c.jpg,hardneg_backpack1_34e50f20500c,hardneg_backpack1,hardneg_backpack1:Screenshot-2025-02-10-113958,0,0,1,34e50f20500ccad3cb5a2f9531bbd7ad118e9420
hardneg_backpack1_69d4cf02d0fd.jpg,hardneg_backpack1_69d4cf02d0fd,hardneg_backpack1,hardneg_backpack1:Screenshot-2025-02-10-114027,0,0,1,69d4cf02d0fd78138e974daeabc1c1ff9e03b331
hardneg_backpack1_1c2167f6dee5.jpg,hardneg_backpack1_1c2167f6dee5,hardneg_backpack1,hardneg_backpack1:Screenshot-2025-02-10-114042,0,0,1,1c2167f6dee582135a951948634de93bc12de50e
hardneg_backpack1_cc8647d162f3.jpg,hardneg_backpack1_cc8647d162f3,hardneg_backpack1,hardneg_backpack1:Screenshot-2025-02-10-114105,0,0,1,cc8647d162f394fc15ba39e72908a034297010a8
hardneg_backpack1_1223fe42144c.jpg,hardneg_backpack1_1223fe42144c,hardneg_backpack1,hardneg_backpack1:Screenshot-2025-02-10-114138,0,0,1,1223fe42144c87c2af10edef789fedc5ae07ae33
hardneg_backpack1_0e721034dc1a.jpg,hardneg_backpack1_0e721034dc1a,hardneg_backpack1,hardneg_backpack1:Screenshot-2025-02-10-114210,0,0,1,0e721034dc1af0c03534c7f0dbfa256b6b91033f
hardneg_backpack1_0983ce7eecdf.jpg,hardneg_backpack1_0983ce7eecdf,hardneg_backpack1,hardneg_backpack1:Screenshot-2025-02-10-114222,0,0,1,0983ce7eecdf5db6f41ec65b36d99cd6234fc311
hardneg_backpack1_c7e3b28c93f7.jpg,hardneg_backpack1_c7e3b28c93f7,hardneg_backpack1,hardneg_backpack1:Screenshot-2025-02-10-114236,0,0,1,c7e3b28c93f71da9ecbcd1a20b0e8216d28c2c54
hardneg_backpack1_20cc27f30bf0.jpg,hardneg_backpack1_20cc27f30bf0,hardneg_backpack1,hardneg_backpack1:Screenshot-2025-02-10-114252,0,0,1,20cc27f30bf042472d2ca6dce4f0dcd5867d9b68
hardneg_backpack1_b04df84744cd.jpg,hardneg_backpack1_b04df84744cd,hardneg_backpack1,hardneg_backpack1:Screenshot-2025-02-10-114300,0,0,1,b04df84744cd6737b08e9ea62ea8d20d61bb225f
hardneg_backpack1_515127120c40.jpg,hardneg_backpack1_515127120c40,hardneg_backpack1,hardneg_backpack1:Screenshot-2025-02-10-114321,0,0,1,515127120c4046f00b3d6e16221ed334f5396eaf
hardneg_backpack1_a4d5bf5ba282.jpg,hardneg_backpack1_a4d5bf5ba282,hardneg_backpack1,hardneg_backpack1:Screenshot-2025-02-10-114341,0,0,1,a4d5bf5ba282e48af86b3bd358fb0ff5d521bd5b
hardneg_backpack1_ee74e836895c.jpg,hardneg_backpack1_ee74e836895c,hardneg_backpack1,hardneg_backpack1:Screenshot-2025-02-10-114355,0,0,1,ee74e836895c13f034423b0598e2f0496ba59cec
hardneg_backpack1_5473ae8e654a.jpg,hardneg_backpack1_5473ae8e654a,hardneg_backpack1,hardneg_backpack1:Screenshot-2025-02-10-114410,0,0,1,5473ae8e654a4f278135c8c84e82a689f4a93872
hardneg_backpack1_9705fbf0a8bc.jpg,hardneg_backpack1_9705fbf0a8bc,hardneg_backpack1,hardneg_backpack1:Screenshot-2025-02-10-114441,0,0,1,9705fbf0a8bc10932368522b404ddbf5c0a3eb9a
hardneg_backpack1_02e94dc77040.jpg,hardneg_backpack1_02e94dc77040,hardneg_backpack1,hardneg_backpack1:Screenshot-2025-02-10-114505,0,0,1,02e94dc77040930b35bcc6286c2c2f26711432e7
hardneg_backpack1_6ed6fda0784c.jpg,hardneg_backpack1_6ed6fda0784c,hardneg_backpack1,hardneg_backpack1:Screenshot-2025-02-10-114517,0,0,1,6ed6fda0784ca721eb7090c64eda3c96f75182d2
hardneg_backpack1_b1c2f70109e9.jpg,hardneg_backpack1_b1c2f70109e9,hardneg_backpack1,hardneg_backpack1:Screenshot-2025-02-10-114530,0,0,1,b1c2f70109e93a82fc91789f32a74948aab91cc0
hardneg_backpack1_456a7102d749.jpg,hardneg_backpack1_456a7102d749,hardneg_backpack1,hardneg_backpack1:Screenshot-2025-02-10-114548,0,0,1,456a7102d749438852722b68fa28c47c99162f37
hardneg_backpack1_53c138fcbc43.jpg,hardneg_backpack1_53c138fcbc43,hardneg_backpack1,hardneg_backpack1:Screenshot-2025-02-10-114604,0,0,1,53c138fcbc43666543f1319a9eb54195d2661c9b
hardneg_backpack1_be3025b041b8.jpg,hardneg_backpack1_be3025b041b8,hardneg_backpack1,hardneg_backpack1:Screenshot-2025-02-10-114620,0,0,1,be3025b041b8eeb96c009cd330617757d8278b2e
hardneg_backpack1_8d83f28b2a5a.jpg,hardneg_backpack1_8d83f28b2a5a,hardneg_backpack1,hardneg_backpack1:Screenshot-2025-02-10-114637,0,0,1,8d83f28b2a5a558ad119288342e57e0a1c01e6c2
hardneg_backpack1_6a5c293b9140.jpg,hardneg_backpack1_6a5c293b9140,hardneg_backpack1,hardneg_backpack1:Screenshot-2025-02-10-114700,0,0,1,6a5c293b9140530083bcf3977fb599ccaa222d47
hardneg_backpack1_9c1b6097d130.jpg,hardneg_backpack1_9c1b6097d130,hardneg_backpack1,hardneg_backpack1:Screenshot-2025-02-10-114713,0,0,1,9c1b6097d1302b740cebcf7cca36f388081d5331
hardneg_backpack1_6e318783e7ff.jpg,hardneg_backpack1_6e318783e7ff,hardneg_backpack1,hardneg_backpack1:Screenshot-2025-02-10-114732,0,0,1,6e318783e7ff9458b88aec4c6ac4a78f8a0ed55b
hardneg_backpack1_ba462abae319.jpg,hardneg_backpack1_ba462abae319,hardneg_backpack1,hardneg_backpack1:Screenshot-2025-02-10-114755,0,0,1,ba462abae31990087c78033cc1a1b214a597525d
hardneg_backpack1_641f94784c62.jpg,hardneg_backpack1_641f94784c62,hardneg_backpack1,hardneg_backpack1:Screenshot-2025-02-10-114806,0,0,1,641f94784c620d370314893c19de467dfd6300fd
hardneg_backpack1_f9a25f12f407.jpg,hardneg_backpack1_f9a25f12f407,hardneg_backpack1,hardneg_backpack1:Screenshot-2025-02-10-114820,0,0,1,f9a25f12f4072a31372d7c1cbe9b33b68822870c
hardneg_backpack1_abff53859fa1.jpg,hardneg_backpack1_abff53859fa1,hardneg_backpack1,hardneg_backpack1:Screenshot-2025-02-10-114835,0,0,1,abff53859fa1026128b50cda6d03f9e08071819c
hardneg_backpack1_229e9c88286d.jpg,hardneg_backpack1_229e9c88286d,hardneg_backpack1,hardneg_backpack1:Screenshot-2025-02-10-114846,0,0,1,229e9c88286d739ef605a8041e07418bb1496747
hardneg_backpack1_88ed4973235a.jpg,hardneg_backpack1_88ed4973235a,hardneg_backpack1,hardneg_backpack1:Screenshot-2025-02-10-114911,0,0,1,88ed4973235ad1a6813b771631f8d99a6f787f64
hardneg_backpack1_121c33cd6221.jpg,hardneg_backpack1_121c33cd6221,hardneg_backpack1,hardneg_backpack1:Screenshot-2025-02-10-114930,0,0,1,121c33cd622100ef0a43fbdf75b6e5737d6d5a91
hardneg_backpack1_94ad22c8229a.jpg,hardneg_backpack1_94ad22c8229a,hardneg_backpack1,hardneg_backpack1:Screenshot-2025-02-10-114955,0,0,1,94ad22c8229a979ac1f7f8ab8a2db00f99b1f17b
hardneg_backpack1_f41a3a56acf9.jpg,hardneg_backpack1_f41a3a56acf9,hardneg_backpack1,hardneg_backpack1:Screenshot-2025-02-10-115015,0,0,1,f41a3a56acf9d37682d7f0c31b0b1358c802d03c
hardneg_backpack1_21f2cefb5692.jpg,hardneg_backpack1_21f2cefb5692,hardneg_backpack1,hardneg_backpack1:Screenshot-2025-02-10-115033,0,0,1,21f2cefb56928c3734936e2c63c503203f368652
hardneg_backpack1_9d5641a260d0.jpg,hardneg_backpack1_9d5641a260d0,hardneg_backpack1,hardneg_backpack1:Screenshot-2025-02-10-115059,0,0,1,9d5641a260d01f029b4d5b50497a632507fdce27
hardneg_backpack1_9f35e10dfb05.jpg,hardneg_backpack1_9f35e10dfb05,hardneg_backpack1,hardneg_backpack1:Screenshot-2025-02-10-115143,0,0,1,9f35e10dfb0517e6cca624169703c6412e375dc4
hardneg_backpack1_dcd1995c9b87.jpg,hardneg_backpack1_dcd1995c9b87,hardneg_backpack1,hardneg_backpack1:Screenshot-2025-02-10-115216,0,0,1,dcd1995c9b871596eda7131b603a759f17e88486
hardneg_backpack1_6be944faca0f.jpg,hardneg_backpack1_6be944faca0f,hardneg_backpack1,hardneg_backpack1:Screenshot-2025-02-10-115237,0,0,1,6be944faca0f5785b6f7476bf6252a76b6370fe9
hardneg_backpack1_ebac80435f85.jpg,hardneg_backpack1_ebac80435f85,hardneg_backpack1,hardneg_backpack1:Screenshot-2025-02-10-115340,0,0,1,ebac80435f85740b916361711c143b6b79c653a0
hardneg_backpack1_6438f70e7c0a.jpg,hardneg_backpack1_6438f70e7c0a,hardneg_backpack1,hardneg_backpack1:Screenshot-2025-02-10-115352,0,0,1,6438f70e7c0aeff56df0931fa4a36f4249480d07
hardneg_backpack1_a206dcf5ac0f.jpg,hardneg_backpack1_a206dcf5ac0f,hardneg_backpack1,hardneg_backpack1:Screenshot-2025-02-10-115416,0,0,1,a206dcf5ac0fc3d14f4b147f7f9fdef368212be6
hardneg_backpack1_5025b5d94741.jpg,hardneg_backpack1_5025b5d94741,hardneg_backpack1,hardneg_backpack1:Screenshot-2025-02-10-115449,0,0,1,5025b5d947410d716f191a8a2dcadbffe03e940e
hardneg_backpack1_acb2f6e2d33b.jpg,hardneg_backpack1_acb2f6e2d33b,hardneg_backpack1,hardneg_backpack1:Screenshot-2025-02-10-115506,0,0,1,acb2f6e2d33be2963b4e346e8654771344ed5a0b
hardneg_backpack1_2a7290882052.jpg,hardneg_backpack1_2a7290882052,hardneg_backpack1,hardneg_backpack1:Screenshot-2025-02-10-115526,0,0,1,2a72908820521eb86fa78e46d74cc7fbdba20244
hardneg_backpack1_ee828fe9e269.jpg,hardneg_backpack1_ee828fe9e269,hardneg_backpack1,hardneg_backpack1:Screenshot-2025-02-10-115540,0,0,1,ee828fe9e269c87fab41fb364d5831ab1e07f7e5
hardneg_backpack1_cb702f204477.jpg,hardneg_backpack1_cb702f204477,hardneg_backpack1,hardneg_backpack1:Screenshot-2025-02-10-115605,0,0,1,cb702f204477f0e4037ffda5a79abcd82816fc2e
hardneg_backpack1_fcecee7296db.jpg,hardneg_backpack1_fcecee7296db,hardneg_backpack1,hardneg_backpack1:Screenshot-2025-02-10-115622,0,0,1,fcecee7296dbe44775bf21dd2610b128265c7113
hardneg_backpack1_7a527e1c1ec4.jpg,hardneg_backpack1_7a527e1c1ec4,hardneg_backpack1,hardneg_backpack1:Screenshot-2025-02-10-115711,0,0,1,7a527e1c1ec4c74fdb83a5df1121c976b3020f1d
hardneg_backpack1_7a8a82287731.jpg,hardneg_backpack1_7a8a82287731,hardneg_backpack1,hardneg_backpack1:Screenshot-2025-02-10-115738,0,0,1,7a8a82287731395c97fb0cff654ba685e5da6fb2
hardneg_backpack1_a9cc22ddec69.jpg,hardneg_backpack1_a9cc22ddec69,hardneg_backpack1,hardneg_backpack1:Screenshot-2025-02-10-115755,0,0,1,a9cc22ddec690b071a10e4e99a5e543582a8c238
hardneg_backpack1_45edf8b0974e.jpg,hardneg_backpack1_45edf8b0974e,hardneg_backpack1,hardneg_backpack1:Screenshot-2025-02-10-115823,0,0,1,45edf8b0974ec2915513d263a8617603443f0f70
hardneg_backpack1_a8a489b7801f.jpg,hardneg_backpack1_a8a489b7801f,hardneg_backpack1,hardneg_backpack1:Screenshot-2025-02-10-115856,0,0,1,a8a489b7801f23a5e7a75b712a0f8ba60f96605a
hardneg_backpack1_900cf862544b.jpg,hardneg_backpack1_900cf862544b,hardneg_backpack1,hardneg_backpack1:Screenshot-2025-02-10-115914,0,0,1,900cf862544ba470782c6840cf6309d8c00213a6
hardneg_backpack1_ebb16c9e1399.jpg,hardneg_backpack1_ebb16c9e1399,hardneg_backpack1,hardneg_backpack1:Screenshot-2025-02-10-115930,0,0,1,ebb16c9e13997dbc82b4d5a924fdefaf3d721f0b
hardneg_backpack1_95a3fabed9aa.jpg,hardneg_backpack1_95a3fabed9aa,hardneg_backpack1,hardneg_backpack1:Screenshot-2025-02-10-120054,0,0,1,95a3fabed9aa35cbbfcb254ad075aaa8bfb45e77
hardneg_backpack1_a491eb403193.jpg,hardneg_backpack1_a491eb403193,hardneg_backpack1,hardneg_backpack1:Screenshot-2025-02-10-120108,0,0,1,a491eb403193268b9e8eadde99be19e991cd44d7
hardneg_backpack1_29f714e85218.jpg,hardneg_backpack1_29f714e85218,hardneg_backpack1,hardneg_backpack1:Screenshot-2025-02-10-120122,0,0,1,29f714e852186236e61b76418e6138100bf6fbfb
hardneg_backpack1_651945e179a8.jpg,hardneg_backpack1_651945e179a8,hardneg_backpack1,hardneg_backpack1:Screenshot-2025-02-10-120227,0,0,1,651945e179a86ac2b070aa083fab3962a72e50d0
hardneg_backpack1_7434f2a472c1.jpg,hardneg_backpack1_7434f2a472c1,hardneg_backpack1,hardneg_backpack1:Screenshot-2025-02-10-120331,0,0,1,7434f2a472c1a3547066ac6e4bb6bf2829014ee8
hardneg_backpack1_e07eb9e611f2.jpg,hardneg_backpack1_e07eb9e611f2,hardneg_backpack1,hardneg_backpack1:Screenshot-2025-02-10-120405,0,0,1,e07eb9e611f2ed97797bc77a1e15aa78fa17223b
hardneg_backpack1_126ab83ce7a1.jpg,hardneg_backpack1_126ab83ce7a1,hardneg_backpack1,hardneg_backpack1:Screenshot-2025-02-10-120420,0,0,1,126ab83ce7a140ab9710e141c1865ea3d40c6e58
hardneg_backpack1_af5d63597eb7.jpg,hardneg_backpack1_af5d63597eb7,hardneg_backpack1,hardneg_backpack1:Screenshot-2025-02-10-120431,0,0,1,af5d63597eb7075e1d694f56420a75070afd1893
hardneg_backpack1_ab69483140be.jpg,hardneg_backpack1_ab69483140be,hardneg_backpack1,hardneg_backpack1:Screenshot-2025-02-10-120446,0,0,1,ab69483140be2ffa1cdf9b125359aa92a19562d1
hardneg_backpack1_b37423f8ba7d.jpg,hardneg_backpack1_b37423f8ba7d,hardneg_backpack1,hardneg_backpack1:Screenshot-2025-02-10-120500,0,0,1,b37423f8ba7dcbdbc95f3c46f77ce42a626fbcb6
hardneg_backpack1_1b9a7faefdb7.jpg,hardneg_backpack1_1b9a7faefdb7,hardneg_backpack1,hardneg_backpack1:Screenshot-2025-02-10-120557,0,0,1,1b9a7faefdb7199bbf1048ea85a93423f8ce2586
hardneg_backpack1_d660061a11ee.jpg,hardneg_backpack1_d660061a11ee,hardneg_backpack1,hardneg_backpack1:Screenshot-2025-02-10-120627,0,0,1,d660061a11ee03e1ba53c72fc2f8b9620248f6aa
hardneg_backpack1_862aee84c90f.jpg,hardneg_backpack1_862aee84c90f,hardneg_backpack1,hardneg_backpack1:Screenshot-2025-02-10-120655,0,0,1,862aee84c90fcdde1a99c2c57784b2774ea61e88
hardneg_backpack1_6d8747fc22d9.jpg,hardneg_backpack1_6d8747fc22d9,hardneg_backpack1,hardneg_backpack1:Screenshot-2025-02-10-120737,0,0,1,6d8747fc22d987abb56c7dc8a1935208d2dbc73e
hardneg_backpack1_792b31ddf023.jpg,hardneg_backpack1_792b31ddf023,hardneg_backpack1,hardneg_backpack1:Screenshot-2025-02-10-120841,0,0,1,792b31ddf0233ca7bb799f823b5b3bc414c85653
hardneg_backpack1_6b8939c4f5c7.jpg,hardneg_backpack1_6b8939c4f5c7,hardneg_backpack1,hardneg_backpack1:Screenshot-2025-02-10-120858,0,0,1,6b8939c4f5c7483d01a0b46373b4e0b43536c73f
hardneg_backpack1_1f55e8f80331.jpg,hardneg_backpack1_1f55e8f80331,hardneg_backpack1,hardneg_backpack1:Screenshot-2025-02-10-120915,0,0,1,1f55e8f80331356040f846a1883596180f160730
hardneg_backpack1_7b6959f3c5f7.jpg,hardneg_backpack1_7b6959f3c5f7,hardneg_backpack1,hardneg_backpack1:Screenshot-2025-02-10-120931,0,0,1,7b6959f3c5f7006ffc67145a75d896d91af47e30
hardneg_backpack1_3f01a6291ed6.jpg,hardneg_backpack1_3f01a6291ed6,hardneg_backpack1,hardneg_backpack1:Screenshot-2025-02-10-121010,0,0,1,3f01a6291ed6a2194ec2ff4cceef1e5582ec4c62
hardneg_backpack1_77e2415491b0.jpg,hardneg_backpack1_77e2415491b0,hardneg_backpack1,hardneg_backpack1:Screenshot-2025-02-10-121052,0,0,1,77e2415491b0ca9c781dc319f8ffe1c0065f251f
hardneg_backpack1_acfb01f5efee.jpg,hardneg_backpack1_acfb01f5efee,hardneg_backpack1,hardneg_backpack1:Screenshot-2025-02-10-121109,0,0,1,acfb01f5efeec60e7ca0c8ba113a1c2ca228b3d0
hardneg_backpack1_6ba9f1c12205.jpg,hardneg_backpack1_6ba9f1c12205,hardneg_backpack1,hardneg_backpack1:Screenshot-2025-02-10-121149,0,0,1,6ba9f1c122050dc790c7d40206396222c34154dd
hardneg_backpack1_bc40f3354e77.jpg,hardneg_backpack1_bc40f3354e77,hardneg_backpack1,hardneg_backpack1:Screenshot-2025-02-10-121205,0,0,1,bc40f3354e77e2a5144591ce8979ac192257d0df
hardneg_backpack1_0121d38989e8.jpg,hardneg_backpack1_0121d38989e8,hardneg_backpack1,hardneg_backpack1:Screenshot-2025-02-10-121235,0,0,1,0121d38989e85dec5adfc0b2c90265587887eb7c
hardneg_backpack1_89b4c7cee057.jpg,hardneg_backpack1_89b4c7cee057,hardneg_backpack1,hardneg_backpack1:Screenshot-2025-02-10-121246,0,0,1,89b4c7cee05799779aecefbcb8174360cd3ccb55
hardneg_backpack1_94382ef27b61.jpg,hardneg_backpack1_94382ef27b61,hardneg_backpack1,hardneg_backpack1:Screenshot-2025-02-10-121300,0,0,1,94382ef27b6135f9f5d9c5c075df3065229b4c51
hardneg_backpack1_94dcb2e5d89f.jpg,hardneg_backpack1_94dcb2e5d89f,hardneg_backpack1,hardneg_backpack1:Screenshot-2025-02-10-121333,0,0,1,94dcb2e5d89f93e6b96e5689bd90287c2ec1136a
hardneg_backpack1_026fa9ec17a7.jpg,hardneg_backpack1_026fa9ec17a7,hardneg_backpack1,hardneg_backpack1:Screenshot-2025-02-10-121800,0,0,1,026fa9ec17a73a5669cf1c81ad3cff533fdfec05
hardneg_backpack1_ffa1254a2f5d.jpg,hardneg_backpack1_ffa1254a2f5d,hardneg_backpack1,hardneg_backpack1:Screenshot-2025-02-10-121852,0,0,1,ffa1254a2f5d767c09f030c31d3035c80e57f659
hardneg_backpack1_44ccb506df81.jpg,hardneg_backpack1_44ccb506df81,hardneg_backpack1,hardneg_backpack1:Screenshot-2025-02-10-121915,0,0,1,44ccb506df812c9f23fd87b30e7d1c637d3c0623
hardneg_backpack1_b95c1049bffa.jpg,hardneg_backpack1_b95c1049bffa,hardneg_backpack1,hardneg_backpack1:Screenshot-2025-02-10-121941,0,0,1,b95c1049bffa9895beb39ac43c65c32e848aef0e
hardneg_backpack1_c79b7dc17261.jpg,hardneg_backpack1_c79b7dc17261,hardneg_backpack1,hardneg_backpack1:Screenshot-2025-02-10-121957,0,0,1,c79b7dc17261e8004a211a3f6819ea0594ab7069
hardneg_backpack1_8d709eb3d5fe.jpg,hardneg_backpack1_8d709eb3d5fe,hardneg_backpack1,hardneg_backpack1:Screenshot-2025-02-10-122027,0,0,1,8d709eb3d5fed508ff66f33394f7a75eb66afd83
hardneg_backpack1_962fbd702f1b.jpg,hardneg_backpack1_962fbd702f1b,hardneg_backpack1,hardneg_backpack1:Screenshot-2025-02-10-122044,0,0,1,962fbd702f1b375de968c725d332ec3c151ccf00
hardneg_backpack1_f74291c1f116.jpg,hardneg_backpack1_f74291c1f116,hardneg_backpack1,hardneg_backpack1:Screenshot-2025-02-10-122059,0,0,1,f74291c1f116ea242bfe627eef039a6f53eb6443
hardneg_backpack1_af4dfd9150fe.jpg,hardneg_backpack1_af4dfd9150fe,hardneg_backpack1,hardneg_backpack1:Screenshot-2025-02-10-122112,0,0,1,af4dfd9150fe686298dda00ac86e29924c9bc51d
hardneg_backpack1_aec9ebe2f345.jpg,hardneg_backpack1_aec9ebe2f345,hardneg_backpack1,hardneg_backpack1:Screenshot-2025-02-10-122132,0,0,1,aec9ebe2f345de67aa7226a4eb3d7cdcb0e3cd51
hardneg_backpack1_124f12490148.jpg,hardneg_backpack1_124f12490148,hardneg_backpack1,hardneg_backpack1:Screenshot-2025-02-10-122155,0,0,1,124f124901489cdaed00e1026983abb934befd4b
hardneg_backpack1_febfb390031b.jpg,hardneg_backpack1_febfb390031b,hardneg_backpack1,hardneg_backpack1:Screenshot-2025-02-10-122225,0,0,1,febfb390031b2ad6bc1ff2b2ff4c7d8904d05a59
hardneg_backpack1_3cc5faf5e93e.jpg,hardneg_backpack1_3cc5faf5e93e,hardneg_backpack1,hardneg_backpack1:Screenshot-2025-02-10-122325,0,0,1,3cc5faf5e93e6c01eb3c5d6e8a10eac17b3d2766
hardneg_backpack1_7b22eeec2959.jpg,hardneg_backpack1_7b22eeec2959,hardneg_backpack1,hardneg_backpack1:Screenshot-2025-02-10-122358,0,0,1,7b22eeec2959767e4994cbc73011f4ef25f27ba3
hardneg_backpack1_bb78b7962898.jpg,hardneg_backpack1_bb78b7962898,hardneg_backpack1,hardneg_backpack1:Screenshot-2025-02-10-122414,0,0,1,bb78b7962898a1bf26ec4122088f00d74c97a85a
hardneg_backpack1_b1d62739973d.jpg,hardneg_backpack1_b1d62739973d,hardneg_backpack1,hardneg_backpack1:Screenshot-2025-02-10-122458,0,0,1,b1d62739973dbbbc18da297b3fba5413a2f5cf9a
hardneg_backpack1_28ea0f0a89c9.jpg,hardneg_backpack1_28ea0f0a89c9,hardneg_backpack1,hardneg_backpack1:Screenshot-2025-02-10-122558,0,0,1,28ea0f0a89c99fa538d8e1c4d04c946d6ac7797a
hardneg_backpack1_224c5226ec37.jpg,hardneg_backpack1_224c5226ec37,hardneg_backpack1,hardneg_backpack1:Screenshot-2025-02-10-122732,0,0,1,224c5226ec37195d532faba3ee3e29ed6df7a3ee
hardneg_backpack1_7ae5512ec0f2.jpg,hardneg_backpack1_7ae5512ec0f2,hardneg_backpack1,hardneg_backpack1:Screenshot-2025-02-10-122826,0,0,1,7ae5512ec0f25f5bcf295c062258f3be84c1097c
hardneg_backpack1_0656bdf5b322.jpg,hardneg_backpack1_0656bdf5b322,hardneg_backpack1,hardneg_backpack1:Screenshot-2025-02-10-122842,0,0,1,0656bdf5b322855c5cd5489a1b4cd7d2716de4ad
hardneg_backpack1_15c94f19b632.jpg,hardneg_backpack1_15c94f19b632,hardneg_backpack1,hardneg_backpack1:Screenshot-2025-02-10-122924,0,0,1,15c94f19b63219abfeb9fba3f4065fcddd11b9b9
hardneg_backpack1_f35ad89c8ff0.jpg,hardneg_backpack1_f35ad89c8ff0,hardneg_backpack1,hardneg_backpack1:Screenshot-2025-02-10-122953,0,0,1,f35ad89c8ff00ff1220f36dbf3f6ba7fe035ffb9
hardneg_backpack1_50c57456d3ed.jpg,hardneg_backpack1_50c57456d3ed,hardneg_backpack1,hardneg_backpack1:Screenshot-2025-02-10-123006,0,0,1,50c57456d3ed4041f9505e067ec531b9f8a9f26b
hardneg_backpack1_821738e0324e.jpg,hardneg_backpack1_821738e0324e,hardneg_backpack1,hardneg_backpack1:Screenshot-2025-02-10-124215,0,0,1,821738e0324e92fadd5da9c35c4742d5720a4df2
hardneg_backpack1_7da61098d390.jpg,hardneg_backpack1_7da61098d390,hardneg_backpack1,hardneg_backpack1:Screenshot-2025-02-10-124227,0,0,1,7da61098d3905c910c470d46dd11992760934a00
hardneg_backpack1_828f03e2c25b.jpg,hardneg_backpack1_828f03e2c25b,hardneg_backpack1,hardneg_backpack1:Screenshot-2025-02-10-124236,0,0,1,828f03e2c25b712d4d401da9b8cd9f046246ac68
hardneg_backpack1_5092f0755d3c.jpg,hardneg_backpack1_5092f0755d3c,hardneg_backpack1,hardneg_backpack1:Screenshot-2025-02-10-124308,0,0,1,5092f0755d3cbc73e120554f20df9acf21c8cb5a
hardneg_backpack1_e72880049b37.jpg,hardneg_backpack1_e72880049b37,hardneg_backpack1,hardneg_backpack1:Screenshot-2025-02-10-124333,0,0,1,e72880049b377fd10fefe18239590a833b1fa841
hardneg_backpack1_18cdd2a058ee.jpg,hardneg_backpack1_18cdd2a058ee,hardneg_backpack1,hardneg_backpack1:Screenshot-2025-02-10-124341,0,0,1,18cdd2a058eecc6d6ff7c71bd3686abe630d31ed
hardneg_backpack1_c4191426bea9.jpg,hardneg_backpack1_c4191426bea9,hardneg_backpack1,hardneg_backpack1:Screenshot-2025-02-10-124353,0,0,1,c4191426bea9dc232aa241036427e6c767204571
hardneg_backpack1_326d0ef6e183.jpg,hardneg_backpack1_326d0ef6e183,hardneg_backpack1,hardneg_backpack1:Screenshot-2025-02-10-124501,0,0,1,326d0ef6e183f4006cee5a41e50fd4caa881d405
hardneg_backpack1_9ad5d0f76afa.jpg,hardneg_backpack1_9ad5d0f76afa,hardneg_backpack1,hardneg_backpack1:Screenshot-2025-02-10-124603,0,0,1,9ad5d0f76afabf76768a927786c00fbcebce5928
hardneg_backpack1_8b84215ff5d3.jpg,hardneg_backpack1_8b84215ff5d3,hardneg_backpack1,hardneg_backpack1:Screenshot-2025-02-10-124639,0,0,1,8b84215ff5d3cd9e2325f705a15494fae0171886
hardneg_backpack1_e9ee6afceaa5.jpg,hardneg_backpack1_e9ee6afceaa5,hardneg_backpack1,hardneg_backpack1:Screenshot-2025-02-10-124711,0,0,1,e9ee6afceaa5ba52ad7958af32df97ca362bf7af
hardneg_backpack1_c95688a38842.jpg,hardneg_backpack1_c95688a38842,hardneg_backpack1,hardneg_backpack1:Screenshot-2025-02-10-124722,0,0,1,c95688a38842b73981a01eee53abb71699d408b2
hardneg_backpack1_c83ba926e535.jpg,hardneg_backpack1_c83ba926e535,hardneg_backpack1,hardneg_backpack1:Screenshot-2025-02-10-124733,0,0,1,c83ba926e535720cd4eaf3b195841dcbb81ff764
hardneg_backpack1_54a6172d98e8.jpg,hardneg_backpack1_54a6172d98e8,hardneg_backpack1,hardneg_backpack1:Screenshot-2025-02-10-124754,0,0,1,54a6172d98e82d6c56b4cf7c195bfff967fda2c4
hardneg_backpack1_fde9ad9baeac.jpg,hardneg_backpack1_fde9ad9baeac,hardneg_backpack1,hardneg_backpack1:Screenshot-2025-02-10-124815,0,0,1,fde9ad9baeacccf8ca3c45e5c1075c0440afe0a6
hardneg_backpack1_c106ad162ffe.jpg,hardneg_backpack1_c106ad162ffe,hardneg_backpack1,hardneg_backpack1:Screenshot-2025-02-10-124944,0,0,1,c106ad162ffe69ee60c1feaf5c4cb9c91c7ef52a
hardneg_backpack1_1c1e16d623e6.jpg,hardneg_backpack1_1c1e16d623e6,hardneg_backpack1,hardneg_backpack1:Screenshot-2025-02-10-125003,0,0,1,1c1e16d623e6387db3a504a37382f59033f692d2
hardneg_backpack1_9d6f469deaa1.jpg,hardneg_backpack1_9d6f469deaa1,hardneg_backpack1,hardneg_backpack1:Screenshot-2025-02-10-125034,0,0,1,9d6f469deaa1d9e69422394511e13b1067e42747
hardneg_backpack1_7aee282f71b7.jpg,hardneg_backpack1_7aee282f71b7,hardneg_backpack1,hardneg_backpack1:Screenshot-2025-02-10-125543,0,0,1,7aee282f71b7f5648fe3e54ac326027c5e03909a
hardneg_backpack1_c2a08b990782.jpg,hardneg_backpack1_c2a08b990782,hardneg_backpack1,hardneg_backpack1:Screenshot-2025-02-10-125745,0,0,1,c2a08b9907821e83db7e915a7c7972ae8ec0f3ba
hardneg_backpack1_272a0c3d5573.jpg,hardneg_backpack1_272a0c3d5573,hardneg_backpack1,hardneg_backpack1:Screenshot-2025-02-10-125757,0,0,1,272a0c3d557305adcb67235ac1e62fa215ea92b5
hardneg_backpack1_ea7d81bbc559.jpg,hardneg_backpack1_ea7d81bbc559,hardneg_backpack1,hardneg_backpack1:Screenshot-2025-02-10-125822,0,0,1,ea7d81bbc559ca23607b6b3d064a2db8f33b5d95
hardneg_backpack1_3879eac9cb68.jpg,hardneg_backpack1_3879eac9cb68,hardneg_backpack1,hardneg_backpack1:Screenshot-2025-02-10-125942,0,0,1,3879eac9cb68fb948ec31195856963fa5d7cb61b
hardneg_backpack1_b248fff9e4c2.jpg,hardneg_backpack1_b248fff9e4c2,hardneg_backpack1,hardneg_backpack1:Screenshot-2025-02-10-133143,0,0,1,b248fff9e4c26130e6a432ddd00f8cebb9867261
hardneg_backpack1_f2d1f19b813c.jpg,hardneg_backpack1_f2d1f19b813c,hardneg_backpack1,hardneg_backpack1:Screenshot-2025-02-10-133205,0,0,1,f2d1f19b813c844a5d8b963d64b34e2674abf9ac
hardneg_backpack1_a80057cbe945.jpg,hardneg_backpack1_a80057cbe945,hardneg_backpack1,hardneg_backpack1:Screenshot-2025-02-10-133246,0,0,1,a80057cbe94513648615c2a6e8989cb7f3e37387
hardneg_backpack1_27e1fdfc7b70.jpg,hardneg_backpack1_27e1fdfc7b70,hardneg_backpack1,hardneg_backpack1:Screenshot-2025-02-10-133343,0,0,1,27e1fdfc7b70218bd44e5ba0cd847cf8c3a65e4a
hardneg_backpack1_bbcfe3865b34.jpg,hardneg_backpack1_bbcfe3865b34,hardneg_backpack1,hardneg_backpack1:Screenshot-2025-02-10-133412,0,0,1,bbcfe3865b341a86af9a3ad19952636a9b811f0b
hardneg_backpack1_fa9564fb092b.jpg,hardneg_backpack1_fa9564fb092b,hardneg_backpack1,hardneg_backpack1:Screenshot-2025-02-10-133529,0,0,1,fa9564fb092be6ca9d8ecbbcf70b996d70a0dc1f
hardneg_backpack1_4be9335f9038.jpg,hardneg_backpack1_4be9335f9038,hardneg_backpack1,hardneg_backpack1:Screenshot-2025-02-10-133803,0,0,1,4be9335f90387f4fdffa7bbbb94106a1e6cbd23c
hardneg_backpack1_469fe502fef9.jpg,hardneg_backpack1_469fe502fef9,hardneg_backpack1,hardneg_backpack1:Screenshot-2025-02-10-134017,0,0,1,469fe502fef9699ee76a990c288aa6f040e4adfd
hardneg_backpack1_2ec57283599c.jpg,hardneg_backpack1_2ec57283599c,hardneg_backpack1,hardneg_backpack1:Screenshot-2025-02-10-134031,0,0,1,2ec57283599c30986a444a852549f378937143cb
hardneg_backpack1_f73f183666a0.jpg,hardneg_backpack1_f73f183666a0,hardneg_backpack1,hardneg_backpack1:Screenshot-2025-02-10-134202,0,0,1,f73f183666a04b9def525a13a51a1523f0c97e22
hardneg_backpack1_5f437cdf667c.jpg,hardneg_backpack1_5f437cdf667c,hardneg_backpack1,hardneg_backpack1:Screenshot-2025-02-10-134216,0,0,1,5f437cdf667c062f2d6e930f03204bba42592761
hardneg_backpack1_39c7cf5d05c9.jpg,hardneg_backpack1_39c7cf5d05c9,hardneg_backpack1,hardneg_backpack1:Screenshot-2025-02-10-134535,0,0,1,39c7cf5d05c9e09825a9548353361dc2b36de516
hardneg_backpack1_e8b528dc5c63.jpg,hardneg_backpack1_e8b528dc5c63,hardneg_backpack1,hardneg_backpack1:Screenshot-2025-02-10-134548,0,0,1,e8b528dc5c633956ae8418fd03d5db99e98b06e0
hardneg_backpack1_e389e0e77bbf.jpg,hardneg_backpack1_e389e0e77bbf,hardneg_backpack1,hardneg_backpack1:Screenshot-2025-02-10-134631,0,0,1,e389e0e77bbfe8a741381e070173745741c65efd
hardneg_backpack1_d5088b5d6eb9.jpg,hardneg_backpack1_d5088b5d6eb9,hardneg_backpack1,hardneg_backpack1:Screenshot-2025-02-10-134653,0,0,1,d5088b5d6eb937b994d6e3c8952adf4b8633c148
hardneg_backpack1_4c1e24eb88c4.jpg,hardneg_backpack1_4c1e24eb88c4,hardneg_backpack1,hardneg_backpack1:Screenshot-2025-02-10-134726,0,0,1,4c1e24eb88c4dca175f179d07e8bc6c55af17748
hardneg_backpack1_bc0c2063a026.jpg,hardneg_backpack1_bc0c2063a026,hardneg_backpack1,hardneg_backpack1:Screenshot-2025-02-10-134800,0,0,1,bc0c2063a0262bc854a7a12e14104c1909acce0e
hardneg_backpack1_c72b62e096ef.jpg,hardneg_backpack1_c72b62e096ef,hardneg_backpack1,hardneg_backpack1:Screenshot-2025-02-10-134812,0,0,1,c72b62e096efac6515ab05ba05ae6b3245653b8e
hardneg_backpack1_0f8fd0f6deb1.jpg,hardneg_backpack1_0f8fd0f6deb1,hardneg_backpack1,hardneg_backpack1:Screenshot-2025-02-10-134923,0,0,1,0f8fd0f6deb1a8c4a825ba0a7bbfb7c9055ecdc5
hardneg_backpack1_e372b9821211.jpg,hardneg_backpack1_e372b9821211,hardneg_backpack1,hardneg_backpack1:Screenshot-2025-02-10-135106,0,0,1,e372b98212110cba407fd72a47e90b4c3c2c75d3
hardneg_backpack1_24269556a573.jpg,hardneg_backpack1_24269556a573,hardneg_backpack1,hardneg_backpack1:Screenshot-2025-02-10-135144,0,0,1,24269556a57304a350b1d597ddfb50d615733785
hardneg_backpack1_6ebea2532c04.jpg,hardneg_backpack1_6ebea2532c04,hardneg_backpack1,hardneg_backpack1:Screenshot-2025-02-10-135237,0,0,1,6ebea2532c0483313bd63893142a0c9453eb3aab
hardneg_backpack1_b9340865ae66.jpg,hardneg_backpack1_b9340865ae66,hardneg_backpack1,hardneg_backpack1:Screenshot-2025-02-10-135307,0,0,1,b9340865ae665a25cfdd9c1c56951ac532cdd376
hardneg_backpack1_ff38a4424c0f.jpg,hardneg_backpack1_ff38a4424c0f,hardneg_backpack1,hardneg_backpack1:Screenshot-2025-02-10-152615,0,0,1,ff38a4424c0f8dd9333c7df642d1842818faa5f1
hardneg_backpack1_a0b8d1eb0f14.jpg,hardneg_backpack1_a0b8d1eb0f14,hardneg_backpack1,hardneg_backpack1:Screenshot-2025-02-10-152641,0,0,1,a0b8d1eb0f148a071376556b5f1068af701131f0
hardneg_backpack1_5ab173074129.jpg,hardneg_backpack1_5ab173074129,hardneg_backpack1,hardneg_backpack1:Screenshot-2025-02-10-152652,0,0,1,5ab17307412998fde34d50e4e1a16caed26e6789
hardneg_backpack1_1731638a9338.jpg,hardneg_backpack1_1731638a9338,hardneg_backpack1,hardneg_backpack1:Screenshot-2025-02-10-152831,0,0,1,1731638a9338ab8f697cbc117ba72fae09946bab
hardneg_backpack1_3c244e53e675.jpg,hardneg_backpack1_3c244e53e675,hardneg_backpack1,hardneg_backpack1:Screenshot-2025-02-10-152901,0,0,1,3c244e53e6751e5408010d077326d6bd52db8c04
hardneg_backpack1_a379ed495603.jpg,hardneg_backpack1_a379ed495603,hardneg_backpack1,hardneg_backpack1:Screenshot-2025-02-10-153450,0,0,1,a379ed495603f09dbd5bc0f64779c46f1168f9f7
hardneg_backpack1_da389d9dcf22.jpg,hardneg_backpack1_da389d9dcf22,hardneg_backpack1,hardneg_backpack1:Screenshot-2025-02-10-153723,0,0,1,da389d9dcf22fd149b29bf122f1b12c07aa2ea70
hardneg_backpack1_aaf9046cf30f.jpg,hardneg_backpack1_aaf9046cf30f,hardneg_backpack1,hardneg_backpack1:Screenshot-2025-02-10-154004,0,0,1,aaf9046cf30f44560440d6eeab270cd3a4d235e3
hardneg_backpack1_3d337d52d7e1.jpg,hardneg_backpack1_3d337d52d7e1,hardneg_backpack1,hardneg_backpack1:Screenshot-2025-02-10-154050,0,0,1,3d337d52d7e102dfa0abd7f7eb26c2df8a02def9
hardneg_backpack1_0400abe85baa.jpg,hardneg_backpack1_0400abe85baa,hardneg_backpack1,hardneg_backpack1:Screenshot-2025-02-10-154143,0,0,1,0400abe85baa7528acf43d52db9db45768c9a6d0
hardneg_backpack1_3e7fe0ac5385.jpg,hardneg_backpack1_3e7fe0ac5385,hardneg_backpack1,hardneg_backpack1:Screenshot-2025-02-10-154254,0,0,1,3e7fe0ac538558d5acca0dc716f49551491db37d
hardneg_backpack1_ff8ff9c7c8fe.jpg,hardneg_backpack1_ff8ff9c7c8fe,hardneg_backpack1,hardneg_backpack1:Screenshot-2025-02-10-154336,0,0,1,ff8ff9c7c8fecde18bbc3094cf6fcd9c263907b6
hardneg_backpack1_32642b2fe437.jpg,hardneg_backpack1_32642b2fe437,hardneg_backpack1,hardneg_backpack1:Screenshot-2025-02-10-154434,0,0,1,32642b2fe437f819da518dc926064c3d6b6c94dc
hardneg_backpack1_593189d1c147.jpg,hardneg_backpack1_593189d1c147,hardneg_backpack1,hardneg_backpack1:Screenshot-2025-02-10-154503,0,0,1,593189d1c1474619ff26e9f50e76f22f19088f97
hardneg_backpack1_c4bc65154a21.jpg,hardneg_backpack1_c4bc65154a21,hardneg_backpack1,hardneg_backpack1:Screenshot-2025-02-10-155137,0,0,1,c4bc65154a21bae11e386f38b39762cfe5a08f64
hardneg_backpack1_3204ad65367e.jpg,hardneg_backpack1_3204ad65367e,hardneg_backpack1,hardneg_backpack1:Screenshot-2025-02-10-155204,0,0,1,3204ad65367ebc271a343afa1cf98406c1acc4db
hardneg_backpack1_a2862dad4ad8.jpg,hardneg_backpack1_a2862dad4ad8,hardneg_backpack1,hardneg_backpack1:Screenshot-2025-02-10-155302,0,0,1,a2862dad4ad8b95aa165d46c83e8030178623c79
hardneg_backpack1_80081f838666.jpg,hardneg_backpack1_80081f838666,hardneg_backpack1,hardneg_backpack1:Screenshot-2025-02-10-155423,0,0,1,80081f838666bebe1f04e0f12a06d8f0e18ca896
hardneg_backpack1_ae9a99565442.jpg,hardneg_backpack1_ae9a99565442,hardneg_backpack1,hardneg_backpack1:Screenshot-2025-02-10-155443,0,0,1,ae9a995654423fd71a106cfbf1ec1090e88b2a72
hardneg_backpack1_92be19040319.jpg,hardneg_backpack1_92be19040319,hardneg_backpack1,hardneg_backpack1:Screenshot-2025-02-10-155538,0,0,1,92be19040319371f8159c3c91982be87be25cf5a
hardneg_backpack1_5bda065db5b4.jpg,hardneg_backpack1_5bda065db5b4,hardneg_backpack1,hardneg_backpack1:Screenshot-2025-02-10-155556,0,0,1,5bda065db5b4b3f28d53f9f8dc0b6a111c1a479b
hardneg_backpack1_b68fc886424f.jpg,hardneg_backpack1_b68fc886424f,hardneg_backpack1,hardneg_backpack1:Screenshot-2025-02-10-155623,0,0,1,b68fc886424f87882090ee916aa109f0a0654c86
hardneg_backpack1_1cd58c70237b.jpg,hardneg_backpack1_1cd58c70237b,hardneg_backpack1,hardneg_backpack1:Screenshot-2025-02-10-155635,0,0,1,1cd58c70237bfe8f644b9f553921892d3e2885b8
hardneg_backpack1_a9f8cd1e4b91.jpg,hardneg_backpack1_a9f8cd1e4b91,hardneg_backpack1,hardneg_backpack1:Screenshot-2025-02-10-155707,0,0,1,a9f8cd1e4b91e0735b1c9d0ec8aee0d87f03832e
hardneg_backpack1_2e119e098be5.jpg,hardneg_backpack1_2e119e098be5,hardneg_backpack1,hardneg_backpack1:Screenshot-2025-02-10-155746,0,0,1,2e119e098be5cb5b507e42ce391f79d90365b6b7
hardneg_backpack1_5faa926dc5cb.jpg,hardneg_backpack1_5faa926dc5cb,hardneg_backpack1,hardneg_backpack1:Screenshot-2025-02-10-160031,0,0,1,5faa926dc5cbd76cd3b9917e8e1b2a3fe1f2b7d2
hardneg_backpack1_543539e5b653.jpg,hardneg_backpack1_543539e5b653,hardneg_backpack1,hardneg_backpack1:Screenshot-2025-02-10-160126,0,0,1,543539e5b6534cddbc635ebaadd5bf3e40627e1b
hardneg_backpack1_732f7e617eaf.jpg,hardneg_backpack1_732f7e617eaf,hardneg_backpack1,hardneg_backpack1:Screenshot-2025-02-10-160151,0,0,1,732f7e617eaf4b98f176d29bbcf3ecaae3ec21af
hardneg_backpack1_23133fb4f840.jpg,hardneg_backpack1_23133fb4f840,hardneg_backpack1,hardneg_backpack1:Screenshot-2025-02-10-161504,0,0,1,23133fb4f8400ec02da7f9aff3d0cf1dac76d87c
hardneg_backpack1_e4331522fa08.jpg,hardneg_backpack1_e4331522fa08,hardneg_backpack1,hardneg_backpack1:Screenshot-2025-02-10-161530,0,0,1,e4331522fa08c0b101bd214cf536da89670d26f8
hardneg_backpack1_509160aaf065.jpg,hardneg_backpack1_509160aaf065,hardneg_backpack1,hardneg_backpack1:Screenshot-2025-02-10-161549,0,0,1,509160aaf0657a05a521581ad711851bd51e76ee
hardneg_backpack1_ca384d2109f8.jpg,hardneg_backpack1_ca384d2109f8,hardneg_backpack1,hardneg_backpack1:Screenshot-2025-02-10-161859,0,0,1,ca384d2109f867e1a0d80ebc2fe356788129adfa
hardneg_backpack1_49f462beacbc.jpg,hardneg_backpack1_49f462beacbc,hardneg_backpack1,hardneg_backpack1:Screenshot-2025-02-10-161944,0,0,1,49f462beacbc14f03733a315fdd6486ce69aba96
hardneg_backpack1_87369758aa6e.jpg,hardneg_backpack1_87369758aa6e,hardneg_backpack1,hardneg_backpack1:Screenshot-2025-02-10-162113,0,0,1,87369758aa6ee2e3ef88cbc8782522025ba85700
hardneg_backpack1_a6671bdbe708.jpg,hardneg_backpack1_a6671bdbe708,hardneg_backpack1,hardneg_backpack1:Screenshot-2025-02-10-162128,0,0,1,a6671bdbe70854ac6a774667ae99462c8495c6a6
hardneg_backpack1_8643a92b8aa2.jpg,hardneg_backpack1_8643a92b8aa2,hardneg_backpack1,hardneg_backpack1:Screenshot-2025-02-10-162156,0,0,1,8643a92b8aa2a36623b935963aec19ee6a357cd5
hardneg_backpack1_3289b1a9b19b.jpg,hardneg_backpack1_3289b1a9b19b,hardneg_backpack1,hardneg_backpack1:Screenshot-2025-02-10-162204,0,0,1,3289b1a9b19b5ac8dc90e2b2aaf68ecb534b7313
hardneg_backpack1_01dd99b9f099.jpg,hardneg_backpack1_01dd99b9f099,hardneg_backpack1,hardneg_backpack1:Screenshot-2025-02-10-162321,0,0,1,01dd99b9f099bae8e645e54f415a874256fde970
hardneg_backpack1_5f5dfc19a0ee.jpg,hardneg_backpack1_5f5dfc19a0ee,hardneg_backpack1,hardneg_backpack1:Screenshot-2025-02-10-162355,0,0,1,5f5dfc19a0eecc307aab394ea2f5a3947332283a
hardneg_backpack1_87896849fcb2.jpg,hardneg_backpack1_87896849fcb2,hardneg_backpack1,hardneg_backpack1:Screenshot-2025-02-10-162503,0,0,1,87896849fcb24975286eedd360c04e80cba60ec0
hardneg_backpack1_4df338e66ee9.jpg,hardneg_backpack1_4df338e66ee9,hardneg_backpack1,hardneg_backpack1:Screenshot-2025-02-10-162526,0,0,1,4df338e66ee9ccb0923bead6a008907259962f71
hardneg_backpack1_41f89994eba7.jpg,hardneg_backpack1_41f89994eba7,hardneg_backpack1,hardneg_backpack1:Screenshot-2025-02-10-162544,0,0,1,41f89994eba7a3cf4d3e04ac7c77189b18eba8ab
hardneg_backpack1_1a3f7027c563.jpg,hardneg_backpack1_1a3f7027c563,hardneg_backpack1,hardneg_backpack1:Screenshot-2025-02-10-162622,0,0,1,1a3f7027c563a950018ea218b09114ac6410abad
hardneg_backpack1_0a263d232d4b.jpg,hardneg_backpack1_0a263d232d4b,hardneg_backpack1,hardneg_backpack1:Screenshot-2025-02-10-170335,0,0,1,0a263d232d4b6e6c6747f9bf2c2a4cc5839bab88
hardneg_backpack1_9d7551237a29.jpg,hardneg_backpack1_9d7551237a29,hardneg_backpack1,hardneg_backpack1:Screenshot-2025-02-10-170345,0,0,1,9d7551237a29b63d47682bfcec8b6eaf7ebf11d1
hardneg_backpack1_50b325667e7e.jpg,hardneg_backpack1_50b325667e7e,hardneg_backpack1,hardneg_backpack1:Screenshot-2025-02-10-171308,0,0,1,50b325667e7e9823fefa7d925ec8076341c39c76
hardneg_backpack1_49ea60057bac.jpg,hardneg_backpack1_49ea60057bac,hardneg_backpack1,hardneg_backpack1:Screenshot-2025-02-10-171317,0,0,1,49ea60057bacdb2df3d76edc0249d067791d3edf
hardneg_backpack1_77e1cf190b77.jpg,hardneg_backpack1_77e1cf190b77,hardneg_backpack1,hardneg_backpack1:Screenshot-2025-02-10-171331,0,0,1,77e1cf190b774fa6d1a79ce7cb16cfcd84d0caf0
hardneg_backpack1_23f17a43f4fe.jpg,hardneg_backpack1_23f17a43f4fe,hardneg_backpack1,hardneg_backpack1:Screenshot-2025-02-10-171500,0,0,1,23f17a43f4fe8ac64220c79c4fd93bc963386638
hardneg_backpack1_a824322c2983.jpg,hardneg_backpack1_a824322c2983,hardneg_backpack1,hardneg_backpack1:Screenshot-2025-02-10-171526,0,0,1,a824322c298381e1e2962210aca532cd73ed2727
hardneg_backpack1_e1380c41bc59.jpg,hardneg_backpack1_e1380c41bc59,hardneg_backpack1,hardneg_backpack1:Screenshot-2025-02-10-171537,0,0,1,e1380c41bc59363eabeb42453d4a30e6e8109482
hardneg_backpack1_58a73456ff15.jpg,hardneg_backpack1_58a73456ff15,hardneg_backpack1,hardneg_backpack1:Screenshot-2025-02-10-171548,0,0,1,58a73456ff151080c8332a6a04bf30c4ac0639aa
hardneg_backpack1_22626776b12e.jpg,hardneg_backpack1_22626776b12e,hardneg_backpack1,hardneg_backpack1:Screenshot-2025-02-10-171635,0,0,1,22626776b12ee31950dc973601566d31b47cd6d2
hardneg_backpack1_130afd749c90.jpg,hardneg_backpack1_130afd749c90,hardneg_backpack1,hardneg_backpack1:Screenshot-2025-02-10-171752,0,0,1,130afd749c902f227b27ab488c0c9a00a8b05fc5
hardneg_backpack1_0a62b0f723ea.jpg,hardneg_backpack1_0a62b0f723ea,hardneg_backpack1,hardneg_backpack1:Screenshot-2025-02-10-171815,0,0,1,0a62b0f723eacc65c761be92c16626af68e68bbe
hardneg_backpack1_2d2cccb2088b.jpg,hardneg_backpack1_2d2cccb2088b,hardneg_backpack1,hardneg_backpack1:Screenshot-2025-02-10-171840,0,0,1,2d2cccb2088b534b074bbd8445e7be4bcb27959c
hardneg_backpack1_408f748d13c0.jpg,hardneg_backpack1_408f748d13c0,hardneg_backpack1,hardneg_backpack1:Screenshot-2025-02-10-171915,0,0,1,408f748d13c035a180e90aa65876e55289a345a1
hardneg_backpack1_c42bf2cddee5.jpg,hardneg_backpack1_c42bf2cddee5,hardneg_backpack1,hardneg_backpack1:Screenshot-2025-02-10-171931,0,0,1,c42bf2cddee5e0a87f4c98d71e4667d943240873
hardneg_backpack1_ff1c4c848d79.jpg,hardneg_backpack1_ff1c4c848d79,hardneg_backpack1,hardneg_backpack1:Screenshot-2025-02-10-171958,0,0,1,ff1c4c848d79f198805b0b5233dbf97b10aeaf80
hardneg_backpack1_1c01a787e5b0.jpg,hardneg_backpack1_1c01a787e5b0,hardneg_backpack1,hardneg_backpack1:Screenshot-2025-02-10-172022,0,0,1,1c01a787e5b03d629e3c9d10fd0d143b4986c599
hardneg_backpack1_bd45099cded6.jpg,hardneg_backpack1_bd45099cded6,hardneg_backpack1,hardneg_backpack1:Screenshot-2025-02-10-172036,0,0,1,bd45099cded6089680a23ca87f4fbbd76ab117b0
hardneg_backpack1_cbf6d5e1b3be.jpg,hardneg_backpack1_cbf6d5e1b3be,hardneg_backpack1,hardneg_backpack1:Screenshot-2025-02-10-172122,0,0,1,cbf6d5e1b3be847877acc8626eeada88480c2108
hardneg_backpack1_174da1f2eae9.jpg,hardneg_backpack1_174da1f2eae9,hardneg_backpack1,hardneg_backpack1:Screenshot-2025-02-10-172149,0,0,1,174da1f2eae9f170981c878c0e430ec40c96c592
hardneg_backpack1_c48ca2d456d5.jpg,hardneg_backpack1_c48ca2d456d5,hardneg_backpack1,hardneg_backpack1:Screenshot-2025-02-10-172230,0,0,1,c48ca2d456d5c039f2781d07329084c995a8b221
hardneg_backpack1_abec7e6ca3c3.jpg,hardneg_backpack1_abec7e6ca3c3,hardneg_backpack1,hardneg_backpack1:Screenshot-2025-02-10-172337,0,0,1,abec7e6ca3c3ddcb587ec704f0caec78383d604a
hardneg_backpack1_811583167442.jpg,hardneg_backpack1_811583167442,hardneg_backpack1,hardneg_backpack1:Screenshot-2025-02-10-172418,0,0,1,8115831674420611f43ac055d8c117b3f2a0f49a
hardneg_backpack1_5e51a335caf4.jpg,hardneg_backpack1_5e51a335caf4,hardneg_backpack1,hardneg_backpack1:Screenshot-2025-02-10-172441,0,0,1,5e51a335caf45e17396b583a33bc160816156b03
hardneg_backpack1_50e48f8ba17b.jpg,hardneg_backpack1_50e48f8ba17b,hardneg_backpack1,hardneg_backpack1:Screenshot-2025-02-10-172535,0,0,1,50e48f8ba17b11400c1d0b086d2f683fa09e0803
hardneg_backpack1_00f89457dae2.jpg,hardneg_backpack1_00f89457dae2,hardneg_backpack1,hardneg_backpack1:Screenshot-2025-02-10-172549,0,0,1,00f89457dae26eae77a9d779bfe1d8ccc0940274
hardneg_backpack1_062208b0527c.jpg,hardneg_backpack1_062208b0527c,hardneg_backpack1,hardneg_backpack1:Screenshot-2025-02-10-172601,0,0,1,062208b0527cadb2f932d314a1e97429bfb9fbd3
hardneg_backpack1_7a0d87a44f4e.jpg,hardneg_backpack1_7a0d87a44f4e,hardneg_backpack1,hardneg_backpack1:Screenshot-2025-02-10-172646,0,0,1,7a0d87a44f4e3aefabc079d76b930134d81b86fb
hardneg_backpack1_15f467be3245.jpg,hardneg_backpack1_15f467be3245,hardneg_backpack1,hardneg_backpack1:Screenshot-2025-02-10-172659,0,0,1,15f467be32452b82cd0f5b56f80d60c3fbc0f02c
hardneg_backpack1_13b7eacc672c.jpg,hardneg_backpack1_13b7eacc672c,hardneg_backpack1,hardneg_backpack1:Screenshot-2025-02-10-172719,0,0,1,13b7eacc672c896d73d40a8839dd78c537111814
hardneg_backpack1_63cd6b674b38.jpg,hardneg_backpack1_63cd6b674b38,hardneg_backpack1,hardneg_backpack1:Screenshot-2025-02-10-172757,0,0,1,63cd6b674b38c83ed794e3e4a9c0d68b4ca274f1
hardneg_backpack1_9d40ac714d41.jpg,hardneg_backpack1_9d40ac714d41,hardneg_backpack1,hardneg_backpack1:Screenshot-2025-02-10-172840,0,0,1,9d40ac714d412507fa82f77d9e65d2df8f9f25b2
hardneg_backpack1_6c84a082b029.jpg,hardneg_backpack1_6c84a082b029,hardneg_backpack1,hardneg_backpack1:Screenshot-2025-02-10-172856,0,0,1,6c84a082b029b66e6257c732ddbfedbca1837962
hardneg_backpack1_482643047fe1.jpg,hardneg_backpack1_482643047fe1,hardneg_backpack1,hardneg_backpack1:Screenshot-2025-02-10-172909,0,0,1,482643047fe12a5f4baf3a169b1d01d01e675759
hardneg_backpack1_96132d016c9e.jpg,hardneg_backpack1_96132d016c9e,hardneg_backpack1,hardneg_backpack1:Screenshot-2025-02-10-172924,0,0,1,96132d016c9e334ebbba9eefa6dd9ac36d29a0e3
hardneg_backpack1_7cc3acf1822d.jpg,hardneg_backpack1_7cc3acf1822d,hardneg_backpack1,hardneg_backpack1:Screenshot-2025-02-10-172941,0,0,1,7cc3acf1822da36a0cacf4cc5858a4924c381738
hardneg_backpack1_945fc0378654.jpg,hardneg_backpack1_945fc0378654,hardneg_backpack1,hardneg_backpack1:Screenshot-2025-02-10-173003,0,0,1,945fc03786548d09429faf47f3e2e9156d78afd8
hardneg_backpack1_bb736f550012.jpg,hardneg_backpack1_bb736f550012,hardneg_backpack1,hardneg_backpack1:Screenshot-2025-02-10-173123,0,0,1,bb736f5500124aae489d4125087a73d44f9e6582
hardneg_backpack1_830ea087c2cf.jpg,hardneg_backpack1_830ea087c2cf,hardneg_backpack1,hardneg_backpack1:Screenshot-2025-02-10-173242,0,0,1,830ea087c2cf4aff9751f4ea4169c36937cf09d1
hardneg_backpack1_c00a53eda39c.jpg,hardneg_backpack1_c00a53eda39c,hardneg_backpack1,hardneg_backpack1:Screenshot-2025-02-10-173257,0,0,1,c00a53eda39cc9578d09070237e91fb1f95b2bca
hardneg_backpack1_a2fb28724e75.jpg,hardneg_backpack1_a2fb28724e75,hardneg_backpack1,hardneg_backpack1:Screenshot-2025-02-10-173310,0,0,1,a2fb28724e75a0f7b52d42b3aedcbc68f473a3ce
hardneg_backpack1_567ee6ab0243.jpg,hardneg_backpack1_567ee6ab0243,hardneg_backpack1,hardneg_backpack1:Screenshot-2025-02-10-173322,0,0,1,567ee6ab0243ec695b40d2b90cf4c24a3b3ab0f2
hardneg_backpack1_96424d42cebe.jpg,hardneg_backpack1_96424d42cebe,hardneg_backpack1,hardneg_backpack1:Screenshot-2025-02-10-173400,0,0,1,96424d42cebe24e855d39ed936e5342c7a49bec1
hardneg_backpack1_95b2b846f789.jpg,hardneg_backpack1_95b2b846f789,hardneg_backpack1,hardneg_backpack1:Screenshot-2025-02-10-173447,0,0,1,95b2b846f789b3ff558c57ede0c33e2c71930388
hardneg_backpack1_12001cef79bb.jpg,hardneg_backpack1_12001cef79bb,hardneg_backpack1,hardneg_backpack1:Screenshot-2025-02-10-173458,0,0,1,12001cef79bb3702fb218583fc1a944c7ba46220
hardneg_backpack1_4a5c75e8e5bc.jpg,hardneg_backpack1_4a5c75e8e5bc,hardneg_backpack1,hardneg_backpack1:Screenshot-2025-02-10-173526,0,0,1,4a5c75e8e5bcd6542ff0ce22464d754558a2fa10
hardneg_backpack1_8d5767ff4a47.jpg,hardneg_backpack1_8d5767ff4a47,hardneg_backpack1,hardneg_backpack1:Screenshot-2025-02-10-173536,0,0,1,8d5767ff4a47ae4fcb8d8e26b575d693d8221dd2
hardneg_backpack1_0935c90832bf.jpg,hardneg_backpack1_0935c90832bf,hardneg_backpack1,hardneg_backpack1:Screenshot-2025-02-10-173557,0,0,1,0935c90832bfb48ef5b74a93bb67cf675d90e0e1
hardneg_backpack1_314a20e0422e.jpg,hardneg_backpack1_314a20e0422e,hardneg_backpack1,hardneg_backpack1:Screenshot-2025-02-10-173615,0,0,1,314a20e0422e9a85713b29bac1e65a46d83fc43e
hardneg_backpack1_f65addc20135.jpg,hardneg_backpack1_f65addc20135,hardneg_backpack1,hardneg_backpack1:Screenshot-2025-02-10-173624,0,0,1,f65addc201355b46770576222d847df267178512
hardneg_backpack1_93d1f1f99140.jpg,hardneg_backpack1_93d1f1f99140,hardneg_backpack1,hardneg_backpack1:Screenshot-2025-02-10-173912,0,0,1,93d1f1f99140d8c4dd94534eb9bd0bf948c3a25d
hardneg_backpack1_136599d8b710.jpg,hardneg_backpack1_136599d8b710,hardneg_backpack1,hardneg_backpack1:Screenshot-2025-02-10-173954,0,0,1,136599d8b7100f1d2d76e05aaea034c385ff6347
hardneg_backpack1_cabd35e6ebcc.jpg,hardneg_backpack1_cabd35e6ebcc,hardneg_backpack1,hardneg_backpack1:Screenshot-2025-02-10-174038,0,0,1,cabd35e6ebccf4c34a7d66a6bbbb032bf725e103
hardneg_backpack1_b5e8826c7dda.jpg,hardneg_backpack1_b5e8826c7dda,hardneg_backpack1,hardneg_backpack1:Screenshot-2025-02-10-174057,0,0,1,b5e8826c7dda4db0aee5c06075149845af1cf525
hardneg_backpack1_4ee8d9309b14.jpg,hardneg_backpack1_4ee8d9309b14,hardneg_backpack1,hardneg_backpack1:Screenshot-2025-02-10-174118,0,0,1,4ee8d9309b14f620aaf3b2b45f0c23888419cc79
hardneg_backpack1_c0ac2a07c802.jpg,hardneg_backpack1_c0ac2a07c802,hardneg_backpack1,hardneg_backpack1:Screenshot-2025-02-10-174213,0,0,1,c0ac2a07c80288af11889f036e14482b083e0dc2
hardneg_backpack1_cc52d88cb243.jpg,hardneg_backpack1_cc52d88cb243,hardneg_backpack1,hardneg_backpack1:Screenshot-2025-02-10-174349,0,0,1,cc52d88cb243bc33bb8b9e37b24584127c739ca5
hardneg_backpack1_72444a70c02e.jpg,hardneg_backpack1_72444a70c02e,hardneg_backpack1,hardneg_backpack1:Screenshot-2025-02-10-174415,0,0,1,72444a70c02e8c8ab70fb90660b556ed06cfdee4
hardneg_backpack1_1e96147ae506.jpg,hardneg_backpack1_1e96147ae506,hardneg_backpack1,hardneg_backpack1:Screenshot-2025-02-10-174441,0,0,1,1e96147ae506f39753b736595ff721cb57ed2783
hardneg_backpack1_d9eb36ac6a8e.jpg,hardneg_backpack1_d9eb36ac6a8e,hardneg_backpack1,hardneg_backpack1:Screenshot-2025-02-10-174955,0,0,1,d9eb36ac6a8e487c90a70e69c5ac0175333afa4a
hardneg_backpack1_dbfc7272f05e.jpg,hardneg_backpack1_dbfc7272f05e,hardneg_backpack1,hardneg_backpack1:Screenshot-2025-02-10-175031,0,0,1,dbfc7272f05eb687b08f6341a441881ca2501f5d
hardneg_backpack1_fb12d7233776.jpg,hardneg_backpack1_fb12d7233776,hardneg_backpack1,hardneg_backpack1:Screenshot-2025-02-10-175104,0,0,1,fb12d7233776f499fcc8a5e7a728371d47b1142e
hardneg_backpack1_33c6bc441e9a.jpg,hardneg_backpack1_33c6bc441e9a,hardneg_backpack1,hardneg_backpack1:Screenshot-2025-02-10-175201,0,0,1,33c6bc441e9ad0a086a891df3df91809b3de383e
hardneg_backpack1_8f914bb727bb.jpg,hardneg_backpack1_8f914bb727bb,hardneg_backpack1,hardneg_backpack1:Screenshot-2025-02-10-175224,0,0,1,8f914bb727bb5281131856a314ec32b06fc6f045
hardneg_backpack1_647fd23d2b48.jpg,hardneg_backpack1_647fd23d2b48,hardneg_backpack1,hardneg_backpack1:Screenshot-2025-02-10-175317,0,0,1,647fd23d2b489f007f8e3d78be459ba984810ad8
hardneg_backpack1_14b4caba4012.jpg,hardneg_backpack1_14b4caba4012,hardneg_backpack1,hardneg_backpack1:Screenshot-2025-02-10-175330,0,0,1,14b4caba4012ca34158fe34b30896bc19617d9b9
hardneg_backpack1_6627075d7f98.jpg,hardneg_backpack1_6627075d7f98,hardneg_backpack1,hardneg_backpack1:Screenshot-2025-02-10-175346,0,0,1,6627075d7f986e877e118c43c1cc287d088aa720
hardneg_backpack1_77828f4ad502.jpg,hardneg_backpack1_77828f4ad502,hardneg_backpack1,hardneg_backpack1:Screenshot-2025-02-10-175359,0,0,1,77828f4ad502e35fd2aa060c8f75fd1faed52be9
hardneg_backpack1_7565f2e47809.jpg,hardneg_backpack1_7565f2e47809,hardneg_backpack1,hardneg_backpack1:Screenshot-2025-02-10-175427,0,0,1,7565f2e47809b049281813752dd80e15a8919cbf
hardneg_backpack1_d9f976c9992b.jpg,hardneg_backpack1_d9f976c9992b,hardneg_backpack1,hardneg_backpack1:Screenshot-2025-02-10-175520,0,0,1,d9f976c9992ba0e47842611ef39a6c0fae51ae17
hardneg_backpack1_2967c371bcf8.jpg,hardneg_backpack1_2967c371bcf8,hardneg_backpack1,hardneg_backpack1:Screenshot-2025-02-10-175540,0,0,1,2967c371bcf81e9296fdebbfe49c7af0e95b7e9b
hardneg_backpack1_219ae69b3b8d.jpg,hardneg_backpack1_219ae69b3b8d,hardneg_backpack1,hardneg_backpack1:Screenshot-2025-02-10-175607,0,0,1,219ae69b3b8da52f5ff89ed7fc2ab489736ef584
hardneg_backpack1_90fad9deec9d.jpg,hardneg_backpack1_90fad9deec9d,hardneg_backpack1,hardneg_backpack1:Screenshot-2025-02-10-175647,0,0,1,90fad9deec9dc71ab176ab8324a0223949dc0d16
hardneg_backpack1_2d46e888d0c1.jpg,hardneg_backpack1_2d46e888d0c1,hardneg_backpack1,hardneg_backpack1:Screenshot-2025-02-10-175703,0,0,1,2d46e888d0c1d7db3535a311b28f2d20db1aea77
hardneg_backpack1_e4dfa8b963c8.jpg,hardneg_backpack1_e4dfa8b963c8,hardneg_backpack1,hardneg_backpack1:Screenshot-2025-02-10-175845,0,0,1,e4dfa8b963c8827429caa5297b82191ee26dde94
hardneg_backpack1_db564e666c98.jpg,hardneg_backpack1_db564e666c98,hardneg_backpack1,hardneg_backpack1:Screenshot-2025-02-10-180010,0,0,1,db564e666c98d861d03f094147e8c648d07338df
hardneg_backpack1_bf859f4a1496.jpg,hardneg_backpack1_bf859f4a1496,hardneg_backpack1,hardneg_backpack1:Screenshot-2025-02-10-180142,0,0,1,bf859f4a149655664e053743d9949d79ee22e698
hardneg_backpack1_ef13df27ed11.jpg,hardneg_backpack1_ef13df27ed11,hardneg_backpack1,hardneg_backpack1:Screenshot-2025-02-10-180242,0,0,1,ef13df27ed11d04e77e4d885473b31d029baa932
hardneg_backpack1_eab2b51b15e2.jpg,hardneg_backpack1_eab2b51b15e2,hardneg_backpack1,hardneg_backpack1:Screenshot-2025-02-10-180345,0,0,1,eab2b51b15e2b2d95c95aca34836ccf379380d01
hardneg_backpack1_3aea9e332887.jpg,hardneg_backpack1_3aea9e332887,hardneg_backpack1,hardneg_backpack1:Screenshot-2025-02-10-180412,0,0,1,3aea9e332887c7822703f7bc822a2ff8787c9682
hardneg_backpack1_74e9ceac7eca.jpg,hardneg_backpack1_74e9ceac7eca,hardneg_backpack1,hardneg_backpack1:Screenshot-2025-02-10-180436,0,0,1,74e9ceac7eca521c11ee1865dc90323af996d7da
hardneg_backpack1_59592ee4c67a.jpg,hardneg_backpack1_59592ee4c67a,hardneg_backpack1,hardneg_backpack1:Screenshot-2025-02-10-180450,0,0,1,59592ee4c67a6961a04bd9eb3acc56562b9ea476
hardneg_backpack1_d957f0e207a1.jpg,hardneg_backpack1_d957f0e207a1,hardneg_backpack1,hardneg_backpack1:Screenshot-2025-02-10-180459,0,0,1,d957f0e207a19801e986e6ceb53d064e68193f4d
hardneg_backpack1_e9b9d781f35e.jpg,hardneg_backpack1_e9b9d781f35e,hardneg_backpack1,hardneg_backpack1:Screenshot-2025-02-10-180547,0,0,1,e9b9d781f35e4d03002e3bd1b7e5479164760073
hardneg_backpack1_afc814f23384.jpg,hardneg_backpack1_afc814f23384,hardneg_backpack1,hardneg_backpack1:Screenshot-2025-02-10-180629,0,0,1,afc814f23384efc169425df929104082a5f92d8c
hardneg_backpack1_a87c3c3b6766.jpg,hardneg_backpack1_a87c3c3b6766,hardneg_backpack1,hardneg_backpack1:Screenshot-2025-02-10-180657,0,0,1,a87c3c3b67669806a8f71fb25670ff2befc7a97f
hardneg_backpack1_937fd541fb97.jpg,hardneg_backpack1_937fd541fb97,hardneg_backpack1,hardneg_backpack1:Screenshot-2025-02-10-180721,0,0,1,937fd541fb975a9a9851167a2f032971df5dcd17
hardneg_backpack1_a8188ac2a625.jpg,hardneg_backpack1_a8188ac2a625,hardneg_backpack1,hardneg_backpack1:Screenshot-2025-02-10-180824,0,0,1,a8188ac2a6250f3f1bf0661186db43da526afe1b
hardneg_backpack1_c48f9993fab7.jpg,hardneg_backpack1_c48f9993fab7,hardneg_backpack1,hardneg_backpack1:Screenshot-2025-02-10-180846,0,0,1,c48f9993fab7b2b001c3b79ee8b7ed621480e0d6
hardneg_backpack1_af32cc011e6f.jpg,hardneg_backpack1_af32cc011e6f,hardneg_backpack1,hardneg_backpack1:Screenshot-2025-02-10-180855,0,0,1,af32cc011e6f4ae103dda6cc931dab0df1b2c118
hardneg_backpack1_52a2870bf67d.jpg,hardneg_backpack1_52a2870bf67d,hardneg_backpack1,hardneg_backpack1:Screenshot-2025-02-10-180923,0,0,1,52a2870bf67d79d15e3e71b4540b6013183adba8
hardneg_backpack1_293f535dc422.jpg,hardneg_backpack1_293f535dc422,hardneg_backpack1,hardneg_backpack1:Screenshot-2025-02-10-180945,0,0,1,293f535dc42210a9ce4b7395b0745381692f554b
