image,stem,source,group_id,n_helmet,n_vest,is_empty_label,sha1
hardneg_backpack2_1ad5f60d8c4a.jpg,hardneg_backpack2_1ad5f60d8c4a,hardneg_backpack2,hardneg_backpack2:-avengers-infinity-war-rear-zip-thanos-inspired-backpack,0,0,1,1ad5f60d8c4a9a3541ec81c665f0a7d904dec5ec
hardneg_backpack2_403192165488.jpg,hardneg_backpack2_403192165488,hardneg_backpack2,hardneg_backpack2:0001b2b3b13cfbe4,0,0,1,40319216548807ff952fa3c4045cd8f2e26e3db0
hardneg_backpack2_9c1187cfd63c.jpg,hardneg_backpack2_9c1187cfd63c,hardneg_backpack2,hardneg_backpack2:0001f064542fd1df,0,0,1,9c1187cfd63c46b452050a0e904a340a0d351862
hardneg_backpack2_71870efb5c4d.jpg,hardneg_backpack2_71870efb5c4d,hardneg_backpack2,hardneg_backpack2:0003c829740322e6,0,0,1,71870efb5c4df6308282202a6c6173a3b4423251
hardneg_backpack2_cf55c0f80d90.jpg,hardneg_backpack2_cf55c0f80d90,hardneg_backpack2,hardneg_backpack2:00077c80aae044d4,0,0,1,cf55c0f80d90de28b3896518bce78d72cb750552
hardneg_backpack2_4d9eff7eb524.jpg,hardneg_backpack2_4d9eff7eb524,hardneg_backpack2,hardneg_backpack2:00077c80aae044d4,0,0,1,4d9eff7eb524daf93d04a9063d78908a95acc2c2
hardneg_backpack2_92b69894f20f.jpg,hardneg_backpack2_92b69894f20f,hardneg_backpack2,hardneg_backpack2:0009f11d5e2d0e40,0,0,1,92b69894f20f06092a5b01809317d3bbaba7d1c6
hardneg_backpack2_b16ffb50ecae.jpg,hardneg_backpack2_b16ffb50ecae,hardneg_backpack2,hardneg_backpack2:0019b907fc0cfade,0,0,1,b16ffb50ecaef3d729a8bd8d6de31c7d9b9a6060
hardneg_backpack2_4823a15b0271.jpg,hardneg_backpack2_4823a15b0271,hardneg_backpack2,hardneg_backpack2:001b7dca9dcd26a7,0,0,1,4823a15b0271a0d863eac4b3438e32408e6ec030
hardneg_backpack2_cb0ddae08ed2.jpg,hardneg_backpack2_cb0ddae08ed2,hardneg_backpack2,hardneg_backpack2:002da98e80db7533,0,0,1,cb0ddae08ed20244b13abfac84250aa65e4ebca8
hardneg_backpack2_2b3e386002a8.jpg,hardneg_backpack2_2b3e386002a8,hardneg_backpack2,hardneg_backpack2:002dd8be1da813ec,0,0,1,2b3e386002a886ebab5f4e071ca81fd04bb152b4
hardneg_backpack2_31b9ada1aa14.jpg,hardneg_backpack2_31b9ada1aa14,hardneg_backpack2,hardneg_backpack2:00302ce2ee3cba1c,0,0,1,31b9ada1aa14c9efc69aaaffd1aff5c566b9d10b
hardneg_backpack2_0e571aa87e25.jpg,hardneg_backpack2_0e571aa87e25,hardneg_backpack2,hardneg_backpack2:00313c9daa6289ec,0,0,1,0e571aa87e25492ec72c0b69ac415a48fbb95a5e
hardneg_backpack2_51cbb8a457dd.jpg,hardneg_backpack2_51cbb8a457dd,hardneg_backpack2,hardneg_backpack2:00317d485451bb9d,0,0,1,51cbb8a457ddef63cdbe1dae71a37206e244b294
hardneg_backpack2_838df2e7d70c.jpg,hardneg_backpack2_838df2e7d70c,hardneg_backpack2,hardneg_backpack2:003279cdd30915cb,0,0,1,838df2e7d70cede734ae761e402a370c89f1a04c
hardneg_backpack2_fcfe85a1a424.jpg,hardneg_backpack2_fcfe85a1a424,hardneg_backpack2,hardneg_backpack2:0032a8afd12b251a,0,0,1,fcfe85a1a424fb60c2f92dc711ffa4db6adbdb43
hardneg_backpack2_4d3f6c1fcd68.jpg,hardneg_backpack2_4d3f6c1fcd68,hardneg_backpack2,hardneg_backpack2:0032ce9d74911d68,0,0,1,4d3f6c1fcd6803faccced2f470b28a3660c5b5d3
hardneg_backpack2_0cc0cc913bb6.jpg,hardneg_backpack2_0cc0cc913bb6,hardneg_backpack2,hardneg_backpack2:00375bedc39570d0,0,0,1,0cc0cc913bb61490b7c9e61682b4158a4d84257a
hardneg_backpack2_a8fd5308aa1a.jpg,hardneg_backpack2_a8fd5308aa1a,hardneg_backpack2,hardneg_backpack2:003eb14b4c75128a,0,0,1,a8fd5308aa1a27a16e2622d8097d9706ed074895
hardneg_backpack2_21f507fc35c0.jpg,hardneg_backpack2_21f507fc35c0,hardneg_backpack2,hardneg_backpack2:003eb14b4c75128a,0,0,1,21f507fc35c0f10e968924f3c972cbc8511510c6
hardneg_backpack2_77d8fb4af730.jpg,hardneg_backpack2_77d8fb4af730,hardneg_backpack2,hardneg_backpack2:0040443b9402c3d9,0,0,1,77d8fb4af7308bf8fd07499425a5e6d16706aa94
hardneg_backpack2_1f35f0a0113b.jpg,hardneg_backpack2_1f35f0a0113b,hardneg_backpack2,hardneg_backpack2:004cbcd437974f93,0,0,1,1f35f0a0113b057039c80f721bb1b4a8dffef6a6
hardneg_backpack2_8c12bf2c3f7f.jpg,hardneg_backpack2_8c12bf2c3f7f,hardneg_backpack2,hardneg_backpack2:005415b295122795,0,0,1,8c12bf2c3f7f1a86d664bca98dcef3e1e99c3f93
hardneg_backpack2_d90b41c87c00.jpg,hardneg_backpack2_d90b41c87c00,hardneg_backpack2,hardneg_backpack2:005415b295122795,0,0,1,d90b41c87c00f619ca8a730855d1e3eccab781a3
hardneg_backpack2_74eb96f379cd.jpg,hardneg_backpack2_74eb96f379cd,hardneg_backpack2,hardneg_backpack2:00574067bdd765af,0,0,1,74eb96f379cdc941902f8bd32bd16f8fe57534aa
hardneg_backpack2_6cdd0cb21b50.jpg,hardneg_backpack2_6cdd0cb21b50,hardneg_backpack2,hardneg_backpack2:0064c9608376b053,0,0,1,6cdd0cb21b506bfec5e6c52322b5ebeea99dd85c
hardneg_backpack2_ec3e958d8665.jpg,hardneg_backpack2_ec3e958d8665,hardneg_backpack2,hardneg_backpack2:0070763c2177cfd0,0,0,1,ec3e958d86658e3823127306cff9928fcf729ed2
hardneg_backpack2_05b310dbe3df.jpg,hardneg_backpack2_05b310dbe3df,hardneg_backpack2,hardneg_backpack2:0070763c2177cfd0,0,0,1,05b310dbe3df2cef11cb670d4344fc1657ba40a4
hardneg_backpack2_c3855e589593.jpg,hardneg_backpack2_c3855e589593,hardneg_backpack2,hardneg_backpack2:007a9f4d947d83a6,0,0,1,c3855e58959356b58039c4b906acafe51227bb6a
hardneg_backpack2_c109b6aec1f8.jpg,hardneg_backpack2_c109b6aec1f8,hardneg_backpack2,hardneg_backpack2:008dcfa1ae527944,0,0,1,c109b6aec1f84ab8c63547bf035ab5526129e90d
hardneg_backpack2_9fce4bd94ebc.jpg,hardneg_backpack2_9fce4bd94ebc,hardneg_backpack2,hardneg_backpack2:008efeb9b8ade9cf,0,0,1,9fce4bd94ebcc71396e19672af91de0728e333bf
hardneg_backpack2_d1bf48fad38e.jpg,hardneg_backpack2_d1bf48fad38e,hardneg_backpack2,hardneg_backpack2:008efeb9b8ade9cf,0,0,1,d1bf48fad38ef34763b3bf9c5dc4035cb5e2db95
hardneg_backpack2_28a13473c742.jpg,hardneg_backpack2_28a13473c742,hardneg_backpack2,hardneg_backpack2:009151e566411b5d,0,0,1,28a13473c7425ee5e7c95e8fce578543f1cef0e5
hardneg_backpack2_1b4e33bdfa97.jpg,hardneg_backpack2_1b4e33bdfa97,hardneg_backpack2,hardneg_backpack2:0094617539a2aafc,0,0,1,1b4e33bdfa973053df6cb8a79b5bad9a393c433c
hardneg_backpack2_9327e1d186c3.jpg,hardneg_backpack2_9327e1d186c3,hardneg_backpack2,hardneg_backpack2:00b1f2453de4f12c,0,0,1,9327e1d186c3ee3bee0f3f13515d119618e60eb7
hardneg_backpack2_3cf08883dba8.jpg,hardneg_backpack2_3cf08883dba8,hardneg_backpack2,hardneg_backpack2:00b1f2453de4f12c,0,0,1,3cf08883dba8e38eebb470728187a2a58c6a2294
hardneg_backpack2_441eb1dabe62.jpg,hardneg_backpack2_441eb1dabe62,hardneg_backpack2,hardneg_backpack2:00b2763788d0f905,0,0,1,441eb1dabe626b2c266ea6247f80f66d26cec4fe
hardneg_backpack2_393e6fd6a890.jpg,hardneg_backpack2_393e6fd6a890,hardneg_backpack2,hardneg_backpack2:00b54976e0d9e2c3,0,0,1,393e6fd6a890d6d0c1bc9b2b84928a18ef090ab8
hardneg_backpack2_0e66b4e34532.jpg,hardneg_backpack2_0e66b4e34532,hardneg_backpack2,hardneg_backpack2:00c32ff817183917,0,0,1,0e66b4e345322ed9b7a854f311a54ef971457c60
hardneg_backpack2_c11970a1a5bf.jpg,hardneg_backpack2_c11970a1a5bf,hardneg_backpack2,hardneg_backpack2:00c35138a155545f,0,0,1,c11970a1a5bf4e4e9191c27c5f108066e6d9c608
hardneg_backpack2_71659073c0b6.jpg,hardneg_backpack2_71659073c0b6,hardneg_backpack2,hardneg_backpack2:00c47757e1379084,0,0,1,71659073c0b6e47d3cd34d0106bbd543ef7f94dd
hardneg_backpack2_d881df19d92b.jpg,hardneg_backpack2_d881df19d92b,hardneg_backpack2,hardneg_backpack2:00c7167277137232,0,0,1,d881df19d92bc9402c1bd341f6457d9fdba5f27d
hardneg_backpack2_5fc635290509.jpg,hardneg_backpack2_5fc635290509,hardneg_backpack2,hardneg_backpack2:00cd06a70d1e8b52,0,0,1,5fc6352905093f704a5c324a3e8748d66afc1629
hardneg_backpack2_51b33c31283f.jpg,hardneg_backpack2_51b33c31283f,hardneg_backpack2,hardneg_backpack2:00cffb2013e0d87d,0,0,1,51b33c31283fe6c3585fd3ed8131ac5baca7f398
hardneg_backpack2_3c08e55ff88e.jpg,hardneg_backpack2_3c08e55ff88e,hardneg_backpack2,hardneg_backpack2:00cffb2013e0d87d,0,0,1,3c08e55ff88e4ded7959582a97a16a049163407e
hardneg_backpack2_95434729e349.jpg,hardneg_backpack2_95434729e349,hardneg_backpack2,hardneg_backpack2:00d2fc97ba307b9d,0,0,1,95434729e34945e3828554f0987143250aed2c15
hardneg_backpack2_3b2c3b6cfd6a.jpg,hardneg_backpack2_3b2c3b6cfd6a,hardneg_backpack2,hardneg_backpack2:00dcad1a29a63f81,0,0,1,3b2c3b6cfd6a2b7525868c3ab6bffb9169d5b878
hardneg_backpack2_2a1da123713c.jpg,hardneg_backpack2_2a1da123713c,hardneg_backpack2,hardneg_backpack2:00dd677b2758bf67,0,0,1,2a1da123713ce53a653138bf1f1421004d2c3f68
hardneg_backpack2_4578cd627dcc.jpg,hardneg_backpack2_4578cd627dcc,hardneg_backpack2,hardneg_backpack2:00dd677b2758bf67,0,0,1,4578cd627dcc7b70ff6bf873b28f4c748bbcae3a
hardneg_backpack2_b921b7426135.jpg,hardneg_backpack2_b921b7426135,hardneg_backpack2,hardneg_backpack2:00e88ffef3c22a43,0,0,1,b921b742613547067e5769193001331fd9d9deea
hardneg_backpack2_8fb368c98b5b.jpg,hardneg_backpack2_8fb368c98b5b,hardneg_backpack2,hardneg_backpack2:00e88ffef3c22a43,0,0,1,8fb368c98b5b89b2a7ecc258c25a306ae26f56a0
hardneg_backpack2_0a6e0cab6315.jpg,hardneg_backpack2_0a6e0cab6315,hardneg_backpack2,hardneg_backpack2:00f6e80ccf7b384f,0,0,1,0a6e0cab63151ba17c63a7417627b7c873ed1adc
hardneg_backpack2_3962d302732e.jpg,hardneg_backpack2_3962d302732e,hardneg_backpack2,hardneg_backpack2:00fef57c1256b79f,0,0,1,3962d302732e57cf739a8abdeeae0c5d03ccaebc
hardneg_backpack2_c319e970119b.jpg,hardneg_backpack2_c319e970119b,hardneg_backpack2,hardneg_backpack2:010d3767f4be4717,0,0,1,c319e970119b2be838ca58f46fd75ddc10312660
hardneg_backpack2_e9472062c488.jpg,hardneg_backpack2_e9472062c488,hardneg_backpack2,hardneg_backpack2:012c6b87a957df87,0,0,1,e9472062c488f68456cbe949e9597d5f206c7996
hardneg_backpack2_cdcc50c5a7a4.jpg,hardneg_backpack2_cdcc50c5a7a4,hardneg_backpack2,hardneg_backpack2:013ea65b34c47a73,0,0,1,cdcc50c5a7a4bead958fc556f968afcad13fad6f
hardneg_backpack2_2c7070f8b3c4.jpg,hardneg_backpack2_2c7070f8b3c4,hardneg_backpack2,hardneg_backpack2:013ea65b34c47a73,0,0,1,2c7070f8b3c46d718f3f38862d7b8dfa78f91a2d
hardneg_backpack2_2bf27466908a.jpg,hardneg_backpack2_2bf27466908a,hardneg_backpack2,hardneg_backpack2:0164442bc6fa6748,0,0,1,2bf27466908a2d4af966381910278c24bd7f733a
hardneg_backpack2_d8f5ca4c5267.jpg,hardneg_backpack2_d8f5ca4c5267,hardneg_backpack2,hardneg_backpack2:0174be862d774711,0,0,1,d8f5ca4c5267e7ee212c7f4ecf93c42123cd3536
hardneg_backpack2_a3643e3ddcbd.jpg,hardneg_backpack2_a3643e3ddcbd,hardneg_backpack2,hardneg_backpack2:0185277ebdbec406,0,0,1,a3643e3ddcbd76072e21342d6e0bb07bdf9728e3
hardneg_backpack2_ea4a38e4da11.jpg,hardneg_backpack2_ea4a38e4da11,hardneg_backpack2,hardneg_backpack2:01c1c7b10b427e2c,0,0,1,ea4a38e4da1182db99892caa977342869b43f247
hardneg_backpack2_7754a8be458a.jpg,hardneg_backpack2_7754a8be458a,hardneg_backpack2,hardneg_backpack2:01f0faf41580ea39,0,0,1,7754a8be458adac12253d450be621615bc602f58
hardneg_backpack2_59e8aaad4200.jpg,hardneg_backpack2_59e8aaad4200,hardneg_backpack2,hardneg_backpack2:01f1e52316674a15,0,0,1,59e8aaad4200c1998bfe6888828b7c72e88d6af2
hardneg_backpack2_2fdebf1cb2df.jpg,hardneg_backpack2_2fdebf1cb2df,hardneg_backpack2,hardneg_backpack2:01fb67f69d89684d,0,0,1,2fdebf1cb2df0fd458d2795ba67520a8f5d09e96
hardneg_backpack2_b93305412d64.jpg,hardneg_backpack2_b93305412d64,hardneg_backpack2,hardneg_backpack2:0202714d29cbf7bb,0,0,1,b93305412d647734ba0b7c243956ee4135e37b4e
hardneg_backpack2_8fa405feb671.jpg,hardneg_backpack2_8fa405feb671,hardneg_backpack2,hardneg_backpack2:0237e5239292f771,0,0,1,8fa405feb671e19fde370f60c9d823396c427adb
hardneg_backpack2_03346bf14217.jpg,hardneg_backpack2_03346bf14217,hardneg_backpack2,hardneg_backpack2:024569509345d062,0,0,1,03346bf142173876dc91e6b3ad052340d1fa8ef3
hardneg_backpack2_3c0f05918a15.jpg,hardneg_backpack2_3c0f05918a15,hardneg_backpack2,hardneg_backpack2:025fe4a746f86744,0,0,1,3c0f05918a1513c07401e0e552c5d979b027cee5
hardneg_backpack2_c3684ce23ce5.jpg,hardneg_backpack2_c3684ce23ce5,hardneg_backpack2,hardneg_backpack2:026ae989d1a701c1,0,0,1,c3684ce23ce5a32fdc44357f379355d3cdb7df32
hardneg_backpack2_335232f5fdc7.jpg,hardneg_backpack2_335232f5fdc7,hardneg_backpack2,hardneg_backpack2:026dddcd2b6222cc,0,0,1,335232f5fdc7f0987ee024102ba52fe720891c68
hardneg_backpack2_90ac44203566.jpg,hardneg_backpack2_90ac44203566,hardneg_backpack2,hardneg_backpack2:026f248ebb2057d8,0,0,1,90ac4420356660d329b4a99dbfd2e3805e657752
hardneg_backpack2_9d25f23958eb.jpg,hardneg_backpack2_9d25f23958eb,hardneg_backpack2,hardneg_backpack2:0270bbc7cc0820ac,0,0,1,9d25f23958eb14f0028c47a891682ce5634cd82c
hardneg_backpack2_f309fc9c1506.jpg,hardneg_backpack2_f309fc9c1506,hardneg_backpack2,hardneg_backpack2:0278bad4f87ead67,0,0,1,f309fc9c1506ee37dfe22eef80a7e598bc3c7a4a
hardneg_backpack2_7fdee3332cc1.jpg,hardneg_backpack2_7fdee3332cc1,hardneg_backpack2,hardneg_backpack2:027dd03d45f580e9,0,0,1,7fdee3332cc1dc866ea8b090ba83a48ac6c79d56
hardneg_backpack2_019a5496f021.jpg,hardneg_backpack2_019a5496f021,hardneg_backpack2,hardneg_backpack2:028b3e7b66d31385,0,0,1,019a5496f02102579117fb3a6b32756d480d11e5
hardneg_backpack2_932239c715a6.jpg,hardneg_backpack2_932239c715a6,hardneg_backpack2,hardneg_backpack2:028b3e7b66d31385,0,0,1,932239c715a64705b1d37c265bb67a5249ad0afe
hardneg_backpack2_3c23bd171146.jpg,hardneg_backpack2_3c23bd171146,hardneg_backpack2,hardneg_backpack2:029ffc975ad5e7dd,0,0,1,3c23bd17114639810ed048dcfe42ee75656588c5
hardneg_backpack2_6b117a73eebf.jpg,hardneg_backpack2_6b117a73eebf,hardneg_backpack2,hardneg_backpack2:02c3b4df3987c5a9,0,0,1,6b117a73eebf60e836f3ac4249e1f9b7219e763f
hardneg_backpack2_5cc0ca422533.jpg,hardneg_backpack2_5cc0ca422533,hardneg_backpack2,hardneg_backpack2:02d10dc924e0b314,0,0,1,5cc0ca42253331c4a62d28e8cff962d8d0372fab
hardneg_backpack2_89efa2456cef.jpg,hardneg_backpack2_89efa2456cef,hardneg_backpack2,hardneg_backpack2:02f6398383922fc2,0,0,1,89efa2456cef92b7e10f11fb2c28996a38df9150
hardneg_backpack2_3f658e4f5787.jpg,hardneg_backpack2_3f658e4f5787,hardneg_backpack2,hardneg_backpack2:02ff0c73b628c2a0,0,0,1,3f658e4f5787b0af0391d6e950ad63ae61bc1ebd
hardneg_backpack2_e35bf94651c7.jpg,hardneg_backpack2_e35bf94651c7,hardneg_backpack2,hardneg_backpack2:0304803503b38ca4,0,0,1,e35bf94651c7158d337e2c3ecebd33da293ff11a
hardneg_backpack2_de18b668f657.jpg,hardneg_backpack2_de18b668f657,hardneg_backpack2,hardneg_backpack2:03127dd34610b534,0,0,1,de18b668f6573b5dd92cf1aa1d2d087eebd51974
hardneg_backpack2_19332022d7aa.jpg,hardneg_backpack2_19332022d7aa,hardneg_backpack2,hardneg_backpack2:03127dd34610b534,0,0,1,19332022d7aab94a7fa2b38b85ad08cde855653d
hardneg_backpack2_a1069c517be0.jpg,hardneg_backpack2_a1069c517be0,hardneg_backpack2,hardneg_backpack2:0348510a31b1ecc6,0,0,1,a1069c517be0f47a46669349da44b9054bfbbac2
hardneg_backpack2_5d83eeabf27e.jpg,hardneg_backpack2_5d83eeabf27e,hardneg_backpack2,hardneg_backpack2:035b02a777eb5825,0,0,1,5d83eeabf27ef49f58ab2a0983bc01f06ef14463
hardneg_backpack2_e2319c049c7b.jpg,hardneg_backpack2_e2319c049c7b,hardneg_backpack2,hardneg_backpack2:03610dedfbdf8947,0,0,1,e2319c049c7be25f121285155410d8b78af4404b
hardneg_backpack2_3529b09d5c29.jpg,hardneg_backpack2_3529b09d5c29,hardneg_backpack2,hardneg_backpack2:039398e4063c62dd,0,0,1,3529b09d5c29d40481da93a66a4ba1f83b4d1a9d
hardneg_backpack2_da71fc628ca4.jpg,hardneg_backpack2_da71fc628ca4,hardneg_backpack2,hardneg_backpack2:03989fe5221d5b2d,0,0,1,da71fc628ca4bcdcc34a24d881392a5cbb461952
hardneg_backpack2_39f8e1f075e1.jpg,hardneg_backpack2_39f8e1f075e1,hardneg_backpack2,hardneg_backpack2:03989fe5221d5b2d,0,0,1,39f8e1f075e1c6ae6ad0a4a541c2987c8c6cd197
hardneg_backpack2_973751416f58.jpg,hardneg_backpack2_973751416f58,hardneg_backpack2,hardneg_backpack2:039ba746920c2ffe,0,0,1,973751416f5820677619f4e2bc0d46b7eb77cc5d
hardneg_backpack2_5320a2a460cb.jpg,hardneg_backpack2_5320a2a460cb,hardneg_backpack2,hardneg_backpack2:03c140d58647aa98,0,0,1,5320a2a460cb05ca3fd2796e64155a6337a65c24
hardneg_backpack2_9db9929c5b3d.jpg,hardneg_backpack2_9db9929c5b3d,hardneg_backpack2,hardneg_backpack2:03c140d58647aa98,0,0,1,9db9929c5b3dc07c453475937a636bfdc30f462a
hardneg_backpack2_36e4d14b633c.jpg,hardneg_backpack2_36e4d14b633c,hardneg_backpack2,hardneg_backpack2:03cd5c5eae817383,0,0,1,36e4d14b633ce3c8136dfac74aa3ada5debf619f
hardneg_backpack2_76ba66691f84.jpg,hardneg_backpack2_76ba66691f84,hardneg_backpack2,hardneg_backpack2:040aff9d19cb7de2,0,0,1,76ba66691f84d946f5c9ef91e082d96efce43070
hardneg_backpack2_82fb21672660.jpg,hardneg_backpack2_82fb21672660,hardneg_backpack2,hardneg_backpack2:04179d7405bd4f70,0,0,1,82fb21672660d2b3c40b747b83a2ff60c9816cac
hardneg_backpack2_8ddcae881e55.jpg,hardneg_backpack2_8ddcae881e55,hardneg_backpack2,hardneg_backpack2:0440b47b1e72d868,0,0,1,8ddcae881e55238bc113c93e1f0513dbe96aa2b7
hardneg_backpack2_822acd023c06.jpg,hardneg_backpack2_822acd023c06,hardneg_backpack2,hardneg_backpack2:0449f999189a84ee,0,0,1,822acd023c068a32f4881f7cea39b27c53885461
hardneg_backpack2_56bc42f3f9fb.jpg,hardneg_backpack2_56bc42f3f9fb,hardneg_backpack2,hardneg_backpack2:0450a89216d2ff04,0,0,1,56bc42f3f9fb98ddfb5d2a298bbf01fd66bc6b29
hardneg_backpack2_b69552a782d1.jpg,hardneg_backpack2_b69552a782d1,hardneg_backpack2,hardneg_backpack2:04519b34a6c83d8e,0,0,1,b69552a782d1ce8b4298a135d4cc153571b7b6d7
hardneg_backpack2_83af19a9d6c7.jpg,hardneg_backpack2_83af19a9d6c7,hardneg_backpack2,hardneg_backpack2:045745b2dc1908d3,0,0,1,83af19a9d6c7c0e7c4bdc8d6c443c204bd25d954
hardneg_backpack2_f3e2000f5589.jpg,hardneg_backpack2_f3e2000f5589,hardneg_backpack2,hardneg_backpack2:045745b2dc1908d3,0,0,1,f3e2000f55891d18aa52c66acf114f9cee67dd63
hardneg_backpack2_e1f3a3af4ee9.jpg,hardneg_backpack2_e1f3a3af4ee9,hardneg_backpack2,hardneg_backpack2:04576dc72eb88f62,0,0,1,e1f3a3af4ee9dac8893279bae09ee97186d2e1fb
hardneg_backpack2_251a9a75c6cd.jpg,hardneg_backpack2_251a9a75c6cd,hardneg_backpack2,hardneg_backpack2:046590bbcb0bd9fe,0,0,1,251a9a75c6cd4c970afd5258fc36f024a9629bff
hardneg_backpack2_580c2827c752.jpg,hardneg_backpack2_580c2827c752,hardneg_backpack2,hardneg_backpack2:046590bbcb0bd9fe,0,0,1,580c2827c752a945d58342083bf1430e46cee710
hardneg_backpack2_66cab5fbedcb.jpg,hardneg_backpack2_66cab5fbedcb,hardneg_backpack2,hardneg_backpack2:046d33ac58e9a8e1,0,0,1,66cab5fbedcbb04e735db9d9d35f7b40fdeb9cd3
hardneg_backpack2_93d56b151d50.jpg,hardneg_backpack2_93d56b151d50,hardneg_backpack2,hardneg_backpack2:0479b42c9d57199f,0,0,1,93d56b151d5065fd0c998ebb084394d11f982cb4
hardneg_backpack2_b6f403611b1c.jpg,hardneg_backpack2_b6f403611b1c,hardneg_backpack2,hardneg_backpack2:049e44d3b98c81ac,0,0,1,b6f403611b1cda51765a924dba52cd03ee95d552
hardneg_backpack2_74c892e11c8b.jpg,hardneg_backpack2_74c892e11c8b,hardneg_backpack2,hardneg_backpack2:049e44d3b98c81ac,0,0,1,74c892e11c8b74d9cd75c8b483ac309b662a7996
hardneg_backpack2_727e892dcaf5.jpg,hardneg_backpack2_727e892dcaf5,hardneg_backpack2,hardneg_backpack2:04aeb0a3e6064be0,0,0,1,727e892dcaf56ac0bf23d99db25e4defd459fd2f
hardneg_backpack2_b6eba290ed12.jpg,hardneg_backpack2_b6eba290ed12,hardneg_backpack2,hardneg_backpack2:052d034bd8870751,0,0,1,b6eba290ed1211fbafa00abe22cace8025f8dce3
hardneg_backpack2_eff87b54d5fd.jpg,hardneg_backpack2_eff87b54d5fd,hardneg_backpack2,hardneg_backpack2:053d33ca483bb5e9,0,0,1,eff87b54d5fd776e62e52d7a6dcba180465f9442
hardneg_backpack2_163d8ac1ba35.jpg,hardneg_backpack2_163d8ac1ba35,hardneg_backpack2,hardneg_backpack2:053d33ca483bb5e9,0,0,1,163d8ac1ba35ac805e59a6a2f518c147bb374754
hardneg_backpack2_5a5e85af59cb.jpg,hardneg_backpack2_5a5e85af59cb,hardneg_backpack2,hardneg_backpack2:056f51d70308e6aa,0,0,1,5a5e85af59cbb75913bc4afdb9c7a0330a70bbb0
hardneg_backpack2_f842a4cf8388.jpg,hardneg_backpack2_f842a4cf8388,hardneg_backpack2,hardneg_backpack2:056f51d70308e6aa,0,0,1,f842a4cf8388f4cd344b2cfb3d58a4c7f20da7c0
hardneg_backpack2_6016a2c1eff4.jpg,hardneg_backpack2_6016a2c1eff4,hardneg_backpack2,hardneg_backpack2:0595c49a3d8223cb,0,0,1,6016a2c1eff442a834fd6866c06be95f6a2cd4fc
hardneg_backpack2_b20b8240560a.jpg,hardneg_backpack2_b20b8240560a,hardneg_backpack2,hardneg_backpack2:05a1795e83200966,0,0,1,b20b8240560a28ca1fbfecee1a6eb45756666f44
hardneg_backpack2_fc9a5189ace9.jpg,hardneg_backpack2_fc9a5189ace9,hardneg_backpack2,hardneg_backpack2:05ad80eabcc93cae,0,0,1,fc9a5189ace9788aa835ce1dddefc5e8acaa8009
hardneg_backpack2_d3f592411e1a.jpg,hardneg_backpack2_d3f592411e1a,hardneg_backpack2,hardneg_backpack2:05bc3594b20f9fd4,0,0,1,d3f592411e1ae6a40943194ed17cb7d7e47dee30
hardneg_backpack2_18a6367725cb.jpg,hardneg_backpack2_18a6367725cb,hardneg_backpack2,hardneg_backpack2:05bd75a66e7db04a,0,0,1,18a6367725cbd1e22ee2a3d4f3b3f8a87eaaab20
hardneg_backpack2_9c66ea2a8edd.jpg,hardneg_backpack2_9c66ea2a8edd,hardneg_backpack2,hardneg_backpack2:05bd75a66e7db04a,0,0,1,9c66ea2a8eddffce01da3910ca39624752c4893c
hardneg_backpack2_9d3b94973f08.jpg,hardneg_backpack2_9d3b94973f08,hardneg_backpack2,hardneg_backpack2:05c7cb4dec890d02,0,0,1,9d3b94973f084cceeb1983d9ec5f87ef6ddf6585
hardneg_backpack2_8e215cb9c99c.jpg,hardneg_backpack2_8e215cb9c99c,hardneg_backpack2,hardneg_backpack2:05c7cb4dec890d02,0,0,1,8e215cb9c99c844e211d5a31084e68a67c73b83d
hardneg_backpack2_4a938c1b1970.jpg,hardneg_backpack2_4a938c1b1970,hardneg_backpack2,hardneg_backpack2:05d22b11124069ce,0,0,1,4a938c1b19705268b08826abf24b8fe40756d2fc
hardneg_backpack2_3e97c782adfd.jpg,hardneg_backpack2_3e97c782adfd,hardneg_backpack2,hardneg_backpack2:061186b6a107836b,0,0,1,3e97c782adfd27ca151f58b9f16b4d0242574941
hardneg_backpack2_4fc7b5303dc5.jpg,hardneg_backpack2_4fc7b5303dc5,hardneg_backpack2,hardneg_backpack2:061186b6a107836b,0,0,1,4fc7b5303dc5c455422dd2efd2c6fc1c176ae1e0
hardneg_backpack2_47cfe00ebdc8.jpg,hardneg_backpack2_47cfe00ebdc8,hardneg_backpack2,hardneg_backpack2:0642bf40b141159c,0,0,1,47cfe00ebdc86b6fe2d041e7fc6d5991862f7495
hardneg_backpack2_1f9758927e67.jpg,hardneg_backpack2_1f9758927e67,hardneg_backpack2,hardneg_backpack2:067edabec69d89e2,0,0,1,1f9758927e67bab3829d610d0366dc2368087946
hardneg_backpack2_81dbccf1b53f.jpg,hardneg_backpack2_81dbccf1b53f,hardneg_backpack2,hardneg_backpack2:06c6b5fb154135ec,0,0,1,81dbccf1b53ff37a7a256ef36bf875526a368998
hardneg_backpack2_f1bf34f2c331.jpg,hardneg_backpack2_f1bf34f2c331,hardneg_backpack2,hardneg_backpack2:06c6b5fb154135ec,0,0,1,f1bf34f2c33146f3a9e087f85093e7fa8b0fd09c
hardneg_backpack2_08eefbd32513.jpg,hardneg_backpack2_08eefbd32513,hardneg_backpack2,hardneg_backpack2:06ffa6d77cb008cc,0,0,1,08eefbd325133e676078f421b3cb7e479bab60a0
hardneg_backpack2_9debb4d63b38.jpg,hardneg_backpack2_9debb4d63b38,hardneg_backpack2,hardneg_backpack2:072a4b234aff983c,0,0,1,9debb4d63b387e021e54ea76fc3aca330a0341d7
hardneg_backpack2_39c205495104.jpg,hardneg_backpack2_39c205495104,hardneg_backpack2,hardneg_backpack2:0749d3015ec40ab4,0,0,1,39c205495104ef553ff0ba4a372230430d069d5a
hardneg_backpack2_ff57e4a413cf.jpg,hardneg_backpack2_ff57e4a413cf,hardneg_backpack2,hardneg_backpack2:0749d3015ec40ab4,0,0,1,ff57e4a413cfa3ed8a395fea4d5a3c5526f72afa
hardneg_backpack2_7b1e501ccf11.jpg,hardneg_backpack2_7b1e501ccf11,hardneg_backpack2,hardneg_backpack2:0756f49270881946,0,0,1,7b1e501ccf118e5f4eb1f9b0f773791beb89fda6
hardneg_backpack2_25bc910886a4.jpg,hardneg_backpack2_25bc910886a4,hardneg_backpack2,hardneg_backpack2:07c6dd11b71146b7,0,0,1,25bc910886a4c77c47cd76716ac524da5c0b79fc
hardneg_backpack2_7f944cb7bad9.jpg,hardneg_backpack2_7f944cb7bad9,hardneg_backpack2,hardneg_backpack2:083a61c126e4ca3c,0,0,1,7f944cb7bad9e29b71d1910a4c52ea18303d2433
hardneg_backpack2_c76f854aa5ba.jpg,hardneg_backpack2_c76f854aa5ba,hardneg_backpack2,hardneg_backpack2:08933421260eefa6,0,0,1,c76f854aa5baaa85df6d17c538fb316df6668161
hardneg_backpack2_a0924eee9b61.jpg,hardneg_backpack2_a0924eee9b61,hardneg_backpack2,hardneg_backpack2:08bb68d68c6fbf4e,0,0,1,a0924eee9b61a00a5d6c20357fca16bc1a869a6f
hardneg_backpack2_474e59723fb9.jpg,hardneg_backpack2_474e59723fb9,hardneg_backpack2,hardneg_backpack2:08e71e6102bab8fe,0,0,1,474e59723fb94ef961bd8b70aec992b25cf2d5a9
hardneg_backpack2_ee76c131dc36.jpg,hardneg_backpack2_ee76c131dc36,hardneg_backpack2,hardneg_backpack2:090a779d75e4c996,0,0,1,ee76c131dc3668da11669b775d5541f6d94f91a7
hardneg_backpack2_219339893c78.jpg,hardneg_backpack2_219339893c78,hardneg_backpack2,hardneg_backpack2:091c198bbc81d260,0,0,1,219339893c786c445d99b85f127bfecfadb9ae72
hardneg_backpack2_fe8aa44fbc8f.jpg,hardneg_backpack2_fe8aa44fbc8f,hardneg_backpack2,hardneg_backpack2:091c198bbc81d260,0,0,1,fe8aa44fbc8f314a8397e00ad18e1ba412fca6ea
hardneg_backpack2_0a8ad97af9e3.jpg,hardneg_backpack2_0a8ad97af9e3,hardneg_backpack2,hardneg_backpack2:09d0c94ae938f718,0,0,1,0a8ad97af9e3946c547337adb1147812b923147c
hardneg_backpack2_15b4d5d1fd7e.jpg,hardneg_backpack2_15b4d5d1fd7e,hardneg_backpack2,hardneg_backpack2:09d0c94ae938f718,0,0,1,15b4d5d1fd7e5f63d60ad2f5cd5eb6240c1d3ab2
hardneg_backpack2_eff6953fd110.jpg,hardneg_backpack2_eff6953fd110,hardneg_backpack2,hardneg_backpack2:0b10ee610d07849b,0,0,1,eff6953fd110730a3cac7286b9f9c3092e193275
hardneg_backpack2_267e92813a9b.jpg,hardneg_backpack2_267e92813a9b,hardneg_backpack2,hardneg_backpack2:0b35a9a60508ab1e,0,0,1,267e92813a9bc9fb80ed2cd0769afa1594cf2efd
hardneg_backpack2_89798f3c03d8.jpg,hardneg_backpack2_89798f3c03d8,hardneg_backpack2,hardneg_backpack2:0bca9ecd1d017ebb,0,0,1,89798f3c03d8760c94c78dee15ec38de1ba8f5f9
hardneg_backpack2_2a80b1b5a4f4.jpg,hardneg_backpack2_2a80b1b5a4f4,hardneg_backpack2,hardneg_backpack2:0bf5c3b00ce1df34,0,0,1,2a80b1b5a4f44949475fb7abd310b66ce76e5763
hardneg_backpack2_170ae8ae05d1.jpg,hardneg_backpack2_170ae8ae05d1,hardneg_backpack2,hardneg_backpack2:0c3a0d8f837186c4,0,0,1,170ae8ae05d1db728f3df6690b52173c0bca3cea
hardneg_backpack2_78994ce7a726.jpg,hardneg_backpack2_78994ce7a726,hardneg_backpack2,hardneg_backpack2:0c85e1377f3e9be5,0,0,1,78994ce7a7261f65d9764b081925989936e5a2aa
hardneg_backpack2_c60f3098da02.jpg,hardneg_backpack2_c60f3098da02,hardneg_backpack2,hardneg_backpack2:0c85e1377f3e9be5,0,0,1,c60f3098da02411ea25efe368122094d1ee24473
hardneg_backpack2_066b825a0c2c.jpg,hardneg_backpack2_066b825a0c2c,hardneg_backpack2,hardneg_backpack2:0cc341087ba63744,0,0,1,066b825a0c2c9db4f67dddcaa447456c0a9688c1
hardneg_backpack2_ae482105feb2.jpg,hardneg_backpack2_ae482105feb2,hardneg_backpack2,hardneg_backpack2:0cdc13eac03dea54,0,0,1,ae482105feb22921fd50f020ee00d27e8e4d5d73
hardneg_backpack2_4cd3925fb9b4.jpg,hardneg_backpack2_4cd3925fb9b4,hardneg_backpack2,hardneg_backpack2:0ce3861331c2c036,0,0,1,4cd3925fb9b4652b3db1b0e3545a34df877557de
hardneg_backpack2_cab18d6ac06f.jpg,hardneg_backpack2_cab18d6ac06f,hardneg_backpack2,hardneg_backpack2:0d843d885da424e6,0,0,1,cab18d6ac06f54dab636893ea70d180aeb02057f
hardneg_backpack2_825e2604c422.jpg,hardneg_backpack2_825e2604c422,hardneg_backpack2,hardneg_backpack2:0ddac92d23c6b653,0,0,1,825e2604c42294dc3041d4d8c17550077ce2c667
hardneg_backpack2_e9e7e56e6671.jpg,hardneg_backpack2_e9e7e56e6671,hardneg_backpack2,hardneg_backpack2:0df3c5894ea1acba,0,0,1,e9e7e56e6671f88ae92a6204611d6332b1089667
hardneg_backpack2_63814ff1176f.jpg,hardneg_backpack2_63814ff1176f,hardneg_backpack2,hardneg_backpack2:0fc7048b4af2347a,0,0,1,63814ff1176f0c1bffb3144dea916bb1d1f27fa9
hardneg_backpack2_74eb77451909.jpg,hardneg_backpack2_74eb77451909,hardneg_backpack2,hardneg_backpack2:1000-P1010033_1619617369,0,0,1,74eb774519092411d0f72bec4f6929a5f10887f0
hardneg_backpack2_a8aef0781817.jpg,hardneg_backpack2_a8aef0781817,hardneg_backpack2,hardneg_backpack2:1000_F_234713172_x9gAhdfCqyf1DaaOPu8WVTKaLju0t92h,0,0,1,a8aef0781817ac7ef1301e235d893abe93c34320
hardneg_backpack2_33655b3eea4a.jpg,hardneg_backpack2_33655b3eea4a,hardneg_backpack2,hardneg_backpack2:1000_F_275250768_a2pjTHWS4XByu3KujsOhOQODXPoOcwD2,0,0,1,33655b3eea4a9dc8202dd7318c3fae32a83f8bfe
hardneg_backpack2_eb572a9f9bd9.jpg,hardneg_backpack2_eb572a9f9bd9,hardneg_backpack2,hardneg_backpack2:100120331-FR-TOUR-E-RIDE-30,0,0,1,eb572a9f9bd927b88d98184a3450395c01b7c581
hardneg_backpack2_4998e6db352a.jpg,hardneg_backpack2_4998e6db352a,hardneg_backpack2,hardneg_backpack2:10233-00001-OS_01,0,0,1,4998e6db352ad6941effe5e9b717b22537fcc88b
hardneg_backpack2_a4119ef1d164.jpg,hardneg_backpack2_a4119ef1d164,hardneg_backpack2,hardneg_backpack2:10808a3f4ef6b0f5,0,0,1,a4119ef1d164a1c7406d928e1a97dfc923f28f63
hardneg_backpack2_19155e9c56d1.jpg,hardneg_backpack2_19155e9c56d1,hardneg_backpack2,hardneg_backpack2:111275651-backpack-on-a-ground-in-coniferous-forest-bonfire-on-a-background,0,0,1,19155e9c56d17c13f1c0fe703b66eeaf5c7ab7dc
hardneg_backpack2_e0564245ba91.jpg,hardneg_backpack2_e0564245ba91,hardneg_backpack2,hardneg_backpack2:11205522_fpx-tif_jpeg,0,0,1,e0564245ba917a68313936144980dd15e87e83cd
hardneg_backpack2_a70f52fc476a.jpg,hardneg_backpack2_a70f52fc476a,hardneg_backpack2,hardneg_backpack2:114fff243a35a42f,0,0,1,a70f52fc476a89e1747cb8bc0bf45f8e9b4604e0
hardneg_backpack2_2f1e9d1f1032.jpg,hardneg_backpack2_2f1e9d1f1032,hardneg_backpack2,hardneg_backpack2:1200x0,0,0,1,2f1e9d1f10327e28022ab67b9596b48490537425
hardneg_backpack2_012e7624bd3d.jpg,hardneg_backpack2_012e7624bd3d,hardneg_backpack2,hardneg_backpack2:1202a79eac41489d,0,0,1,012e7624bd3d638b8f20f52f9e93c360e687104d
hardneg_backpack2_f46d3a009fd6.jpg,hardneg_backpack2_f46d3a009fd6,hardneg_backpack2,hardneg_backpack2:1209e7ce038f6790,0,0,1,f46d3a009fd6b14123d4d473f2482a1274262503
hardneg_backpack2_838057b857cc.jpg,hardneg_backpack2_838057b857cc,hardneg_backpack2,hardneg_backpack2:121f253311e9f7bd,0,0,1,838057b857cc8061f12d3bf9a61c5bf675fdc288
hardneg_backpack2_fe6996aeb42e.jpg,hardneg_backpack2_fe6996aeb42e,hardneg_backpack2,hardneg_backpack2:1229bc45c9379120,0,0,1,fe6996aeb42ee02faafd82d46fcdfe2d845f6a48
hardneg_backpack2_0295d87f4ab5.jpg,hardneg_backpack2_0295d87f4ab5,hardneg_backpack2,hardneg_backpack2:125298e97bbec7d2,0,0,1,0295d87f4ab5b4d5b3a9b7204b79e59a12ec291a
hardneg_backpack2_c43f5226af25.jpg,hardneg_backpack2_c43f5226af25,hardneg_backpack2,hardneg_backpack2:125298e97bbec7d2,0,0,1,c43f5226af250acac49e85eb13c7c426ce87784b
hardneg_backpack2_357e36c1d29a.jpg,hardneg_backpack2_357e36c1d29a,hardneg_backpack2,hardneg_backpack2:1268808d7d93a764,0,0,1,357e36c1d29ab4ca4fdd4b2961823cc6e20e6e32
hardneg_backpack2_cd8648e13d31.jpg,hardneg_backpack2_cd8648e13d31,hardneg_backpack2,hardneg_backpack2:1359b3a7d49e3193,0,0,1,cd8648e13d31e894197d21c4b4a586467b084433
hardneg_backpack2_7e93faf1c4a3.jpg,hardneg_backpack2_7e93faf1c4a3,hardneg_backpack2,hardneg_backpack2:1359b3a7d49e3193,0,0,1,7e93faf1c4a3b39a98eb4f92a51632edbffac202
hardneg_backpack2_a49aae0df711.jpg,hardneg_backpack2_a49aae0df711,hardneg_backpack2,hardneg_backpack2:13d4f3e24eead4dd,0,0,1,a49aae0df71110d55cb20d6b8b8d07267990f3d8
hardneg_backpack2_27d69ede3df8.jpg,hardneg_backpack2_27d69ede3df8,hardneg_backpack2,hardneg_backpack2:13d9f45c80d4c88a,0,0,1,27d69ede3df861c08799670cdf32995c79220264
hardneg_backpack2_a555e0af7c1e.jpg,hardneg_backpack2_a555e0af7c1e,hardneg_backpack2,hardneg_backpack2:13f618c9baaf6c9b,0,0,1,a555e0af7c1edc3af8d52ea94ceb467de7b8cb6a
hardneg_backpack2_096b51a75ae9.jpg,hardneg_backpack2_096b51a75ae9,hardneg_backpack2,hardneg_backpack2:13f618c9baaf6c9b,0,0,1,096b51a75ae9b1ccfdf6d02da2fb67f35e3e6166
hardneg_backpack2_3e3de8eed303.jpg,hardneg_backpack2_3e3de8eed303,hardneg_backpack2,hardneg_backpack2:14221_woman-with-a-hiking-bag-walking,0,0,1,3e3de8eed303f678dc769be891a9f9d2909abe83
hardneg_backpack2_ed3c2120ae00.jpg,hardneg_backpack2_ed3c2120ae00,hardneg_backpack2,hardneg_backpack2:1443a371751a2174,0,0,1,ed3c2120ae00028c5c7167e3a51168cfc0905aeb
hardneg_backpack2_6073a4e6a0d0.jpg,hardneg_backpack2_6073a4e6a0d0,hardneg_backpack2,hardneg_backpack2:14e162b24e8e8ff0,0,0,1,6073a4e6a0d03919613f3ec7737fedb4f276f0d3
hardneg_backpack2_dd22cf4f669b.jpg,hardneg_backpack2_dd22cf4f669b,hardneg_backpack2,hardneg_backpack2:155a8a5868f4712d,0,0,1,dd22cf4f669b35d127211cd9b3b5ee7605090ef5
hardneg_backpack2_cc171ebf46fa.jpg,hardneg_backpack2_cc171ebf46fa,hardneg_backpack2,hardneg_backpack2:1560892986-aedbf1a7-4b1c-4e75-b218-833acb2f2285,0,0,1,cc171ebf46faa22ff28789d35152f676bf920a86
hardneg_backpack2_9bc25f9747c4.jpg,hardneg_backpack2_9bc25f9747c4,hardneg_backpack2,hardneg_backpack2:1620941360-wle-core-2021-mini-piper-jet-black-newlock-gold-4364-5000x-1620941304,0,0,1,9bc25f9747c4e6d60d85c7291fe54f66aeb8945c
hardneg_backpack2_d4be19fe80e1.jpg,hardneg_backpack2_d4be19fe80e1,hardneg_backpack2,hardneg_backpack2:1647465283-P00625687,0,0,1,d4be19fe80e1773e040401656f12638bceed5752
hardneg_backpack2_0139e2489eaa.jpg,hardneg_backpack2_0139e2489eaa,hardneg_backpack2,hardneg_backpack2:1656355674-dryden-backpack-1656355663,0,0,1,0139e2489eaaa5bd0e37a3f507642ea498db2818
hardneg_backpack2_9ce4172535a6.jpg,hardneg_backpack2_9ce4172535a6,hardneg_backpack2,hardneg_backpack2:1660146963-screen-shot-2022-08-10-at-11-55-37-am-1660146955_png,0,0,1,9ce4172535a6f37acb4a194403719d8d8ab9404e
hardneg_backpack2_a4c8e0536477.jpg,hardneg_backpack2_a4c8e0536477,hardneg_backpack2,hardneg_backpack2:1685e8c0f4065ad1,0,0,1,a4c8e0536477a86a34bf483fb4df5a78b8eb5a25
hardneg_backpack2_290353aa9739.jpg,hardneg_backpack2_290353aa9739,hardneg_backpack2,hardneg_backpack2:172f53defd827219,0,0,1,290353aa97390a4bc109965ad730e5ce6f80d322
hardneg_backpack2_575946038f5e.jpg,hardneg_backpack2_575946038f5e,hardneg_backpack2,hardneg_backpack2:17848224_40689581_300,0,0,1,575946038f5eacdb5780200e9c3a351271b14b6f
hardneg_backpack2_a708dd4519db.jpg,hardneg_backpack2_a708dd4519db,hardneg_backpack2,hardneg_backpack2:185f29af958bd27d,0,0,1,a708dd4519dbbf17e70740301a69e2f01f8a2ff5
hardneg_backpack2_14856893b99c.jpg,hardneg_backpack2_14856893b99c,hardneg_backpack2,hardneg_backpack2:191a8be2fe387568,0,0,1,14856893b99c1aabf186d2af317449cf00bc2a21
hardneg_backpack2_5e62ef99c9d0.jpg,hardneg_backpack2_5e62ef99c9d0,hardneg_backpack2,hardneg_backpack2:19294182480d5c55,0,0,1,5e62ef99c9d074205219f4b0986fb957b905475b
hardneg_backpack2_a256555d0ca2.jpg,hardneg_backpack2_a256555d0ca2,hardneg_backpack2,hardneg_backpack2:193557f4e80e8cdd,0,0,1,a256555d0ca2f827af8d977a5bc40c08095cd9a6
hardneg_backpack2_400a38e63416.jpg,hardneg_backpack2_400a38e63416,hardneg_backpack2,hardneg_backpack2:193557f4e80e8cdd,0,0,1,400a38e634168978e9b94c5c17d533e8413b42dc
hardneg_backpack2_5c3fcdce8f3e.jpg,hardneg_backpack2_5c3fcdce8f3e,hardneg_backpack2,hardneg_backpack2:1b0af373e1484a80,0,0,1,5c3fcdce8f3ec38a7178e68f1d4487824381ec96
hardneg_backpack2_38ac9fc93473.jpg,hardneg_backpack2_38ac9fc93473,hardneg_backpack2,hardneg_backpack2:1bb61a35286f9cb8,0,0,1,38ac9fc934734c1de4709a022d644a344bebfba0
hardneg_backpack2_36390c346b73.jpg,hardneg_backpack2_36390c346b73,hardneg_backpack2,hardneg_backpack2:1c346809ad5364d0,0,0,1,36390c346b73d41b1610e4f5f972abeb8edc11d0
hardneg_backpack2_ef1ec86a7baf.jpg,hardneg_backpack2_ef1ec86a7baf,hardneg_backpack2,hardneg_backpack2:1c5f5f799433da55,0,0,1,ef1ec86a7bafd21b0acd8f8f4b8bde60b85cbe79
hardneg_backpack2_161edc06adb2.jpg,hardneg_backpack2_161edc06adb2,hardneg_backpack2,hardneg_backpack2:1c5f5f799433da55,0,0,1,161edc06adb2a383cbfa99e39582f311aee3f085
hardneg_backpack2_99d02529232a.jpg,hardneg_backpack2_99d02529232a,hardneg_backpack2,hardneg_backpack2:1ce22d44bc631e0d,0,0,1,99d02529232a76acee813a8443f86062d6bd533f
hardneg_backpack2_b5d4641a842b.jpg,hardneg_backpack2_b5d4641a842b,hardneg_backpack2,hardneg_backpack2:1ce22d44bc631e0d,0,0,1,b5d4641a842b2c2ef950d2d3667b4b9480d7d68f
hardneg_backpack2_3929abe2a827.jpg,hardneg_backpack2_3929abe2a827,hardneg_backpack2,hardneg_backpack2:1ce4d1ddf6601e36,0,0,1,3929abe2a8272aaa8b3f4dc46a81a705673353b1
hardneg_backpack2_80f264dde836.jpg,hardneg_backpack2_80f264dde836,hardneg_backpack2,hardneg_backpack2:1d1e1fbcebffe5db,0,0,1,80f264dde836a547c1feedcb7f74ef1181068b29
hardneg_backpack2_3a90bb73644d.jpg,hardneg_backpack2_3a90bb73644d,hardneg_backpack2,hardneg_backpack2:1d8091fcd3a29f6e,0,0,1,3a90bb73644d3e6a9814135549dc09d980efc0a3
hardneg_backpack2_59fd781aa02c.jpg,hardneg_backpack2_59fd781aa02c,hardneg_backpack2,hardneg_backpack2:1dca3940e510bfa5,0,0,1,59fd781aa02cffa1fddd3b0d20bb0cbc7ecea0ba
hardneg_backpack2_8f8297e8c618.jpg,hardneg_backpack2_8f8297e8c618,hardneg_backpack2,hardneg_backpack2:1e0ba45519daa765,0,0,1,8f8297e8c618d1eae4348e6dc63c0e7ce1ffb77a
hardneg_backpack2_24582b1deb7c.jpg,hardneg_backpack2_24582b1deb7c,hardneg_backpack2,hardneg_backpack2:1ed33de10ba48c5a,0,0,1,24582b1deb7ca77e8a26a8479b2057cb3bbc98b9
hardneg_backpack2_a546d441db3c.jpg,hardneg_backpack2_a546d441db3c,hardneg_backpack2,hardneg_backpack2:1f404c20c66fb057,0,0,1,a546d441db3cfb1c6154c33408c64b8b55d1711f
hardneg_backpack2_5c0f16bf3d61.jpg,hardneg_backpack2_5c0f16bf3d61,hardneg_backpack2,hardneg_backpack2:1fc30a6a78c0a39d,0,0,1,5c0f16bf3d61d94d361c0da397e0c13171290597
hardneg_backpack2_5e4a1eb3f476.jpg,hardneg_backpack2_5e4a1eb3f476,hardneg_backpack2,hardneg_backpack2:1fc30a6a78c0a39d,0,0,1,5e4a1eb3f4765be7ef3f40c63a6094ed05d457e2
hardneg_backpack2_4658accef268.jpg,hardneg_backpack2_4658accef268,hardneg_backpack2,hardneg_backpack2:1fd5354e9deb6d8f,0,0,1,4658accef268776057c5ca6d3f03a7a93ee44265
hardneg_backpack2_d20b13eabcf6.jpg,hardneg_backpack2_d20b13eabcf6,hardneg_backpack2,hardneg_backpack2:200806235145-hannah-watters-croded-hallway-georgia-exlarge-169,0,0,1,d20b13eabcf66c47cd7147c979141321d1b18a0a
hardneg_backpack2_163c72c4f3be.jpg,hardneg_backpack2_163c72c4f3be,hardneg_backpack2,hardneg_backpack2:2014105715111_jpeg,0,0,1,163c72c4f3be0dd52988db43d0cbd67206b6c25d
hardneg_backpack2_912c852284f7.jpg,hardneg_backpack2_912c852284f7,hardneg_backpack2,hardneg_backpack2:2022-02-19-133733_10,0,0,1,912c852284f7a5c4f691b0d3c9dd7f5188a111c0
hardneg_backpack2_3209390d9c45.jpg,hardneg_backpack2_3209390d9c45,hardneg_backpack2,hardneg_backpack2:2022-02-19-133733_10,0,0,1,3209390d9c450227f3cf8611c3131afed7bc3eea
hardneg_backpack2_ccf07a5a6007.jpg,hardneg_backpack2_ccf07a5a6007,hardneg_backpack2,hardneg_backpack2:2022-02-19-133733_10,0,0,1,ccf07a5a60071070138ce518c9c6cf6f0eacc028
hardneg_backpack2_d13696a6d0e2.jpg,hardneg_backpack2_d13696a6d0e2,hardneg_backpack2,hardneg_backpack2:2022-02-19-133733_1,0,0,1,d13696a6d0e2e8c43ecc243cccd48130f5c993e1
hardneg_backpack2_ad210b647dbf.jpg,hardneg_backpack2_ad210b647dbf,hardneg_backpack2,hardneg_backpack2:2022-02-19-133733_1,0,0,1,ad210b647dbf7dde7532ea04518d690e5ebddb15
hardneg_backpack2_566ed0d9e409.jpg,hardneg_backpack2_566ed0d9e409,hardneg_backpack2,hardneg_backpack2:2022-02-19-133733_2,0,0,1,566ed0d9e4092563baa04bc5f6b31c8ddfa5830d
hardneg_backpack2_ebb55853dd1f.jpg,hardneg_backpack2_ebb55853dd1f,hardneg_backpack2,hardneg_backpack2:2022-02-19-133733_3,0,0,1,ebb55853dd1f7c4f811877a4f67e462a6552b383
hardneg_backpack2_d62c77bae735.jpg,hardneg_backpack2_d62c77bae735,hardneg_backpack2,hardneg_backpack2:2022-02-19-133733_3,0,0,1,d62c77bae7351badf81fdc1f3168b5e7120d6f47
hardneg_backpack2_56277951ff7a.jpg,hardneg_backpack2_56277951ff7a,hardneg_backpack2,hardneg_backpack2:2022-02-19-133733_3,0,0,1,56277951ff7a3a86d989bd4218633139d27ceaca
hardneg_backpack2_ffbb349805fa.jpg,hardneg_backpack2_ffbb349805fa,hardneg_backpack2,hardneg_backpack2:2022-02-19-133733_4,0,0,1,ffbb349805fab5b59eb0f7e118cb8df04de8cd4f
hardneg_backpack2_333acd3863d0.jpg,hardneg_backpack2_333acd3863d0,hardneg_backpack2,hardneg_backpack2:2022-02-19-133733_4,0,0,1,333acd3863d0c32333fe1bfc76e3fa9c5aef0f58
hardneg_backpack2_f80808bc0d82.jpg,hardneg_backpack2_f80808bc0d82,hardneg_backpack2,hardneg_backpack2:2022-02-19-133733_5,0,0,1,f80808bc0d8257cf67d3fb0b562d1e756ce91264
hardneg_backpack2_66c2f94862d4.jpg,hardneg_backpack2_66c2f94862d4,hardneg_backpack2,hardneg_backpack2:2022-02-19-133733_8,0,0,1,66c2f94862d46e5b404e105916c5aca94b9a1a14
hardneg_backpack2_d99c9126d2a3.jpg,hardneg_backpack2_d99c9126d2a3,hardneg_backpack2,hardneg_backpack2:2022-02-19-133733_9,0,0,1,d99c9126d2a3d261632e4e32728a15d4a50b66d4
hardneg_backpack2_a9e2bfe5cab8.jpg,hardneg_backpack2_a9e2bfe5cab8,hardneg_backpack2,hardneg_backpack2:2022-02-19-133733_9,0,0,1,a9e2bfe5cab838ee4125ae80c3bb9ae4f12c7f42
hardneg_backpack2_6245af27dcf2.jpg,hardneg_backpack2_6245af27dcf2,hardneg_backpack2,hardneg_backpack2:2022-02-19-133733_9,0,0,1,6245af27dcf2b64e453361e18f8ab8ffb2747fe9
hardneg_backpack2_f9a2061b33e0.jpg,hardneg_backpack2_f9a2061b33e0,hardneg_backpack2,hardneg_backpack2:2022-02-19-133803_10,0,0,1,f9a2061b33e0d0765a51091412dc328b64033ecf
hardneg_backpack2_aaa6e4dcd114.jpg,hardneg_backpack2_aaa6e4dcd114,hardneg_backpack2,hardneg_backpack2:2022-02-19-133803_10,0,0,1,aaa6e4dcd11401292d855cd33351ef1e93b3b543
hardneg_backpack2_2d41a05bb6b9.jpg,hardneg_backpack2_2d41a05bb6b9,hardneg_backpack2,hardneg_backpack2:2022-02-19-133803_1,0,0,1,2d41a05bb6b9d6eb5a17d2f8bfb5aa391cc523fe
hardneg_backpack2_187d99b57d31.jpg,hardneg_backpack2_187d99b57d31,hardneg_backpack2,hardneg_backpack2:2022-02-19-133803_1,0,0,1,187d99b57d3132157b521a77eafacf951c29c592
hardneg_backpack2_719d9bbf3664.jpg,hardneg_backpack2_719d9bbf3664,hardneg_backpack2,hardneg_backpack2:2022-02-19-133803_1,0,0,1,719d9bbf3664e117fecea516b1f92be20c3d080d
hardneg_backpack2_77efc5532322.jpg,hardneg_backpack2_77efc5532322,hardneg_backpack2,hardneg_backpack2:2022-02-19-133803_2,0,0,1,77efc5532322078e29200a7b59e790f56b5d157c
hardneg_backpack2_7220e94ec780.jpg,hardneg_backpack2_7220e94ec780,hardneg_backpack2,hardneg_backpack2:2022-02-19-133803_2,0,0,1,7220e94ec780f8a8b0ff0353a4e7a6b0c8e06d7f
hardneg_backpack2_410cfa965e5a.jpg,hardneg_backpack2_410cfa965e5a,hardneg_backpack2,hardneg_backpack2:2022-02-19-133803_2,0,0,1,410cfa965e5a525c8c16a450e336e3e1b8480488
hardneg_backpack2_926a872d5d72.jpg,hardneg_backpack2_926a872d5d72,hardneg_backpack2,hardneg_backpack2:2022-02-19-133803_3,0,0,1,926a872d5d72b8d1351af140d229e3e0cf0fdc47
hardneg_backpack2_4452db62ec50.jpg,hardneg_backpack2_4452db62ec50,hardneg_backpack2,hardneg_backpack2:2022-02-19-133803_4,0,0,1,4452db62ec505476b18d15bf68105385d8043c36
hardneg_backpack2_b882983944cc.jpg,hardneg_backpack2_b882983944cc,hardneg_backpack2,hardneg_backpack2:2022-02-19-133803_5,0,0,1,b882983944cc9dc738028fe3f7a0a3fd24cfba55
hardneg_backpack2_466395af3d14.jpg,hardneg_backpack2_466395af3d14,hardneg_backpack2,hardneg_backpack2:2022-02-19-133803_6,0,0,1,466395af3d1467b8a469afe93270d4b108fa6f09
hardneg_backpack2_3bbc8d2e2d26.jpg,hardneg_backpack2_3bbc8d2e2d26,hardneg_backpack2,hardneg_backpack2:2022-02-19-133803_6,0,0,1,3bbc8d2e2d26b5b42231c7841b955fbff0deebc6
hardneg_backpack2_e0c1c83236d7.jpg,hardneg_backpack2_e0c1c83236d7,hardneg_backpack2,hardneg_backpack2:2022-02-19-133803_6,0,0,1,e0c1c83236d7043b18c261a08e1917d3396e92b9
hardneg_backpack2_c24ceb5514da.jpg,hardneg_backpack2_c24ceb5514da,hardneg_backpack2,hardneg_backpack2:2022-02-19-133803_7,0,0,1,c24ceb5514dadafc6488e0a47e5d08343d6c76ef
hardneg_backpack2_3c487f64941e.jpg,hardneg_backpack2_3c487f64941e,hardneg_backpack2,hardneg_backpack2:2022-02-19-133803_7,0,0,1,3c487f64941ec592b001e7c3ed0e97b3d954ef9f
hardneg_backpack2_c265a9aeee73.jpg,hardneg_backpack2_c265a9aeee73,hardneg_backpack2,hardneg_backpack2:2022-02-19-133803_8,0,0,1,c265a9aeee73423baa5e6a0869d77cce09ec78b1
hardneg_backpack2_5c40dc4dbee8.jpg,hardneg_backpack2_5c40dc4dbee8,hardneg_backpack2,hardneg_backpack2:2022-02-19-133803_8,0,0,1,5c40dc4dbee86ac6fd671e31e47ee2c5f71ee469
hardneg_backpack2_14b532e5e312.jpg,hardneg_backpack2_14b532e5e312,hardneg_backpack2,hardneg_backpack2:2022-02-19-133803_9,0,0,1,14b532e5e31216277963a0785bc5b4badf4b711d
hardneg_backpack2_9afe5367137b.jpg,hardneg_backpack2_9afe5367137b,hardneg_backpack2,hardneg_backpack2:2022-02-19-133803_9,0,0,1,9afe5367137bd18c15c7be841c541f4ddd04ea62
hardneg_backpack2_a9cf9fff2be3.jpg,hardneg_backpack2_a9cf9fff2be3,hardneg_backpack2,hardneg_backpack2:2022-02-19-133803_9,0,0,1,a9cf9fff2be3e393b6bdd1756f114a23b02c2343
hardneg_backpack2_d209f4e9e5dd.jpg,hardneg_backpack2_d209f4e9e5dd,hardneg_backpack2,hardneg_backpack2:2022-02-19-133816_10,0,0,1,d209f4e9e5dd83abb3f899c7b0ed75954879cd51
hardneg_backpack2_0c5669a5e2b9.jpg,hardneg_backpack2_0c5669a5e2b9,hardneg_backpack2,hardneg_backpack2:2022-02-19-133816_10,0,0,1,0c5669a5e2b902c64142e17a3cd154c103674767
hardneg_backpack2_3a0f1e847ce8.jpg,hardneg_backpack2_3a0f1e847ce8,hardneg_backpack2,hardneg_backpack2:2022-02-19-133816_1,0,0,1,3a0f1e847ce89fb5df25631a53656480c1ce3284
hardneg_backpack2_2ca1a3b689f9.jpg,hardneg_backpack2_2ca1a3b689f9,hardneg_backpack2,hardneg_backpack2:2022-02-19-133816_2,0,0,1,2ca1a3b689f9aa938bb7063233f43272adfd1ec1
hardneg_backpack2_335565bf3aea.jpg,hardneg_backpack2_335565bf3aea,hardneg_backpack2,hardneg_backpack2:2022-02-19-133816_3,0,0,1,335565bf3aeaa6128080e0e11d039e97b43b12d3
hardneg_backpack2_e639e067ae8c.jpg,hardneg_backpack2_e639e067ae8c,hardneg_backpack2,hardneg_backpack2:2022-02-19-133816_3,0,0,1,e639e067ae8cc352c71090b489cf23d403e3e7fe
hardneg_backpack2_61afc1f6e339.jpg,hardneg_backpack2_61afc1f6e339,hardneg_backpack2,hardneg_backpack2:2022-02-19-133816_4,0,0,1,61afc1f6e3390729009f97f28455e6ed2d098e85
hardneg_backpack2_4286e4cb5f6f.jpg,hardneg_backpack2_4286e4cb5f6f,hardneg_backpack2,hardneg_backpack2:2022-02-19-133816_5,0,0,1,4286e4cb5f6fe1768da677102557ec5e7316f6f0
hardneg_backpack2_e66354a26627.jpg,hardneg_backpack2_e66354a26627,hardneg_backpack2,hardneg_backpack2:2022-02-19-133816_5,0,0,1,e66354a266276785ae8a6ac9b02fe6f5ed04043f
hardneg_backpack2_fdb62b164a3b.jpg,hardneg_backpack2_fdb62b164a3b,hardneg_backpack2,hardneg_backpack2:2022-02-19-133816_5,0,0,1,fdb62b164a3bc674892773b1959c645301b1d264
hardneg_backpack2_a30f1da921e0.jpg,hardneg_backpack2_a30f1da921e0,hardneg_backpack2,hardneg_backpack2:2022-02-19-133816_6,0,0,1,a30f1da921e0e89564fe2a1b2c0e2afe49e484df
hardneg_backpack2_f0062f53c8be.jpg,hardneg_backpack2_f0062f53c8be,hardneg_backpack2,hardneg_backpack2:2022-02-19-133816_7,0,0,1,f0062f53c8be75e42cf34e4dd7d9f6d40f1750c4
hardneg_backpack2_a6e5e0c7683d.jpg,hardneg_backpack2_a6e5e0c7683d,hardneg_backpack2,hardneg_backpack2:2022-02-19-133816_8,0,0,1,a6e5e0c7683da0a79146ae4cb039f4f7c020c748
hardneg_backpack2_e003d0fa4ebe.jpg,hardneg_backpack2_e003d0fa4ebe,hardneg_backpack2,hardneg_backpack2:2022-02-19-133816_8,0,0,1,e003d0fa4ebe989cee3bed5dbc574458e84b4bd5
hardneg_backpack2_5f28b10fe402.jpg,hardneg_backpack2_5f28b10fe402,hardneg_backpack2,hardneg_backpack2:2022-02-19-133816_9,0,0,1,5f28b10fe402dc60175a38fa2810772312c977ff
hardneg_backpack2_c23049777ff7.jpg,hardneg_backpack2_c23049777ff7,hardneg_backpack2,hardneg_backpack2:2022-02-19-133816_9,0,0,1,c23049777ff72c0c4cc7f314f813939cba15e890
hardneg_backpack2_92992a5b00f7.jpg,hardneg_backpack2_92992a5b00f7,hardneg_backpack2,hardneg_backpack2:2022-02-19-133816_9,0,0,1,92992a5b00f705f20d937aa28b9fc0a4de09be54
hardneg_backpack2_3a3a99f9fa02.jpg,hardneg_backpack2_3a3a99f9fa02,hardneg_backpack2,hardneg_backpack2:2022-02-19-133913_10,0,0,1,3a3a99f9fa02b17ebd66528d771bc3be6482df18
hardneg_backpack2_59f3e9b36679.jpg,hardneg_backpack2_59f3e9b36679,hardneg_backpack2,hardneg_backpack2:2022-02-19-133913_1,0,0,1,59f3e9b36679a04d009bb87debc859f37d254c5e
hardneg_backpack2_2aca28100fe4.jpg,hardneg_backpack2_2aca28100fe4,hardneg_backpack2,hardneg_backpack2:2022-02-19-133913_1,0,0,1,2aca28100fe4b41ba3889bafb453bc301afa9a90
hardneg_backpack2_9ba75a437eec.jpg,hardneg_backpack2_9ba75a437eec,hardneg_backpack2,hardneg_backpack2:2022-02-19-133913_2,0,0,1,9ba75a437eec48d55bfd5c61a251c25fffe472cf
hardneg_backpack2_36e3fbedc48b.jpg,hardneg_backpack2_36e3fbedc48b,hardneg_backpack2,hardneg_backpack2:2022-02-19-133913_2,0,0,1,36e3fbedc48ba665ada7541f6d75283591ee878f
hardneg_backpack2_6f7af7d76755.jpg,hardneg_backpack2_6f7af7d76755,hardneg_backpack2,hardneg_backpack2:2022-02-19-133913_3,0,0,1,6f7af7d76755366e19934af25fa7498cfd6b0bda
hardneg_backpack2_63f45fb18dc6.jpg,hardneg_backpack2_63f45fb18dc6,hardneg_backpack2,hardneg_backpack2:2022-02-19-133913_4,0,0,1,63f45fb18dc688ed0ba6329c79c6629c1ee85427
hardneg_backpack2_f6f70ccc76c0.jpg,hardneg_backpack2_f6f70ccc76c0,hardneg_backpack2,hardneg_backpack2:2022-02-19-133913_4,0,0,1,f6f70ccc76c04812eaf34cd088b865c1ad52faa0
hardneg_backpack2_1790f5c58ccc.jpg,hardneg_backpack2_1790f5c58ccc,hardneg_backpack2,hardneg_backpack2:2022-02-19-133913_4,0,0,1,1790f5c58ccce517873686bc1a0b6b7404337b9c
hardneg_backpack2_ae700e4adcfc.jpg,hardneg_backpack2_ae700e4adcfc,hardneg_backpack2,hardneg_backpack2:2022-02-19-133913_5,0,0,1,ae700e4adcfc960c60767e06da9d429be7e962fc
hardneg_backpack2_620081b8d04d.jpg,hardneg_backpack2_620081b8d04d,hardneg_backpack2,hardneg_backpack2:2022-02-19-133913_5,0,0,1,620081b8d04dc8a0baae11a4003a0b7afff08ba8
hardneg_backpack2_d5f37547cf3d.jpg,hardneg_backpack2_d5f37547cf3d,hardneg_backpack2,hardneg_backpack2:2022-02-19-133913_6,0,0,1,d5f37547cf3d2ff112d1445f601365e337b13367
hardneg_backpack2_e8e026745ec2.jpg,hardneg_backpack2_e8e026745ec2,hardneg_backpack2,hardneg_backpack2:2022-02-19-133913_6,0,0,1,e8e026745ec2a863e52c98015602e42f8f7dbf5d
hardneg_backpack2_0856ac34bf72.jpg,hardneg_backpack2_0856ac34bf72,hardneg_backpack2,hardneg_backpack2:2022-02-19-133913_6,0,0,1,0856ac34bf725c49607f21a61786bada821c0c11
hardneg_backpack2_befcd21ed819.jpg,hardneg_backpack2_befcd21ed819,hardneg_backpack2,hardneg_backpack2:2022-02-19-133913_7,0,0,1,befcd21ed8199f1253145f29a817d7c3903e14b1
hardneg_backpack2_d8df6877c064.jpg,hardneg_backpack2_d8df6877c064,hardneg_backpack2,hardneg_backpack2:2022-02-19-133913_7,0,0,1,d8df6877c064709bb4bf802ab57946721a5cf24d
hardneg_backpack2_ec85bfbeed35.jpg,hardneg_backpack2_ec85bfbeed35,hardneg_backpack2,hardneg_backpack2:2022-02-19-133913_7,0,0,1,ec85bfbeed35ef40187a0c0ef98a9ba26af34671
hardneg_backpack2_1d7b70777df2.jpg,hardneg_backpack2_1d7b70777df2,hardneg_backpack2,hardneg_backpack2:2022-02-19-133913_8,0,0,1,1d7b70777df2a7505879f952c288b542a5b17a55
hardneg_backpack2_990ceaad1782.jpg,hardneg_backpack2_990ceaad1782,hardneg_backpack2,hardneg_backpack2:2022-02-19-133913_8,0,0,1,990ceaad1782c58838f42ad63c6fdb1d58c9f28e
hardneg_backpack2_7bce63c4c67f.jpg,hardneg_backpack2_7bce63c4c67f,hardneg_backpack2,hardneg_backpack2:2022-02-19-133929_10,0,0,1,7bce63c4c67f87f5b64de25008632928ddd665a9
hardneg_backpack2_55474c17d623.jpg,hardneg_backpack2_55474c17d623,hardneg_backpack2,hardneg_backpack2:2022-02-19-133929_10,0,0,1,55474c17d623f6086911428bf7f691db31c74d9e
hardneg_backpack2_6c050a05fde5.jpg,hardneg_backpack2_6c050a05fde5,hardneg_backpack2,hardneg_backpack2:2022-02-19-133929_1,0,0,1,6c050a05fde5dbcd22071f68df32273885d5f482
hardneg_backpack2_a329bb35ddcd.jpg,hardneg_backpack2_a329bb35ddcd,hardneg_backpack2,hardneg_backpack2:2022-02-19-133929_2,0,0,1,a329bb35ddcd88ca59c2e13c739b51f163aba32d
hardneg_backpack2_398ffc20876f.jpg,hardneg_backpack2_398ffc20876f,hardneg_backpack2,hardneg_backpack2:2022-02-19-133929_2,0,0,1,398ffc20876f3140a45068661fd055ec3faeadd6
hardneg_backpack2_854f06b88374.jpg,hardneg_backpack2_854f06b88374,hardneg_backpack2,hardneg_backpack2:2022-02-19-133929_2,0,0,1,854f06b8837473926a31067ca4822c1e3b20100d
hardneg_backpack2_22c43f8b194d.jpg,hardneg_backpack2_22c43f8b194d,hardneg_backpack2,hardneg_backpack2:2022-02-19-133929_3,0,0,1,22c43f8b194d7340a93e7833542d2e45b1af669f
hardneg_backpack2_b8559a63125c.jpg,hardneg_backpack2_b8559a63125c,hardneg_backpack2,hardneg_backpack2:2022-02-19-133929_3,0,0,1,b8559a63125cea55d05d9aca694814403a2bcdb5
hardneg_backpack2_5a0e374444a0.jpg,hardneg_backpack2_5a0e374444a0,hardneg_backpack2,hardneg_backpack2:2022-02-19-133929_5,0,0,1,5a0e374444a0c64c3c62509fe73cc53546cdf139
hardneg_backpack2_ebfffa9d334a.jpg,hardneg_backpack2_ebfffa9d334a,hardneg_backpack2,hardneg_backpack2:2022-02-19-133929_6,0,0,1,ebfffa9d334af7f95197cd895ed3b581c59c8065
hardneg_backpack2_64a5df1dfb51.jpg,hardneg_backpack2_64a5df1dfb51,hardneg_backpack2,hardneg_backpack2:2022-02-19-133929_6,0,0,1,64a5df1dfb51fd95ecd852dac7bfcd643e3c762d
hardneg_backpack2_9b01848eabdf.jpg,hardneg_backpack2_9b01848eabdf,hardneg_backpack2,hardneg_backpack2:2022-02-19-133929_6,0,0,1,9b01848eabdf5f3f72c829e2bac8f7e8ba19e25d
hardneg_backpack2_d531dd7ce7cc.jpg,hardneg_backpack2_d531dd7ce7cc,hardneg_backpack2,hardneg_backpack2:2022-02-19-133929_7,0,0,1,d531dd7ce7cccc6ded444291341bb2d91394ae0e
hardneg_backpack2_a9af778ae322.jpg,hardneg_backpack2_a9af778ae322,hardneg_backpack2,hardneg_backpack2:2022-02-19-133929_8,0,0,1,a9af778ae322309c5f296d9d6ba9175320e87c4c
hardneg_backpack2_80c00be9832b.jpg,hardneg_backpack2_80c00be9832b,hardneg_backpack2,hardneg_backpack2:2022-02-19-133929_8,0,0,1,80c00be9832b8036b1560e8c73d2cd16b07b72c8
hardneg_backpack2_823c589c0ad1.jpg,hardneg_backpack2_823c589c0ad1,hardneg_backpack2,hardneg_backpack2:2022-02-19-133929_8,0,0,1,823c589c0ad153e9921fb7806d1a1af3e21749d8
hardneg_backpack2_854a0ce0702e.jpg,hardneg_backpack2_854a0ce0702e,hardneg_backpack2,hardneg_backpack2:2022-02-19-133929_9,0,0,1,854a0ce0702ed3f76aed640d3991d3ec9de7830c
hardneg_backpack2_4354e01882c9.jpg,hardneg_backpack2_4354e01882c9,hardneg_backpack2,hardneg_backpack2:2022-02-19-133954_10,0,0,1,4354e01882c92b9ef7da577e3fbb7c3cfa102fb9
hardneg_backpack2_43e1a97484eb.jpg,hardneg_backpack2_43e1a97484eb,hardneg_backpack2,hardneg_backpack2:2022-02-19-133954_10,0,0,1,43e1a97484eb38287b17df27fa25952913c915f3
hardneg_backpack2_2d3d425f4774.jpg,hardneg_backpack2_2d3d425f4774,hardneg_backpack2,hardneg_backpack2:2022-02-19-133954_1,0,0,1,2d3d425f4774a663121af25adfa7400cebd03b34
hardneg_backpack2_71c8daf1e192.jpg,hardneg_backpack2_71c8daf1e192,hardneg_backpack2,hardneg_backpack2:2022-02-19-133954_1,0,0,1,71c8daf1e1923f6c98357a8481f2eda56157b4d5
hardneg_backpack2_0e03dd3fefa8.jpg,hardneg_backpack2_0e03dd3fefa8,hardneg_backpack2,hardneg_backpack2:2022-02-19-133954_1,0,0,1,0e03dd3fefa829e626637d009c43848b24198fb5
hardneg_backpack2_ea3301dd8148.jpg,hardneg_backpack2_ea3301dd8148,hardneg_backpack2,hardneg_backpack2:2022-02-19-133954_2,0,0,1,ea3301dd8148778724b8b72766737d17e8c71454
hardneg_backpack2_1b6029a58103.jpg,hardneg_backpack2_1b6029a58103,hardneg_backpack2,hardneg_backpack2:2022-02-19-133954_2,0,0,1,1b6029a58103461ca641c5505199557add7a2b3f
hardneg_backpack2_f9321ccd0040.jpg,hardneg_backpack2_f9321ccd0040,hardneg_backpack2,hardneg_backpack2:2022-02-19-133954_3,0,0,1,f9321ccd00407a0de57d5071ac522fe9c3d62353
hardneg_backpack2_b927e893c7da.jpg,hardneg_backpack2_b927e893c7da,hardneg_backpack2,hardneg_backpack2:2022-02-19-133954_4,0,0,1,b927e893c7da81e39aad75c9bf45adb90cbb2497
hardneg_backpack2_ffdd277f54ad.jpg,hardneg_backpack2_ffdd277f54ad,hardneg_backpack2,hardneg_backpack2:2022-02-19-133954_5,0,0,1,ffdd277f54add400262cc63b29f7755ffb2d0ec9
hardneg_backpack2_05a1a2128cac.jpg,hardneg_backpack2_05a1a2128cac,hardneg_backpack2,hardneg_backpack2:2022-02-19-133954_6,0,0,1,05a1a2128cacd81ba55162e0824a7a1b9c2b3986
hardneg_backpack2_80d58382b233.jpg,hardneg_backpack2_80d58382b233,hardneg_backpack2,hardneg_backpack2:2022-02-19-133954_6,0,0,1,80d58382b23320c6dd80be6bf33cd3ae84601b96
hardneg_backpack2_f0f27e176c8e.jpg,hardneg_backpack2_f0f27e176c8e,hardneg_backpack2,hardneg_backpack2:2022-02-19-133954_6,0,0,1,f0f27e176c8e63e541457c274963455b5069474a
hardneg_backpack2_275ef444fc4c.jpg,hardneg_backpack2_275ef444fc4c,hardneg_backpack2,hardneg_backpack2:2022-02-19-133954_7,0,0,1,275ef444fc4c089b2aea790e7220ddac27374e4f
hardneg_backpack2_b133e33ae0d0.jpg,hardneg_backpack2_b133e33ae0d0,hardneg_backpack2,hardneg_backpack2:2022-02-19-133954_7,0,0,1,b133e33ae0d0300a5c5dd80d569667d6c140a5b6
hardneg_backpack2_6b2618ad648c.jpg,hardneg_backpack2_6b2618ad648c,hardneg_backpack2,hardneg_backpack2:2022-02-19-133954_7,0,0,1,6b2618ad648c22fea28025366194a8be5c820810
hardneg_backpack2_6bb153616e97.jpg,hardneg_backpack2_6bb153616e97,hardneg_backpack2,hardneg_backpack2:2022-02-19-133954_8,0,0,1,6bb153616e97aee1bce9f4ce5e69194799f8459d
hardneg_backpack2_04aaf0e1dcc1.jpg,hardneg_backpack2_04aaf0e1dcc1,hardneg_backpack2,hardneg_backpack2:2022-02-19-133954_8,0,0,1,04aaf0e1dcc10f70c00ad5ba6fe58369437795ec
hardneg_backpack2_0b1f08986da9.jpg,hardneg_backpack2_0b1f08986da9,hardneg_backpack2,hardneg_backpack2:2022-02-19-133954_8,0,0,1,0b1f08986da99a5786960b99441bc3c63d7baf18
hardneg_backpack2_9ae3c296ee0b.jpg,hardneg_backpack2_9ae3c296ee0b,hardneg_backpack2,hardneg_backpack2:2022-02-19-133954_9,0,0,1,9ae3c296ee0ba35f1aec22f10dcf5caa033b60c3
hardneg_backpack2_dd9018a4a716.jpg,hardneg_backpack2_dd9018a4a716,hardneg_backpack2,hardneg_backpack2:2022-02-19-133954_9,0,0,1,dd9018a4a71651f70a3c719db46747f395b91fee
hardneg_backpack2_e257a1fbe698.jpg,hardneg_backpack2_e257a1fbe698,hardneg_backpack2,hardneg_backpack2:2022-02-19-134007_10,0,0,1,e257a1fbe69821ea12fede657e3d79b6cbb5ecf8
hardneg_backpack2_5bc28f700530.jpg,hardneg_backpack2_5bc28f700530,hardneg_backpack2,hardneg_backpack2:2022-02-19-134007_10,0,0,1,5bc28f700530ce5c6d0f0db7be2df64fb64db60a
hardneg_backpack2_81006ffa80ce.jpg,hardneg_backpack2_81006ffa80ce,hardneg_backpack2,hardneg_backpack2:2022-02-19-134007_10,0,0,1,81006ffa80cec8e17c91d4a3c5134f1fbe18f5c2
hardneg_backpack2_0d6cf4ed4456.jpg,hardneg_backpack2_0d6cf4ed4456,hardneg_backpack2,hardneg_backpack2:2022-02-19-134007_1,0,0,1,0d6cf4ed4456845f5af0a17f599f3f40c62ef06c
hardneg_backpack2_1dd54dfbef87.jpg,hardneg_backpack2_1dd54dfbef87,hardneg_backpack2,hardneg_backpack2:2022-02-19-134007_2,0,0,1,1dd54dfbef877beb45949faad7c9cb2687def76e
hardneg_backpack2_fe4892664191.jpg,hardneg_backpack2_fe4892664191,hardneg_backpack2,hardneg_backpack2:2022-02-19-134007_2,0,0,1,fe48926641916f6e878a944b221a956ead2970f0
hardneg_backpack2_567d8503cf15.jpg,hardneg_backpack2_567d8503cf15,hardneg_backpack2,hardneg_backpack2:2022-02-19-134007_5,0,0,1,567d8503cf153ec2600a6f336844954e6a1f957d
hardneg_backpack2_51d2374341a4.jpg,hardneg_backpack2_51d2374341a4,hardneg_backpack2,hardneg_backpack2:2022-02-19-134007_7,0,0,1,51d2374341a4f3dc217f12a38c0236f3152935ba
hardneg_backpack2_eb38e0f5a1a1.jpg,hardneg_backpack2_eb38e0f5a1a1,hardneg_backpack2,hardneg_backpack2:2022-02-19-134007_7,0,0,1,eb38e0f5a1a14c57ab6acc20f972fd2186a7d5e8
hardneg_backpack2_d23509344ebf.jpg,hardneg_backpack2_d23509344ebf,hardneg_backpack2,hardneg_backpack2:2022-02-19-134007_8,0,0,1,d23509344ebf6410fa84b8b56c11ee49d77c999f
hardneg_backpack2_e0040864017d.jpg,hardneg_backpack2_e0040864017d,hardneg_backpack2,hardneg_backpack2:2022-02-19-134007_9,0,0,1,e0040864017d2fcb804195a1dbfe59ebeb0557e3
hardneg_backpack2_cbc4ab3f7b46.jpg,hardneg_backpack2_cbc4ab3f7b46,hardneg_backpack2,hardneg_backpack2:2022-02-19-134025_2,0,0,1,cbc4ab3f7b467b497280580269c5f1cd71d4da18
hardneg_backpack2_27b2637544c6.jpg,hardneg_backpack2_27b2637544c6,hardneg_backpack2,hardneg_backpack2:2022-02-19-134025_2,0,0,1,27b2637544c611552b81077f61a0088e346874c2
hardneg_backpack2_d502519c20e9.jpg,hardneg_backpack2_d502519c20e9,hardneg_backpack2,hardneg_backpack2:2022-02-19-134025_3,0,0,1,d502519c20e9d8c1b709115a05f6e9a3e59dfec1
hardneg_backpack2_a51333e9ec63.jpg,hardneg_backpack2_a51333e9ec63,hardneg_backpack2,hardneg_backpack2:2022-02-19-134025_4,0,0,1,a51333e9ec63a76590c38490f5e70d49d2576398
hardneg_backpack2_7524c616cf0d.jpg,hardneg_backpack2_7524c616cf0d,hardneg_backpack2,hardneg_backpack2:2022-02-19-134025_5,0,0,1,7524c616cf0d3c81d0199cdbb516ab67fe3037ac
hardneg_backpack2_215155babe96.jpg,hardneg_backpack2_215155babe96,hardneg_backpack2,hardneg_backpack2:2022-02-19-134025_5,0,0,1,215155babe96080a944aad3d2b228f40562ed1cb
hardneg_backpack2_8d670fbdf8fb.jpg,hardneg_backpack2_8d670fbdf8fb,hardneg_backpack2,hardneg_backpack2:2022-02-19-134025_6,0,0,1,8d670fbdf8fb998b3b8483f6aac39c1b2ae0db85
hardneg_backpack2_246b7f01eac9.jpg,hardneg_backpack2_246b7f01eac9,hardneg_backpack2,hardneg_backpack2:2022-02-19-134025_6,0,0,1,246b7f01eac968d6cff874218d1b0cf635edec00
hardneg_backpack2_5df0e6460ff4.jpg,hardneg_backpack2_5df0e6460ff4,hardneg_backpack2,hardneg_backpack2:2022-02-19-134025_6,0,0,1,5df0e6460ff4af8b138d98548b700127dee516e1
hardneg_backpack2_1c131e5f8579.jpg,hardneg_backpack2_1c131e5f8579,hardneg_backpack2,hardneg_backpack2:2022-02-19-134025_7,0,0,1,1c131e5f8579d71fdb84abc43a62852fa403f819
hardneg_backpack2_0609ff1c8d14.jpg,hardneg_backpack2_0609ff1c8d14,hardneg_backpack2,hardneg_backpack2:2022-02-19-134025_7,0,0,1,0609ff1c8d147d46bed34f55088d073f9c2ffa60
hardneg_backpack2_384ce5c8c0da.jpg,hardneg_backpack2_384ce5c8c0da,hardneg_backpack2,hardneg_backpack2:2022-02-19-134025_8,0,0,1,384ce5c8c0dacc7af3c5a0b671ed43ad3e8197ba
hardneg_backpack2_f7b7f8dc40cb.jpg,hardneg_backpack2_f7b7f8dc40cb,hardneg_backpack2,hardneg_backpack2:2022-02-19-134025_9,0,0,1,f7b7f8dc40cba3f5394a20575b7dfd0056f51bb7
hardneg_backpack2_1ef191215e7c.jpg,hardneg_backpack2_1ef191215e7c,hardneg_backpack2,hardneg_backpack2:2022-02-19-134025_9,0,0,1,1ef191215e7c2c85e90ec0c4c5444ef6e6b8f851
hardneg_backpack2_1af7d1178ee0.jpg,hardneg_backpack2_1af7d1178ee0,hardneg_backpack2,hardneg_backpack2:2022-02-19-134043_10,0,0,1,1af7d1178ee0b7eba7d7e9cd76e83c724de592e7
hardneg_backpack2_f46940f7f9f9.jpg,hardneg_backpack2_f46940f7f9f9,hardneg_backpack2,hardneg_backpack2:2022-02-19-134043_1,0,0,1,f46940f7f9f9845a924a370df219ac6be185499f
hardneg_backpack2_56434e37b131.jpg,hardneg_backpack2_56434e37b131,hardneg_backpack2,hardneg_backpack2:2022-02-19-134043_2,0,0,1,56434e37b1311eda60fdc2f3909b1c8d38d30a13
hardneg_backpack2_95a92655b61d.jpg,hardneg_backpack2_95a92655b61d,hardneg_backpack2,hardneg_backpack2:2022-02-19-134043_2,0,0,1,95a92655b61d0d645cc9731b0438fb63e51c9950
hardneg_backpack2_b73205f8f802.jpg,hardneg_backpack2_b73205f8f802,hardneg_backpack2,hardneg_backpack2:2022-02-19-134043_3,0,0,1,b73205f8f80295547525c80bb0661c6850046c62
hardneg_backpack2_082c94ec7f4c.jpg,hardneg_backpack2_082c94ec7f4c,hardneg_backpack2,hardneg_backpack2:2022-02-19-134043_3,0,0,1,082c94ec7f4c67a76c44fac8cd710e35321778bc
hardneg_backpack2_474e8f438ee9.jpg,hardneg_backpack2_474e8f438ee9,hardneg_backpack2,hardneg_backpack2:2022-02-19-134043_3,0,0,1,474e8f438ee9acd78c21e905f83eb202f5cf9259
hardneg_backpack2_0dc6d8042e40.jpg,hardneg_backpack2_0dc6d8042e40,hardneg_backpack2,hardneg_backpack2:2022-02-19-134043_4,0,0,1,0dc6d8042e4060b9a19e3928ee4e4f3003601bf5
hardneg_backpack2_d55e510b1721.jpg,hardneg_backpack2_d55e510b1721,hardneg_backpack2,hardneg_backpack2:2022-02-19-134043_4,0,0,1,d55e510b172149cdc68e9457cdeccaf616ff9472
hardneg_backpack2_c4113891986d.jpg,hardneg_backpack2_c4113891986d,hardneg_backpack2,hardneg_backpack2:2022-02-19-134043_5,0,0,1,c4113891986d33fa1c04f867e2e957e738da1d89
hardneg_backpack2_6e66c6e1f956.jpg,hardneg_backpack2_6e66c6e1f956,hardneg_backpack2,hardneg_backpack2:2022-02-19-134043_5,0,0,1,6e66c6e1f95637e95c7eee803edf221409fc029a
hardneg_backpack2_e35a05ddb4dd.jpg,hardneg_backpack2_e35a05ddb4dd,hardneg_backpack2,hardneg_backpack2:2022-02-19-134043_5,0,0,1,e35a05ddb4dd67c73f3beab5df5c680769c96858
hardneg_backpack2_07b72b51a02f.jpg,hardneg_backpack2_07b72b51a02f,hardneg_backpack2,hardneg_backpack2:2022-02-19-134043_6,0,0,1,07b72b51a02f22f5cc37c85b1bcd940b387c6d5f
hardneg_backpack2_fc1e0bce4289.jpg,hardneg_backpack2_fc1e0bce4289,hardneg_backpack2,hardneg_backpack2:2022-02-19-134043_7,0,0,1,fc1e0bce42897b33f49cf35dfcf8ca51a960cf11
hardneg_backpack2_a9290da05bde.jpg,hardneg_backpack2_a9290da05bde,hardneg_backpack2,hardneg_backpack2:2022-02-19-134043_8,0,0,1,a9290da05bde041c74a294753ad364bf4a152bb1
hardneg_backpack2_6f887b76c3fa.jpg,hardneg_backpack2_6f887b76c3fa,hardneg_backpack2,hardneg_backpack2:2022-02-19-134043_8,0,0,1,6f887b76c3faba26fb0574ab370d5c5af04e5dad
hardneg_backpack2_0d052494b21e.jpg,hardneg_backpack2_0d052494b21e,hardneg_backpack2,hardneg_backpack2:2022-02-19-134043_9,0,0,1,0d052494b21ec87ab7588f52c34680650b3123f7
hardneg_backpack2_c1f2570443bb.jpg,hardneg_backpack2_c1f2570443bb,hardneg_backpack2,hardneg_backpack2:2022-02-19-134043_9,0,0,1,c1f2570443bb3f94f633fae9a95eced8d247d53a
hardneg_backpack2_3b311d67eb37.jpg,hardneg_backpack2_3b311d67eb37,hardneg_backpack2,hardneg_backpack2:204f772d032c6c62,0,0,1,3b311d67eb37c3acdc5d322d5407022abc2ae226
hardneg_backpack2_274b55e277f5.jpg,hardneg_backpack2_274b55e277f5,hardneg_backpack2,hardneg_backpack2:2079cd1ac1e17016,0,0,1,274b55e277f59e2723bdc31aeb3400643c7a7a4c
hardneg_backpack2_ace6d4d23634.jpg,hardneg_backpack2_ace6d4d23634,hardneg_backpack2,hardneg_backpack2:21986443_fpx-tif_jpeg,0,0,1,ace6d4d236344b5bca4ebc2c8d29997c9e601e5b
hardneg_backpack2_283cac982bc2.jpg,hardneg_backpack2_283cac982bc2,hardneg_backpack2,hardneg_backpack2:220811_rolling-backpacks-2x1-aw,0,0,1,283cac982bc251bee7952de6182be5b85925bb00
hardneg_backpack2_c9f6a42f14a7.jpg,hardneg_backpack2_c9f6a42f14a7,hardneg_backpack2,hardneg_backpack2:220d56cc160583ab,0,0,1,c9f6a42f14a743c6717bdba02605396d020ad751
hardneg_backpack2_b773b96cafe1.jpg,hardneg_backpack2_b773b96cafe1,hardneg_backpack2,hardneg_backpack2:222b0482d5295f97,0,0,1,b773b96cafe1a6110e0320384a61487008dad6b4
hardneg_backpack2_1c2b12a85bde.jpg,hardneg_backpack2_1c2b12a85bde,hardneg_backpack2,hardneg_backpack2:222b0482d5295f97,0,0,1,1c2b12a85bde0911c8bc5249e7f89aa786e9d178
hardneg_backpack2_4dfe41bb12ed.jpg,hardneg_backpack2_4dfe41bb12ed,hardneg_backpack2,hardneg_backpack2:22828931_fpx-tif_jpeg,0,0,1,4dfe41bb12ed9e99bbce9136f00614b6a7be4385
hardneg_backpack2_273cc20edb87.jpg,hardneg_backpack2_273cc20edb87,hardneg_backpack2,hardneg_backpack2:22b3612b5322f3f1,0,0,1,273cc20edb871c618978459d8cf752d42cce49a6
hardneg_backpack2_77a402712540.jpg,hardneg_backpack2_77a402712540,hardneg_backpack2,hardneg_backpack2:23638f91eb8feed9,0,0,1,77a4027125408ce22758ac3326dbfff1d8c94910
hardneg_backpack2_0dbc5ee5575f.jpg,hardneg_backpack2_0dbc5ee5575f,hardneg_backpack2,hardneg_backpack2:23638f91eb8feed9,0,0,1,0dbc5ee5575f19c98d47150bad1f3d8c3aab1229
hardneg_backpack2_83016d9a1f1d.jpg,hardneg_backpack2_83016d9a1f1d,hardneg_backpack2,hardneg_backpack2:237dc4f2c1686f55,0,0,1,83016d9a1f1df8328f023f0598889a14d2061dd7
hardneg_backpack2_f753cf692fec.jpg,hardneg_backpack2_f753cf692fec,hardneg_backpack2,hardneg_backpack2:23c34933329bec67,0,0,1,f753cf692fec58561f9515a6d27345f7f0f2b51d
hardneg_backpack2_13e8fd055a44.jpg,hardneg_backpack2_13e8fd055a44,hardneg_backpack2,hardneg_backpack2:23c34933329bec67,0,0,1,13e8fd055a44694be537a01ddc686280a83c74b6
hardneg_backpack2_82157efb6ae4.jpg,hardneg_backpack2_82157efb6ae4,hardneg_backpack2,hardneg_backpack2:2488d958a15e541a,0,0,1,82157efb6ae4ddbdc69b2f91019150e5620b8e5a
hardneg_backpack2_30b85d64ba4b.jpg,hardneg_backpack2_30b85d64ba4b,hardneg_backpack2,hardneg_backpack2:25f500563f792971,0,0,1,30b85d64ba4b3c1bc2baf9af2db0d01163dd9ba2
hardneg_backpack2_bd98dd669523.jpg,hardneg_backpack2_bd98dd669523,hardneg_backpack2,hardneg_backpack2:273c118f408cde0c34d192d7a2ef72c6,0,0,1,bd98dd66952373825166077292b1b45b3aa0af43
hardneg_backpack2_0cf452017cb7.jpg,hardneg_backpack2_0cf452017cb7,hardneg_backpack2,hardneg_backpack2:2751a6b244b6b3f0,0,0,1,0cf452017cb71d66572b74818123a784f2a76494
hardneg_backpack2_372984e4c398.jpg,hardneg_backpack2_372984e4c398,hardneg_backpack2,hardneg_backpack2:276dee336c643993,0,0,1,372984e4c39827a647549a84cd9782de2fefa5c1
hardneg_backpack2_343cd6db4c58.jpg,hardneg_backpack2_343cd6db4c58,hardneg_backpack2,hardneg_backpack2:2796460630ef0a8d,0,0,1,343cd6db4c5899d49cbc3a90d61bc47a2d230494
hardneg_backpack2_84524f89de50.jpg,hardneg_backpack2_84524f89de50,hardneg_backpack2,hardneg_backpack2:27da06478e666863,0,0,1,84524f89de50fc4eaea414bfe829bfeed9610a24
hardneg_backpack2_9c3740e22b35.jpg,hardneg_backpack2_9c3740e22b35,hardneg_backpack2,hardneg_backpack2:283f726ee24e4e1e,0,0,1,9c3740e22b3565a268f78de3be59b224e96e52fa
hardneg_backpack2_9c0d0af02f91.jpg,hardneg_backpack2_9c0d0af02f91,hardneg_backpack2,hardneg_backpack2:289117,0,0,1,9c0d0af02f91c248fec9e9db977d6c16f2601a56
hardneg_backpack2_ff5edcff07ed.jpg,hardneg_backpack2_ff5edcff07ed,hardneg_backpack2,hardneg_backpack2:290b8933f1115653,0,0,1,ff5edcff07ed1fa8f26bd1d3a77b5993e7945a33
hardneg_backpack2_53de259dba43.jpg,hardneg_backpack2_53de259dba43,hardneg_backpack2,hardneg_backpack2:2933d8fe71f776a4,0,0,1,53de259dba434c9bbd46311676b5b96b7e8b2207
hardneg_backpack2_d87e0c0c787e.jpg,hardneg_backpack2_d87e0c0c787e,hardneg_backpack2,hardneg_backpack2:29935224d1c56a14,0,0,1,d87e0c0c787e5df4f21805d18b491069589687e6
hardneg_backpack2_8f911b8acb8e.jpg,hardneg_backpack2_8f911b8acb8e,hardneg_backpack2,hardneg_backpack2:2a0cfb9d3d88495f,0,0,1,8f911b8acb8e19270143045503143c550bd3f674
hardneg_backpack2_30cc3d92e5a8.jpg,hardneg_backpack2_30cc3d92e5a8,hardneg_backpack2,hardneg_backpack2:2a2a73604659362e,0,0,1,30cc3d92e5a8d849cc6d0587f2dce818cccde2fe
hardneg_backpack2_17b1b453ea2e.jpg,hardneg_backpack2_17b1b453ea2e,hardneg_backpack2,hardneg_backpack2:2ba780a518c0f915,0,0,1,17b1b453ea2ee6f446322399daf29923fad86dba
hardneg_backpack2_44834229bc25.jpg,hardneg_backpack2_44834229bc25,hardneg_backpack2,hardneg_backpack2:2e0217a1ec67ca6f,0,0,1,44834229bc25a18ec5d195fb8f50cf9d989a17ec
hardneg_backpack2_bc541592c149.jpg,hardneg_backpack2_bc541592c149,hardneg_backpack2,hardneg_backpack2:2e66c70ab7cf9dc4,0,0,1,bc541592c149456dbb4e994ad93becd28618b430
hardneg_backpack2_d919e0bfc4c4.jpg,hardneg_backpack2_d919e0bfc4c4,hardneg_backpack2,hardneg_backpack2:30S0GEZB2V-2618_IS_jpeg,0,0,1,d919e0bfc4c48d3a8e4306b4532833d6686f0188
hardneg_backpack2_82900e1b11b3.jpg,hardneg_backpack2_82900e1b11b3,hardneg_backpack2,hardneg_backpack2:3198663b9d28d776,0,0,1,82900e1b11b32c72c82019feee53fe4fde16e4b8
hardneg_backpack2_955512a6a489.jpg,hardneg_backpack2_955512a6a489,hardneg_backpack2,hardneg_backpack2:31acb34dfe7d0cff,0,0,1,955512a6a4892456bab8e5a67832c0a0723bb39f
hardneg_backpack2_233ffcf6d0a8.jpg,hardneg_backpack2_233ffcf6d0a8,hardneg_backpack2,hardneg_backpack2:31acb34dfe7d0cff,0,0,1,233ffcf6d0a898345c22f3be578c8a7688f78f4e
hardneg_backpack2_4fabb266b5da.jpg,hardneg_backpack2_4fabb266b5da,hardneg_backpack2,hardneg_backpack2:324796142bc4b13e,0,0,1,4fabb266b5dae77b61aa2259cb5eadb21ab0df68
hardneg_backpack2_6cb7c6fcf101.jpg,hardneg_backpack2_6cb7c6fcf101,hardneg_backpack2,hardneg_backpack2:33400a37923526dd,0,0,1,6cb7c6fcf1015e51091b4bbbde967dafa5a8b2b8
hardneg_backpack2_287e4caaa059.jpg,hardneg_backpack2_287e4caaa059,hardneg_backpack2,hardneg_backpack2:33d2acf00dc68e0e,0,0,1,287e4caaa05932d60f9df3e98bdee640f3c183ed
hardneg_backpack2_3c68eb1a7a01.jpg,hardneg_backpack2_3c68eb1a7a01,hardneg_backpack2,hardneg_backpack2:34376cf272a2cddd,0,0,1,3c68eb1a7a01d8f5c3c934b61d78cf57c1a34ebe
hardneg_backpack2_6775abc314d9.jpg,hardneg_backpack2_6775abc314d9,hardneg_backpack2,hardneg_backpack2:34702823bfbef6be,0,0,1,6775abc314d9c1126c07bc70e48982a1d2358d90
hardneg_backpack2_6af6c3068c18.jpg,hardneg_backpack2_6af6c3068c18,hardneg_backpack2,hardneg_backpack2:34a96a0b186bdf00,0,0,1,6af6c3068c187145d7bb4e7a4b715deecc5b952c
hardneg_backpack2_f67f89e9bb43.jpg,hardneg_backpack2_f67f89e9bb43,hardneg_backpack2,hardneg_backpack2:34b395f9c84f117d,0,0,1,f67f89e9bb43a0b37336cb40a63079e36aa29813
hardneg_backpack2_f907c2794375.jpg,hardneg_backpack2_f907c2794375,hardneg_backpack2,hardneg_backpack2:34b395f9c84f117d,0,0,1,f907c2794375cff99e3c0c2a08520d9b65c39479
hardneg_backpack2_1ddf1ab74db7.jpg,hardneg_backpack2_1ddf1ab74db7,hardneg_backpack2,hardneg_backpack2:350da738e466faf7,0,0,1,1ddf1ab74db75ea339adac5e67f90af14b79a747
hardneg_backpack2_9515ebc479e0.jpg,hardneg_backpack2_9515ebc479e0,hardneg_backpack2,hardneg_backpack2:355a8c97a89bff38,0,0,1,9515ebc479e01390509f7c121330152f16cb8b34
hardneg_backpack2_fbdabe142b01.jpg,hardneg_backpack2_fbdabe142b01,hardneg_backpack2,hardneg_backpack2:360_F_284214946_jAAQpuziJ4ugm0REOmgqRiS5XJ5CemgD,0,0,1,fbdabe142b0132f4cfaa1748cb7ca771c67092af
hardneg_backpack2_792910e7b2de.jpg,hardneg_backpack2_792910e7b2de,hardneg_backpack2,hardneg_backpack2:360_F_338504120_EjwKIvlCFVBG4ySGUZol2Su7IHlStVty,0,0,1,792910e7b2dec616b84f9ea424b0ba1d972648fe
hardneg_backpack2_8778dd549646.jpg,hardneg_backpack2_8778dd549646,hardneg_backpack2,hardneg_backpack2:362130ed6c15da38,0,0,1,8778dd549646b9cf769c11c394885dd3f771c164
hardneg_backpack2_240f8b159946.jpg,hardneg_backpack2_240f8b159946,hardneg_backpack2,hardneg_backpack2:362130ed6c15da38,0,0,1,240f8b15994604e7ed6272fa9d3c22dd0128263f
hardneg_backpack2_ae1ddcbaaac4.jpg,hardneg_backpack2_ae1ddcbaaac4,hardneg_backpack2,hardneg_backpack2:36805_School_capacity_88,0,0,1,ae1ddcbaaac49ca793cd6b45b5e5587da12bfaf7
hardneg_backpack2_dd25698eec42.jpg,hardneg_backpack2_dd25698eec42,hardneg_backpack2,hardneg_backpack2:36c99ee8771838da,0,0,1,dd25698eec427e3d636adfb54c1240711249addb
hardneg_backpack2_6abc7f63cfc3.jpg,hardneg_backpack2_6abc7f63cfc3,hardneg_backpack2,hardneg_backpack2:36fd140149048ed4,0,0,1,6abc7f63cfc33c3e6556388230ca1367e0270a7c
hardneg_backpack2_0e0135149c3e.jpg,hardneg_backpack2_0e0135149c3e,hardneg_backpack2,hardneg_backpack2:36fd140149048ed4,0,0,1,0e0135149c3e6de646a9318f91aced4a4ffde843
hardneg_backpack2_190ced00babd.jpg,hardneg_backpack2_190ced00babd,hardneg_backpack2,hardneg_backpack2:37439e4663b9396a,0,0,1,190ced00babd93f9220abe89035c101b8abf9d51
hardneg_backpack2_846125933acc.jpg,hardneg_backpack2_846125933acc,hardneg_backpack2,hardneg_backpack2:3761a8d538029906,0,0,1,846125933acc1df4f742d310d6f45884c6f64ac3
hardneg_backpack2_cb05cb19cea9.jpg,hardneg_backpack2_cb05cb19cea9,hardneg_backpack2,hardneg_backpack2:37915e747cdd6dc8,0,0,1,cb05cb19cea9fdf0e0eea4214089d31cd98d84c9
hardneg_backpack2_28f7916096f2.jpg,hardneg_backpack2_28f7916096f2,hardneg_backpack2,hardneg_backpack2:38997eb1094f2fbc,0,0,1,28f7916096f245d4f047a6c8e60822f4015c725d
hardneg_backpack2_0ed6e2ebe0f3.jpg,hardneg_backpack2_0ed6e2ebe0f3,hardneg_backpack2,hardneg_backpack2:39c7987648b2cbb2,0,0,1,0ed6e2ebe0f33777fca9acbc0b59f1cad7b01a8c
hardneg_backpack2_2d690023e792.jpg,hardneg_backpack2_2d690023e792,hardneg_backpack2,hardneg_backpack2:3b6201b4481931a4,0,0,1,2d690023e7925b8d3be429b191c559f6793dac1a
hardneg_backpack2_e2d1c0b25f20.jpg,hardneg_backpack2_e2d1c0b25f20,hardneg_backpack2,hardneg_backpack2:3b689361b9c29908,0,0,1,e2d1c0b25f207460d40d82dced3c09c548947462
hardneg_backpack2_6078b0b1b364.jpg,hardneg_backpack2_6078b0b1b364,hardneg_backpack2,hardneg_backpack2:3c49ea6586676ed9,0,0,1,6078b0b1b364ee10a14bc1256987a2c658f145b4
hardneg_backpack2_fd3d0fddd69f.jpg,hardneg_backpack2_fd3d0fddd69f,hardneg_backpack2,hardneg_backpack2:3c5f9ba84deaec3e,0,0,1,fd3d0fddd69fa3281e7439e3ed7b6ff3cb10ebef
hardneg_backpack2_593aba4f9c19.jpg,hardneg_backpack2_593aba4f9c19,hardneg_backpack2,hardneg_backpack2:3d10331b1a45f003,0,0,1,593aba4f9c1944502dcfd9b3dcfb19228fb167a1
hardneg_backpack2_aa5e36f43f47.jpg,hardneg_backpack2_aa5e36f43f47,hardneg_backpack2,hardneg_backpack2:3d94cf43abdbd995,0,0,1,aa5e36f43f47099a82a877aa167fcadfc979685f
hardneg_backpack2_b69ddb4dc7e7.jpg,hardneg_backpack2_b69ddb4dc7e7,hardneg_backpack2,hardneg_backpack2:3ef5b7bdb863c2ec,0,0,1,b69ddb4dc7e72448fda13632cd04afa1db767098
hardneg_backpack2_5592463f1915.jpg,hardneg_backpack2_5592463f1915,hardneg_backpack2,hardneg_backpack2:3ef73b10ab77de30,0,0,1,5592463f191533493470028db31884d9bca68048
hardneg_backpack2_5317b1300083.jpg,hardneg_backpack2_5317b1300083,hardneg_backpack2,hardneg_backpack2:3f55c57da79bd361,0,0,1,5317b130008398851152eecc329e3f55d8d685f5
hardneg_backpack2_c92c3cbda57c.jpg,hardneg_backpack2_c92c3cbda57c,hardneg_backpack2,hardneg_backpack2:40bf8329320c90c8,0,0,1,c92c3cbda57c0b6f9368054b865921f5984b0ff5
hardneg_backpack2_22493cf05349.jpg,hardneg_backpack2_22493cf05349,hardneg_backpack2,hardneg_backpack2:40df495355bf9ae8,0,0,1,22493cf053490120480869998ed21f6b72235911
hardneg_backpack2_a3e15b649ab0.jpg,hardneg_backpack2_a3e15b649ab0,hardneg_backpack2,hardneg_backpack2:41a9bcf3067e131a,0,0,1,a3e15b649ab0cc601fd6ff5b099bf25a479524c6
hardneg_backpack2_e9f9a38b223e.jpg,hardneg_backpack2_e9f9a38b223e,hardneg_backpack2,hardneg_backpack2:42688d0134d5fb4e90accebccca3941f,0,0,1,e9f9a38b223e71be9c23b976d0db389774f7a444
hardneg_backpack2_76292496d8dc.jpg,hardneg_backpack2_76292496d8dc,hardneg_backpack2,hardneg_backpack2:44f4158a5f13fafb,0,0,1,76292496d8dcb9b371d6af425ec6c8d5934c10c0
hardneg_backpack2_4ed09976905f.jpg,hardneg_backpack2_4ed09976905f,hardneg_backpack2,hardneg_backpack2:47099b9c89391265,0,0,1,4ed09976905f7bd8974fa41d6b5272bdd12cdf50
hardneg_backpack2_ea73b864c92a.jpg,hardneg_backpack2_ea73b864c92a,hardneg_backpack2,hardneg_backpack2:47099b9c89391265,0,0,1,ea73b864c92ab1955e90b60c83e1b1fdf6bdf51f
hardneg_backpack2_78476d24288a.jpg,hardneg_backpack2_78476d24288a,hardneg_backpack2,hardneg_backpack2:47c822434f9180f1,0,0,1,78476d24288a32fb2b135002fdfbae736fbd7f5d
hardneg_backpack2_a84ebe3a6376.jpg,hardneg_backpack2_a84ebe3a6376,hardneg_backpack2,hardneg_backpack2:47c822434f9180f1,0,0,1,a84ebe3a63764349a2d489d8db6a1099a449d026
hardneg_backpack2_6a9649073938.jpg,hardneg_backpack2_6a9649073938,hardneg_backpack2,hardneg_backpack2:485e7cbb4dce4ac7,0,0,1,6a9649073938b333a872ed55864550f4721e4b4d
hardneg_backpack2_07fa21a53e54.jpg,hardneg_backpack2_07fa21a53e54,hardneg_backpack2,hardneg_backpack2:49608244a55dfa54,0,0,1,07fa21a53e54ce403d636ebf8701b0e32d10dc82
hardneg_backpack2_4e5189157587.jpg,hardneg_backpack2_4e5189157587,hardneg_backpack2,hardneg_backpack2:4992a0639c08d33b,0,0,1,4e5189157587d76e64387771cc18e052871ec54b
hardneg_backpack2_f3ce325fcd73.jpg,hardneg_backpack2_f3ce325fcd73,hardneg_backpack2,hardneg_backpack2:4abc9c0d51b58c95,0,0,1,f3ce325fcd73edd7550529492298793a73fd661f
hardneg_backpack2_513dc29ed1a9.jpg,hardneg_backpack2_513dc29ed1a9,hardneg_backpack2,hardneg_backpack2:4abc9c0d51b58c95,0,0,1,513dc29ed1a9d51e3eb640f12beb3c8273ff9be5
hardneg_backpack2_9117947f3502.jpg,hardneg_backpack2_9117947f3502,hardneg_backpack2,hardneg_backpack2:4b2e3c0cb030ef14,0,0,1,9117947f3502f59d830d5ae19d7c09ca3a28eb1b
hardneg_backpack2_340d39f00082.jpg,hardneg_backpack2_340d39f00082,hardneg_backpack2,hardneg_backpack2:4b59bd06351d3098,0,0,1,340d39f000828cef18602f1297fc98ceedc55125
hardneg_backpack2_4b6c7911aec8.jpg,hardneg_backpack2_4b6c7911aec8,hardneg_backpack2,hardneg_backpack2:4ba6606731690c20,0,0,1,4b6c7911aec8fc323a4611dcc543b69bc6340d77
hardneg_backpack2_32c055516e98.jpg,hardneg_backpack2_32c055516e98,hardneg_backpack2,hardneg_backpack2:4ba6606731690c20,0,0,1,32c055516e9822c13c07331180626ef1edabde57
hardneg_backpack2_4cb4cbcc672e.jpg,hardneg_backpack2_4cb4cbcc672e,hardneg_backpack2,hardneg_backpack2:4ba87feb7ead7f55,0,0,1,4cb4cbcc672e465c99947072c22f0a7defb531ce
hardneg_backpack2_1c768042bcc0.jpg,hardneg_backpack2_1c768042bcc0,hardneg_backpack2,hardneg_backpack2:4ba87feb7ead7f55,0,0,1,1c768042bcc06d2d804d2b51c7f43f73436a88fc
hardneg_backpack2_9257955b8ac6.jpg,hardneg_backpack2_9257955b8ac6,hardneg_backpack2,hardneg_backpack2:4cea56d6d4c7b943,0,0,1,9257955b8ac60d48104ab803faa36031871a78aa
hardneg_backpack2_c0e154de837a.jpg,hardneg_backpack2_c0e154de837a,hardneg_backpack2,hardneg_backpack2:4d1ed8fe57104916,0,0,1,c0e154de837a3afce144cc5b8a5512098213a129
hardneg_backpack2_c24fffd7ef47.jpg,hardneg_backpack2_c24fffd7ef47,hardneg_backpack2,hardneg_backpack2:4d1ed8fe57104916,0,0,1,c24fffd7ef47dc161ff7cecada7ac0b7912c27b2
hardneg_backpack2_d97407c89218.jpg,hardneg_backpack2_d97407c89218,hardneg_backpack2,hardneg_backpack2:4e57cd167cb7f1e8,0,0,1,d97407c89218c37f3fe4cf5ec6770ac0741b4c16
hardneg_backpack2_f2793bd9c656.jpg,hardneg_backpack2_f2793bd9c656,hardneg_backpack2,hardneg_backpack2:4e57cd167cb7f1e8,0,0,1,f2793bd9c65608b12f82fa6c2a1c5a52271c78e4
hardneg_backpack2_1b4e719644b1.jpg,hardneg_backpack2_1b4e719644b1,hardneg_backpack2,hardneg_backpack2:4ea6a708ae363c56,0,0,1,1b4e719644b11f98539fe486b189eb04e40fb701
hardneg_backpack2_e5fbd3e9a197.jpg,hardneg_backpack2_e5fbd3e9a197,hardneg_backpack2,hardneg_backpack2:4ea6a708ae363c56,0,0,1,e5fbd3e9a1979cf65f113d48bff22a6742f0c7e4
hardneg_backpack2_171aad03e18e.jpg,hardneg_backpack2_171aad03e18e,hardneg_backpack2,hardneg_backpack2:4f515f938d0b209a,0,0,1,171aad03e18ee4d1d91aa695d371d63ae5f93630
hardneg_backpack2_69eeb46e3d68.jpg,hardneg_backpack2_69eeb46e3d68,hardneg_backpack2,hardneg_backpack2:4f515f938d0b209a,0,0,1,69eeb46e3d688189a1b4e938b49ce8f3b4dd42fc
hardneg_backpack2_de812b02d9b2.jpg,hardneg_backpack2_de812b02d9b2,hardneg_backpack2,hardneg_backpack2:4f8fa651c36dfd4b,0,0,1,de812b02d9b2753eab43da43d659e400704a2677
hardneg_backpack2_399424b48fad.jpg,hardneg_backpack2_399424b48fad,hardneg_backpack2,hardneg_backpack2:4tri38vy9xs21,0,0,1,399424b48fadfcaf454fb5eb0496b6075ed772b4
hardneg_backpack2_20b879082f0b.jpg,hardneg_backpack2_20b879082f0b,hardneg_backpack2,hardneg_backpack2:50af85e98b27a12e,0,0,1,20b879082f0bcb9155c4cdba4a98ef25c6748085
hardneg_backpack2_a301136c190e.jpg,hardneg_backpack2_a301136c190e,hardneg_backpack2,hardneg_backpack2:5134e08296b6bccf,0,0,1,a301136c190e2a7b14a9ac0232a83fe2ff2679f9
hardneg_backpack2_b92db2a48b24.jpg,hardneg_backpack2_b92db2a48b24,hardneg_backpack2,hardneg_backpack2:519cf3d312e94ff3,0,0,1,b92db2a48b24fb0def1af93add8f06a33ea2547e
hardneg_backpack2_c97a51961a9b.jpg,hardneg_backpack2_c97a51961a9b,hardneg_backpack2,hardneg_backpack2:51PXe89bBqL-_AC-_SR240-240,0,0,1,c97a51961a9b6e4905b3ca9a9eae4b4963d3e2e3
hardneg_backpack2_37aaf0ccc9f7.jpg,hardneg_backpack2_37aaf0ccc9f7,hardneg_backpack2,hardneg_backpack2:527bf48191f91b46,0,0,1,37aaf0ccc9f7839a2c92a5a05b3cbc90e2f5d2f4
hardneg_backpack2_1cdb49be36e4.jpg,hardneg_backpack2_1cdb49be36e4,hardneg_backpack2,hardneg_backpack2:527bf48191f91b46,0,0,1,1cdb49be36e4d67e22ddd5729b5320d5b36bb770
hardneg_backpack2_af9955008769.jpg,hardneg_backpack2_af9955008769,hardneg_backpack2,hardneg_backpack2:53a9bf0c49ab303e,0,0,1,af9955008769b4af31239515479d2bc686d7cb40
hardneg_backpack2_3c783e769834.jpg,hardneg_backpack2_3c783e769834,hardneg_backpack2,hardneg_backpack2:5453ab265db2076e,0,0,1,3c783e769834b1df18883750688b8ccbf752c188
hardneg_backpack2_531ede384e3c.jpg,hardneg_backpack2_531ede384e3c,hardneg_backpack2,hardneg_backpack2:546929863a3d535b,0,0,1,531ede384e3c21317544d0e9068512b3e82cc7ec
hardneg_backpack2_6098e5047dcc.jpg,hardneg_backpack2_6098e5047dcc,hardneg_backpack2,hardneg_backpack2:546929863a3d535b,0,0,1,6098e5047dcc8d1b9088f9779565fdf0dc83e271
hardneg_backpack2_95a7cffabfb8.jpg,hardneg_backpack2_95a7cffabfb8,hardneg_backpack2,hardneg_backpack2:552ce99769bcc65c,0,0,1,95a7cffabfb89ac9785cd41fc5fee45b55f8eaf2
hardneg_backpack2_65e88169ffd1.jpg,hardneg_backpack2_65e88169ffd1,hardneg_backpack2,hardneg_backpack2:552ce99769bcc65c,0,0,1,65e88169ffd164310a48798dc46a62372fb04920
hardneg_backpack2_f18476e4dcd4.jpg,hardneg_backpack2_f18476e4dcd4,hardneg_backpack2,hardneg_backpack2:554699,0,0,1,f18476e4dcd4947fff922d6955393f40da9ba3d5
hardneg_backpack2_6c86135d0966.jpg,hardneg_backpack2_6c86135d0966,hardneg_backpack2,hardneg_backpack2:55e32d2623a38687,0,0,1,6c86135d096639235ad406398b95e9994c185db0
hardneg_backpack2_397d7a7f15a6.jpg,hardneg_backpack2_397d7a7f15a6,hardneg_backpack2,hardneg_backpack2:56375d1d74616f85,0,0,1,397d7a7f15a6c2aa8e85d81d276f01671813e92e
hardneg_backpack2_40796c50ec7b.jpg,hardneg_backpack2_40796c50ec7b,hardneg_backpack2,hardneg_backpack2:56cd7121-fc75-4ca1-93eb-21e7f100d7a5_1-d99e130dfeacf97661c43812c603ca17_jpeg,0,0,1,40796c50ec7b585dfe6eee46d74a900c1dfc3cd4
hardneg_backpack2_3ba4e7f95566.jpg,hardneg_backpack2_3ba4e7f95566,hardneg_backpack2,hardneg_backpack2:5700d53ff76e092f,0,0,1,3ba4e7f955663e0bfa7f6251070f429b029c9275
hardneg_backpack2_40f43020465e.jpg,hardneg_backpack2_40f43020465e,hardneg_backpack2,hardneg_backpack2:5710c4f8df9c87fc,0,0,1,40f43020465ee9d2414127105dc85b15534f5f51
hardneg_backpack2_840534eb7563.jpg,hardneg_backpack2_840534eb7563,hardneg_backpack2,hardneg_backpack2:586e6f40c8914f42,0,0,1,840534eb7563ad96b6fbf55b8dbdd114caf387e5
hardneg_backpack2_58583580cfa8.jpg,hardneg_backpack2_58583580cfa8,hardneg_backpack2,hardneg_backpack2:59caaf3825455027,0,0,1,58583580cfa8f8b8e1a51eabc6cb4b800baeb763
hardneg_backpack2_19ff3100461c.jpg,hardneg_backpack2_19ff3100461c,hardneg_backpack2,hardneg_backpack2:5a432598bbdaf437,0,0,1,19ff3100461cdced6d4732557020f27c58f8ddb2
hardneg_backpack2_cdd893f2646f.jpg,hardneg_backpack2_cdd893f2646f,hardneg_backpack2,hardneg_backpack2:5ab1073d8ed0481e,0,0,1,cdd893f2646fec21ee2e7b4f8b930715831389c7
hardneg_backpack2_dce826bf502f.jpg,hardneg_backpack2_dce826bf502f,hardneg_backpack2,hardneg_backpack2:5b80ed86a12f215a,0,0,1,dce826bf502f2fdea368424676f35487d7b20396
hardneg_backpack2_e557ac2fe711.jpg,hardneg_backpack2_e557ac2fe711,hardneg_backpack2,hardneg_backpack2:5b80ed86a12f215a,0,0,1,e557ac2fe711be6b96a5dcc5ae31dcb113a9bd64
hardneg_backpack2_8d382dc0bf0d.jpg,hardneg_backpack2_8d382dc0bf0d,hardneg_backpack2,hardneg_backpack2:5c7a984e768940c4,0,0,1,8d382dc0bf0db00d1d8a5b3c271201ecca8526bc
hardneg_backpack2_43fed8990375.jpg,hardneg_backpack2_43fed8990375,hardneg_backpack2,hardneg_backpack2:5c835f64497a847b,0,0,1,43fed8990375f30d8ac2658d6a581bc0bfb60b83
hardneg_backpack2_e5b3727a4f90.jpg,hardneg_backpack2_e5b3727a4f90,hardneg_backpack2,hardneg_backpack2:5cd043a8944b351b,0,0,1,e5b3727a4f90821d5d2d698e18f760811c0739cd
hardneg_backpack2_06d5a27200cc.jpg,hardneg_backpack2_06d5a27200cc,hardneg_backpack2,hardneg_backpack2:5ce4358542967e33,0,0,1,06d5a27200cc0c3182e8de98ba7884237590bc4c
hardneg_backpack2_9b2fe2cba6bb.jpg,hardneg_backpack2_9b2fe2cba6bb,hardneg_backpack2,hardneg_backpack2:5d98233354f4c85c,0,0,1,9b2fe2cba6bbfca378d1bee295fff466ec55aae4
hardneg_backpack2_e03505255445.jpg,hardneg_backpack2_e03505255445,hardneg_backpack2,hardneg_backpack2:5dd6d74cda66f7a7,0,0,1,e03505255445e43ec8653405f150485154bded9a
hardneg_backpack2_e1955b058c34.jpg,hardneg_backpack2_e1955b058c34,hardneg_backpack2,hardneg_backpack2:5e221e65ceae6504,0,0,1,e1955b058c341b0cf3b187bd59a8af860e555815
hardneg_backpack2_431506d6ea9f.jpg,hardneg_backpack2_431506d6ea9f,hardneg_backpack2,hardneg_backpack2:5e2e7734a372dd79,0,0,1,431506d6ea9febe18cfadb75b8e9a71a28449e28
hardneg_backpack2_16f37e747e6e.jpg,hardneg_backpack2_16f37e747e6e,hardneg_backpack2,hardneg_backpack2:5e425d7151f4b6e5,0,0,1,16f37e747e6e355abab92176820932d019e4fce5
hardneg_backpack2_8651b33f56d8.jpg,hardneg_backpack2_8651b33f56d8,hardneg_backpack2,hardneg_backpack2:5fbcff61a6b1c373257588,0,0,1,8651b33f56d89b311e11db46b7094874f1e872b1
hardneg_backpack2_c59cf1a17b77.jpg,hardneg_backpack2_c59cf1a17b77,hardneg_backpack2,hardneg_backpack2:6097e18bbaf49c48,0,0,1,c59cf1a17b776801367911247f89a0e20ce38391
hardneg_backpack2_60a97a7d2b5c.jpg,hardneg_backpack2_60a97a7d2b5c,hardneg_backpack2,hardneg_backpack2:615bac428739699b,0,0,1,60a97a7d2b5c756ee33eea1997a229990e4e5baf
hardneg_backpack2_69f32f06b1ee.jpg,hardneg_backpack2_69f32f06b1ee,hardneg_backpack2,hardneg_backpack2:620fa19f47918a4d,0,0,1,69f32f06b1eeebf2a32289c3ae0b74c0b374579d
hardneg_backpack2_10a5cc1c65f7.jpg,hardneg_backpack2_10a5cc1c65f7,hardneg_backpack2,hardneg_backpack2:625d1c9f91bac4b6,0,0,1,10a5cc1c65f7133b428bc77733eaaaa384a22e8c
hardneg_backpack2_90a5ebd25004.jpg,hardneg_backpack2_90a5ebd25004,hardneg_backpack2,hardneg_backpack2:632a850e688ba177,0,0,1,90a5ebd25004458954edfcb3f3649c6fff3181e7
hardneg_backpack2_951698f64889.jpg,hardneg_backpack2_951698f64889,hardneg_backpack2,hardneg_backpack2:63b135d5b827fa30,0,0,1,951698f64889017db501534eb05e75b488de224f
hardneg_backpack2_155986bc8c29.jpg,hardneg_backpack2_155986bc8c29,hardneg_backpack2,hardneg_backpack2:63bbd5cf931ce4fc,0,0,1,155986bc8c2996b30b83b6c2cba29e65b32554ba
hardneg_backpack2_f8fc532b34eb.jpg,hardneg_backpack2_f8fc532b34eb,hardneg_backpack2,hardneg_backpack2:660bdb23ad8ed408,0,0,1,f8fc532b34eb857f748ae10dd514d5ac017e36e7
hardneg_backpack2_617261f9f2d5.jpg,hardneg_backpack2_617261f9f2d5,hardneg_backpack2,hardneg_backpack2:67b3d200bb325146,0,0,1,617261f9f2d555cb79b90019c0f1110b474ff90f
hardneg_backpack2_54a9c7560d0c.jpg,hardneg_backpack2_54a9c7560d0c,hardneg_backpack2,hardneg_backpack2:68c400f75dd4d689,0,0,1,54a9c7560d0c7a54f2971a308e2ac2483a60c8e8
hardneg_backpack2_a7c43c11804c.jpg,hardneg_backpack2_a7c43c11804c,hardneg_backpack2,hardneg_backpack2:6a115ecf8f24a2d9,0,0,1,a7c43c11804ca980600317d51ba1d30b34cc0bc9
hardneg_backpack2_ef62126c2e6c.jpg,hardneg_backpack2_ef62126c2e6c,hardneg_backpack2,hardneg_backpack2:6abe7bca2cc6fe65,0,0,1,ef62126c2e6c4a0105f8d18ababc46e9a4953ac1
hardneg_backpack2_74c209c88ae5.jpg,hardneg_backpack2_74c209c88ae5,hardneg_backpack2,hardneg_backpack2:6b85fda215f7554f,0,0,1,74c209c88ae57d540196cb09f67e54510f9e01c1
hardneg_backpack2_80738ed01fed.jpg,hardneg_backpack2_80738ed01fed,hardneg_backpack2,hardneg_backpack2:6b85fda215f7554f,0,0,1,80738ed01fedd0a46e75bb0b2268be7adee02799
hardneg_backpack2_caee4001a589.jpg,hardneg_backpack2_caee4001a589,hardneg_backpack2,hardneg_backpack2:6cc748b97630f1fb,0,0,1,caee4001a5895a5315a48f9c81e6ce954aa03d39
hardneg_backpack2_cfe81cc91693.jpg,hardneg_backpack2_cfe81cc91693,hardneg_backpack2,hardneg_backpack2:6ebb42733770a9a7,0,0,1,cfe81cc916935adfd369d3dff08f948860266b5a
hardneg_backpack2_157658602a6d.jpg,hardneg_backpack2_157658602a6d,hardneg_backpack2,hardneg_backpack2:6f3e366d7aeb0125,0,0,1,157658602a6de4424060c8ed88b8b863a436b17a
hardneg_backpack2_ca93711ae6c4.jpg,hardneg_backpack2_ca93711ae6c4,hardneg_backpack2,hardneg_backpack2:7030702489_edf8201a42_b,0,0,1,ca93711ae6c42b9ccc66174fc1d609db600cb7bd
hardneg_backpack2_e65befd2cb41.jpg,hardneg_backpack2_e65befd2cb41,hardneg_backpack2,hardneg_backpack2:71702641da478aeb,0,0,1,e65befd2cb413efa763cf9e03499151a52e5db3a
hardneg_backpack2_826eeb43e5bf.jpg,hardneg_backpack2_826eeb43e5bf,hardneg_backpack2,hardneg_backpack2:71702641da478aeb,0,0,1,826eeb43e5bf0ba5193ddc1bb24f5c1ddd0dcc4f
hardneg_backpack2_8269acbb09e5.jpg,hardneg_backpack2_8269acbb09e5,hardneg_backpack2,hardneg_backpack2:721c963d2a2e2c86,0,0,1,8269acbb09e5a1507549f0fcd675a701920d3a74
hardneg_backpack2_409991c22435.jpg,hardneg_backpack2_409991c22435,hardneg_backpack2,hardneg_backpack2:721c963d2a2e2c86,0,0,1,409991c22435ffd3a870b6636ab64cce8613c7a8
hardneg_backpack2_e37bc57111a2.jpg,hardneg_backpack2_e37bc57111a2,hardneg_backpack2,hardneg_backpack2:722772c3ae53b011,0,0,1,e37bc57111a2f042b346aa6c50fdfa1a84168c1b
hardneg_backpack2_c066b421125b.jpg,hardneg_backpack2_c066b421125b,hardneg_backpack2,hardneg_backpack2:72570ac9d58ffbd5,0,0,1,c066b421125bad4b4e384ef4917c9215b5a14797
hardneg_backpack2_bbca357bc7b8.jpg,hardneg_backpack2_bbca357bc7b8,hardneg_backpack2,hardneg_backpack2:72be1aacc2c20648,0,0,1,bbca357bc7b864a5db36f8000d3d70f6a7c6072e
hardneg_backpack2_8c986656935b.jpg,hardneg_backpack2_8c986656935b,hardneg_backpack2,hardneg_backpack2:72cd865a90ca9164,0,0,1,8c986656935b1d1c95a219fe7e66b1e17e30cf14
hardneg_backpack2_1501010877af.jpg,hardneg_backpack2_1501010877af,hardneg_backpack2,hardneg_backpack2:7315a62c65621610,0,0,1,1501010877afac68a239f3263c83e1c22b9933d0
hardneg_backpack2_a430049ece16.jpg,hardneg_backpack2_a430049ece16,hardneg_backpack2,hardneg_backpack2:73a4556649dcc00b,0,0,1,a430049ece16f28648169086a657e260306c4256
hardneg_backpack2_eb60d3ae96cd.jpg,hardneg_backpack2_eb60d3ae96cd,hardneg_backpack2,hardneg_backpack2:748e0acae148c32641aa757ce02cb6a8,0,0,1,eb60d3ae96cd7871f97368bd595d27ab949afb68
hardneg_backpack2_f7b52ff87460.jpg,hardneg_backpack2_f7b52ff87460,hardneg_backpack2,hardneg_backpack2:7518b0ab64e57014,0,0,1,f7b52ff87460e95bc19deadc9938cebb172de7bd
hardneg_backpack2_54cf3c5a3126.jpg,hardneg_backpack2_54cf3c5a3126,hardneg_backpack2,hardneg_backpack2:756978873eeb2c88,0,0,1,54cf3c5a31269a65afc1bb388d9e4bdc3543b9de
hardneg_backpack2_a777c1e1c4bd.jpg,hardneg_backpack2_a777c1e1c4bd,hardneg_backpack2,hardneg_backpack2:75e0f8d644ba995a,0,0,1,a777c1e1c4bd33cb9226f844d6acca0249b431fd
hardneg_backpack2_4ccbd083943c.jpg,hardneg_backpack2_4ccbd083943c,hardneg_backpack2,hardneg_backpack2:7641a20f93c20f3b,0,0,1,4ccbd083943c66f8486200b21f31e30355f5a0c5
hardneg_backpack2_a6c1ca098541.jpg,hardneg_backpack2_a6c1ca098541,hardneg_backpack2,hardneg_backpack2:7641a20f93c20f3b,0,0,1,a6c1ca098541e34a6401bada38aab6232f77c539
hardneg_backpack2_693e2a223b86.jpg,hardneg_backpack2_693e2a223b86,hardneg_backpack2,hardneg_backpack2:768db5d5ec2dd5a7,0,0,1,693e2a223b862d5adb600a77227a0d39f8327655
hardneg_backpack2_31c8918b00b0.jpg,hardneg_backpack2_31c8918b00b0,hardneg_backpack2,hardneg_backpack2:7976e50234206b8f,0,0,1,31c8918b00b060cbc4436e1b2aa44899f8d7ee35
hardneg_backpack2_f2cece0915bc.jpg,hardneg_backpack2_f2cece0915bc,hardneg_backpack2,hardneg_backpack2:7a4063f1dfdafbf8,0,0,1,f2cece0915bcf3c1fa7fb12c79227a9895507463
hardneg_backpack2_1d19e56e7e47.jpg,hardneg_backpack2_1d19e56e7e47,hardneg_backpack2,hardneg_backpack2:7b2673e8afdcbf57,0,0,1,1d19e56e7e4702db083a5e4d6f8dd6faac8a3310
hardneg_backpack2_6d6108d95ea6.jpg,hardneg_backpack2_6d6108d95ea6,hardneg_backpack2,hardneg_backpack2:7ba61607779eacfd,0,0,1,6d6108d95ea6e88c7fcd255e243b6f35a43806a4
hardneg_backpack2_880aac565d87.jpg,hardneg_backpack2_880aac565d87,hardneg_backpack2,hardneg_backpack2:7c4046aae6b4a8b1,0,0,1,880aac565d87be5245a4ae5007f22e1bab6dfbd1
hardneg_backpack2_8a9bd43ebd32.jpg,hardneg_backpack2_8a9bd43ebd32,hardneg_backpack2,hardneg_backpack2:7cfa270a5441602a,0,0,1,8a9bd43ebd3266bf31d499e9676175feec18d346
hardneg_backpack2_1a6b18da5201.jpg,hardneg_backpack2_1a6b18da5201,hardneg_backpack2,hardneg_backpack2:7e8498cf59b98546,0,0,1,1a6b18da5201310c56f7da0913ef4b2a1887893f
hardneg_backpack2_fed95ab66f6f.jpg,hardneg_backpack2_fed95ab66f6f,hardneg_backpack2,hardneg_backpack2:7e8498cf59b98546,0,0,1,fed95ab66f6fad518465b2feca521167f7275d00
hardneg_backpack2_f5555da5f02a.jpg,hardneg_backpack2_f5555da5f02a,hardneg_backpack2,hardneg_backpack2:7ffebe6032f8209f,0,0,1,f5555da5f02added1101b62068b9537c596152cb
hardneg_backpack2_875f57a87d82.jpg,hardneg_backpack2_875f57a87d82,hardneg_backpack2,hardneg_backpack2:8038cd397b04d3b3,0,0,1,875f57a87d82db5e07095b9e6e7f72ad724d28c6
hardneg_backpack2_3f697033859f.jpg,hardneg_backpack2_3f697033859f,hardneg_backpack2,hardneg_backpack2:80771ea4eca18f7e,0,0,1,3f697033859f0ab52023e52e034fd6f2f80941f1
hardneg_backpack2_002d1ebdef7b.jpg,hardneg_backpack2_002d1ebdef7b,hardneg_backpack2,hardneg_backpack2:80771ea4eca18f7e,0,0,1,002d1ebdef7b3ff391b64c91ce29677db7e0c7f3
hardneg_backpack2_fc98e899c2c1.jpg,hardneg_backpack2_fc98e899c2c1,hardneg_backpack2,hardneg_backpack2:814473e93e4cae39,0,0,1,fc98e899c2c1f94614d0f12542005f36002e90a2
hardneg_backpack2_f27d9c1eec74.jpg,hardneg_backpack2_f27d9c1eec74,hardneg_backpack2,hardneg_backpack2:814473e93e4cae39,0,0,1,f27d9c1eec746a4743943400b0f8531f520f66ff
hardneg_backpack2_cdaad912e4b1.jpg,hardneg_backpack2_cdaad912e4b1,hardneg_backpack2,hardneg_backpack2:818395526e819dce,0,0,1,cdaad912e4b1a0b078a6df3e4425c2d0077fe943
hardneg_backpack2_d34de8933ba9.jpg,hardneg_backpack2_d34de8933ba9,hardneg_backpack2,hardneg_backpack2:819a692bd07d2db1,0,0,1,d34de8933ba979879050865f39cdb6e57617e7e1
hardneg_backpack2_a1ee33696225.jpg,hardneg_backpack2_a1ee33696225,hardneg_backpack2,hardneg_backpack2:823d6ed7825d96c9,0,0,1,a1ee3369622515ba3d1c2a8445f98e18317d5456
hardneg_backpack2_4095dcde44f4.jpg,hardneg_backpack2_4095dcde44f4,hardneg_backpack2,hardneg_backpack2:82809414fb6ba8d7,0,0,1,4095dcde44f489b27a1592c58888c970218a6149
hardneg_backpack2_9b6af2d40bed.jpg,hardneg_backpack2_9b6af2d40bed,hardneg_backpack2,hardneg_backpack2:828432227822-2-1539963052,0,0,1,9b6af2d40bed2f4f309b92cc02181371ed43e4ff
hardneg_backpack2_37928649a3ab.jpg,hardneg_backpack2_37928649a3ab,hardneg_backpack2,hardneg_backpack2:8311be516e453225,0,0,1,37928649a3abe1767608202817717c81c9978e3e
hardneg_backpack2_34339559e9b0.jpg,hardneg_backpack2_34339559e9b0,hardneg_backpack2,hardneg_backpack2:84557cdb690bfda7,0,0,1,34339559e9b021e344abdf0947b7675a50edc77c
hardneg_backpack2_4c11a2201031.jpg,hardneg_backpack2_4c11a2201031,hardneg_backpack2,hardneg_backpack2:84557cdb690bfda7,0,0,1,4c11a220103180e71672764361c5f9e14eb25ab5
hardneg_backpack2_27b398b93dd1.jpg,hardneg_backpack2_27b398b93dd1,hardneg_backpack2,hardneg_backpack2:8497605961_70717a1ff6_b,0,0,1,27b398b93dd13a793c4d2d97279fdb0b2e45d9c8
hardneg_backpack2_92883877e9a3.jpg,hardneg_backpack2_92883877e9a3,hardneg_backpack2,hardneg_backpack2:86376dffb1ab3c88,0,0,1,92883877e9a375e921941c90ff465090a14b0793
hardneg_backpack2_27d2e2e71667.jpg,hardneg_backpack2_27d2e2e71667,hardneg_backpack2,hardneg_backpack2:8662c1d8db2c99d0,0,0,1,27d2e2e7166711df6c2532ca5a99470600f645c8
hardneg_backpack2_857bfc7ec5f9.jpg,hardneg_backpack2_857bfc7ec5f9,hardneg_backpack2,hardneg_backpack2:8662c1d8db2c99d0,0,0,1,857bfc7ec5f9a970cd3d8d6e61320129f32cbba5
hardneg_backpack2_314d713a76de.jpg,hardneg_backpack2_314d713a76de,hardneg_backpack2,hardneg_backpack2:87047d4b8f4d4603,0,0,1,314d713a76dedd82aca8b1483106cf63c1da2d0a
hardneg_backpack2_dcbd7f675962.jpg,hardneg_backpack2_dcbd7f675962,hardneg_backpack2,hardneg_backpack2:884fcb47a744676a,0,0,1,dcbd7f6759629f6e89deab67a05cf06a04b3643c
hardneg_backpack2_8aca5d4a5b3f.jpg,hardneg_backpack2_8aca5d4a5b3f,hardneg_backpack2,hardneg_backpack2:88e66db307f5e3c0,0,0,1,8aca5d4a5b3fec0482050ad3fe4dd2e5498fe352
hardneg_backpack2_be6b9c396b1d.jpg,hardneg_backpack2_be6b9c396b1d,hardneg_backpack2,hardneg_backpack2:88e66db307f5e3c0,0,0,1,be6b9c396b1dcb750412d9b78557f43a59d01bbf
hardneg_backpack2_bf914e517917.jpg,hardneg_backpack2_bf914e517917,hardneg_backpack2,hardneg_backpack2:8a5c37c18b7d8376,0,0,1,bf914e517917702104dcda0f96dc7a8b509adac7
hardneg_backpack2_bda867e0368f.jpg,hardneg_backpack2_bda867e0368f,hardneg_backpack2,hardneg_backpack2:8a7521ca2347ef9b,0,0,1,bda867e0368f16792438a7797a2a05de5f42f993
hardneg_backpack2_0a243391dfc1.jpg,hardneg_backpack2_0a243391dfc1,hardneg_backpack2,hardneg_backpack2:8c7c1cf7d0860119,0,0,1,0a243391dfc12174653da2d77a028302fd5d0c54
hardneg_backpack2_8589cfc46af6.jpg,hardneg_backpack2_8589cfc46af6,hardneg_backpack2,hardneg_backpack2:8cb2fb47c092173e,0,0,1,8589cfc46af6b5145e3900ccc37571e8cf2d9134
hardneg_backpack2_c5012dc7e6e7.jpg,hardneg_backpack2_c5012dc7e6e7,hardneg_backpack2,hardneg_backpack2:8d80cbf2efa61011,0,0,1,c5012dc7e6e71990b251a3abccdc4800e7e5c967
hardneg_backpack2_f4fe712fe231.jpg,hardneg_backpack2_f4fe712fe231,hardneg_backpack2,hardneg_backpack2:8ed39329402c5ef8,0,0,1,f4fe712fe2318978b1928062d871326825aadae3
hardneg_backpack2_841e413eacb6.jpg,hardneg_backpack2_841e413eacb6,hardneg_backpack2,hardneg_backpack2:8f4cc0146035b973,0,0,1,841e413eacb659a263c8996ac3633bb8f2f719e8
hardneg_backpack2_fb675ea978af.jpg,hardneg_backpack2_fb675ea978af,hardneg_backpack2,hardneg_backpack2:8f4cc0146035b973,0,0,1,fb675ea978af09eb2f5233ae45794dc5849ab82f
hardneg_backpack2_30c4c22be92f.jpg,hardneg_backpack2_30c4c22be92f,hardneg_backpack2,hardneg_backpack2:91d3df51a643d8f3,0,0,1,30c4c22be92f92e5b0a1edf54c8188edcfc56baf
hardneg_backpack2_fc1af9a33b55.jpg,hardneg_backpack2_fc1af9a33b55,hardneg_backpack2,hardneg_backpack2:91d3df51a643d8f3,0,0,1,fc1af9a33b555a8be016e45fce8084c57ad534e8
hardneg_backpack2_9c13346bf5bf.jpg,hardneg_backpack2_9c13346bf5bf,hardneg_backpack2,hardneg_backpack2:943d4370d24253c0,0,0,1,9c13346bf5bf48ba848e2e81582e141c89a4fa53
hardneg_backpack2_e33fdc307386.jpg,hardneg_backpack2_e33fdc307386,hardneg_backpack2,hardneg_backpack2:9711f7795cf037a9,0,0,1,e33fdc30738615dcc9bb04779cf5442ee08b6417
hardneg_backpack2_e6b536aa1b78.jpg,hardneg_backpack2_e6b536aa1b78,hardneg_backpack2,hardneg_backpack2:9765a4101a523155,0,0,1,e6b536aa1b785aa6266f246c6451052fa1bb6684
hardneg_backpack2_90bd6fcf59ea.jpg,hardneg_backpack2_90bd6fcf59ea,hardneg_backpack2,hardneg_backpack2:9776779bc8e59440,0,0,1,90bd6fcf59eadc6d61df6ee734a124f253f3346a
hardneg_backpack2_f0efc2d7dcd0.jpg,hardneg_backpack2_f0efc2d7dcd0,hardneg_backpack2,hardneg_backpack2:97d7b062260fafd4,0,0,1,f0efc2d7dcd057ed32d15657e436349dff320308
hardneg_backpack2_b78b98333fa2.jpg,hardneg_backpack2_b78b98333fa2,hardneg_backpack2,hardneg_backpack2:98137aaa4ea50681,0,0,1,b78b98333fa223ecbd9d1c1abd65715fe733bac9
hardneg_backpack2_074f28864618.jpg,hardneg_backpack2_074f28864618,hardneg_backpack2,hardneg_backpack2:98137aaa4ea50681,0,0,1,074f28864618b34ce659170e508399992a016b31
hardneg_backpack2_94b24cb34c9a.jpg,hardneg_backpack2_94b24cb34c9a,hardneg_backpack2,hardneg_backpack2:9832f126925e4d4c,0,0,1,94b24cb34c9a23a638c93a005abfd49be166433c
hardneg_backpack2_22d06d079cb0.jpg,hardneg_backpack2_22d06d079cb0,hardneg_backpack2,hardneg_backpack2:98918c321b55f91f,0,0,1,22d06d079cb0a94202f8e6f23242e3c3f7a49136
hardneg_backpack2_8327876b07fe.jpg,hardneg_backpack2_8327876b07fe,hardneg_backpack2,hardneg_backpack2:989d9812482ca581,0,0,1,8327876b07fe592f1cc0114af9b6d6773ea0552d
hardneg_backpack2_a339826b967a.jpg,hardneg_backpack2_a339826b967a,hardneg_backpack2,hardneg_backpack2:98b4da4317d5454a,0,0,1,a339826b967ad416d080000557e5d731392bf613
hardneg_backpack2_82f692d08c28.jpg,hardneg_backpack2_82f692d08c28,hardneg_backpack2,hardneg_backpack2:98b4da4317d5454a,0,0,1,82f692d08c2831e4fd7742a59211d8ecbb580f35
hardneg_backpack2_74216c3d86f3.jpg,hardneg_backpack2_74216c3d86f3,hardneg_backpack2,hardneg_backpack2:98e29883fa0f08f1,0,0,1,74216c3d86f391d0586468a4ed687d0fe41f69cd
hardneg_backpack2_48b0ca8cc27a.jpg,hardneg_backpack2_48b0ca8cc27a,hardneg_backpack2,hardneg_backpack2:98e29883fa0f08f1,0,0,1,48b0ca8cc27aebc7d06ab901cd91402d45bea733
hardneg_backpack2_a731a782eaa2.jpg,hardneg_backpack2_a731a782eaa2,hardneg_backpack2,hardneg_backpack2:9986211c4b4f65c7,0,0,1,a731a782eaa2edf309b6c896400a25025e09f5ec
hardneg_backpack2_c040c3dfd363.jpg,hardneg_backpack2_c040c3dfd363,hardneg_backpack2,hardneg_backpack2:99a0f2730ff16a5c,0,0,1,c040c3dfd3633225389350d89bc53116f03193e1
hardneg_backpack2_94ff377bc9f4.jpg,hardneg_backpack2_94ff377bc9f4,hardneg_backpack2,hardneg_backpack2:99d6fa438fd29d58,0,0,1,94ff377bc9f43e3584db33eacede94f7b321b21b
hardneg_backpack2_d8b18856b335.jpg,hardneg_backpack2_d8b18856b335,hardneg_backpack2,hardneg_backpack2:9a218094fb10999a,0,0,1,d8b18856b335794811fc734d4dbb2707a110e207
hardneg_backpack2_94d1d51ad76e.jpg,hardneg_backpack2_94d1d51ad76e,hardneg_backpack2,hardneg_backpack2:9a218094fb10999a,0,0,1,94d1d51ad76e2c6ddb7e99fff2d2bfdd7712458d
hardneg_backpack2_8009f3d930f8.jpg,hardneg_backpack2_8009f3d930f8,hardneg_backpack2,hardneg_backpack2:9c3e92d5c945b08d,0,0,1,8009f3d930f886cfecb2ac1f58cfe244ba160dc6
hardneg_backpack2_2a158d7a48c6.jpg,hardneg_backpack2_2a158d7a48c6,hardneg_backpack2,hardneg_backpack2:9db22cc67ca200b1,0,0,1,2a158d7a48c688886870534beaf8518c7889776d
hardneg_backpack2_98a6b32fc81a.jpg,hardneg_backpack2_98a6b32fc81a,hardneg_backpack2,hardneg_backpack2:9dcf3f8380498697,0,0,1,98a6b32fc81af486de244aabbe7f4a6586af1960
hardneg_backpack2_9c496d387ed7.jpg,hardneg_backpack2_9c496d387ed7,hardneg_backpack2,hardneg_backpack2:9dd7ceaf9139519c,0,0,1,9c496d387ed72ff37d9dc64330f24bb4812ba88d
hardneg_backpack2_c50fb887a90a.jpg,hardneg_backpack2_c50fb887a90a,hardneg_backpack2,hardneg_backpack2:A-crowd-of-black-and-white-people-listen-to-a-black-speaker-with-a-microphone-,0,0,1,c50fb887a90a86d7df1a0e4cf570f1f55aca32a7
hardneg_backpack2_cfdc60dafd2f.jpg,hardneg_backpack2_cfdc60dafd2f,hardneg_backpack2,hardneg_backpack2:Alliance-Tutoring-Homeschooling-Distance-Learning,0,0,1,cfdc60dafd2fd7549bdb1bc2c879b3f1c01479c2
hardneg_backpack2_a8025450572f.jpg,hardneg_backpack2_a8025450572f,hardneg_backpack2,hardneg_backpack2:BIEwlb4CAAIMu1q,0,0,1,a8025450572fd55694d12b6ef1c5fc2e5347c553
hardneg_backpack2_9b543d44f6a3.jpg,hardneg_backpack2_9b543d44f6a3,hardneg_backpack2,hardneg_backpack2:Backpack1272021-1024x538-2,0,0,1,9b543d44f6a30c9aa3e53cbd17b158ec2ce2b6be
hardneg_backpack2_c0361eb38d82.jpg,hardneg_backpack2_c0361eb38d82,hardneg_backpack2,hardneg_backpack2:BeFunky-collage-1,0,0,1,c0361eb38d824b683099401b3bb9047448f9667b
hardneg_backpack2_13662953d760.jpg,hardneg_backpack2_13662953d760,hardneg_backpack2,hardneg_backpack2:Binbackpack-cd9a8950c0c749afa2c159c05250dff5,0,0,1,13662953d7600b1068fdb8e60ca771b1a4886e09
hardneg_backpack2_aa0e24506af5.jpg,hardneg_backpack2_aa0e24506af5,hardneg_backpack2,hardneg_backpack2:C764RED__11919,0,0,1,aa0e24506af58fd2d337c57f9a96d49d26d8a1b6
hardneg_backpack2_3f386b397ea5.jpg,hardneg_backpack2_3f386b397ea5,hardneg_backpack2,hardneg_backpack2:Chris-Gampat-The-Phoblographer-Shimoda-Explore-40-backpack-review-product-images-770x514,0,0,1,3f386b397ea575b104e435d8c435791c3bd84bf9
hardneg_backpack2_33313807679b.jpg,hardneg_backpack2_33313807679b,hardneg_backpack2,hardneg_backpack2:Chris-Gampat-The-Phoblographer-Tenba-Shootout-16-DSLR-backpack-review-f2-ISO-400-1-2000s,0,0,1,33313807679bb0adc40d5b5eca99b23444a342d0
hardneg_backpack2_763cdab2c125.jpg,hardneg_backpack2_763cdab2c125,hardneg_backpack2,hardneg_backpack2:D985_64_025_1200,0,0,1,763cdab2c1250db7bc65ef5ed147825065123f67
hardneg_backpack2_7e1f5fbed33e.jpg,hardneg_backpack2_7e1f5fbed33e,hardneg_backpack2,hardneg_backpack2:DALL-E-2022-11-14-18-52-29-unattended-backpack-in-airport_png,0,0,1,7e1f5fbed33e19f69e6725975919eb94490e7149
hardneg_backpack2_57a1f7ae2395.jpg,hardneg_backpack2_57a1f7ae2395,hardneg_backpack2,hardneg_backpack2:DALL-E-2022-11-14-18-52-59-unattended-backpack-in-airport_png,0,0,1,57a1f7ae2395546adad91c21aca99d7851f81e4d
hardneg_backpack2_62e290150a92.jpg,hardneg_backpack2_62e290150a92,hardneg_backpack2,hardneg_backpack2:DALL-E-2022-11-14-18-53-05-unattended-backpack-in-airport_png,0,0,1,62e290150a926fb65a7bc1e99fd3b7f388f336ce
hardneg_backpack2_2930a8e00b92.jpg,hardneg_backpack2_2930a8e00b92,hardneg_backpack2,hardneg_backpack2:DALL-E-2022-11-14-18-53-10-unattended-backpack-in-airport_png,0,0,1,2930a8e00b92659ca1716e562fdd2a66244e7304
hardneg_backpack2_f5a1dff40a6b.jpg,hardneg_backpack2_f5a1dff40a6b,hardneg_backpack2,hardneg_backpack2:DALL-E-2022-11-14-18-53-32-unattended-backpack-in-airport-viewed-from-far-away_png,0,0,1,f5a1dff40a6bfeb4f85039ef5c64a52f743c9f7f
hardneg_backpack2_833a64c8c495.jpg,hardneg_backpack2_833a64c8c495,hardneg_backpack2,hardneg_backpack2:DALL-E-2022-11-14-18-53-36-unattended-backpack-in-airport-viewed-from-far-away_png,0,0,1,833a64c8c495647f46ce9559f31187dabca132da
hardneg_backpack2_373106cbbb53.jpg,hardneg_backpack2_373106cbbb53,hardneg_backpack2,hardneg_backpack2:DALL-E-2022-11-14-18-53-40-unattended-backpack-in-airport-viewed-from-far-away_png,0,0,1,373106cbbb5348af0bf5dfbd4859c0fd9cae934f
hardneg_backpack2_9288e72f89be.jpg,hardneg_backpack2_9288e72f89be,hardneg_backpack2,hardneg_backpack2:Embarcadero2_900x,0,0,1,9288e72f89be02b647714918f90235fbd80294a2
hardneg_backpack2_ec94ff50c0cc.jpg,hardneg_backpack2_ec94ff50c0cc,hardneg_backpack2,hardneg_backpack2:FAYOD7M4ERBKBHGJVJEDDWDBOE_jpeg,0,0,1,ec94ff50c0ccd8ffa450245340babd2d5e7613b0
hardneg_backpack2_f982f396f42d.jpg,hardneg_backpack2_f982f396f42d,hardneg_backpack2,hardneg_backpack2:GUEST_51fced15-e1cb-4e8b-b5f1-23295edc90e9_jpeg,0,0,1,f982f396f42d98a881830ca838bfdf2769fb90d3
hardneg_backpack2_9930cfbcc963.jpg,hardneg_backpack2_9930cfbcc963,hardneg_backpack2,hardneg_backpack2:GUEST_e688c6b4-dc49-4a23-8f52-c88332cad551_jpeg,0,0,1,9930cfbcc96357603167d69a00023e82aa7c9f97
hardneg_backpack2_3e2d6c116349.jpg,hardneg_backpack2_3e2d6c116349,hardneg_backpack2,hardneg_backpack2:Getting-Ready-to-Fly,0,0,1,3e2d6c116349f5cb99d28486b7e9efa45bde8f8d
hardneg_backpack2_2a288990d027.jpg,hardneg_backpack2_2a288990d027,hardneg_backpack2,hardneg_backpack2:Handmade-Natural-Brush-off-Leather-Backpack-Women-Genuine-Leather-Small-Packsack-for-School-Female-Student-Casual-jpg_Q90-jpg_-webp_jpeg,0,0,1,2a288990d0276bb5be7ec5db70868a608d714cca
hardneg_backpack2_aa3df74fbd7d.jpg,hardneg_backpack2_aa3df74fbd7d,hardneg_backpack2,hardneg_backpack2:IMG_7907,0,0,1,aa3df74fbd7da57d900c30adb4520855590b615e
hardneg_backpack2_139341fc45d8.jpg,hardneg_backpack2_139341fc45d8,hardneg_backpack2,hardneg_backpack2:IMG_7911,0,0,1,139341fc45d8ac3f8a0d0acf95cde77aa46bcde6
hardneg_backpack2_9f31914e1838.jpg,hardneg_backpack2_9f31914e1838,hardneg_backpack2,hardneg_backpack2:IMG_7913,0,0,1,9f31914e1838df1e2b6f531a395498a19cb3392b
hardneg_backpack2_78de5ab4e71e.jpg,hardneg_backpack2_78de5ab4e71e,hardneg_backpack2,hardneg_backpack2:IMG_7914,0,0,1,78de5ab4e71e1871a1e74b9900bc0426739400a0
hardneg_backpack2_58f546c3ae35.jpg,hardneg_backpack2_58f546c3ae35,hardneg_backpack2,hardneg_backpack2:IMG_7917,0,0,1,58f546c3ae35dce8993209d243430bff37a138d3
hardneg_backpack2_e01cc2a845ed.jpg,hardneg_backpack2_e01cc2a845ed,hardneg_backpack2,hardneg_backpack2:IMG_7923,0,0,1,e01cc2a845ed8395cfae988908184e329e79f40f
hardneg_backpack2_e49e93568e4e.jpg,hardneg_backpack2_e49e93568e4e,hardneg_backpack2,hardneg_backpack2:IMG_7924,0,0,1,e49e93568e4e3d94b443259e32cdec6f13b45b34
hardneg_backpack2_2b725d5ef973.jpg,hardneg_backpack2_2b725d5ef973,hardneg_backpack2,hardneg_backpack2:IMG_7925,0,0,1,2b725d5ef9733151c01c5f6549fa7e63711e840e
hardneg_backpack2_d31fd4cdfeb6.jpg,hardneg_backpack2_d31fd4cdfeb6,hardneg_backpack2,hardneg_backpack2:IMG_7926,0,0,1,d31fd4cdfeb602587fb8956988bf456d1f78188a
hardneg_backpack2_b35a147ec1ed.jpg,hardneg_backpack2_b35a147ec1ed,hardneg_backpack2,hardneg_backpack2:IMG_7931,0,0,1,b35a147ec1eda2489e98dcd2661575e01ddeb45c
hardneg_backpack2_7df6e1a4c290.jpg,hardneg_backpack2_7df6e1a4c290,hardneg_backpack2,hardneg_backpack2:IMG_7932,0,0,1,7df6e1a4c2900c5bee31979b41b56af6238163cb
hardneg_backpack2_ccb2589caef8.jpg,hardneg_backpack2_ccb2589caef8,hardneg_backpack2,hardneg_backpack2:IMG_7934,0,0,1,ccb2589caef862b86ffc41c748968b6686ffc221
hardneg_backpack2_cc6621473ada.jpg,hardneg_backpack2_cc6621473ada,hardneg_backpack2,hardneg_backpack2:IMG_7936,0,0,1,cc6621473ada1ac8f76e2917d33e43a509c223f5
hardneg_backpack2_0040d6af3f0e.jpg,hardneg_backpack2_0040d6af3f0e,hardneg_backpack2,hardneg_backpack2:IMG_7937,0,0,1,0040d6af3f0e3d8094b18c059e5bd6d7b341ba36
hardneg_backpack2_009d254dc0a3.jpg,hardneg_backpack2_009d254dc0a3,hardneg_backpack2,hardneg_backpack2:IMG_7938,0,0,1,009d254dc0a399d6d183350c662750aaf6de8786
hardneg_backpack2_a2f5155d7213.jpg,hardneg_backpack2_a2f5155d7213,hardneg_backpack2,hardneg_backpack2:IMG_7940,0,0,1,a2f5155d72131c695d1b89ad6d4d63f96d66bae5
hardneg_backpack2_8374409befc8.jpg,hardneg_backpack2_8374409befc8,hardneg_backpack2,hardneg_backpack2:IMG_7941,0,0,1,8374409befc8a28f1ff6e5a1fb94e67947d23634
hardneg_backpack2_7e3e084deeee.jpg,hardneg_backpack2_7e3e084deeee,hardneg_backpack2,hardneg_backpack2:IMG_7943,0,0,1,7e3e084deeee7abac98b45a425baf586f7ef9dbb
hardneg_backpack2_811e61136ba9.jpg,hardneg_backpack2_811e61136ba9,hardneg_backpack2,hardneg_backpack2:IMG_7945,0,0,1,811e61136ba9719cbbf96b681fb124e62d8287dd
hardneg_backpack2_37589e730beb.jpg,hardneg_backpack2_37589e730beb,hardneg_backpack2,hardneg_backpack2:IMG_7948-2,0,0,1,37589e730beb08f4114acc25b5f81e3919e791db
hardneg_backpack2_3bf336e4e063.jpg,hardneg_backpack2_3bf336e4e063,hardneg_backpack2,hardneg_backpack2:IMG_7950-2,0,0,1,3bf336e4e0637eaf97512d070d3d160c51e79555
hardneg_backpack2_fe920b2ee5c6.jpg,hardneg_backpack2_fe920b2ee5c6,hardneg_backpack2,hardneg_backpack2:IMG_7951-2,0,0,1,fe920b2ee5c65cdc23edb05e4d2e1670947367af
hardneg_backpack2_b0b092deea49.jpg,hardneg_backpack2_b0b092deea49,hardneg_backpack2,hardneg_backpack2:IMG_7952,0,0,1,b0b092deea49f2929e4d1e7a5a0a673ddd77b6bb
hardneg_backpack2_0b37bb0d3efc.jpg,hardneg_backpack2_0b37bb0d3efc,hardneg_backpack2,hardneg_backpack2:IMG_7953,0,0,1,0b37bb0d3efc34fff4d3d65843978493e288701a
hardneg_backpack2_dfff92af883b.jpg,hardneg_backpack2_dfff92af883b,hardneg_backpack2,hardneg_backpack2:IMG_7954,0,0,1,dfff92af883bff159391bd5de8a7424218d27d3c
hardneg_backpack2_ce26c6adfe16.jpg,hardneg_backpack2_ce26c6adfe16,hardneg_backpack2,hardneg_backpack2:IMG_7959,0,0,1,ce26c6adfe169cc7cb88caefc87df62f020b08c9
hardneg_backpack2_ae613ffb4c35.jpg,hardneg_backpack2_ae613ffb4c35,hardneg_backpack2,hardneg_backpack2:IMG_7960,0,0,1,ae613ffb4c35bbd86a0edead5d3ebd276fc04ae1
hardneg_backpack2_7358217b2bbe.jpg,hardneg_backpack2_7358217b2bbe,hardneg_backpack2,hardneg_backpack2:IMG_7962,0,0,1,7358217b2bbec0129ff39c7df8b5102b42893e94
hardneg_backpack2_d83467817d98.jpg,hardneg_backpack2_d83467817d98,hardneg_backpack2,hardneg_backpack2:IMG_7963,0,0,1,d83467817d984b77f2816d0a49d97cfac3050983
hardneg_backpack2_69370ed0a9bd.jpg,hardneg_backpack2_69370ed0a9bd,hardneg_backpack2,hardneg_backpack2:IMG_7967,0,0,1,69370ed0a9bdc164ebf884b953ff91e78c25b6d2
hardneg_backpack2_b0adc646a263.jpg,hardneg_backpack2_b0adc646a263,hardneg_backpack2,hardneg_backpack2:IMG_7968,0,0,1,b0adc646a263ef148a9963c853486ea88b0fda3b
hardneg_backpack2_33b60ffd92b4.jpg,hardneg_backpack2_33b60ffd92b4,hardneg_backpack2,hardneg_backpack2:IMG_7971,0,0,1,33b60ffd92b4ac2f7828347565240eb8b9c404dd
hardneg_backpack2_8dc8d5e96cdc.jpg,hardneg_backpack2_8dc8d5e96cdc,hardneg_backpack2,hardneg_backpack2:IMG_7972-2,0,0,1,8dc8d5e96cdce7e38fde246b0890eee010cc4e8c
hardneg_backpack2_43a02246d065.jpg,hardneg_backpack2_43a02246d065,hardneg_backpack2,hardneg_backpack2:IMG_7973,0,0,1,43a02246d065e78f11cffc16c7e45108977327ee
hardneg_backpack2_70b7e22f5b70.jpg,hardneg_backpack2_70b7e22f5b70,hardneg_backpack2,hardneg_backpack2:IMG_7977,0,0,1,70b7e22f5b7042c603e462ffdcf16ef30652caf0
hardneg_backpack2_5bb0406067db.jpg,hardneg_backpack2_5bb0406067db,hardneg_backpack2,hardneg_backpack2:IMG_7978,0,0,1,5bb0406067dbd809d125a91ced25b1ad7454e99f
hardneg_backpack2_287718a599b8.jpg,hardneg_backpack2_287718a599b8,hardneg_backpack2,hardneg_backpack2:IMG_7982,0,0,1,287718a599b81920dc0de5c1a0d615c9c50b21d4
hardneg_backpack2_b78baf30e87b.jpg,hardneg_backpack2_b78baf30e87b,hardneg_backpack2,hardneg_backpack2:IMG_7984,0,0,1,b78baf30e87b86f84d967ed4d0134ec73b63c6b4
hardneg_backpack2_20c4dbbd6a32.jpg,hardneg_backpack2_20c4dbbd6a32,hardneg_backpack2,hardneg_backpack2:IMG_7986,0,0,1,20c4dbbd6a32656e702c2d2e58243c533c22699b
hardneg_backpack2_afe535393a22.jpg,hardneg_backpack2_afe535393a22,hardneg_backpack2,hardneg_backpack2:IMG_7987,0,0,1,afe535393a22f4f306c1926d2f83c67f9c87f834
hardneg_backpack2_09633d093ab2.jpg,hardneg_backpack2_09633d093ab2,hardneg_backpack2,hardneg_backpack2:IMG_7988,0,0,1,09633d093ab289255c96a071fd6eda0fbcbcefdc
hardneg_backpack2_3e4476d8855c.jpg,hardneg_backpack2_3e4476d8855c,hardneg_backpack2,hardneg_backpack2:IMG_7992,0,0,1,3e4476d8855ca000ba7be27f902cccf1af1f797d
hardneg_backpack2_df790e36dec9.jpg,hardneg_backpack2_df790e36dec9,hardneg_backpack2,hardneg_backpack2:IMG_7993,0,0,1,df790e36dec9e7c42e817d8f62fdc71010834505
hardneg_backpack2_bf606621d98d.jpg,hardneg_backpack2_bf606621d98d,hardneg_backpack2,hardneg_backpack2:IMG_7999,0,0,1,bf606621d98dd5d160e9e310c04411cc1a64563a
hardneg_backpack2_e0f9d95a1d7a.jpg,hardneg_backpack2_e0f9d95a1d7a,hardneg_backpack2,hardneg_backpack2:IMG_8001,0,0,1,e0f9d95a1d7abf20428a8cf1202124e2977a5acb
hardneg_backpack2_d22d1cf8f27f.jpg,hardneg_backpack2_d22d1cf8f27f,hardneg_backpack2,hardneg_backpack2:IMG_8006,0,0,1,d22d1cf8f27f9952862d30d9bd7a5c471bf460b9
hardneg_backpack2_59ca7ac1f90f.jpg,hardneg_backpack2_59ca7ac1f90f,hardneg_backpack2,hardneg_backpack2:IMG_8007,0,0,1,59ca7ac1f90f9c76dc483f71fad2da707997b565
hardneg_backpack2_c828d8e7d401.jpg,hardneg_backpack2_c828d8e7d401,hardneg_backpack2,hardneg_backpack2:IMG_8016_MOV-0,0,0,1,c828d8e7d401998847ef9c3bd0cae85568c87446
hardneg_backpack2_a70f87283566.jpg,hardneg_backpack2_a70f87283566,hardneg_backpack2,hardneg_backpack2:IMG_8016_MOV-1,0,0,1,a70f87283566ef5f1da96b070a85b77d6b7f82a8
hardneg_backpack2_bf7a4b29141b.jpg,hardneg_backpack2_bf7a4b29141b,hardneg_backpack2,hardneg_backpack2:IMG_8016_MOV-2,0,0,1,bf7a4b29141b483293a85ffab4b5b930e9df2044
hardneg_backpack2_214e86da213b.jpg,hardneg_backpack2_214e86da213b,hardneg_backpack2,hardneg_backpack2:IMG_8016_MOV-3,0,0,1,214e86da213b1958b34d7e1e33ca408e719b6fed
hardneg_backpack2_a00bfd9be518.jpg,hardneg_backpack2_a00bfd9be518,hardneg_backpack2,hardneg_backpack2:IMG_8016_MOV-5,0,0,1,a00bfd9be518fa22d9e0d26f5570e2c1b4e6ed74
hardneg_backpack2_28c49785b431.jpg,hardneg_backpack2_28c49785b431,hardneg_backpack2,hardneg_backpack2:IMG_8018_MOV-15,0,0,1,28c49785b43141f35794fbae31a22781bffbed37
hardneg_backpack2_d96ff2d494c6.jpg,hardneg_backpack2_d96ff2d494c6,hardneg_backpack2,hardneg_backpack2:IMG_8018_MOV-17,0,0,1,d96ff2d494c69cbee0996235637c3031d951b755
hardneg_backpack2_2eb877014b88.jpg,hardneg_backpack2_2eb877014b88,hardneg_backpack2,hardneg_backpack2:IMG_8018_MOV-28,0,0,1,2eb877014b8861da6d05854cfa54aa6432d70381
hardneg_backpack2_f42b97ae345b.jpg,hardneg_backpack2_f42b97ae345b,hardneg_backpack2,hardneg_backpack2:IMG_8018_MOV-29,0,0,1,f42b97ae345b5fbc02ea5710d26029bc9d737b65
hardneg_backpack2_316ca4c7969d.jpg,hardneg_backpack2_316ca4c7969d,hardneg_backpack2,hardneg_backpack2:IMG_8018_MOV-30,0,0,1,316ca4c7969d0b6c141c2f0047f9df8ce124af92
hardneg_backpack2_ccd808321d6e.jpg,hardneg_backpack2_ccd808321d6e,hardneg_backpack2,hardneg_backpack2:IMG_8018_MOV-31,0,0,1,ccd808321d6efb08b45d41b5f735191003607775
hardneg_backpack2_3026bfb4a9de.jpg,hardneg_backpack2_3026bfb4a9de,hardneg_backpack2,hardneg_backpack2:IMG_8018_MOV-32,0,0,1,3026bfb4a9de17d907fb0efaa374ba3a05f1d1f6
hardneg_backpack2_0611b92fbf7d.jpg,hardneg_backpack2_0611b92fbf7d,hardneg_backpack2,hardneg_backpack2:IMG_8018_MOV-33,0,0,1,0611b92fbf7d40028352253df19110f54b975ebb
hardneg_backpack2_b059644d0a64.jpg,hardneg_backpack2_b059644d0a64,hardneg_backpack2,hardneg_backpack2:IMG_8018_MOV-34,0,0,1,b059644d0a6470fda6c7c499f9048a5df050d7d3
hardneg_backpack2_9754a2bad8be.jpg,hardneg_backpack2_9754a2bad8be,hardneg_backpack2,hardneg_backpack2:IMG_8018_MOV-35,0,0,1,9754a2bad8bec25ba9ca6a7b0d592c0bdd8972b9
hardneg_backpack2_009d3c9ee1e5.jpg,hardneg_backpack2_009d3c9ee1e5,hardneg_backpack2,hardneg_backpack2:IMG_8018_MOV-36,0,0,1,009d3c9ee1e570ae57dd9fd7b0bc25e83c900b78
hardneg_backpack2_8c701bb8f9d9.jpg,hardneg_backpack2_8c701bb8f9d9,hardneg_backpack2,hardneg_backpack2:IMG_8018_MOV-39,0,0,1,8c701bb8f9d9d160611aa477ea42b2043e74b9f5
hardneg_backpack2_2138db96466f.jpg,hardneg_backpack2_2138db96466f,hardneg_backpack2,hardneg_backpack2:IMG_8018_MOV-4,0,0,1,2138db96466f81e6c429c1bd0e9333788dd1084b
hardneg_backpack2_bba1bd63571d.jpg,hardneg_backpack2_bba1bd63571d,hardneg_backpack2,hardneg_backpack2:IMG_8019_MOV-10,0,0,1,bba1bd63571d4e5c99ef8530146e8bbb565fca71
hardneg_backpack2_16f7a654453f.jpg,hardneg_backpack2_16f7a654453f,hardneg_backpack2,hardneg_backpack2:IMG_8019_MOV-12,0,0,1,16f7a654453f3370140d08bf80bbb1d9383a9c5c
hardneg_backpack2_fb8c17c9b4c8.jpg,hardneg_backpack2_fb8c17c9b4c8,hardneg_backpack2,hardneg_backpack2:IMG_8019_MOV-13,0,0,1,fb8c17c9b4c8eff89bf280293827a42c5bbc58f8
hardneg_backpack2_be56dd2b1125.jpg,hardneg_backpack2_be56dd2b1125,hardneg_backpack2,hardneg_backpack2:IMG_8019_MOV-15,0,0,1,be56dd2b1125446ad74a33a6e843e300d28ea479
hardneg_backpack2_6f162ec800a8.jpg,hardneg_backpack2_6f162ec800a8,hardneg_backpack2,hardneg_backpack2:IMG_8019_MOV-16,0,0,1,6f162ec800a8e969f8aaab3f1088e92d1c086442
hardneg_backpack2_58f51d88973c.jpg,hardneg_backpack2_58f51d88973c,hardneg_backpack2,hardneg_backpack2:IMG_8019_MOV-19,0,0,1,58f51d88973cb00a589c2656d810a02197e8e034
hardneg_backpack2_cf74a959c5d5.jpg,hardneg_backpack2_cf74a959c5d5,hardneg_backpack2,hardneg_backpack2:IMG_8019_MOV-20,0,0,1,cf74a959c5d58c2d91cfdaf2a5e45a2ea44cec1b
hardneg_backpack2_31c08e1264f2.jpg,hardneg_backpack2_31c08e1264f2,hardneg_backpack2,hardneg_backpack2:IMG_8019_MOV-2,0,0,1,31c08e1264f29e73d432a1f932d7b0fdbd2d8715
hardneg_backpack2_e860cbcc1652.jpg,hardneg_backpack2_e860cbcc1652,hardneg_backpack2,hardneg_backpack2:IMG_8019_MOV-3,0,0,1,e860cbcc16522ed21ab6dabb3e78bcf61bcc87e2
hardneg_backpack2_ff56e542deca.jpg,hardneg_backpack2_ff56e542deca,hardneg_backpack2,hardneg_backpack2:IMG_8019_MOV-4,0,0,1,ff56e542deca3636bc09ab4a772c17c59ac37799
hardneg_backpack2_497029293d39.jpg,hardneg_backpack2_497029293d39,hardneg_backpack2,hardneg_backpack2:IMG_8019_MOV-5,0,0,1,497029293d398ab4d269fdb26f3f3ff1ab0c7aa1
hardneg_backpack2_271372eb92e7.jpg,hardneg_backpack2_271372eb92e7,hardneg_backpack2,hardneg_backpack2:IMG_8019_MOV-6,0,0,1,271372eb92e7822940e9b62d95279ef5f69be065
hardneg_backpack2_702acda6c29e.jpg,hardneg_backpack2_702acda6c29e,hardneg_backpack2,hardneg_backpack2:IMG_8019_MOV-7,0,0,1,702acda6c29ef3c9fbfeedd658c414f95c0451f0
hardneg_backpack2_c6568c779da2.jpg,hardneg_backpack2_c6568c779da2,hardneg_backpack2,hardneg_backpack2:IMG_8019_MOV-8,0,0,1,c6568c779da275603aee99a043f4bcbde869da28
hardneg_backpack2_6d8be9c9c088.jpg,hardneg_backpack2_6d8be9c9c088,hardneg_backpack2,hardneg_backpack2:IMG_8019_MOV-9,0,0,1,6d8be9c9c0884b3e68b643d7a8e5f6058c80a950
hardneg_backpack2_82300bd0a06c.jpg,hardneg_backpack2_82300bd0a06c,hardneg_backpack2,hardneg_backpack2:IMG_8020_MOV-14,0,0,1,82300bd0a06c6d2cd6f8333a149970db592b8df4
hardneg_backpack2_a1fea4ea5803.jpg,hardneg_backpack2_a1fea4ea5803,hardneg_backpack2,hardneg_backpack2:IMG_8020_MOV-18,0,0,1,a1fea4ea580383f58e9965d4e5fc6fbbcd8f8a78
hardneg_backpack2_0b220787db52.jpg,hardneg_backpack2_0b220787db52,hardneg_backpack2,hardneg_backpack2:IMG_8020_MOV-19,0,0,1,0b220787db52e0219958f1e64a2798a77bd7627b
hardneg_backpack2_51e6e3674e9e.jpg,hardneg_backpack2_51e6e3674e9e,hardneg_backpack2,hardneg_backpack2:IMG_8020_MOV-21,0,0,1,51e6e3674e9ed5cdb2c825bd0cbd4276388421ad
hardneg_backpack2_9797d1dd6a98.jpg,hardneg_backpack2_9797d1dd6a98,hardneg_backpack2,hardneg_backpack2:IMG_8020_MOV-23,0,0,1,9797d1dd6a985f895555165e2c677489f15c7748
hardneg_backpack2_3c4b5a1aeecc.jpg,hardneg_backpack2_3c4b5a1aeecc,hardneg_backpack2,hardneg_backpack2:IMG_8020_MOV-24,0,0,1,3c4b5a1aeecc5b61ac5a57e73dc5d737794d50a3
hardneg_backpack2_7801d9a8f8c0.jpg,hardneg_backpack2_7801d9a8f8c0,hardneg_backpack2,hardneg_backpack2:IMG_8020_MOV-26,0,0,1,7801d9a8f8c00f2e5a119990419cd36a76f63e0d
hardneg_backpack2_4c31e106aa04.jpg,hardneg_backpack2_4c31e106aa04,hardneg_backpack2,hardneg_backpack2:IMG_8020_MOV-27,0,0,1,4c31e106aa04c712af3c8d638d8e4c7148ddbc1e
hardneg_backpack2_c5e603035e5e.jpg,hardneg_backpack2_c5e603035e5e,hardneg_backpack2,hardneg_backpack2:IMG_8020_MOV-29,0,0,1,c5e603035e5e6e36141a6bd4440403d95d4f90e7
hardneg_backpack2_b34a1a035d5a.jpg,hardneg_backpack2_b34a1a035d5a,hardneg_backpack2,hardneg_backpack2:IMG_8021_MOV-10,0,0,1,b34a1a035d5a8f1d74e7d4633a157a57ccdf1c37
hardneg_backpack2_1e396593b019.jpg,hardneg_backpack2_1e396593b019,hardneg_backpack2,hardneg_backpack2:IMG_8021_MOV-11,0,0,1,1e396593b0195fe40e8934d10ba77075d8b21e69
hardneg_backpack2_59f2f42b435e.jpg,hardneg_backpack2_59f2f42b435e,hardneg_backpack2,hardneg_backpack2:IMG_8021_MOV-12,0,0,1,59f2f42b435e711157c100d05032be5755073b41
hardneg_backpack2_3339a73be39d.jpg,hardneg_backpack2_3339a73be39d,hardneg_backpack2,hardneg_backpack2:IMG_8021_MOV-13,0,0,1,3339a73be39db491367ca7bca27884b6d2640df8
hardneg_backpack2_db3a16325d04.jpg,hardneg_backpack2_db3a16325d04,hardneg_backpack2,hardneg_backpack2:IMG_8021_MOV-16,0,0,1,db3a16325d04d6df51bbe80b7d67cf5a9e4bec1e
hardneg_backpack2_280977957a7d.jpg,hardneg_backpack2_280977957a7d,hardneg_backpack2,hardneg_backpack2:IMG_8021_MOV-17,0,0,1,280977957a7d0a96462cc79623aac01b1802f8b2
hardneg_backpack2_f135c254833c.jpg,hardneg_backpack2_f135c254833c,hardneg_backpack2,hardneg_backpack2:IMG_8021_MOV-18,0,0,1,f135c254833cea0c3bfc9cbccad0a68640412530
hardneg_backpack2_d6ea59b603b4.jpg,hardneg_backpack2_d6ea59b603b4,hardneg_backpack2,hardneg_backpack2:IMG_8021_MOV-1,0,0,1,d6ea59b603b46f857336b8f493bab3d1a2d63602
hardneg_backpack2_35abcdc02ff9.jpg,hardneg_backpack2_35abcdc02ff9,hardneg_backpack2,hardneg_backpack2:IMG_8021_MOV-21,0,0,1,35abcdc02ff98a63d76548925b5d5398cb507369
hardneg_backpack2_1388467d658f.jpg,hardneg_backpack2_1388467d658f,hardneg_backpack2,hardneg_backpack2:IMG_8021_MOV-22,0,0,1,1388467d658f384c68c0eefb46d3111827afe07d
hardneg_backpack2_869586d3f9b6.jpg,hardneg_backpack2_869586d3f9b6,hardneg_backpack2,hardneg_backpack2:IMG_8021_MOV-23,0,0,1,869586d3f9b6c4e7b54fbacc86145c7c423471a5
hardneg_backpack2_9e2f3d7aa5ba.jpg,hardneg_backpack2_9e2f3d7aa5ba,hardneg_backpack2,hardneg_backpack2:IMG_8021_MOV-25,0,0,1,9e2f3d7aa5ba286dd11ec1f1b903b1d3d99246bb
hardneg_backpack2_69e766f7891e.jpg,hardneg_backpack2_69e766f7891e,hardneg_backpack2,hardneg_backpack2:IMG_8021_MOV-2,0,0,1,69e766f7891e92b4ce6f62ac5173ae19b7dbcba5
hardneg_backpack2_8fa35645e554.jpg,hardneg_backpack2_8fa35645e554,hardneg_backpack2,hardneg_backpack2:IMG_8021_MOV-4,0,0,1,8fa35645e554271897b2d29dc0a8f596b4f13b14
hardneg_backpack2_6f816f23cf79.jpg,hardneg_backpack2_6f816f23cf79,hardneg_backpack2,hardneg_backpack2:IMG_8021_MOV-5,0,0,1,6f816f23cf791bdc5774aaa3cf1512eb90eeb7c8
hardneg_backpack2_e6f428adbf9e.jpg,hardneg_backpack2_e6f428adbf9e,hardneg_backpack2,hardneg_backpack2:IMG_8021_MOV-9,0,0,1,e6f428adbf9e73bd6e9bd6c5c8a2584630920b39
hardneg_backpack2_cc786deb8bb8.jpg,hardneg_backpack2_cc786deb8bb8,hardneg_backpack2,hardneg_backpack2:IMG_8022_MOV-0,0,0,1,cc786deb8bb8cccc9a6348ae7af2928a6ec3a6bf
hardneg_backpack2_b2695d341ba6.jpg,hardneg_backpack2_b2695d341ba6,hardneg_backpack2,hardneg_backpack2:IMG_8022_MOV-10,0,0,1,b2695d341ba6402f7d2ffe64a13c87e414278b5c
hardneg_backpack2_edf9854d8f9e.jpg,hardneg_backpack2_edf9854d8f9e,hardneg_backpack2,hardneg_backpack2:IMG_8022_MOV-1,0,0,1,edf9854d8f9eea4025bbf91e3d3aa6c9fa149ffb
hardneg_backpack2_eb47a33db5f4.jpg,hardneg_backpack2_eb47a33db5f4,hardneg_backpack2,hardneg_backpack2:IMG_8022_MOV-6,0,0,1,eb47a33db5f48f06dfc09ada32e075af0ecdc1fc
hardneg_backpack2_ad797281e39d.jpg,hardneg_backpack2_ad797281e39d,hardneg_backpack2,hardneg_backpack2:IMG_8022_MOV-7,0,0,1,ad797281e39d75abe64b22481ab889a3842bed34
hardneg_backpack2_88b3a8ea5a99.jpg,hardneg_backpack2_88b3a8ea5a99,hardneg_backpack2,hardneg_backpack2:IMG_8022_MOV-8,0,0,1,88b3a8ea5a9959d172205b8118fa7ac9007ff8ac
hardneg_backpack2_b98104c4caa9.jpg,hardneg_backpack2_b98104c4caa9,hardneg_backpack2,hardneg_backpack2:IMG_8022_MOV-9,0,0,1,b98104c4caa9c4a742540ad97cf1c362356250d6
hardneg_backpack2_23707ac22ff1.jpg,hardneg_backpack2_23707ac22ff1,hardneg_backpack2,hardneg_backpack2:IMG_8023_MOV-11,0,0,1,23707ac22ff16d371d44f89f78d6d9b35c372c1c
hardneg_backpack2_ec9524319df6.jpg,hardneg_backpack2_ec9524319df6,hardneg_backpack2,hardneg_backpack2:IMG_8023_MOV-12,0,0,1,ec9524319df61456dff4a93f08d62ef83808ca24
hardneg_backpack2_c9a2fc02db31.jpg,hardneg_backpack2_c9a2fc02db31,hardneg_backpack2,hardneg_backpack2:IMG_8023_MOV-14,0,0,1,c9a2fc02db3154d03a78ecaadb356f7dddd71c8b
hardneg_backpack2_85fdb8223e7c.jpg,hardneg_backpack2_85fdb8223e7c,hardneg_backpack2,hardneg_backpack2:IMG_8023_MOV-3,0,0,1,85fdb8223e7c489b6ef9079eb30d66ec1626cb3e
hardneg_backpack2_f9f9cd24663c.jpg,hardneg_backpack2_f9f9cd24663c,hardneg_backpack2,hardneg_backpack2:IMG_8023_MOV-4,0,0,1,f9f9cd24663c76fb18e28e537d8926399122d982
hardneg_backpack2_b1cfb92c556c.jpg,hardneg_backpack2_b1cfb92c556c,hardneg_backpack2,hardneg_backpack2:IMG_8023_MOV-6,0,0,1,b1cfb92c556c89f3c548bbdefa5f3f9eae86e739
hardneg_backpack2_43a5e4ecc219.jpg,hardneg_backpack2_43a5e4ecc219,hardneg_backpack2,hardneg_backpack2:IMG_8023_MOV-7,0,0,1,43a5e4ecc219ebe152a43a4693ca5f5a1f511388
hardneg_backpack2_db36f9140d5c.jpg,hardneg_backpack2_db36f9140d5c,hardneg_backpack2,hardneg_backpack2:IMG_8023_MOV-8,0,0,1,db36f9140d5cc07262903858bf57d2e44a6894b1
hardneg_backpack2_1be27f14b387.jpg,hardneg_backpack2_1be27f14b387,hardneg_backpack2,hardneg_backpack2:KS1934-LOMA-KIDS-BACKPACK-MINI-MOSS-GREY-Extra-0-2048x2048,0,0,1,1be27f14b38775b522a8136b412d7ff5b9f8320e
hardneg_backpack2_06940e883521.jpg,hardneg_backpack2_06940e883521,hardneg_backpack2,hardneg_backpack2:Louis-Vuitton-Backpack-Montsouris-Monogram-NM-Brown-7,0,0,1,06940e88352147111bded6edffeca3e130adb6d4
hardneg_backpack2_eedb90c270b7.jpg,hardneg_backpack2_eedb90c270b7,hardneg_backpack2,hardneg_backpack2:Nomatic-backpack-man-airport,0,0,1,eedb90c270b7d92209fc7c8b39418bd288462237
hardneg_backpack2_efb9a0978299.jpg,hardneg_backpack2_efb9a0978299,hardneg_backpack2,hardneg_backpack2:OIP-5X_j3Xp-jNVh5J13T8EoaAHaDZ_jpeg,0,0,1,efb9a09782996948f3d66e7d63abb0e4dfb7e649
hardneg_backpack2_4c540bd77839.jpg,hardneg_backpack2_4c540bd77839,hardneg_backpack2,hardneg_backpack2:OIP-7DKhaPQP7-J-Z8S8Box3LwHaE8_jpeg,0,0,1,4c540bd778399c6526ee4e01b623d14c6c8d85a5
hardneg_backpack2_6672ffb451f4.jpg,hardneg_backpack2_6672ffb451f4,hardneg_backpack2,hardneg_backpack2:OIP-8V1xmkyAmv-6TleKsi9R_QHaNP_jpeg,0,0,1,6672ffb451f47155103093bd27916a58d7c5a8b7
hardneg_backpack2_a6efd80f73f2.jpg,hardneg_backpack2_a6efd80f73f2,hardneg_backpack2,hardneg_backpack2:OIP-KZ_Tjq6wc-ox0Pec4sGxHAHaES_jpeg,0,0,1,a6efd80f73f2b0a3f7777c1fdcac38bb0a5eb9d2
hardneg_backpack2_f002c6e85190.jpg,hardneg_backpack2_f002c6e85190,hardneg_backpack2,hardneg_backpack2:OIP-UUJ10Lhn7zXzIs_e4k-oTwHaEK_jpeg,0,0,1,f002c6e85190e7e3312823e8206c0280eb98181c
hardneg_backpack2_266f2bab0ab6.jpg,hardneg_backpack2_266f2bab0ab6,hardneg_backpack2,hardneg_backpack2:OIP-dPW1E7UZVnB_LQPEMaUN0AHaE7_jpeg,0,0,1,266f2bab0ab6b764738d64fcc6e97a2c10be5c0a
hardneg_backpack2_d80eb6457dbe.jpg,hardneg_backpack2_d80eb6457dbe,hardneg_backpack2,hardneg_backpack2:OIP-iNWq9sYuCKEr7rFJlcRoIQHaFj_jpeg,0,0,1,d80eb6457dbe340951323b07bb111d6e7394e068
hardneg_backpack2_2ae9e5790101.jpg,hardneg_backpack2_2ae9e5790101,hardneg_backpack2,hardneg_backpack2:OIP-t2IWp4xopJIONNr8znLaQwHaKa_jpeg,0,0,1,2ae9e5790101a860961cabb3812e0765e69d23cb
hardneg_backpack2_f90139540842.jpg,hardneg_backpack2_f90139540842,hardneg_backpack2,hardneg_backpack2:P1190008-650x434,0,0,1,f901395408421298fac0a21bc4ff17f2f92544d6
hardneg_backpack2_5a0e50c2c0bf.jpg,hardneg_backpack2_5a0e50c2c0bf,hardneg_backpack2,hardneg_backpack2:P_setting_xxx_0_90_end_692_png,0,0,1,5a0e50c2c0bf3bfb621db9975b4e383fb4e874c4
hardneg_backpack2_4687b4813c84.jpg,hardneg_backpack2_4687b4813c84,hardneg_backpack2,hardneg_backpack2:Pauleth-Ip-The-Phoblographer-PGYTECH-OneMo-Camera-Backpack-25L-Product-Image-03-770x513,0,0,1,4687b4813c84270c5b25c6f931723c8cb669e937
hardneg_backpack2_0df754ace60f.jpg,hardneg_backpack2_0df754ace60f,hardneg_backpack2,hardneg_backpack2:R-13700986dbdf121b27f979bbfb82a390_jpeg,0,0,1,0df754ace60fff41096282c68be9d83072068714
hardneg_backpack2_bb930ddbebc5.jpg,hardneg_backpack2_bb930ddbebc5,hardneg_backpack2,hardneg_backpack2:R-2fa9794b1180098709ff970366eb704d_jpeg,0,0,1,bb930ddbebc5158d0112f565139919afd9f4c11f
hardneg_backpack2_6d3e80db1df4.jpg,hardneg_backpack2_6d3e80db1df4,hardneg_backpack2,hardneg_backpack2:R-c5451ed2846615d7d6af7051c514b58f_jpeg,0,0,1,6d3e80db1df43f1c30213b55c500c6a35ffb7dad
hardneg_backpack2_2c0e6e92a514.jpg,hardneg_backpack2_2c0e6e92a514,hardneg_backpack2,hardneg_backpack2:R-e6a14bb0b973272d6a24b3f73f9c387f_jpeg,0,0,1,2c0e6e92a514deb1691c86375227db3ee492a911
hardneg_backpack2_ffc6f4222274.jpg,hardneg_backpack2_ffc6f4222274,hardneg_backpack2,hardneg_backpack2:Ready-to-travel,0,0,1,ffc6f4222274f14e445d6a850b84c5eb5745700b
hardneg_backpack2_a0669adbdf56.jpg,hardneg_backpack2_a0669adbdf56,hardneg_backpack2,hardneg_backpack2:SUWERER-New-Cowhide-bag-fashion-Random-stitching-Genuine-Leather-women-backpack-genuine-cowhide-leather-backpack-women,0,0,1,a0669adbdf561e72c8f88cdfeb81df3b4ee5a27f
hardneg_backpack2_2894575f2907.jpg,hardneg_backpack2_2894575f2907,hardneg_backpack2,hardneg_backpack2:Safari-Blue-Backpack-SDL478651069-3-ccda5,0,0,1,2894575f29079c6ee6df77afac7a17dc1d5c771b
hardneg_backpack2_ef2f8102357a.jpg,hardneg_backpack2_ef2f8102357a,hardneg_backpack2,hardneg_backpack2:Sale-Little-Herschel-Nav-Tile,0,0,1,ef2f8102357ac4b8a901d98c84a7de5665b30017
hardneg_backpack2_e8107decdb60.jpg,hardneg_backpack2_e8107decdb60,hardneg_backpack2,hardneg_backpack2:Screen-Shot-2018-08-10-at-12-21-10-AM_png,0,0,1,e8107decdb6048a71472d6204b4def5cc71c41d5
hardneg_backpack2_4b9e7500307d.jpg,hardneg_backpack2_4b9e7500307d,hardneg_backpack2,hardneg_backpack2:Screen-Shot-2021-01-07-at-8-34-54-PM,0,0,1,4b9e7500307d95cf093bbbbdfa29df1e706b1185
hardneg_backpack2_4d873fed3791.jpg,hardneg_backpack2_4d873fed3791,hardneg_backpack2,hardneg_backpack2:SubsectionBanner-CrowdedStreets,0,0,1,4d873fed3791638788530a559d3e5c0e6ee69ca0
hardneg_backpack2_e879702ad33b.jpg,hardneg_backpack2_e879702ad33b,hardneg_backpack2,hardneg_backpack2:TRIPSAVVY-12-best-backpack-brands-4781448-recirc-01-499e4a7517004276bfb7ba013634d2b9,0,0,1,e879702ad33b187befbb816362f86e333f70069b
hardneg_backpack2_8886d0339fd6.jpg,hardneg_backpack2_8886d0339fd6,hardneg_backpack2,hardneg_backpack2:The-Kobuk1,0,0,1,8886d0339fd67039da66a9a0d5812e2e2adbaa41
hardneg_backpack2_98ec8c3a4c03.jpg,hardneg_backpack2_98ec8c3a4c03,hardneg_backpack2,hardneg_backpack2:Traveling-with-a-laptop-1-1024x969,0,0,1,98ec8c3a4c0357a856730b08409154d9a4e8c8ed
hardneg_backpack2_9c9c8272cd79.jpg,hardneg_backpack2_9c9c8272cd79,hardneg_backpack2,hardneg_backpack2:UF9243,0,0,1,9c9c8272cd79028651a8a842ad6bf558d2804686
hardneg_backpack2_9f86c8aa9159.jpg,hardneg_backpack2_9f86c8aa9159,hardneg_backpack2,hardneg_backpack2:WESTAL-women-s-leather-backpack-women-s-genuine-leather-mochila-notebook-travel-over-shoulder-school-backpack-jpg_640x640,0,0,1,9f86c8aa91593812e31d22ca866b33b8fbccc56d
hardneg_backpack2_afd60e0eb16c.jpg,hardneg_backpack2_afd60e0eb16c,hardneg_backpack2,hardneg_backpack2:a240cec5fd18562d,0,0,1,afd60e0eb16c2c5961904cb4ebd43cefcb99b3da
hardneg_backpack2_17b4300fea0c.jpg,hardneg_backpack2_17b4300fea0c,hardneg_backpack2,hardneg_backpack2:a2c24bce14c1f477,0,0,1,17b4300fea0c915186a5432a75bf5a17ba8260ca
hardneg_backpack2_e6892661e79f.jpg,hardneg_backpack2_e6892661e79f,hardneg_backpack2,hardneg_backpack2:a2f74914c9d510b3,0,0,1,e6892661e79f1ae02e736ef4d3f51a2499b16c2e
hardneg_backpack2_1fc75dcf8509.jpg,hardneg_backpack2_1fc75dcf8509,hardneg_backpack2,hardneg_backpack2:a2f74914c9d510b3,0,0,1,1fc75dcf85098a73604fcd79303b0591b6115df8
hardneg_backpack2_dcbd7a142c15.jpg,hardneg_backpack2_dcbd7a142c15,hardneg_backpack2,hardneg_backpack2:a3846b88a7e3a866,0,0,1,dcbd7a142c1563bc460fb8c18434afca5913dde3
hardneg_backpack2_1fc422b0d2b9.jpg,hardneg_backpack2_1fc422b0d2b9,hardneg_backpack2,hardneg_backpack2:a400aed6a4ba4a4e,0,0,1,1fc422b0d2b900f330cdde4a1fdf9aab68b94203
hardneg_backpack2_71cf49798a8e.jpg,hardneg_backpack2_71cf49798a8e,hardneg_backpack2,hardneg_backpack2:a4d024c61d099ca2,0,0,1,71cf49798a8e82546abd29568a8ebd85a993570f
hardneg_backpack2_38408655b524.jpg,hardneg_backpack2_38408655b524,hardneg_backpack2,hardneg_backpack2:a4d4dc5f49d1dedf,0,0,1,38408655b5242dfee90dc7b8984ae124c15a0b94
hardneg_backpack2_d821fd172c3d.jpg,hardneg_backpack2_d821fd172c3d,hardneg_backpack2,hardneg_backpack2:a53d241a961a2e15,0,0,1,d821fd172c3d0ca6248209000c917cbd6f1a1534
hardneg_backpack2_f10c1b6215b1.jpg,hardneg_backpack2_f10c1b6215b1,hardneg_backpack2,hardneg_backpack2:a81f56c11bee4500,0,0,1,f10c1b6215b1b200744a5cbcd4fd71beef1738fa
hardneg_backpack2_5663de6fbed6.jpg,hardneg_backpack2_5663de6fbed6,hardneg_backpack2,hardneg_backpack2:a8e73bd21de2a9f6,0,0,1,5663de6fbed627a384dd036111fac24db3def6a8
hardneg_backpack2_47d80d2616e9.jpg,hardneg_backpack2_47d80d2616e9,hardneg_backpack2,hardneg_backpack2:a8e73bd21de2a9f6,0,0,1,47d80d2616e914faa88d22c92fccc813fafce6b7
hardneg_backpack2_b283608ccee3.jpg,hardneg_backpack2_b283608ccee3,hardneg_backpack2,hardneg_backpack2:a9ac5a7491029ae2,0,0,1,b283608ccee3eea2d6b3bb0f90d995dc1f858f69
hardneg_backpack2_bcdda6622bf3.jpg,hardneg_backpack2_bcdda6622bf3,hardneg_backpack2,hardneg_backpack2:a9ac5a7491029ae2,0,0,1,bcdda6622bf31fc14566a0f3d4a2b9130073b753
hardneg_backpack2_a2982f034623.jpg,hardneg_backpack2_a2982f034623,hardneg_backpack2,hardneg_backpack2:ad7488ae02c5de8c,0,0,1,a2982f0346231de1f94568a38338e331d8757ae3
hardneg_backpack2_a12e067efb1f.jpg,hardneg_backpack2_a12e067efb1f,hardneg_backpack2,hardneg_backpack2:ad7488ae02c5de8c,0,0,1,a12e067efb1f1d139def51ec15452562e3cd710f
hardneg_backpack2_cfd4df741bb5.jpg,hardneg_backpack2_cfd4df741bb5,hardneg_backpack2,hardneg_backpack2:ad7f6d7a22f3aa01,0,0,1,cfd4df741bb50ce367a0a111eb0af9674bba0140
hardneg_backpack2_4297588c9ab4.jpg,hardneg_backpack2_4297588c9ab4,hardneg_backpack2,hardneg_backpack2:addebb9b33040f58,0,0,1,4297588c9ab4722e5e0b279045187e5423312590
hardneg_backpack2_39a8ef2810ac.jpg,hardneg_backpack2_39a8ef2810ac,hardneg_backpack2,hardneg_backpack2:ae95a7158d3c2724,0,0,1,39a8ef2810ace7098e99a94414af77981f48e171
hardneg_backpack2_ea7ecec0367c.jpg,hardneg_backpack2_ea7ecec0367c,hardneg_backpack2,hardneg_backpack2:airport-tsa-agent-unattended-bag,0,0,1,ea7ecec0367cc34830b7ba2e2d2492e1df941025
hardneg_backpack2_39740d23aac3.jpg,hardneg_backpack2_39740d23aac3,hardneg_backpack2,hardneg_backpack2:an-abandoned-backpack-treated-as-a-suspicious-package-in-a-busy-public-KFECEH,0,0,1,39740d23aac3297e83ecb94d60cd53a11ef865b8
hardneg_backpack2_dc1494d00b65.jpg,hardneg_backpack2_dc1494d00b65,hardneg_backpack2,hardneg_backpack2:an-image-of-an-unattended-rucksack-backpack-case-at-an-airport-PB2NT0,0,0,1,dc1494d00b656e65f0d58f1b8bae34483aabbd8a
hardneg_backpack2_7999ed212b04.jpg,hardneg_backpack2_7999ed212b04,hardneg_backpack2,hardneg_backpack2:b0a108b9593193d0,0,0,1,7999ed212b04a6262e5a5e7b42682f27f9ab889c
hardneg_backpack2_ddb172de83e5.jpg,hardneg_backpack2_ddb172de83e5,hardneg_backpack2,hardneg_backpack2:b13050d5-853b-48c2-935d-f3b74ef8150f-c064222f5d31f57c526ef2d49d10de05_jpeg,0,0,1,ddb172de83e582c9c9a5cb7d1d9e1583ff6e9923
hardneg_backpack2_493419ddabff.jpg,hardneg_backpack2_493419ddabff,hardneg_backpack2,hardneg_backpack2:b16fdfc3271ee6d9,0,0,1,493419ddabff497cc05a4c8ebc939ba81df9b469
hardneg_backpack2_520c56ee40d6.jpg,hardneg_backpack2_520c56ee40d6,hardneg_backpack2,hardneg_backpack2:b1ce8d332e388668,0,0,1,520c56ee40d6a77ffddc80119fb36f41c314a170
hardneg_backpack2_86a9c2dc69db.jpg,hardneg_backpack2_86a9c2dc69db,hardneg_backpack2,hardneg_backpack2:b317cd3e5bc8b5db,0,0,1,86a9c2dc69db9e28e9a63a4f91123d79efe575da
hardneg_backpack2_2d9d2c8a32e4.jpg,hardneg_backpack2_2d9d2c8a32e4,hardneg_backpack2,hardneg_backpack2:b317cd3e5bc8b5db,0,0,1,2d9d2c8a32e4a6ca887f77f4b8539d480a518ed2
hardneg_backpack2_e8d433520ad3.jpg,hardneg_backpack2_e8d433520ad3,hardneg_backpack2,hardneg_backpack2:b341813136daad57,0,0,1,e8d433520ad390123d04254605587058678d01b5
hardneg_backpack2_abf95da9a3b6.jpg,hardneg_backpack2_abf95da9a3b6,hardneg_backpack2,hardneg_backpack2:b4ae48e2f770a513,0,0,1,abf95da9a3b6ef2875d8529ab6299235c27aebf8
hardneg_backpack2_c072b084f8fc.jpg,hardneg_backpack2_c072b084f8fc,hardneg_backpack2,hardneg_backpack2:b584cf73eece1fc0,0,0,1,c072b084f8fc4b47ccb498bc9024d42525d949e6
hardneg_backpack2_8d30841b1c2d.jpg,hardneg_backpack2_8d30841b1c2d,hardneg_backpack2,hardneg_backpack2:b584cf73eece1fc0,0,0,1,8d30841b1c2d6ee71742b3526514fee70c213437
hardneg_backpack2_e4d683c38e0f.jpg,hardneg_backpack2_e4d683c38e0f,hardneg_backpack2,hardneg_backpack2:b5af8a92476c0176,0,0,1,e4d683c38e0fac9598e03d78ef7f6b2523f37213
hardneg_backpack2_e8692debdeae.jpg,hardneg_backpack2_e8692debdeae,hardneg_backpack2,hardneg_backpack2:b61c7aa2550817d3,0,0,1,e8692debdeae25a9f55a407847f1ede58d84f4ce
hardneg_backpack2_983763623519.jpg,hardneg_backpack2_983763623519,hardneg_backpack2,hardneg_backpack2:b72f0bf83dd10607,0,0,1,983763623519b837b1cbf82519a58a8bd4d84c7e
hardneg_backpack2_c287bb36982f.jpg,hardneg_backpack2_c287bb36982f,hardneg_backpack2,hardneg_backpack2:b84b102ae1143193,0,0,1,c287bb36982f46a00571db9a0e81ae23455cadd5
hardneg_backpack2_41e76a342dc0.jpg,hardneg_backpack2_41e76a342dc0,hardneg_backpack2,hardneg_backpack2:b8c81a2e12abf68b,0,0,1,41e76a342dc0c1a5e4239ca83d7592e690261f5f
hardneg_backpack2_7c617aa5fde2.jpg,hardneg_backpack2_7c617aa5fde2,hardneg_backpack2,hardneg_backpack2:b8ebb9391da6dd21,0,0,1,7c617aa5fde20e32d28f68cff64aa7a5e08fd66e
hardneg_backpack2_825192ae6d74.jpg,hardneg_backpack2_825192ae6d74,hardneg_backpack2,hardneg_backpack2:ba012f2434e91f57,0,0,1,825192ae6d745d7502fc08db5c452e0bb5911b8a
hardneg_backpack2_33d5a1de689c.jpg,hardneg_backpack2_33d5a1de689c,hardneg_backpack2,hardneg_backpack2:ba046e1e3ae1fdc8,0,0,1,33d5a1de689cd138a103be1188e51c9bae1834aa
hardneg_backpack2_313455d9ce5a.jpg,hardneg_backpack2_313455d9ce5a,hardneg_backpack2,hardneg_backpack2:ba2c3b2c907c1272,0,0,1,313455d9ce5a37d5a1e92f82016e6c58e14baaf6
hardneg_backpack2_833dfcd876e9.jpg,hardneg_backpack2_833dfcd876e9,hardneg_backpack2,hardneg_backpack2:ba461f0fc3aca388,0,0,1,833dfcd876e9b38c41338beba52b12193fe08ed5
hardneg_backpack2_da7a2de79692.jpg,hardneg_backpack2_da7a2de79692,hardneg_backpack2,hardneg_backpack2:back-view1,0,0,1,da7a2de796928b2976ef4ef50901bef70b836f7c
hardneg_backpack2_16f78b6902d4.jpg,hardneg_backpack2_16f78b6902d4,hardneg_backpack2,hardneg_backpack2:backpack-rucksack-on-the-ground-DY4T2E,0,0,1,16f78b6902d4aac22f4b13f555c9881839fc9570
hardneg_backpack2_b54fd6526d92.jpg,hardneg_backpack2_b54fd6526d92,hardneg_backpack2,hardneg_backpack2:bb05b595998ddbfc,0,0,1,b54fd6526d92b5cec5fae51c14232543ce2e3980
hardneg_backpack2_bc03b9f28b34.jpg,hardneg_backpack2_bc03b9f28b34,hardneg_backpack2,hardneg_backpack2:bb05b595998ddbfc,0,0,1,bc03b9f28b34373cb8b31df36c0054212a4ab321
hardneg_backpack2_473a76babec9.jpg,hardneg_backpack2_473a76babec9,hardneg_backpack2,hardneg_backpack2:bba6d091d2b558f6,0,0,1,473a76babec93153fa8b6f780e606d3d22451fc5
hardneg_backpack2_638411b58a99.jpg,hardneg_backpack2_638411b58a99,hardneg_backpack2,hardneg_backpack2:bbca193e7daef9aa,0,0,1,638411b58a99528a807c970610345d870259f960
hardneg_backpack2_13c3ff647441.jpg,hardneg_backpack2_13c3ff647441,hardneg_backpack2,hardneg_backpack2:bbca193e7daef9aa,0,0,1,13c3ff647441ef7cbc876cef9e08a05152341718
hardneg_backpack2_58570987b396.jpg,hardneg_backpack2_58570987b396,hardneg_backpack2,hardneg_backpack2:bc9b8eff2f30aa90,0,0,1,58570987b3961fefd2aabc890cba28252c049670
hardneg_backpack2_a41198761330.jpg,hardneg_backpack2_a41198761330,hardneg_backpack2,hardneg_backpack2:best-waterproof-backpacks,0,0,1,a41198761330dc4ccc7c3c5925253c547e995922
hardneg_backpack2_7ccdf25986a1.jpg,hardneg_backpack2_7ccdf25986a1,hardneg_backpack2,hardneg_backpack2:brand-sup-17ss-tonal-43th-backpack-backpack,0,0,1,7ccdf25986a1b03993004da095c59ad7e1549df5
hardneg_backpack2_366285c9f6ed.jpg,hardneg_backpack2_366285c9f6ed,hardneg_backpack2,hardneg_backpack2:c052b2ff3c91fc7b,0,0,1,366285c9f6ed5379a7cb061b3c56a042b14d0046
hardneg_backpack2_ce91aa1f4c43.jpg,hardneg_backpack2_ce91aa1f4c43,hardneg_backpack2,hardneg_backpack2:c07956069_png,0,0,1,ce91aa1f4c43a11183760fa3a54cfe71a1f6d378
hardneg_backpack2_5114db30dad0.jpg,hardneg_backpack2_5114db30dad0,hardneg_backpack2,hardneg_backpack2:c24ed6b4918513b8,0,0,1,5114db30dad04dee7281ca96d69612058be29865
hardneg_backpack2_0a20052f211a.jpg,hardneg_backpack2_0a20052f211a,hardneg_backpack2,hardneg_backpack2:c37fa1952ad04e2b,0,0,1,0a20052f211ae004404abd64924188fb71f28010
hardneg_backpack2_0e066d390619.jpg,hardneg_backpack2_0e066d390619,hardneg_backpack2,hardneg_backpack2:c4bcac7288daca58,0,0,1,0e066d390619d2094115bff6c983f5c4eecc8c30
hardneg_backpack2_e62f7ddafddf.jpg,hardneg_backpack2_e62f7ddafddf,hardneg_backpack2,hardneg_backpack2:c546bd395689d0b0,0,0,1,e62f7ddafddfb616d60079d2459c01d2c16973d3
hardneg_backpack2_d89a6baf54ec.jpg,hardneg_backpack2_d89a6baf54ec,hardneg_backpack2,hardneg_backpack2:c65f3668a8192af2,0,0,1,d89a6baf54ec1931d55ec200d1d5b24a9f403ade
hardneg_backpack2_12c5751e2a4a.jpg,hardneg_backpack2_12c5751e2a4a,hardneg_backpack2,hardneg_backpack2:c77bdf674942d607,0,0,1,12c5751e2a4ad3a91c028a4577bcda08721a0570
hardneg_backpack2_85769c1f6452.jpg,hardneg_backpack2_85769c1f6452,hardneg_backpack2,hardneg_backpack2:c895648eed3deee1,0,0,1,85769c1f64523ef403b65f4ba9ceb14aac2ff4f8
hardneg_backpack2_6194f913d754.jpg,hardneg_backpack2_6194f913d754,hardneg_backpack2,hardneg_backpack2:c895648eed3deee1,0,0,1,6194f913d754b1b0f9e4f230a901c2441f62936d
hardneg_backpack2_1eba99917ee4.jpg,hardneg_backpack2_1eba99917ee4,hardneg_backpack2,hardneg_backpack2:c8_42_Arbona_DenverAwareness,0,0,1,1eba99917ee4427a7b37e5c4c508f0601594164c
hardneg_backpack2_a766dd22742e.jpg,hardneg_backpack2_a766dd22742e,hardneg_backpack2,hardneg_backpack2:c971d767b701480f,0,0,1,a766dd22742e94a5993eb90845e8881018f3df21
hardneg_backpack2_f5df30ad2e2e.jpg,hardneg_backpack2_f5df30ad2e2e,hardneg_backpack2,hardneg_backpack2:c99da65db844338e,0,0,1,f5df30ad2e2e8d5dff6dd8303901c1235510ee8c
hardneg_backpack2_dad8335be12c.jpg,hardneg_backpack2_dad8335be12c,hardneg_backpack2,hardneg_backpack2:c99da65db844338e,0,0,1,dad8335be12cc6aaa28dc93490b78f71b700de2f
hardneg_backpack2_371a0066747b.jpg,hardneg_backpack2_371a0066747b,hardneg_backpack2,hardneg_backpack2:c9ae253ecf634564,0,0,1,371a0066747ba2d57aa5271f750c45ca43ed9a1a
hardneg_backpack2_4ad665147e57.jpg,hardneg_backpack2_4ad665147e57,hardneg_backpack2,hardneg_backpack2:caa4661b372817c8,0,0,1,4ad665147e571646bf0718c0b011d53870a86265
hardneg_backpack2_3cbdfa0d4e5d.jpg,hardneg_backpack2_3cbdfa0d4e5d,hardneg_backpack2,hardneg_backpack2:carrier-for-backpack_png,0,0,1,3cbdfa0d4e5d592a3db87d219a8add86a95cf0d0
hardneg_backpack2_82ba0fa7373e.jpg,hardneg_backpack2_82ba0fa7373e,hardneg_backpack2,hardneg_backpack2:cb8a745e7a0d0f67,0,0,1,82ba0fa7373e0468873baa1ba5d9fc73534e82dd
hardneg_backpack2_be61e8d25827.jpg,hardneg_backpack2_be61e8d25827,hardneg_backpack2,hardneg_backpack2:cd6e3ff937b76e87,0,0,1,be61e8d25827e17b8f037f5beec91976be7cfadf
hardneg_backpack2_09f182be3532.jpg,hardneg_backpack2_09f182be3532,hardneg_backpack2,hardneg_backpack2:ce26a2c063c537c8,0,0,1,09f182be35328da1ff23b7ba5bd81110e1a31360
hardneg_backpack2_010ad1fe8b08.jpg,hardneg_backpack2_010ad1fe8b08,hardneg_backpack2,hardneg_backpack2:ce90f07590fc1be2,0,0,1,010ad1fe8b0874d339cf9a409e0ebc5d04c26738
hardneg_backpack2_6f6e2ddac418.jpg,hardneg_backpack2_6f6e2ddac418,hardneg_backpack2,hardneg_backpack2:ced50f07a41589d3,0,0,1,6f6e2ddac418dd7e06c9576855384ce901e906f0
hardneg_backpack2_6b8a865ded79.jpg,hardneg_backpack2_6b8a865ded79,hardneg_backpack2,hardneg_backpack2:ceee95042efbd3ae,0,0,1,6b8a865ded796227960dd8865a6f13abbb2f07e5
hardneg_backpack2_00bf8057c6ea.jpg,hardneg_backpack2_00bf8057c6ea,hardneg_backpack2,hardneg_backpack2:cf6f6f415ff4d91c,0,0,1,00bf8057c6ea11f6d6f8db75d1a723e6461aba82
hardneg_backpack2_d28b77d9abe7.jpg,hardneg_backpack2_d28b77d9abe7,hardneg_backpack2,hardneg_backpack2:cg1-Micah-mhF4QPHKAK9zzkCXCkCSnp9_png,0,0,1,d28b77d9abe7e8af5bcfd34eee7c37195b15fc0a
hardneg_backpack2_b31c453bd277.jpg,hardneg_backpack2_b31c453bd277,hardneg_backpack2,hardneg_backpack2:couple-walking-in-crowd-in-park-2J7K0C5,0,0,1,b31c453bd2772649cc95fcccbf785a67f83d41af
hardneg_backpack2_f59fdb70f354.jpg,hardneg_backpack2_f59fdb70f354,hardneg_backpack2,hardneg_backpack2:crowd-commuting-people-new-york-132178341_prevstill_jpeg,0,0,1,f59fdb70f3540ccba11857b69b5455e0d46bf59b
hardneg_backpack2_4f8a9819c87c.jpg,hardneg_backpack2_4f8a9819c87c,hardneg_backpack2,hardneg_backpack2:crowd-people-walking-and-shopping-footage-124641845_prevstill_jpeg,0,0,1,4f8a9819c87c63b2e8850441158c635e1a83446e
hardneg_backpack2_32c336cc8076.jpg,hardneg_backpack2_32c336cc8076,hardneg_backpack2,hardneg_backpack2:crowd-people-walking-times-square-011339481_prevstill_jpeg,0,0,1,32c336cc8076c838724eed57aa2cfef0191c80db
hardneg_backpack2_bccd066d04b1.jpg,hardneg_backpack2_bccd066d04b1,hardneg_backpack2,hardneg_backpack2:d089205d09168bf6,0,0,1,bccd066d04b1cde9449cdd4678cbd5fa2506bb6b
hardneg_backpack2_1f313ca5fa03.jpg,hardneg_backpack2_1f313ca5fa03,hardneg_backpack2,hardneg_backpack2:d1d10e04f383141b,0,0,1,1f313ca5fa03dfd34b28e3e49969a02ae3c37e17
hardneg_backpack2_c3902e713f6d.jpg,hardneg_backpack2_c3902e713f6d,hardneg_backpack2,hardneg_backpack2:d55f77e18bf29037,0,0,1,c3902e713f6d5e6b75bde42690d75fb752edd56b
hardneg_backpack2_2d9fe24188de.jpg,hardneg_backpack2_2d9fe24188de,hardneg_backpack2,hardneg_backpack2:d69fb21c6f35f180,0,0,1,2d9fe24188dec877ad203a278630e102a39c7428
hardneg_backpack2_c23f78828f0a.jpg,hardneg_backpack2_c23f78828f0a,hardneg_backpack2,hardneg_backpack2:d730a554356a34e4,0,0,1,c23f78828f0a9dacea99cbef3a4442fc0a7103fd
hardneg_backpack2_3a0dbd220f45.jpg,hardneg_backpack2_3a0dbd220f45,hardneg_backpack2,hardneg_backpack2:d8fac7d848cec725,0,0,1,3a0dbd220f45e7e16f66b5c28b52e27d70c4e31f
hardneg_backpack2_31cb30bff25a.jpg,hardneg_backpack2_31cb30bff25a,hardneg_backpack2,hardneg_backpack2:d8fac7d848cec725,0,0,1,31cb30bff25a376831588b9df42968d780f432d4
hardneg_backpack2_7c51591e17f8.jpg,hardneg_backpack2_7c51591e17f8,hardneg_backpack2,hardneg_backpack2:d9ba3f7003d5930f,0,0,1,7c51591e17f85cf10f2165f91047e01a8e6fa7db
hardneg_backpack2_60f6bcfe3b58.jpg,hardneg_backpack2_60f6bcfe3b58,hardneg_backpack2,hardneg_backpack2:da6040b1b2698a67,0,0,1,60f6bcfe3b5893bf3e35dd4aa55d041973627fe8
hardneg_backpack2_817f2c055d95.jpg,hardneg_backpack2_817f2c055d95,hardneg_backpack2,hardneg_backpack2:da6040b1b2698a67,0,0,1,817f2c055d95696e9891dde052cb0836443c01fc
hardneg_backpack2_84c62631266e.jpg,hardneg_backpack2_84c62631266e,hardneg_backpack2,hardneg_backpack2:da66db7afc4864f8,0,0,1,84c62631266e2685e75580eafc344e3ce927eee6
hardneg_backpack2_17f036b6f858.jpg,hardneg_backpack2_17f036b6f858,hardneg_backpack2,hardneg_backpack2:dbb84cfc7e90ff91,0,0,1,17f036b6f8581a33123059248f632982bbfe5600
hardneg_backpack2_e6ed4eddc339.jpg,hardneg_backpack2_e6ed4eddc339,hardneg_backpack2,hardneg_backpack2:dc49fe615fe29c27,0,0,1,e6ed4eddc339fb71018406ae2d43eb098122ba7f
hardneg_backpack2_4b29d272236c.jpg,hardneg_backpack2_4b29d272236c,hardneg_backpack2,hardneg_backpack2:dd3e4c2a2d85a6f3,0,0,1,4b29d272236ce3f7da149fb14c40e728e535540c
hardneg_backpack2_e170b5fdf406.jpg,hardneg_backpack2_e170b5fdf406,hardneg_backpack2,hardneg_backpack2:dd508b63d6edb4b9,0,0,1,e170b5fdf406c629b4cd8156495ef27d7252d380
hardneg_backpack2_3e1085d74eaf.jpg,hardneg_backpack2_3e1085d74eaf,hardneg_backpack2,hardneg_backpack2:depositphotos_102879936-stock-photo-student-with-backpack-in-airport,0,0,1,3e1085d74eafcf80cc9d4555aca1d91a8d18c1fc
hardneg_backpack2_9992f83945c6.jpg,hardneg_backpack2_9992f83945c6,hardneg_backpack2,hardneg_backpack2:depositphotos_97136154-stock-photo-street-in-paris-france,0,0,1,9992f83945c68b5ecda170957998b9f7ef41a608
hardneg_backpack2_c63a763f344b.jpg,hardneg_backpack2_c63a763f344b,hardneg_backpack2,hardneg_backpack2:designer-backpacks-insert-burberry,0,0,1,c63a763f344b2f448e82ed61d8e1b2d0901fcaab
hardneg_backpack2_862de4c74c3b.jpg,hardneg_backpack2_862de4c74c3b,hardneg_backpack2,hardneg_backpack2:designer-backpacks-nm,0,0,1,862de4c74c3b626c0cdd877132a3b5d56a72c89f
hardneg_backpack2_2a7432ca06d8.jpg,hardneg_backpack2_2a7432ca06d8,hardneg_backpack2,hardneg_backpack2:designer-backpacks_r9R0jlu,0,0,1,2a7432ca06d8a550948a7d73dc614c3125593ce0
hardneg_backpack2_3e7303d8453b.jpg,hardneg_backpack2_3e7303d8453b,hardneg_backpack2,hardneg_backpack2:e032b6334e7d3755,0,0,1,3e7303d8453bf5cb237ad3c692ddff052b38e0da
hardneg_backpack2_d2575233d597.jpg,hardneg_backpack2_d2575233d597,hardneg_backpack2,hardneg_backpack2:e044db5cde614455,0,0,1,d2575233d597115d2fc3984a925fd91e0f38ca55
hardneg_backpack2_73b017e2971d.jpg,hardneg_backpack2_73b017e2971d,hardneg_backpack2,hardneg_backpack2:e38c4a79e674be1b,0,0,1,73b017e2971d1386d2607e016a4fcb700353f1a2
hardneg_backpack2_b74251200c22.jpg,hardneg_backpack2_b74251200c22,hardneg_backpack2,hardneg_backpack2:e5fde2a36bd60b44,0,0,1,b74251200c22894e1ea1bcd8f22e9db847a24b6b
hardneg_backpack2_b81ce12364a5.jpg,hardneg_backpack2_b81ce12364a5,hardneg_backpack2,hardneg_backpack2:e6b2d348ad9ad536,0,0,1,b81ce12364a56231524207c07cb32a6725a61612
hardneg_backpack2_cb945ed43ec4.jpg,hardneg_backpack2_cb945ed43ec4,hardneg_backpack2,hardneg_backpack2:e6bf103d19b88708,0,0,1,cb945ed43ec498b04235c65c766e47259038e517
hardneg_backpack2_fe50b9255b09.jpg,hardneg_backpack2_fe50b9255b09,hardneg_backpack2,hardneg_backpack2:e79ee37540a48a89,0,0,1,fe50b9255b09583f09a5824b026a0ef7867f1ca0
hardneg_backpack2_f6f9586859b1.jpg,hardneg_backpack2_f6f9586859b1,hardneg_backpack2,hardneg_backpack2:e7e19cbb22d5728b,0,0,1,f6f9586859b11bf08eadf3f02b446e93cf476dc1
hardneg_backpack2_eec731b00794.jpg,hardneg_backpack2_eec731b00794,hardneg_backpack2,hardneg_backpack2:e8ce409d73286c47,0,0,1,eec731b00794c5b30a306895734b05233144dd3f
hardneg_backpack2_cac87ee3ba40.jpg,hardneg_backpack2_cac87ee3ba40,hardneg_backpack2,hardneg_backpack2:e8ce409d73286c47,0,0,1,cac87ee3ba40d01107531d65dad2bdfa051cd509
hardneg_backpack2_498370e906c6.jpg,hardneg_backpack2_498370e906c6,hardneg_backpack2,hardneg_backpack2:e90c1a3c2308157b,0,0,1,498370e906c642a0ead6bf9214c90665819613a2
hardneg_backpack2_8276dd86115c.jpg,hardneg_backpack2_8276dd86115c,hardneg_backpack2,hardneg_backpack2:e90c1a3c2308157b,0,0,1,8276dd86115c03b909ba5bb95db456b00b39205d
hardneg_backpack2_d70f1a79543b.jpg,hardneg_backpack2_d70f1a79543b,hardneg_backpack2,hardneg_backpack2:easton,0,0,1,d70f1a79543b216b8ab7ac4b3f37c2f474f860dc
hardneg_backpack2_2a11b602db1a.jpg,hardneg_backpack2_2a11b602db1a,hardneg_backpack2,hardneg_backpack2:ebcb8e13f41b4845,0,0,1,2a11b602db1a81a5ca976f385ff561b27698ec19
hardneg_backpack2_23a27e25c4d7.jpg,hardneg_backpack2_23a27e25c4d7,hardneg_backpack2,hardneg_backpack2:ee30729e22f1ed16,0,0,1,23a27e25c4d7809e07a7668b341db0cfad41070f
hardneg_backpack2_ff84688e2380.jpg,hardneg_backpack2_ff84688e2380,hardneg_backpack2,hardneg_backpack2:ee79917e912566c2,0,0,1,ff84688e23802ac7d1de92327ae3d6c149682f8f
hardneg_backpack2_1aa1d80eecb1.jpg,hardneg_backpack2_1aa1d80eecb1,hardneg_backpack2,hardneg_backpack2:ee79917e912566c2,0,0,1,1aa1d80eecb15b25317b9bfe739c2b45a0956154
hardneg_backpack2_420cd346413a.jpg,hardneg_backpack2_420cd346413a,hardneg_backpack2,hardneg_backpack2:f19a39c9705794cd,0,0,1,420cd346413a16977842f3d77d297e64df864a74
hardneg_backpack2_e83f22a61ad1.jpg,hardneg_backpack2_e83f22a61ad1,hardneg_backpack2,hardneg_backpack2:f19ac2db99215864,0,0,1,e83f22a61ad1a18b20b9a5ffcfad0ff67280540f
hardneg_backpack2_85189d1eb640.jpg,hardneg_backpack2_85189d1eb640,hardneg_backpack2,hardneg_backpack2:f1a84a906d5984cd,0,0,1,85189d1eb6400b99742ac0df7cab2fa614918a47
hardneg_backpack2_8757351785e5.jpg,hardneg_backpack2_8757351785e5,hardneg_backpack2,hardneg_backpack2:f1b620612f99329d,0,0,1,8757351785e58ec37fc8b31f9f5ebffea662f84f
hardneg_backpack2_1f6302cf4e13.jpg,hardneg_backpack2_1f6302cf4e13,hardneg_backpack2,hardneg_backpack2:f4055b674f5136c2,0,0,1,1f6302cf4e13b8b8dbb043007fa1414784bd365e
hardneg_backpack2_b11735e9e40a.jpg,hardneg_backpack2_b11735e9e40a,hardneg_backpack2,hardneg_backpack2:f4ca5e200f6616b5,0,0,1,b11735e9e40a264f64f0533353f05857305f734a
hardneg_backpack2_ffc3d450e070.jpg,hardneg_backpack2_ffc3d450e070,hardneg_backpack2,hardneg_backpack2:f5d4998b43af5c43,0,0,1,ffc3d450e0703ed89755304dafbea23294c14860
hardneg_backpack2_dc34c9a873fd.jpg,hardneg_backpack2_dc34c9a873fd,hardneg_backpack2,hardneg_backpack2:f7a9326eb7efe2a4,0,0,1,dc34c9a873fd110f81abbf12d4e0269b6040c185
hardneg_backpack2_98d20f5a37c6.jpg,hardneg_backpack2_98d20f5a37c6,hardneg_backpack2,hardneg_backpack2:f7b2b6b64df5d9faabcd4d3780c631d9,0,0,1,98d20f5a37c6007c49b31f703e375f513b663187
hardneg_backpack2_f2878375a11a.jpg,hardneg_backpack2_f2878375a11a,hardneg_backpack2,hardneg_backpack2:f87e20d77ae425c9,0,0,1,f2878375a11a565c98eeea055e2b1ba61d2daff3
hardneg_backpack2_ff85c09f54d4.jpg,hardneg_backpack2_ff85c09f54d4,hardneg_backpack2,hardneg_backpack2:f94c19ddc965c5a6,0,0,1,ff85c09f54d43f75f329c5e5804a1fe7b7dbed77
hardneg_backpack2_22b2eb031792.jpg,hardneg_backpack2_22b2eb031792,hardneg_backpack2,hardneg_backpack2:fa9096c53a5814ed,0,0,1,22b2eb03179269b702a375370a20dcd53e622cb9
hardneg_backpack2_8443e07ce638.jpg,hardneg_backpack2_8443e07ce638,hardneg_backpack2,hardneg_backpack2:fa96b24ad6efe9c4,0,0,1,8443e07ce63889f5b4ffe7358dd2edd9fc005908
hardneg_backpack2_349f986d8e04.jpg,hardneg_backpack2_349f986d8e04,hardneg_backpack2,hardneg_backpack2:fb4151315b0ca9bd,0,0,1,349f986d8e04f41b1bdde8ef53c01738cde9bfb7
hardneg_backpack2_16e331b4cc90.jpg,hardneg_backpack2_16e331b4cc90,hardneg_backpack2,hardneg_backpack2:fb4151315b0ca9bd,0,0,1,16e331b4cc90e338c983d720e5f8e39a354813ce
hardneg_backpack2_9e793f863ada.jpg,hardneg_backpack2_9e793f863ada,hardneg_backpack2,hardneg_backpack2:fbe1c6d582c61867,0,0,1,9e793f863ada715d2ea15275fc26fe0fa8b658b6
hardneg_backpack2_76dcf2490b62.jpg,hardneg_backpack2_76dcf2490b62,hardneg_backpack2,hardneg_backpack2:fd5a6147a12f23ee,0,0,1,76dcf2490b62681cba18f06a8c344ff755cf13f9
hardneg_backpack2_0df8c4321b20.jpg,hardneg_backpack2_0df8c4321b20,hardneg_backpack2,hardneg_backpack2:fd5a6147a12f23ee,0,0,1,0df8c4321b2059ebda316d60544860e23e31f22a
hardneg_backpack2_091ca242e3e1.jpg,hardneg_backpack2_091ca242e3e1,hardneg_backpack2,hardneg_backpack2:fe1e7cbe8196c838,0,0,1,091ca242e3e19813a93e3ec6bed9c970ff991240
hardneg_backpack2_6316deec1fb1.jpg,hardneg_backpack2_6316deec1fb1,hardneg_backpack2,hardneg_backpack2:fe1e7cbe8196c838,0,0,1,6316deec1fb154680a8e81579b2478986e7c5912
hardneg_backpack2_ee89ed4ce4c3.jpg,hardneg_backpack2_ee89ed4ce4c3,hardneg_backpack2,hardneg_backpack2:feade2dc1212ce34,0,0,1,ee89ed4ce4c301bf797297c8aa9e54b82f1b3648
hardneg_backpack2_351c5c24964a.jpg,hardneg_backpack2_351c5c24964a,hardneg_backpack2,hardneg_backpack2:ff7227b8334fd1ae,0,0,1,351c5c24964a812f57108239a76142eda8514532
hardneg_backpack2_52be316b4ef3.jpg,hardneg_backpack2_52be316b4ef3,hardneg_backpack2,hardneg_backpack2:ffbac20faafc0233,0,0,1,52be316b4ef3cd044441c9b2e7b8429e1b609ba3
hardneg_backpack2_2b8990e59717.jpg,hardneg_backpack2_2b8990e59717,hardneg_backpack2,hardneg_backpack2:fff2ff49de7f8c4b,0,0,1,2b8990e59717aff4c45fcbee378f4d1e54673249
hardneg_backpack2_e0e4bf981db0.jpg,hardneg_backpack2_e0e4bf981db0,hardneg_backpack2,hardneg_backpack2:focused_171147530-stock-photo-man-walking-with-backpack,0,0,1,e0e4bf981db096c70cfaf127cf53ad0e54556e73
hardneg_backpack2_9e2ca4325639.jpg,hardneg_backpack2_9e2ca4325639,hardneg_backpack2,hardneg_backpack2:focused_354122310-stock-photo-back-view-man-backpack-walking,0,0,1,9e2ca4325639d8d529fd7c624e9b10ba4c42c0d5
hardneg_backpack2_e37c28387583.jpg,hardneg_backpack2_e37c28387583,hardneg_backpack2,hardneg_backpack2:galway-ireland-crowd-people-waiting-boarding-train-platform-train-station-tourists-backpacks-galway-ireland-257787564,0,0,1,e37c283875830f4d4b72cbf76587c5b0765fc313
hardneg_backpack2_c69dc42299e1.jpg,hardneg_backpack2_c69dc42299e1,hardneg_backpack2,hardneg_backpack2:gettyimages-1351664766-edit_custom-b543a52da3dc591779692102ccc86d41e6cd43e3,0,0,1,c69dc42299e1719c1a9f4d4020c11e85df2f5e32
hardneg_backpack2_bcfb1f567e83.jpg,hardneg_backpack2_bcfb1f567e83,hardneg_backpack2,hardneg_backpack2:gettyimages-166811845-594x594,0,0,1,bcfb1f567e839be034ec43afb20ef0db62acb1db
hardneg_backpack2_26e293bd72de.jpg,hardneg_backpack2_26e293bd72de,hardneg_backpack2,hardneg_backpack2:gettyimages-171113868-612x612,0,0,1,26e293bd72def87b410235467b4d5a070429749f
hardneg_backpack2_af9eefa10048.jpg,hardneg_backpack2_af9eefa10048,hardneg_backpack2,hardneg_backpack2:gettyimages-682476365-612x612,0,0,1,af9eefa10048f041a9d19a95f38ed556980474fd
hardneg_backpack2_671b19058c3b.jpg,hardneg_backpack2_671b19058c3b,hardneg_backpack2,hardneg_backpack2:group-of-elderly-people-with-backpacks-walking-along-a-narrow-pavement-in-the-uk-MN7DCK,0,0,1,671b19058c3b1bf752f533d0f57d320fc4a2eb46
hardneg_backpack2_188940f70741.jpg,hardneg_backpack2_188940f70741,hardneg_backpack2,hardneg_backpack2:hallcamjan14,0,0,1,188940f70741f8ba337e729f5bb2605966dd3389
hardneg_backpack2_f5e9bd0a72fb.jpg,hardneg_backpack2_f5e9bd0a72fb,hardneg_backpack2,hardneg_backpack2:hallway-copy1-900x487,0,0,1,f5e9bd0a72fbfac0c982f3e0d2f42b50192b7d0f
hardneg_backpack2_9c1201351944.jpg,hardneg_backpack2_9c1201351944,hardneg_backpack2,hardneg_backpack2:hazard-4-grayman-patrol-tactical-backpack,0,0,1,9c120135194422dae041de31986680807b06f40e
hardneg_backpack2_bf451a052522.jpg,hardneg_backpack2_bf451a052522,hardneg_backpack2,hardneg_backpack2:hemp-gamer-bag-2,0,0,1,bf451a052522052f8db3c8f2ce389202509b69d5
hardneg_backpack2_3a210a2204aa.jpg,hardneg_backpack2_3a210a2204aa,hardneg_backpack2,hardneg_backpack2:herschel-supply-co-brown-deerfield-backpack-product-1-22705827-1-823167377-normal_jpeg,0,0,1,3a210a2204aa2c018ad3569da797fd23d39832ad
hardneg_backpack2_78c84b3b77fa.jpg,hardneg_backpack2_78c84b3b77fa,hardneg_backpack2,hardneg_backpack2:https-bae-hypebeast-com-files-2018-09-designer-back-to-school-backpacks-totes-3,0,0,1,78c84b3b77fa520612a07763d6d681fd9448595e
hardneg_backpack2_01ec1ce9d36a.jpg,hardneg_backpack2_01ec1ce9d36a,hardneg_backpack2,hardneg_backpack2:image,0,0,1,01ec1ce9d36a0ad188de5da91ccf6b5ce59d842d
hardneg_backpack2_ee1e5065cec2.jpg,hardneg_backpack2_ee1e5065cec2,hardneg_backpack2,hardneg_backpack2:images_jpeg,0,0,1,ee1e5065cec20bab25d4e1e56769527904afd98c
hardneg_backpack2_403a441d7f4c.jpg,hardneg_backpack2_403a441d7f4c,hardneg_backpack2,hardneg_backpack2:istockphoto-1061007636-612x612,0,0,1,403a441d7f4ccd231b055d5eae1c892d4b612ae2
hardneg_backpack2_19fbd866f843.jpg,hardneg_backpack2_19fbd866f843,hardneg_backpack2,hardneg_backpack2:istockphoto-1074966554-612x612,0,0,1,19fbd866f8438f061a872531f95b7a9d79e98300
hardneg_backpack2_4a89be8da8bb.jpg,hardneg_backpack2_4a89be8da8bb,hardneg_backpack2,hardneg_backpack2:istockphoto-1187709935-612x612,0,0,1,4a89be8da8bb32757945ea81e3eba0681ad185fb
hardneg_backpack2_0f14e82638f4.jpg,hardneg_backpack2_0f14e82638f4,hardneg_backpack2,hardneg_backpack2:istockphoto-483744940-612x612,0,0,1,0f14e82638f426952e483b7a2e8b45aae7f927c3
hardneg_backpack2_a6be00474c44.jpg,hardneg_backpack2_a6be00474c44,hardneg_backpack2,hardneg_backpack2:kriega-trail-18-main-orange,0,0,1,a6be00474c44ca95be6ef4d7d8480bbc311803a8
hardneg_backpack2_b768cbed5c4c.jpg,hardneg_backpack2_b768cbed5c4c,hardneg_backpack2,hardneg_backpack2:louis-vuitton-palm-springs-backpack-mini-monogram-canvas-handbags-m41562_pm2_front-view,0,0,1,b768cbed5c4c62b3619d0d1f081b9fb1d5860eca
hardneg_backpack2_5e86728d87c4.jpg,hardneg_backpack2_5e86728d87c4,hardneg_backpack2,hardneg_backpack2:louis-vuitton-racer-backpack-other-leathers-bags-M20664_PM2_Front-view,0,0,1,5e86728d87c48dd6c3e0ff016b0b3a3cf38cc12d
hardneg_backpack2_6642b7ebc332.jpg,hardneg_backpack2_6642b7ebc332,hardneg_backpack2,hardneg_backpack2:luggage_in_airport-e1583792731541,0,0,1,6642b7ebc332e764b6556516ce06fb269d4ab7b4
hardneg_backpack2_cbc5e50abaac.jpg,hardneg_backpack2_cbc5e50abaac,hardneg_backpack2,hardneg_backpack2:mabklcsk_billabong-p_nvy_frt1,0,0,1,cbc5e50abaaca09518f47c566de47b832a171cff
hardneg_backpack2_247f13778bd7.jpg,hardneg_backpack2_247f13778bd7,hardneg_backpack2,hardneg_backpack2:maxresdefault,0,0,1,247f13778bd7deadab4c250d1e0bc70af1d47ec6
hardneg_backpack2_cff3a047aa3e.jpg,hardneg_backpack2_cff3a047aa3e,hardneg_backpack2,hardneg_backpack2:metro-backpack-deluxe-rouge-lacquer-mz-wallace-edited,0,0,1,cff3a047aa3e9c1c482784037ed5b7f54714b9f0
hardneg_backpack2_45e8d2befc06.jpg,hardneg_backpack2_45e8d2befc06,hardneg_backpack2,hardneg_backpack2:moshi_99mo087004_helios_mini_designer_backpack_1507601,0,0,1,45e8d2befc06296dd56beed00de23c3729f89003
hardneg_backpack2_8f399333804f.jpg,hardneg_backpack2_8f399333804f,hardneg_backpack2,hardneg_backpack2:ngSF879,0,0,1,8f399333804f13481add5204741ea1da01cab61c
hardneg_backpack2_ee713554a56d.jpg,hardneg_backpack2_ee713554a56d,hardneg_backpack2,hardneg_backpack2:ogio-backpack-2022-convoy-630_20498___1_png,0,0,1,ee713554a56d73b040344416039799aaac472f78
hardneg_backpack2_d8087739d7f3.jpg,hardneg_backpack2_d8087739d7f3,hardneg_backpack2,hardneg_backpack2:pacsafe-2,0,0,1,d8087739d7f3ec0ba9188e7daa9caf0073106b99
hardneg_backpack2_d92edc7d9b8b.jpg,hardneg_backpack2_d92edc7d9b8b,hardneg_backpack2,hardneg_backpack2:people_holiday_makers_man_woman_children_leisure_holiday_travel-1052282-jpg-s2_jpeg,0,0,1,d92edc7d9b8bce099d460083d9e78f3301bd4664
hardneg_backpack2_32887fd68f6e.jpg,hardneg_backpack2_32887fd68f6e,hardneg_backpack2,hardneg_backpack2:pexels-alvaro-matzumura-2414530,0,0,1,32887fd68f6e66b74ea4f36f75b7979dd7d85f1b
hardneg_backpack2_852aa4ce71c2.jpg,hardneg_backpack2_852aa4ce71c2,hardneg_backpack2,hardneg_backpack2:pl-dtn-nl-1919,0,0,1,852aa4ce71c23cf132f6a92991c2ecf4e96b0754
hardneg_backpack2_1db5efd2ea3f.jpg,hardneg_backpack2_1db5efd2ea3f,hardneg_backpack2,hardneg_backpack2:pl-rid-cd-11_1_jpeg,0,0,1,1db5efd2ea3f97ac29dc0ba440501b0455749932
hardneg_backpack2_427b644c1f0b.jpg,hardneg_backpack2_427b644c1f0b,hardneg_backpack2,hardneg_backpack2:prffk0,0,0,1,427b644c1f0b3c39e8fb601bb866b8a460919618
hardneg_backpack2_9cdf08728793.jpg,hardneg_backpack2_9cdf08728793,hardneg_backpack2,hardneg_backpack2:puma-patch-backpack,0,0,1,9cdf08728793b4134cc6ec99a807ee3c7e51bd80
hardneg_backpack2_68e82e9a03a9.jpg,hardneg_backpack2_68e82e9a03a9,hardneg_backpack2,hardneg_backpack2:razer-scout-backpack-OGimage-1200x630-2,0,0,1,68e82e9a03a9076345da247b3ca6cab6595ca034
hardneg_backpack2_afe5f4b6e404.jpg,hardneg_backpack2_afe5f4b6e404,hardneg_backpack2,hardneg_backpack2:santiago-chile-september-crowd-people-walking-streets-downtown-city-area-consists-very-busy-where-thousand-walks-126480300,0,0,1,afe5f4b6e40498e2fbe123785b21786294ce3a1e
hardneg_backpack2_ca2e069fcf4d.jpg,hardneg_backpack2_ca2e069fcf4d,hardneg_backpack2,hardneg_backpack2:sclov302871ee3e_1662746771463_2-0-_QL90_UX254_,0,0,1,ca2e069fcf4d05fd937f582a9b724e2cf4157f81
hardneg_backpack2_342d16954a0f.jpg,hardneg_backpack2_342d16954a0f,hardneg_backpack2,hardneg_backpack2:shaf01qal8541,0,0,1,342d16954a0f992dc08d2282f87d3f56069c4293
hardneg_backpack2_7ab783b023a9.jpg,hardneg_backpack2_7ab783b023a9,hardneg_backpack2,hardneg_backpack2:single-backpack-airport-single-backpack-airport-poisoned-blue-backpack-floor-forgotten-luggage-lost-hand-114860938,0,0,1,7ab783b023a97b1739542b35244d6a018cb5358f
hardneg_backpack2_c6108d4a1349.jpg,hardneg_backpack2_c6108d4a1349,hardneg_backpack2,hardneg_backpack2:smiling-mature-man-with-a-backpack-walking-up-stairs-in-the-city-GIOF04939,0,0,1,c6108d4a1349b5763fd1e8f23e14ef88234ac1d9
hardneg_backpack2_927e19469569.jpg,hardneg_backpack2_927e19469569,hardneg_backpack2,hardneg_backpack2:spin_prod_948517112_jpeg,0,0,1,927e19469569dde681dff2b4ff8d8269b54089ea
hardneg_backpack2_5c92206acc5c.jpg,hardneg_backpack2_5c92206acc5c,hardneg_backpack2,hardneg_backpack2:sportswear-rpm-backpack-26l-f6pVpb-png_jpeg,0,0,1,5c92206acc5ccadb29f8f489582cfa0919fe103a
hardneg_backpack2_52bc047e8121.jpg,hardneg_backpack2_52bc047e8121,hardneg_backpack2,hardneg_backpack2:stock-photo-a-group-of-young-people-with-backpacks-walking-down-the-street-1047849916,0,0,1,52bc047e8121eea16e73d07d21b7e2c9816813a9
hardneg_backpack2_62a5d9ec8cde.jpg,hardneg_backpack2_62a5d9ec8cde,hardneg_backpack2,hardneg_backpack2:stratos24_s22_side_smokegrey,0,0,1,62a5d9ec8cdefae3fabc2066a45d62f482a0bbe6
hardneg_backpack2_4b70eaac19ab.jpg,hardneg_backpack2_4b70eaac19ab,hardneg_backpack2,hardneg_backpack2:suitcase-next-to-backpack-airport,0,0,1,4b70eaac19abd2b2abbb37cbe131c194239190f7
hardneg_backpack2_949771608691.jpg,hardneg_backpack2_949771608691,hardneg_backpack2,hardneg_backpack2:surrey-belongings,0,0,1,94977160869196490000cdf82e5786072d4b3264
hardneg_backpack2_78d0a6161e88.jpg,hardneg_backpack2_78d0a6161e88,hardneg_backpack2,hardneg_backpack2:suspicious-bag-300x225,0,0,1,78d0a6161e88476be3cb96b713e3a2d11c49725c
hardneg_backpack2_f5e4a432841a.jpg,hardneg_backpack2_f5e4a432841a,hardneg_backpack2,hardneg_backpack2:suspicious-black-and-red-bag-left-unattended-under-chair-on-platform-at-train-station-or-airportl-terrorism-and-public-safety-concept-2BK529Y,0,0,1,f5e4a432841a8b220fb4b639a666de01fa617088
hardneg_backpack2_5283c8895186.jpg,hardneg_backpack2_5283c8895186,hardneg_backpack2,hardneg_backpack2:toddlers-bp,0,0,1,5283c8895186b450216841f33e9b502616bcb37d
hardneg_backpack2_73ea11e0fd2e.jpg,hardneg_backpack2_73ea11e0fd2e,hardneg_backpack2,hardneg_backpack2:trespass_craf_backpack_trespass_craf_backpack_2000x2000,0,0,1,73ea11e0fd2ec1e7bb4bef0e6b4faf7287ca864a
hardneg_backpack2_f201b8c2488c.jpg,hardneg_backpack2_f201b8c2488c,hardneg_backpack2,hardneg_backpack2:unattended-bag-airport-waiting-area-36078747,0,0,1,f201b8c2488ce4cecd15e0466cda42cbaa05a088
hardneg_backpack2_3362ec4a7881.jpg,hardneg_backpack2_3362ec4a7881,hardneg_backpack2,hardneg_backpack2:unattended-luggage-airport-waiting-area-36078690,0,0,1,3362ec4a788117f769205b5ea5e6ddb3df921220
hardneg_backpack2_02331ac7cfed.jpg,hardneg_backpack2_02331ac7cfed,hardneg_backpack2,hardneg_backpack2:unattended-luggage-empty-waiting-lounge-airport-36078664,0,0,1,02331ac7cfed3d2614a0518cfaa4191127cf6e24
hardneg_backpack2_8e7d43d4e023.jpg,hardneg_backpack2_8e7d43d4e023,hardneg_backpack2,hardneg_backpack2:ur-backpack_front-square-600x600,0,0,1,8e7d43d4e023afe1aaa2db4f6c54fd897256fb3b
hardneg_backpack2_d08f13e67bbe.jpg,hardneg_backpack2_d08f13e67bbe,hardneg_backpack2,hardneg_backpack2:wildcraft-backpack-pack-y-original-imadrmr2y2amu3py_jpeg,0,0,1,d08f13e67bbeda42dafe9fb1b074fd81f6602cbd
hardneg_backpack2_6ec81063c842.jpg,hardneg_backpack2_6ec81063c842,hardneg_backpack2,hardneg_backpack2:ysl,0,0,1,6ec81063c842961afa3914a1b14bd8e5f3ddcede
hardneg_backpack2_cebc2f91f3b1.jpg,hardneg_backpack2_cebc2f91f3b1,hardneg_backpack2,hardneg_backpack2:0000ec18c34241ad,0,0,1,cebc2f91f3b17011e1e3847843c3d496abc6d3bd
hardneg_backpack2_cd2e4ba514f5.jpg,hardneg_backpack2_cd2e4ba514f5,hardneg_backpack2,hardneg_backpack2:000cbf66328ec450,0,0,1,cd2e4ba514f5a2e0f58f29819e6b0d253d0ffe3b
hardneg_backpack2_f5177872267d.jpg,hardneg_backpack2_f5177872267d,hardneg_backpack2,hardneg_backpack2:0010430_little-dutch-kids-backpack-little-goose-little-goose-0_1000_jpeg,0,0,1,f5177872267da032425e2cf814e2a8ab9035d7af
hardneg_backpack2_0093a4c169d8.jpg,hardneg_backpack2_0093a4c169d8,hardneg_backpack2,hardneg_backpack2:0014f0c3fbda63f1,0,0,1,0093a4c169d8b811c74ce180db5e79c132213aed
hardneg_backpack2_dd3768332044.jpg,hardneg_backpack2_dd3768332044,hardneg_backpack2,hardneg_backpack2:0024ff87d54ce378,0,0,1,dd3768332044dd19ecd18f9f2a20aab0984616a5
hardneg_backpack2_06e4cac94226.jpg,hardneg_backpack2_06e4cac94226,hardneg_backpack2,hardneg_backpack2:00259032520f4aaf,0,0,1,06e4cac942268811c2cda950578a146815505729
hardneg_backpack2_f5c585e2f761.jpg,hardneg_backpack2_f5c585e2f761,hardneg_backpack2,hardneg_backpack2:007de1d763a04b1a,0,0,1,f5c585e2f761eb0b08ee307a34ab0e3290d0de74
hardneg_backpack2_2362a9812f3f.jpg,hardneg_backpack2_2362a9812f3f,hardneg_backpack2,hardneg_backpack2:009151e566411b5d,0,0,1,2362a9812f3f845212d94b6be849b682bf94a2fb
hardneg_backpack2_482127dc91cf.jpg,hardneg_backpack2_482127dc91cf,hardneg_backpack2,hardneg_backpack2:00de8d6dc18aa357,0,0,1,482127dc91cfbac7bb70df8b885c117dceff10fa
hardneg_backpack2_608314dfdc2e.jpg,hardneg_backpack2_608314dfdc2e,hardneg_backpack2,hardneg_backpack2:0169320ff7996d39,0,0,1,608314dfdc2e48334876fd49fc97e8d013713d4c
hardneg_backpack2_8fadb97c425d.jpg,hardneg_backpack2_8fadb97c425d,hardneg_backpack2,hardneg_backpack2:0179d9cbde1d236d,0,0,1,8fadb97c425dfbfb7b75b5241413b72b5000794c
hardneg_backpack2_068f1d977db2.jpg,hardneg_backpack2_068f1d977db2,hardneg_backpack2,hardneg_backpack2:020ba5737c509533,0,0,1,068f1d977db26d1e6b21e79077174d91dd65a6fd
hardneg_backpack2_56dd230d569e.jpg,hardneg_backpack2_56dd230d569e,hardneg_backpack2,hardneg_backpack2:0237e5239292f771,0,0,1,56dd230d569e8a8fffe2453817da6897034a7692
hardneg_backpack2_34e33354cb25.jpg,hardneg_backpack2_34e33354cb25,hardneg_backpack2,hardneg_backpack2:02adbce14d8cdce7,0,0,1,34e33354cb254d7605c011d9ba2664aaac5c9be9
hardneg_backpack2_b0a64ecb6758.jpg,hardneg_backpack2_b0a64ecb6758,hardneg_backpack2,hardneg_backpack2:02c62d91c27edf88,0,0,1,b0a64ecb675825e63f98a971d94d817a5b4f3b41
hardneg_backpack2_ed631069f2e6.jpg,hardneg_backpack2_ed631069f2e6,hardneg_backpack2,hardneg_backpack2:03aa8080ec942669,0,0,1,ed631069f2e6cd29b65c930280281832ff69c5d0
hardneg_backpack2_7b3c33d2431c.jpg,hardneg_backpack2_7b3c33d2431c,hardneg_backpack2,hardneg_backpack2:0423024ba5823ce6,0,0,1,7b3c33d2431c06603aa80b7f9e56be1540dc93f2
hardneg_backpack2_5331b52f1b4b.jpg,hardneg_backpack2_5331b52f1b4b,hardneg_backpack2,hardneg_backpack2:0450a89216d2ff04,0,0,1,5331b52f1b4b4c16d1bad2a893e926c498e17410
hardneg_backpack2_8fa6cb6048db.jpg,hardneg_backpack2_8fa6cb6048db,hardneg_backpack2,hardneg_backpack2:04576dc72eb88f62,0,0,1,8fa6cb6048db9f5d6d85a5d0a08a3ca1d0fff75d
hardneg_backpack2_f8ce9149d3c7.jpg,hardneg_backpack2_f8ce9149d3c7,hardneg_backpack2,hardneg_backpack2:045fb8178255e91f,0,0,1,f8ce9149d3c714185f492571375e65f990907514
hardneg_backpack2_0a6aea310b21.jpg,hardneg_backpack2_0a6aea310b21,hardneg_backpack2,hardneg_backpack2:04feb4c5056e2f7e,0,0,1,0a6aea310b21ce1bf502123a11b75470ccc11d2e
hardneg_backpack2_2c8f97124488.jpg,hardneg_backpack2_2c8f97124488,hardneg_backpack2,hardneg_backpack2:0551b1d529d3cdfc,0,0,1,2c8f9712448850b9d52730cc9b2d8221df4834a7
hardneg_backpack2_935d74817dc9.jpg,hardneg_backpack2_935d74817dc9,hardneg_backpack2,hardneg_backpack2:05ad80eabcc93cae,0,0,1,935d74817dc95631af68e66eed7acd7c3d8a0d19
hardneg_backpack2_3b5164441acc.jpg,hardneg_backpack2_3b5164441acc,hardneg_backpack2,hardneg_backpack2:05d22b11124069ce,0,0,1,3b5164441accbb76e3626f366706d8e228226602
hardneg_backpack2_bff08d0e5a7d.jpg,hardneg_backpack2_bff08d0e5a7d,hardneg_backpack2,hardneg_backpack2:072d417e31a2e7b0,0,0,1,bff08d0e5a7d9cc11899072d064eba5ca8319210
hardneg_backpack2_e56360e5ce66.jpg,hardneg_backpack2_e56360e5ce66,hardneg_backpack2,hardneg_backpack2:08bb68d68c6fbf4e,0,0,1,e56360e5ce662a34c37be491f08cefc544f8d291
hardneg_backpack2_0e74dd707e97.jpg,hardneg_backpack2_0e74dd707e97,hardneg_backpack2,hardneg_backpack2:0baca425db0c7e56,0,0,1,0e74dd707e97c79996729ad46df76d083cb36518
hardneg_backpack2_cc99255c14db.jpg,hardneg_backpack2_cc99255c14db,hardneg_backpack2,hardneg_backpack2:0c3a0d8f837186c4,0,0,1,cc99255c14db4f822581479777e6650575a697f9
hardneg_backpack2_3711c5670c65.jpg,hardneg_backpack2_3711c5670c65,hardneg_backpack2,hardneg_backpack2:0c73744354f2e332,0,0,1,3711c5670c652945b754d2f31fa6f5653d3cdc23
hardneg_backpack2_7ac4ca2c1f6f.jpg,hardneg_backpack2_7ac4ca2c1f6f,hardneg_backpack2,hardneg_backpack2:0cdc13eac03dea54,0,0,1,7ac4ca2c1f6f20f0fde5e0b9da385ce76c5be4d9
hardneg_backpack2_c0df761db15c.jpg,hardneg_backpack2_c0df761db15c,hardneg_backpack2,hardneg_backpack2:0d1503073391e033,0,0,1,c0df761db15c1d5c16cbdf43e4ede01454116ab2
hardneg_backpack2_4fa59514a7e0.jpg,hardneg_backpack2_4fa59514a7e0,hardneg_backpack2,hardneg_backpack2:0d845c70df06aad2,0,0,1,4fa59514a7e0cb7e12fe2d05b42245c753047711
hardneg_backpack2_a2c7713ab808.jpg,hardneg_backpack2_a2c7713ab808,hardneg_backpack2,hardneg_backpack2:0e1e3692b5f40632,0,0,1,a2c7713ab808f51029d9009b1af8a160ee51b023
hardneg_backpack2_7beb606b605b.jpg,hardneg_backpack2_7beb606b605b,hardneg_backpack2,hardneg_backpack2:0e7e17654fa75be7,0,0,1,7beb606b605b138818f05b240934814af49edf23
hardneg_backpack2_25a3e1dc44d2.jpg,hardneg_backpack2_25a3e1dc44d2,hardneg_backpack2,hardneg_backpack2:0fee5c2fc2fb26c0,0,0,1,25a3e1dc44d2c074cbe34ae2fcd2e57d4c389869
hardneg_backpack2_5b388523dbfc.jpg,hardneg_backpack2_5b388523dbfc,hardneg_backpack2,hardneg_backpack2:1000-P1010009_1619617281,0,0,1,5b388523dbfcf4671eefe32aaa00845605bc9d54
hardneg_backpack2_24a197842ea0.jpg,hardneg_backpack2_24a197842ea0,hardneg_backpack2,hardneg_backpack2:12805385bfa7eaa6,0,0,1,24a197842ea06fbe7a225fb0339d257096593348
hardneg_backpack2_d7edc4b4ba50.jpg,hardneg_backpack2_d7edc4b4ba50,hardneg_backpack2,hardneg_backpack2:12b1bb7c31dd1482,0,0,1,d7edc4b4ba50322c80c772ed84d6915d18aee021
hardneg_backpack2_c4cc23fe099d.jpg,hardneg_backpack2_c4cc23fe099d,hardneg_backpack2,hardneg_backpack2:1400f5c3820b064c,0,0,1,c4cc23fe099da8fdcaef08c54d26659da6495395
hardneg_backpack2_8e6e625e427c.jpg,hardneg_backpack2_8e6e625e427c,hardneg_backpack2,hardneg_backpack2:14819325_25208618_2048,0,0,1,8e6e625e427c8149bc56a81515a779599c3e30d2
hardneg_backpack2_5ffe60a87fc9.jpg,hardneg_backpack2_5ffe60a87fc9,hardneg_backpack2,hardneg_backpack2:1482213913154,0,0,1,5ffe60a87fc903a03d3a7594d72f387074e95252
hardneg_backpack2_750b967f299d.jpg,hardneg_backpack2_750b967f299d,hardneg_backpack2,hardneg_backpack2:15991f4b64fa8b16,0,0,1,750b967f299da37c753781d0d83987055ea9f54c
hardneg_backpack2_39093ecf4d4a.jpg,hardneg_backpack2_39093ecf4d4a,hardneg_backpack2,hardneg_backpack2:17596053848_4426f41544_b,0,0,1,39093ecf4d4a702544d9515de702f3d48619bad1
hardneg_backpack2_760108efb625.jpg,hardneg_backpack2_760108efb625,hardneg_backpack2,hardneg_backpack2:19294182480d5c55,0,0,1,760108efb6251d263982c65f91e0b77c3c147ff1
hardneg_backpack2_542a0cd4adf0.jpg,hardneg_backpack2_542a0cd4adf0,hardneg_backpack2,hardneg_backpack2:1a8305801ccf16bf,0,0,1,542a0cd4adf0c7497ed6ee834f5ddb19e37470a8
hardneg_backpack2_9fcfd969dbae.jpg,hardneg_backpack2_9fcfd969dbae,hardneg_backpack2,hardneg_backpack2:1a852c7b2f70e652,0,0,1,9fcfd969dbae8c37801efb9733a43af9b77807b9
hardneg_backpack2_ba8cceb8e3da.jpg,hardneg_backpack2_ba8cceb8e3da,hardneg_backpack2,hardneg_backpack2:1b0af373e1484a80,0,0,1,ba8cceb8e3da5e01c94d58cbc598973d3eb7cccf
hardneg_backpack2_173d7399986c.jpg,hardneg_backpack2_173d7399986c,hardneg_backpack2,hardneg_backpack2:1d1e1fbcebffe5db,0,0,1,173d7399986ccd6861091ec077027f87deb47ec3
hardneg_backpack2_beb89398523a.jpg,hardneg_backpack2_beb89398523a,hardneg_backpack2,hardneg_backpack2:2019-08-10-095538_jpeg,0,0,1,beb89398523a7e1d4e9d316bc191cb15c8ef7b76
hardneg_backpack2_844d2be1cf71.jpg,hardneg_backpack2_844d2be1cf71,hardneg_backpack2,hardneg_backpack2:2022-02-19-133733_2,0,0,1,844d2be1cf71c6f9c1bb6aa1335627d4ffbbcc0d
hardneg_backpack2_afd367e7f920.jpg,hardneg_backpack2_afd367e7f920,hardneg_backpack2,hardneg_backpack2:2022-02-19-133733_4,0,0,1,afd367e7f920252b3b7b507da414e65d82f4a723
hardneg_backpack2_06d3e09d5eb6.jpg,hardneg_backpack2_06d3e09d5eb6,hardneg_backpack2,hardneg_backpack2:2022-02-19-133803_10,0,0,1,06d3e09d5eb6ab771d38e3ec155aac22e79d053e
hardneg_backpack2_56c3122e7ddd.jpg,hardneg_backpack2_56c3122e7ddd,hardneg_backpack2,hardneg_backpack2:2022-02-19-133803_7,0,0,1,56c3122e7dddcbaddb765628e560d8aaab6eb72c
hardneg_backpack2_2feddc1cd032.jpg,hardneg_backpack2_2feddc1cd032,hardneg_backpack2,hardneg_backpack2:2022-02-19-133803_8,0,0,1,2feddc1cd032ba116f64711c57de7f080da39e3a
hardneg_backpack2_a8d182365a12.jpg,hardneg_backpack2_a8d182365a12,hardneg_backpack2,hardneg_backpack2:2022-02-19-133816_3,0,0,1,a8d182365a12f5dd3fa4fece83cf2f4a4f082855
hardneg_backpack2_751f4608017f.jpg,hardneg_backpack2_751f4608017f,hardneg_backpack2,hardneg_backpack2:2022-02-19-133816_4,0,0,1,751f4608017f683c5667085adfae68940fbdac80
hardneg_backpack2_680e89efee77.jpg,hardneg_backpack2_680e89efee77,hardneg_backpack2,hardneg_backpack2:2022-02-19-133816_7,0,0,1,680e89efee776d51eefe8a5919d6e975a428ca4e
hardneg_backpack2_79b64b187f35.jpg,hardneg_backpack2_79b64b187f35,hardneg_backpack2,hardneg_backpack2:2022-02-19-133816_7,0,0,1,79b64b187f35c9b05aeb78c628a572cf4248bceb
hardneg_backpack2_271ff23e5373.jpg,hardneg_backpack2_271ff23e5373,hardneg_backpack2,hardneg_backpack2:2022-02-19-133913_1,0,0,1,271ff23e5373d1208271e6728005296ef377205e
hardneg_backpack2_fd87bf8c7b80.jpg,hardneg_backpack2_fd87bf8c7b80,hardneg_backpack2,hardneg_backpack2:2022-02-19-133913_3,0,0,1,fd87bf8c7b802288e1ca8107e3a1155e9b90a700
hardneg_backpack2_5b998bd3aa0f.jpg,hardneg_backpack2_5b998bd3aa0f,hardneg_backpack2,hardneg_backpack2:2022-02-19-133913_3,0,0,1,5b998bd3aa0fd848acab0f721d9d4de8b2178a9b
hardneg_backpack2_066dd48b7e43.jpg,hardneg_backpack2_066dd48b7e43,hardneg_backpack2,hardneg_backpack2:2022-02-19-133913_8,0,0,1,066dd48b7e43007315060295e9dc2d4349815386
hardneg_backpack2_eac74b559967.jpg,hardneg_backpack2_eac74b559967,hardneg_backpack2,hardneg_backpack2:2022-02-19-133913_9,0,0,1,eac74b5599675d8aae6ab5eab62c0c606402ebc3
hardneg_backpack2_41f327d15972.jpg,hardneg_backpack2_41f327d15972,hardneg_backpack2,hardneg_backpack2:2022-02-19-133929_10,0,0,1,41f327d15972ea4d59e3a182f0aff9d41381d115
hardneg_backpack2_2e4efc1231ac.jpg,hardneg_backpack2_2e4efc1231ac,hardneg_backpack2,hardneg_backpack2:2022-02-19-133929_3,0,0,1,2e4efc1231acccb81218637dab1d7eb22fe14f3f
hardneg_backpack2_b164e2be05fb.jpg,hardneg_backpack2_b164e2be05fb,hardneg_backpack2,hardneg_backpack2:2022-02-19-133929_4,0,0,1,b164e2be05fbdd9067e2ea16a12a826a33fc0a02
hardneg_backpack2_21c720a19812.jpg,hardneg_backpack2_21c720a19812,hardneg_backpack2,hardneg_backpack2:2022-02-19-133954_10,0,0,1,21c720a19812e7d9b2761da1ede8901bc34c477e
hardneg_backpack2_dcad0c84d24c.jpg,hardneg_backpack2_dcad0c84d24c,hardneg_backpack2,hardneg_backpack2:2022-02-19-133954_2,0,0,1,dcad0c84d24c217eeb7f8b21c42bbb2cb0cd8272
hardneg_backpack2_296182485004.jpg,hardneg_backpack2_296182485004,hardneg_backpack2,hardneg_backpack2:2022-02-19-133954_4,0,0,1,296182485004e7e979c7e53371513e0fff14b6a9
hardneg_backpack2_96d74008ac49.jpg,hardneg_backpack2_96d74008ac49,hardneg_backpack2,hardneg_backpack2:2022-02-19-133954_9,0,0,1,96d74008ac49c0edc9409dbc99534dc93ba6da4f
hardneg_backpack2_d6cf4f64820d.jpg,hardneg_backpack2_d6cf4f64820d,hardneg_backpack2,hardneg_backpack2:2022-02-19-134007_2,0,0,1,d6cf4f64820d05f00761e099b9e61741f8f1b561
hardneg_backpack2_f9a4d6bf4555.jpg,hardneg_backpack2_f9a4d6bf4555,hardneg_backpack2,hardneg_backpack2:2022-02-19-134025_3,0,0,1,f9a4d6bf455530e28f09423825bd9b083624f07d
hardneg_backpack2_61fdfab98788.jpg,hardneg_backpack2_61fdfab98788,hardneg_backpack2,hardneg_backpack2:2022-02-19-134025_3,0,0,1,61fdfab98788bfb1e2e70e03b276cf25ef36d0d7
hardneg_backpack2_1375ca6d5789.jpg,hardneg_backpack2_1375ca6d5789,hardneg_backpack2,hardneg_backpack2:2022-02-19-134025_5,0,0,1,1375ca6d5789bf3e6a47958c46c8c1d191270c55
hardneg_backpack2_2c505837549f.jpg,hardneg_backpack2_2c505837549f,hardneg_backpack2,hardneg_backpack2:2022-02-19-134025_7,0,0,1,2c505837549f48bd8f3453f5e5e784320e59e141
hardneg_backpack2_d4adaf17b9ef.jpg,hardneg_backpack2_d4adaf17b9ef,hardneg_backpack2,hardneg_backpack2:2022-02-19-134025_9,0,0,1,d4adaf17b9ef683c227abd70303b55f53ade0d55
hardneg_backpack2_31e1964d6c8a.jpg,hardneg_backpack2_31e1964d6c8a,hardneg_backpack2,hardneg_backpack2:2022-02-19-134043_2,0,0,1,31e1964d6c8ad08134418928bdd063213bfd207c
hardneg_backpack2_3006d1385649.jpg,hardneg_backpack2_3006d1385649,hardneg_backpack2,hardneg_backpack2:2022-02-19-134043_7,0,0,1,3006d1385649b1364abd41a07f7f01f56f2aac8f
hardneg_backpack2_38898d7911fd.jpg,hardneg_backpack2_38898d7911fd,hardneg_backpack2,hardneg_backpack2:2022-02-19-134043_8,0,0,1,38898d7911fde058b0e2b7bff64a16da39a01c45
hardneg_backpack2_a3553a2364a5.jpg,hardneg_backpack2_a3553a2364a5,hardneg_backpack2,hardneg_backpack2:2022-02-19-134043_9,0,0,1,a3553a2364a50eff55f24b2795cc4234a270ec00
hardneg_backpack2_3522ef48803f.jpg,hardneg_backpack2_3522ef48803f,hardneg_backpack2,hardneg_backpack2:2032281faf754fd6,0,0,1,3522ef48803fad79cfc606fb4ad7bc58820f85f0
hardneg_backpack2_95e997314851.jpg,hardneg_backpack2_95e997314851,hardneg_backpack2,hardneg_backpack2:2c0ed1a924d88ddd,0,0,1,95e99731485151e417a8c8e482f35f7c2839521d
hardneg_backpack2_535eb4c9010e.jpg,hardneg_backpack2_535eb4c9010e,hardneg_backpack2,hardneg_backpack2:31e456e04ae101ac,0,0,1,535eb4c9010e3aa4393fad98bbbee7a0ed0a42f7
hardneg_backpack2_3a2ec9c1030a.jpg,hardneg_backpack2_3a2ec9c1030a,hardneg_backpack2,hardneg_backpack2:32f69013a87dd061,0,0,1,3a2ec9c1030acb3b8e69ea63951362acd03a54ca
hardneg_backpack2_8b0bc5f7fc2b.jpg,hardneg_backpack2_8b0bc5f7fc2b,hardneg_backpack2,hardneg_backpack2:3373e581d43abc8b,0,0,1,8b0bc5f7fc2bd0cdba457c0542e9b986de4e7dc2
hardneg_backpack2_8b1ae8558fe5.jpg,hardneg_backpack2_8b1ae8558fe5,hardneg_backpack2,hardneg_backpack2:33bff403bdea0de7,0,0,1,8b1ae8558fe5c10466b7bcacf5ab24639b8af367
hardneg_backpack2_1438e64b63db.jpg,hardneg_backpack2_1438e64b63db,hardneg_backpack2,hardneg_backpack2:350da738e466faf7,0,0,1,1438e64b63dbe917b1c37d942ac2eedc24ce4ef8
hardneg_backpack2_78f3a2e7c2ec.jpg,hardneg_backpack2_78f3a2e7c2ec,hardneg_backpack2,hardneg_backpack2:35e28a1ba2cea2a6,0,0,1,78f3a2e7c2ec6964cf3701204c1fed0f3c7be53f
hardneg_backpack2_a01c905f72a4.jpg,hardneg_backpack2_a01c905f72a4,hardneg_backpack2,hardneg_backpack2:377677acb67318f3,0,0,1,a01c905f72a44add14768767c7016ee092181fcd
hardneg_backpack2_bf4e64082e4f.jpg,hardneg_backpack2_bf4e64082e4f,hardneg_backpack2,hardneg_backpack2:38bb204b6b29d266,0,0,1,bf4e64082e4fb96ee2d4faaff71a3c98ab1fd53d
hardneg_backpack2_245f1848903a.jpg,hardneg_backpack2_245f1848903a,hardneg_backpack2,hardneg_backpack2:3c49ea6586676ed9,0,0,1,245f1848903a23f3f8be2ddcda2bfab1aae88b46
hardneg_backpack2_b4fc2f62721a.jpg,hardneg_backpack2_b4fc2f62721a,hardneg_backpack2,hardneg_backpack2:3cd1a13d25df98a9,0,0,1,b4fc2f62721a6ad60567e02c08d0c9f3f1ab2d72
hardneg_backpack2_7ea4c2e244f8.jpg,hardneg_backpack2_7ea4c2e244f8,hardneg_backpack2,hardneg_backpack2:3e36d83a009e2b63,0,0,1,7ea4c2e244f816ee629515dbe9676c44eff2ef1e
hardneg_backpack2_047360c7f366.jpg,hardneg_backpack2_047360c7f366,hardneg_backpack2,hardneg_backpack2:3e36d83a009e2b63,0,0,1,047360c7f3665d5f8ebfb07225fe1b45d2fb71a5
hardneg_backpack2_9735fdb3e975.jpg,hardneg_backpack2_9735fdb3e975,hardneg_backpack2,hardneg_backpack2:41tdEYqmVuL-_SS400_,0,0,1,9735fdb3e97538fa8aa6da8fd96a9188c68b2869
hardneg_backpack2_9aab0f13c575.jpg,hardneg_backpack2_9aab0f13c575,hardneg_backpack2,hardneg_backpack2:4443777067629ade,0,0,1,9aab0f13c57521c66a0d29b6a28ecaaab4e9f56c
hardneg_backpack2_13138d997d15.jpg,hardneg_backpack2_13138d997d15,hardneg_backpack2,hardneg_backpack2:44f4158a5f13fafb,0,0,1,13138d997d154f77ccd6f8348c1e551b8d70d4bd
hardneg_backpack2_6a6b435b742d.jpg,hardneg_backpack2_6a6b435b742d,hardneg_backpack2,hardneg_backpack2:4992a0639c08d33b,0,0,1,6a6b435b742d8f7d825fbbfe2fb347dc0b0a05ee
hardneg_backpack2_65463e59dfa6.jpg,hardneg_backpack2_65463e59dfa6,hardneg_backpack2,hardneg_backpack2:4b5aa4b67b098042,0,0,1,65463e59dfa6181e69c8bc43650caed2d59139eb
hardneg_backpack2_6675b260fa89.jpg,hardneg_backpack2_6675b260fa89,hardneg_backpack2,hardneg_backpack2:4f029dcd12332ca4,0,0,1,6675b260fa89a32f1bffe5dd71f5214d4a4b514f
hardneg_backpack2_c036cbae6183.jpg,hardneg_backpack2_c036cbae6183,hardneg_backpack2,hardneg_backpack2:500_F_120149644_tJksgEhNWrkUj4hQd9ivY532J6ozDlUw,0,0,1,c036cbae6183ccead7166bc73b67643a1c3a8435
hardneg_backpack2_8f187effdea6.jpg,hardneg_backpack2_8f187effdea6,hardneg_backpack2,hardneg_backpack2:50d75787f7e72029,0,0,1,8f187effdea635beffbf648871ebbbf39c991033
hardneg_backpack2_225b1ea2a995.jpg,hardneg_backpack2_225b1ea2a995,hardneg_backpack2,hardneg_backpack2:51d892f808e29ab8,0,0,1,225b1ea2a995e56207cf649f7c0817424e2936a2
hardneg_backpack2_8d2bcac427b2.jpg,hardneg_backpack2_8d2bcac427b2,hardneg_backpack2,hardneg_backpack2:551e8241bdfe0aba,0,0,1,8d2bcac427b23f5526ccabf7002c1413464e1ab1
hardneg_backpack2_80e65c418b95.jpg,hardneg_backpack2_80e65c418b95,hardneg_backpack2,hardneg_backpack2:551e8241bdfe0aba,0,0,1,80e65c418b954d6c6659f6a3e42a459676284e53
hardneg_backpack2_92f294e5af8c.jpg,hardneg_backpack2_92f294e5af8c,hardneg_backpack2,hardneg_backpack2:57a2771c37288f18,0,0,1,92f294e5af8cbaa9fdc3e3e8bbb9d04591d7766b
hardneg_backpack2_ccfe550349b6.jpg,hardneg_backpack2_ccfe550349b6,hardneg_backpack2,hardneg_backpack2:586e6f40c8914f42,0,0,1,ccfe550349b62a15c90387e7f408c285bea78465
hardneg_backpack2_fb3311e6879c.jpg,hardneg_backpack2_fb3311e6879c,hardneg_backpack2,hardneg_backpack2:5ce4358542967e33,0,0,1,fb3311e6879cf8dc30945362f805550277ad8fed
hardneg_backpack2_e3f5326d95f6.jpg,hardneg_backpack2_e3f5326d95f6,hardneg_backpack2,hardneg_backpack2:6003976ebcdd9eef,0,0,1,e3f5326d95f621d79c52415658d6148fdd3c321f
hardneg_backpack2_fe2aa5f8003e.jpg,hardneg_backpack2_fe2aa5f8003e,hardneg_backpack2,hardneg_backpack2:62e8f0938df918ba,0,0,1,fe2aa5f8003e426766f76dd38f2c69bfe62e840b
hardneg_backpack2_a697a7ed001c.jpg,hardneg_backpack2_a697a7ed001c,hardneg_backpack2,hardneg_backpack2:63b135d5b827fa30,0,0,1,a697a7ed001c6814d349960006a92c8de6e64fc6
hardneg_backpack2_e1b039cb5381.jpg,hardneg_backpack2_e1b039cb5381,hardneg_backpack2,hardneg_backpack2:6410000_rd,0,0,1,e1b039cb5381ce2368813e0ccf0587929933cec4
hardneg_backpack2_eef011b1b839.jpg,hardneg_backpack2_eef011b1b839,hardneg_backpack2,hardneg_backpack2:6615c59b9e18dd4b,0,0,1,eef011b1b83963ec6f8c7d48e414474adc0f300c
hardneg_backpack2_5ed7c9d6e984.jpg,hardneg_backpack2_5ed7c9d6e984,hardneg_backpack2,hardneg_backpack2:66304cb63f951ef4,0,0,1,5ed7c9d6e9846bee223a0bf3deaaaff51efce422
hardneg_backpack2_d6e81bcfb853.jpg,hardneg_backpack2_d6e81bcfb853,hardneg_backpack2,hardneg_backpack2:680e1669a7e69be9,0,0,1,d6e81bcfb85378f7110bb86bb2dd08cdc8f0a007
hardneg_backpack2_7d20484c22b4.jpg,hardneg_backpack2_7d20484c22b4,hardneg_backpack2,hardneg_backpack2:68c400f75dd4d689,0,0,1,7d20484c22b4676c6ee07db5ab2566dd508727da
hardneg_backpack2_9b51c7dbe23d.jpg,hardneg_backpack2_9b51c7dbe23d,hardneg_backpack2,hardneg_backpack2:6ea40df4b122a895,0,0,1,9b51c7dbe23d8d9ff2ca42be34bf2c5992567931
hardneg_backpack2_164a0f6be501.jpg,hardneg_backpack2_164a0f6be501,hardneg_backpack2,hardneg_backpack2:72be1aacc2c20648,0,0,1,164a0f6be501cb03f13bd2c982610f7498b51d62
hardneg_backpack2_c84b82898740.jpg,hardneg_backpack2_c84b82898740,hardneg_backpack2,hardneg_backpack2:7421609208_a31bb8b19d_z,0,0,1,c84b828987401b663efde09df2cbed9ed38158cd
hardneg_backpack2_d29ac06a4269.jpg,hardneg_backpack2_d29ac06a4269,hardneg_backpack2,hardneg_backpack2:75197f084d3693dc,0,0,1,d29ac06a4269effb5f4315e770c15a5374e34c1f
hardneg_backpack2_09bf305e979e.jpg,hardneg_backpack2_09bf305e979e,hardneg_backpack2,hardneg_backpack2:75e0f8d644ba995a,0,0,1,09bf305e979e87223f1e313864b266db642d769d
hardneg_backpack2_63eaf8bf58ef.jpg,hardneg_backpack2_63eaf8bf58ef,hardneg_backpack2,hardneg_backpack2:7a4063f1dfdafbf8,0,0,1,63eaf8bf58efe4fd3f0f785ea093493dbbec2bef
hardneg_backpack2_d00a36b7fc82.jpg,hardneg_backpack2_d00a36b7fc82,hardneg_backpack2,hardneg_backpack2:7e3a08846805b976,0,0,1,d00a36b7fc82c1f654e3cb70d7fa297bd176c14b
hardneg_backpack2_36fbf1bcb361.jpg,hardneg_backpack2_36fbf1bcb361,hardneg_backpack2,hardneg_backpack2:805e924ac818105c,0,0,1,36fbf1bcb36111fd0d1983d9ff09bb7b33b0027d
hardneg_backpack2_43b860d5e5f5.jpg,hardneg_backpack2_43b860d5e5f5,hardneg_backpack2,hardneg_backpack2:81DpHTc0FlL-_AC_SL1500_,0,0,1,43b860d5e5f5d8a826f6bc41192e8be6bcd75fbb
hardneg_backpack2_5cfad04b2838.jpg,hardneg_backpack2_5cfad04b2838,hardneg_backpack2,hardneg_backpack2:87d0de567a18b8dd,0,0,1,5cfad04b2838867dfd35aed0abb9f166ad1d8c13
hardneg_backpack2_64f79dbf98f9.jpg,hardneg_backpack2_64f79dbf98f9,hardneg_backpack2,hardneg_backpack2:87d0de567a18b8dd,0,0,1,64f79dbf98f90bddd0e9a845ba36b206d6bd7760
hardneg_backpack2_45466ab302ce.jpg,hardneg_backpack2_45466ab302ce,hardneg_backpack2,hardneg_backpack2:8b75c6ceaa46ff31,0,0,1,45466ab302ced64266cb3d55e794a64a7c1820d5
hardneg_backpack2_96aec860d15e.jpg,hardneg_backpack2_96aec860d15e,hardneg_backpack2,hardneg_backpack2:913381a34ac22098,0,0,1,96aec860d15e7124446bc7e4128525c217def693
hardneg_backpack2_11e535c71166.jpg,hardneg_backpack2_11e535c71166,hardneg_backpack2,hardneg_backpack2:91fd5b7833353cea,0,0,1,11e535c71166410e950f8fc694da54ed537122e2
hardneg_backpack2_d4bac6ac8b0b.jpg,hardneg_backpack2_d4bac6ac8b0b,hardneg_backpack2,hardneg_backpack2:91ogPGIowAL-_AC_UL1500_,0,0,1,d4bac6ac8b0b8c906fca3a904e4f123bb89be46a
hardneg_backpack2_430245c9e3c1.jpg,hardneg_backpack2_430245c9e3c1,hardneg_backpack2,hardneg_backpack2:9765a4101a523155,0,0,1,430245c9e3c195dc478595ee877e6d60842fe69b
hardneg_backpack2_6ebe1216e2de.jpg,hardneg_backpack2_6ebe1216e2de,hardneg_backpack2,hardneg_backpack2:9776779bc8e59440,0,0,1,6ebe1216e2de2d8581033c0ffa6e3b727cec7c7f
hardneg_backpack2_5651eaddfb11.jpg,hardneg_backpack2_5651eaddfb11,hardneg_backpack2,hardneg_backpack2:97d7b062260fafd4,0,0,1,5651eaddfb11953d5f1a06f6ab59630bca73a6e3
hardneg_backpack2_86107eda3df9.jpg,hardneg_backpack2_86107eda3df9,hardneg_backpack2,hardneg_backpack2:989d9812482ca581,0,0,1,86107eda3df94e3a9615f74361660efc9de0d952
hardneg_backpack2_d3b19316faa0.jpg,hardneg_backpack2_d3b19316faa0,hardneg_backpack2,hardneg_backpack2:98e201f9a9bec210,0,0,1,d3b19316faa0810a16098c717ebc247605c25259
hardneg_backpack2_8267d676b5cc.jpg,hardneg_backpack2_8267d676b5cc,hardneg_backpack2,hardneg_backpack2:9adc0d2d2dc355d5,0,0,1,8267d676b5cc65148a8ba4a552ac542d86e38147
hardneg_backpack2_7e37e9601732.jpg,hardneg_backpack2_7e37e9601732,hardneg_backpack2,hardneg_backpack2:9adc0d2d2dc355d5,0,0,1,7e37e96017327192a46e9ca5fa51de0b5f5a5f5d
hardneg_backpack2_89f480e710d2.jpg,hardneg_backpack2_89f480e710d2,hardneg_backpack2,hardneg_backpack2:9dcf3f8380498697,0,0,1,89f480e710d2a7cdfbde91b22685a8fe3e01d330
hardneg_backpack2_b333c18b1089.jpg,hardneg_backpack2_b333c18b1089,hardneg_backpack2,hardneg_backpack2:9e21219ec7747f7b,0,0,1,b333c18b1089fa85a1ddfa48124d915fc2113b73
hardneg_backpack2_763afa100248.jpg,hardneg_backpack2_763afa100248,hardneg_backpack2,hardneg_backpack2:Chris-Gampat-The-Phoblographer-Tenba-DNA-Backpack-review-product-images-5-770x514,0,0,1,763afa100248c3d99e916b08c75d9336136daef1
hardneg_backpack2_508116756aef.jpg,hardneg_backpack2_508116756aef,hardneg_backpack2,hardneg_backpack2:DALL-E-2022-11-14-18-52-20-unattended-backpack-in-airport_png,0,0,1,508116756aef21c1b9d4413e8187434a59f8ba40
hardneg_backpack2_e10310f72623.jpg,hardneg_backpack2_e10310f72623,hardneg_backpack2,hardneg_backpack2:DALL-E-2022-11-14-18-52-32-unattended-backpack-in-airport_png,0,0,1,e10310f72623041d8c9fb6c116c09b4c4e0f4496
hardneg_backpack2_51dae2a98c3b.jpg,hardneg_backpack2_51dae2a98c3b,hardneg_backpack2,hardneg_backpack2:IMG_7908,0,0,1,51dae2a98c3b07883dcb2d7fe7c7e0ebafefd5db
hardneg_backpack2_e738306d7723.jpg,hardneg_backpack2_e738306d7723,hardneg_backpack2,hardneg_backpack2:IMG_7927,0,0,1,e738306d7723893c31ce35a1023aca25afb2a91b
hardneg_backpack2_03f152b1cb85.jpg,hardneg_backpack2_03f152b1cb85,hardneg_backpack2,hardneg_backpack2:IMG_7933,0,0,1,03f152b1cb85517269777fe36a300b47d8b7768f
hardneg_backpack2_4a4d671bef65.jpg,hardneg_backpack2_4a4d671bef65,hardneg_backpack2,hardneg_backpack2:IMG_7939,0,0,1,4a4d671bef65481984037c1979071e148757358f
hardneg_backpack2_7e0995156a22.jpg,hardneg_backpack2_7e0995156a22,hardneg_backpack2,hardneg_backpack2:IMG_7942,0,0,1,7e0995156a228ee27fcb8f468416eabc72aa948b
hardneg_backpack2_7c03df029360.jpg,hardneg_backpack2_7c03df029360,hardneg_backpack2,hardneg_backpack2:IMG_7944,0,0,1,7c03df029360cefa97e3eb80be01bafd924a55a7
hardneg_backpack2_987d790867fe.jpg,hardneg_backpack2_987d790867fe,hardneg_backpack2,hardneg_backpack2:IMG_7947-2,0,0,1,987d790867fe46253221042e538ce42fdab28c4c
hardneg_backpack2_4b6981c56277.jpg,hardneg_backpack2_4b6981c56277,hardneg_backpack2,hardneg_backpack2:IMG_7979,0,0,1,4b6981c562774a0e1fbdb7df9b88f30d227b37cd
hardneg_backpack2_8519a5a1a15f.jpg,hardneg_backpack2_8519a5a1a15f,hardneg_backpack2,hardneg_backpack2:IMG_7985,0,0,1,8519a5a1a15f45eccf46fd39ddc94ecc702784d0
hardneg_backpack2_ef8f3d914f1c.jpg,hardneg_backpack2_ef8f3d914f1c,hardneg_backpack2,hardneg_backpack2:IMG_7990,0,0,1,ef8f3d914f1c408fe580772804ceb657b36a159f
hardneg_backpack2_92044e0859f6.jpg,hardneg_backpack2_92044e0859f6,hardneg_backpack2,hardneg_backpack2:IMG_8016_MOV-6,0,0,1,92044e0859f6fc461ae544487ac75546bb6c37cb
hardneg_backpack2_29a03bbbe364.jpg,hardneg_backpack2_29a03bbbe364,hardneg_backpack2,hardneg_backpack2:IMG_8017_MOV-0,0,0,1,29a03bbbe364f03d2c6cf798aeee59a6f3d26320
hardneg_backpack2_959980d2590e.jpg,hardneg_backpack2_959980d2590e,hardneg_backpack2,hardneg_backpack2:IMG_8017_MOV-2,0,0,1,959980d2590eb9e8ecebde1ba209f20285821625
hardneg_backpack2_2603010ffca0.jpg,hardneg_backpack2_2603010ffca0,hardneg_backpack2,hardneg_backpack2:IMG_8018_MOV-27,0,0,1,2603010ffca0e800b221f0aedd5de415f2a5a95b
hardneg_backpack2_ec6cb7019ec5.jpg,hardneg_backpack2_ec6cb7019ec5,hardneg_backpack2,hardneg_backpack2:IMG_8020_MOV-20,0,0,1,ec6cb7019ec55601da4098083ca9990709bdd065
hardneg_backpack2_3a6a06d0aaf6.jpg,hardneg_backpack2_3a6a06d0aaf6,hardneg_backpack2,hardneg_backpack2:IMG_8020_MOV-22,0,0,1,3a6a06d0aaf648198dc2e8e1d378d2d1a987380e
hardneg_backpack2_56330ec8d979.jpg,hardneg_backpack2_56330ec8d979,hardneg_backpack2,hardneg_backpack2:IMG_8020_MOV-28,0,0,1,56330ec8d97960ba9ed468cd028ebbd087cb0e24
hardneg_backpack2_205095bcf58a.jpg,hardneg_backpack2_205095bcf58a,hardneg_backpack2,hardneg_backpack2:IMG_8020_MOV-30,0,0,1,205095bcf58a34b312c0e67c84a040015b84d5a1
hardneg_backpack2_f1d86a217ed8.jpg,hardneg_backpack2_f1d86a217ed8,hardneg_backpack2,hardneg_backpack2:IMG_8020_MOV-33,0,0,1,f1d86a217ed80c127d57257eae3261eae6b4141f
hardneg_backpack2_febe3067a64a.jpg,hardneg_backpack2_febe3067a64a,hardneg_backpack2,hardneg_backpack2:IMG_8021_MOV-0,0,0,1,febe3067a64a453d5eb47eb5d55f3c2ab5531451
hardneg_backpack2_7967c0bc31ee.jpg,hardneg_backpack2_7967c0bc31ee,hardneg_backpack2,hardneg_backpack2:IMG_8021_MOV-14,0,0,1,7967c0bc31ee7c497a6880a13fd68b369be85bc2
hardneg_backpack2_3ef469d6aa32.jpg,hardneg_backpack2_3ef469d6aa32,hardneg_backpack2,hardneg_backpack2:IMG_8021_MOV-15,0,0,1,3ef469d6aa323aa7bb2bd1f89db809fe9c82b928
hardneg_backpack2_df38dd8d00ca.jpg,hardneg_backpack2_df38dd8d00ca,hardneg_backpack2,hardneg_backpack2:IMG_8021_MOV-19,0,0,1,df38dd8d00cae4c7319633966b2a60230f1095e7
hardneg_backpack2_06a6b4435609.jpg,hardneg_backpack2_06a6b4435609,hardneg_backpack2,hardneg_backpack2:IMG_8021_MOV-20,0,0,1,06a6b44356091e02e2d1c91fb2324dcc5e60f818
hardneg_backpack2_37984a3ee882.jpg,hardneg_backpack2_37984a3ee882,hardneg_backpack2,hardneg_backpack2:IMG_8021_MOV-3,0,0,1,37984a3ee88228498452dfba0663fec17dc82f31
hardneg_backpack2_9cfb235d4047.jpg,hardneg_backpack2_9cfb235d4047,hardneg_backpack2,hardneg_backpack2:IMG_8022_MOV-4,0,0,1,9cfb235d4047068b12bd058a6c7893b173b52d3d
hardneg_backpack2_77cbcbe13316.jpg,hardneg_backpack2_77cbcbe13316,hardneg_backpack2,hardneg_backpack2:IMG_8022_MOV-5,0,0,1,77cbcbe13316f624c879840202dcf659ce12ad95
hardneg_backpack2_d3cb38b19d70.jpg,hardneg_backpack2_d3cb38b19d70,hardneg_backpack2,hardneg_backpack2:IMG_8023_MOV-13,0,0,1,d3cb38b19d70d69dd9969fe530b68cab3b93ca11
hardneg_backpack2_cbc7cfadf8d9.jpg,hardneg_backpack2_cbc7cfadf8d9,hardneg_backpack2,hardneg_backpack2:IMG_8023_MOV-5,0,0,1,cbc7cfadf8d9074ec7c5f18f1fe8268e58bf63db
hardneg_backpack2_76a2df69d699.jpg,hardneg_backpack2_76a2df69d699,hardneg_backpack2,hardneg_backpack2:ISM-CLASSIC-BACKPACK-REVIEW-ONE-TECH-TRAVELLER-FRONT-e1565240937669,0,0,1,76a2df69d699b844f760092c80e1bf1d2710873b
hardneg_backpack2_c2db4cba8f3a.jpg,hardneg_backpack2_c2db4cba8f3a,hardneg_backpack2,hardneg_backpack2:NCSCBL2911_2_,0,0,1,c2db4cba8f3a369802f039d4728b1d928609f79b
hardneg_backpack2_3e5909255f4a.jpg,hardneg_backpack2_3e5909255f4a,hardneg_backpack2,hardneg_backpack2:New-Women-Genuine-Leather-Backpack-Fashion-Quality-Women-s-famous-brand-cowhide-leather-bag-for-women,0,0,1,3e5909255f4ab70cc01c0bed87566f2a9f4f9ee1
hardneg_backpack2_87d6f1a314aa.jpg,hardneg_backpack2_87d6f1a314aa,hardneg_backpack2,hardneg_backpack2:S4735b8debee04653bf8a3388001cbc36J,0,0,1,87d6f1a314aa27a49bf4ebeed77c51fddce9744f
hardneg_backpack2_b952a6fe6cb6.jpg,hardneg_backpack2_b952a6fe6cb6,hardneg_backpack2,hardneg_backpack2:Tortuga-Setout-backpack-from-the-front-Tortuga-Setout-Review,0,0,1,b952a6fe6cb6a9ab16696d5ab33c1f8d8be5bd00
hardneg_backpack2_98f9e61991da.jpg,hardneg_backpack2_98f9e61991da,hardneg_backpack2,hardneg_backpack2:Waterproof-Cool-Bag-Backpack-Mustard-15L-Bags-Red-Original_x800,0,0,1,98f9e61991da09c80e4e289c593f2cea24f933fc
hardneg_backpack2_749454ab80e5.jpg,hardneg_backpack2_749454ab80e5,hardneg_backpack2,hardneg_backpack2:a3a0fe9bbea02acd,0,0,1,749454ab80e593986bf60df574abd88649ecb84d
hardneg_backpack2_d7a53879d2cc.jpg,hardneg_backpack2_d7a53879d2cc,hardneg_backpack2,hardneg_backpack2:a453a2fceb3656f8,0,0,1,d7a53879d2ccebfd014713e15258da4be011c307
hardneg_backpack2_31189292350c.jpg,hardneg_backpack2_31189292350c,hardneg_backpack2,hardneg_backpack2:a66f6e2d7fe9923e,0,0,1,31189292350c9b740e801285cf61345ca9f847d1
hardneg_backpack2_459aa93e9afb.jpg,hardneg_backpack2_459aa93e9afb,hardneg_backpack2,hardneg_backpack2:a66f6e2d7fe9923e,0,0,1,459aa93e9afb436904428e2f14fed1476c7aec3a
hardneg_backpack2_73313f4c7aa7.jpg,hardneg_backpack2_73313f4c7aa7,hardneg_backpack2,hardneg_backpack2:ae3093ccd194848b,0,0,1,73313f4c7aa75fad303f0cbf7464f283a1a619d2
hardneg_backpack2_aecebd42e058.jpg,hardneg_backpack2_aecebd42e058,hardneg_backpack2,hardneg_backpack2:ae95a7158d3c2724,0,0,1,aecebd42e05871cb32f1d4511dfcd90616c50eb0
hardneg_backpack2_2d01308913b3.jpg,hardneg_backpack2_2d01308913b3,hardneg_backpack2,hardneg_backpack2:b0cf4990f184e210,0,0,1,2d01308913b39bb9c6f11dbfa417fb8730239774
hardneg_backpack2_5ad11e13d36f.jpg,hardneg_backpack2_5ad11e13d36f,hardneg_backpack2,hardneg_backpack2:b16fdfc3271ee6d9,0,0,1,5ad11e13d36ff7ef5e37573d420f30b85ddda41d
hardneg_backpack2_f78bd28841e5.jpg,hardneg_backpack2_f78bd28841e5,hardneg_backpack2,hardneg_backpack2:b1ce8d332e388668,0,0,1,f78bd28841e55dccfc0e6689aa9ca6d8ce17020b
hardneg_backpack2_279b49a6992f.jpg,hardneg_backpack2_279b49a6992f,hardneg_backpack2,hardneg_backpack2:b4ae48e2f770a513,0,0,1,279b49a6992f3448b9be7194ac933309379f7292
hardneg_backpack2_151d118357f8.jpg,hardneg_backpack2_151d118357f8,hardneg_backpack2,hardneg_backpack2:b67ac300a78e21c0,0,0,1,151d118357f8f3ed1b0065270b55c36b0858f10f
hardneg_backpack2_90f67fda1ab2.jpg,hardneg_backpack2_90f67fda1ab2,hardneg_backpack2,hardneg_backpack2:b6ff01395a9abb46,0,0,1,90f67fda1ab21626bb6d0c4f9ff2cfbf275776f4
hardneg_backpack2_ef77e2d2a8a3.jpg,hardneg_backpack2_ef77e2d2a8a3,hardneg_backpack2,hardneg_backpack2:b8c81a2e12abf68b,0,0,1,ef77e2d2a8a3c9710f922ed44c22305b10317c97
hardneg_backpack2_413674a63c80.jpg,hardneg_backpack2_413674a63c80,hardneg_backpack2,hardneg_backpack2:bc9b8eff2f30aa90,0,0,1,413674a63c80253a2eaad9d2f2e96675eb0e1900
hardneg_backpack2_1d6edd16942e.jpg,hardneg_backpack2_1d6edd16942e,hardneg_backpack2,hardneg_backpack2:bf960399c4e9c9bd,0,0,1,1d6edd16942e71bdef07ca3c2f1c265c3643b115
hardneg_backpack2_ef230b93556d.jpg,hardneg_backpack2_ef230b93556d,hardneg_backpack2,hardneg_backpack2:c0dec2a6966dd8bd,0,0,1,ef230b93556dafb0b9565dbf0e9f3f47d19a69d6
hardneg_backpack2_eaaee8750b0a.jpg,hardneg_backpack2_eaaee8750b0a,hardneg_backpack2,hardneg_backpack2:c24ed6b4918513b8,0,0,1,eaaee8750b0ab6224ee5a9185a817d4c584c9fd2
hardneg_backpack2_ff55c5efac5c.jpg,hardneg_backpack2_ff55c5efac5c,hardneg_backpack2,hardneg_backpack2:c32da84a01c5a27d,0,0,1,ff55c5efac5ca2dd63f58809cd03ccd499e4f910
hardneg_backpack2_b2d4eb281b81.jpg,hardneg_backpack2_b2d4eb281b81,hardneg_backpack2,hardneg_backpack2:c4367fc97a3f6ec2,0,0,1,b2d4eb281b8141c1dc8cc9a357dba6d22ad4823b
hardneg_backpack2_96e26b769137.jpg,hardneg_backpack2_96e26b769137,hardneg_backpack2,hardneg_backpack2:c4bcac7288daca58,0,0,1,96e26b7691373ef768244b2d131bc0de11692b63
hardneg_backpack2_622867893d9a.jpg,hardneg_backpack2_622867893d9a,hardneg_backpack2,hardneg_backpack2:c9ae253ecf634564,0,0,1,622867893d9a8d2589d250e50850f96a87218d08
hardneg_backpack2_bef879abad41.jpg,hardneg_backpack2_bef879abad41,hardneg_backpack2,hardneg_backpack2:ce26a2c063c537c8,0,0,1,bef879abad4121ad0160506fd57ca6b27ba4605c
hardneg_backpack2_424bf54c8e9c.jpg,hardneg_backpack2_424bf54c8e9c,hardneg_backpack2,hardneg_backpack2:ce90f07590fc1be2,0,0,1,424bf54c8e9c23c8854780dde4835e4a9c2129dd
hardneg_backpack2_c173eecdac2f.jpg,hardneg_backpack2_c173eecdac2f,hardneg_backpack2,hardneg_backpack2:cf6f6f415ff4d91c,0,0,1,c173eecdac2fe7f0a667169f91a80093e2e313ec
hardneg_backpack2_e8d06633f626.jpg,hardneg_backpack2_e8d06633f626,hardneg_backpack2,hardneg_backpack2:cfc68ad9b87cbe49,0,0,1,e8d06633f62639113236bf89132ac685f0d4119c
hardneg_backpack2_c3000f1a9da3.jpg,hardneg_backpack2_c3000f1a9da3,hardneg_backpack2,hardneg_backpack2:crowd-1546436_960_720,0,0,1,c3000f1a9da3f5757d7dc7439c1755315666d2c2
hardneg_backpack2_34a63a090ff3.jpg,hardneg_backpack2_34a63a090ff3,hardneg_backpack2,hardneg_backpack2:crowd-of-people-on-a-city-street,0,0,1,34a63a090ff3735c0cc2d7f4b85602fc6629640b
hardneg_backpack2_5ab0f1fe95e6.jpg,hardneg_backpack2_5ab0f1fe95e6,hardneg_backpack2,hardneg_backpack2:cy4in0fr67v31,0,0,1,5ab0f1fe95e63f3cade5343c456565bbc78c3531
hardneg_backpack2_515d479d3ec6.jpg,hardneg_backpack2_515d479d3ec6,hardneg_backpack2,hardneg_backpack2:d4cc25114f7eef3c,0,0,1,515d479d3ec6ec2cd2670b35e93ae56d6b3acb08
hardneg_backpack2_e07511a6aeb1.jpg,hardneg_backpack2_e07511a6aeb1,hardneg_backpack2,hardneg_backpack2:d68ff8c9790b373a,0,0,1,e07511a6aeb1dec1249d56a02a231ea23406d4cf
hardneg_backpack2_0b7705470aa3.jpg,hardneg_backpack2_0b7705470aa3,hardneg_backpack2,hardneg_backpack2:d69c609cec1b4a71,0,0,1,0b7705470aa30901e70b5aafe9bbb0e5cd78a046
hardneg_backpack2_d486e7e7e6a5.jpg,hardneg_backpack2_d486e7e7e6a5,hardneg_backpack2,hardneg_backpack2:d69c609cec1b4a71,0,0,1,d486e7e7e6a5dbbb5d275ea3b480630ee1bb1cee
hardneg_backpack2_1eda1c3a3ab0.jpg,hardneg_backpack2_1eda1c3a3ab0,hardneg_backpack2,hardneg_backpack2:d7f864e75c08dd70,0,0,1,1eda1c3a3ab0e2564e2d78c2090d378651ab871f
hardneg_backpack2_0c0d46ac32b6.jpg,hardneg_backpack2_0c0d46ac32b6,hardneg_backpack2,hardneg_backpack2:dca114f1535abb23,0,0,1,0c0d46ac32b69114b71904d83d4a8350848daf6e
hardneg_backpack2_c7886e539bbe.jpg,hardneg_backpack2_c7886e539bbe,hardneg_backpack2,hardneg_backpack2:e3cdbcb14b6708ba,0,0,1,c7886e539bbe86ab8b494ee395ebbad8f3a00f98
hardneg_backpack2_648226c53a58.jpg,hardneg_backpack2_648226c53a58,hardneg_backpack2,hardneg_backpack2:e6b2d348ad9ad536,0,0,1,648226c53a58956b4f279db0abee6de8d9939be6
hardneg_backpack2_77bce9959287.jpg,hardneg_backpack2_77bce9959287,hardneg_backpack2,hardneg_backpack2:eb585c92eff4cbba,0,0,1,77bce9959287dd0df77e8254ddeaef9e9d060fde
hardneg_backpack2_f1c8f93ffcf9.jpg,hardneg_backpack2_f1c8f93ffcf9,hardneg_backpack2,hardneg_backpack2:eca75bbe7b3e4680,0,0,1,f1c8f93ffcf9c99ec7a994dca9b9779b727c3feb
hardneg_backpack2_df014e3bfad0.jpg,hardneg_backpack2_df014e3bfad0,hardneg_backpack2,hardneg_backpack2:ee30729e22f1ed16,0,0,1,df014e3bfad05d8427484bc0fe6b268c9419819c
hardneg_backpack2_94d2b648d18d.jpg,hardneg_backpack2_94d2b648d18d,hardneg_backpack2,hardneg_backpack2:ef7e36e7e5882f9e,0,0,1,94d2b648d18d2c955c7cdebb59c9eef070d98090
hardneg_backpack2_1ea53370394b.jpg,hardneg_backpack2_1ea53370394b,hardneg_backpack2,hardneg_backpack2:f03fc30afffe67bc,0,0,1,1ea53370394bf477989fbb669379570271ea2ff1
hardneg_backpack2_a5ab5f5e89d0.jpg,hardneg_backpack2_a5ab5f5e89d0,hardneg_backpack2,hardneg_backpack2:f1b620612f99329d,0,0,1,a5ab5f5e89d049a03c4245595fd89b6f77d9af19
hardneg_backpack2_c2cb01c61ef1.jpg,hardneg_backpack2_c2cb01c61ef1,hardneg_backpack2,hardneg_backpack2:f348021bcb4286a5,0,0,1,c2cb01c61ef1af3af51117f01490c83d85835fdd
hardneg_backpack2_93c0c2447aac.jpg,hardneg_backpack2_93c0c2447aac,hardneg_backpack2,hardneg_backpack2:f44238bec9ba11f2,0,0,1,93c0c2447aacd3cb2871f6b26df9fb845f21309f
hardneg_backpack2_c98a540a75a0.jpg,hardneg_backpack2_c98a540a75a0,hardneg_backpack2,hardneg_backpack2:f44238bec9ba11f2,0,0,1,c98a540a75a02d459273f244862271c03478181d
hardneg_backpack2_44827e07d4a4.jpg,hardneg_backpack2_44827e07d4a4,hardneg_backpack2,hardneg_backpack2:f5d4998b43af5c43,0,0,1,44827e07d4a41354ec4c12d8c39757d0d4404183
hardneg_backpack2_e7ccab322840.jpg,hardneg_backpack2_e7ccab322840,hardneg_backpack2,hardneg_backpack2:f7e988b4aca0bbf4,0,0,1,e7ccab322840f5af1b9a45d10228efcbfb31e77b
hardneg_backpack2_366ed26201f5.jpg,hardneg_backpack2_366ed26201f5,hardneg_backpack2,hardneg_backpack2:fbe1c6d582c61867,0,0,1,366ed26201f5b527937ae39cbbe2f1e40a0f44e7
hardneg_backpack2_d26ee459bece.jpg,hardneg_backpack2_d26ee459bece,hardneg_backpack2,hardneg_backpack2:fef613aa75b1c5f4,0,0,1,d26ee459becee6fe9cfd6938e8b985a6d6ca70e2
hardneg_backpack2_279838f3ff03.jpg,hardneg_backpack2_279838f3ff03,hardneg_backpack2,hardneg_backpack2:fef613aa75b1c5f4,0,0,1,279838f3ff03326d730f63fe2c0bcf52125357bf
hardneg_backpack2_0eb2ce1ddd3f.jpg,hardneg_backpack2_0eb2ce1ddd3f,hardneg_backpack2,hardneg_backpack2:focused_171147530-stock-photo-man-walking-with-backpack-2,0,0,1,0eb2ce1ddd3f36267d766d04e38b56eb00c92a90
hardneg_backpack2_8da4d5864617.jpg,hardneg_backpack2_8da4d5864617,hardneg_backpack2,hardneg_backpack2:giant-jansport-backpack-9762,0,0,1,8da4d58646176d1e4a64ec29ad41ca73b98e1fa6
hardneg_backpack2_70c7e711f8dc.jpg,hardneg_backpack2_70c7e711f8dc,hardneg_backpack2,hardneg_backpack2:goods_09_445075,0,0,1,70c7e711f8dcce37dbb855bd71f429f16b1a47e4
hardneg_backpack2_aed75bfa1fc1.jpg,hardneg_backpack2_aed75bfa1fc1,hardneg_backpack2,hardneg_backpack2:hayward-backpack-26l-1wD06c_png,0,0,1,aed75bfa1fc1569b910f9c12c4005ba784a12b40
hardneg_backpack2_9173fa6f5fa4.jpg,hardneg_backpack2_9173fa6f5fa4,hardneg_backpack2,hardneg_backpack2:images_jpeg,0,0,1,9173fa6f5fa4b50a4328a1b556c40c1a754565be
hardneg_backpack2_2f770e47ad9d.jpg,hardneg_backpack2_2f770e47ad9d,hardneg_backpack2,hardneg_backpack2:istockphoto-1363336288-612x612,0,0,1,2f770e47ad9dc9a3dc970e5d3a4f11567c09c9ba
hardneg_backpack2_4cf4fa269c4c.jpg,hardneg_backpack2_4cf4fa269c4c,hardneg_backpack2,hardneg_backpack2:istockphoto-823000694-612x612,0,0,1,4cf4fa269c4c24dfc5904b0290ca7c4d8e6a7180
hardneg_backpack2_d1ae72f5971a.jpg,hardneg_backpack2_d1ae72f5971a,hardneg_backpack2,hardneg_backpack2:istockphoto-912309504-612x612,0,0,1,d1ae72f5971adf53732529d809b2aa5317e99245
hardneg_backpack2_555986e7bf23.jpg,hardneg_backpack2_555986e7bf23,hardneg_backpack2,hardneg_backpack2:louis-vuitton-discovery-backpack-damier-other-bags-M59913_PM2_Front-view,0,0,1,555986e7bf239167d575ea5f313e21c5b2329264
hardneg_backpack2_8dbad3255051.jpg,hardneg_backpack2_8dbad3255051,hardneg_backpack2,hardneg_backpack2:metallic-pink-fydelity-backpack,0,0,1,8dbad32550513543e6d1fdbde6ac6f7712c963bb
hardneg_backpack2_7d0d26a0fe02.jpg,hardneg_backpack2_7d0d26a0fe02,hardneg_backpack2,hardneg_backpack2:pic,0,0,1,7d0d26a0fe02fe805e0096ff9ac65545a0a2c977
hardneg_backpack2_2f322b4c5e28.jpg,hardneg_backpack2_2f322b4c5e28,hardneg_backpack2,hardneg_backpack2:pl-bgn-cd-11_1_1_jpeg,0,0,1,2f322b4c5e28efad941e1880ee54d062a22e43a4
hardneg_backpack2_babdc91f6d70.jpg,hardneg_backpack2_babdc91f6d70,hardneg_backpack2,hardneg_backpack2:portsmouth-hampshire-uk-couple-wearing-backpacks-walking-crowd-outdoor-festival-161313350,0,0,1,babdc91f6d70e2ab59198c166fc3add25c705423
hardneg_backpack2_d37b73588858.jpg,hardneg_backpack2_d37b73588858,hardneg_backpack2,hardneg_backpack2:rossen-reports-see-something-today-tease-001-170724,0,0,1,d37b735888589cc59c390dcb3efd1bfffb6165e3
hardneg_backpack2_8331e335f262.jpg,hardneg_backpack2_8331e335f262,hardneg_backpack2,hardneg_backpack2:s-l1600,0,0,1,8331e335f262cb7622b2bc8ea66942a2ba06caca
hardneg_backpack2_7fd3681e0525.jpg,hardneg_backpack2_7fd3681e0525,hardneg_backpack2,hardneg_backpack2:stw-2019-08-15-Evoc-World-Traveller-125-case,0,0,1,7fd3681e052527d725417b1a75377abfcc044a01
hardneg_backpack2_2c70754c5a1a.jpg,hardneg_backpack2_2c70754c5a1a,hardneg_backpack2,hardneg_backpack2:000943b7d17f5382,0,0,1,2c70754c5a1a9b77829162793617f09d4e7fec19
hardneg_backpack2_3c1c2c48db0b.jpg,hardneg_backpack2_3c1c2c48db0b,hardneg_backpack2,hardneg_backpack2:001ecd354d10de85,0,0,1,3c1c2c48db0b885444343fc846924fa700cb760c
hardneg_backpack2_2985e50cf602.jpg,hardneg_backpack2_2985e50cf602,hardneg_backpack2,hardneg_backpack2:0024ff87d54ce378,0,0,1,2985e50cf602b435efc317f4740db312568a96a6
hardneg_backpack2_a4ed0d8449a0.jpg,hardneg_backpack2_a4ed0d8449a0,hardneg_backpack2,hardneg_backpack2:003467483d7814ee,0,0,1,a4ed0d8449a0189ba34d8c92f12bf071a380c984
hardneg_backpack2_36a773fdde8d.jpg,hardneg_backpack2_36a773fdde8d,hardneg_backpack2,hardneg_backpack2:004f91491e0cb211,0,0,1,36a773fdde8dd1951855c94a2ed4130d31416214
hardneg_backpack2_5dd48436cdf0.jpg,hardneg_backpack2_5dd48436cdf0,hardneg_backpack2,hardneg_backpack2:005241bcf968699f,0,0,1,5dd48436cdf0949602f43c099f60f7027187ea8b
hardneg_backpack2_57b8957be2f3.jpg,hardneg_backpack2_57b8957be2f3,hardneg_backpack2,hardneg_backpack2:00671ffe8a33c6ee,0,0,1,57b8957be2f34aaed0d068a5cfd68466a1faba64
hardneg_backpack2_ec6d777d586c.jpg,hardneg_backpack2_ec6d777d586c,hardneg_backpack2,hardneg_backpack2:007a9f4d947d83a6,0,0,1,ec6d777d586c3ac39531d768a4404d629c268d6d
hardneg_backpack2_660812d9aa8f.jpg,hardneg_backpack2_660812d9aa8f,hardneg_backpack2,hardneg_backpack2:0084d58afd2dc92b,0,0,1,660812d9aa8f5ce47e08cc6b54a5a3ca6ff5f2d0
hardneg_backpack2_358edacff73a.jpg,hardneg_backpack2_358edacff73a,hardneg_backpack2,hardneg_backpack2:00dec03b2c78bd56,0,0,1,358edacff73a66761cec04bd4c5f23452b6fed4a
hardneg_backpack2_9b08b0e82a0d.jpg,hardneg_backpack2_9b08b0e82a0d,hardneg_backpack2,hardneg_backpack2:012c6b87a957df87,0,0,1,9b08b0e82a0de8cf2fc5f233979549ce20f69c87
hardneg_backpack2_f48c3af30f3e.jpg,hardneg_backpack2_f48c3af30f3e,hardneg_backpack2,hardneg_backpack2:0194133390395_p0_v1_s1200x630,0,0,1,f48c3af30f3e55d3a7446a4ffa12a1c59d2222cc
hardneg_backpack2_a1de29a1640d.jpg,hardneg_backpack2_a1de29a1640d,hardneg_backpack2,hardneg_backpack2:022516_Backpacks-1-683x1024,0,0,1,a1de29a1640d57e5b4150dfea72af096d025865d
hardneg_backpack2_aa234f9e2679.jpg,hardneg_backpack2_aa234f9e2679,hardneg_backpack2,hardneg_backpack2:0225e558e7150eb1,0,0,1,aa234f9e267964429ae3e16d8d5f620e0148c0b5
hardneg_backpack2_85000bfd71e9.jpg,hardneg_backpack2_85000bfd71e9,hardneg_backpack2,hardneg_backpack2:040aff9d19cb7de2,0,0,1,85000bfd71e92e7f22bf49e02bd66c34ddf5f0da
hardneg_backpack2_e03fc5a12f21.jpg,hardneg_backpack2_e03fc5a12f21,hardneg_backpack2,hardneg_backpack2:052d034bd8870751,0,0,1,e03fc5a12f216154d9ba78df7887afa83653fe7a
hardneg_backpack2_e0daf5de81f5.jpg,hardneg_backpack2_e0daf5de81f5,hardneg_backpack2,hardneg_backpack2:05bc3594b20f9fd4,0,0,1,e0daf5de81f532b35f44bfaa104f01b76bf02d83
hardneg_backpack2_e45e3a458de5.jpg,hardneg_backpack2_e45e3a458de5,hardneg_backpack2,hardneg_backpack2:06ffa6d77cb008cc,0,0,1,e45e3a458de594e0f6e048e178a8695530351e37
hardneg_backpack2_8320632506ef.jpg,hardneg_backpack2_8320632506ef,hardneg_backpack2,hardneg_backpack2:072d417e31a2e7b0,0,0,1,8320632506efdecd2e75db7f1149795874ca178b
hardneg_backpack2_7bfffdc3200a.jpg,hardneg_backpack2_7bfffdc3200a,hardneg_backpack2,hardneg_backpack2:0fa26823cc8eb3fe,0,0,1,7bfffdc3200a13a1019dead279e60973dac28273
hardneg_backpack2_2c3bd30909c7.jpg,hardneg_backpack2_2c3bd30909c7,hardneg_backpack2,hardneg_backpack2:0ff25784196ae28a,0,0,1,2c3bd30909c72c3b29e70b9a06cfdd7579ea9313
hardneg_backpack2_710979fe7d27.jpg,hardneg_backpack2_710979fe7d27,hardneg_backpack2,hardneg_backpack2:10595073c3422975,0,0,1,710979fe7d27d89d4fb03ef4d9787b90da544bdf
hardneg_backpack2_6178a92ed13d.jpg,hardneg_backpack2_6178a92ed13d,hardneg_backpack2,hardneg_backpack2:140415-boston-backpack-jms-2109,0,0,1,6178a92ed13debca300c955485ee21acf56218fd
hardneg_backpack2_711042980cb4.jpg,hardneg_backpack2_711042980cb4,hardneg_backpack2,hardneg_backpack2:16045abc7dd5858d,0,0,1,711042980cb46a5dee63bfd7cec436b421c4c264
hardneg_backpack2_9f8a7cf98f57.jpg,hardneg_backpack2_9f8a7cf98f57,hardneg_backpack2,hardneg_backpack2:1685e8c0f4065ad1,0,0,1,9f8a7cf98f5721e30cfdc0ebc7839d9b76f6ec42
hardneg_backpack2_a48e5b79fd2c.jpg,hardneg_backpack2_a48e5b79fd2c,hardneg_backpack2,hardneg_backpack2:19225fa3327bd16c,0,0,1,a48e5b79fd2c84e38ca7d5033671ee759f6d5fdf
hardneg_backpack2_4237709f53d8.jpg,hardneg_backpack2_4237709f53d8,hardneg_backpack2,hardneg_backpack2:1a852c7b2f70e652,0,0,1,4237709f53d8be32384f9cecd918780cd0fd87c0
hardneg_backpack2_e52e6b4e1649.jpg,hardneg_backpack2_e52e6b4e1649,hardneg_backpack2,hardneg_backpack2:1cc5b143ad2b5046,0,0,1,e52e6b4e1649d62722611ac51ed6287b1e109995
hardneg_backpack2_18594d4327f8.jpg,hardneg_backpack2_18594d4327f8,hardneg_backpack2,hardneg_backpack2:1d86627bb8924784,0,0,1,18594d4327f80331f1e417695c7dfbc04a031f99
hardneg_backpack2_4c8b58a0de80.jpg,hardneg_backpack2_4c8b58a0de80,hardneg_backpack2,hardneg_backpack2:1db398a07dbf7789,0,0,1,4c8b58a0de80927f40b4b3cd8375eca7b1f57e1a
hardneg_backpack2_5ad337a510eb.jpg,hardneg_backpack2_5ad337a510eb,hardneg_backpack2,hardneg_backpack2:1e0ba45519daa765,0,0,1,5ad337a510eb632d2148b2688bbbba8405262b3e
hardneg_backpack2_ed252e1696c9.jpg,hardneg_backpack2_ed252e1696c9,hardneg_backpack2,hardneg_backpack2:1f4b22bc496f9fcc,0,0,1,ed252e1696c9bc902b76ec293f18fa9428ac0bc0
hardneg_backpack2_7791c16b5bb8.jpg,hardneg_backpack2_7791c16b5bb8,hardneg_backpack2,hardneg_backpack2:2022-02-19-133733_1,0,0,1,7791c16b5bb8087a09c11d998745deea54447673
hardneg_backpack2_8f18fae4b484.jpg,hardneg_backpack2_8f18fae4b484,hardneg_backpack2,hardneg_backpack2:2022-02-19-133733_2,0,0,1,8f18fae4b484bd8b2b597b6fe60199fd955d49e6
hardneg_backpack2_cf3324f9ae48.jpg,hardneg_backpack2_cf3324f9ae48,hardneg_backpack2,hardneg_backpack2:2022-02-19-133733_6,0,0,1,cf3324f9ae48430ef236402a5d209f9ae9635cd1
hardneg_backpack2_90ea46901887.jpg,hardneg_backpack2_90ea46901887,hardneg_backpack2,hardneg_backpack2:2022-02-19-133816_10,0,0,1,90ea46901887df66cee44ad96fe36380a74994d3
hardneg_backpack2_52c1b112dd96.jpg,hardneg_backpack2_52c1b112dd96,hardneg_backpack2,hardneg_backpack2:2022-02-19-133816_4,0,0,1,52c1b112dd9680e273724d5d43546f423e60aac0
hardneg_backpack2_70ab3c7cd9df.jpg,hardneg_backpack2_70ab3c7cd9df,hardneg_backpack2,hardneg_backpack2:2022-02-19-133816_8,0,0,1,70ab3c7cd9df16d8b21caea81b32927711ef51c7
hardneg_backpack2_7da5d648126c.jpg,hardneg_backpack2_7da5d648126c,hardneg_backpack2,hardneg_backpack2:2022-02-19-133913_2,0,0,1,7da5d648126ccd8daafc6e4d9e60ebd7a91b0343
hardneg_backpack2_636038646c1b.jpg,hardneg_backpack2_636038646c1b,hardneg_backpack2,hardneg_backpack2:2022-02-19-133913_5,0,0,1,636038646c1bbeba56305c37cb15aec6dfb0699c
hardneg_backpack2_0bccdadad9c3.jpg,hardneg_backpack2_0bccdadad9c3,hardneg_backpack2,hardneg_backpack2:2022-02-19-133913_9,0,0,1,0bccdadad9c30191d67b37df633feb55dfcd70a1
hardneg_backpack2_d58bae3bedcb.jpg,hardneg_backpack2_d58bae3bedcb,hardneg_backpack2,hardneg_backpack2:2022-02-19-133913_9,0,0,1,d58bae3bedcbba86a414fe8b374b93ec088828bb
hardneg_backpack2_676020801063.jpg,hardneg_backpack2_676020801063,hardneg_backpack2,hardneg_backpack2:2022-02-19-133954_4,0,0,1,676020801063a5fd76d413e99e0758c78db23d51
hardneg_backpack2_a7c1aba0663c.jpg,hardneg_backpack2_a7c1aba0663c,hardneg_backpack2,hardneg_backpack2:2022-02-19-134007_1,0,0,1,a7c1aba0663ce639ec2363bfbe382ac8d16c1bad
hardneg_backpack2_dcaf60477ed2.jpg,hardneg_backpack2_dcaf60477ed2,hardneg_backpack2,hardneg_backpack2:2022-02-19-134007_1,0,0,1,dcaf60477ed27ffa990331db7ddc337f302565d1
hardneg_backpack2_07a31f7efc19.jpg,hardneg_backpack2_07a31f7efc19,hardneg_backpack2,hardneg_backpack2:2022-02-19-134007_4,0,0,1,07a31f7efc190c3f6b151981928a1dad2dffec35
hardneg_backpack2_b4b9b3f89955.jpg,hardneg_backpack2_b4b9b3f89955,hardneg_backpack2,hardneg_backpack2:2022-02-19-134007_6,0,0,1,b4b9b3f89955bd457bddd2ac097f76b22cd55e9f
hardneg_backpack2_b85c5681088b.jpg,hardneg_backpack2_b85c5681088b,hardneg_backpack2,hardneg_backpack2:2022-02-19-134007_7,0,0,1,b85c5681088bc29db606a083369f6c8eacbad0e1
hardneg_backpack2_9f2d9f8807a1.jpg,hardneg_backpack2_9f2d9f8807a1,hardneg_backpack2,hardneg_backpack2:2022-02-19-134025_10,0,0,1,9f2d9f8807a118a00493ae34ada4a824e232a34a
hardneg_backpack2_39a172c074d1.jpg,hardneg_backpack2_39a172c074d1,hardneg_backpack2,hardneg_backpack2:2022-02-19-134025_2,0,0,1,39a172c074d194fcf111b07b49f22eafdaf09016
hardneg_backpack2_df563cb45aec.jpg,hardneg_backpack2_df563cb45aec,hardneg_backpack2,hardneg_backpack2:2022-02-19-134043_4,0,0,1,df563cb45aec83601e561b67f5ea300dc510c4f6
hardneg_backpack2_4646397235ae.jpg,hardneg_backpack2_4646397235ae,hardneg_backpack2,hardneg_backpack2:2022-02-19-134043_7,0,0,1,4646397235ae36739478ee76df30f31d6234d55a
hardneg_backpack2_50fca6800056.jpg,hardneg_backpack2_50fca6800056,hardneg_backpack2,hardneg_backpack2:2893ba9d77c91c8a,0,0,1,50fca680005604cd0f9f625d603df3ab149c03e6
hardneg_backpack2_b461839c5703.jpg,hardneg_backpack2_b461839c5703,hardneg_backpack2,hardneg_backpack2:290b8933f1115653,0,0,1,b461839c570378eccd50f2673b6e3f13982f0e71
hardneg_backpack2_30aa7adc7427.jpg,hardneg_backpack2_30aa7adc7427,hardneg_backpack2,hardneg_backpack2:2a2a73604659362e,0,0,1,30aa7adc7427def84c0f0151df56fdd1a6f6d3b1
hardneg_backpack2_13774c4da18c.jpg,hardneg_backpack2_13774c4da18c,hardneg_backpack2,hardneg_backpack2:30efc2d36f2bcdb3,0,0,1,13774c4da18c175affd6a74a6c77f7a446674405
hardneg_backpack2_3cfcf44f01c6.jpg,hardneg_backpack2_3cfcf44f01c6,hardneg_backpack2,hardneg_backpack2:31ddc0f5f49d31ca,0,0,1,3cfcf44f01c618fbabfd92c7468946cc5550a83c
hardneg_backpack2_9f95c0d589f8.jpg,hardneg_backpack2_9f95c0d589f8,hardneg_backpack2,hardneg_backpack2:33400a37923526dd,0,0,1,9f95c0d589f89fbee391d95f4b7d364f49f2d951
hardneg_backpack2_5ae948e04325.jpg,hardneg_backpack2_5ae948e04325,hardneg_backpack2,hardneg_backpack2:33bff403bdea0de7,0,0,1,5ae948e04325c49258493c9a9876466feeee22ee
hardneg_backpack2_a0f53836aa28.jpg,hardneg_backpack2_a0f53836aa28,hardneg_backpack2,hardneg_backpack2:35e28a1ba2cea2a6,0,0,1,a0f53836aa28522f47202bbe2190fa6a19b27720
hardneg_backpack2_55240f3adfa5.jpg,hardneg_backpack2_55240f3adfa5,hardneg_backpack2,hardneg_backpack2:39416bbb3a333486,0,0,1,55240f3adfa5082a22c705a6613f3a4986ecedfa
hardneg_backpack2_9e847a877bda.jpg,hardneg_backpack2_9e847a877bda,hardneg_backpack2,hardneg_backpack2:39fa25a18212ac07,0,0,1,9e847a877bda13c16c19b2e98cfe3b7fbcd885b5
hardneg_backpack2_427cf76f3c41.jpg,hardneg_backpack2_427cf76f3c41,hardneg_backpack2,hardneg_backpack2:3e57158e1b37f9c8,0,0,1,427cf76f3c41106e30839e0a749950a393c41718
hardneg_backpack2_fe52e9644322.jpg,hardneg_backpack2_fe52e9644322,hardneg_backpack2,hardneg_backpack2:3ef5b7bdb863c2ec,0,0,1,fe52e9644322fee51a293d6521f9bca313820dd0
hardneg_backpack2_b74e50a3d0fd.jpg,hardneg_backpack2_b74e50a3d0fd,hardneg_backpack2,hardneg_backpack2:4443777067629ade,0,0,1,b74e50a3d0fd0903e98cde6cef080a132b132d82
hardneg_backpack2_4ac34c8c1e53.jpg,hardneg_backpack2_4ac34c8c1e53,hardneg_backpack2,hardneg_backpack2:4625c10465448445,0,0,1,4ac34c8c1e53f1ba7f3d5edb8ca732c18d6af31d
hardneg_backpack2_1cfcdecd3d60.jpg,hardneg_backpack2_1cfcdecd3d60,hardneg_backpack2,hardneg_backpack2:4787329290e4199b,0,0,1,1cfcdecd3d60987babe99214a3f4821704532285
hardneg_backpack2_d02da7ad6316.jpg,hardneg_backpack2_d02da7ad6316,hardneg_backpack2,hardneg_backpack2:49608244a55dfa54,0,0,1,d02da7ad6316346b8ccb3b5120080b3430a46fe4
hardneg_backpack2_07b851d4210c.jpg,hardneg_backpack2_07b851d4210c,hardneg_backpack2,hardneg_backpack2:4a3f7d90845f48b7,0,0,1,07b851d4210c2c39f7e31d6aa95dd88dc93df40c
hardneg_backpack2_eb10b8e4ecbb.jpg,hardneg_backpack2_eb10b8e4ecbb,hardneg_backpack2,hardneg_backpack2:4b5aa4b67b098042,0,0,1,eb10b8e4ecbb0adc514ca08db127bf69187a030e
hardneg_backpack2_fdf5d238c8a7.jpg,hardneg_backpack2_fdf5d238c8a7,hardneg_backpack2,hardneg_backpack2:4bba394d7c026b91,0,0,1,fdf5d238c8a70c1273a146b7c1a20e12a0a00616
hardneg_backpack2_12579416312b.jpg,hardneg_backpack2_12579416312b,hardneg_backpack2,hardneg_backpack2:4defa5e4-7815-450e-ac6f-c07975927108_1920x1080,0,0,1,12579416312b2a1e818a194e0d4270a0cf5e813e
hardneg_backpack2_6d25867b7b75.jpg,hardneg_backpack2_6d25867b7b75,hardneg_backpack2,hardneg_backpack2:5241cd2a5381cdcf,0,0,1,6d25867b7b753d9cc72a6b223f9bfabd932af899
hardneg_backpack2_96b348ba48c8.jpg,hardneg_backpack2_96b348ba48c8,hardneg_backpack2,hardneg_backpack2:5709462403_00233424df_b,0,0,1,96b348ba48c81060c11fdd57b6a262a8d68f119b
hardneg_backpack2_f41dcdc5faf0.jpg,hardneg_backpack2_f41dcdc5faf0,hardneg_backpack2,hardneg_backpack2:6003976ebcdd9eef,0,0,1,f41dcdc5faf0d1beb729e438e68c0b9fd7c8b275
hardneg_backpack2_e9b1aaea7a06.jpg,hardneg_backpack2_e9b1aaea7a06,hardneg_backpack2,hardneg_backpack2:63bbd5cf931ce4fc,0,0,1,e9b1aaea7a06e7d54787ecb89f38713c94cdf83d
hardneg_backpack2_502467e12912.jpg,hardneg_backpack2_502467e12912,hardneg_backpack2,hardneg_backpack2:65fa73cdebcd24ec,0,0,1,502467e12912a81a11ffcb960768613470d413c3
hardneg_backpack2_96daf7c97b2d.jpg,hardneg_backpack2_96daf7c97b2d,hardneg_backpack2,hardneg_backpack2:733b391ee3f3a7ae,0,0,1,96daf7c97b2ddeb98c10ef52ed3374ac14d68de3
hardneg_backpack2_0b3156497422.jpg,hardneg_backpack2_0b3156497422,hardneg_backpack2,hardneg_backpack2:805e924ac818105c,0,0,1,0b315649742257deaa96e50e2916efc895fc8e7f
hardneg_backpack2_aed37267de08.jpg,hardneg_backpack2_aed37267de08,hardneg_backpack2,hardneg_backpack2:82809414fb6ba8d7,0,0,1,aed37267de08a0b0b3e4dfbe38de16b7f5f1a4bf
hardneg_backpack2_bdd8c7646aec.jpg,hardneg_backpack2_bdd8c7646aec,hardneg_backpack2,hardneg_backpack2:88e3d15b8fb29be1,0,0,1,bdd8c7646aec4fcdc34035077a1ed0e09449610a
hardneg_backpack2_0edeaca8418f.jpg,hardneg_backpack2_0edeaca8418f,hardneg_backpack2,hardneg_backpack2:8bffbc69181e461c,0,0,1,0edeaca8418f41fe028a007817bdac3400a7a6ba
hardneg_backpack2_73d2718dc680.jpg,hardneg_backpack2_73d2718dc680,hardneg_backpack2,hardneg_backpack2:8e1bfe894cedf1de,0,0,1,73d2718dc6807843b8b63f439cd5ffdd7b3cdf01
hardneg_backpack2_14b15e9699f0.jpg,hardneg_backpack2_14b15e9699f0,hardneg_backpack2,hardneg_backpack2:913eeed7e5021e71,0,0,1,14b15e9699f0d40c7792926bf19e1189be138e4c
hardneg_backpack2_1189d72db1cc.jpg,hardneg_backpack2_1189d72db1cc,hardneg_backpack2,hardneg_backpack2:9479c989-ad95-47d8-a83a-f0cde9486153_1-14803809d97febb19ddda8168677da5d_jpeg,0,0,1,1189d72db1cc8449ba24ef63ab353bea1fd0ecd5
hardneg_backpack2_52508b14bdd6.jpg,hardneg_backpack2_52508b14bdd6,hardneg_backpack2,hardneg_backpack2:94fedfe3856ff86f,0,0,1,52508b14bdd60713cfad4b7f3c967eb18b36ab3b
hardneg_backpack2_a985d458ab15.jpg,hardneg_backpack2_a985d458ab15,hardneg_backpack2,hardneg_backpack2:97af608ef6c0fe7d,0,0,1,a985d458ab1556b0cbd8df14b1612d68ad76f87e
hardneg_backpack2_c0e56ec1dc58.jpg,hardneg_backpack2_c0e56ec1dc58,hardneg_backpack2,hardneg_backpack2:99ccfe6f52b96de6,0,0,1,c0e56ec1dc589669206697286da586baf43a7775
hardneg_backpack2_272c55953fc3.jpg,hardneg_backpack2_272c55953fc3,hardneg_backpack2,hardneg_backpack2:9db22cc67ca200b1,0,0,1,272c55953fc365e9aa950ac54ed4cc9dd2634204
hardneg_backpack2_f6d350536459.jpg,hardneg_backpack2_f6d350536459,hardneg_backpack2,hardneg_backpack2:Chris-Gampat-The-Phoblographer-BAGSMART-Camera-Backpack-review-product-images-21-125s400-5-770x513,0,0,1,f6d350536459748d7b9fe5c36a5b7eda3b855c17
hardneg_backpack2_99accebea15f.jpg,hardneg_backpack2_99accebea15f,hardneg_backpack2,hardneg_backpack2:Crowd-in-New-York-1200x628,0,0,1,99accebea15f1ed5d7ee78dbdae3668f1b0aee9c
hardneg_backpack2_fbc57b6ee8c6.jpg,hardneg_backpack2_fbc57b6ee8c6,hardneg_backpack2,hardneg_backpack2:DALL-E-2022-11-14-18-52-34-unattended-backpack-in-airport_png,0,0,1,fbc57b6ee8c655c8fdbe3e3d73829014a785ba90
hardneg_backpack2_7c35fa6b6b91.jpg,hardneg_backpack2_7c35fa6b6b91,hardneg_backpack2,hardneg_backpack2:DALL-E-2022-11-14-18-53-08-unattended-backpack-in-airport_png,0,0,1,7c35fa6b6b91f36653243f016e30e83ee09b89da
hardneg_backpack2_6754552d8942.jpg,hardneg_backpack2_6754552d8942,hardneg_backpack2,hardneg_backpack2:DALL-E-2022-11-14-18-53-38-unattended-backpack-in-airport-viewed-from-far-away_png,0,0,1,6754552d894262ede74d1033a29a4cd83a068517
hardneg_backpack2_f050d9befc44.jpg,hardneg_backpack2_f050d9befc44,hardneg_backpack2,hardneg_backpack2:GUEST_37f404c0-6daf-4bb8-b9ff-69941e7c2946_jpeg,0,0,1,f050d9befc443da93da705efab732e345a25b2ee
hardneg_backpack2_e7653c0d4766.jpg,hardneg_backpack2_e7653c0d4766,hardneg_backpack2,hardneg_backpack2:HALL-900x681,0,0,1,e7653c0d47666ca1ae0d48e1fc2756711e92dbda
hardneg_backpack2_47f77453ce03.jpg,hardneg_backpack2_47f77453ce03,hardneg_backpack2,hardneg_backpack2:IMG_7910,0,0,1,47f77453ce035f9c00abc1b1703518d0e899ab9c
hardneg_backpack2_b0daa77dcf15.jpg,hardneg_backpack2_b0daa77dcf15,hardneg_backpack2,hardneg_backpack2:IMG_7912,0,0,1,b0daa77dcf1519d0c7006cd031298e05ac4291a7
hardneg_backpack2_a130225c60b0.jpg,hardneg_backpack2_a130225c60b0,hardneg_backpack2,hardneg_backpack2:IMG_7918,0,0,1,a130225c60b0dfbdc123f6fda33be4388320b632
hardneg_backpack2_3b200709cff3.jpg,hardneg_backpack2_3b200709cff3,hardneg_backpack2,hardneg_backpack2:IMG_7922,0,0,1,3b200709cff3e15b960e1adadee7c691ed558ad0
hardneg_backpack2_84b89efd893c.jpg,hardneg_backpack2_84b89efd893c,hardneg_backpack2,hardneg_backpack2:IMG_7928,0,0,1,84b89efd893c5808ad26f17461c70c7c3c2c5919
hardneg_backpack2_e38abeafe100.jpg,hardneg_backpack2_e38abeafe100,hardneg_backpack2,hardneg_backpack2:IMG_7946,0,0,1,e38abeafe100f5ebd366f8ca4918b0df943fd50b
hardneg_backpack2_c8f0014a951f.jpg,hardneg_backpack2_c8f0014a951f,hardneg_backpack2,hardneg_backpack2:IMG_7958,0,0,1,c8f0014a951f315fcdc109f03b0fde6c427a88d3
hardneg_backpack2_e4e7cab6f543.jpg,hardneg_backpack2_e4e7cab6f543,hardneg_backpack2,hardneg_backpack2:IMG_7961,0,0,1,e4e7cab6f543b63e64a0b17368e5a0310cd72649
hardneg_backpack2_936e49ae5c99.jpg,hardneg_backpack2_936e49ae5c99,hardneg_backpack2,hardneg_backpack2:IMG_7964,0,0,1,936e49ae5c994d8fcb7009f7d6e8d335b6ac6cc9
hardneg_backpack2_ae6a9f7caa30.jpg,hardneg_backpack2_ae6a9f7caa30,hardneg_backpack2,hardneg_backpack2:IMG_7976,0,0,1,ae6a9f7caa309b5df0a6da2b4af1cf27b340759c
hardneg_backpack2_011aa9cea77b.jpg,hardneg_backpack2_011aa9cea77b,hardneg_backpack2,hardneg_backpack2:IMG_7991,0,0,1,011aa9cea77b86bb9c03c53ec014a23497e943d7
hardneg_backpack2_785b45389495.jpg,hardneg_backpack2_785b45389495,hardneg_backpack2,hardneg_backpack2:IMG_8018_MOV-1,0,0,1,785b453894954a8f235c60678367ae0f93ce8838
hardneg_backpack2_748b33dba1a2.jpg,hardneg_backpack2_748b33dba1a2,hardneg_backpack2,hardneg_backpack2:IMG_8019_MOV-11,0,0,1,748b33dba1a206e9dfb4453eca5ff0626a563a6b
hardneg_backpack2_bdc7d0449b00.jpg,hardneg_backpack2_bdc7d0449b00,hardneg_backpack2,hardneg_backpack2:IMG_8019_MOV-1,0,0,1,bdc7d0449b0084e74190e4fbe535f9d100819c0c
hardneg_backpack2_211492336129.jpg,hardneg_backpack2_211492336129,hardneg_backpack2,hardneg_backpack2:IMG_8020_MOV-25,0,0,1,211492336129102086b4a46ad7be57640d72ab3f
hardneg_backpack2_6ac3f6e938e1.jpg,hardneg_backpack2_6ac3f6e938e1,hardneg_backpack2,hardneg_backpack2:IMG_8022_MOV-11,0,0,1,6ac3f6e938e141fdfce32924ce5bac595c569558
hardneg_backpack2_7d6fc514f5d4.jpg,hardneg_backpack2_7d6fc514f5d4,hardneg_backpack2,hardneg_backpack2:R-41985f63808e556bc72c2f6af4df504b_jpeg,0,0,1,7d6fc514f5d45fb9f3beeb10d1b0c89a7e091fda
hardneg_backpack2_22642ef6071c.jpg,hardneg_backpack2_22642ef6071c,hardneg_backpack2,hardneg_backpack2:SUPD-Unattended-Bag-960x640-2,0,0,1,22642ef6071cabde798f1b589bf5d4670ad71263
hardneg_backpack2_fba81e969729.jpg,hardneg_backpack2_fba81e969729,hardneg_backpack2,hardneg_backpack2:Traveler-woman-plan-and-backpack-see-the-airplane-at-the-airport-3,0,0,1,fba81e96972943a00339c9354f2ec5f22724b893
hardneg_backpack2_a9651114ee03.jpg,hardneg_backpack2_a9651114ee03,hardneg_backpack2,hardneg_backpack2:Waist-Straps,0,0,1,a9651114ee03e0a2458e465f88df3484908a2bc3
hardneg_backpack2_a0808916716d.jpg,hardneg_backpack2_a0808916716d,hardneg_backpack2,hardneg_backpack2:a4d4dc5f49d1dedf,0,0,1,a0808916716d6968db9c46526c2c182906ed0f1e
hardneg_backpack2_02d2f247ec75.jpg,hardneg_backpack2_02d2f247ec75,hardneg_backpack2,hardneg_backpack2:ad40ad74b8a8084d,0,0,1,02d2f247ec75038bb800de276895aa5f78d68636
hardneg_backpack2_170c740202f6.jpg,hardneg_backpack2_170c740202f6,hardneg_backpack2,hardneg_backpack2:ae3093ccd194848b,0,0,1,170c740202f681e6b10300c1aed59f2f7671d7f3
hardneg_backpack2_b0e3258e1230.jpg,hardneg_backpack2_b0e3258e1230,hardneg_backpack2,hardneg_backpack2:b5af8a92476c0176,0,0,1,b0e3258e1230d713c50580008ef19051ef48504c
hardneg_backpack2_2590aaf305ad.jpg,hardneg_backpack2_2590aaf305ad,hardneg_backpack2,hardneg_backpack2:bdf6242d57972548,0,0,1,2590aaf305adf27e72f19a20bcb6f21c7eaaacd2
hardneg_backpack2_914519464add.jpg,hardneg_backpack2_914519464add,hardneg_backpack2,hardneg_backpack2:brighton-schools-bond-5pkg-transfer,0,0,1,914519464addde50828a87182e5d440e10755f2c
hardneg_backpack2_596628c7f6d8.jpg,hardneg_backpack2_596628c7f6d8,hardneg_backpack2,hardneg_backpack2:c65f3668a8192af2,0,0,1,596628c7f6d8900714db97a91ea9d1a6d8712618
hardneg_backpack2_c54026fea74d.jpg,hardneg_backpack2_c54026fea74d,hardneg_backpack2,hardneg_backpack2:c6c2e89fe26e3cb8,0,0,1,c54026fea74d9450898a94ac48cbe4bf8c25629e
hardneg_backpack2_3ce483736f45.jpg,hardneg_backpack2_3ce483736f45,hardneg_backpack2,hardneg_backpack2:c6c2e89fe26e3cb8,0,0,1,3ce483736f4597521584b3d4ffe3c4c734e79c7e
hardneg_backpack2_39fd254d65bc.jpg,hardneg_backpack2_39fd254d65bc,hardneg_backpack2,hardneg_backpack2:dac4233b-011f-46dc-8b05-a56e796d32da-large1x1_SuspiciousbackpackleftatPolkCountyHistoricCourthouseonAugust82016,0,0,1,39fd254d65bcd43cdc9e2ae80c38152e0d9fc572
hardneg_backpack2_15884a56a926.jpg,hardneg_backpack2_15884a56a926,hardneg_backpack2,hardneg_backpack2:e5fde2a36bd60b44,0,0,1,15884a56a926da3744a49a6f78829744f7d56e76
hardneg_backpack2_37e1fb43cad1.jpg,hardneg_backpack2_37e1fb43cad1,hardneg_backpack2,hardneg_backpack2:f7e988b4aca0bbf4,0,0,1,37e1fb43cad149d3f417c87b7ceb2d1103626d43
hardneg_backpack2_fa77d8bf5477.jpg,hardneg_backpack2_fa77d8bf5477,hardneg_backpack2,hardneg_backpack2:f93f910b2d2b7267,0,0,1,fa77d8bf547718fb8c0e1aff114eb1738f71e5cd
hardneg_backpack2_f2b20f9d923c.jpg,hardneg_backpack2_f2b20f9d923c,hardneg_backpack2,hardneg_backpack2:f94c19ddc965c5a6,0,0,1,f2b20f9d923c5b580daecbb95f7690d18d3bce85
hardneg_backpack2_a5d4feff4496.jpg,hardneg_backpack2_a5d4feff4496,hardneg_backpack2,hardneg_backpack2:ffbac20faafc0233,0,0,1,a5d4feff4496e02ad6cb4880635044b54b6f0667
hardneg_backpack2_240387bc0407.jpg,hardneg_backpack2_240387bc0407,hardneg_backpack2,hardneg_backpack2:flights-unattended-hand-luggage-suspicious-baggage-terrorist-attack-uk-terror-threat-1355664,0,0,1,240387bc0407a11c56a45d54bc8eb34d6d2df60b
hardneg_backpack2_b883b8217e31.jpg,hardneg_backpack2_b883b8217e31,hardneg_backpack2,hardneg_backpack2:georgia-high-school-ap-jt-200806_1596825464139_hpMain_4x5_992,0,0,1,b883b8217e3104b75e6b78408a7b2bf055bcbe09
hardneg_backpack2_46062ae3220f.jpg,hardneg_backpack2_46062ae3220f,hardneg_backpack2,hardneg_backpack2:istockphoto-1071531704-612x612,0,0,1,46062ae3220fa03af91c400a22422e38367e8883
hardneg_backpack2_054163b84514.jpg,hardneg_backpack2_054163b84514,hardneg_backpack2,hardneg_backpack2:mission-workshop-fitzroy-on-a-wall,0,0,1,054163b84514aae392e2447fe05807be7eaab5fb
hardneg_backpack2_cf3a278a543c.jpg,hardneg_backpack2_cf3a278a543c,hardneg_backpack2,hardneg_backpack2:prod_1439655512_jpeg,0,0,1,cf3a278a543cec662bd03129206f6abaf6fd8cc4
