split,group,image,class_name,confidence,pose_count,has_pose_context,outcome,matched_iou,x1,y1,x2,y2
id,id_val,scripts/finetunig/dataset/finetune_dataset/images/val/ood_negative_backpack_person_002_d6a3c21321.jpg,vest,0.727765,6,True,id_false_positive,0.000000,685.64,268.75,727.65,345.51
id,id_val,scripts/finetunig/dataset/finetune_dataset/images/val/ood_negative_backpack_person_002_d6a3c21321.jpg,vest,0.668571,6,True,id_false_positive,0.000000,142.52,264.57,204.89,357.75
id,id_val,scripts/finetunig/dataset/finetune_dataset/images/val/ood_negative_backpack_person_002_d6a3c21321.jpg,vest,0.641336,6,True,id_false_positive,0.000000,152.25,278.93,204.28,356.41
id,id_val,scripts/finetunig/dataset/finetune_dataset/images/val/ood_negative_backpack_person_002_d6a3c21321.jpg,vest,0.498486,6,True,id_false_positive,0.000000,208.89,262.48,273.24,371.45
id,id_val,scripts/finetunig/dataset/finetune_dataset/images/val/ood_negative_backpack_person_002_d6a3c21321.jpg,vest,0.390143,6,True,id_false_positive,0.000000,618.67,262.40,665.67,326.33
id,id_val,scripts/finetunig/dataset/finetune_dataset/images/val/ood_negative_backpack_person_007_b2948c6358.jpg,vest,0.645012,1,True,id_false_positive,0.000000,389.47,613.57,590.03,949.86
id,id_val,scripts/finetunig/dataset/finetune_dataset/images/val/ood_negative_backpack_person_007_b2948c6358.jpg,helmet,0.423943,1,True,id_false_positive,0.000000,453.34,490.03,563.64,610.02
id,id_val,scripts/finetunig/dataset/finetune_dataset/images/val/ood_negative_backpack_person_008_c435b8240a.jpg,vest,0.581903,5,True,id_false_positive,0.000000,124.40,338.08,322.41,604.75
id,id_val,scripts/finetunig/dataset/finetune_dataset/images/val/ood_negative_backpack_person_008_c435b8240a.jpg,helmet,0.436896,5,True,id_false_positive,0.000000,171.56,247.94,261.56,336.70
id,id_val,scripts/finetunig/dataset/finetune_dataset/images/val/ood_negative_backpack_person_009_816f8b09ee.jpg,helmet,0.486733,1,True,id_false_positive,0.000000,468.42,540.35,532.69,588.94
id,id_val,scripts/finetunig/dataset/finetune_dataset/images/val/ood_negative_backpack_person_024_ca0abfb030.jpg,helmet,0.312460,4,True,id_false_positive,0.000000,352.48,67.79,481.05,170.15
id,id_val,scripts/finetunig/dataset/finetune_dataset/images/val/ood_negative_baseball_cap_015_bdec3806eb.jpg,vest,0.754943,1,True,id_false_positive,0.000000,121.60,12.31,790.07,1284.84
id,id_val,scripts/finetunig/dataset/finetune_dataset/images/val/ood_negative_baseball_cap_015_e0b0284b40.jpg,vest,0.754943,1,True,id_false_positive,0.000000,121.60,12.31,790.07,1284.84
id,id_val,scripts/finetunig/dataset/finetune_dataset/images/val/ood_negative_beanie_hat_013_2c252c6040.jpg,helmet,0.679506,1,True,id_false_positive,0.000000,375.22,172.10,644.92,394.59
id,id_val,scripts/finetunig/dataset/finetune_dataset/images/val/ppe_val_image1010_5ef51dd684.jpg,helmet,0.822092,1,True,id_true_positive,0.695967,312.35,111.54,383.46,145.24
id,id_val,scripts/finetunig/dataset/finetune_dataset/images/val/ppe_val_image1010_5ef51dd684.jpg,vest,0.458877,1,True,id_false_positive,0.000000,280.97,170.83,400.85,280.41
id,id_val,scripts/finetunig/dataset/finetune_dataset/images/val/ppe_val_image1049_f13e049624.jpg,helmet,0.859573,1,True,id_true_positive,0.635365,273.64,57.03,382.30,113.57
id,id_val,scripts/finetunig/dataset/finetune_dataset/images/val/ppe_val_image1049_f13e049624.jpg,vest,0.458617,1,True,id_false_positive,0.000000,236.63,151.47,415.53,317.74
id,id_val,scripts/finetunig/dataset/finetune_dataset/images/val/ppe_val_image1055_7b0600c9f4.jpg,helmet,0.863205,1,True,id_true_positive,0.900338,216.82,62.64,329.89,114.78
id,id_val,scripts/finetunig/dataset/finetune_dataset/images/val/ppe_val_image1055_7b0600c9f4.jpg,vest,0.449638,1,True,id_false_positive,0.000000,187.03,157.41,379.47,328.03
id,id_val,scripts/finetunig/dataset/finetune_dataset/images/val/ppe_val_image1057_9d595a6301.jpg,helmet,0.867683,1,True,id_true_positive,0.893380,206.64,65.68,318.74,117.31
id,id_val,scripts/finetunig/dataset/finetune_dataset/images/val/ppe_val_image1057_9d595a6301.jpg,vest,0.465947,1,True,id_false_positive,0.000000,178.65,159.76,370.95,331.44
id,id_val,scripts/finetunig/dataset/finetune_dataset/images/val/ppe_val_image1072_93e4041f55.jpg,helmet,0.818770,1,True,id_true_positive,0.839440,236.22,30.70,387.35,97.98
id,id_val,scripts/finetunig/dataset/finetune_dataset/images/val/ppe_val_image1072_93e4041f55.jpg,vest,0.464130,1,True,id_false_positive,0.000000,243.82,142.77,435.56,341.21
id,id_val,scripts/finetunig/dataset/finetune_dataset/images/val/ppe_val_image1083_8f54992fbc.jpg,helmet,0.817320,1,True,id_true_positive,0.853436,220.46,30.56,395.56,100.08
id,id_val,scripts/finetunig/dataset/finetune_dataset/images/val/ppe_val_image1083_8f54992fbc.jpg,vest,0.510538,1,True,id_false_positive,0.000000,183.50,148.91,427.54,359.00
id,id_val,scripts/finetunig/dataset/finetune_dataset/images/val/ppe_val_image1085_0d97490043.jpg,helmet,0.838165,1,True,id_true_positive,0.817017,227.40,26.02,400.62,95.83
id,id_val,scripts/finetunig/dataset/finetune_dataset/images/val/ppe_val_image1085_0d97490043.jpg,vest,0.484771,1,True,id_false_positive,0.000000,190.33,144.48,432.23,353.78
id,id_val,scripts/finetunig/dataset/finetune_dataset/images/val/ppe_val_image1091_fb8f005c04.jpg,helmet,0.866374,1,True,id_true_positive,0.823731,236.45,22.46,424.61,94.82
id,id_val,scripts/finetunig/dataset/finetune_dataset/images/val/ppe_val_image1091_fb8f005c04.jpg,vest,0.482543,1,True,id_false_positive,0.000000,191.20,149.71,445.72,368.78
id,id_val,scripts/finetunig/dataset/finetune_dataset/images/val/ppe_val_image1096_29db3c0f85.jpg,helmet,0.836862,1,True,id_true_positive,0.818894,262.85,75.67,404.11,131.21
id,id_val,scripts/finetunig/dataset/finetune_dataset/images/val/ppe_val_image1096_29db3c0f85.jpg,vest,0.512192,1,True,id_false_positive,0.000000,256.26,174.22,438.74,348.82
id,id_val,scripts/finetunig/dataset/finetune_dataset/images/val/ppe_val_image1107_e9691438d0.jpg,helmet,0.866318,1,True,id_true_positive,0.786166,297.62,63.93,420.38,120.34
id,id_val,scripts/finetunig/dataset/finetune_dataset/images/val/ppe_val_image1107_e9691438d0.jpg,vest,0.435630,1,True,id_false_positive,0.000000,267.09,160.38,440.60,340.79
id,id_val,scripts/finetunig/dataset/finetune_dataset/images/val/ppe_val_image1109_ac0303e08f.jpg,helmet,0.857193,1,True,id_true_positive,0.878578,295.94,61.97,418.04,118.94
id,id_val,scripts/finetunig/dataset/finetune_dataset/images/val/ppe_val_image1109_ac0303e08f.jpg,vest,0.453009,1,True,id_false_positive,0.000000,264.84,159.48,438.30,336.67
id,id_val,scripts/finetunig/dataset/finetune_dataset/images/val/ppe_val_image1121_4e1fe5e35c.jpg,vest,0.706053,11,True,id_false_positive,0.000000,341.10,281.58,432.97,385.53
id,id_val,scripts/finetunig/dataset/finetune_dataset/images/val/ppe_val_image1121_4e1fe5e35c.jpg,helmet,0.618467,11,True,id_false_positive,0.223044,693.03,270.17,740.52,300.89
id,id_val,scripts/finetunig/dataset/finetune_dataset/images/val/ppe_val_image1121_4e1fe5e35c.jpg,helmet,0.617618,11,True,id_false_positive,0.087638,189.40,248.11,230.63,274.51
id,id_val,scripts/finetunig/dataset/finetune_dataset/images/val/ppe_val_image1121_4e1fe5e35c.jpg,vest,0.615445,11,True,id_false_positive,0.000000,129.70,284.29,203.71,387.77
id,id_val,scripts/finetunig/dataset/finetune_dataset/images/val/ppe_val_image1121_4e1fe5e35c.jpg,helmet,0.610195,11,True,id_false_positive,0.173392,588.02,290.09,632.90,319.47
id,id_val,scripts/finetunig/dataset/finetune_dataset/images/val/ppe_val_image1121_4e1fe5e35c.jpg,vest,0.590271,11,True,id_false_positive,0.000000,777.87,306.10,857.72,382.31
id,id_val,scripts/finetunig/dataset/finetune_dataset/images/val/ppe_val_image1121_4e1fe5e35c.jpg,helmet,0.580296,11,True,id_false_positive,0.057300,245.29,246.63,290.61,273.90
id,id_val,scripts/finetunig/dataset/finetune_dataset/images/val/ppe_val_image1121_4e1fe5e35c.jpg,vest,0.574524,11,True,id_false_positive,0.000000,418.84,295.47,482.96,384.82
id,id_val,scripts/finetunig/dataset/finetune_dataset/images/val/ppe_val_image1121_4e1fe5e35c.jpg,helmet,0.569542,11,True,id_false_positive,0.176782,886.04,263.10,929.20,289.01
id,id_val,scripts/finetunig/dataset/finetune_dataset/images/val/ppe_val_image1121_4e1fe5e35c.jpg,helmet,0.568344,11,True,id_false_positive,0.264991,791.18,269.84,836.64,297.62
id,id_val,scripts/finetunig/dataset/finetune_dataset/images/val/ppe_val_image1121_4e1fe5e35c.jpg,helmet,0.565375,11,True,id_false_positive,0.061715,355.17,236.63,403.55,265.51
id,id_val,scripts/finetunig/dataset/finetune_dataset/images/val/ppe_val_image1121_4e1fe5e35c.jpg,helmet,0.558474,11,True,id_false_positive,0.083236,135.64,247.93,177.13,278.89
id,id_val,scripts/finetunig/dataset/finetune_dataset/images/val/ppe_val_image1121_4e1fe5e35c.jpg,vest,0.534139,11,True,id_false_positive,0.000000,891.40,290.91,968.36,375.74
id,id_val,scripts/finetunig/dataset/finetune_dataset/images/val/ppe_val_image1121_4e1fe5e35c.jpg,helmet,0.526121,11,True,id_false_positive,0.296944,839.68,276.70,880.73,300.83
id,id_val,scripts/finetunig/dataset/finetune_dataset/images/val/ppe_val_image1121_4e1fe5e35c.jpg,vest,0.510284,11,True,id_false_positive,0.000000,582.72,318.42,674.65,399.88
id,id_val,scripts/finetunig/dataset/finetune_dataset/images/val/ppe_val_image1121_4e1fe5e35c.jpg,vest,0.501092,11,True,id_false_positive,0.000000,488.06,285.74,580.24,397.56
id,id_val,scripts/finetunig/dataset/finetune_dataset/images/val/ppe_val_image1121_4e1fe5e35c.jpg,helmet,0.470910,11,True,id_false_positive,0.184454,429.90,250.66,468.89,281.37
id,id_val,scripts/finetunig/dataset/finetune_dataset/images/val/ppe_val_image1121_4e1fe5e35c.jpg,helmet,0.459678,11,True,id_false_positive,0.072140,295.42,258.53,336.37,283.83
id,id_val,scripts/finetunig/dataset/finetune_dataset/images/val/ppe_val_image1121_4e1fe5e35c.jpg,vest,0.432062,11,True,id_false_positive,0.000000,239.92,289.41,327.23,391.26
id,id_val,scripts/finetunig/dataset/finetune_dataset/images/val/ppe_val_image1121_4e1fe5e35c.jpg,vest,0.317093,11,True,id_false_positive,0.000000,186.29,293.24,245.75,392.57
id,id_val,scripts/finetunig/dataset/finetune_dataset/images/val/ppe_val_image1121_4e1fe5e35c.jpg,vest,0.310924,11,True,id_false_positive,0.000000,764.83,304.29,854.38,365.72
id,id_val,scripts/finetunig/dataset/finetune_dataset/images/val/ppe_val_image1121_4e1fe5e35c.jpg,vest,0.262275,11,True,id_false_positive,0.000000,505.87,284.13,578.16,378.59
id,id_val,scripts/finetunig/dataset/finetune_dataset/images/val/ppe_val_image115_365b0b7451.jpg,vest,0.736394,1,True,id_false_positive,0.000000,300.11,101.81,421.56,273.63
id,id_val,scripts/finetunig/dataset/finetune_dataset/images/val/ppe_val_image117_ade486b9ae.jpg,vest,0.769845,7,True,id_false_positive,0.000000,485.31,358.54,561.64,493.19
id,id_val,scripts/finetunig/dataset/finetune_dataset/images/val/ppe_val_image117_ade486b9ae.jpg,vest,0.746881,7,True,id_false_positive,0.000000,317.12,363.14,380.96,468.98
id,id_val,scripts/finetunig/dataset/finetune_dataset/images/val/ppe_val_image117_ade486b9ae.jpg,vest,0.695449,7,True,id_false_positive,0.000000,383.84,347.17,448.64,465.78
id,id_val,scripts/finetunig/dataset/finetune_dataset/images/val/ppe_val_image117_ade486b9ae.jpg,vest,0.611784,7,True,id_false_positive,0.000000,272.47,322.56,309.70,375.90
id,id_val,scripts/finetunig/dataset/finetune_dataset/images/val/ppe_val_image117_ade486b9ae.jpg,vest,0.589347,7,True,id_false_positive,0.000000,594.32,348.54,639.04,434.21
id,id_val,scripts/finetunig/dataset/finetune_dataset/images/val/ppe_val_image117_ade486b9ae.jpg,vest,0.520225,7,True,id_false_positive,0.000000,435.21,340.57,474.75,420.26
id,id_val,scripts/finetunig/dataset/finetune_dataset/images/val/ppe_val_image117_ade486b9ae.jpg,helmet,0.308350,7,True,id_false_positive,0.425355,286.72,299.90,306.77,316.14
id,id_val,scripts/finetunig/dataset/finetune_dataset/images/val/ppe_val_image117_ade486b9ae.jpg,vest,0.265414,7,True,id_false_positive,0.000000,606.54,346.87,639.84,429.29
id,id_val,scripts/finetunig/dataset/finetune_dataset/images/val/ppe_val_image117_ade486b9ae.jpg,helmet,0.261984,7,True,id_true_positive,0.860442,385.73,297.03,428.07,328.85
id,id_val,scripts/finetunig/dataset/finetune_dataset/images/val/ppe_val_image1183_0f7ca1c82d.jpg,vest,0.444485,4,True,id_false_positive,0.000000,46.18,302.01,300.23,1008.95
id,id_val,scripts/finetunig/dataset/finetune_dataset/images/val/ppe_val_image1183_0f7ca1c82d.jpg,vest,0.338303,4,True,id_false_positive,0.000000,455.23,201.00,660.15,710.09
id,id_val,scripts/finetunig/dataset/finetune_dataset/images/val/ppe_val_image1217_41fe3a73a8.jpg,helmet,0.725376,4,True,id_false_positive,0.000000,574.68,214.74,688.25,305.33
id,id_val,scripts/finetunig/dataset/finetune_dataset/images/val/ppe_val_image1217_41fe3a73a8.jpg,vest,0.271277,4,True,id_false_positive,0.015785,329.83,386.73,557.55,699.10
id,id_val,scripts/finetunig/dataset/finetune_dataset/images/val/ppe_val_image12_6fc8972587.jpg,vest,0.825343,1,True,id_false_positive,0.000000,235.67,155.07,327.46,367.44
id,id_val,scripts/finetunig/dataset/finetune_dataset/images/val/ppe_val_image130_a51a560b64.jpg,vest,0.549035,2,True,id_false_positive,0.000000,334.08,213.54,437.01,386.80
id,id_val,scripts/finetunig/dataset/finetune_dataset/images/val/ppe_val_image132_5c56e11e33.jpg,helmet,0.588683,2,True,id_false_positive,0.386001,419.68,310.02,443.31,330.34
id,id_val,scripts/finetunig/dataset/finetune_dataset/images/val/ppe_val_image132_5c56e11e33.jpg,vest,0.488114,2,True,id_false_positive,0.000000,190.43,267.38,224.24,308.36
id,id_val,scripts/finetunig/dataset/finetune_dataset/images/val/ppe_val_image132_5c56e11e33.jpg,helmet,0.324847,2,True,id_false_positive,0.291635,201.89,250.16,217.44,263.25
id,id_val,scripts/finetunig/dataset/finetune_dataset/images/val/ppe_val_image1346_02b1633e5d.jpg,helmet,0.682895,2,True,id_false_positive,0.000000,305.81,172.66,412.45,258.59
id,id_val,scripts/finetunig/dataset/finetune_dataset/images/val/ppe_val_image1369_b80f65fdf8.jpg,vest,0.477889,4,True,id_false_positive,0.094099,158.53,65.37,244.44,214.67
id,id_val,scripts/finetunig/dataset/finetune_dataset/images/val/ppe_val_image1377_ad927aa783.jpg,helmet,0.477573,3,True,id_false_positive,0.000000,333.99,142.73,459.14,299.86
id,id_val,scripts/finetunig/dataset/finetune_dataset/images/val/ppe_val_image137_d81a2c6a8a.jpg,helmet,0.805246,2,True,id_true_positive,0.652957,271.27,203.31,349.54,277.21
id,id_val,scripts/finetunig/dataset/finetune_dataset/images/val/ppe_val_image137_d81a2c6a8a.jpg,helmet,0.667958,2,True,id_true_positive,0.840106,65.07,245.97,108.47,281.00
id,id_val,scripts/finetunig/dataset/finetune_dataset/images/val/ppe_val_image137_d81a2c6a8a.jpg,helmet,0.359653,2,True,id_false_positive,0.351971,42.54,249.53,76.93,293.11
id,id_val,scripts/finetunig/dataset/finetune_dataset/images/val/ppe_val_image137_d81a2c6a8a.jpg,helmet,0.336733,2,True,id_false_positive,0.000000,396.80,388.99,410.77,407.29
id,id_val,scripts/finetunig/dataset/finetune_dataset/images/val/ppe_val_image144_822cc5e6ad.jpg,helmet,0.748070,10,True,id_true_positive,0.752110,411.40,280.56,552.42,381.77
id,id_val,scripts/finetunig/dataset/finetune_dataset/images/val/ppe_val_image144_822cc5e6ad.jpg,helmet,0.604357,10,True,id_true_positive,0.596006,6.39,162.93,73.99,257.49
id,id_val,scripts/finetunig/dataset/finetune_dataset/images/val/ppe_val_image144_822cc5e6ad.jpg,helmet,0.523430,10,True,id_true_positive,0.768231,188.62,230.77,271.22,350.35
id,id_val,scripts/finetunig/dataset/finetune_dataset/images/val/ppe_val_image144_822cc5e6ad.jpg,helmet,0.473082,10,True,id_false_positive,0.042335,256.40,292.93,370.84,399.97
id,id_val,scripts/finetunig/dataset/finetune_dataset/images/val/ppe_val_image144_822cc5e6ad.jpg,helmet,0.379972,10,True,id_true_positive,0.606996,564.63,255.22,621.07,380.32
id,id_val,scripts/finetunig/dataset/finetune_dataset/images/val/ppe_val_image144_822cc5e6ad.jpg,helmet,0.337579,10,True,id_false_positive,0.457990,560.56,220.27,622.52,383.26
id,id_val,scripts/finetunig/dataset/finetune_dataset/images/val/ppe_val_image144_822cc5e6ad.jpg,helmet,0.317172,10,True,id_true_positive,0.651236,383.21,173.76,507.88,251.64
id,id_val,scripts/finetunig/dataset/finetune_dataset/images/val/ppe_val_image144_822cc5e6ad.jpg,helmet,0.290999,10,True,id_true_positive,0.890914,457.83,149.37,573.33,234.80
id,id_val,scripts/finetunig/dataset/finetune_dataset/images/val/ppe_val_image151_7de9f675d5.jpg,vest,0.833162,4,True,id_false_positive,0.000000,111.57,262.68,177.47,376.35
id,id_val,scripts/finetunig/dataset/finetune_dataset/images/val/ppe_val_image151_7de9f675d5.jpg,vest,0.802978,4,True,id_false_positive,0.000000,182.28,235.88,274.20,382.05
id,id_val,scripts/finetunig/dataset/finetune_dataset/images/val/ppe_val_image151_7de9f675d5.jpg,vest,0.509407,4,True,id_false_positive,0.000000,472.27,274.66,491.21,309.82
id,id_val,scripts/finetunig/dataset/finetune_dataset/images/val/ppe_val_image151_7de9f675d5.jpg,helmet,0.362435,4,True,id_false_positive,0.211838,477.73,259.39,488.76,270.00
id,id_val,scripts/finetunig/dataset/finetune_dataset/images/val/ppe_val_image164_315770c5a3.jpg,vest,0.769913,1,True,id_false_positive,0.000000,156.58,430.35,498.28,599.87
id,id_val,scripts/finetunig/dataset/finetune_dataset/images/val/ppe_val_image164_315770c5a3.jpg,vest,0.610432,1,True,id_false_positive,0.000000,170.01,210.35,491.78,327.43
id,id_val,scripts/finetunig/dataset/finetune_dataset/images/val/ppe_val_image164_315770c5a3.jpg,helmet,0.591267,1,True,id_true_positive,0.860075,216.07,29.32,410.31,133.18
id,id_val,scripts/finetunig/dataset/finetune_dataset/images/val/ppe_val_image164_315770c5a3.jpg,vest,0.559764,1,True,id_false_positive,0.000000,151.26,214.03,499.70,601.30
id,id_val,scripts/finetunig/dataset/finetune_dataset/images/val/ppe_val_image176_9d11981552.jpg,helmet,0.634715,1,True,id_true_positive,0.743475,227.00,24.07,329.40,125.48
id,id_val,scripts/finetunig/dataset/finetune_dataset/images/val/ppe_val_image176_9d11981552.jpg,vest,0.386109,1,True,id_false_positive,0.000000,127.99,88.64,278.09,316.87
id,id_val,scripts/finetunig/dataset/finetune_dataset/images/val/ppe_val_image199_5820fb28fa.jpg,helmet,0.822574,1,True,id_true_positive,0.913498,257.38,0.01,431.61,186.78
id,id_val,scripts/finetunig/dataset/finetune_dataset/images/val/ppe_val_image199_5820fb28fa.jpg,vest,0.641366,1,True,id_false_positive,0.000000,0.31,92.89,400.11,620.26
id,id_val,scripts/finetunig/dataset/finetune_dataset/images/val/ppe_val_image202_009d440212.jpg,vest,0.826285,3,True,id_false_positive,0.000000,222.09,289.59,430.99,640.00
id,id_val,scripts/finetunig/dataset/finetune_dataset/images/val/ppe_val_image202_009d440212.jpg,vest,0.821862,3,True,id_false_positive,0.000000,332.07,81.02,640.00,636.70
id,id_val,scripts/finetunig/dataset/finetune_dataset/images/val/ppe_val_image202_009d440212.jpg,vest,0.809420,3,True,id_false_positive,0.000000,15.40,190.93,290.15,639.20
id,id_val,scripts/finetunig/dataset/finetune_dataset/images/val/ppe_val_image202_009d440212.jpg,helmet,0.487358,3,True,id_true_positive,0.534435,14.89,1.68,142.73,145.04
id,id_val,scripts/finetunig/dataset/finetune_dataset/images/val/ppe_val_image202_009d440212.jpg,helmet,0.290086,3,True,id_true_positive,0.562870,210.02,175.15,304.11,282.38
id,id_val,scripts/finetunig/dataset/finetune_dataset/images/val/ppe_val_image212_ce99dffde1.jpg,vest,0.780166,1,True,id_false_positive,0.000000,335.19,316.88,639.22,614.95
id,id_val,scripts/finetunig/dataset/finetune_dataset/images/val/ppe_val_image212_ce99dffde1.jpg,vest,0.475529,1,True,id_false_positive,0.000000,313.25,332.04,357.57,395.66
id,id_val,scripts/finetunig/dataset/finetune_dataset/images/val/ppe_val_image230_06c01baa54.jpg,vest,0.825772,1,True,id_false_positive,0.000000,199.74,156.47,573.96,554.78
id,id_val,scripts/finetunig/dataset/finetune_dataset/images/val/ppe_val_image230_06c01baa54.jpg,helmet,0.300128,1,True,id_true_positive,0.685645,437.33,54.88,599.72,189.24
id,id_val,scripts/finetunig/dataset/finetune_dataset/images/val/ppe_val_image238_4698ab97d4.jpg,helmet,0.848907,1,True,id_false_positive,0.404099,37.55,61.09,214.46,186.93
id,id_val,scripts/finetunig/dataset/finetune_dataset/images/val/ppe_val_image238_4698ab97d4.jpg,vest,0.765076,1,True,id_false_positive,0.000000,64.28,155.45,345.95,415.94
id,id_val,scripts/finetunig/dataset/finetune_dataset/images/val/ppe_val_image253_85f3b550e5.jpg,helmet,0.835433,1,True,id_true_positive,0.600672,225.58,61.29,295.25,103.42
id,id_val,scripts/finetunig/dataset/finetune_dataset/images/val/ppe_val_image253_85f3b550e5.jpg,vest,0.831814,1,True,id_false_positive,0.000000,221.41,103.17,350.73,224.53
id,id_val,scripts/finetunig/dataset/finetune_dataset/images/val/ppe_val_image259_794464fdfe.jpg,helmet,0.893640,1,True,id_true_positive,0.848902,276.17,0.09,508.08,104.11
id,id_val,scripts/finetunig/dataset/finetune_dataset/images/val/ppe_val_image259_794464fdfe.jpg,vest,0.851873,1,True,id_false_positive,0.000000,223.85,126.97,520.64,409.27
id,id_val,scripts/finetunig/dataset/finetune_dataset/images/val/ppe_val_image270_066d38189b.jpg,helmet,0.849236,1,True,id_true_positive,0.628568,314.53,0.24,454.24,76.18
id,id_val,scripts/finetunig/dataset/finetune_dataset/images/val/ppe_val_image270_066d38189b.jpg,vest,0.752376,1,True,id_false_positive,0.000000,223.86,78.78,486.32,361.97
id,id_val,scripts/finetunig/dataset/finetune_dataset/images/val/ppe_val_image278_cc315892f0.jpg,helmet,0.878412,1,True,id_true_positive,0.823155,290.97,0.00,512.62,88.37
id,id_val,scripts/finetunig/dataset/finetune_dataset/images/val/ppe_val_image278_cc315892f0.jpg,vest,0.824953,1,True,id_false_positive,0.000000,204.14,111.29,505.79,379.15
id,id_val,scripts/finetunig/dataset/finetune_dataset/images/val/ppe_val_image318_45f4d7b829.jpg,vest,0.837337,1,True,id_false_positive,0.000000,203.14,239.85,396.64,487.36
id,id_val,scripts/finetunig/dataset/finetune_dataset/images/val/ppe_val_image318_45f4d7b829.jpg,helmet,0.706668,1,True,id_true_positive,0.650890,320.46,159.47,423.78,266.44
id,id_val,scripts/finetunig/dataset/finetune_dataset/images/val/ppe_val_image31_49834bf089.jpg,vest,0.816227,1,True,id_false_positive,0.000000,299.75,190.50,402.39,391.52
id,id_val,scripts/finetunig/dataset/finetune_dataset/images/val/ppe_val_image330_99135774ce.jpg,vest,0.743280,1,True,id_false_positive,0.000000,286.67,102.00,450.80,318.08
id,id_val,scripts/finetunig/dataset/finetune_dataset/images/val/ppe_val_image330_99135774ce.jpg,helmet,0.670002,1,True,id_true_positive,0.600803,294.24,0.92,370.60,77.85
id,id_val,scripts/finetunig/dataset/finetune_dataset/images/val/ppe_val_image337_48ee874abc.jpg,vest,0.839841,2,True,id_false_positive,0.000000,349.24,122.05,627.58,437.62
id,id_val,scripts/finetunig/dataset/finetune_dataset/images/val/ppe_val_image337_48ee874abc.jpg,helmet,0.838717,2,True,id_true_positive,0.882760,394.56,4.97,509.19,76.65
id,id_val,scripts/finetunig/dataset/finetune_dataset/images/val/ppe_val_image347_28bb558acd.jpg,helmet,0.860581,1,True,id_true_positive,0.723595,285.05,0.02,429.39,158.69
id,id_val,scripts/finetunig/dataset/finetune_dataset/images/val/ppe_val_image347_28bb558acd.jpg,vest,0.802180,1,True,id_false_positive,0.000000,287.05,260.34,582.86,640.00
id,id_val,scripts/finetunig/dataset/finetune_dataset/images/val/ppe_val_image355_6b556ba6fd.jpg,helmet,0.831945,1,True,id_true_positive,0.736211,252.61,64.19,356.90,117.87
id,id_val,scripts/finetunig/dataset/finetune_dataset/images/val/ppe_val_image355_6b556ba6fd.jpg,vest,0.698996,1,True,id_false_positive,0.000000,220.55,143.33,393.93,301.45
id,id_val,scripts/finetunig/dataset/finetune_dataset/images/val/ppe_val_image391_f6a2764186.jpg,helmet,0.825431,1,True,id_true_positive,0.731987,261.56,162.87,354.56,208.81
id,id_val,scripts/finetunig/dataset/finetune_dataset/images/val/ppe_val_image391_f6a2764186.jpg,vest,0.794819,1,True,id_false_positive,0.000000,228.65,227.89,383.92,356.64
id,id_val,scripts/finetunig/dataset/finetune_dataset/images/val/ppe_val_image392_6862b00921.jpg,helmet,0.870986,1,True,id_true_positive,0.563619,321.18,123.11,429.73,209.11
id,id_val,scripts/finetunig/dataset/finetune_dataset/images/val/ppe_val_image392_6862b00921.jpg,vest,0.852204,1,True,id_false_positive,0.000000,234.90,191.13,432.29,397.41
id,id_val,scripts/finetunig/dataset/finetune_dataset/images/val/ppe_val_image395_3d33f99783.jpg,vest,0.863532,1,True,id_false_positive,0.000000,363.98,145.80,507.68,286.74
id,id_val,scripts/finetunig/dataset/finetune_dataset/images/val/ppe_val_image395_3d33f99783.jpg,helmet,0.834175,1,True,id_true_positive,0.593955,435.63,99.08,508.48,152.29
id,id_val,scripts/finetunig/dataset/finetune_dataset/images/val/ppe_val_image396_d5e71d7975.jpg,helmet,0.841228,1,True,id_true_positive,0.812834,284.92,102.93,358.01,142.32
id,id_val,scripts/finetunig/dataset/finetune_dataset/images/val/ppe_val_image396_d5e71d7975.jpg,vest,0.779753,1,True,id_false_positive,0.000000,237.40,148.99,370.29,266.09
id,id_val,scripts/finetunig/dataset/finetune_dataset/images/val/ppe_val_image407_35ee46d8bd.jpg,vest,0.883583,1,True,id_false_positive,0.000000,245.83,93.31,486.18,307.82
id,id_val,scripts/finetunig/dataset/finetune_dataset/images/val/ppe_val_image407_35ee46d8bd.jpg,helmet,0.856907,1,True,id_true_positive,0.915861,265.14,0.00,424.95,69.32
id,id_val,scripts/finetunig/dataset/finetune_dataset/images/val/ppe_val_image411_f9ba6aa7ba.jpg,helmet,0.847778,1,True,id_true_positive,0.633718,189.43,0.00,331.87,99.74
id,id_val,scripts/finetunig/dataset/finetune_dataset/images/val/ppe_val_image411_f9ba6aa7ba.jpg,vest,0.615057,1,True,id_false_positive,0.000000,214.20,68.78,499.80,336.60
id,id_val,scripts/finetunig/dataset/finetune_dataset/images/val/ppe_val_image419_9626103fff.jpg,helmet,0.791071,1,True,id_true_positive,0.843584,152.67,0.00,353.90,105.50
id,id_val,scripts/finetunig/dataset/finetune_dataset/images/val/ppe_val_image419_9626103fff.jpg,vest,0.647406,1,True,id_false_positive,0.000000,145.68,86.85,491.33,406.31
id,id_val,scripts/finetunig/dataset/finetune_dataset/images/val/ppe_val_image430_e53143abc3.jpg,vest,0.874622,1,True,id_false_positive,0.000000,136.61,144.02,360.38,404.49
id,id_val,scripts/finetunig/dataset/finetune_dataset/images/val/ppe_val_image430_e53143abc3.jpg,helmet,0.841888,1,True,id_true_positive,0.634721,120.39,44.81,265.14,154.90
id,id_val,scripts/finetunig/dataset/finetune_dataset/images/val/ppe_val_image446_b7a5a02409.jpg,helmet,0.857495,1,True,id_true_positive,0.734838,172.77,40.03,284.17,104.94
id,id_val,scripts/finetunig/dataset/finetune_dataset/images/val/ppe_val_image446_b7a5a02409.jpg,vest,0.745540,1,True,id_false_positive,0.000000,162.65,113.44,374.68,287.65
id,id_val,scripts/finetunig/dataset/finetune_dataset/images/val/ppe_val_image464_63992c7205.jpg,helmet,0.859301,4,True,id_true_positive,0.837013,207.10,111.07,283.18,199.24
id,id_val,scripts/finetunig/dataset/finetune_dataset/images/val/ppe_val_image464_63992c7205.jpg,helmet,0.828383,4,True,id_true_positive,0.779341,532.17,177.06,584.72,256.80
id,id_val,scripts/finetunig/dataset/finetune_dataset/images/val/ppe_val_image464_63992c7205.jpg,helmet,0.809288,4,True,id_true_positive,0.889488,438.19,175.69,491.12,246.09
id,id_val,scripts/finetunig/dataset/finetune_dataset/images/val/ppe_val_image464_63992c7205.jpg,helmet,0.804750,4,True,id_true_positive,0.907770,363.49,50.14,423.69,127.22
id,id_val,scripts/finetunig/dataset/finetune_dataset/images/val/ppe_val_image464_63992c7205.jpg,vest,0.694141,4,True,id_false_positive,0.000000,118.22,231.14,291.25,575.34
id,id_val,scripts/finetunig/dataset/finetune_dataset/images/val/ppe_val_image464_63992c7205.jpg,vest,0.468973,4,True,id_false_positive,0.000000,570.38,213.69,639.90,439.34
id,id_val,scripts/finetunig/dataset/finetune_dataset/images/val/ppe_val_image464_63992c7205.jpg,vest,0.468591,4,True,id_false_positive,0.000000,476.50,232.54,578.03,423.07
id,id_val,scripts/finetunig/dataset/finetune_dataset/images/val/ppe_val_image464_63992c7205.jpg,vest,0.416544,4,True,id_false_positive,0.000000,282.89,152.40,410.52,408.69
id,id_val,scripts/finetunig/dataset/finetune_dataset/images/val/ppe_val_image464_63992c7205.jpg,vest,0.362853,4,True,id_false_positive,0.000000,371.14,248.14,484.35,473.79
id,id_val,scripts/finetunig/dataset/finetune_dataset/images/val/ppe_val_image487_93f86bce7b.jpg,helmet,0.788604,2,True,id_true_positive,0.831456,145.46,0.16,296.20,52.91
id,id_val,scripts/finetunig/dataset/finetune_dataset/images/val/ppe_val_image487_93f86bce7b.jpg,vest,0.715104,2,True,id_false_positive,0.000000,6.73,88.72,338.56,472.77
id,id_val,scripts/finetunig/dataset/finetune_dataset/images/val/ppe_val_image505_ee875594a6.jpg,helmet,0.839600,1,True,id_true_positive,0.710407,228.26,0.00,375.37,82.39
id,id_val,scripts/finetunig/dataset/finetune_dataset/images/val/ppe_val_image505_ee875594a6.jpg,vest,0.802265,1,True,id_false_positive,0.000000,198.47,91.99,432.49,313.50
id,id_val,scripts/finetunig/dataset/finetune_dataset/images/val/ppe_val_image508_6843a966d9.jpg,vest,0.877942,1,True,id_false_positive,0.000000,166.74,156.21,400.48,364.43
id,id_val,scripts/finetunig/dataset/finetune_dataset/images/val/ppe_val_image508_6843a966d9.jpg,helmet,0.840747,1,True,id_true_positive,0.734972,221.98,43.37,377.42,112.14
id,id_val,scripts/finetunig/dataset/finetune_dataset/images/val/ppe_val_image547_f1b3dbd441.jpg,helmet,0.602731,4,True,id_true_positive,0.865613,129.23,188.08,214.78,244.20
id,id_val,scripts/finetunig/dataset/finetune_dataset/images/val/ppe_val_image547_f1b3dbd441.jpg,helmet,0.585927,4,True,id_false_positive,0.000000,351.32,200.54,429.92,246.51
id,id_val,scripts/finetunig/dataset/finetune_dataset/images/val/ppe_val_image547_f1b3dbd441.jpg,helmet,0.502002,4,True,id_true_positive,0.720226,267.08,204.84,331.68,261.99
id,id_val,scripts/finetunig/dataset/finetune_dataset/images/val/ppe_val_image547_f1b3dbd441.jpg,vest,0.498990,4,True,id_false_positive,0.000000,338.49,275.55,454.71,428.57
id,id_val,scripts/finetunig/dataset/finetune_dataset/images/val/ppe_val_image547_f1b3dbd441.jpg,vest,0.403959,4,True,id_false_positive,0.000000,224.85,274.45,340.29,392.93
id,id_val,scripts/finetunig/dataset/finetune_dataset/images/val/ppe_val_image547_f1b3dbd441.jpg,helmet,0.338407,4,True,id_true_positive,0.553020,474.70,203.34,562.93,311.66
id,id_val,scripts/finetunig/dataset/finetune_dataset/images/val/ppe_val_image573_1e33a0df7b.jpg,vest,0.612929,1,True,id_false_positive,0.000000,19.94,174.81,382.08,614.26
id,id_val,scripts/finetunig/dataset/finetune_dataset/images/val/ppe_val_image573_1e33a0df7b.jpg,helmet,0.480488,1,True,id_true_positive,0.762502,273.06,0.04,432.17,130.05
id,id_val,scripts/finetunig/dataset/finetune_dataset/images/val/ppe_val_image576_7af6865c98.jpg,vest,0.860541,1,True,id_false_positive,0.000000,214.60,83.14,409.04,293.00
id,id_val,scripts/finetunig/dataset/finetune_dataset/images/val/ppe_val_image576_7af6865c98.jpg,helmet,0.851238,1,True,id_true_positive,0.713901,224.11,0.37,347.36,76.40
ood,dataset_ok,isaac_odd_dataset/dataset_ok/archive/css-data/test/images/002551_jpg.rf.ce4b9f934161faa72c80dc6898d37b2d.jpg,helmet,0.683396,2,True,hallucination,,327.29,15.15,396.72,136.28
ood,dataset_ok,isaac_odd_dataset/dataset_ok/archive/css-data/test/images/002551_jpg.rf.ce4b9f934161faa72c80dc6898d37b2d.jpg,helmet,0.578382,2,True,hallucination,,107.17,110.59,129.15,133.82
ood,dataset_ok,isaac_odd_dataset/dataset_ok/archive/css-data/test/images/003357_jpg.rf.9867f91e88089bb68dc95947d5116d14.jpg,helmet,0.640383,1,True,hallucination,,319.94,82.32,436.30,245.60
ood,dataset_ok,isaac_odd_dataset/dataset_ok/archive/css-data/test/images/004063_jpg.rf.1b7cdc4035bcb24ef69b8798b444053e.jpg,vest,0.569708,5,True,hallucination,,455.55,430.04,492.55,521.17
ood,dataset_ok,isaac_odd_dataset/dataset_ok/archive/css-data/test/images/004063_jpg.rf.1b7cdc4035bcb24ef69b8798b444053e.jpg,helmet,0.518567,5,True,hallucination,,72.24,217.16,135.43,281.87
ood,dataset_ok,isaac_odd_dataset/dataset_ok/archive/css-data/test/images/004063_jpg.rf.1b7cdc4035bcb24ef69b8798b444053e.jpg,helmet,0.403209,5,True,hallucination,,207.64,276.75,246.08,321.21
ood,dataset_ok,isaac_odd_dataset/dataset_ok/archive/css-data/test/images/004063_jpg.rf.1b7cdc4035bcb24ef69b8798b444053e.jpg,helmet,0.386530,5,True,hallucination,,284.86,432.08,302.95,454.38
ood,dataset_ok,isaac_odd_dataset/dataset_ok/archive/css-data/test/images/004063_jpg.rf.1b7cdc4035bcb24ef69b8798b444053e.jpg,helmet,0.354430,5,True,hallucination,,458.05,397.13,482.16,425.35
ood,dataset_ok,isaac_odd_dataset/dataset_ok/archive/css-data/test/images/004763_jpg.rf.46484e6ca73caeaa9de45822cf1085a9.jpg,helmet,0.540983,3,True,hallucination,,339.34,74.89,450.00,198.77
ood,dataset_ok,isaac_odd_dataset/dataset_ok/archive/css-data/test/images/004763_jpg.rf.46484e6ca73caeaa9de45822cf1085a9.jpg,helmet,0.513759,3,True,hallucination,,30.57,47.53,213.44,277.62
ood,dataset_ok,isaac_odd_dataset/dataset_ok/archive/css-data/test/images/004763_jpg.rf.46484e6ca73caeaa9de45822cf1085a9.jpg,helmet,0.381185,3,True,hallucination,,183.61,123.42,284.99,261.06
ood,dataset_ok,isaac_odd_dataset/dataset_ok/archive/css-data/test/images/006463_jpg.rf.02f19082420ecc5537b9d59abbe6050c.jpg,helmet,0.720928,9,True,hallucination,,512.97,257.15,557.30,306.15
ood,dataset_ok,isaac_odd_dataset/dataset_ok/archive/css-data/test/images/006463_jpg.rf.02f19082420ecc5537b9d59abbe6050c.jpg,helmet,0.672131,9,True,hallucination,,610.76,317.91,637.40,348.98
ood,dataset_ok,isaac_odd_dataset/dataset_ok/archive/css-data/test/images/006463_jpg.rf.02f19082420ecc5537b9d59abbe6050c.jpg,helmet,0.664705,9,True,hallucination,,426.90,270.41,460.55,306.40
ood,dataset_ok,isaac_odd_dataset/dataset_ok/archive/css-data/test/images/006463_jpg.rf.02f19082420ecc5537b9d59abbe6050c.jpg,helmet,0.656456,9,True,hallucination,,373.54,259.21,411.63,298.03
ood,dataset_ok,isaac_odd_dataset/dataset_ok/archive/css-data/test/images/006463_jpg.rf.02f19082420ecc5537b9d59abbe6050c.jpg,helmet,0.647574,9,True,hallucination,,481.17,277.21,511.19,308.95
ood,dataset_ok,isaac_odd_dataset/dataset_ok/archive/css-data/test/images/006463_jpg.rf.02f19082420ecc5537b9d59abbe6050c.jpg,helmet,0.645870,9,True,hallucination,,224.78,233.16,274.88,285.66
ood,dataset_ok,isaac_odd_dataset/dataset_ok/archive/css-data/test/images/006463_jpg.rf.02f19082420ecc5537b9d59abbe6050c.jpg,helmet,0.567079,9,True,hallucination,,78.05,224.09,136.81,282.93
ood,dataset_ok,isaac_odd_dataset/dataset_ok/archive/css-data/test/images/006463_jpg.rf.02f19082420ecc5537b9d59abbe6050c.jpg,helmet,0.538164,9,True,hallucination,,277.71,246.97,315.74,288.05
ood,dataset_ok,isaac_odd_dataset/dataset_ok/archive/css-data/test/images/006463_jpg.rf.02f19082420ecc5537b9d59abbe6050c.jpg,helmet,0.515325,9,True,hallucination,,137.17,263.01,172.04,302.30
ood,dataset_ok,isaac_odd_dataset/dataset_ok/archive/css-data/test/images/006672_jpg.rf.87d5978c486feb53177408cf00a0d87f.jpg,vest,0.759374,7,True,hallucination,,303.80,455.66,402.87,639.74
ood,dataset_ok,isaac_odd_dataset/dataset_ok/archive/css-data/test/images/006672_jpg.rf.87d5978c486feb53177408cf00a0d87f.jpg,vest,0.741264,7,True,hallucination,,125.20,483.14,205.27,632.64
ood,dataset_ok,isaac_odd_dataset/dataset_ok/archive/css-data/test/images/006672_jpg.rf.87d5978c486feb53177408cf00a0d87f.jpg,vest,0.735131,7,True,hallucination,,419.61,421.67,503.68,603.86
ood,dataset_ok,isaac_odd_dataset/dataset_ok/archive/css-data/test/images/006672_jpg.rf.87d5978c486feb53177408cf00a0d87f.jpg,vest,0.554982,7,True,hallucination,,98.36,431.11,150.13,572.49
ood,dataset_ok,isaac_odd_dataset/dataset_ok/archive/css-data/test/images/IMG_3100_mp4-9_jpg.rf.413ccf5fe4a7ee67f71e07c2c43b6756.jpg,helmet,0.259926,1,True,hallucination,,0.27,580.17,146.49,640.00
ood,dataset_ok,isaac_odd_dataset/dataset_ok/archive/css-data/test/images/IMG_3103_mp4-9_jpg.rf.b31bd2d816465a27aa1eb072f90bb5aa.jpg,helmet,0.663858,1,True,hallucination,,86.53,312.79,269.54,456.77
ood,dataset_ok,isaac_odd_dataset/dataset_ok/archive/css-data/test/images/IMG_5846_jpg.rf.0b9984069116e2acd928568eb7a8e214.jpg,vest,0.780165,11,True,hallucination,,272.56,259.11,321.65,358.23
ood,dataset_ok,isaac_odd_dataset/dataset_ok/archive/css-data/test/images/IMG_5846_jpg.rf.0b9984069116e2acd928568eb7a8e214.jpg,vest,0.749488,11,True,hallucination,,380.61,274.46,427.41,364.98
ood,dataset_ok,isaac_odd_dataset/dataset_ok/archive/css-data/test/images/IMG_5846_jpg.rf.0b9984069116e2acd928568eb7a8e214.jpg,vest,0.734196,11,True,hallucination,,428.48,253.31,472.94,346.29
ood,dataset_ok,isaac_odd_dataset/dataset_ok/archive/css-data/test/images/IMG_5846_jpg.rf.0b9984069116e2acd928568eb7a8e214.jpg,vest,0.733454,11,True,hallucination,,119.72,272.15,165.42,365.85
ood,dataset_ok,isaac_odd_dataset/dataset_ok/archive/css-data/test/images/IMG_5846_jpg.rf.0b9984069116e2acd928568eb7a8e214.jpg,vest,0.731801,11,True,hallucination,,512.41,274.19,565.83,379.91
ood,dataset_ok,isaac_odd_dataset/dataset_ok/archive/css-data/test/images/IMG_5846_jpg.rf.0b9984069116e2acd928568eb7a8e214.jpg,vest,0.720098,11,True,hallucination,,66.56,271.08,120.37,373.14
ood,dataset_ok,isaac_odd_dataset/dataset_ok/archive/css-data/test/images/IMG_5846_jpg.rf.0b9984069116e2acd928568eb7a8e214.jpg,vest,0.700838,11,True,hallucination,,221.53,255.08,267.35,346.15
ood,dataset_ok,isaac_odd_dataset/dataset_ok/archive/css-data/test/images/IMG_5846_jpg.rf.0b9984069116e2acd928568eb7a8e214.jpg,vest,0.555712,11,True,hallucination,,467.22,275.04,508.48,370.50
ood,dataset_ok,isaac_odd_dataset/dataset_ok/archive/css-data/test/images/IMG_5846_jpg.rf.0b9984069116e2acd928568eb7a8e214.jpg,vest,0.445759,11,True,hallucination,,163.00,256.69,212.49,357.00
ood,dataset_ok,isaac_odd_dataset/dataset_ok/archive/css-data/test/images/Image36_jpg.rf.8704f3450f736cdd01a61dcee588f2c2.jpg,vest,0.763664,13,True,hallucination,,58.94,0.03,271.21,201.94
ood,dataset_ok,isaac_odd_dataset/dataset_ok/archive/css-data/test/images/Image36_jpg.rf.8704f3450f736cdd01a61dcee588f2c2.jpg,vest,0.633533,13,True,hallucination,,319.44,416.87,517.58,640.00
ood,dataset_ok,isaac_odd_dataset/dataset_ok/archive/css-data/test/images/Image36_jpg.rf.8704f3450f736cdd01a61dcee588f2c2.jpg,vest,0.626949,13,True,hallucination,,456.95,410.37,640.00,640.00
ood,dataset_ok,isaac_odd_dataset/dataset_ok/archive/css-data/test/images/Image36_jpg.rf.8704f3450f736cdd01a61dcee588f2c2.jpg,vest,0.407131,13,True,hallucination,,257.39,335.89,387.41,639.86
ood,dataset_ok,isaac_odd_dataset/dataset_ok/archive/css-data/test/images/Image36_jpg.rf.8704f3450f736cdd01a61dcee588f2c2.jpg,helmet,0.381402,13,True,hallucination,,570.97,254.29,640.00,351.66
ood,dataset_ok,isaac_odd_dataset/dataset_ok/archive/css-data/test/images/Image36_jpg.rf.8704f3450f736cdd01a61dcee588f2c2.jpg,vest,0.365275,13,True,hallucination,,260.40,116.01,374.87,254.57
ood,dataset_ok,isaac_odd_dataset/dataset_ok/archive/css-data/test/images/Image36_jpg.rf.8704f3450f736cdd01a61dcee588f2c2.jpg,helmet,0.355679,13,True,hallucination,,0.00,19.57,32.95,71.54
ood,dataset_ok,isaac_odd_dataset/dataset_ok/archive/css-data/test/images/Image36_jpg.rf.8704f3450f736cdd01a61dcee588f2c2.jpg,vest,0.315157,13,True,hallucination,,396.83,415.84,530.79,639.93
ood,dataset_ok,isaac_odd_dataset/dataset_ok/archive/css-data/test/images/NX_img_177_jpg.rf.c03709e5fadfe2109411f05a9e9bc25f.jpg,helmet,0.786960,3,True,hallucination,,148.62,0.03,199.73,58.34
ood,dataset_ok,isaac_odd_dataset/dataset_ok/archive/css-data/test/images/class1_150_jpg.rf.5995dce34d38deb9eb0b6e36cae78f17.jpg,helmet,0.747101,2,True,hallucination,,153.58,248.47,216.73,279.52
ood,dataset_ok,isaac_odd_dataset/dataset_ok/archive/css-data/test/images/class1_150_jpg.rf.5995dce34d38deb9eb0b6e36cae78f17.jpg,helmet,0.355234,2,True,hallucination,,348.20,23.28,414.23,67.21
ood,dataset_ok,isaac_odd_dataset/dataset_ok/archive/css-data/test/images/image_53_jpg.rf.3446e366b5d4d905a32e1aedc8fe87de.jpg,vest,0.910157,1,True,hallucination,,275.50,234.83,393.77,355.16
ood,dataset_ok,isaac_odd_dataset/dataset_ok/archive/css-data/test/images/image_55_jpg.rf.27ae4341a9b9647d73a8929ff7a22369.jpg,vest,0.888259,1,True,hallucination,,184.00,222.89,294.23,344.66
ood,dataset_ok,isaac_odd_dataset/dataset_ok/archive/css-data/test/images/ppe_0018_jpg.rf.be66fabcc8627f60d963454b5a227095.jpg,helmet,0.774599,2,True,hallucination,,146.89,160.38,243.71,258.27
ood,dataset_ok,isaac_odd_dataset/dataset_ok/archive/css-data/test/images/ppe_0018_jpg.rf.be66fabcc8627f60d963454b5a227095.jpg,helmet,0.302802,2,True,hallucination,,358.14,79.96,459.15,173.41
ood,dataset_ok,isaac_odd_dataset/dataset_ok/archive/css-data/test/images/ppe_1073_jpg.rf.72ea8a293a4f3e1135219e33701b1099.jpg,vest,0.794301,9,True,hallucination,,135.82,231.73,223.90,440.10
ood,dataset_ok,isaac_odd_dataset/dataset_ok/archive/css-data/test/images/ppe_1073_jpg.rf.72ea8a293a4f3e1135219e33701b1099.jpg,vest,0.730402,9,True,hallucination,,223.12,246.50,323.83,438.08
ood,dataset_ok,isaac_odd_dataset/dataset_ok/archive/css-data/test/images/ppe_1073_jpg.rf.72ea8a293a4f3e1135219e33701b1099.jpg,vest,0.708867,9,True,hallucination,,65.22,233.18,107.45,319.62
ood,dataset_ok,isaac_odd_dataset/dataset_ok/archive/css-data/test/images/ppe_1073_jpg.rf.72ea8a293a4f3e1135219e33701b1099.jpg,vest,0.685330,9,True,hallucination,,439.18,251.59,469.99,315.40
ood,dataset_ok,isaac_odd_dataset/dataset_ok/archive/css-data/test/images/ppe_1073_jpg.rf.72ea8a293a4f3e1135219e33701b1099.jpg,vest,0.591027,9,True,hallucination,,403.02,252.59,433.13,314.93
ood,dataset_ok,isaac_odd_dataset/dataset_ok/archive/css-data/test/images/ppe_1073_jpg.rf.72ea8a293a4f3e1135219e33701b1099.jpg,vest,0.586458,9,True,hallucination,,319.39,250.85,352.66,329.22
ood,dataset_ok,isaac_odd_dataset/dataset_ok/archive/css-data/test/images/ppe_1073_jpg.rf.72ea8a293a4f3e1135219e33701b1099.jpg,vest,0.279221,9,True,hallucination,,289.10,239.52,319.80,282.41
ood,dataset_ok,isaac_odd_dataset/dataset_ok/archive/css-data/test/images/youtube-108_jpg.rf.9dc7ed5f816f07d520f3dbfaad08d40f.jpg,vest,0.794398,2,True,hallucination,,268.11,186.56,336.76,378.35
ood,dataset_ok,isaac_odd_dataset/dataset_ok/archive/css-data/test/images/youtube-108_jpg.rf.9dc7ed5f816f07d520f3dbfaad08d40f.jpg,vest,0.742443,2,True,hallucination,,412.92,234.35,478.72,399.78
ood,dataset_ok,isaac_odd_dataset/dataset_ok/archive/css-data/test/images/youtube-126_jpg.rf.786824e90daf3276130ca73ca610a8da.jpg,vest,0.429459,1,True,hallucination,,327.61,235.60,384.76,327.40
ood,dataset_ok,isaac_odd_dataset/dataset_ok/archive/css-data/test/images/youtube-186_jpg.rf.1f1d93447d4be3233c22c4ce9f6e0601.jpg,vest,0.794325,1,True,hallucination,,362.05,143.54,490.64,325.61
ood,dataset_ok,isaac_odd_dataset/dataset_ok/archive/css-data/test/images/youtube-192_jpg.rf.93bea040de8cd55f34ffb12f6ffe30b1.jpg,vest,0.721228,1,True,hallucination,,148.34,140.73,383.93,640.00
ood,dataset_ok,isaac_odd_dataset/dataset_ok/archive/css-data/test/images/youtube-263_jpg.rf.bb17b89dd2ec9a090ce53b728f48865e.jpg,vest,0.663111,1,True,hallucination,,208.24,0.92,355.43,231.60
ood,dataset_ok,isaac_odd_dataset/dataset_ok/archive/css-data/test/images/youtube-263_jpg.rf.bb17b89dd2ec9a090ce53b728f48865e.jpg,helmet,0.572756,1,True,hallucination,,316.60,0.18,379.60,103.04
ood,dataset_ok,isaac_odd_dataset/dataset_ok/archive/css-data/test/images/youtube-462_jpg.rf.df73aa5089a04b8fbf3adf9d614a6740.jpg,vest,0.787226,2,True,hallucination,,288.27,205.32,353.99,390.65
ood,dataset_ok,isaac_odd_dataset/dataset_ok/archive/css-data/test/images/youtube-462_jpg.rf.df73aa5089a04b8fbf3adf9d614a6740.jpg,vest,0.656339,2,True,hallucination,,207.67,234.41,252.96,338.48
ood,dataset_ok,isaac_odd_dataset/dataset_ok/archive/css-data/test/images/youtube-471_jpg.rf.4296b7bd9a5a07753077beddbcd651bf.jpg,vest,0.813852,2,True,hallucination,,85.82,0.32,257.99,224.01
ood,dataset_ok,isaac_odd_dataset/dataset_ok/archive/css-data/test/images/youtube-472_jpg.rf.e9425ff40c0df2beeef70abbc2324956.jpg,vest,0.868153,1,True,hallucination,,3.22,0.31,157.84,258.61
ood,dataset_ok,isaac_odd_dataset/dataset_ok/archive/css-data/test/images/youtube-596_jpg.rf.11a8a4ac01d8aadb80eeb0406dfa579a.jpg,vest,0.591060,1,True,hallucination,,296.19,342.77,640.00,513.66
ood,dataset_ok,isaac_odd_dataset/dataset_ok/archive/css-data/test/images/youtube-596_jpg.rf.11a8a4ac01d8aadb80eeb0406dfa579a.jpg,vest,0.271263,1,True,hallucination,,294.83,270.67,639.98,513.38
ood,dataset_ok,isaac_odd_dataset/dataset_ok/archive/css-data/test/images/youtube-631_jpg.rf.7c6ecf859c1b0a659f8ea057ad27aebd.jpg,helmet,0.788654,2,True,hallucination,,193.25,13.09,402.01,479.32
ood,dataset_ok,isaac_odd_dataset/dataset_ok/archive/css-data/test/images/youtube-631_jpg.rf.7c6ecf859c1b0a659f8ea057ad27aebd.jpg,vest,0.621633,2,True,hallucination,,461.65,207.22,639.96,548.31
ood,dataset_ok,isaac_odd_dataset/dataset_ok/archive/css-data/test/images/youtube-738_jpg.rf.6f300b76e12b325f7c373c95ef319005.jpg,vest,0.855785,1,True,hallucination,,192.79,147.75,460.96,640.00
ood,dataset_ok,isaac_odd_dataset/dataset_ok/archive/css-data/test/images/youtube-840_jpg.rf.974a83a7c5aee7c16e83435b043c6d96.jpg,vest,0.813366,1,True,hallucination,,131.33,203.62,316.44,525.37
ood,dataset_ok,isaac_odd_dataset/dataset_ok/archive/css-data/train/images/-1670-_png_jpg.rf.3cb172ea2c4165c19ae2dd498b38f929.jpg,vest,0.518673,5,True,hallucination,,0.06,355.14,26.44,420.80
ood,dataset_ok,isaac_odd_dataset/dataset_ok/archive/css-data/train/images/-1670-_png_jpg.rf.3cb172ea2c4165c19ae2dd498b38f929.jpg,helmet,0.336670,5,True,hallucination,,0.53,328.33,23.72,352.43
ood,dataset_ok,isaac_odd_dataset/dataset_ok/archive/css-data/train/images/-1670-_png_jpg.rf.3cb172ea2c4165c19ae2dd498b38f929.jpg,vest,0.322014,5,True,hallucination,,270.89,362.54,303.20,397.53
ood,dataset_ok,isaac_odd_dataset/dataset_ok/archive/css-data/train/images/-1680-_png_jpg.rf.19e88a5022427045071da3f267825d67.jpg,helmet,0.804612,5,True,hallucination,,30.65,46.09,115.99,115.52
ood,dataset_ok,isaac_odd_dataset/dataset_ok/archive/css-data/train/images/-1680-_png_jpg.rf.19e88a5022427045071da3f267825d67.jpg,helmet,0.736170,5,True,hallucination,,146.33,41.97,214.89,99.47
ood,dataset_ok,isaac_odd_dataset/dataset_ok/archive/css-data/train/images/-1680-_png_jpg.rf.19e88a5022427045071da3f267825d67.jpg,helmet,0.706279,5,True,hallucination,,261.38,75.49,344.52,137.50
ood,dataset_ok,isaac_odd_dataset/dataset_ok/archive/css-data/train/images/-1680-_png_jpg.rf.aac88b5b6fa0becf6442572810f8cf76.jpg,helmet,0.621207,4,True,hallucination,,66.31,18.46,137.92,72.51
ood,dataset_ok,isaac_odd_dataset/dataset_ok/archive/css-data/train/images/-1680-_png_jpg.rf.aac88b5b6fa0becf6442572810f8cf76.jpg,helmet,0.533197,4,True,hallucination,,0.00,0.01,37.96,25.36
ood,dataset_ok,isaac_odd_dataset/dataset_ok/archive/css-data/train/images/-1680-_png_jpg.rf.fc3fb462afe2de723f6bc348720198f5.jpg,vest,0.867980,6,True,hallucination,,267.37,0.93,405.60,306.47
ood,dataset_ok,isaac_odd_dataset/dataset_ok/archive/css-data/train/images/-1680-_png_jpg.rf.fc3fb462afe2de723f6bc348720198f5.jpg,helmet,0.693804,6,True,hallucination,,0.00,95.29,96.82,197.26
ood,dataset_ok,isaac_odd_dataset/dataset_ok/archive/css-data/train/images/-1680-_png_jpg.rf.fc3fb462afe2de723f6bc348720198f5.jpg,vest,0.609614,6,True,hallucination,,106.41,222.12,228.35,309.44
ood,dataset_ok,isaac_odd_dataset/dataset_ok/archive/css-data/train/images/-1680-_png_jpg.rf.fc3fb462afe2de723f6bc348720198f5.jpg,helmet,0.458347,6,True,hallucination,,120.94,154.46,198.27,207.95
ood,dataset_ok,isaac_odd_dataset/dataset_ok/archive/css-data/train/images/-1680-_png_jpg.rf.fc3fb462afe2de723f6bc348720198f5.jpg,vest,0.369378,6,True,hallucination,,517.18,177.63,639.68,309.37
ood,dataset_ok,isaac_odd_dataset/dataset_ok/archive/css-data/train/images/-1975-_png_jpg.rf.c2be4021c4d6452f7941be256160f957.jpg,helmet,0.272480,2,True,hallucination,,419.68,252.54,638.31,561.43
ood,dataset_ok,isaac_odd_dataset/dataset_ok/archive/css-data/train/images/-1975-_png_jpg.rf.cd700127b5005f75f2eaff2705c1cbb6.jpg,vest,0.869447,4,True,hallucination,,4.12,467.34,92.08,615.33
ood,dataset_ok,isaac_odd_dataset/dataset_ok/archive/css-data/train/images/-1975-_png_jpg.rf.cd700127b5005f75f2eaff2705c1cbb6.jpg,vest,0.827224,4,True,hallucination,,124.36,488.51,223.72,640.00
ood,dataset_ok,isaac_odd_dataset/dataset_ok/archive/css-data/train/images/-1975-_png_jpg.rf.cd700127b5005f75f2eaff2705c1cbb6.jpg,helmet,0.485491,4,True,hallucination,,167.66,421.75,221.95,469.61
ood,dataset_ok,isaac_odd_dataset/dataset_ok/archive/css-data/train/images/-1975-_png_jpg.rf.cd700127b5005f75f2eaff2705c1cbb6.jpg,helmet,0.361922,4,True,hallucination,,44.00,407.90,92.20,451.69
ood,dataset_ok,isaac_odd_dataset/dataset_ok/archive/css-data/train/images/-2252-_png_jpg.rf.5d2ba68a39912deb9e4383661418224f.jpg,helmet,0.625726,5,True,hallucination,,450.31,95.05,540.19,161.62
ood,dataset_ok,isaac_odd_dataset/dataset_ok/archive/css-data/train/images/-2252-_png_jpg.rf.5d2ba68a39912deb9e4383661418224f.jpg,vest,0.575331,5,True,hallucination,,487.93,484.20,561.91,640.00
ood,dataset_ok,isaac_odd_dataset/dataset_ok/archive/css-data/train/images/-2252-_png_jpg.rf.5d2ba68a39912deb9e4383661418224f.jpg,helmet,0.545621,5,True,hallucination,,265.64,23.99,343.93,83.71
ood,dataset_ok,isaac_odd_dataset/dataset_ok/archive/css-data/train/images/-2252-_png_jpg.rf.5d2ba68a39912deb9e4383661418224f.jpg,vest,0.401047,5,True,hallucination,,440.28,363.74,501.01,457.81
ood,dataset_ok,isaac_odd_dataset/dataset_ok/archive/css-data/train/images/-2252-_png_jpg.rf.959ef543a1a8383d7ea395bec26b1030.jpg,vest,0.646906,4,True,hallucination,,138.66,458.63,277.56,640.00
ood,dataset_ok,isaac_odd_dataset/dataset_ok/archive/css-data/train/images/-2252-_png_jpg.rf.959ef543a1a8383d7ea395bec26b1030.jpg,vest,0.602136,4,True,hallucination,,275.37,250.53,634.03,394.57
ood,dataset_ok,isaac_odd_dataset/dataset_ok/archive/css-data/train/images/-2252-_png_jpg.rf.959ef543a1a8383d7ea395bec26b1030.jpg,helmet,0.471876,4,True,hallucination,,174.31,82.16,222.78,121.21
ood,dataset_ok,isaac_odd_dataset/dataset_ok/archive/css-data/train/images/-2252-_png_jpg.rf.e294c55ec43d0a8f1eb80b7a52de697f.jpg,helmet,0.599310,6,True,hallucination,,286.36,466.46,344.13,524.24
ood,dataset_ok,isaac_odd_dataset/dataset_ok/archive/css-data/train/images/-2270-_png_jpg.rf.4b73cc556e91bc8c587c923e348717f9.jpg,helmet,0.631185,3,True,hallucination,,94.43,0.04,241.06,71.30
ood,dataset_ok,isaac_odd_dataset/dataset_ok/archive/css-data/train/images/-2270-_png_jpg.rf.5bbc03681c0dfcdd978be9723da2cee2.jpg,helmet,0.761999,2,True,hallucination,,182.60,64.20,324.85,163.82
ood,dataset_ok,isaac_odd_dataset/dataset_ok/archive/css-data/train/images/-2270-_png_jpg.rf.6455ef559e463c1fca6b0d6d69da3ffb.jpg,helmet,0.612119,3,True,hallucination,,56.07,149.27,193.32,232.37
ood,dataset_ok,isaac_odd_dataset/dataset_ok/archive/css-data/train/images/-2270-_png_jpg.rf.6455ef559e463c1fca6b0d6d69da3ffb.jpg,helmet,0.457157,3,True,hallucination,,0.00,26.85,41.45,122.14
ood,dataset_ok,isaac_odd_dataset/dataset_ok/archive/css-data/train/images/-2270-_png_jpg.rf.fb11c18eea1ddb410b1b561de012a9f9.jpg,helmet,0.650953,2,True,hallucination,,93.79,171.55,242.47,266.97
ood,dataset_ok,isaac_odd_dataset/dataset_ok/archive/css-data/train/images/-2270-_png_jpg.rf.fb11c18eea1ddb410b1b561de012a9f9.jpg,helmet,0.493864,2,True,hallucination,,0.09,0.00,112.63,139.29
ood,dataset_ok,isaac_odd_dataset/dataset_ok/archive/css-data/train/images/-2297-_png_jpg.rf.202d3429d297ae78245d5fce0f84a81b.jpg,vest,0.268484,1,True,hallucination,,80.22,0.14,299.25,95.96
ood,dataset_ok,isaac_odd_dataset/dataset_ok/archive/css-data/train/images/-2297-_png_jpg.rf.9fff3740d864fbec9cda50d783ad805e.jpg,helmet,0.783881,4,True,hallucination,,74.95,298.09,229.86,398.42
ood,dataset_ok,isaac_odd_dataset/dataset_ok/archive/css-data/train/images/-2297-_png_jpg.rf.9fff3740d864fbec9cda50d783ad805e.jpg,vest,0.257926,4,True,hallucination,,69.16,0.32,341.54,201.02
ood,dataset_ok,isaac_odd_dataset/dataset_ok/archive/css-data/train/images/-2297-_png_jpg.rf.c11b54951365d9db2ce38e43da5a2482.jpg,vest,0.672896,2,True,hallucination,,75.07,503.64,269.64,639.94
ood,dataset_ok,isaac_odd_dataset/dataset_ok/archive/css-data/train/images/-2297-_png_jpg.rf.c11b54951365d9db2ce38e43da5a2482.jpg,vest,0.618265,2,True,hallucination,,102.06,1.47,268.70,200.55
ood,dataset_ok,isaac_odd_dataset/dataset_ok/archive/css-data/train/images/-2297-_png_jpg.rf.feeef4f36bc6dfc96b77a1f7f686fb6c.jpg,helmet,0.498497,5,True,hallucination,,367.12,476.46,397.12,516.08
ood,dataset_ok,isaac_odd_dataset/dataset_ok/archive/css-data/train/images/-2297-_png_jpg.rf.feeef4f36bc6dfc96b77a1f7f686fb6c.jpg,vest,0.496360,5,True,hallucination,,82.09,0.00,372.85,278.83
ood,dataset_ok,isaac_odd_dataset/dataset_ok/archive/css-data/train/images/-2297-_png_jpg.rf.feeef4f36bc6dfc96b77a1f7f686fb6c.jpg,helmet,0.449646,5,True,hallucination,,248.31,480.47,290.95,517.91
ood,dataset_ok,isaac_odd_dataset/dataset_ok/archive/css-data/train/images/-2406-_png_jpg.rf.58e52da2e6d3e816d59d716f3a2a1ae2.jpg,helmet,0.478878,2,True,hallucination,,11.22,0.00,68.56,41.07
ood,dataset_ok,isaac_odd_dataset/dataset_ok/archive/css-data/train/images/-2544-_png_jpg.rf.13bfe27776b4d713faf93d42421ae13f.jpg,vest,0.798616,11,True,hallucination,,439.17,150.52,488.98,241.75
ood,dataset_ok,isaac_odd_dataset/dataset_ok/archive/css-data/train/images/-2544-_png_jpg.rf.13bfe27776b4d713faf93d42421ae13f.jpg,vest,0.797827,11,True,hallucination,,301.17,141.76,360.88,255.53
ood,dataset_ok,isaac_odd_dataset/dataset_ok/archive/css-data/train/images/-2544-_png_jpg.rf.13bfe27776b4d713faf93d42421ae13f.jpg,vest,0.793492,11,True,hallucination,,546.98,140.15,603.95,238.37
ood,dataset_ok,isaac_odd_dataset/dataset_ok/archive/css-data/train/images/-2544-_png_jpg.rf.13bfe27776b4d713faf93d42421ae13f.jpg,vest,0.791440,11,True,hallucination,,599.23,136.33,639.93,227.03
ood,dataset_ok,isaac_odd_dataset/dataset_ok/archive/css-data/train/images/-2544-_png_jpg.rf.13bfe27776b4d713faf93d42421ae13f.jpg,vest,0.753962,11,True,hallucination,,392.67,129.31,444.23,226.42
ood,dataset_ok,isaac_odd_dataset/dataset_ok/archive/css-data/train/images/-2544-_png_jpg.rf.13bfe27776b4d713faf93d42421ae13f.jpg,vest,0.715148,11,True,hallucination,,331.40,271.28,549.63,638.00
ood,dataset_ok,isaac_odd_dataset/dataset_ok/archive/css-data/train/images/-2544-_png_jpg.rf.13bfe27776b4d713faf93d42421ae13f.jpg,helmet,0.696157,11,True,hallucination,,508.87,109.88,530.05,134.53
ood,dataset_ok,isaac_odd_dataset/dataset_ok/archive/css-data/train/images/-2544-_png_jpg.rf.13bfe27776b4d713faf93d42421ae13f.jpg,helmet,0.693890,11,True,hallucination,,311.50,91.96,341.80,124.31
ood,dataset_ok,isaac_odd_dataset/dataset_ok/archive/css-data/train/images/-2544-_png_jpg.rf.13bfe27776b4d713faf93d42421ae13f.jpg,helmet,0.652497,11,True,hallucination,,593.16,95.90,617.04,122.14
ood,dataset_ok,isaac_odd_dataset/dataset_ok/archive/css-data/train/images/-2544-_png_jpg.rf.13bfe27776b4d713faf93d42421ae13f.jpg,helmet,0.639441,11,True,hallucination,,484.40,91.42,507.95,119.74
ood,dataset_ok,isaac_odd_dataset/dataset_ok/archive/css-data/train/images/-2544-_png_jpg.rf.13bfe27776b4d713faf93d42421ae13f.jpg,helmet,0.618702,11,True,hallucination,,537.18,98.66,559.88,125.28
ood,dataset_ok,isaac_odd_dataset/dataset_ok/archive/css-data/train/images/-2544-_png_jpg.rf.13bfe27776b4d713faf93d42421ae13f.jpg,helmet,0.615188,11,True,hallucination,,615.76,105.60,639.77,133.71
ood,dataset_ok,isaac_odd_dataset/dataset_ok/archive/css-data/train/images/-2544-_png_jpg.rf.13bfe27776b4d713faf93d42421ae13f.jpg,helmet,0.607376,11,True,hallucination,,349.86,72.02,378.76,104.76
ood,dataset_ok,isaac_odd_dataset/dataset_ok/archive/css-data/train/images/-2544-_png_jpg.rf.13bfe27776b4d713faf93d42421ae13f.jpg,helmet,0.539264,11,True,hallucination,,403.72,88.27,428.49,117.43
ood,dataset_ok,isaac_odd_dataset/dataset_ok/archive/css-data/train/images/-2544-_png_jpg.rf.13bfe27776b4d713faf93d42421ae13f.jpg,helmet,0.501153,11,True,hallucination,,561.09,107.31,585.48,136.79
ood,dataset_ok,isaac_odd_dataset/dataset_ok/archive/css-data/train/images/-2544-_png_jpg.rf.13bfe27776b4d713faf93d42421ae13f.jpg,vest,0.431454,11,True,hallucination,,529.12,134.52,560.14,225.40
ood,dataset_ok,isaac_odd_dataset/dataset_ok/archive/css-data/train/images/-2544-_png_jpg.rf.13bfe27776b4d713faf93d42421ae13f.jpg,vest,0.419387,11,True,hallucination,,472.16,125.46,510.94,185.41
ood,dataset_ok,isaac_odd_dataset/dataset_ok/archive/css-data/train/images/-2544-_png_jpg.rf.13bfe27776b4d713faf93d42421ae13f.jpg,vest,0.374275,11,True,hallucination,,496.05,146.89,543.48,236.01
ood,dataset_ok,isaac_odd_dataset/dataset_ok/archive/css-data/train/images/-2544-_png_jpg.rf.13bfe27776b4d713faf93d42421ae13f.jpg,helmet,0.369529,11,True,hallucination,,454.56,106.17,475.79,135.97
ood,dataset_ok,isaac_odd_dataset/dataset_ok/archive/css-data/train/images/-2544-_png_jpg.rf.13bfe27776b4d713faf93d42421ae13f.jpg,vest,0.362651,11,True,hallucination,,184.06,301.42,204.17,327.32
ood,dataset_ok,isaac_odd_dataset/dataset_ok/archive/css-data/train/images/-2544-_png_jpg.rf.13bfe27776b4d713faf93d42421ae13f.jpg,helmet,0.326631,11,True,hallucination,,362.00,111.03,392.12,143.55
ood,dataset_ok,isaac_odd_dataset/dataset_ok/archive/css-data/train/images/-2544-_png_jpg.rf.13bfe27776b4d713faf93d42421ae13f.jpg,vest,0.272889,11,True,hallucination,,208.57,294.44,240.74,333.63
ood,dataset_ok,isaac_odd_dataset/dataset_ok/archive/css-data/train/images/-2544-_png_jpg.rf.13bfe27776b4d713faf93d42421ae13f.jpg,vest,0.250510,11,True,hallucination,,216.62,318.55,255.82,362.46
ood,dataset_ok,isaac_odd_dataset/dataset_ok/archive/css-data/train/images/-2544-_png_jpg.rf.185d1d1c0cb4027d76f7e31cd409022e.jpg,vest,0.733336,2,True,hallucination,,138.21,185.46,332.29,269.04
ood,dataset_ok,isaac_odd_dataset/dataset_ok/archive/css-data/train/images/-2544-_png_jpg.rf.185d1d1c0cb4027d76f7e31cd409022e.jpg,helmet,0.689625,2,True,hallucination,,179.01,81.36,278.95,164.39
ood,dataset_ok,isaac_odd_dataset/dataset_ok/archive/css-data/train/images/-2544-_png_jpg.rf.cbcb183dbec853ee769df1327119472b.jpg,vest,0.809343,1,True,hallucination,,205.77,167.65,368.94,321.49
ood,dataset_ok,isaac_odd_dataset/dataset_ok/archive/css-data/train/images/-2544-_png_jpg.rf.cbcb183dbec853ee769df1327119472b.jpg,helmet,0.696076,1,True,hallucination,,214.31,71.85,308.68,148.21
ood,dataset_ok,isaac_odd_dataset/dataset_ok/archive/css-data/train/images/-2544-_png_jpg.rf.dcf58552354021e725e2535105969f5a.jpg,helmet,0.549936,1,True,hallucination,,168.89,267.21,259.50,337.99
ood,dataset_ok,isaac_odd_dataset/dataset_ok/archive/css-data/train/images/-2544-_png_jpg.rf.dcf58552354021e725e2535105969f5a.jpg,vest,0.459217,1,True,hallucination,,151.20,368.26,267.66,410.66
ood,dataset_ok,isaac_odd_dataset/dataset_ok/archive/css-data/train/images/-3394-_png_jpg.rf.61441b8707107e91850cd9f576dd0ce8.jpg,helmet,0.601562,6,True,hallucination,,116.47,447.18,163.44,494.27
ood,dataset_ok,isaac_odd_dataset/dataset_ok/archive/css-data/train/images/-3394-_png_jpg.rf.61441b8707107e91850cd9f576dd0ce8.jpg,helmet,0.252932,6,True,hallucination,,200.46,497.75,236.79,536.60
ood,dataset_ok,isaac_odd_dataset/dataset_ok/archive/css-data/train/images/-3394-_png_jpg.rf.a0f81aeb67bec81f0a77c518490205bc.jpg,helmet,0.790051,2,True,hallucination,,19.41,0.04,117.52,45.79
ood,dataset_ok,isaac_odd_dataset/dataset_ok/archive/css-data/train/images/-I1-MS09uaqsLdGTFkgnS0Rcg1mmPyAj95ySg_eckoM_jpeg_jpg.rf.10828c2a406f3e985c87926751704f49.jpg,vest,0.786694,4,True,hallucination,,174.42,330.15,302.90,459.00
ood,dataset_ok,isaac_odd_dataset/dataset_ok/archive/css-data/train/images/-I1-MS09uaqsLdGTFkgnS0Rcg1mmPyAj95ySg_eckoM_jpeg_jpg.rf.10828c2a406f3e985c87926751704f49.jpg,helmet,0.570320,4,True,hallucination,,556.44,138.95,587.25,180.98
ood,dataset_ok,isaac_odd_dataset/dataset_ok/archive/css-data/train/images/-I1-MS09uaqsLdGTFkgnS0Rcg1mmPyAj95ySg_eckoM_jpeg_jpg.rf.10828c2a406f3e985c87926751704f49.jpg,helmet,0.254930,4,True,hallucination,,613.30,87.31,638.00,121.46
ood,dataset_ok,isaac_odd_dataset/dataset_ok/archive/css-data/train/images/-I1-MS09uaqsLdGTFkgnS0Rcg1mmPyAj95ySg_eckoM_jpeg_jpg.rf.8691072d7687a7a3251efdf544326795.jpg,vest,0.328174,3,True,hallucination,,392.62,0.06,639.78,53.95
ood,dataset_ok,isaac_odd_dataset/dataset_ok/archive/css-data/train/images/-I1-MS09uaqsLdGTFkgnS0Rcg1mmPyAj95ySg_eckoM_jpeg_jpg.rf.ebf4adda36378f39ccb4a751d9c18183.jpg,vest,0.820310,4,True,hallucination,,57.82,370.53,148.69,508.69
ood,dataset_ok,isaac_odd_dataset/dataset_ok/archive/css-data/train/images/-I1-MS09uaqsLdGTFkgnS0Rcg1mmPyAj95ySg_eckoM_jpeg_jpg.rf.ebf4adda36378f39ccb4a751d9c18183.jpg,vest,0.796589,4,True,hallucination,,198.44,371.65,266.54,501.05
ood,dataset_ok,isaac_odd_dataset/dataset_ok/archive/css-data/train/images/-I1-MS09uaqsLdGTFkgnS0Rcg1mmPyAj95ySg_eckoM_jpeg_jpg.rf.fb09ca92aa0016318337101cb73199ae.jpg,helmet,0.671563,3,True,hallucination,,304.77,9.60,349.72,59.63
ood,dataset_ok,isaac_odd_dataset/dataset_ok/archive/css-data/train/images/000415_jpg.rf.6e1ef08de110baace091eb9f5b5867a2.jpg,helmet,0.581797,3,True,hallucination,,307.41,0.32,344.64,40.58
ood,dataset_ok,isaac_odd_dataset/dataset_ok/archive/css-data/train/images/000415_jpg.rf.8b898a9652182d324999f62f39119cfb.jpg,helmet,0.539113,1,True,hallucination,,0.00,434.21,154.74,540.61
ood,dataset_ok,isaac_odd_dataset/dataset_ok/archive/css-data/train/images/001425_jpg.rf.02937146b9b48ec81a3c3cf7f0d4d50e.jpg,vest,0.815793,4,True,hallucination,,10.40,91.52,111.69,204.19
ood,dataset_ok,isaac_odd_dataset/dataset_ok/archive/css-data/train/images/001425_jpg.rf.02937146b9b48ec81a3c3cf7f0d4d50e.jpg,vest,0.762501,4,True,hallucination,,192.42,79.80,268.46,199.60
ood,dataset_ok,isaac_odd_dataset/dataset_ok/archive/css-data/train/images/001425_jpg.rf.02937146b9b48ec81a3c3cf7f0d4d50e.jpg,helmet,0.712477,4,True,hallucination,,35.60,47.95,100.22,90.03
ood,dataset_ok,isaac_odd_dataset/dataset_ok/archive/css-data/train/images/001425_jpg.rf.02937146b9b48ec81a3c3cf7f0d4d50e.jpg,helmet,0.610039,4,True,hallucination,,195.66,36.13,255.14,72.29
ood,dataset_ok,isaac_odd_dataset/dataset_ok/archive/css-data/train/images/001425_jpg.rf.85bc2e1d337adb66e78e393c2aecff1c.jpg,vest,0.806180,8,True,hallucination,,40.75,95.92,150.14,210.71
ood,dataset_ok,isaac_odd_dataset/dataset_ok/archive/css-data/train/images/001425_jpg.rf.85bc2e1d337adb66e78e393c2aecff1c.jpg,helmet,0.645066,8,True,hallucination,,45.95,48.98,104.18,84.06
ood,dataset_ok,isaac_odd_dataset/dataset_ok/archive/css-data/train/images/001425_jpg.rf.85bc2e1d337adb66e78e393c2aecff1c.jpg,helmet,0.564347,8,True,hallucination,,138.69,43.62,162.52,62.43
ood,dataset_ok,isaac_odd_dataset/dataset_ok/archive/css-data/train/images/001425_jpg.rf.85bc2e1d337adb66e78e393c2aecff1c.jpg,vest,0.547152,8,True,hallucination,,126.46,61.78,163.45,105.07
ood,dataset_ok,isaac_odd_dataset/dataset_ok/archive/css-data/train/images/001425_jpg.rf.85bc2e1d337adb66e78e393c2aecff1c.jpg,helmet,0.456248,8,True,hallucination,,97.44,43.26,133.32,68.64
ood,dataset_ok,isaac_odd_dataset/dataset_ok/archive/css-data/train/images/001425_jpg.rf.8d9766a13f37413d9a9b509766897167.jpg,vest,0.775823,3,True,hallucination,,0.19,118.89,91.73,230.81
ood,dataset_ok,isaac_odd_dataset/dataset_ok/archive/css-data/train/images/001425_jpg.rf.8d9766a13f37413d9a9b509766897167.jpg,helmet,0.608594,3,True,hallucination,,26.00,73.34,87.33,109.97
ood,dataset_ok,isaac_odd_dataset/dataset_ok/archive/css-data/train/images/001425_jpg.rf.970cbc9921e627d49bab629e2bc7dd6c.jpg,vest,0.825577,3,True,hallucination,,82.43,10.97,185.10,128.31
ood,dataset_ok,isaac_odd_dataset/dataset_ok/archive/css-data/train/images/001425_jpg.rf.970cbc9921e627d49bab629e2bc7dd6c.jpg,helmet,0.730018,3,True,hallucination,,287.57,3.05,332.53,41.29
ood,dataset_ok,isaac_odd_dataset/dataset_ok/archive/css-data/train/images/001425_jpg.rf.970cbc9921e627d49bab629e2bc7dd6c.jpg,vest,0.720493,3,True,hallucination,,264.12,44.57,334.83,166.12
ood,dataset_ok,isaac_odd_dataset/dataset_ok/archive/css-data/train/images/001425_jpg.rf.970cbc9921e627d49bab629e2bc7dd6c.jpg,helmet,0.516133,3,True,hallucination,,128.31,0.06,193.08,22.99
ood,dataset_ok,isaac_odd_dataset/dataset_ok/archive/css-data/train/images/001425_jpg.rf.ee12b5cd77b14d4b6edbec28be0b9b28.jpg,vest,0.806807,3,True,hallucination,,101.61,43.98,217.88,173.92
ood,dataset_ok,isaac_odd_dataset/dataset_ok/archive/css-data/train/images/001425_jpg.rf.ee12b5cd77b14d4b6edbec28be0b9b28.jpg,helmet,0.683169,3,True,hallucination,,103.78,6.43,163.67,43.30
ood,dataset_ok,isaac_odd_dataset/dataset_ok/archive/css-data/train/images/001425_jpg.rf.ee12b5cd77b14d4b6edbec28be0b9b28.jpg,vest,0.562891,3,True,hallucination,,190.13,15.54,226.48,60.11
ood,dataset_ok,isaac_odd_dataset/dataset_ok/archive/css-data/train/images/001425_jpg.rf.ee12b5cd77b14d4b6edbec28be0b9b28.jpg,helmet,0.489674,3,True,hallucination,,200.17,0.01,224.53,13.66
ood,dataset_ok,isaac_odd_dataset/dataset_ok/archive/css-data/train/images/001425_jpg.rf.ee12b5cd77b14d4b6edbec28be0b9b28.jpg,helmet,0.407887,3,True,hallucination,,159.53,0.21,193.62,21.72
ood,dataset_ok,isaac_odd_dataset/dataset_ok/archive/css-data/train/images/002458_jpg.rf.1b4000f1327c1a3d54d98bceebcde622.jpg,vest,0.865348,4,True,hallucination,,351.02,86.37,438.61,316.95
ood,dataset_ok,isaac_odd_dataset/dataset_ok/archive/css-data/train/images/002458_jpg.rf.1b4000f1327c1a3d54d98bceebcde622.jpg,helmet,0.789239,4,True,hallucination,,11.63,23.98,215.61,183.36
ood,dataset_ok,isaac_odd_dataset/dataset_ok/archive/css-data/train/images/002458_jpg.rf.1b4000f1327c1a3d54d98bceebcde622.jpg,helmet,0.568480,4,True,hallucination,,186.88,500.09,263.81,583.10
ood,dataset_ok,isaac_odd_dataset/dataset_ok/archive/css-data/train/images/002458_jpg.rf.1b4000f1327c1a3d54d98bceebcde622.jpg,helmet,0.512977,4,True,hallucination,,359.29,0.00,423.12,69.60
ood,dataset_ok,isaac_odd_dataset/dataset_ok/archive/css-data/train/images/002458_jpg.rf.1b4000f1327c1a3d54d98bceebcde622.jpg,vest,0.251425,4,True,hallucination,,183.80,620.34,312.82,640.00
ood,dataset_ok,isaac_odd_dataset/dataset_ok/archive/css-data/train/images/002458_jpg.rf.2a5e959314f62660e27f9ab53cf21952.jpg,helmet,0.733966,1,True,hallucination,,94.02,29.98,268.52,155.45
ood,dataset_ok,isaac_odd_dataset/dataset_ok/archive/css-data/train/images/002458_jpg.rf.2d87971bcbefb5465fabce9ab5ec5967.jpg,helmet,0.679066,2,True,hallucination,,62.71,0.15,262.72,102.25
ood,dataset_ok,isaac_odd_dataset/dataset_ok/archive/css-data/train/images/002458_jpg.rf.dca744088199d83f8e9236beda1f336b.jpg,helmet,0.584461,5,True,hallucination,,136.64,94.82,330.34,234.93
ood,dataset_ok,isaac_odd_dataset/dataset_ok/archive/css-data/train/images/002654_jpg.rf.f10456662b75b3d34e02a4db9cdf36a2.jpg,helmet,0.374850,1,True,hallucination,,66.68,0.00,191.27,87.22
ood,dataset_ok,isaac_odd_dataset/dataset_ok/archive/css-data/train/images/002654_jpg.rf.ff1deb021121bfef83e8a9152093596e.jpg,helmet,0.853448,3,True,hallucination,,158.33,0.00,278.49,99.86
ood,dataset_ok,isaac_odd_dataset/dataset_ok/archive/css-data/train/images/002682_jpg.rf.29171c747ef34470238dd52b997917d8.jpg,helmet,0.834947,6,True,hallucination,,345.13,342.98,440.78,450.15
ood,dataset_ok,isaac_odd_dataset/dataset_ok/archive/css-data/train/images/002682_jpg.rf.29171c747ef34470238dd52b997917d8.jpg,helmet,0.334613,6,True,hallucination,,222.69,273.48,318.98,398.39
ood,dataset_ok,isaac_odd_dataset/dataset_ok/archive/css-data/train/images/002682_jpg.rf.32c372b1f8fe5c33729441cfa170fac6.jpg,vest,0.480271,9,True,hallucination,,597.67,532.30,639.94,640.00
ood,dataset_ok,isaac_odd_dataset/dataset_ok/archive/css-data/train/images/002682_jpg.rf.b5f6e4d4f429c574db5367b57dad17ff.jpg,vest,0.616998,6,True,hallucination,,212.23,458.97,278.50,585.98
ood,dataset_ok,isaac_odd_dataset/dataset_ok/archive/css-data/train/images/002682_jpg.rf.b5f6e4d4f429c574db5367b57dad17ff.jpg,vest,0.482344,6,True,hallucination,,235.58,251.10,276.20,484.84
ood,dataset_ok,isaac_odd_dataset/dataset_ok/archive/css-data/train/images/002682_jpg.rf.b5f6e4d4f429c574db5367b57dad17ff.jpg,vest,0.314631,6,True,hallucination,,224.35,250.80,277.14,514.53
ood,dataset_ok,isaac_odd_dataset/dataset_ok/archive/css-data/train/images/003184_jpg.rf.028bc555473f5424473dac253d2e6de4.jpg,helmet,0.292098,4,True,hallucination,,603.42,345.54,639.97,457.29
ood,dataset_ok,isaac_odd_dataset/dataset_ok/archive/css-data/train/images/003184_jpg.rf.028bc555473f5424473dac253d2e6de4.jpg,helmet,0.270333,4,True,hallucination,,428.37,0.37,537.79,226.90
ood,dataset_ok,isaac_odd_dataset/dataset_ok/archive/css-data/train/images/003184_jpg.rf.ddcabf097616516ad576f90948a0ac0f.jpg,helmet,0.290533,4,True,hallucination,,254.44,31.60,300.88,108.85
ood,dataset_ok,isaac_odd_dataset/dataset_ok/archive/css-data/train/images/003184_jpg.rf.ff0c89d68480e029f33402d458c7531c.jpg,vest,0.810399,5,True,hallucination,,18.14,135.64,236.21,303.87
ood,dataset_ok,isaac_odd_dataset/dataset_ok/archive/css-data/train/images/003184_jpg.rf.ff0c89d68480e029f33402d458c7531c.jpg,helmet,0.623073,5,True,hallucination,,235.86,2.82,314.31,51.47
ood,dataset_ok,isaac_odd_dataset/dataset_ok/archive/css-data/train/images/003184_jpg.rf.ff0c89d68480e029f33402d458c7531c.jpg,helmet,0.535523,5,True,hallucination,,100.36,43.97,224.96,110.27
ood,dataset_ok,isaac_odd_dataset/dataset_ok/archive/css-data/train/images/004720_jpg.rf.0dcf5ce7437210bdf3d5e2f1bab5f21e.jpg,helmet,0.592678,6,True,hallucination,,605.96,69.75,640.00,112.31
ood,dataset_ok,isaac_odd_dataset/dataset_ok/archive/css-data/train/images/004720_jpg.rf.0dcf5ce7437210bdf3d5e2f1bab5f21e.jpg,helmet,0.536320,6,True,hallucination,,4.52,209.15,109.07,258.00
ood,dataset_ok,isaac_odd_dataset/dataset_ok/archive/css-data/train/images/004720_jpg.rf.0dcf5ce7437210bdf3d5e2f1bab5f21e.jpg,helmet,0.448761,6,True,hallucination,,28.30,84.42,103.51,142.84
ood,dataset_ok,isaac_odd_dataset/dataset_ok/archive/css-data/train/images/004720_jpg.rf.2c90819deb7a595e4201b6be21fe29ec.jpg,helmet,0.549066,3,True,hallucination,,103.05,90.03,201.38,142.92
ood,dataset_ok,isaac_odd_dataset/dataset_ok/archive/css-data/train/images/004720_jpg.rf.38351f09d6df1004a9d6fccb2f1cdf5c.jpg,vest,0.820037,5,True,hallucination,,408.81,382.68,598.12,523.19
ood,dataset_ok,isaac_odd_dataset/dataset_ok/archive/css-data/train/images/004720_jpg.rf.38351f09d6df1004a9d6fccb2f1cdf5c.jpg,helmet,0.566641,5,True,hallucination,,190.30,130.14,282.38,198.33
ood,dataset_ok,isaac_odd_dataset/dataset_ok/archive/css-data/train/images/004720_jpg.rf.38351f09d6df1004a9d6fccb2f1cdf5c.jpg,helmet,0.514954,5,True,hallucination,,188.88,263.86,302.82,320.91
ood,dataset_ok,isaac_odd_dataset/dataset_ok/archive/css-data/train/images/004720_jpg.rf.38351f09d6df1004a9d6fccb2f1cdf5c.jpg,vest,0.333186,5,True,hallucination,,596.49,501.33,639.98,640.00
ood,dataset_ok,isaac_odd_dataset/dataset_ok/archive/css-data/train/images/004720_jpg.rf.44b8db920085c7034b6b0637fa85fe11.jpg,vest,0.562762,5,True,hallucination,,65.19,274.38,186.97,446.80
ood,dataset_ok,isaac_odd_dataset/dataset_ok/archive/css-data/train/images/004720_jpg.rf.44b8db920085c7034b6b0637fa85fe11.jpg,vest,0.339432,5,True,hallucination,,352.02,148.79,554.99,276.78
ood,dataset_ok,isaac_odd_dataset/dataset_ok/archive/css-data/train/images/004720_jpg.rf.afc486560a4004c7cfd67910af31a29c.jpg,helmet,0.604189,2,True,hallucination,,121.90,27.43,211.14,91.97
ood,dataset_ok,isaac_odd_dataset/dataset_ok/archive/css-data/train/images/004720_jpg.rf.afc486560a4004c7cfd67910af31a29c.jpg,helmet,0.597244,2,True,hallucination,,88.28,153.91,191.92,208.04
ood,dataset_ok,isaac_odd_dataset/dataset_ok/archive/css-data/train/images/005100_jpg.rf.11d7bd86fe6608dc8ca416382c74d469.jpg,vest,0.427197,3,True,hallucination,,236.27,428.61,326.30,620.89
ood,dataset_ok,isaac_odd_dataset/dataset_ok/archive/css-data/train/images/005100_jpg.rf.11d7bd86fe6608dc8ca416382c74d469.jpg,vest,0.310717,3,True,hallucination,,37.43,425.98,286.70,584.45
ood,dataset_ok,isaac_odd_dataset/dataset_ok/archive/css-data/train/images/005100_jpg.rf.11d7bd86fe6608dc8ca416382c74d469.jpg,vest,0.289473,3,True,hallucination,,22.25,426.74,248.37,613.05
ood,dataset_ok,isaac_odd_dataset/dataset_ok/archive/css-data/train/images/005100_jpg.rf.8f58de6f4be40f7e676c1e35773b2056.jpg,vest,0.723440,3,True,hallucination,,416.16,0.00,640.00,193.95
ood,dataset_ok,isaac_odd_dataset/dataset_ok/archive/css-data/train/images/005139_jpg.rf.264f7aac166fc2d8628473d964339aa2.jpg,helmet,0.732155,1,True,hallucination,,170.52,0.05,303.15,66.21
ood,dataset_ok,isaac_odd_dataset/dataset_ok/archive/css-data/train/images/005139_jpg.rf.264f7aac166fc2d8628473d964339aa2.jpg,vest,0.265118,1,True,hallucination,,95.59,122.31,317.62,275.93
ood,dataset_ok,isaac_odd_dataset/dataset_ok/archive/css-data/train/images/005139_jpg.rf.b51d392a15c3ca4943cfe750427ceb97.jpg,vest,0.806036,3,True,hallucination,,0.00,31.24,170.11,249.94
ood,dataset_ok,isaac_odd_dataset/dataset_ok/archive/css-data/train/images/005139_jpg.rf.df5b20b4373e6e301b010eda32f8ea3f.jpg,vest,0.257166,2,True,hallucination,,0.05,120.56,60.54,327.29
ood,dataset_ok,isaac_odd_dataset/dataset_ok/archive/css-data/train/images/005139_jpg.rf.e8403525bf33f19710d4adb5344256a9.jpg,vest,0.675956,9,True,hallucination,,148.78,162.09,307.33,321.27
ood,dataset_ok,isaac_odd_dataset/dataset_ok/archive/css-data/train/images/005139_jpg.rf.e8403525bf33f19710d4adb5344256a9.jpg,helmet,0.456933,9,True,hallucination,,200.88,0.09,308.41,101.87
ood,dataset_ok,isaac_odd_dataset/dataset_ok/archive/css-data/train/images/005180_jpg.rf.07de45ecea6050e4afec7f8a3632ea11.jpg,vest,0.820123,2,True,hallucination,,223.71,152.38,324.27,323.85
ood,dataset_ok,isaac_odd_dataset/dataset_ok/archive/css-data/train/images/005180_jpg.rf.07de45ecea6050e4afec7f8a3632ea11.jpg,helmet,0.649011,2,True,hallucination,,326.61,58.74,385.98,116.07
ood,dataset_ok,isaac_odd_dataset/dataset_ok/archive/css-data/train/images/005180_jpg.rf.07f95f7d40be1642632bca5a25661ec5.jpg,helmet,0.714804,2,True,hallucination,,163.19,17.65,227.00,77.02
ood,dataset_ok,isaac_odd_dataset/dataset_ok/archive/css-data/train/images/005180_jpg.rf.3c83b15d5bed446651582525866783fa.jpg,vest,0.812226,2,True,hallucination,,0.08,6.56,76.71,239.75
ood,dataset_ok,isaac_odd_dataset/dataset_ok/archive/css-data/train/images/005180_jpg.rf.765ddd4046b2ce2755fde8140f5009f1.jpg,helmet,0.618721,2,True,hallucination,,241.78,85.86,301.90,136.91
ood,dataset_ok,isaac_odd_dataset/dataset_ok/archive/css-data/train/images/005180_jpg.rf.77e5bbc190a7bde710749bae284e6fff.jpg,vest,0.807092,5,True,hallucination,,67.52,168.12,183.19,320.87
ood,dataset_ok,isaac_odd_dataset/dataset_ok/archive/css-data/train/images/005180_jpg.rf.77e5bbc190a7bde710749bae284e6fff.jpg,helmet,0.603408,5,True,hallucination,,15.34,61.91,85.60,134.90
ood,dataset_ok,isaac_odd_dataset/dataset_ok/archive/css-data/train/images/005180_jpg.rf.77e5bbc190a7bde710749bae284e6fff.jpg,helmet,0.323364,5,True,hallucination,,104.89,89.01,161.32,149.82
ood,dataset_ok,isaac_odd_dataset/dataset_ok/archive/css-data/train/images/005239_jpg.rf.20727bffc9c5afe39c9bfdddf3a4f222.jpg,helmet,0.860745,4,True,hallucination,,41.98,0.00,152.43,129.44
ood,dataset_ok,isaac_odd_dataset/dataset_ok/archive/css-data/train/images/005239_jpg.rf.20727bffc9c5afe39c9bfdddf3a4f222.jpg,helmet,0.694433,4,True,hallucination,,247.71,16.31,293.55,82.04
ood,dataset_ok,isaac_odd_dataset/dataset_ok/archive/css-data/train/images/005239_jpg.rf.20727bffc9c5afe39c9bfdddf3a4f222.jpg,helmet,0.309923,4,True,hallucination,,276.96,0.00,340.59,104.95
ood,dataset_ok,isaac_odd_dataset/dataset_ok/archive/css-data/train/images/005239_jpg.rf.aa730ea2e24bd8c190a67478c76d14ca.jpg,vest,0.572531,3,True,hallucination,,330.13,304.02,405.29,352.04
ood,dataset_ok,isaac_odd_dataset/dataset_ok/archive/css-data/train/images/005239_jpg.rf.aa730ea2e24bd8c190a67478c76d14ca.jpg,vest,0.275230,3,True,hallucination,,329.18,303.78,405.76,371.20
ood,dataset_ok,isaac_odd_dataset/dataset_ok/archive/css-data/train/images/005310_jpg.rf.31b8beb7dd8e338e4818d2e1a648656f.jpg,vest,0.820351,7,True,hallucination,,0.00,0.15,91.88,196.34
ood,dataset_ok,isaac_odd_dataset/dataset_ok/archive/css-data/train/images/005310_jpg.rf.31b8beb7dd8e338e4818d2e1a648656f.jpg,vest,0.811720,7,True,hallucination,,0.07,370.40,279.98,639.90
ood,dataset_ok,isaac_odd_dataset/dataset_ok/archive/css-data/train/images/005310_jpg.rf.31b8beb7dd8e338e4818d2e1a648656f.jpg,helmet,0.750993,7,True,hallucination,,417.39,0.00,513.71,61.83
ood,dataset_ok,isaac_odd_dataset/dataset_ok/archive/css-data/train/images/005310_jpg.rf.31b8beb7dd8e338e4818d2e1a648656f.jpg,helmet,0.749030,7,True,hallucination,,432.10,507.84,498.80,548.09
ood,dataset_ok,isaac_odd_dataset/dataset_ok/archive/css-data/train/images/005310_jpg.rf.31b8beb7dd8e338e4818d2e1a648656f.jpg,vest,0.284980,7,True,hallucination,,582.47,106.18,639.81,367.25
ood,dataset_ok,isaac_odd_dataset/dataset_ok/archive/css-data/train/images/005310_jpg.rf.3fadf8fa69fb354db06bed4e42142276.jpg,vest,0.818659,2,True,hallucination,,0.00,203.17,92.61,341.98
ood,dataset_ok,isaac_odd_dataset/dataset_ok/archive/css-data/train/images/005310_jpg.rf.3fadf8fa69fb354db06bed4e42142276.jpg,helmet,0.688852,2,True,hallucination,,5.79,140.38,63.95,196.91
ood,dataset_ok,isaac_odd_dataset/dataset_ok/archive/css-data/train/images/005310_jpg.rf.462b38e32ee1aed612c4ed119dc9a06e.jpg,vest,0.828686,1,True,hallucination,,202.15,42.89,330.31,297.16
ood,dataset_ok,isaac_odd_dataset/dataset_ok/archive/css-data/train/images/005310_jpg.rf.462b38e32ee1aed612c4ed119dc9a06e.jpg,helmet,0.648962,1,True,hallucination,,241.77,0.00,303.65,45.27
ood,dataset_ok,isaac_odd_dataset/dataset_ok/archive/css-data/train/images/005310_jpg.rf.83e6f0a246ede1e981765bf75cb7b067.jpg,vest,0.752967,1,True,hallucination,,118.20,79.27,245.21,325.77
ood,dataset_ok,isaac_odd_dataset/dataset_ok/archive/css-data/train/images/005310_jpg.rf.83e6f0a246ede1e981765bf75cb7b067.jpg,helmet,0.696598,1,True,hallucination,,152.75,17.90,211.75,74.91
ood,dataset_ok,isaac_odd_dataset/dataset_ok/archive/css-data/train/images/005376_jpg.rf.0c1077624516cc048e465b4a675ce5e2.jpg,vest,0.789473,4,True,hallucination,,444.30,264.01,519.53,439.36
ood,dataset_ok,isaac_odd_dataset/dataset_ok/archive/css-data/train/images/005376_jpg.rf.b5f5bae65dbd647030aa3a08c16f17f0.jpg,helmet,0.819858,11,True,hallucination,,0.00,0.10,66.74,118.44
ood,dataset_ok,isaac_odd_dataset/dataset_ok/archive/css-data/train/images/005376_jpg.rf.b5f5bae65dbd647030aa3a08c16f17f0.jpg,vest,0.801835,11,True,hallucination,,524.13,545.03,638.75,640.00
ood,dataset_ok,isaac_odd_dataset/dataset_ok/archive/css-data/train/images/005376_jpg.rf.b5f5bae65dbd647030aa3a08c16f17f0.jpg,helmet,0.801086,11,True,hallucination,,182.37,131.68,241.32,208.04
ood,dataset_ok,isaac_odd_dataset/dataset_ok/archive/css-data/train/images/005376_jpg.rf.b5f5bae65dbd647030aa3a08c16f17f0.jpg,vest,0.798722,11,True,hallucination,,20.76,508.88,82.41,616.88
ood,dataset_ok,isaac_odd_dataset/dataset_ok/archive/css-data/train/images/005376_jpg.rf.b5f5bae65dbd647030aa3a08c16f17f0.jpg,vest,0.751815,11,True,hallucination,,160.43,550.69,219.97,639.96
ood,dataset_ok,isaac_odd_dataset/dataset_ok/archive/css-data/train/images/005376_jpg.rf.b5f5bae65dbd647030aa3a08c16f17f0.jpg,vest,0.737122,11,True,hallucination,,338.04,584.29,384.68,639.85
ood,dataset_ok,isaac_odd_dataset/dataset_ok/archive/css-data/train/images/005376_jpg.rf.b5f5bae65dbd647030aa3a08c16f17f0.jpg,helmet,0.734499,11,True,hallucination,,270.72,167.31,328.62,234.23
ood,dataset_ok,isaac_odd_dataset/dataset_ok/archive/css-data/train/images/005376_jpg.rf.b5f5bae65dbd647030aa3a08c16f17f0.jpg,helmet,0.714865,11,True,hallucination,,378.49,127.03,480.55,304.70
ood,dataset_ok,isaac_odd_dataset/dataset_ok/archive/css-data/train/images/005376_jpg.rf.b5f5bae65dbd647030aa3a08c16f17f0.jpg,helmet,0.697206,11,True,hallucination,,122.35,482.27,156.90,518.60
ood,dataset_ok,isaac_odd_dataset/dataset_ok/archive/css-data/train/images/005376_jpg.rf.b5f5bae65dbd647030aa3a08c16f17f0.jpg,helmet,0.681636,11,True,hallucination,,45.58,466.30,77.35,500.22
ood,dataset_ok,isaac_odd_dataset/dataset_ok/archive/css-data/train/images/005376_jpg.rf.b5f5bae65dbd647030aa3a08c16f17f0.jpg,helmet,0.673735,11,True,hallucination,,148.21,508.48,176.74,536.57
ood,dataset_ok,isaac_odd_dataset/dataset_ok/archive/css-data/train/images/005376_jpg.rf.b5f5bae65dbd647030aa3a08c16f17f0.jpg,helmet,0.639213,11,True,hallucination,,168.45,514.87,204.60,552.76
ood,dataset_ok,isaac_odd_dataset/dataset_ok/archive/css-data/train/images/005376_jpg.rf.b5f5bae65dbd647030aa3a08c16f17f0.jpg,helmet,0.624344,11,True,hallucination,,354.20,549.02,381.66,577.50
ood,dataset_ok,isaac_odd_dataset/dataset_ok/archive/css-data/train/images/005376_jpg.rf.b5f5bae65dbd647030aa3a08c16f17f0.jpg,vest,0.575489,11,True,hallucination,,101.62,527.26,159.35,616.75
ood,dataset_ok,isaac_odd_dataset/dataset_ok/archive/css-data/train/images/005376_jpg.rf.b5f5bae65dbd647030aa3a08c16f17f0.jpg,vest,0.483711,11,True,hallucination,,137.59,544.29,176.60,626.32
ood,dataset_ok,isaac_odd_dataset/dataset_ok/archive/css-data/train/images/005376_jpg.rf.b5f5bae65dbd647030aa3a08c16f17f0.jpg,helmet,0.467952,11,True,hallucination,,479.15,450.23,526.97,506.76
ood,dataset_ok,isaac_odd_dataset/dataset_ok/archive/css-data/train/images/005376_jpg.rf.de5b78706607737619faa1ba9ad6cd2e.jpg,helmet,0.813146,7,True,hallucination,,142.74,56.80,200.84,133.36
ood,dataset_ok,isaac_odd_dataset/dataset_ok/archive/css-data/train/images/005376_jpg.rf.de5b78706607737619faa1ba9ad6cd2e.jpg,helmet,0.705587,7,True,hallucination,,228.31,94.84,269.56,161.91
ood,dataset_ok,isaac_odd_dataset/dataset_ok/archive/css-data/train/images/005376_jpg.rf.f9d2282335b826a6baedffbb64cde582.jpg,helmet,0.818204,7,True,hallucination,,135.98,76.69,196.02,153.83
ood,dataset_ok,isaac_odd_dataset/dataset_ok/archive/css-data/train/images/005376_jpg.rf.f9d2282335b826a6baedffbb64cde582.jpg,helmet,0.807186,7,True,hallucination,,39.60,91.18,100.95,163.91
ood,dataset_ok,isaac_odd_dataset/dataset_ok/archive/css-data/train/images/005577_jpg.rf.28a70bd7ad7c4a004b19903de1eafc9e.jpg,helmet,0.768195,3,True,hallucination,,45.96,162.45,141.58,258.07
ood,dataset_ok,isaac_odd_dataset/dataset_ok/archive/css-data/train/images/005577_jpg.rf.28a70bd7ad7c4a004b19903de1eafc9e.jpg,helmet,0.657109,3,True,hallucination,,221.79,111.60,301.65,214.62
ood,dataset_ok,isaac_odd_dataset/dataset_ok/archive/css-data/train/images/005577_jpg.rf.566862c761348eb4f58647d4d420213b.jpg,helmet,0.614463,4,True,hallucination,,31.93,8.78,246.96,206.47
ood,dataset_ok,isaac_odd_dataset/dataset_ok/archive/css-data/train/images/005577_jpg.rf.6e948a65b0aa8a6128bec802e1131620.jpg,helmet,0.709346,3,True,hallucination,,144.66,0.08,321.91,147.68
ood,dataset_ok,isaac_odd_dataset/dataset_ok/archive/css-data/train/images/005577_jpg.rf.6e948a65b0aa8a6128bec802e1131620.jpg,helmet,0.674401,3,True,hallucination,,40.83,65.23,159.44,176.59
ood,dataset_ok,isaac_odd_dataset/dataset_ok/archive/css-data/train/images/005577_jpg.rf.f153278ef72ca14b0fee9d9c16331fa2.jpg,vest,0.693717,2,True,hallucination,,94.49,0.72,256.32,248.19
ood,dataset_ok,isaac_odd_dataset/dataset_ok/archive/css-data/train/images/005577_jpg.rf.fef11b597712c48f52d5887ff414097d.jpg,helmet,0.765571,4,True,hallucination,,3.16,61.29,104.21,158.70
ood,dataset_ok,isaac_odd_dataset/dataset_ok/archive/css-data/train/images/005577_jpg.rf.fef11b597712c48f52d5887ff414097d.jpg,helmet,0.716892,4,True,hallucination,,186.55,31.06,293.99,145.61
ood,dataset_ok,isaac_odd_dataset/dataset_ok/archive/css-data/train/images/005577_jpg.rf.fef11b597712c48f52d5887ff414097d.jpg,helmet,0.625971,4,True,hallucination,,291.53,0.32,359.69,131.47
ood,dataset_ok,isaac_odd_dataset/dataset_ok/archive/css-data/train/images/005773_jpg.rf.7918c8b086473cb1e6fcae60d5ad24e0.jpg,helmet,0.744186,3,True,hallucination,,379.56,422.97,474.36,467.57
ood,dataset_ok,isaac_odd_dataset/dataset_ok/archive/css-data/train/images/005773_jpg.rf.8d8eb7d11388f2283ec465d523c98a6a.jpg,vest,0.743430,1,True,hallucination,,468.60,212.59,516.19,293.55
ood,dataset_ok,isaac_odd_dataset/dataset_ok/archive/css-data/train/images/005773_jpg.rf.8d8eb7d11388f2283ec465d523c98a6a.jpg,helmet,0.622129,1,True,hallucination,,488.10,176.82,515.08,205.58
ood,dataset_ok,isaac_odd_dataset/dataset_ok/archive/css-data/train/images/006012_jpg.rf.140391c68102321f02973bd473f607da.jpg,vest,0.575956,2,True,hallucination,,301.50,174.16,357.26,307.87
ood,dataset_ok,isaac_odd_dataset/dataset_ok/archive/css-data/train/images/006012_jpg.rf.eb12c4a250f91e1f6efb9781b2c78604.jpg,helmet,0.583617,3,True,hallucination,,471.15,518.45,544.70,563.92
ood,dataset_ok,isaac_odd_dataset/dataset_ok/archive/css-data/train/images/006118_jpg.rf.3a398e4f8ef5bf8cd84c4fc4a6f36ac6.jpg,helmet,0.810523,3,True,hallucination,,89.65,0.10,185.77,82.10
ood,dataset_ok,isaac_odd_dataset/dataset_ok/archive/css-data/train/images/006118_jpg.rf.3a398e4f8ef5bf8cd84c4fc4a6f36ac6.jpg,vest,0.738983,3,True,hallucination,,71.01,83.78,225.49,334.11
ood,dataset_ok,isaac_odd_dataset/dataset_ok/archive/css-data/train/images/006118_jpg.rf.52041b1d83e4a812028b6ead912c00e5.jpg,helmet,0.793507,3,True,hallucination,,380.63,25.06,437.37,86.39
ood,dataset_ok,isaac_odd_dataset/dataset_ok/archive/css-data/train/images/006118_jpg.rf.52041b1d83e4a812028b6ead912c00e5.jpg,vest,0.349616,3,True,hallucination,,186.67,0.00,252.74,132.30
ood,dataset_ok,isaac_odd_dataset/dataset_ok/archive/css-data/train/images/006118_jpg.rf.68e3bf2321bb87ec786d9fd5d60cb2a5.jpg,helmet,0.747647,2,True,hallucination,,137.38,0.03,226.61,72.44
ood,dataset_ok,isaac_odd_dataset/dataset_ok/archive/css-data/train/images/006118_jpg.rf.68e3bf2321bb87ec786d9fd5d60cb2a5.jpg,vest,0.692741,2,True,hallucination,,139.77,80.00,285.42,192.27
ood,dataset_ok,isaac_odd_dataset/dataset_ok/archive/css-data/train/images/006118_jpg.rf.f747f08bf972bd350b70c282e547a71c.jpg,vest,0.792257,2,True,hallucination,,6.05,0.13,147.77,213.78
ood,dataset_ok,isaac_odd_dataset/dataset_ok/archive/css-data/train/images/006118_jpg.rf.f747f08bf972bd350b70c282e547a71c.jpg,helmet,0.742311,2,True,hallucination,,473.90,483.61,570.04,607.12
ood,dataset_ok,isaac_odd_dataset/dataset_ok/archive/css-data/train/images/006118_jpg.rf.f747f08bf972bd350b70c282e547a71c.jpg,helmet,0.587919,2,True,hallucination,,353.73,592.29,452.23,639.99
ood,dataset_ok,isaac_odd_dataset/dataset_ok/archive/css-data/train/images/006858_jpg.rf.ac43228cb397ef00766c39531a03e4d5.jpg,vest,0.625130,4,True,hallucination,,306.27,319.69,432.77,639.77
ood,dataset_ok,isaac_odd_dataset/dataset_ok/archive/css-data/train/images/006858_jpg.rf.fac7da50abd77496b63cb83cca271507.jpg,vest,0.512439,3,True,hallucination,,0.00,289.83,352.94,638.78
ood,dataset_ok,isaac_odd_dataset/dataset_ok/archive/css-data/train/images/01094_jpg.rf.15d2452cfbd2f25016ddb1bb90f0e19a.jpg,vest,0.818524,3,True,hallucination,,223.09,126.01,292.84,255.06
ood,dataset_ok,isaac_odd_dataset/dataset_ok/archive/css-data/train/images/01094_jpg.rf.15d2452cfbd2f25016ddb1bb90f0e19a.jpg,vest,0.538326,3,True,hallucination,,299.43,120.95,327.56,218.74
ood,dataset_ok,isaac_odd_dataset/dataset_ok/archive/css-data/train/images/01094_jpg.rf.15d2452cfbd2f25016ddb1bb90f0e19a.jpg,helmet,0.297293,3,True,hallucination,,223.55,618.78,285.26,640.00
ood,dataset_ok,isaac_odd_dataset/dataset_ok/archive/css-data/train/images/01094_jpg.rf.15d2452cfbd2f25016ddb1bb90f0e19a.jpg,vest,0.274216,3,True,hallucination,,324.69,336.97,436.85,640.00
ood,dataset_ok,isaac_odd_dataset/dataset_ok/archive/css-data/train/images/01094_jpg.rf.a353aa741bea05e999eed430fbca7d6b.jpg,vest,0.823747,4,True,hallucination,,390.09,295.96,460.43,428.54
ood,dataset_ok,isaac_odd_dataset/dataset_ok/archive/css-data/train/images/01094_jpg.rf.a353aa741bea05e999eed430fbca7d6b.jpg,vest,0.777552,4,True,hallucination,,301.92,298.36,387.45,428.86
ood,dataset_ok,isaac_odd_dataset/dataset_ok/archive/css-data/train/images/01094_jpg.rf.a353aa741bea05e999eed430fbca7d6b.jpg,helmet,0.613781,4,True,hallucination,,462.58,89.75,567.72,215.95
ood,dataset_ok,isaac_odd_dataset/dataset_ok/archive/css-data/train/images/01094_jpg.rf.a95df02db342161eb0d886290b8f28b7.jpg,vest,0.822156,4,True,hallucination,,310.03,129.31,393.33,263.72
ood,dataset_ok,isaac_odd_dataset/dataset_ok/archive/css-data/train/images/01094_jpg.rf.a95df02db342161eb0d886290b8f28b7.jpg,vest,0.809949,4,True,hallucination,,224.13,134.50,304.02,266.41
ood,dataset_ok,isaac_odd_dataset/dataset_ok/archive/css-data/train/images/01094_jpg.rf.a95df02db342161eb0d886290b8f28b7.jpg,vest,0.755211,4,True,hallucination,,520.90,147.56,635.64,258.17
ood,dataset_ok,isaac_odd_dataset/dataset_ok/archive/css-data/train/images/01094_jpg.rf.a95df02db342161eb0d886290b8f28b7.jpg,vest,0.328990,4,True,hallucination,,524.85,407.11,606.63,530.66
ood,dataset_ok,isaac_odd_dataset/dataset_ok/archive/css-data/train/images/01094_jpg.rf.ada3cfdaa41584a1f44bc13caea976fc.jpg,vest,0.352438,2,True,hallucination,,597.67,345.14,639.86,580.31
ood,dataset_ok,isaac_odd_dataset/dataset_ok/archive/css-data/train/images/01235_jpg.rf.309f857849c1804ab1f2f1f168902f50.jpg,vest,0.854333,4,True,hallucination,,298.33,331.57,486.55,588.64
ood,dataset_ok,isaac_odd_dataset/dataset_ok/archive/css-data/train/images/01235_jpg.rf.309f857849c1804ab1f2f1f168902f50.jpg,helmet,0.479107,4,True,hallucination,,183.63,0.03,284.44,26.30
ood,dataset_ok,isaac_odd_dataset/dataset_ok/archive/css-data/train/images/01235_jpg.rf.309f857849c1804ab1f2f1f168902f50.jpg,vest,0.312877,4,True,hallucination,,94.82,332.55,223.45,506.19
ood,dataset_ok,isaac_odd_dataset/dataset_ok/archive/css-data/train/images/01235_jpg.rf.5602858e3d72530c62b1d2f4c3e15770.jpg,helmet,0.847850,1,True,hallucination,,42.79,14.90,145.36,136.93
ood,dataset_ok,isaac_odd_dataset/dataset_ok/archive/css-data/train/images/01235_jpg.rf.a9a777b5a318084f48a13a5f125554f5.jpg,vest,0.852485,3,True,hallucination,,0.00,255.64,95.04,483.88
ood,dataset_ok,isaac_odd_dataset/dataset_ok/archive/css-data/train/images/01235_jpg.rf.a9a777b5a318084f48a13a5f125554f5.jpg,helmet,0.810953,3,True,hallucination,,156.97,16.44,265.37,137.49
ood,dataset_ok,isaac_odd_dataset/dataset_ok/archive/css-data/train/images/01235_jpg.rf.a9a777b5a318084f48a13a5f125554f5.jpg,helmet,0.784951,3,True,hallucination,,292.43,0.00,409.91,78.22
ood,dataset_ok,isaac_odd_dataset/dataset_ok/archive/css-data/train/images/01261_jpg.rf.965dff8087002c174bf37951f02806a1.jpg,vest,0.591684,2,True,hallucination,,50.33,45.87,194.71,338.31
ood,dataset_ok,isaac_odd_dataset/dataset_ok/archive/css-data/train/images/01261_jpg.rf.a2f9b65be201cebad78a1c25a855b0f2.jpg,vest,0.781426,3,True,hallucination,,140.79,198.27,306.67,289.46
ood,dataset_ok,isaac_odd_dataset/dataset_ok/archive/css-data/train/images/01261_jpg.rf.a2f9b65be201cebad78a1c25a855b0f2.jpg,vest,0.727129,3,True,hallucination,,133.16,357.80,271.25,598.22
ood,dataset_ok,isaac_odd_dataset/dataset_ok/archive/css-data/train/images/01261_jpg.rf.a2f9b65be201cebad78a1c25a855b0f2.jpg,vest,0.641402,3,True,hallucination,,0.29,221.88,119.96,288.67
ood,dataset_ok,isaac_odd_dataset/dataset_ok/archive/css-data/train/images/01261_jpg.rf.a2f9b65be201cebad78a1c25a855b0f2.jpg,helmet,0.342893,3,True,hallucination,,35.10,99.83,108.88,175.97
ood,dataset_ok,isaac_odd_dataset/dataset_ok/archive/css-data/train/images/01261_jpg.rf.a2f9b65be201cebad78a1c25a855b0f2.jpg,helmet,0.297549,3,True,hallucination,,181.52,287.92,251.38,310.13
ood,dataset_ok,isaac_odd_dataset/dataset_ok/archive/css-data/train/images/01261_jpg.rf.e4057437ee374e03ad9d0faeccbdcc72.jpg,vest,0.871066,4,True,hallucination,,211.38,5.61,375.53,242.65
ood,dataset_ok,isaac_odd_dataset/dataset_ok/archive/css-data/train/images/01261_jpg.rf.e4057437ee374e03ad9d0faeccbdcc72.jpg,vest,0.842712,4,True,hallucination,,39.97,6.14,196.46,242.58
ood,dataset_ok,isaac_odd_dataset/dataset_ok/archive/css-data/train/images/01261_jpg.rf.e4057437ee374e03ad9d0faeccbdcc72.jpg,vest,0.516775,4,True,hallucination,,0.07,0.00,53.93,223.59
ood,dataset_ok,isaac_odd_dataset/dataset_ok/archive/css-data/train/images/01261_jpg.rf.ed956fe33a91f0a8537ffcbda6e8b3ab.jpg,vest,0.831567,5,True,hallucination,,39.03,0.00,176.83,251.81
ood,dataset_ok,isaac_odd_dataset/dataset_ok/archive/css-data/train/images/01261_jpg.rf.ed956fe33a91f0a8537ffcbda6e8b3ab.jpg,vest,0.698355,5,True,hallucination,,184.65,0.30,290.50,229.31
ood,dataset_ok,isaac_odd_dataset/dataset_ok/archive/css-data/train/images/01261_jpg.rf.ed956fe33a91f0a8537ffcbda6e8b3ab.jpg,vest,0.657627,5,True,hallucination,,284.93,0.00,423.40,363.07
ood,dataset_ok,isaac_odd_dataset/dataset_ok/archive/css-data/train/images/01261_jpg.rf.ee044d42291843f1358960c4d8c1d466.jpg,vest,0.873048,4,True,hallucination,,0.12,157.58,146.13,328.08
ood,dataset_ok,isaac_odd_dataset/dataset_ok/archive/css-data/train/images/01261_jpg.rf.ee044d42291843f1358960c4d8c1d466.jpg,vest,0.847095,4,True,hallucination,,277.41,435.24,363.49,638.11
ood,dataset_ok,isaac_odd_dataset/dataset_ok/archive/css-data/train/images/01261_jpg.rf.ee044d42291843f1358960c4d8c1d466.jpg,vest,0.827419,4,True,hallucination,,391.27,478.01,475.61,625.05
ood,dataset_ok,isaac_odd_dataset/dataset_ok/archive/css-data/train/images/01261_jpg.rf.ee044d42291843f1358960c4d8c1d466.jpg,vest,0.823981,4,True,hallucination,,322.51,57.75,457.85,277.11
ood,dataset_ok,isaac_odd_dataset/dataset_ok/archive/css-data/train/images/01261_jpg.rf.ee044d42291843f1358960c4d8c1d466.jpg,helmet,0.637222,4,True,hallucination,,359.41,0.15,440.57,62.42
ood,dataset_ok,isaac_odd_dataset/dataset_ok/archive/css-data/train/images/01261_jpg.rf.ee044d42291843f1358960c4d8c1d466.jpg,helmet,0.401530,4,True,hallucination,,65.84,40.06,154.72,119.92
ood,dataset_ok,isaac_odd_dataset/dataset_ok/archive/css-data/train/images/01261_jpg.rf.ee044d42291843f1358960c4d8c1d466.jpg,helmet,0.281475,4,True,hallucination,,412.94,404.86,464.67,463.70
ood,dataset_ok,isaac_odd_dataset/dataset_ok/archive/css-data/train/images/01261_jpg.rf.ee044d42291843f1358960c4d8c1d466.jpg,helmet,0.250091,4,True,hallucination,,327.97,353.78,382.66,424.25
ood,dataset_ok,isaac_odd_dataset/dataset_ok/archive/css-data/train/images/01437_jpg.rf.7839171efbe212f40b2c6ce1f3c8819b.jpg,helmet,0.837163,2,True,hallucination,,143.44,39.34,247.74,151.60
ood,dataset_ok,isaac_odd_dataset/dataset_ok/archive/css-data/train/images/01437_jpg.rf.7839171efbe212f40b2c6ce1f3c8819b.jpg,helmet,0.777352,2,True,hallucination,,214.25,0.38,363.34,99.88
ood,dataset_ok,isaac_odd_dataset/dataset_ok/archive/css-data/train/images/01437_jpg.rf.dd545905fd49027442d36f029745a7c3.jpg,helmet,0.852254,4,True,hallucination,,163.00,0.00,266.08,111.51
ood,dataset_ok,isaac_odd_dataset/dataset_ok/archive/css-data/train/images/01437_jpg.rf.dd545905fd49027442d36f029745a7c3.jpg,helmet,0.254665,4,True,hallucination,,58.57,0.09,189.47,68.24
ood,dataset_ok,isaac_odd_dataset/dataset_ok/archive/css-data/train/images/01437_jpg.rf.ee92d3e0667ed377273097b6ddec65f6.jpg,vest,0.788617,4,True,hallucination,,90.47,300.16,211.93,420.71
ood,dataset_ok,isaac_odd_dataset/dataset_ok/archive/css-data/train/images/01437_jpg.rf.ee92d3e0667ed377273097b6ddec65f6.jpg,helmet,0.297478,4,True,hallucination,,0.35,0.18,85.01,148.10
ood,dataset_ok,isaac_odd_dataset/dataset_ok/archive/css-data/train/images/01437_jpg.rf.f026cf7ba5513aa3755d04963571a8cc.jpg,helmet,0.855286,4,True,hallucination,,170.79,60.75,269.17,170.76
ood,dataset_ok,isaac_odd_dataset/dataset_ok/archive/css-data/train/images/01437_jpg.rf.f026cf7ba5513aa3755d04963571a8cc.jpg,helmet,0.755669,4,True,hallucination,,13.97,0.01,198.84,122.65
ood,dataset_ok,isaac_odd_dataset/dataset_ok/archive/css-data/train/images/01437_jpg.rf.f33846f08de75ae3d897f2902747c725.jpg,vest,0.410530,3,True,hallucination,,0.05,315.68,303.09,640.00
ood,dataset_ok,isaac_odd_dataset/dataset_ok/archive/css-data/train/images/01437_jpg.rf.f33846f08de75ae3d897f2902747c725.jpg,vest,0.290593,3,True,hallucination,,0.00,477.06,303.09,640.00
ood,dataset_ok,isaac_odd_dataset/dataset_ok/archive/css-data/train/images/01437_jpg.rf.f33846f08de75ae3d897f2902747c725.jpg,helmet,0.279352,3,True,hallucination,,61.75,0.00,150.09,105.88
ood,dataset_ok,isaac_odd_dataset/dataset_ok/archive/css-data/train/images/02629_jpg.rf.0521012466fb729b8c9cf3291d35077a.jpg,helmet,0.732386,4,True,hallucination,,219.23,287.92,323.64,355.25
ood,dataset_ok,isaac_odd_dataset/dataset_ok/archive/css-data/train/images/02629_jpg.rf.1c71d128f3dca9b80504e5e7163508bc.jpg,vest,0.873838,4,True,hallucination,,422.51,476.08,547.41,639.77
ood,dataset_ok,isaac_odd_dataset/dataset_ok/archive/css-data/train/images/02629_jpg.rf.1c71d128f3dca9b80504e5e7163508bc.jpg,vest,0.737696,4,True,hallucination,,374.75,0.23,432.28,120.40
ood,dataset_ok,isaac_odd_dataset/dataset_ok/archive/css-data/train/images/02629_jpg.rf.1c71d128f3dca9b80504e5e7163508bc.jpg,helmet,0.646654,4,True,hallucination,,466.03,370.96,532.02,421.68
ood,dataset_ok,isaac_odd_dataset/dataset_ok/archive/css-data/train/images/02629_jpg.rf.1c71d128f3dca9b80504e5e7163508bc.jpg,helmet,0.540312,4,True,hallucination,,163.70,0.06,253.13,27.59
ood,dataset_ok,isaac_odd_dataset/dataset_ok/archive/css-data/train/images/02629_jpg.rf.1c71d128f3dca9b80504e5e7163508bc.jpg,helmet,0.409504,4,True,hallucination,,0.08,2.45,32.52,94.01
ood,dataset_ok,isaac_odd_dataset/dataset_ok/archive/css-data/train/images/02629_jpg.rf.b9355827a29589ddae4528281e89a885.jpg,vest,0.746876,4,True,hallucination,,0.10,192.46,45.44,421.71
ood,dataset_ok,isaac_odd_dataset/dataset_ok/archive/css-data/train/images/1288788-une-employee-aide-des-voyageurs-en-provenance-de-chine-le-26-janvier-2020-a-l-aeroport-de-roissy_jpg.rf.35ed51188a266a262a24924aa32463a0.jpg,vest,0.598598,7,True,hallucination,,253.61,33.87,450.59,467.72
ood,dataset_ok,isaac_odd_dataset/dataset_ok/archive/css-data/train/images/1288788-une-employee-aide-des-voyageurs-en-provenance-de-chine-le-26-janvier-2020-a-l-aeroport-de-roissy_jpg.rf.35ed51188a266a262a24924aa32463a0.jpg,vest,0.346026,7,True,hallucination,,82.71,470.96,256.89,639.80
ood,dataset_ok,isaac_odd_dataset/dataset_ok/archive/css-data/train/images/1288788-une-employee-aide-des-voyageurs-en-provenance-de-chine-le-26-janvier-2020-a-l-aeroport-de-roissy_jpg.rf.35ed51188a266a262a24924aa32463a0.jpg,vest,0.288662,7,True,hallucination,,363.91,74.79,568.94,477.42
ood,dataset_ok,isaac_odd_dataset/dataset_ok/archive/css-data/train/images/1288788-une-employee-aide-des-voyageurs-en-provenance-de-chine-le-26-janvier-2020-a-l-aeroport-de-roissy_jpg.rf.35ed51188a266a262a24924aa32463a0.jpg,vest,0.257918,7,True,hallucination,,7.64,3.83,195.80,469.50
ood,dataset_ok,isaac_odd_dataset/dataset_ok/archive/css-data/train/images/1288788-une-employee-aide-des-voyageurs-en-provenance-de-chine-le-26-janvier-2020-a-l-aeroport-de-roissy_jpg.rf.93dd6595c9b6f435a03af2e09588744c.jpg,vest,0.766919,5,True,hallucination,,144.76,124.24,322.66,288.75
ood,dataset_ok,isaac_odd_dataset/dataset_ok/archive/css-data/train/images/1288788-une-employee-aide-des-voyageurs-en-provenance-de-chine-le-26-janvier-2020-a-l-aeroport-de-roissy_jpg.rf.93dd6595c9b6f435a03af2e09588744c.jpg,vest,0.447650,5,True,hallucination,,0.01,116.75,141.28,288.93
ood,dataset_ok,isaac_odd_dataset/dataset_ok/archive/css-data/train/images/1288788-une-employee-aide-des-voyageurs-en-provenance-de-chine-le-26-janvier-2020-a-l-aeroport-de-roissy_jpg.rf.c0a0407a94e7eeb441a235b51752d178.jpg,vest,0.620228,1,True,hallucination,,52.65,0.31,220.20,236.49
ood,dataset_ok,isaac_odd_dataset/dataset_ok/archive/css-data/train/images/1288788-une-employee-aide-des-voyageurs-en-provenance-de-chine-le-26-janvier-2020-a-l-aeroport-de-roissy_jpg.rf.c0a0407a94e7eeb441a235b51752d178.jpg,vest,0.393877,1,True,hallucination,,0.02,0.00,111.12,234.37
ood,dataset_ok,isaac_odd_dataset/dataset_ok/archive/css-data/train/images/1288788-une-employee-aide-des-voyageurs-en-provenance-de-chine-le-26-janvier-2020-a-l-aeroport-de-roissy_jpg.rf.e65c339a3dc986701e765116332dba2d.jpg,vest,0.861294,5,True,hallucination,,0.00,381.63,191.25,639.83
ood,dataset_ok,isaac_odd_dataset/dataset_ok/archive/css-data/train/images/129_jpg.rf.3ddb7831c49cc812f103617cf0da07fa.jpg,helmet,0.797421,3,True,hallucination,,170.91,35.76,365.68,288.10
ood,dataset_ok,isaac_odd_dataset/dataset_ok/archive/css-data/train/images/129_jpg.rf.3ddb7831c49cc812f103617cf0da07fa.jpg,vest,0.707234,3,True,hallucination,,0.00,0.28,173.10,289.25
ood,dataset_ok,isaac_odd_dataset/dataset_ok/archive/css-data/train/images/129_jpg.rf.a68b454b70b3db44e61475f360275f39.jpg,helmet,0.472979,3,True,hallucination,,374.00,0.16,632.16,338.70
ood,dataset_ok,isaac_odd_dataset/dataset_ok/archive/css-data/train/images/129_jpg.rf.a68b454b70b3db44e61475f360275f39.jpg,vest,0.312826,3,True,hallucination,,130.12,547.46,276.61,639.99
ood,dataset_ok,isaac_odd_dataset/dataset_ok/archive/css-data/train/images/135e-huxwryw6451820_jpg.rf.16d8f0c3161dae2375522c763c40b1a0.jpg,vest,0.673032,5,True,hallucination,,316.37,0.03,639.68,110.72
ood,dataset_ok,isaac_odd_dataset/dataset_ok/archive/css-data/train/images/135e-huxwryw6451820_jpg.rf.934c0f8f070cf99570b4fe46256e9c0f.jpg,vest,0.455151,2,True,hallucination,,0.01,94.79,304.48,214.05
ood,dataset_ok,isaac_odd_dataset/dataset_ok/archive/css-data/train/images/135e-huxwryw6451820_jpg.rf.c9c6258ad45ebf19f75149b6d5c69134.jpg,vest,0.836733,4,True,hallucination,,197.39,471.44,296.58,639.59
ood,dataset_ok,isaac_odd_dataset/dataset_ok/archive/css-data/train/images/135e-huxwryw6451820_jpg.rf.c9c6258ad45ebf19f75149b6d5c69134.jpg,vest,0.331324,4,True,hallucination,,503.12,0.19,603.29,142.22
ood,dataset_ok,isaac_odd_dataset/dataset_ok/archive/css-data/train/images/1582_jpg.rf.6dc2f84282eecbb00c4c620ae1119d36.jpg,vest,0.679701,6,True,hallucination,,407.66,416.90,510.99,539.08
ood,dataset_ok,isaac_odd_dataset/dataset_ok/archive/css-data/train/images/1582_jpg.rf.80ca40b216072d7fbf6a8a2f4e84ed7f.jpg,vest,0.571177,4,True,hallucination,,173.32,411.39,355.77,640.00
ood,dataset_ok,isaac_odd_dataset/dataset_ok/archive/css-data/train/images/1582_jpg.rf.80ca40b216072d7fbf6a8a2f4e84ed7f.jpg,vest,0.267252,4,True,hallucination,,113.22,364.30,310.78,639.79
ood,dataset_ok,isaac_odd_dataset/dataset_ok/archive/css-data/train/images/1582_jpg.rf.80ca40b216072d7fbf6a8a2f4e84ed7f.jpg,vest,0.257653,4,True,hallucination,,179.92,316.88,258.79,399.04
ood,dataset_ok,isaac_odd_dataset/dataset_ok/archive/css-data/train/images/1582_jpg.rf.a067bc50920883d43cd5cab0a1966ad4.jpg,helmet,0.258401,2,True,hallucination,,0.00,5.73,379.49,456.37
ood,dataset_ok,isaac_odd_dataset/dataset_ok/archive/css-data/train/images/165_jpg.rf.6f14e3bb36293644e2dc07082e4e19ee.jpg,vest,0.456732,3,True,hallucination,,592.18,23.44,639.86,331.32
ood,dataset_ok,isaac_odd_dataset/dataset_ok/archive/css-data/train/images/165_jpg.rf.8e28e2ec55d7ab727f8a5cd072024dd2.jpg,vest,0.685099,2,True,hallucination,,357.53,0.08,629.96,161.27
ood,dataset_ok,isaac_odd_dataset/dataset_ok/archive/css-data/train/images/165_jpg.rf.8e28e2ec55d7ab727f8a5cd072024dd2.jpg,vest,0.640465,2,True,hallucination,,0.28,0.02,310.40,226.06
ood,dataset_ok,isaac_odd_dataset/dataset_ok/archive/css-data/train/images/165_jpg.rf.8e28e2ec55d7ab727f8a5cd072024dd2.jpg,vest,0.476614,2,True,hallucination,,307.04,223.88,494.66,479.50
ood,dataset_ok,isaac_odd_dataset/dataset_ok/archive/css-data/train/images/2008_008337_jpg.rf.be5dc6de298823538b429246aa5dfa42.jpg,helmet,0.806407,3,True,hallucination,,268.37,97.39,335.29,133.32
ood,dataset_ok,isaac_odd_dataset/dataset_ok/archive/css-data/train/images/2008_008337_jpg.rf.d9c52a1f5351aea9e22393c29ac2436c.jpg,vest,0.679645,6,True,hallucination,,268.65,416.14,478.94,640.00
ood,dataset_ok,isaac_odd_dataset/dataset_ok/archive/css-data/train/images/2008_008337_jpg.rf.d9c52a1f5351aea9e22393c29ac2436c.jpg,vest,0.571913,6,True,hallucination,,438.44,424.82,640.00,640.00
ood,dataset_ok,isaac_odd_dataset/dataset_ok/archive/css-data/train/images/2008_008337_jpg.rf.d9c52a1f5351aea9e22393c29ac2436c.jpg,vest,0.257048,6,True,hallucination,,16.37,120.63,134.32,178.60
ood,dataset_ok,isaac_odd_dataset/dataset_ok/archive/css-data/train/images/2008_008364_jpg.rf.6c09ae7ec7500b18c2f9175f7ae996c9.jpg,helmet,0.516689,3,True,hallucination,,462.49,0.00,586.96,61.02
ood,dataset_ok,isaac_odd_dataset/dataset_ok/archive/css-data/train/images/2008_008382_jpg.rf.23c52bce2cca27ec7c476e91b24de0ae.jpg,vest,0.770153,1,True,hallucination,,464.25,346.47,639.97,581.59
ood,dataset_ok,isaac_odd_dataset/dataset_ok/archive/css-data/train/images/2008_008444_jpg.rf.429b802dc2a4bb0171d0b296fcb04454.jpg,helmet,0.812715,3,True,hallucination,,424.11,81.82,513.73,129.58
ood,dataset_ok,isaac_odd_dataset/dataset_ok/archive/css-data/train/images/2008_008526_jpg.rf.a1eb584550fe5b07c45425a258c66052.jpg,helmet,0.506404,3,True,hallucination,,427.16,306.42,474.97,357.43
ood,dataset_ok,isaac_odd_dataset/dataset_ok/archive/css-data/train/images/2008_008526_jpg.rf.a1eb584550fe5b07c45425a258c66052.jpg,helmet,0.471268,3,True,hallucination,,362.31,381.44,397.00,425.50
ood,dataset_ok,isaac_odd_dataset/dataset_ok/archive/css-data/train/images/2008_008526_jpg.rf.a1eb584550fe5b07c45425a258c66052.jpg,vest,0.276999,3,True,hallucination,,420.78,370.09,480.52,500.25
ood,dataset_ok,isaac_odd_dataset/dataset_ok/archive/css-data/train/images/2008_008593_jpg.rf.a997ae409b26bbc3efa95dd6da91554e.jpg,vest,0.288634,3,True,hallucination,,89.80,0.00,451.14,268.51
