image,stem,source,group_id,n_helmet,n_vest,is_empty_label,sha1
hardhat_kaggle_7026bf19a49b.png,hardhat_kaggle_7026bf19a49b,hardhat_kaggle,hardhat_kaggle:hard_hat_workers0,7,0,0,7026bf19a49bdc9e2776d297d9e5f944e5951d20
hardhat_kaggle_7f8a8182d23e.png,hardhat_kaggle_7f8a8182d23e,hardhat_kaggle,hardhat_kaggle:hard_hat_workers1,9,0,0,7f8a8182d23e4e63ffff569aa083d347759c32f4
hardhat_kaggle_ff589e9329fc.png,hardhat_kaggle_ff589e9329fc,hardhat_kaggle,hardhat_kaggle:hard_hat_workers10,3,0,0,ff589e9329fce3028bda06f07aac317fa432a638
hardhat_kaggle_8601c3588286.png,hardhat_kaggle_8601c3588286,hardhat_kaggle,hardhat_kaggle:hard_hat_workers100,5,0,0,8601c3588286dbe5812494e0f2556c46d5ff1ab4
hardhat_kaggle_b5b25b00dc0c.png,hardhat_kaggle_b5b25b00dc0c,hardhat_kaggle,hardhat_kaggle:hard_hat_workers1000,2,0,0,b5b25b00dc0ca4313d1aa4f7ece3bf66a5629af5
hardhat_kaggle_792dd8cbe08f.png,hardhat_kaggle_792dd8cbe08f,hardhat_kaggle,hardhat_kaggle:hard_hat_workers1001,4,0,0,792dd8cbe08fc62671da62bc04597f997b74de1c
hardhat_kaggle_254edc81c95c.png,hardhat_kaggle_254edc81c95c,hardhat_kaggle,hardhat_kaggle:hard_hat_workers1002,4,0,0,254edc81c95ca2bc343d51565c6c9675ea083da4
hardhat_kaggle_8276c9517e46.png,hardhat_kaggle_8276c9517e46,hardhat_kaggle,hardhat_kaggle:hard_hat_workers1003,6,0,0,8276c9517e46db822b64a85ae4564a14ea80e902
hardhat_kaggle_5d3b3f9f6508.png,hardhat_kaggle_5d3b3f9f6508,hardhat_kaggle,hardhat_kaggle:hard_hat_workers1004,5,0,0,5d3b3f9f6508997fa07d08ba9411d7a3066c33b5
hardhat_kaggle_d0cc8dbf41e0.png,hardhat_kaggle_d0cc8dbf41e0,hardhat_kaggle,hardhat_kaggle:hard_hat_workers1005,5,0,0,d0cc8dbf41e0b53a46d79b37af276be08423fae6
hardhat_kaggle_6d6533132a12.png,hardhat_kaggle_6d6533132a12,hardhat_kaggle,hardhat_kaggle:hard_hat_workers1006,2,0,0,6d6533132a125599723423b755403ecff34681f3
hardhat_kaggle_f8429020791c.png,hardhat_kaggle_f8429020791c,hardhat_kaggle,hardhat_kaggle:hard_hat_workers1007,3,0,0,f8429020791c46eef4580276371f237027a95bd8
hardhat_kaggle_080a01012c0f.png,hardhat_kaggle_080a01012c0f,hardhat_kaggle,hardhat_kaggle:hard_hat_workers1008,3,0,0,080a01012c0f658a3c1bc9733bd0a466fb83dc9a
hardhat_kaggle_59d4b2764a4c.png,hardhat_kaggle_59d4b2764a4c,hardhat_kaggle,hardhat_kaggle:hard_hat_workers1009,4,0,0,59d4b2764a4ccf946ff65457795454efb0af83f1
hardhat_kaggle_3fc9f90e3f2d.png,hardhat_kaggle_3fc9f90e3f2d,hardhat_kaggle,hardhat_kaggle:hard_hat_workers1011,2,0,0,3fc9f90e3f2d54a5144a1b4852e0afeb9c42dd4c
hardhat_kaggle_e4f021e8a4e1.png,hardhat_kaggle_e4f021e8a4e1,hardhat_kaggle,hardhat_kaggle:hard_hat_workers1012,5,0,0,e4f021e8a4e1d7e44f3ae43f84e5ae43de020216
hardhat_kaggle_517c3ce5c223.png,hardhat_kaggle_517c3ce5c223,hardhat_kaggle,hardhat_kaggle:hard_hat_workers1013,4,0,0,517c3ce5c2237f8e7891e9bfa69bb14d510385e5
hardhat_kaggle_307f44346c08.png,hardhat_kaggle_307f44346c08,hardhat_kaggle,hardhat_kaggle:hard_hat_workers1015,1,0,0,307f44346c088011363681ecd54d24d5575e6d49
hardhat_kaggle_5796e96d049b.png,hardhat_kaggle_5796e96d049b,hardhat_kaggle,hardhat_kaggle:hard_hat_workers1016,10,0,0,5796e96d049bbee1f92008428694ca801fb5f591
hardhat_kaggle_0aac79515655.png,hardhat_kaggle_0aac79515655,hardhat_kaggle,hardhat_kaggle:hard_hat_workers1017,2,0,0,0aac7951565585fd8003ec356d22c4f0f3719543
hardhat_kaggle_3b385f70f345.png,hardhat_kaggle_3b385f70f345,hardhat_kaggle,hardhat_kaggle:hard_hat_workers1018,3,0,0,3b385f70f3458d3e80010d7bce39d6b656c07c77
hardhat_kaggle_a990aecc6b06.png,hardhat_kaggle_a990aecc6b06,hardhat_kaggle,hardhat_kaggle:hard_hat_workers1019,7,0,0,a990aecc6b06f1c3bc31dcac5fc3992424487ec5
hardhat_kaggle_140026ab59b5.png,hardhat_kaggle_140026ab59b5,hardhat_kaggle,hardhat_kaggle:hard_hat_workers102,3,0,0,140026ab59b5d10c135c152d7231c2e235463bb6
hardhat_kaggle_271b6452ec1b.png,hardhat_kaggle_271b6452ec1b,hardhat_kaggle,hardhat_kaggle:hard_hat_workers1020,8,0,0,271b6452ec1b5d10a008a12e949be3129bcd7b23
hardhat_kaggle_3caefd1d28ae.png,hardhat_kaggle_3caefd1d28ae,hardhat_kaggle,hardhat_kaggle:hard_hat_workers1021,8,0,0,3caefd1d28aec5a8233ab3f18186a0c781d555d8
hardhat_kaggle_3aac6572aa7c.png,hardhat_kaggle_3aac6572aa7c,hardhat_kaggle,hardhat_kaggle:hard_hat_workers1022,4,0,0,3aac6572aa7c6a2ac84be4458e9fea12f70b7317
hardhat_kaggle_f28d14d3955b.png,hardhat_kaggle_f28d14d3955b,hardhat_kaggle,hardhat_kaggle:hard_hat_workers1023,7,0,0,f28d14d3955ba8c2cbfae42f9844f895df21dd7b
hardhat_kaggle_b37fd912a147.png,hardhat_kaggle_b37fd912a147,hardhat_kaggle,hardhat_kaggle:hard_hat_workers1025,2,0,0,b37fd912a1477656c1c57563ead890398d393260
hardhat_kaggle_eb9209b1aaf0.png,hardhat_kaggle_eb9209b1aaf0,hardhat_kaggle,hardhat_kaggle:hard_hat_workers1026,13,0,0,eb9209b1aaf00605f723af7e144ec307e28863fc
hardhat_kaggle_de3c6001e881.png,hardhat_kaggle_de3c6001e881,hardhat_kaggle,hardhat_kaggle:hard_hat_workers1027,4,0,0,de3c6001e8815ced33fef475b50628d9ff42e1aa
hardhat_kaggle_50420b02a46a.png,hardhat_kaggle_50420b02a46a,hardhat_kaggle,hardhat_kaggle:hard_hat_workers1028,2,0,0,50420b02a46af01966c619c4c71cbb15be3f978c
hardhat_kaggle_4b95b3eb9762.png,hardhat_kaggle_4b95b3eb9762,hardhat_kaggle,hardhat_kaggle:hard_hat_workers1029,2,0,0,4b95b3eb9762295c270c345028d10b8b5ec29891
hardhat_kaggle_dcd072ebf5e2.png,hardhat_kaggle_dcd072ebf5e2,hardhat_kaggle,hardhat_kaggle:hard_hat_workers103,2,0,0,dcd072ebf5e28be7ade2e312b1afd55bc59b15de
hardhat_kaggle_ef3540783d4b.png,hardhat_kaggle_ef3540783d4b,hardhat_kaggle,hardhat_kaggle:hard_hat_workers1030,12,0,0,ef3540783d4bd1d8e79a4488ae2546a4a35b19de
hardhat_kaggle_57a140174711.png,hardhat_kaggle_57a140174711,hardhat_kaggle,hardhat_kaggle:hard_hat_workers1031,2,0,0,57a14017471196f0c399d8f3e22328d07cc8d600
hardhat_kaggle_3ad935bae9e3.png,hardhat_kaggle_3ad935bae9e3,hardhat_kaggle,hardhat_kaggle:hard_hat_workers1032,11,0,0,3ad935bae9e330125c35651ce9ad70824902cc70
hardhat_kaggle_2069095216fb.png,hardhat_kaggle_2069095216fb,hardhat_kaggle,hardhat_kaggle:hard_hat_workers1033,6,0,0,2069095216fb5245fb3223a8cd7a8cc3efdd19c8
hardhat_kaggle_982ee5339b7e.png,hardhat_kaggle_982ee5339b7e,hardhat_kaggle,hardhat_kaggle:hard_hat_workers1036,3,0,0,982ee5339b7e6ccbe639cffa581705d3fb050801
hardhat_kaggle_10dfea3343d0.png,hardhat_kaggle_10dfea3343d0,hardhat_kaggle,hardhat_kaggle:hard_hat_workers1037,2,0,0,10dfea3343d0fdd1d9ecddc46afc5cdb2efacb25
hardhat_kaggle_c7ce6070842e.png,hardhat_kaggle_c7ce6070842e,hardhat_kaggle,hardhat_kaggle:hard_hat_workers1039,3,0,0,c7ce6070842ec7df6a9c892ee4bc6649fbd44427
hardhat_kaggle_78ac5ce5a5ec.png,hardhat_kaggle_78ac5ce5a5ec,hardhat_kaggle,hardhat_kaggle:hard_hat_workers1040,3,0,0,78ac5ce5a5ec566557984f3544eddacb7a0b5883
hardhat_kaggle_d0ae1ff7fe05.png,hardhat_kaggle_d0ae1ff7fe05,hardhat_kaggle,hardhat_kaggle:hard_hat_workers1041,2,0,0,d0ae1ff7fe05f6c1b2a4fa8ccdf166331e3dd91b
hardhat_kaggle_fde73ba3b101.png,hardhat_kaggle_fde73ba3b101,hardhat_kaggle,hardhat_kaggle:hard_hat_workers1042,1,0,0,fde73ba3b101c7f5c86c5b10b883e5f050ee2fa6
hardhat_kaggle_21db51bf82ac.png,hardhat_kaggle_21db51bf82ac,hardhat_kaggle,hardhat_kaggle:hard_hat_workers1043,4,0,0,21db51bf82acc545bb7c3f8b71264cb03b2f3bf3
hardhat_kaggle_ebd57505a313.png,hardhat_kaggle_ebd57505a313,hardhat_kaggle,hardhat_kaggle:hard_hat_workers1044,2,0,0,ebd57505a31322098f08505a357e8d034c41786f
hardhat_kaggle_d6c3bb542a1b.png,hardhat_kaggle_d6c3bb542a1b,hardhat_kaggle,hardhat_kaggle:hard_hat_workers1045,7,0,0,d6c3bb542a1bcfb768a1261ad87f6f43ccbf331f
hardhat_kaggle_3089bfbb0c82.png,hardhat_kaggle_3089bfbb0c82,hardhat_kaggle,hardhat_kaggle:hard_hat_workers1046,1,0,0,3089bfbb0c82c6a0edd6a3abbdda8ea7941ab83b
hardhat_kaggle_2e51143a915f.png,hardhat_kaggle_2e51143a915f,hardhat_kaggle,hardhat_kaggle:hard_hat_workers1048,1,0,0,2e51143a915f808389fbb386ce11234d8d407be3
hardhat_kaggle_5cc271911a75.png,hardhat_kaggle_5cc271911a75,hardhat_kaggle,hardhat_kaggle:hard_hat_workers1049,4,0,0,5cc271911a75206d20d2fb2a086a2a71ca827f5e
hardhat_kaggle_0ff4e33707bb.png,hardhat_kaggle_0ff4e33707bb,hardhat_kaggle,hardhat_kaggle:hard_hat_workers105,7,0,0,0ff4e33707bb0b8ceb965dc47883eff770fc6132
hardhat_kaggle_17de9ae0724d.png,hardhat_kaggle_17de9ae0724d,hardhat_kaggle,hardhat_kaggle:hard_hat_workers1050,2,0,0,17de9ae0724d4dc6ea0d4e4900a21a59c8997fa7
hardhat_kaggle_3d00b2533e72.png,hardhat_kaggle_3d00b2533e72,hardhat_kaggle,hardhat_kaggle:hard_hat_workers1051,4,0,0,3d00b2533e720b7f696e288d8ede7ff3a68b4f5b
hardhat_kaggle_d29872ac2704.png,hardhat_kaggle_d29872ac2704,hardhat_kaggle,hardhat_kaggle:hard_hat_workers1052,4,0,0,d29872ac2704b0af2710c2891135dfe4175c98aa
hardhat_kaggle_e7e8415a0fb6.png,hardhat_kaggle_e7e8415a0fb6,hardhat_kaggle,hardhat_kaggle:hard_hat_workers1053,4,0,0,e7e8415a0fb61c34d1b40581f22f5b15b8d6d25b
hardhat_kaggle_d76be437fa9a.png,hardhat_kaggle_d76be437fa9a,hardhat_kaggle,hardhat_kaggle:hard_hat_workers1054,2,0,0,d76be437fa9a9ba6465da81a8f1fc658436d508e
hardhat_kaggle_d431788788ee.png,hardhat_kaggle_d431788788ee,hardhat_kaggle,hardhat_kaggle:hard_hat_workers1055,1,0,0,d431788788eea0f447f46ae956223aa7ea030f6d
hardhat_kaggle_8cf765ed6b34.png,hardhat_kaggle_8cf765ed6b34,hardhat_kaggle,hardhat_kaggle:hard_hat_workers1056,3,0,0,8cf765ed6b34456571086a3e96bf27069c6d93d5
hardhat_kaggle_8b30ca749eae.png,hardhat_kaggle_8b30ca749eae,hardhat_kaggle,hardhat_kaggle:hard_hat_workers1057,4,0,0,8b30ca749eaee9eee3fcfa08bb732d4ba93a8dcd
hardhat_kaggle_a41f904c805b.png,hardhat_kaggle_a41f904c805b,hardhat_kaggle,hardhat_kaggle:hard_hat_workers1058,6,0,0,a41f904c805b512d97a32d442894b791928abb8b
hardhat_kaggle_28f66e4c2830.png,hardhat_kaggle_28f66e4c2830,hardhat_kaggle,hardhat_kaggle:hard_hat_workers106,2,0,0,28f66e4c2830928dd5946fae1d51a33ce8a37795
hardhat_kaggle_41a5f740cce1.png,hardhat_kaggle_41a5f740cce1,hardhat_kaggle,hardhat_kaggle:hard_hat_workers1060,9,0,0,41a5f740cce1e4617875201c58c059ceca63ad0d
hardhat_kaggle_344486ae6e85.png,hardhat_kaggle_344486ae6e85,hardhat_kaggle,hardhat_kaggle:hard_hat_workers1061,3,0,0,344486ae6e85315c6b4c499f4f8c369e59072159
hardhat_kaggle_81545ba79b47.png,hardhat_kaggle_81545ba79b47,hardhat_kaggle,hardhat_kaggle:hard_hat_workers1062,1,0,0,81545ba79b47a8ec48f2d0f82fd2389bd6ed10fa
hardhat_kaggle_42eeede47ea2.png,hardhat_kaggle_42eeede47ea2,hardhat_kaggle,hardhat_kaggle:hard_hat_workers1063,4,0,0,42eeede47ea2049f403316c2b5f2207e14296110
hardhat_kaggle_a6a88773c9a0.png,hardhat_kaggle_a6a88773c9a0,hardhat_kaggle,hardhat_kaggle:hard_hat_workers1064,4,0,0,a6a88773c9a0d19f36da18aec5587a82940cbb48
hardhat_kaggle_51d87aacce5a.png,hardhat_kaggle_51d87aacce5a,hardhat_kaggle,hardhat_kaggle:hard_hat_workers1065,1,0,0,51d87aacce5a530f2327cdf6c42952fc393094e2
hardhat_kaggle_a0be648c3baf.png,hardhat_kaggle_a0be648c3baf,hardhat_kaggle,hardhat_kaggle:hard_hat_workers1067,8,0,0,a0be648c3baf7de0e3e6588f047796b80918245d
hardhat_kaggle_17308d1a5e88.png,hardhat_kaggle_17308d1a5e88,hardhat_kaggle,hardhat_kaggle:hard_hat_workers1068,2,0,0,17308d1a5e88148e591b91a93f1cdafb670cbe46
hardhat_kaggle_6a5f14e9f7e8.png,hardhat_kaggle_6a5f14e9f7e8,hardhat_kaggle,hardhat_kaggle:hard_hat_workers1069,6,0,0,6a5f14e9f7e87936d1f3fc4f05454f5276689bc2
hardhat_kaggle_6a8677daf2e1.png,hardhat_kaggle_6a8677daf2e1,hardhat_kaggle,hardhat_kaggle:hard_hat_workers107,2,0,0,6a8677daf2e1aeea4e60b1615326f98a5be9ab51
hardhat_kaggle_eade3becc99b.png,hardhat_kaggle_eade3becc99b,hardhat_kaggle,hardhat_kaggle:hard_hat_workers1070,7,0,0,eade3becc99be9e7f73b62fd125ff67c75b33aa4
hardhat_kaggle_95671d9085c8.png,hardhat_kaggle_95671d9085c8,hardhat_kaggle,hardhat_kaggle:hard_hat_workers1071,7,0,0,95671d9085c8ed683915a2768038bdce8a341176
hardhat_kaggle_a3e3dc6dc7a6.png,hardhat_kaggle_a3e3dc6dc7a6,hardhat_kaggle,hardhat_kaggle:hard_hat_workers1072,2,0,0,a3e3dc6dc7a651a936797b7572cc32200fb78f98
hardhat_kaggle_687bdae2b217.png,hardhat_kaggle_687bdae2b217,hardhat_kaggle,hardhat_kaggle:hard_hat_workers1073,9,0,0,687bdae2b2170d9cf2348784e7b6201bcb1c9ad8
hardhat_kaggle_27c2e9a0d402.png,hardhat_kaggle_27c2e9a0d402,hardhat_kaggle,hardhat_kaggle:hard_hat_workers1074,5,0,0,27c2e9a0d402c79889632969eeeec79b2e798af7
hardhat_kaggle_29d23375f09d.png,hardhat_kaggle_29d23375f09d,hardhat_kaggle,hardhat_kaggle:hard_hat_workers1075,3,0,0,29d23375f09d7f792ef467fc374390083120ed20
hardhat_kaggle_071fe8744b07.png,hardhat_kaggle_071fe8744b07,hardhat_kaggle,hardhat_kaggle:hard_hat_workers1076,3,0,0,071fe8744b07c34e84d541faac10baa76a20ccfe
hardhat_kaggle_241098053d8f.png,hardhat_kaggle_241098053d8f,hardhat_kaggle,hardhat_kaggle:hard_hat_workers1077,4,0,0,241098053d8f572c54af250756671025829b4a08
hardhat_kaggle_63d71a62c057.png,hardhat_kaggle_63d71a62c057,hardhat_kaggle,hardhat_kaggle:hard_hat_workers1078,7,0,0,63d71a62c057374d5a171ae4c40069082b0827b9
hardhat_kaggle_097a75464581.png,hardhat_kaggle_097a75464581,hardhat_kaggle,hardhat_kaggle:hard_hat_workers1079,14,0,0,097a754645818103c2d3d1cdc16c34996f370bdb
hardhat_kaggle_57dc1e7b1555.png,hardhat_kaggle_57dc1e7b1555,hardhat_kaggle,hardhat_kaggle:hard_hat_workers108,2,0,0,57dc1e7b15559bdcf73d19b2e3df46faa58d2a67
hardhat_kaggle_322de9fe22ad.png,hardhat_kaggle_322de9fe22ad,hardhat_kaggle,hardhat_kaggle:hard_hat_workers1080,5,0,0,322de9fe22ade275ed3b6db77486147a2cce23a9
hardhat_kaggle_e3024e52dd38.png,hardhat_kaggle_e3024e52dd38,hardhat_kaggle,hardhat_kaggle:hard_hat_workers1081,7,0,0,e3024e52dd388ac4775c8f8329c0193283b9fc71
hardhat_kaggle_8a8ff610be4b.png,hardhat_kaggle_8a8ff610be4b,hardhat_kaggle,hardhat_kaggle:hard_hat_workers1082,10,0,0,8a8ff610be4bd1697593afee719736a1506d3e9e
hardhat_kaggle_ff9225efb1f7.png,hardhat_kaggle_ff9225efb1f7,hardhat_kaggle,hardhat_kaggle:hard_hat_workers1083,1,0,0,ff9225efb1f72fb03b5be93a9359458cd160d1d8
hardhat_kaggle_643cdee12a54.png,hardhat_kaggle_643cdee12a54,hardhat_kaggle,hardhat_kaggle:hard_hat_workers1084,3,0,0,643cdee12a5477ba5ebac778eaf012f664482f39
hardhat_kaggle_bd4da4d8ebd2.png,hardhat_kaggle_bd4da4d8ebd2,hardhat_kaggle,hardhat_kaggle:hard_hat_workers1085,2,0,0,bd4da4d8ebd2b07e8ae5eba74a3b7614e93c6ebc
hardhat_kaggle_635ffc41aab1.png,hardhat_kaggle_635ffc41aab1,hardhat_kaggle,hardhat_kaggle:hard_hat_workers1086,2,0,0,635ffc41aab19da91d4085f0205bbf3eed002273
hardhat_kaggle_ce308f28be61.png,hardhat_kaggle_ce308f28be61,hardhat_kaggle,hardhat_kaggle:hard_hat_workers1087,1,0,0,ce308f28be61c64e1d2a890906a6aba61c1d00a5
hardhat_kaggle_97069f6e8fc9.png,hardhat_kaggle_97069f6e8fc9,hardhat_kaggle,hardhat_kaggle:hard_hat_workers1088,2,0,0,97069f6e8fc9b80f8730add2c673538058b96161
hardhat_kaggle_c9597ec20a1f.png,hardhat_kaggle_c9597ec20a1f,hardhat_kaggle,hardhat_kaggle:hard_hat_workers109,4,0,0,c9597ec20a1f619eef1d76b3ce013e36197ba55a
hardhat_kaggle_c49fcda8adcd.png,hardhat_kaggle_c49fcda8adcd,hardhat_kaggle,hardhat_kaggle:hard_hat_workers1090,4,0,0,c49fcda8adcdc9f2e169df14f2504a48edb671c3
hardhat_kaggle_d79dcdafdd93.png,hardhat_kaggle_d79dcdafdd93,hardhat_kaggle,hardhat_kaggle:hard_hat_workers1093,4,0,0,d79dcdafdd93139e69f874a6537bd2b8854680af
hardhat_kaggle_03b5b10ba3a6.png,hardhat_kaggle_03b5b10ba3a6,hardhat_kaggle,hardhat_kaggle:hard_hat_workers1094,2,0,0,03b5b10ba3a67ae3c4d2a36badf4ccda0c171df7
hardhat_kaggle_9430e74c5689.png,hardhat_kaggle_9430e74c5689,hardhat_kaggle,hardhat_kaggle:hard_hat_workers1095,7,0,0,9430e74c5689f0582125e9dcbc2ff72dfca142e0
hardhat_kaggle_ac3ce3a345a3.png,hardhat_kaggle_ac3ce3a345a3,hardhat_kaggle,hardhat_kaggle:hard_hat_workers1096,2,0,0,ac3ce3a345a3db78c6c2d3f9d8ad7664fa0cba9c
hardhat_kaggle_f03c8df16117.png,hardhat_kaggle_f03c8df16117,hardhat_kaggle,hardhat_kaggle:hard_hat_workers1097,2,0,0,f03c8df16117aea9d0475f89234d541ee373cce0
hardhat_kaggle_ab7b4bcf9084.png,hardhat_kaggle_ab7b4bcf9084,hardhat_kaggle,hardhat_kaggle:hard_hat_workers1098,7,0,0,ab7b4bcf9084270f5e7b605d8b6a186c0b133879
hardhat_kaggle_96bfac930923.png,hardhat_kaggle_96bfac930923,hardhat_kaggle,hardhat_kaggle:hard_hat_workers11,3,0,0,96bfac930923ef33f1c272bbfa7c10cc3174208c
hardhat_kaggle_68e791f02102.png,hardhat_kaggle_68e791f02102,hardhat_kaggle,hardhat_kaggle:hard_hat_workers110,1,0,0,68e791f021028b90d138bf62acd0e0968c34e38f
hardhat_kaggle_f6fc1b2ecf65.png,hardhat_kaggle_f6fc1b2ecf65,hardhat_kaggle,hardhat_kaggle:hard_hat_workers1100,9,0,0,f6fc1b2ecf650665e64a5d9b562579c89e362249
hardhat_kaggle_cfb33a561a7a.png,hardhat_kaggle_cfb33a561a7a,hardhat_kaggle,hardhat_kaggle:hard_hat_workers1101,4,0,0,cfb33a561a7aca25a127679548f6ddb456b67fc2
hardhat_kaggle_697e07d258da.png,hardhat_kaggle_697e07d258da,hardhat_kaggle,hardhat_kaggle:hard_hat_workers1102,3,0,0,697e07d258daa6bc3a3d870e904b512a73ab8f0a
hardhat_kaggle_0c58456e16ff.png,hardhat_kaggle_0c58456e16ff,hardhat_kaggle,hardhat_kaggle:hard_hat_workers1104,1,0,0,0c58456e16ffef058b3e980c425ac2176f5ffa82
hardhat_kaggle_6e1edde584ce.png,hardhat_kaggle_6e1edde584ce,hardhat_kaggle,hardhat_kaggle:hard_hat_workers1105,2,0,0,6e1edde584ce9439a34974c3932fc706324bb324
hardhat_kaggle_b07bfa317fa7.png,hardhat_kaggle_b07bfa317fa7,hardhat_kaggle,hardhat_kaggle:hard_hat_workers1106,5,0,0,b07bfa317fa7f6970de033ae413d518d7f8998d0
hardhat_kaggle_d282cb51451e.png,hardhat_kaggle_d282cb51451e,hardhat_kaggle,hardhat_kaggle:hard_hat_workers1107,2,0,0,d282cb51451e77b7d1642239dc3184a28487dea7
hardhat_kaggle_4ce540e2828c.png,hardhat_kaggle_4ce540e2828c,hardhat_kaggle,hardhat_kaggle:hard_hat_workers1108,2,0,0,4ce540e2828ca9319e200ea6431812df0f59c9f4
hardhat_kaggle_b0730e9452a7.png,hardhat_kaggle_b0730e9452a7,hardhat_kaggle,hardhat_kaggle:hard_hat_workers1109,6,0,0,b0730e9452a718b4cb52e8fdeaf9c9374aafc044
hardhat_kaggle_439da81007b4.png,hardhat_kaggle_439da81007b4,hardhat_kaggle,hardhat_kaggle:hard_hat_workers111,2,0,0,439da81007b41f9f98c1712558e44cd2a8dc0161
hardhat_kaggle_8bb6ee7b6b3d.png,hardhat_kaggle_8bb6ee7b6b3d,hardhat_kaggle,hardhat_kaggle:hard_hat_workers1110,4,0,0,8bb6ee7b6b3d040c438e732d1a0d613c08de331b
hardhat_kaggle_447d9b1bd367.png,hardhat_kaggle_447d9b1bd367,hardhat_kaggle,hardhat_kaggle:hard_hat_workers1111,3,0,0,447d9b1bd367e1fed4a9109927e9efc906d51d1b
hardhat_kaggle_f860697f33b8.png,hardhat_kaggle_f860697f33b8,hardhat_kaggle,hardhat_kaggle:hard_hat_workers1112,2,0,0,f860697f33b8a5cf98b8a2d5621ed1fe11a50049
hardhat_kaggle_412fce854d64.png,hardhat_kaggle_412fce854d64,hardhat_kaggle,hardhat_kaggle:hard_hat_workers1113,1,0,0,412fce854d64d783330b4c8e1f69a99a9198ba64
hardhat_kaggle_ff0b44170752.png,hardhat_kaggle_ff0b44170752,hardhat_kaggle,hardhat_kaggle:hard_hat_workers1114,3,0,0,ff0b44170752d354bb2991c15637d40e23046443
hardhat_kaggle_9993aea74da6.png,hardhat_kaggle_9993aea74da6,hardhat_kaggle,hardhat_kaggle:hard_hat_workers1115,10,0,0,9993aea74da6c5614e29e579c05b4ef35c137193
hardhat_kaggle_fa7d7715fe85.png,hardhat_kaggle_fa7d7715fe85,hardhat_kaggle,hardhat_kaggle:hard_hat_workers1116,2,0,0,fa7d7715fe85c7a29877d086e0a4589a8b7582a8
hardhat_kaggle_6beaabe16733.png,hardhat_kaggle_6beaabe16733,hardhat_kaggle,hardhat_kaggle:hard_hat_workers1118,5,0,0,6beaabe167332b66b6bb53e7e1d755bc43b2e0fe
hardhat_kaggle_23183c5984da.png,hardhat_kaggle_23183c5984da,hardhat_kaggle,hardhat_kaggle:hard_hat_workers112,1,0,0,23183c5984da8e7c6c34b993f1321108a7951788
hardhat_kaggle_ed0e5a803904.png,hardhat_kaggle_ed0e5a803904,hardhat_kaggle,hardhat_kaggle:hard_hat_workers1120,12,0,0,ed0e5a8039045098e0753a4edbe0ddc39c6225be
hardhat_kaggle_a6c3a39f279f.png,hardhat_kaggle_a6c3a39f279f,hardhat_kaggle,hardhat_kaggle:hard_hat_workers1121,4,0,0,a6c3a39f279f69fe7a54854e174d45c86fa68430
hardhat_kaggle_8a2af91712ff.png,hardhat_kaggle_8a2af91712ff,hardhat_kaggle,hardhat_kaggle:hard_hat_workers1122,2,0,0,8a2af91712ff830f4f7369dca162df051df0cb0d
hardhat_kaggle_14e38aeb0096.png,hardhat_kaggle_14e38aeb0096,hardhat_kaggle,hardhat_kaggle:hard_hat_workers1123,1,0,0,14e38aeb0096294861d089dbf02820ce106eff94
hardhat_kaggle_bd428d93fdb3.png,hardhat_kaggle_bd428d93fdb3,hardhat_kaggle,hardhat_kaggle:hard_hat_workers1124,2,0,0,bd428d93fdb35170a043798a29195805d2c51854
hardhat_kaggle_9383892aecbb.png,hardhat_kaggle_9383892aecbb,hardhat_kaggle,hardhat_kaggle:hard_hat_workers1125,6,0,0,9383892aecbb24d069221b22c09edf2a2ac79c08
hardhat_kaggle_354413ffdcb7.png,hardhat_kaggle_354413ffdcb7,hardhat_kaggle,hardhat_kaggle:hard_hat_workers1126,2,0,0,354413ffdcb7332f4abde5220849c77834049cab
hardhat_kaggle_3b276c9c41f6.png,hardhat_kaggle_3b276c9c41f6,hardhat_kaggle,hardhat_kaggle:hard_hat_workers1127,2,0,0,3b276c9c41f64738ccc98c060d7920ceee4b2f39
hardhat_kaggle_98c1a0346fed.png,hardhat_kaggle_98c1a0346fed,hardhat_kaggle,hardhat_kaggle:hard_hat_workers1128,1,0,0,98c1a0346fed296ebfeed3ead8efd9bc8916b807
hardhat_kaggle_47dc1ffb9643.png,hardhat_kaggle_47dc1ffb9643,hardhat_kaggle,hardhat_kaggle:hard_hat_workers113,1,0,0,47dc1ffb964341a8973af61f8363f489f2f7dc93
hardhat_kaggle_61be406de5c3.png,hardhat_kaggle_61be406de5c3,hardhat_kaggle,hardhat_kaggle:hard_hat_workers1130,1,0,0,61be406de5c373c76c67fb2222c7faf43e077ee4
hardhat_kaggle_bb0a8d09de17.png,hardhat_kaggle_bb0a8d09de17,hardhat_kaggle,hardhat_kaggle:hard_hat_workers1131,2,0,0,bb0a8d09de171e1aa4f002f08addaabebe86635b
hardhat_kaggle_3f208e4d8260.png,hardhat_kaggle_3f208e4d8260,hardhat_kaggle,hardhat_kaggle:hard_hat_workers1132,10,0,0,3f208e4d826007b0d03bf64f388480854e3eb4b2
hardhat_kaggle_b870a2e17987.png,hardhat_kaggle_b870a2e17987,hardhat_kaggle,hardhat_kaggle:hard_hat_workers1133,7,0,0,b870a2e179879e548c960322a36624e546e098bc
hardhat_kaggle_36bca90b169a.png,hardhat_kaggle_36bca90b169a,hardhat_kaggle,hardhat_kaggle:hard_hat_workers1134,3,0,0,36bca90b169a2b63029bd253016230293e3a1683
hardhat_kaggle_b2609211887e.png,hardhat_kaggle_b2609211887e,hardhat_kaggle,hardhat_kaggle:hard_hat_workers1135,2,0,0,b2609211887e6a63fd8892fa1358816e9a88ce56
hardhat_kaggle_fe09556917fa.png,hardhat_kaggle_fe09556917fa,hardhat_kaggle,hardhat_kaggle:hard_hat_workers1136,4,0,0,fe09556917fad9ffe3342e56aeb03cda3f3f999b
hardhat_kaggle_b893bb9e9752.png,hardhat_kaggle_b893bb9e9752,hardhat_kaggle,hardhat_kaggle:hard_hat_workers1137,4,0,0,b893bb9e97528540d244802291dcc0d244ed4594
hardhat_kaggle_2de02ea3563b.png,hardhat_kaggle_2de02ea3563b,hardhat_kaggle,hardhat_kaggle:hard_hat_workers1138,1,0,0,2de02ea3563b9cfb012acb4772a3e10e8abaa5f3
hardhat_kaggle_41332d62f18c.png,hardhat_kaggle_41332d62f18c,hardhat_kaggle,hardhat_kaggle:hard_hat_workers114,11,0,0,41332d62f18c8a7a61e39c19aa3aeb8ae0c54c57
hardhat_kaggle_8a77380916fd.png,hardhat_kaggle_8a77380916fd,hardhat_kaggle,hardhat_kaggle:hard_hat_workers1140,6,0,0,8a77380916fdfdaa7feb46750bf54c78484a6ba4
hardhat_kaggle_6c22126212ea.png,hardhat_kaggle_6c22126212ea,hardhat_kaggle,hardhat_kaggle:hard_hat_workers1141,7,0,0,6c22126212ea94d2f4d720cb2ad3bd8ce10775a9
hardhat_kaggle_c0fd4c3428c7.png,hardhat_kaggle_c0fd4c3428c7,hardhat_kaggle,hardhat_kaggle:hard_hat_workers1142,4,0,0,c0fd4c3428c7ec741d3cf8c6443807ac381b727c
hardhat_kaggle_7a186c2a4fdd.png,hardhat_kaggle_7a186c2a4fdd,hardhat_kaggle,hardhat_kaggle:hard_hat_workers1143,2,0,0,7a186c2a4fdd1868742c5de226ce8e8503d2877f
hardhat_kaggle_da4cbb2d5f3e.png,hardhat_kaggle_da4cbb2d5f3e,hardhat_kaggle,hardhat_kaggle:hard_hat_workers1144,2,0,0,da4cbb2d5f3e6bd7884db97b0e5a16c0f0d75853
hardhat_kaggle_1e45d43281a0.png,hardhat_kaggle_1e45d43281a0,hardhat_kaggle,hardhat_kaggle:hard_hat_workers1145,2,0,0,1e45d43281a0a80e75d45702192e6401e7a63c94
hardhat_kaggle_535ba3c550ea.png,hardhat_kaggle_535ba3c550ea,hardhat_kaggle,hardhat_kaggle:hard_hat_workers1147,1,0,0,535ba3c550eaa0ee26a1a2f742f8776d7fb23198
hardhat_kaggle_34bc47b83134.png,hardhat_kaggle_34bc47b83134,hardhat_kaggle,hardhat_kaggle:hard_hat_workers1148,4,0,0,34bc47b8313402384bada0ad476aa4c30c42fed3
hardhat_kaggle_dbe4c2aa0d44.png,hardhat_kaggle_dbe4c2aa0d44,hardhat_kaggle,hardhat_kaggle:hard_hat_workers1149,4,0,0,dbe4c2aa0d440113dc9b501c52697d59e90e3777
hardhat_kaggle_f356f68624b7.png,hardhat_kaggle_f356f68624b7,hardhat_kaggle,hardhat_kaggle:hard_hat_workers115,1,0,0,f356f68624b70ab949d0a68f4ea4381574da006a
hardhat_kaggle_18598a482a78.png,hardhat_kaggle_18598a482a78,hardhat_kaggle,hardhat_kaggle:hard_hat_workers1150,4,0,0,18598a482a78107712376cf9e80f25687293ce94
hardhat_kaggle_5facedd708b1.png,hardhat_kaggle_5facedd708b1,hardhat_kaggle,hardhat_kaggle:hard_hat_workers1151,2,0,0,5facedd708b1a3d5dc791bd14c49444c10371b71
hardhat_kaggle_7fbaa27ecf48.png,hardhat_kaggle_7fbaa27ecf48,hardhat_kaggle,hardhat_kaggle:hard_hat_workers1152,2,0,0,7fbaa27ecf4845e963221c19d0b0999d3af7d3ef
hardhat_kaggle_9c0729fe4d81.png,hardhat_kaggle_9c0729fe4d81,hardhat_kaggle,hardhat_kaggle:hard_hat_workers1153,5,0,0,9c0729fe4d81a3ce7fbc7599d5ddb77fb80a849e
hardhat_kaggle_0f9d75cfb0c3.png,hardhat_kaggle_0f9d75cfb0c3,hardhat_kaggle,hardhat_kaggle:hard_hat_workers1154,11,0,0,0f9d75cfb0c346c8f2672b16646d6e58897ed844
hardhat_kaggle_e28259814c1f.png,hardhat_kaggle_e28259814c1f,hardhat_kaggle,hardhat_kaggle:hard_hat_workers1155,1,0,0,e28259814c1f59bd76a632c23d116bdb28e2f36f
hardhat_kaggle_0ca654e5bb4f.png,hardhat_kaggle_0ca654e5bb4f,hardhat_kaggle,hardhat_kaggle:hard_hat_workers1156,2,0,0,0ca654e5bb4f91f7855c372efb87b5789e3e78f2
hardhat_kaggle_03940c73c433.png,hardhat_kaggle_03940c73c433,hardhat_kaggle,hardhat_kaggle:hard_hat_workers1157,1,0,0,03940c73c4332d1e8a276442f8c3c385401b99d4
hardhat_kaggle_2bdc602152eb.png,hardhat_kaggle_2bdc602152eb,hardhat_kaggle,hardhat_kaggle:hard_hat_workers1158,1,0,0,2bdc602152ebe326b5cfea9dc337a3ff2e596cbb
hardhat_kaggle_a11f0a2e452c.png,hardhat_kaggle_a11f0a2e452c,hardhat_kaggle,hardhat_kaggle:hard_hat_workers1159,1,0,0,a11f0a2e452cf5449640d8a3ee1826f6a1e2f877
hardhat_kaggle_938167f822a1.png,hardhat_kaggle_938167f822a1,hardhat_kaggle,hardhat_kaggle:hard_hat_workers116,2,0,0,938167f822a113a084a0a40d33a21393656d138b
hardhat_kaggle_11ab1a8a013a.png,hardhat_kaggle_11ab1a8a013a,hardhat_kaggle,hardhat_kaggle:hard_hat_workers1160,1,0,0,11ab1a8a013aa935c8dc8e56aa8a8c377de59d43
hardhat_kaggle_ba648c258e2c.png,hardhat_kaggle_ba648c258e2c,hardhat_kaggle,hardhat_kaggle:hard_hat_workers1162,3,0,0,ba648c258e2c21128689856f2e986cf16d86fc21
hardhat_kaggle_935487d7c979.png,hardhat_kaggle_935487d7c979,hardhat_kaggle,hardhat_kaggle:hard_hat_workers1163,11,0,0,935487d7c9799ca8d8c3d94a375b80503474270c
hardhat_kaggle_8da846b24967.png,hardhat_kaggle_8da846b24967,hardhat_kaggle,hardhat_kaggle:hard_hat_workers1164,4,0,0,8da846b24967da3e09ead7e9a0aceaadf18469bd
hardhat_kaggle_7b0785535ed2.png,hardhat_kaggle_7b0785535ed2,hardhat_kaggle,hardhat_kaggle:hard_hat_workers1165,2,0,0,7b0785535ed26c234104f5dbd1a76eadb522a1d3
hardhat_kaggle_ef18f6eb4818.png,hardhat_kaggle_ef18f6eb4818,hardhat_kaggle,hardhat_kaggle:hard_hat_workers1166,3,0,0,ef18f6eb48186bb05ca46775988fcc65947677c8
hardhat_kaggle_6bd84e58c34a.png,hardhat_kaggle_6bd84e58c34a,hardhat_kaggle,hardhat_kaggle:hard_hat_workers1167,4,0,0,6bd84e58c34aaf69033a0eac2d481ff55ca9ceba
hardhat_kaggle_76dda979dce2.png,hardhat_kaggle_76dda979dce2,hardhat_kaggle,hardhat_kaggle:hard_hat_workers1168,3,0,0,76dda979dce2826635436a6fabf3b9cc7b6fa493
hardhat_kaggle_db68a4dc9b34.png,hardhat_kaggle_db68a4dc9b34,hardhat_kaggle,hardhat_kaggle:hard_hat_workers1169,1,0,0,db68a4dc9b3424c2df41b2b98db8e3d4bd454dc9
hardhat_kaggle_5eb2fad0f69c.png,hardhat_kaggle_5eb2fad0f69c,hardhat_kaggle,hardhat_kaggle:hard_hat_workers117,2,0,0,5eb2fad0f69c931ffa408ae7e65c51f8e2d2cd2a
hardhat_kaggle_b61e909c81fe.png,hardhat_kaggle_b61e909c81fe,hardhat_kaggle,hardhat_kaggle:hard_hat_workers1170,4,0,0,b61e909c81fe7d9e991608d41e51780fe2c7032c
hardhat_kaggle_d48583a3bdb7.png,hardhat_kaggle_d48583a3bdb7,hardhat_kaggle,hardhat_kaggle:hard_hat_workers1171,8,0,0,d48583a3bdb7375773ebc0b71ff72fbb7bd908b3
hardhat_kaggle_99ab970cd74e.png,hardhat_kaggle_99ab970cd74e,hardhat_kaggle,hardhat_kaggle:hard_hat_workers1173,4,0,0,99ab970cd74e981b1ca571637fc7f3839ba30d8b
hardhat_kaggle_c178aeaf8de8.png,hardhat_kaggle_c178aeaf8de8,hardhat_kaggle,hardhat_kaggle:hard_hat_workers1174,4,0,0,c178aeaf8de81d7f335f2ce8a3c1e8e152c0ba58
hardhat_kaggle_4c514b743c51.png,hardhat_kaggle_4c514b743c51,hardhat_kaggle,hardhat_kaggle:hard_hat_workers1175,3,0,0,4c514b743c51bcd6e5deca3e7c0894b0dd56e13d
hardhat_kaggle_41834a3f3ad8.png,hardhat_kaggle_41834a3f3ad8,hardhat_kaggle,hardhat_kaggle:hard_hat_workers1176,1,0,0,41834a3f3ad80a88bb666fb85f8f93713537115a
hardhat_kaggle_a7b718aacf63.png,hardhat_kaggle_a7b718aacf63,hardhat_kaggle,hardhat_kaggle:hard_hat_workers1178,2,0,0,a7b718aacf63194a7541aa20ab7656b5194a3f1a
hardhat_kaggle_1903a97663cc.png,hardhat_kaggle_1903a97663cc,hardhat_kaggle,hardhat_kaggle:hard_hat_workers1179,5,0,0,1903a97663cc416b941a7ede978e62aac06e8035
hardhat_kaggle_f093f88b2343.png,hardhat_kaggle_f093f88b2343,hardhat_kaggle,hardhat_kaggle:hard_hat_workers118,2,0,0,f093f88b23433b5ae9e2bad06c2e5144ba3458e0
hardhat_kaggle_ffc0fdd402d5.png,hardhat_kaggle_ffc0fdd402d5,hardhat_kaggle,hardhat_kaggle:hard_hat_workers1180,3,0,0,ffc0fdd402d58266af33460faff07da71742bcb2
hardhat_kaggle_47beb6bd70a4.png,hardhat_kaggle_47beb6bd70a4,hardhat_kaggle,hardhat_kaggle:hard_hat_workers1181,1,0,0,47beb6bd70a4898c1965850ad34b37c81cbf3984
hardhat_kaggle_6639b83ec0fc.png,hardhat_kaggle_6639b83ec0fc,hardhat_kaggle,hardhat_kaggle:hard_hat_workers1182,6,0,0,6639b83ec0fc9247dabada4feafe9febf329e39e
hardhat_kaggle_31d5134c653c.png,hardhat_kaggle_31d5134c653c,hardhat_kaggle,hardhat_kaggle:hard_hat_workers1183,4,0,0,31d5134c653c9d290814af8c79afdee4b37c3b31
hardhat_kaggle_a533733d196e.png,hardhat_kaggle_a533733d196e,hardhat_kaggle,hardhat_kaggle:hard_hat_workers1184,2,0,0,a533733d196edcc2848f81d33827ffe721db1ced
hardhat_kaggle_acd9df6135e8.png,hardhat_kaggle_acd9df6135e8,hardhat_kaggle,hardhat_kaggle:hard_hat_workers1185,3,0,0,acd9df6135e871f1fd792f2f9358ec6431105151
hardhat_kaggle_6b3167ec7af5.png,hardhat_kaggle_6b3167ec7af5,hardhat_kaggle,hardhat_kaggle:hard_hat_workers1187,2,0,0,6b3167ec7af5c96d00a4d33d0345d66124dd8f4c
hardhat_kaggle_8f600ac02ee3.png,hardhat_kaggle_8f600ac02ee3,hardhat_kaggle,hardhat_kaggle:hard_hat_workers1188,5,0,0,8f600ac02ee3a18e7d440f19e455cbe682de122a
hardhat_kaggle_ad16bab40f6b.png,hardhat_kaggle_ad16bab40f6b,hardhat_kaggle,hardhat_kaggle:hard_hat_workers1189,8,0,0,ad16bab40f6bcd8e0b090582489596a4126fc5a8
hardhat_kaggle_ab5078f23ae9.png,hardhat_kaggle_ab5078f23ae9,hardhat_kaggle,hardhat_kaggle:hard_hat_workers119,2,0,0,ab5078f23ae9231672b4220652eb59a0b7a32c0a
hardhat_kaggle_c5f929bc5922.png,hardhat_kaggle_c5f929bc5922,hardhat_kaggle,hardhat_kaggle:hard_hat_workers1190,2,0,0,c5f929bc592249ed6698a4b0f9996555e26b8b91
hardhat_kaggle_a34c4cbd80bb.png,hardhat_kaggle_a34c4cbd80bb,hardhat_kaggle,hardhat_kaggle:hard_hat_workers1191,2,0,0,a34c4cbd80bbf39dabbc14cffc1715c083bc5014
hardhat_kaggle_11c2683102ec.png,hardhat_kaggle_11c2683102ec,hardhat_kaggle,hardhat_kaggle:hard_hat_workers1192,1,0,0,11c2683102ec2eec12e7a623933d460802ec7e68
hardhat_kaggle_c201c15d4479.png,hardhat_kaggle_c201c15d4479,hardhat_kaggle,hardhat_kaggle:hard_hat_workers1193,4,0,0,c201c15d4479e5c65161ae0242acd0e9eda891a2
hardhat_kaggle_f95a29e7f5c6.png,hardhat_kaggle_f95a29e7f5c6,hardhat_kaggle,hardhat_kaggle:hard_hat_workers1194,2,0,0,f95a29e7f5c6f6d77d4a01403d873e3267f99e78
hardhat_kaggle_e0a63bce2327.png,hardhat_kaggle_e0a63bce2327,hardhat_kaggle,hardhat_kaggle:hard_hat_workers1195,11,0,0,e0a63bce2327e77614e0091ee75c94e5c9637036
hardhat_kaggle_986b4105b42c.png,hardhat_kaggle_986b4105b42c,hardhat_kaggle,hardhat_kaggle:hard_hat_workers1196,2,0,0,986b4105b42c6bc03e734fe0bbcbeacf35e1d29c
hardhat_kaggle_16211139d87c.png,hardhat_kaggle_16211139d87c,hardhat_kaggle,hardhat_kaggle:hard_hat_workers1197,1,0,0,16211139d87cb5c41b9b8540f0444108a4d2f1b2
hardhat_kaggle_cc8e61bb106e.png,hardhat_kaggle_cc8e61bb106e,hardhat_kaggle,hardhat_kaggle:hard_hat_workers1198,1,0,0,cc8e61bb106e194eab1b2007ce7f8b3a9c33b7c0
hardhat_kaggle_9f59dda8cad0.png,hardhat_kaggle_9f59dda8cad0,hardhat_kaggle,hardhat_kaggle:hard_hat_workers1199,4,0,0,9f59dda8cad0d12c52921b6d191f12ecaaeeea71
hardhat_kaggle_ab0d17949070.png,hardhat_kaggle_ab0d17949070,hardhat_kaggle,hardhat_kaggle:hard_hat_workers12,2,0,0,ab0d17949070b4318063aff15d771ed7bc13ee57
hardhat_kaggle_3dc25b9ae928.png,hardhat_kaggle_3dc25b9ae928,hardhat_kaggle,hardhat_kaggle:hard_hat_workers120,3,0,0,3dc25b9ae928384f8791707e8472734ddf682b1f
hardhat_kaggle_d68b83c60586.png,hardhat_kaggle_d68b83c60586,hardhat_kaggle,hardhat_kaggle:hard_hat_workers1200,5,0,0,d68b83c6058618f91cbb9dbfc2ac8e2b71fe5eaa
hardhat_kaggle_34d4af2f4a26.png,hardhat_kaggle_34d4af2f4a26,hardhat_kaggle,hardhat_kaggle:hard_hat_workers1201,1,0,0,34d4af2f4a26fb7646463ff4fa88013a8aa350d0
hardhat_kaggle_db6cdfeb6dfe.png,hardhat_kaggle_db6cdfeb6dfe,hardhat_kaggle,hardhat_kaggle:hard_hat_workers1204,3,0,0,db6cdfeb6dfeca5bc39f4822d5533ea40d501951
hardhat_kaggle_77ae07d3bb93.png,hardhat_kaggle_77ae07d3bb93,hardhat_kaggle,hardhat_kaggle:hard_hat_workers1205,2,0,0,77ae07d3bb937f88950116089427cd729525e07c
hardhat_kaggle_1e12d490bd49.png,hardhat_kaggle_1e12d490bd49,hardhat_kaggle,hardhat_kaggle:hard_hat_workers1206,4,0,0,1e12d490bd49bcbfe44ee44bcc042e586961af40
hardhat_kaggle_337dabd800a4.png,hardhat_kaggle_337dabd800a4,hardhat_kaggle,hardhat_kaggle:hard_hat_workers1207,3,0,0,337dabd800a46b201825467d905f70d9e8a42a32
hardhat_kaggle_a25ca31cfd6d.png,hardhat_kaggle_a25ca31cfd6d,hardhat_kaggle,hardhat_kaggle:hard_hat_workers1209,1,0,0,a25ca31cfd6dce31cff88927ca8ae4edaa4f6b17
hardhat_kaggle_276fefec28b8.png,hardhat_kaggle_276fefec28b8,hardhat_kaggle,hardhat_kaggle:hard_hat_workers121,14,0,0,276fefec28b8119487cf491f809be824b7ea16c7
hardhat_kaggle_49a0d4369a95.png,hardhat_kaggle_49a0d4369a95,hardhat_kaggle,hardhat_kaggle:hard_hat_workers1210,1,0,0,49a0d4369a954df3de9f026856a5440a921decc5
hardhat_kaggle_ad3f225683a0.png,hardhat_kaggle_ad3f225683a0,hardhat_kaggle,hardhat_kaggle:hard_hat_workers1211,2,0,0,ad3f225683a070bd68843d72ed86c5ef55cd4f44
hardhat_kaggle_d3091bcd455a.png,hardhat_kaggle_d3091bcd455a,hardhat_kaggle,hardhat_kaggle:hard_hat_workers1212,4,0,0,d3091bcd455a06ad8a5d5d69760e3c9125714a8c
hardhat_kaggle_735e1a6779cd.png,hardhat_kaggle_735e1a6779cd,hardhat_kaggle,hardhat_kaggle:hard_hat_workers1213,7,0,0,735e1a6779cdbf88bf15551275a752e4e1b30197
hardhat_kaggle_210984b83351.png,hardhat_kaggle_210984b83351,hardhat_kaggle,hardhat_kaggle:hard_hat_workers1214,1,0,0,210984b83351e95b31f3926fe133b01da507e06b
hardhat_kaggle_3b44c43e0b50.png,hardhat_kaggle_3b44c43e0b50,hardhat_kaggle,hardhat_kaggle:hard_hat_workers1215,2,0,0,3b44c43e0b5006bf9bf88eb3888e1c25b6ed1b03
hardhat_kaggle_309676279d56.png,hardhat_kaggle_309676279d56,hardhat_kaggle,hardhat_kaggle:hard_hat_workers1216,1,0,0,309676279d5688b0f171c1723bc5c6a4f3b829bb
hardhat_kaggle_24538b6f86a7.png,hardhat_kaggle_24538b6f86a7,hardhat_kaggle,hardhat_kaggle:hard_hat_workers1218,4,0,0,24538b6f86a70c2d23adcefc1d2ed79f2a41a6c0
hardhat_kaggle_531738d9b5d9.png,hardhat_kaggle_531738d9b5d9,hardhat_kaggle,hardhat_kaggle:hard_hat_workers1219,4,0,0,531738d9b5d9d3f100d382a4b6d2b0f0c025b249
hardhat_kaggle_eff6e4ac4c87.png,hardhat_kaggle_eff6e4ac4c87,hardhat_kaggle,hardhat_kaggle:hard_hat_workers122,9,0,0,eff6e4ac4c878d79b6296df586585fa8cdf38961
hardhat_kaggle_b6a2c46a0fa9.png,hardhat_kaggle_b6a2c46a0fa9,hardhat_kaggle,hardhat_kaggle:hard_hat_workers1220,3,0,0,b6a2c46a0fa99cbce169b4b64b6a433528ff4be4
hardhat_kaggle_97c6f34cd082.png,hardhat_kaggle_97c6f34cd082,hardhat_kaggle,hardhat_kaggle:hard_hat_workers1221,2,0,0,97c6f34cd08227a41b67180b261dc782f2b3d7ee
hardhat_kaggle_a30691ed825d.png,hardhat_kaggle_a30691ed825d,hardhat_kaggle,hardhat_kaggle:hard_hat_workers1222,2,0,0,a30691ed825dcf23c1253236f1fefd683e03af07
hardhat_kaggle_c12fe2123475.png,hardhat_kaggle_c12fe2123475,hardhat_kaggle,hardhat_kaggle:hard_hat_workers1223,1,0,0,c12fe2123475a2c9e5adcf3eb3cc22bd82119a33
hardhat_kaggle_70f2f67871f3.png,hardhat_kaggle_70f2f67871f3,hardhat_kaggle,hardhat_kaggle:hard_hat_workers1224,3,0,0,70f2f67871f3a2749125e13530adef4146d0f609
hardhat_kaggle_253f5b1c93df.png,hardhat_kaggle_253f5b1c93df,hardhat_kaggle,hardhat_kaggle:hard_hat_workers1225,11,0,0,253f5b1c93dfa50e29cddc7403f336d293c32a68
hardhat_kaggle_5a1c420b0861.png,hardhat_kaggle_5a1c420b0861,hardhat_kaggle,hardhat_kaggle:hard_hat_workers1226,3,0,0,5a1c420b08611131f3962ed0b257c2acf8bc809d
hardhat_kaggle_6fc60870fae6.png,hardhat_kaggle_6fc60870fae6,hardhat_kaggle,hardhat_kaggle:hard_hat_workers1228,2,0,0,6fc60870fae64edc29d928958d71edf493f65704
hardhat_kaggle_f00a4d34ebf3.png,hardhat_kaggle_f00a4d34ebf3,hardhat_kaggle,hardhat_kaggle:hard_hat_workers1229,3,0,0,f00a4d34ebf30fa30a58cd1ef55de8f7df88c8ad
hardhat_kaggle_1fa4dfcb7d09.png,hardhat_kaggle_1fa4dfcb7d09,hardhat_kaggle,hardhat_kaggle:hard_hat_workers123,2,0,0,1fa4dfcb7d099e7b99d4bb8b57218c3930ae47a3
hardhat_kaggle_6ea709066cda.png,hardhat_kaggle_6ea709066cda,hardhat_kaggle,hardhat_kaggle:hard_hat_workers1230,2,0,0,6ea709066cda8bb3557d3cd8538d2ef44d81e966
hardhat_kaggle_f69c9b54ab35.png,hardhat_kaggle_f69c9b54ab35,hardhat_kaggle,hardhat_kaggle:hard_hat_workers1232,5,0,0,f69c9b54ab35e01f899eef0a4f672ba7acaa3e10
hardhat_kaggle_7065e0b33ce9.png,hardhat_kaggle_7065e0b33ce9,hardhat_kaggle,hardhat_kaggle:hard_hat_workers1233,5,0,0,7065e0b33ce97c94767568d9ae563860681d462d
hardhat_kaggle_2f3465adabf2.png,hardhat_kaggle_2f3465adabf2,hardhat_kaggle,hardhat_kaggle:hard_hat_workers1234,4,0,0,2f3465adabf28e7c2145c941ba80e916d221fccb
hardhat_kaggle_3982d65126f5.png,hardhat_kaggle_3982d65126f5,hardhat_kaggle,hardhat_kaggle:hard_hat_workers1236,1,0,0,3982d65126f52f8d7fd74c5b57630bf38b06f7bd
hardhat_kaggle_4402c435197e.png,hardhat_kaggle_4402c435197e,hardhat_kaggle,hardhat_kaggle:hard_hat_workers1237,2,0,0,4402c435197e44fd3c22422c11465e5a6a592e61
hardhat_kaggle_15bac7e206b8.png,hardhat_kaggle_15bac7e206b8,hardhat_kaggle,hardhat_kaggle:hard_hat_workers1238,7,0,0,15bac7e206b86c81d34dca97c003caeea77e169f
hardhat_kaggle_9486dc95aace.png,hardhat_kaggle_9486dc95aace,hardhat_kaggle,hardhat_kaggle:hard_hat_workers124,1,0,0,9486dc95aace7e216923bc4cd61f893bcd1482d8
hardhat_kaggle_a0efa0af2f53.png,hardhat_kaggle_a0efa0af2f53,hardhat_kaggle,hardhat_kaggle:hard_hat_workers1240,2,0,0,a0efa0af2f532c3032ae511f2ac5a5746e964453
hardhat_kaggle_84bef8829981.png,hardhat_kaggle_84bef8829981,hardhat_kaggle,hardhat_kaggle:hard_hat_workers1241,9,0,0,84bef88299810b0e2c6447896ad2c9f187ace41e
hardhat_kaggle_49b38041c144.png,hardhat_kaggle_49b38041c144,hardhat_kaggle,hardhat_kaggle:hard_hat_workers1242,2,0,0,49b38041c144cecad1daa794a93f4f6b3229c7e2
hardhat_kaggle_3089c766a22d.png,hardhat_kaggle_3089c766a22d,hardhat_kaggle,hardhat_kaggle:hard_hat_workers1243,1,0,0,3089c766a22d315a472e9fa6f633640ce8c5d57a
hardhat_kaggle_0693cec5a05d.png,hardhat_kaggle_0693cec5a05d,hardhat_kaggle,hardhat_kaggle:hard_hat_workers1244,4,0,0,0693cec5a05d145477f3f18bef2b079aac9a6e45
hardhat_kaggle_ab2068dd75cb.png,hardhat_kaggle_ab2068dd75cb,hardhat_kaggle,hardhat_kaggle:hard_hat_workers1245,3,0,0,ab2068dd75cb1c4b4643613a30aaa113b5b38ab9
hardhat_kaggle_5bca0a7098ee.png,hardhat_kaggle_5bca0a7098ee,hardhat_kaggle,hardhat_kaggle:hard_hat_workers1247,2,0,0,5bca0a7098ee81c9837da4677db7ab6e87f8474f
hardhat_kaggle_b246e105c56c.png,hardhat_kaggle_b246e105c56c,hardhat_kaggle,hardhat_kaggle:hard_hat_workers1248,2,0,0,b246e105c56cb975355d44159837a7002e832a66
hardhat_kaggle_2e084e695c24.png,hardhat_kaggle_2e084e695c24,hardhat_kaggle,hardhat_kaggle:hard_hat_workers1249,8,0,0,2e084e695c2415c429eada45a5818025ad3c021b
hardhat_kaggle_7dc4be1be909.png,hardhat_kaggle_7dc4be1be909,hardhat_kaggle,hardhat_kaggle:hard_hat_workers125,1,0,0,7dc4be1be909ae4a8a9936a4ab402cd87d77a940
hardhat_kaggle_f71e89f2254c.png,hardhat_kaggle_f71e89f2254c,hardhat_kaggle,hardhat_kaggle:hard_hat_workers1250,2,0,0,f71e89f2254c015b0e9a55a72a823aed77cf598d
hardhat_kaggle_facc96b36ba4.png,hardhat_kaggle_facc96b36ba4,hardhat_kaggle,hardhat_kaggle:hard_hat_workers1251,3,0,0,facc96b36ba454a5e4ebd20eb93fcae78cd8c3a4
hardhat_kaggle_6f20dafc9251.png,hardhat_kaggle_6f20dafc9251,hardhat_kaggle,hardhat_kaggle:hard_hat_workers1252,4,0,0,6f20dafc925184ec66da67ebb764761159fcfa3c
hardhat_kaggle_69afa32d0d64.png,hardhat_kaggle_69afa32d0d64,hardhat_kaggle,hardhat_kaggle:hard_hat_workers1253,2,0,0,69afa32d0d642a225d044ccfba394c926dedfd2a
hardhat_kaggle_56179a37098d.png,hardhat_kaggle_56179a37098d,hardhat_kaggle,hardhat_kaggle:hard_hat_workers1254,7,0,0,56179a37098d8fc4cf49db0339ce51f1a46d0f4b
hardhat_kaggle_eea3c89e2c07.png,hardhat_kaggle_eea3c89e2c07,hardhat_kaggle,hardhat_kaggle:hard_hat_workers1255,12,0,0,eea3c89e2c0736a814d16c718ff987a9de575f15
hardhat_kaggle_a56b250bb3b7.png,hardhat_kaggle_a56b250bb3b7,hardhat_kaggle,hardhat_kaggle:hard_hat_workers1257,16,0,0,a56b250bb3b764cbe9ccfa678588096bc3aa54e4
hardhat_kaggle_ae0c3787499b.png,hardhat_kaggle_ae0c3787499b,hardhat_kaggle,hardhat_kaggle:hard_hat_workers1258,3,0,0,ae0c3787499ba4faf803db96041c5b5031f37e0b
hardhat_kaggle_db1ace52320b.png,hardhat_kaggle_db1ace52320b,hardhat_kaggle,hardhat_kaggle:hard_hat_workers1259,9,0,0,db1ace52320b0f78b2443b1a5693a927f7c05880
hardhat_kaggle_459406083f99.png,hardhat_kaggle_459406083f99,hardhat_kaggle,hardhat_kaggle:hard_hat_workers126,9,0,0,459406083f9972bad9cf382c403b05de611ff032
hardhat_kaggle_f1204f1c8626.png,hardhat_kaggle_f1204f1c8626,hardhat_kaggle,hardhat_kaggle:hard_hat_workers1260,2,0,0,f1204f1c8626b9c22199d21ea5d3e40ea624f4f8
hardhat_kaggle_6f4153a2f6b4.png,hardhat_kaggle_6f4153a2f6b4,hardhat_kaggle,hardhat_kaggle:hard_hat_workers1261,7,0,0,6f4153a2f6b4366bed64c16df9ae3bb5c5bdcac3
hardhat_kaggle_d98a5799d080.png,hardhat_kaggle_d98a5799d080,hardhat_kaggle,hardhat_kaggle:hard_hat_workers1262,1,0,0,d98a5799d080ada9c7b37d1ea79a89acd2c1c0dd
hardhat_kaggle_85bd63dee0c0.png,hardhat_kaggle_85bd63dee0c0,hardhat_kaggle,hardhat_kaggle:hard_hat_workers1263,3,0,0,85bd63dee0c0972ee769c8c31545bbf90f333f8b
hardhat_kaggle_934891454d67.png,hardhat_kaggle_934891454d67,hardhat_kaggle,hardhat_kaggle:hard_hat_workers1265,4,0,0,934891454d6779c2e5cf6cb7d16cf34d2c93686e
hardhat_kaggle_e2e8e3ac8826.png,hardhat_kaggle_e2e8e3ac8826,hardhat_kaggle,hardhat_kaggle:hard_hat_workers1266,3,0,0,e2e8e3ac88266121cedce4cb414f4a57f3bd8fa3
hardhat_kaggle_98a0722f2e10.png,hardhat_kaggle_98a0722f2e10,hardhat_kaggle,hardhat_kaggle:hard_hat_workers1267,3,0,0,98a0722f2e10672c803700e2e42f2b169fab7869
hardhat_kaggle_9ff66ddc7850.png,hardhat_kaggle_9ff66ddc7850,hardhat_kaggle,hardhat_kaggle:hard_hat_workers1268,2,0,0,9ff66ddc7850c0b6c78369b54618346b63da5aab
hardhat_kaggle_b235991cc1ef.png,hardhat_kaggle_b235991cc1ef,hardhat_kaggle,hardhat_kaggle:hard_hat_workers1269,4,0,0,b235991cc1ef14994226a35ce181b08d7a25dca7
hardhat_kaggle_535f0b7c2174.png,hardhat_kaggle_535f0b7c2174,hardhat_kaggle,hardhat_kaggle:hard_hat_workers127,2,0,0,535f0b7c21745c950fb962b9a80e4f2b39d70f5d
hardhat_kaggle_7cab563e3cc9.png,hardhat_kaggle_7cab563e3cc9,hardhat_kaggle,hardhat_kaggle:hard_hat_workers1270,2,0,0,7cab563e3cc9ca64fb40746999fd711772497fb6
hardhat_kaggle_ab31e0d29de1.png,hardhat_kaggle_ab31e0d29de1,hardhat_kaggle,hardhat_kaggle:hard_hat_workers1271,2,0,0,ab31e0d29de100e56267f6d9ae83e402ac812ae6
hardhat_kaggle_103a7ef2c085.png,hardhat_kaggle_103a7ef2c085,hardhat_kaggle,hardhat_kaggle:hard_hat_workers1272,3,0,0,103a7ef2c08532f523e72b9e27e27554a08438e1
hardhat_kaggle_38b6cc2a4210.png,hardhat_kaggle_38b6cc2a4210,hardhat_kaggle,hardhat_kaggle:hard_hat_workers1273,9,0,0,38b6cc2a4210d79e17f0ae5e399d0eb373899741
hardhat_kaggle_b4dac9ebbaba.png,hardhat_kaggle_b4dac9ebbaba,hardhat_kaggle,hardhat_kaggle:hard_hat_workers1274,9,0,0,b4dac9ebbabaf5b1757c62f2f13f04f9f1188b22
hardhat_kaggle_0fdf4afcc907.png,hardhat_kaggle_0fdf4afcc907,hardhat_kaggle,hardhat_kaggle:hard_hat_workers1275,2,0,0,0fdf4afcc907f1c4b50ccf1a552618ae9f8e406a
hardhat_kaggle_74ce838d5ee0.png,hardhat_kaggle_74ce838d5ee0,hardhat_kaggle,hardhat_kaggle:hard_hat_workers1276,2,0,0,74ce838d5ee06bff48c148b6bd2814b9fa16e384
hardhat_kaggle_46b4a6df97f9.png,hardhat_kaggle_46b4a6df97f9,hardhat_kaggle,hardhat_kaggle:hard_hat_workers1277,3,0,0,46b4a6df97f96fc6afed58fa2bc245c5363950a4
hardhat_kaggle_5a0eec0394d2.png,hardhat_kaggle_5a0eec0394d2,hardhat_kaggle,hardhat_kaggle:hard_hat_workers1278,6,0,0,5a0eec0394d2e0073fd8e7fef27730dd8f9755c4
hardhat_kaggle_e68fb9b4f6ca.png,hardhat_kaggle_e68fb9b4f6ca,hardhat_kaggle,hardhat_kaggle:hard_hat_workers1279,2,0,0,e68fb9b4f6ca7d0fa7c98a11a0bc27e964d8600b
hardhat_kaggle_aa40cab5fc5b.png,hardhat_kaggle_aa40cab5fc5b,hardhat_kaggle,hardhat_kaggle:hard_hat_workers128,1,0,0,aa40cab5fc5b1bf2d7b99f0b37b19895ea5fd929
hardhat_kaggle_feec196d5ded.png,hardhat_kaggle_feec196d5ded,hardhat_kaggle,hardhat_kaggle:hard_hat_workers1280,6,0,0,feec196d5ded8a8dd6f2f762fc518e69fbe15f3e
hardhat_kaggle_1c5eea81c762.png,hardhat_kaggle_1c5eea81c762,hardhat_kaggle,hardhat_kaggle:hard_hat_workers1281,2,0,0,1c5eea81c76245712011db0ca2c66b4cdab5f769
hardhat_kaggle_89360180f481.png,hardhat_kaggle_89360180f481,hardhat_kaggle,hardhat_kaggle:hard_hat_workers1282,3,0,0,89360180f4813fa6d1a7fa622ec497b3aa83ecef
hardhat_kaggle_a68d203a0138.png,hardhat_kaggle_a68d203a0138,hardhat_kaggle,hardhat_kaggle:hard_hat_workers1283,2,0,0,a68d203a01380d33568d5bf7ff164970921af728
hardhat_kaggle_af9ee529bbb6.png,hardhat_kaggle_af9ee529bbb6,hardhat_kaggle,hardhat_kaggle:hard_hat_workers1284,8,0,0,af9ee529bbb6e7a7b04b16524e03c5bb21568392
hardhat_kaggle_8de78b7df295.png,hardhat_kaggle_8de78b7df295,hardhat_kaggle,hardhat_kaggle:hard_hat_workers1285,2,0,0,8de78b7df295dfbf909db6c0669bda745f72a576
hardhat_kaggle_ed47a9740950.png,hardhat_kaggle_ed47a9740950,hardhat_kaggle,hardhat_kaggle:hard_hat_workers1286,12,0,0,ed47a9740950cbec37eec4be66a52680bbb5e7a1
hardhat_kaggle_e994fa329221.png,hardhat_kaggle_e994fa329221,hardhat_kaggle,hardhat_kaggle:hard_hat_workers1287,3,0,0,e994fa329221ff39008f7d5d769818b5198e7f81
hardhat_kaggle_5d85acd67b2e.png,hardhat_kaggle_5d85acd67b2e,hardhat_kaggle,hardhat_kaggle:hard_hat_workers1288,10,0,0,5d85acd67b2e4baf34c68e33ff6f0292f560e92f
hardhat_kaggle_2686e5bf151d.png,hardhat_kaggle_2686e5bf151d,hardhat_kaggle,hardhat_kaggle:hard_hat_workers1289,1,0,0,2686e5bf151df2f0a10bc98c6b9cc77bd12d60fb
hardhat_kaggle_12592100967a.png,hardhat_kaggle_12592100967a,hardhat_kaggle,hardhat_kaggle:hard_hat_workers129,2,0,0,12592100967af33aa0a01566d34eb73712d75f93
hardhat_kaggle_48e125b15a7a.png,hardhat_kaggle_48e125b15a7a,hardhat_kaggle,hardhat_kaggle:hard_hat_workers1290,4,0,0,48e125b15a7a2d11c5fc31e7c6e670f1c8ddb0b2
hardhat_kaggle_811479d975db.png,hardhat_kaggle_811479d975db,hardhat_kaggle,hardhat_kaggle:hard_hat_workers1291,6,0,0,811479d975db31015a1aae00a986dceaf680da31
hardhat_kaggle_0a582eefb2f3.png,hardhat_kaggle_0a582eefb2f3,hardhat_kaggle,hardhat_kaggle:hard_hat_workers1293,1,0,0,0a582eefb2f3ecd2017013205d21e630d973784f
hardhat_kaggle_87432292d8ed.png,hardhat_kaggle_87432292d8ed,hardhat_kaggle,hardhat_kaggle:hard_hat_workers1294,6,0,0,87432292d8ed96000b984b938dd8c1650f07629d
hardhat_kaggle_07e5986a8720.png,hardhat_kaggle_07e5986a8720,hardhat_kaggle,hardhat_kaggle:hard_hat_workers1296,1,0,0,07e5986a8720bbe57724c3e997151f8118262f8c
hardhat_kaggle_e2397872f8dc.png,hardhat_kaggle_e2397872f8dc,hardhat_kaggle,hardhat_kaggle:hard_hat_workers1298,14,0,0,e2397872f8dc2f22769b35470e17c6774c7d9261
hardhat_kaggle_00143de36366.png,hardhat_kaggle_00143de36366,hardhat_kaggle,hardhat_kaggle:hard_hat_workers1299,2,0,0,00143de363665aebbf1fcf2b115d079a00689dcb
hardhat_kaggle_93680e10f3ef.png,hardhat_kaggle_93680e10f3ef,hardhat_kaggle,hardhat_kaggle:hard_hat_workers13,4,0,0,93680e10f3efb59e6908fe77adfae43d33f22af8
hardhat_kaggle_f4ee9bc63bb9.png,hardhat_kaggle_f4ee9bc63bb9,hardhat_kaggle,hardhat_kaggle:hard_hat_workers130,7,0,0,f4ee9bc63bb9366cdca20cd12b03162d8eac6226
hardhat_kaggle_2277e8fa3332.png,hardhat_kaggle_2277e8fa3332,hardhat_kaggle,hardhat_kaggle:hard_hat_workers1300,1,0,0,2277e8fa3332e53a9e70acc9835394d5415e3733
hardhat_kaggle_ccbb02122c70.png,hardhat_kaggle_ccbb02122c70,hardhat_kaggle,hardhat_kaggle:hard_hat_workers1301,2,0,0,ccbb02122c708a31269f7e8ee2bb27968f26aaa7
hardhat_kaggle_6e5f74ded3f9.png,hardhat_kaggle_6e5f74ded3f9,hardhat_kaggle,hardhat_kaggle:hard_hat_workers1302,2,0,0,6e5f74ded3f9e4c4b85f5bf07bde2f3cedeb2758
hardhat_kaggle_804472d84fff.png,hardhat_kaggle_804472d84fff,hardhat_kaggle,hardhat_kaggle:hard_hat_workers1303,3,0,0,804472d84fffa2519b41d0f62e2463f5198d3146
hardhat_kaggle_877346bbe170.png,hardhat_kaggle_877346bbe170,hardhat_kaggle,hardhat_kaggle:hard_hat_workers1304,4,0,0,877346bbe1702a5d3ddddc08747d13ea439c44e7
hardhat_kaggle_26cb5547e7b5.png,hardhat_kaggle_26cb5547e7b5,hardhat_kaggle,hardhat_kaggle:hard_hat_workers1305,2,0,0,26cb5547e7b5539c7a63a47b95eb3ea21b35264a
hardhat_kaggle_b5a8f71db722.png,hardhat_kaggle_b5a8f71db722,hardhat_kaggle,hardhat_kaggle:hard_hat_workers1306,1,0,0,b5a8f71db72295bde1bcb5edd8530bf8fe697f33
hardhat_kaggle_8b709ebf30fc.png,hardhat_kaggle_8b709ebf30fc,hardhat_kaggle,hardhat_kaggle:hard_hat_workers1307,3,0,0,8b709ebf30fcc5844cae51c6c234f15fb7e7b070
hardhat_kaggle_0c37d9fb6838.png,hardhat_kaggle_0c37d9fb6838,hardhat_kaggle,hardhat_kaggle:hard_hat_workers1308,4,0,0,0c37d9fb683809fe5595851d11c30688ed6d54b2
hardhat_kaggle_5fc3784ac6e6.png,hardhat_kaggle_5fc3784ac6e6,hardhat_kaggle,hardhat_kaggle:hard_hat_workers1309,7,0,0,5fc3784ac6e63de73d274f32fafa498cd66c87e5
hardhat_kaggle_a7f107d85528.png,hardhat_kaggle_a7f107d85528,hardhat_kaggle,hardhat_kaggle:hard_hat_workers131,10,0,0,a7f107d855283726c14cd56d8443c3ffd61696ca
hardhat_kaggle_5f8cf70b1121.png,hardhat_kaggle_5f8cf70b1121,hardhat_kaggle,hardhat_kaggle:hard_hat_workers1310,2,0,0,5f8cf70b1121f94a152e38ed096f47cf021ac4be
hardhat_kaggle_725ee311f60f.png,hardhat_kaggle_725ee311f60f,hardhat_kaggle,hardhat_kaggle:hard_hat_workers1312,6,0,0,725ee311f60f8f78f53de559d2d3e311148d9c33
hardhat_kaggle_582dff33c337.png,hardhat_kaggle_582dff33c337,hardhat_kaggle,hardhat_kaggle:hard_hat_workers1313,26,0,0,582dff33c337ee421ba49da73943260508e420fa
hardhat_kaggle_874a91bad7c7.png,hardhat_kaggle_874a91bad7c7,hardhat_kaggle,hardhat_kaggle:hard_hat_workers1314,1,0,0,874a91bad7c78d6635284a52bcdbc95a94f6a3ee
hardhat_kaggle_24a18c5a901e.png,hardhat_kaggle_24a18c5a901e,hardhat_kaggle,hardhat_kaggle:hard_hat_workers1315,2,0,0,24a18c5a901e0f07e0f3bd4417287efaa4bd3014
hardhat_kaggle_9a33554eb598.png,hardhat_kaggle_9a33554eb598,hardhat_kaggle,hardhat_kaggle:hard_hat_workers1316,4,0,0,9a33554eb598bf2e81fa938abf2649ec95e28cbb
hardhat_kaggle_24420f2400e6.png,hardhat_kaggle_24420f2400e6,hardhat_kaggle,hardhat_kaggle:hard_hat_workers1317,7,0,0,24420f2400e6a6fb9d095f84f96700e6c48e1c12
hardhat_kaggle_7e8ef4472527.png,hardhat_kaggle_7e8ef4472527,hardhat_kaggle,hardhat_kaggle:hard_hat_workers1318,2,0,0,7e8ef447252769b269301f381d9574b19e621fd4
hardhat_kaggle_f9e108e0f179.png,hardhat_kaggle_f9e108e0f179,hardhat_kaggle,hardhat_kaggle:hard_hat_workers1319,8,0,0,f9e108e0f17910b12a84cb71babcdb0e6f443a24
hardhat_kaggle_0a9f9b02a684.png,hardhat_kaggle_0a9f9b02a684,hardhat_kaggle,hardhat_kaggle:hard_hat_workers132,2,0,0,0a9f9b02a6848f5710ccacaf6e7692747ea518db
hardhat_kaggle_24adb21409ef.png,hardhat_kaggle_24adb21409ef,hardhat_kaggle,hardhat_kaggle:hard_hat_workers1321,2,0,0,24adb21409ef18b80379c710ec9a898dd431150c
hardhat_kaggle_d0d0be4775bd.png,hardhat_kaggle_d0d0be4775bd,hardhat_kaggle,hardhat_kaggle:hard_hat_workers1322,4,0,0,d0d0be4775bdccaa562a4cffcefe14c9909ce59d
hardhat_kaggle_a646e4d11fa7.png,hardhat_kaggle_a646e4d11fa7,hardhat_kaggle,hardhat_kaggle:hard_hat_workers1323,1,0,0,a646e4d11fa79b01a6072b7b438ee4bde378ffcd
hardhat_kaggle_7a51e48df2da.png,hardhat_kaggle_7a51e48df2da,hardhat_kaggle,hardhat_kaggle:hard_hat_workers1324,15,0,0,7a51e48df2da1b1a20153fb3030c438850eba0be
hardhat_kaggle_9990a486688a.png,hardhat_kaggle_9990a486688a,hardhat_kaggle,hardhat_kaggle:hard_hat_workers1325,2,0,0,9990a486688abaa56400b317e39dcc0a1adee8b8
hardhat_kaggle_530ae8a37304.png,hardhat_kaggle_530ae8a37304,hardhat_kaggle,hardhat_kaggle:hard_hat_workers1326,2,0,0,530ae8a373043a8ef2f4ae82f25f1f4cb59a026c
hardhat_kaggle_0923a7514e17.png,hardhat_kaggle_0923a7514e17,hardhat_kaggle,hardhat_kaggle:hard_hat_workers1327,7,0,0,0923a7514e17cc4b9b400215dcb22bb0a2c7cc46
hardhat_kaggle_2d94bb62ff88.png,hardhat_kaggle_2d94bb62ff88,hardhat_kaggle,hardhat_kaggle:hard_hat_workers1329,2,0,0,2d94bb62ff8828881d48b0bef74739cf08849dbb
hardhat_kaggle_c83b00add27a.png,hardhat_kaggle_c83b00add27a,hardhat_kaggle,hardhat_kaggle:hard_hat_workers133,1,0,0,c83b00add27af6f6571b01fe5a9c244270f273c6
hardhat_kaggle_8f32e0e30642.png,hardhat_kaggle_8f32e0e30642,hardhat_kaggle,hardhat_kaggle:hard_hat_workers1330,3,0,0,8f32e0e306426a04b5deae91aeb32234f209dcfe
hardhat_kaggle_a49ac6297f7a.png,hardhat_kaggle_a49ac6297f7a,hardhat_kaggle,hardhat_kaggle:hard_hat_workers1331,1,0,0,a49ac6297f7a264ea86591b8ccce66f7d8b243d7
hardhat_kaggle_54db0ebe27e8.png,hardhat_kaggle_54db0ebe27e8,hardhat_kaggle,hardhat_kaggle:hard_hat_workers1332,6,0,0,54db0ebe27e8bee93c04db5d06382e1ee1c8b8bd
hardhat_kaggle_88d2223b4ca4.png,hardhat_kaggle_88d2223b4ca4,hardhat_kaggle,hardhat_kaggle:hard_hat_workers1333,6,0,0,88d2223b4ca44968df098e866f395fb5d553f02f
hardhat_kaggle_c3cc2891304b.png,hardhat_kaggle_c3cc2891304b,hardhat_kaggle,hardhat_kaggle:hard_hat_workers1334,4,0,0,c3cc2891304be4561fca83dd426490cd873ee55a
hardhat_kaggle_f8400a38ada0.png,hardhat_kaggle_f8400a38ada0,hardhat_kaggle,hardhat_kaggle:hard_hat_workers1335,7,0,0,f8400a38ada002b166bc58198fa677f0953b4e72
hardhat_kaggle_2e74f42c2855.png,hardhat_kaggle_2e74f42c2855,hardhat_kaggle,hardhat_kaggle:hard_hat_workers1336,1,0,0,2e74f42c285569afa7c7dc732942e67d98499120
hardhat_kaggle_7e59a813e211.png,hardhat_kaggle_7e59a813e211,hardhat_kaggle,hardhat_kaggle:hard_hat_workers1337,3,0,0,7e59a813e211d2ce972906c6a249972481d05154
hardhat_kaggle_ba7e80cc262d.png,hardhat_kaggle_ba7e80cc262d,hardhat_kaggle,hardhat_kaggle:hard_hat_workers1339,1,0,0,ba7e80cc262d9c65fbc84dcc04a616ce8aa48364
hardhat_kaggle_65d0c179d146.png,hardhat_kaggle_65d0c179d146,hardhat_kaggle,hardhat_kaggle:hard_hat_workers134,1,0,0,65d0c179d1461806e48b356130e59bfcbc4450b4
hardhat_kaggle_debc9113f99f.png,hardhat_kaggle_debc9113f99f,hardhat_kaggle,hardhat_kaggle:hard_hat_workers1340,8,0,0,debc9113f99f34a703de461e27d1599e749a2bcc
hardhat_kaggle_4586ebf28191.png,hardhat_kaggle_4586ebf28191,hardhat_kaggle,hardhat_kaggle:hard_hat_workers1341,3,0,0,4586ebf281910a2e7cc9bd2f021edf37d0909dfe
hardhat_kaggle_b3ac404ece58.png,hardhat_kaggle_b3ac404ece58,hardhat_kaggle,hardhat_kaggle:hard_hat_workers1342,3,0,0,b3ac404ece58dde89e378e973f4ca41903ec615a
hardhat_kaggle_48b9269789aa.png,hardhat_kaggle_48b9269789aa,hardhat_kaggle,hardhat_kaggle:hard_hat_workers1343,2,0,0,48b9269789aa3a6a5cad370015849896e680e7ef
hardhat_kaggle_a55b4fbfcf16.png,hardhat_kaggle_a55b4fbfcf16,hardhat_kaggle,hardhat_kaggle:hard_hat_workers1344,2,0,0,a55b4fbfcf16fee9f414c7b816aaa9e13a883d9c
hardhat_kaggle_58de83b0a9fb.png,hardhat_kaggle_58de83b0a9fb,hardhat_kaggle,hardhat_kaggle:hard_hat_workers1345,4,0,0,58de83b0a9fbaa411af659746c2054d13e16fba9
hardhat_kaggle_b8c9620115c4.png,hardhat_kaggle_b8c9620115c4,hardhat_kaggle,hardhat_kaggle:hard_hat_workers1346,7,0,0,b8c9620115c4b3f7049b581731c6a735b06f8d43
hardhat_kaggle_ea3d4b3a83f6.png,hardhat_kaggle_ea3d4b3a83f6,hardhat_kaggle,hardhat_kaggle:hard_hat_workers1347,9,0,0,ea3d4b3a83f6f19b9ae79d9f1ca2f629cb92f317
hardhat_kaggle_a36a370e501b.png,hardhat_kaggle_a36a370e501b,hardhat_kaggle,hardhat_kaggle:hard_hat_workers1348,1,0,0,a36a370e501b355865ce3d680758181ad285f9d0
hardhat_kaggle_c6971e5379c4.png,hardhat_kaggle_c6971e5379c4,hardhat_kaggle,hardhat_kaggle:hard_hat_workers1349,4,0,0,c6971e5379c4944bd329124dfb2d6b3c8c5116bd
hardhat_kaggle_61747d97ba5a.png,hardhat_kaggle_61747d97ba5a,hardhat_kaggle,hardhat_kaggle:hard_hat_workers135,4,0,0,61747d97ba5a9d35df2108f3f04da7ed2d3d2546
hardhat_kaggle_7cea7c017c65.png,hardhat_kaggle_7cea7c017c65,hardhat_kaggle,hardhat_kaggle:hard_hat_workers1350,1,0,0,7cea7c017c65bc1ad25e5b422c4c7070b7c1286a
hardhat_kaggle_e686d9391e7c.png,hardhat_kaggle_e686d9391e7c,hardhat_kaggle,hardhat_kaggle:hard_hat_workers1351,4,0,0,e686d9391e7cf58f65d479e5d5c3cc4c68f769b2
hardhat_kaggle_83521fdd28a3.png,hardhat_kaggle_83521fdd28a3,hardhat_kaggle,hardhat_kaggle:hard_hat_workers1352,3,0,0,83521fdd28a3d2834941dddef49d05fc7acc59df
hardhat_kaggle_d026875a801e.png,hardhat_kaggle_d026875a801e,hardhat_kaggle,hardhat_kaggle:hard_hat_workers1353,3,0,0,d026875a801e6e45bb7369cb77de92b82950ae39
hardhat_kaggle_08df25d307a6.png,hardhat_kaggle_08df25d307a6,hardhat_kaggle,hardhat_kaggle:hard_hat_workers1354,10,0,0,08df25d307a6cf8b582bd710111e0eb0ffcaa315
hardhat_kaggle_150d701313a9.png,hardhat_kaggle_150d701313a9,hardhat_kaggle,hardhat_kaggle:hard_hat_workers1355,1,0,0,150d701313a9cdd65c218a6e99c503a19b5a5851
hardhat_kaggle_5da7a9f3a9d9.png,hardhat_kaggle_5da7a9f3a9d9,hardhat_kaggle,hardhat_kaggle:hard_hat_workers1356,1,0,0,5da7a9f3a9d9e8501fb95eeafab99e46b606fa93
hardhat_kaggle_d5dc76276eb0.png,hardhat_kaggle_d5dc76276eb0,hardhat_kaggle,hardhat_kaggle:hard_hat_workers1357,1,0,0,d5dc76276eb0bdf05c93600b7721ce2faf87a64d
hardhat_kaggle_96f34105d45a.png,hardhat_kaggle_96f34105d45a,hardhat_kaggle,hardhat_kaggle:hard_hat_workers1358,4,0,0,96f34105d45a66e6e2b30b3888edd13f10a338da
hardhat_kaggle_ec9369977900.png,hardhat_kaggle_ec9369977900,hardhat_kaggle,hardhat_kaggle:hard_hat_workers1359,7,0,0,ec936997790019592c384a9a8d2f140a41f9f26f
hardhat_kaggle_e28208e4de46.png,hardhat_kaggle_e28208e4de46,hardhat_kaggle,hardhat_kaggle:hard_hat_workers136,2,0,0,e28208e4de46529015927a711464a7a9132b713a
hardhat_kaggle_05c40830faa9.png,hardhat_kaggle_05c40830faa9,hardhat_kaggle,hardhat_kaggle:hard_hat_workers1360,2,0,0,05c40830faa9df2cb2c61978df61fd42bc4b4ea0
hardhat_kaggle_d81be05099b9.png,hardhat_kaggle_d81be05099b9,hardhat_kaggle,hardhat_kaggle:hard_hat_workers1361,2,0,0,d81be05099b96ade3934fb939079500d82ad826c
hardhat_kaggle_a221b68169b6.png,hardhat_kaggle_a221b68169b6,hardhat_kaggle,hardhat_kaggle:hard_hat_workers1362,8,0,0,a221b68169b6c4cfc3cec189de38fe586ec70338
hardhat_kaggle_b475d471c1dc.png,hardhat_kaggle_b475d471c1dc,hardhat_kaggle,hardhat_kaggle:hard_hat_workers1363,2,0,0,b475d471c1dc20a92b6cb85c56936bfd8c9710b5
hardhat_kaggle_73ab704fd1f8.png,hardhat_kaggle_73ab704fd1f8,hardhat_kaggle,hardhat_kaggle:hard_hat_workers1364,1,0,0,73ab704fd1f822f27c097200d861b0fca696108f
hardhat_kaggle_055f81ab4f12.png,hardhat_kaggle_055f81ab4f12,hardhat_kaggle,hardhat_kaggle:hard_hat_workers1365,4,0,0,055f81ab4f1217c4042e6fbb08e85d131bf1b505
hardhat_kaggle_15d3c0a8a37f.png,hardhat_kaggle_15d3c0a8a37f,hardhat_kaggle,hardhat_kaggle:hard_hat_workers1367,2,0,0,15d3c0a8a37f59c99213062ea7a95c4f8286bab4
hardhat_kaggle_f2ae4e1884f7.png,hardhat_kaggle_f2ae4e1884f7,hardhat_kaggle,hardhat_kaggle:hard_hat_workers1368,2,0,0,f2ae4e1884f7029b845c6a39b43272e881c4076e
hardhat_kaggle_4ab21ef0933b.png,hardhat_kaggle_4ab21ef0933b,hardhat_kaggle,hardhat_kaggle:hard_hat_workers1369,1,0,0,4ab21ef0933bc7cfd57cc6fec9718d206301cd12
hardhat_kaggle_d521f8f1849f.png,hardhat_kaggle_d521f8f1849f,hardhat_kaggle,hardhat_kaggle:hard_hat_workers137,4,0,0,d521f8f1849fff40bac1d0bae433f4da3f4c16f0
hardhat_kaggle_ee97415aee1d.png,hardhat_kaggle_ee97415aee1d,hardhat_kaggle,hardhat_kaggle:hard_hat_workers1370,2,0,0,ee97415aee1da3f65f7c7386b5b6c76848fd385a
hardhat_kaggle_003529459d12.png,hardhat_kaggle_003529459d12,hardhat_kaggle,hardhat_kaggle:hard_hat_workers1372,3,0,0,003529459d123ccd3535c3a6d9d96a2062b1b485
hardhat_kaggle_3ea6457952c6.png,hardhat_kaggle_3ea6457952c6,hardhat_kaggle,hardhat_kaggle:hard_hat_workers1373,12,0,0,3ea6457952c659a0af7d88fca1cf78d1f3223db5
hardhat_kaggle_44315cc61ff2.png,hardhat_kaggle_44315cc61ff2,hardhat_kaggle,hardhat_kaggle:hard_hat_workers1374,1,0,0,44315cc61ff29c41b0a696d16e6340fc75fb41f1
hardhat_kaggle_1625d4607ecb.png,hardhat_kaggle_1625d4607ecb,hardhat_kaggle,hardhat_kaggle:hard_hat_workers1375,1,0,0,1625d4607ecbc635fd03df8bbca4396e0f3664dd
hardhat_kaggle_e94f94b8dd21.png,hardhat_kaggle_e94f94b8dd21,hardhat_kaggle,hardhat_kaggle:hard_hat_workers1376,12,0,0,e94f94b8dd21cbe7ba871907059d78313f8acd4a
hardhat_kaggle_e3bc5d72bd99.png,hardhat_kaggle_e3bc5d72bd99,hardhat_kaggle,hardhat_kaggle:hard_hat_workers1377,2,0,0,e3bc5d72bd993f00c035fa974b305deb490a8411
hardhat_kaggle_168ec99f50bc.png,hardhat_kaggle_168ec99f50bc,hardhat_kaggle,hardhat_kaggle:hard_hat_workers1378,6,0,0,168ec99f50bc03a4649d447fd2b26eee53b679e6
hardhat_kaggle_21a639d708ba.png,hardhat_kaggle_21a639d708ba,hardhat_kaggle,hardhat_kaggle:hard_hat_workers1379,14,0,0,21a639d708bae862fca395794ded410ce4def72b
hardhat_kaggle_85960e763797.png,hardhat_kaggle_85960e763797,hardhat_kaggle,hardhat_kaggle:hard_hat_workers138,1,0,0,85960e763797f0ecce60f5b1b2bd4d5d29925f5a
hardhat_kaggle_64614946180d.png,hardhat_kaggle_64614946180d,hardhat_kaggle,hardhat_kaggle:hard_hat_workers1381,2,0,0,64614946180d6fa33431ef2449b980e5e097d07f
hardhat_kaggle_f8d67be92bed.png,hardhat_kaggle_f8d67be92bed,hardhat_kaggle,hardhat_kaggle:hard_hat_workers1382,6,0,0,f8d67be92bed7bb3698d91289bf325c946d7d2d8
hardhat_kaggle_a5e3a986883c.png,hardhat_kaggle_a5e3a986883c,hardhat_kaggle,hardhat_kaggle:hard_hat_workers1383,3,0,0,a5e3a986883cf705c04c5eb0ad22538678e973d3
hardhat_kaggle_0d3ed3b5c8be.png,hardhat_kaggle_0d3ed3b5c8be,hardhat_kaggle,hardhat_kaggle:hard_hat_workers1384,2,0,0,0d3ed3b5c8bed3eef22c0e06a8018a7f1a5d674d
hardhat_kaggle_080d8763efb2.png,hardhat_kaggle_080d8763efb2,hardhat_kaggle,hardhat_kaggle:hard_hat_workers1385,2,0,0,080d8763efb2494627b3520cd10a86cd94c59388
hardhat_kaggle_b8b5d4023322.png,hardhat_kaggle_b8b5d4023322,hardhat_kaggle,hardhat_kaggle:hard_hat_workers1386,1,0,0,b8b5d4023322288454aa65978a41d566bcda105a
hardhat_kaggle_61a3921f29f1.png,hardhat_kaggle_61a3921f29f1,hardhat_kaggle,hardhat_kaggle:hard_hat_workers1387,11,0,0,61a3921f29f1e0e039da96244c3217240cb753ae
hardhat_kaggle_48ce3867f0a3.png,hardhat_kaggle_48ce3867f0a3,hardhat_kaggle,hardhat_kaggle:hard_hat_workers1389,6,0,0,48ce3867f0a3e905b57301e82e2d3dcf1f1fe873
hardhat_kaggle_5da3340732d2.png,hardhat_kaggle_5da3340732d2,hardhat_kaggle,hardhat_kaggle:hard_hat_workers139,6,0,0,5da3340732d2c47501fe3a6f038802be84c93a79
hardhat_kaggle_fc69c8369ffe.png,hardhat_kaggle_fc69c8369ffe,hardhat_kaggle,hardhat_kaggle:hard_hat_workers1390,2,0,0,fc69c8369ffe1897e9fd67ec7a6e1db4842c88e8
hardhat_kaggle_e0354bcf97e8.png,hardhat_kaggle_e0354bcf97e8,hardhat_kaggle,hardhat_kaggle:hard_hat_workers1391,2,0,0,e0354bcf97e845d8a3758770051a793f7ec1c2ce
hardhat_kaggle_8985a165aab3.png,hardhat_kaggle_8985a165aab3,hardhat_kaggle,hardhat_kaggle:hard_hat_workers1392,2,0,0,8985a165aab3faff7ff68805b045943c54c7629f
hardhat_kaggle_c0ce619f5ccc.png,hardhat_kaggle_c0ce619f5ccc,hardhat_kaggle,hardhat_kaggle:hard_hat_workers1393,1,0,0,c0ce619f5cccbe0316cc9a4b0db657bfaf11fcb1
hardhat_kaggle_2c977b242931.png,hardhat_kaggle_2c977b242931,hardhat_kaggle,hardhat_kaggle:hard_hat_workers1394,25,0,0,2c977b2429314f384948e52af36d998434b803b7
hardhat_kaggle_9179fed04606.png,hardhat_kaggle_9179fed04606,hardhat_kaggle,hardhat_kaggle:hard_hat_workers1396,2,0,0,9179fed04606feddf88935bbe30da271b12ed835
hardhat_kaggle_375e6623b9e5.png,hardhat_kaggle_375e6623b9e5,hardhat_kaggle,hardhat_kaggle:hard_hat_workers1397,11,0,0,375e6623b9e548873ba13b36d3bb530d97a17b12
hardhat_kaggle_18fe5173ab9f.png,hardhat_kaggle_18fe5173ab9f,hardhat_kaggle,hardhat_kaggle:hard_hat_workers1398,2,0,0,18fe5173ab9fd1cddf7b12ebf6e24d720980c4b9
hardhat_kaggle_600ac2615a62.png,hardhat_kaggle_600ac2615a62,hardhat_kaggle,hardhat_kaggle:hard_hat_workers1399,1,0,0,600ac2615a62ea3fda62398223e6a1d701b457b7
hardhat_kaggle_512a20bead7e.png,hardhat_kaggle_512a20bead7e,hardhat_kaggle,hardhat_kaggle:hard_hat_workers14,2,0,0,512a20bead7e0ef6195ad607d838fc62cabdbc92
hardhat_kaggle_b35e23644f6f.png,hardhat_kaggle_b35e23644f6f,hardhat_kaggle,hardhat_kaggle:hard_hat_workers140,1,0,0,b35e23644f6fe610e0dc0b13e898e47cd72d5728
hardhat_kaggle_c9533f8c9185.png,hardhat_kaggle_c9533f8c9185,hardhat_kaggle,hardhat_kaggle:hard_hat_workers1400,7,0,0,c9533f8c9185691dcb5c825fee319600ffca38a2
hardhat_kaggle_bf3128ff3857.png,hardhat_kaggle_bf3128ff3857,hardhat_kaggle,hardhat_kaggle:hard_hat_workers1401,6,0,0,bf3128ff38579033dcf81595019c6eb4f2bb9a68
hardhat_kaggle_56d7e3bcdb20.png,hardhat_kaggle_56d7e3bcdb20,hardhat_kaggle,hardhat_kaggle:hard_hat_workers1402,3,0,0,56d7e3bcdb20cabccf1ef909129799ac52308edc
hardhat_kaggle_c84981b03eb4.png,hardhat_kaggle_c84981b03eb4,hardhat_kaggle,hardhat_kaggle:hard_hat_workers1403,4,0,0,c84981b03eb4aad0c23f5c579e19d9d103a658c7
hardhat_kaggle_2317e3e43e3b.png,hardhat_kaggle_2317e3e43e3b,hardhat_kaggle,hardhat_kaggle:hard_hat_workers1404,10,0,0,2317e3e43e3bf9c8b0235f77f67a29eda55ee0d0
hardhat_kaggle_8ce9c9e5fcea.png,hardhat_kaggle_8ce9c9e5fcea,hardhat_kaggle,hardhat_kaggle:hard_hat_workers1405,4,0,0,8ce9c9e5fcea4f8df93385dbc8cc51c7bd136e28
hardhat_kaggle_4aadf8be5199.png,hardhat_kaggle_4aadf8be5199,hardhat_kaggle,hardhat_kaggle:hard_hat_workers1406,3,0,0,4aadf8be51997ccf7c37016b8435177fb2358ae4
hardhat_kaggle_62adecf8fe3b.png,hardhat_kaggle_62adecf8fe3b,hardhat_kaggle,hardhat_kaggle:hard_hat_workers1407,2,0,0,62adecf8fe3b147ee37b99c46310173d25e7c5ad
hardhat_kaggle_135f759997ce.png,hardhat_kaggle_135f759997ce,hardhat_kaggle,hardhat_kaggle:hard_hat_workers1408,2,0,0,135f759997ce1b2fbe653aba073a5ed0bfdbc118
hardhat_kaggle_2a2419439d55.png,hardhat_kaggle_2a2419439d55,hardhat_kaggle,hardhat_kaggle:hard_hat_workers1409,5,0,0,2a2419439d55c2128fd49d75d26c6399faa36211
hardhat_kaggle_fc40bb4f0991.png,hardhat_kaggle_fc40bb4f0991,hardhat_kaggle,hardhat_kaggle:hard_hat_workers141,3,0,0,fc40bb4f09916c663cf9e53c063f7a1040f34465
hardhat_kaggle_b41bf4e6f90b.png,hardhat_kaggle_b41bf4e6f90b,hardhat_kaggle,hardhat_kaggle:hard_hat_workers1410,1,0,0,b41bf4e6f90b6f5f936b0d1c208938cf7e698bcf
hardhat_kaggle_8a5d23b7210d.png,hardhat_kaggle_8a5d23b7210d,hardhat_kaggle,hardhat_kaggle:hard_hat_workers1411,1,0,0,8a5d23b7210d6fd1dea373b30abb171f9ee94560
hardhat_kaggle_ea0313c333b1.png,hardhat_kaggle_ea0313c333b1,hardhat_kaggle,hardhat_kaggle:hard_hat_workers1412,4,0,0,ea0313c333b1649190364c181717aadf702fad64
hardhat_kaggle_09ac7f27b7c2.png,hardhat_kaggle_09ac7f27b7c2,hardhat_kaggle,hardhat_kaggle:hard_hat_workers1414,4,0,0,09ac7f27b7c2237701a6d0f886aaf01535f746c0
hardhat_kaggle_249f619e776a.png,hardhat_kaggle_249f619e776a,hardhat_kaggle,hardhat_kaggle:hard_hat_workers1415,8,0,0,249f619e776a91f8b0e5d38aae08e06c8129de79
hardhat_kaggle_47ebbbf265c0.png,hardhat_kaggle_47ebbbf265c0,hardhat_kaggle,hardhat_kaggle:hard_hat_workers1416,6,0,0,47ebbbf265c085740e9d90b5c660260947aa805f
hardhat_kaggle_b44cf2fa4df2.png,hardhat_kaggle_b44cf2fa4df2,hardhat_kaggle,hardhat_kaggle:hard_hat_workers1417,8,0,0,b44cf2fa4df26ee0ed7f28ec66e42da0f1e49091
hardhat_kaggle_6b46de518c6c.png,hardhat_kaggle_6b46de518c6c,hardhat_kaggle,hardhat_kaggle:hard_hat_workers1418,9,0,0,6b46de518c6c74871efcafb1e120b1308a303190
hardhat_kaggle_3cd041c2271e.png,hardhat_kaggle_3cd041c2271e,hardhat_kaggle,hardhat_kaggle:hard_hat_workers1419,1,0,0,3cd041c2271eb1fb4cd165d9a46b8a7a7c7fb14a
hardhat_kaggle_1392d68d3af3.png,hardhat_kaggle_1392d68d3af3,hardhat_kaggle,hardhat_kaggle:hard_hat_workers142,5,0,0,1392d68d3af3b1a980fa9c50f9a945134cb7c860
hardhat_kaggle_f7ef617b405c.png,hardhat_kaggle_f7ef617b405c,hardhat_kaggle,hardhat_kaggle:hard_hat_workers1420,5,0,0,f7ef617b405ce4f7e50b700d41c77a0159fcc341
hardhat_kaggle_9028a052cecf.png,hardhat_kaggle_9028a052cecf,hardhat_kaggle,hardhat_kaggle:hard_hat_workers1421,4,0,0,9028a052cecfdda5835cb961b30bd6cf029df958
hardhat_kaggle_7b42495186c7.png,hardhat_kaggle_7b42495186c7,hardhat_kaggle,hardhat_kaggle:hard_hat_workers1422,1,0,0,7b42495186c7435c6bca17a20865476fa6ef8641
hardhat_kaggle_2d1185a333fc.png,hardhat_kaggle_2d1185a333fc,hardhat_kaggle,hardhat_kaggle:hard_hat_workers1423,2,0,0,2d1185a333fc370fb3a2e6373bc837c3acb4f424
hardhat_kaggle_6b8a0f02b3b1.png,hardhat_kaggle_6b8a0f02b3b1,hardhat_kaggle,hardhat_kaggle:hard_hat_workers1424,3,0,0,6b8a0f02b3b1164b5ead2e7e82d7b14f41e1b145
hardhat_kaggle_0f4f34ce69fb.png,hardhat_kaggle_0f4f34ce69fb,hardhat_kaggle,hardhat_kaggle:hard_hat_workers1425,10,0,0,0f4f34ce69fbf0e19705858e759f2e16bead631f
hardhat_kaggle_364ed079e4c1.png,hardhat_kaggle_364ed079e4c1,hardhat_kaggle,hardhat_kaggle:hard_hat_workers1426,4,0,0,364ed079e4c163979af7909d03e9b9d3358f775f
hardhat_kaggle_2871b2f67bff.png,hardhat_kaggle_2871b2f67bff,hardhat_kaggle,hardhat_kaggle:hard_hat_workers1427,2,0,0,2871b2f67bff08194c6573029cd41a05c89f37b3
hardhat_kaggle_babfa95bd284.png,hardhat_kaggle_babfa95bd284,hardhat_kaggle,hardhat_kaggle:hard_hat_workers1428,4,0,0,babfa95bd2849f24e9b51acbafbc8415f9b9ac16
hardhat_kaggle_86591f334c2b.png,hardhat_kaggle_86591f334c2b,hardhat_kaggle,hardhat_kaggle:hard_hat_workers1429,2,0,0,86591f334c2bd0c0fc477c57dd629d53f754097b
hardhat_kaggle_3dafd5a209ad.png,hardhat_kaggle_3dafd5a209ad,hardhat_kaggle,hardhat_kaggle:hard_hat_workers143,5,0,0,3dafd5a209ad45eeea16d83702a7e0f0b6fb31f4
hardhat_kaggle_918696ac4811.png,hardhat_kaggle_918696ac4811,hardhat_kaggle,hardhat_kaggle:hard_hat_workers1430,2,0,0,918696ac481109ff5c7e1dbcd2b0142adafe6103
hardhat_kaggle_199da1514f32.png,hardhat_kaggle_199da1514f32,hardhat_kaggle,hardhat_kaggle:hard_hat_workers1431,7,0,0,199da1514f32923cbe0e3bdbeaf9dfe618a9a328
hardhat_kaggle_dc10ace05834.png,hardhat_kaggle_dc10ace05834,hardhat_kaggle,hardhat_kaggle:hard_hat_workers1432,4,0,0,dc10ace058347c1fb362c8b956447113c4c14234
hardhat_kaggle_266b9c114b8d.png,hardhat_kaggle_266b9c114b8d,hardhat_kaggle,hardhat_kaggle:hard_hat_workers1433,3,0,0,266b9c114b8ddf2aa8835c9ae226e5df087f60b3
hardhat_kaggle_84d03c5861ba.png,hardhat_kaggle_84d03c5861ba,hardhat_kaggle,hardhat_kaggle:hard_hat_workers1434,2,0,0,84d03c5861bab7e58c65e0ac650d15f247e68755
hardhat_kaggle_8a8a77961080.png,hardhat_kaggle_8a8a77961080,hardhat_kaggle,hardhat_kaggle:hard_hat_workers1435,2,0,0,8a8a77961080c913cd23131ac702e346cf9e0660
hardhat_kaggle_32e7ac900b0d.png,hardhat_kaggle_32e7ac900b0d,hardhat_kaggle,hardhat_kaggle:hard_hat_workers1436,2,0,0,32e7ac900b0d2142e95ca38e21fb990cfeb61f23
hardhat_kaggle_6bc55fabb4bb.png,hardhat_kaggle_6bc55fabb4bb,hardhat_kaggle,hardhat_kaggle:hard_hat_workers1437,12,0,0,6bc55fabb4bb3ebfd3c09fe83f0a596e2e308517
hardhat_kaggle_09fee75d2db6.png,hardhat_kaggle_09fee75d2db6,hardhat_kaggle,hardhat_kaggle:hard_hat_workers1438,5,0,0,09fee75d2db61c0ad2fa0862bc1d19794e5f4ba2
hardhat_kaggle_e4dbf6e4572d.png,hardhat_kaggle_e4dbf6e4572d,hardhat_kaggle,hardhat_kaggle:hard_hat_workers1439,1,0,0,e4dbf6e4572d4f754a47a16e03d270ee178929b8
hardhat_kaggle_b199e94d61a7.png,hardhat_kaggle_b199e94d61a7,hardhat_kaggle,hardhat_kaggle:hard_hat_workers144,4,0,0,b199e94d61a73d58030851a8dafc8077d71a67f9
hardhat_kaggle_0605933340a8.png,hardhat_kaggle_0605933340a8,hardhat_kaggle,hardhat_kaggle:hard_hat_workers1440,4,0,0,0605933340a8ca408bb3c5f5cd1deb18145f4271
hardhat_kaggle_deb3190bd20d.png,hardhat_kaggle_deb3190bd20d,hardhat_kaggle,hardhat_kaggle:hard_hat_workers1441,3,0,0,deb3190bd20d30f70940e793078f46414d128a00
hardhat_kaggle_d4e35d2bbcef.png,hardhat_kaggle_d4e35d2bbcef,hardhat_kaggle,hardhat_kaggle:hard_hat_workers1442,1,0,0,d4e35d2bbcefe3dce84b9bdb6dae07d7ebc7338f
hardhat_kaggle_d27428ce7d8e.png,hardhat_kaggle_d27428ce7d8e,hardhat_kaggle,hardhat_kaggle:hard_hat_workers1443,2,0,0,d27428ce7d8ea3030df03a33066b4bf2689de71e
hardhat_kaggle_654e01b2b140.png,hardhat_kaggle_654e01b2b140,hardhat_kaggle,hardhat_kaggle:hard_hat_workers1444,21,0,0,654e01b2b140cba5ac92e18da9a0449e3e93168a
hardhat_kaggle_137cf08fa81b.png,hardhat_kaggle_137cf08fa81b,hardhat_kaggle,hardhat_kaggle:hard_hat_workers1445,2,0,0,137cf08fa81b3559cc68db336ecb40f9cd7606fc
hardhat_kaggle_9a682a2f538c.png,hardhat_kaggle_9a682a2f538c,hardhat_kaggle,hardhat_kaggle:hard_hat_workers1446,4,0,0,9a682a2f538ccb3d91d12fc8e92febb2c060c692
hardhat_kaggle_cb11dc2cdb47.png,hardhat_kaggle_cb11dc2cdb47,hardhat_kaggle,hardhat_kaggle:hard_hat_workers1447,2,0,0,cb11dc2cdb474f0802e1f6e9a7ece97c982b45c9
hardhat_kaggle_03f3e2258f57.png,hardhat_kaggle_03f3e2258f57,hardhat_kaggle,hardhat_kaggle:hard_hat_workers1448,6,0,0,03f3e2258f57ad756f4db4c5412b449097ad0634
hardhat_kaggle_276d7b1c7f73.png,hardhat_kaggle_276d7b1c7f73,hardhat_kaggle,hardhat_kaggle:hard_hat_workers1449,2,0,0,276d7b1c7f73b92b1b6ddb0455350082447a21f1
hardhat_kaggle_5adee0157a14.png,hardhat_kaggle_5adee0157a14,hardhat_kaggle,hardhat_kaggle:hard_hat_workers1450,1,0,0,5adee0157a142b809f3b7d717206f0295541b963
hardhat_kaggle_a87f2a44694f.png,hardhat_kaggle_a87f2a44694f,hardhat_kaggle,hardhat_kaggle:hard_hat_workers1451,1,0,0,a87f2a44694f7d69e51a7f2a6b8a3356dce1caed
hardhat_kaggle_a2f9a4fa5fe3.png,hardhat_kaggle_a2f9a4fa5fe3,hardhat_kaggle,hardhat_kaggle:hard_hat_workers1452,2,0,0,a2f9a4fa5fe38ddf9b4d1a4133cb4e6286ac9f0b
hardhat_kaggle_60fac10fa34e.png,hardhat_kaggle_60fac10fa34e,hardhat_kaggle,hardhat_kaggle:hard_hat_workers1453,7,0,0,60fac10fa34ee6716e586c5875d48c37cf307d0c
hardhat_kaggle_cde50f3a2905.png,hardhat_kaggle_cde50f3a2905,hardhat_kaggle,hardhat_kaggle:hard_hat_workers1454,6,0,0,cde50f3a2905b41b325508bb4789da28380fa463
hardhat_kaggle_c1ae14e61f6b.png,hardhat_kaggle_c1ae14e61f6b,hardhat_kaggle,hardhat_kaggle:hard_hat_workers1455,1,0,0,c1ae14e61f6bb6212cf50085e91bd9881edbde8f
hardhat_kaggle_8fd79fc84d97.png,hardhat_kaggle_8fd79fc84d97,hardhat_kaggle,hardhat_kaggle:hard_hat_workers1456,11,0,0,8fd79fc84d97b4481fb6b10986ee84aa1061bdbd
hardhat_kaggle_d60252c48151.png,hardhat_kaggle_d60252c48151,hardhat_kaggle,hardhat_kaggle:hard_hat_workers1457,1,0,0,d60252c48151371e2e52ab268e72d49a4b96b120
hardhat_kaggle_b95a2bff5ced.png,hardhat_kaggle_b95a2bff5ced,hardhat_kaggle,hardhat_kaggle:hard_hat_workers1458,4,0,0,b95a2bff5ced1aa5d4377051084dcbfa3120e489
hardhat_kaggle_bcc1f0d3a3a4.png,hardhat_kaggle_bcc1f0d3a3a4,hardhat_kaggle,hardhat_kaggle:hard_hat_workers1459,5,0,0,bcc1f0d3a3a4c9465ec739e17c2fdc6480946059
hardhat_kaggle_78324f043edf.png,hardhat_kaggle_78324f043edf,hardhat_kaggle,hardhat_kaggle:hard_hat_workers146,1,0,0,78324f043edf1677691b9e5353ecd0455029e54d
hardhat_kaggle_e3091fcb2094.png,hardhat_kaggle_e3091fcb2094,hardhat_kaggle,hardhat_kaggle:hard_hat_workers1460,6,0,0,e3091fcb2094325e27bfc6db58e22a49a1fe6a58
hardhat_kaggle_787f58c88652.png,hardhat_kaggle_787f58c88652,hardhat_kaggle,hardhat_kaggle:hard_hat_workers1461,3,0,0,787f58c88652cc7ac521502054a1c5f2130fb6b4
hardhat_kaggle_cc7d1cf361aa.png,hardhat_kaggle_cc7d1cf361aa,hardhat_kaggle,hardhat_kaggle:hard_hat_workers1462,5,0,0,cc7d1cf361aa36c01c2a7469324e6cd4dc4fd1cd
hardhat_kaggle_4721e581e367.png,hardhat_kaggle_4721e581e367,hardhat_kaggle,hardhat_kaggle:hard_hat_workers1463,1,0,0,4721e581e367789282aa2a167bd883ce65661132
hardhat_kaggle_d82cc8a65185.png,hardhat_kaggle_d82cc8a65185,hardhat_kaggle,hardhat_kaggle:hard_hat_workers1464,1,0,0,d82cc8a65185632ae56f8640bc158a678aabf166
hardhat_kaggle_a9fa07231b96.png,hardhat_kaggle_a9fa07231b96,hardhat_kaggle,hardhat_kaggle:hard_hat_workers1465,2,0,0,a9fa07231b96de76ff4dfd2fddc0fdabd9fe62c4
hardhat_kaggle_97d6b739ab83.png,hardhat_kaggle_97d6b739ab83,hardhat_kaggle,hardhat_kaggle:hard_hat_workers1466,8,0,0,97d6b739ab83f061057ea3a10f258dda9833548e
hardhat_kaggle_b77e9abdf087.png,hardhat_kaggle_b77e9abdf087,hardhat_kaggle,hardhat_kaggle:hard_hat_workers1467,4,0,0,b77e9abdf087f994381530fa5977052008c50f74
hardhat_kaggle_3d41f0177c50.png,hardhat_kaggle_3d41f0177c50,hardhat_kaggle,hardhat_kaggle:hard_hat_workers1468,3,0,0,3d41f0177c50997598b484e627c0f8fb92ef2c64
hardhat_kaggle_6503a9fe544f.png,hardhat_kaggle_6503a9fe544f,hardhat_kaggle,hardhat_kaggle:hard_hat_workers1469,13,0,0,6503a9fe544ff989086946acb6b9e55e32199417
hardhat_kaggle_5fe4be9c8217.png,hardhat_kaggle_5fe4be9c8217,hardhat_kaggle,hardhat_kaggle:hard_hat_workers147,1,0,0,5fe4be9c8217338829392bd12180d06db72a54fc
hardhat_kaggle_15b0083feb41.png,hardhat_kaggle_15b0083feb41,hardhat_kaggle,hardhat_kaggle:hard_hat_workers1470,4,0,0,15b0083feb41d2efce37122ac514a3faf3e5a6d7
hardhat_kaggle_e5c0a3499392.png,hardhat_kaggle_e5c0a3499392,hardhat_kaggle,hardhat_kaggle:hard_hat_workers1471,3,0,0,e5c0a349939249be53d7c02091eb9de864ab5dd3
hardhat_kaggle_2058f46348ec.png,hardhat_kaggle_2058f46348ec,hardhat_kaggle,hardhat_kaggle:hard_hat_workers1472,4,0,0,2058f46348ec90e96d7d7dca08360a9df3ad0f7a
hardhat_kaggle_ebaf27d75e82.png,hardhat_kaggle_ebaf27d75e82,hardhat_kaggle,hardhat_kaggle:hard_hat_workers1473,1,0,0,ebaf27d75e820a5551e2f6d105ca0207c3b8fdac
hardhat_kaggle_2354de136b83.png,hardhat_kaggle_2354de136b83,hardhat_kaggle,hardhat_kaggle:hard_hat_workers1474,1,0,0,2354de136b83ee356d26e730e4cac4f4bc34a809
hardhat_kaggle_f12f9bfc0468.png,hardhat_kaggle_f12f9bfc0468,hardhat_kaggle,hardhat_kaggle:hard_hat_workers1477,3,0,0,f12f9bfc04686921cec540d42d4a6e497cc61a49
hardhat_kaggle_7e7c8897a615.png,hardhat_kaggle_7e7c8897a615,hardhat_kaggle,hardhat_kaggle:hard_hat_workers1478,5,0,0,7e7c8897a615602914a704000a65603f752f99a3
hardhat_kaggle_819b4d1b3534.png,hardhat_kaggle_819b4d1b3534,hardhat_kaggle,hardhat_kaggle:hard_hat_workers1479,2,0,0,819b4d1b353428df692586312bedf57503f7aa93
hardhat_kaggle_9ac1d22c445b.png,hardhat_kaggle_9ac1d22c445b,hardhat_kaggle,hardhat_kaggle:hard_hat_workers148,5,0,0,9ac1d22c445b0787581526b9475b8d0928ace105
hardhat_kaggle_94a381db0f78.png,hardhat_kaggle_94a381db0f78,hardhat_kaggle,hardhat_kaggle:hard_hat_workers1480,10,0,0,94a381db0f78aed04048efde7891e14eff7bdd08
hardhat_kaggle_3d7d2330d18c.png,hardhat_kaggle_3d7d2330d18c,hardhat_kaggle,hardhat_kaggle:hard_hat_workers1481,10,0,0,3d7d2330d18c4f7ff31faeed962337a67feb80a2
hardhat_kaggle_bb1b5393fe44.png,hardhat_kaggle_bb1b5393fe44,hardhat_kaggle,hardhat_kaggle:hard_hat_workers1482,4,0,0,bb1b5393fe447c9b60fe5ae74d099752b9960db8
hardhat_kaggle_b2398f439ab1.png,hardhat_kaggle_b2398f439ab1,hardhat_kaggle,hardhat_kaggle:hard_hat_workers1483,1,0,0,b2398f439ab13fc8f2410ad65a734fe27cb0f1dd
hardhat_kaggle_81d1f1c58853.png,hardhat_kaggle_81d1f1c58853,hardhat_kaggle,hardhat_kaggle:hard_hat_workers1484,1,0,0,81d1f1c58853cb78e35e771e4254d80931b6d7f0
hardhat_kaggle_d70fdfe6ca57.png,hardhat_kaggle_d70fdfe6ca57,hardhat_kaggle,hardhat_kaggle:hard_hat_workers1485,4,0,0,d70fdfe6ca57b26b26e51bacdbc2bbeffd4ba20f
hardhat_kaggle_76c5efe91d9a.png,hardhat_kaggle_76c5efe91d9a,hardhat_kaggle,hardhat_kaggle:hard_hat_workers1486,2,0,0,76c5efe91d9a15732a796c78c03fc795439f17f2
hardhat_kaggle_16b8450a5551.png,hardhat_kaggle_16b8450a5551,hardhat_kaggle,hardhat_kaggle:hard_hat_workers1487,4,0,0,16b8450a5551256205cc44d5cbd00e514ef496e0
hardhat_kaggle_97c13797c018.png,hardhat_kaggle_97c13797c018,hardhat_kaggle,hardhat_kaggle:hard_hat_workers1488,3,0,0,97c13797c018e60512ea4ffc89550f5fe0060136
hardhat_kaggle_76124fa22c02.png,hardhat_kaggle_76124fa22c02,hardhat_kaggle,hardhat_kaggle:hard_hat_workers1489,2,0,0,76124fa22c029811f21baf155373fe2b6e4f5fcf
hardhat_kaggle_7bc825341879.png,hardhat_kaggle_7bc825341879,hardhat_kaggle,hardhat_kaggle:hard_hat_workers1490,2,0,0,7bc82534187979c7ef6056a25645c6908b53ffbd
hardhat_kaggle_524354fc0a9c.png,hardhat_kaggle_524354fc0a9c,hardhat_kaggle,hardhat_kaggle:hard_hat_workers1491,8,0,0,524354fc0a9c6d4a649f1fe9b270f17b7d6c85c4
hardhat_kaggle_7b557f07eb2b.png,hardhat_kaggle_7b557f07eb2b,hardhat_kaggle,hardhat_kaggle:hard_hat_workers1492,2,0,0,7b557f07eb2b806888c45cd606dd2d1c16cf9164
hardhat_kaggle_eefe51f369d7.png,hardhat_kaggle_eefe51f369d7,hardhat_kaggle,hardhat_kaggle:hard_hat_workers1493,3,0,0,eefe51f369d79c9afa7208716d872d4ae0a2ea4f
hardhat_kaggle_52583660c75c.png,hardhat_kaggle_52583660c75c,hardhat_kaggle,hardhat_kaggle:hard_hat_workers1496,4,0,0,52583660c75c9d36988c1c88a1a27ed3f39ecf2f
hardhat_kaggle_1089daabe7bd.png,hardhat_kaggle_1089daabe7bd,hardhat_kaggle,hardhat_kaggle:hard_hat_workers1497,1,0,0,1089daabe7bd9f25827b64cc539273fee81bf591
hardhat_kaggle_5cf05b3fde5b.png,hardhat_kaggle_5cf05b3fde5b,hardhat_kaggle,hardhat_kaggle:hard_hat_workers1498,4,0,0,5cf05b3fde5bb8e9b8fddfe2a189da5792f91b5e
hardhat_kaggle_b4dbcc2d3404.png,hardhat_kaggle_b4dbcc2d3404,hardhat_kaggle,hardhat_kaggle:hard_hat_workers1499,10,0,0,b4dbcc2d34048ac173cb16340b6a5da8d95bf3d6
hardhat_kaggle_a8acb7cb7b7a.png,hardhat_kaggle_a8acb7cb7b7a,hardhat_kaggle,hardhat_kaggle:hard_hat_workers15,4,0,0,a8acb7cb7b7adf5d3041451f099183fa3f2b06f8
hardhat_kaggle_596a97fe0cbe.png,hardhat_kaggle_596a97fe0cbe,hardhat_kaggle,hardhat_kaggle:hard_hat_workers150,9,0,0,596a97fe0cbe70cc283e50aaa2859839d1ed0213
hardhat_kaggle_741ded5a249e.png,hardhat_kaggle_741ded5a249e,hardhat_kaggle,hardhat_kaggle:hard_hat_workers1500,10,0,0,741ded5a249e264c3f100c7fcc27f8df97713e7f
hardhat_kaggle_a78e31d09562.png,hardhat_kaggle_a78e31d09562,hardhat_kaggle,hardhat_kaggle:hard_hat_workers1501,4,0,0,a78e31d095626ac9e61c830c6660cbf148d7ff9e
hardhat_kaggle_828103b2d43a.png,hardhat_kaggle_828103b2d43a,hardhat_kaggle,hardhat_kaggle:hard_hat_workers1502,4,0,0,828103b2d43a1cb7dc29d0c8ae71740452a0feec
hardhat_kaggle_e041d2b8ac1b.png,hardhat_kaggle_e041d2b8ac1b,hardhat_kaggle,hardhat_kaggle:hard_hat_workers1503,3,0,0,e041d2b8ac1b3284644db47797d5c8d051a78557
hardhat_kaggle_fc225c8ac776.png,hardhat_kaggle_fc225c8ac776,hardhat_kaggle,hardhat_kaggle:hard_hat_workers1504,3,0,0,fc225c8ac776a7a89dc10fbbac72525f8691bd6a
hardhat_kaggle_c4d0e8fe61e2.png,hardhat_kaggle_c4d0e8fe61e2,hardhat_kaggle,hardhat_kaggle:hard_hat_workers1505,4,0,0,c4d0e8fe61e2808b96518b96af589eae1ded1946
hardhat_kaggle_08f6afd2475c.png,hardhat_kaggle_08f6afd2475c,hardhat_kaggle,hardhat_kaggle:hard_hat_workers1506,3,0,0,08f6afd2475c4e46f74423f6e4498d1a1f730ae8
hardhat_kaggle_a2a5eef3402f.png,hardhat_kaggle_a2a5eef3402f,hardhat_kaggle,hardhat_kaggle:hard_hat_workers1508,5,0,0,a2a5eef3402fc9203bdd207a0bff955d6e54c4ad
hardhat_kaggle_998f5623035e.png,hardhat_kaggle_998f5623035e,hardhat_kaggle,hardhat_kaggle:hard_hat_workers1509,2,0,0,998f5623035e3fbd169b27a017e5c31cdf1c0f49
hardhat_kaggle_588bf46cea02.png,hardhat_kaggle_588bf46cea02,hardhat_kaggle,hardhat_kaggle:hard_hat_workers151,4,0,0,588bf46cea02e9995ae82b3f6640b125f0c9e33b
hardhat_kaggle_e8388509959d.png,hardhat_kaggle_e8388509959d,hardhat_kaggle,hardhat_kaggle:hard_hat_workers1510,7,0,0,e8388509959d25117c65ad5eb733cdd9d09ec05c
hardhat_kaggle_7eb09cbded09.png,hardhat_kaggle_7eb09cbded09,hardhat_kaggle,hardhat_kaggle:hard_hat_workers1511,2,0,0,7eb09cbded09a23d2ef2f6285bd2074219b6056c
hardhat_kaggle_9687a8a7dad8.png,hardhat_kaggle_9687a8a7dad8,hardhat_kaggle,hardhat_kaggle:hard_hat_workers1512,2,0,0,9687a8a7dad88561245156d9d63955b9b0b2d535
hardhat_kaggle_a9582530aa2f.png,hardhat_kaggle_a9582530aa2f,hardhat_kaggle,hardhat_kaggle:hard_hat_workers1513,2,0,0,a9582530aa2fc367dde6df842dbd9260b3c17b8a
hardhat_kaggle_607688e6f829.png,hardhat_kaggle_607688e6f829,hardhat_kaggle,hardhat_kaggle:hard_hat_workers1514,4,0,0,607688e6f829979d0d4cb3fd08a286c128754175
hardhat_kaggle_ef34a99af8c7.png,hardhat_kaggle_ef34a99af8c7,hardhat_kaggle,hardhat_kaggle:hard_hat_workers1515,17,0,0,ef34a99af8c77300781b3681e11db65caf969b8c
hardhat_kaggle_2da103e7b4e7.png,hardhat_kaggle_2da103e7b4e7,hardhat_kaggle,hardhat_kaggle:hard_hat_workers1516,2,0,0,2da103e7b4e7ae12624cb74f19608159d36ed970
hardhat_kaggle_5b74829da4a8.png,hardhat_kaggle_5b74829da4a8,hardhat_kaggle,hardhat_kaggle:hard_hat_workers1517,2,0,0,5b74829da4a88be21c103686733ea1e71b285d1f
hardhat_kaggle_e80301dcc8de.png,hardhat_kaggle_e80301dcc8de,hardhat_kaggle,hardhat_kaggle:hard_hat_workers1518,2,0,0,e80301dcc8de92484deece0c4e24d9380f4b1057
hardhat_kaggle_8645667f7ddf.png,hardhat_kaggle_8645667f7ddf,hardhat_kaggle,hardhat_kaggle:hard_hat_workers1519,3,0,0,8645667f7ddf871ee619ec81ea23504da50bfdea
hardhat_kaggle_d678ac60c381.png,hardhat_kaggle_d678ac60c381,hardhat_kaggle,hardhat_kaggle:hard_hat_workers152,5,0,0,d678ac60c381d92c3c4cf061f1be9b44bafe8e7b
hardhat_kaggle_6d35a5c89b18.png,hardhat_kaggle_6d35a5c89b18,hardhat_kaggle,hardhat_kaggle:hard_hat_workers1520,9,0,0,6d35a5c89b184692bb622ca897fcf49743944f5e
hardhat_kaggle_fcae87f907c5.png,hardhat_kaggle_fcae87f907c5,hardhat_kaggle,hardhat_kaggle:hard_hat_workers1521,2,0,0,fcae87f907c52e39a2ae4054051cffc54234d02f
hardhat_kaggle_91c86a75eec6.png,hardhat_kaggle_91c86a75eec6,hardhat_kaggle,hardhat_kaggle:hard_hat_workers1522,1,0,0,91c86a75eec6d52e48801f25108d6537c5c45acc
hardhat_kaggle_27b4fb939ca3.png,hardhat_kaggle_27b4fb939ca3,hardhat_kaggle,hardhat_kaggle:hard_hat_workers1524,8,0,0,27b4fb939ca39452b1acf96b022841d1df9dd64b
hardhat_kaggle_88c2e359ab6f.png,hardhat_kaggle_88c2e359ab6f,hardhat_kaggle,hardhat_kaggle:hard_hat_workers1525,6,0,0,88c2e359ab6fd9ec3eed2e21e286d6687e966627
hardhat_kaggle_e5e598da1a4d.png,hardhat_kaggle_e5e598da1a4d,hardhat_kaggle,hardhat_kaggle:hard_hat_workers1526,9,0,0,e5e598da1a4d76f96c29627edb8c8012a1649af1
hardhat_kaggle_a66186011b6e.png,hardhat_kaggle_a66186011b6e,hardhat_kaggle,hardhat_kaggle:hard_hat_workers1527,2,0,0,a66186011b6e6d4e225d66dc9e024444081ff19f
hardhat_kaggle_673dda3fdc66.png,hardhat_kaggle_673dda3fdc66,hardhat_kaggle,hardhat_kaggle:hard_hat_workers1528,2,0,0,673dda3fdc667da4ba32d7f8fc0aff3b2b48f057
hardhat_kaggle_1fa43bb479c2.png,hardhat_kaggle_1fa43bb479c2,hardhat_kaggle,hardhat_kaggle:hard_hat_workers1529,2,0,0,1fa43bb479c2c4ad3116c5448b71cd0284b5d05b
hardhat_kaggle_eca80a31d05a.png,hardhat_kaggle_eca80a31d05a,hardhat_kaggle,hardhat_kaggle:hard_hat_workers153,4,0,0,eca80a31d05a64cb1709970a6102f245258676ad
hardhat_kaggle_25317a248218.png,hardhat_kaggle_25317a248218,hardhat_kaggle,hardhat_kaggle:hard_hat_workers1530,9,0,0,25317a248218eae06081774d2e6efbd8ccb6a70a
hardhat_kaggle_6c18e6c6defd.png,hardhat_kaggle_6c18e6c6defd,hardhat_kaggle,hardhat_kaggle:hard_hat_workers1531,5,0,0,6c18e6c6defda26d72f824805dc7579eab3458d3
hardhat_kaggle_6cf1f2503d59.png,hardhat_kaggle_6cf1f2503d59,hardhat_kaggle,hardhat_kaggle:hard_hat_workers1533,4,0,0,6cf1f2503d591c1abbe401cc9edd936caf8e180d
hardhat_kaggle_4232150f7a9e.png,hardhat_kaggle_4232150f7a9e,hardhat_kaggle,hardhat_kaggle:hard_hat_workers1534,5,0,0,4232150f7a9e871320fb6331223f111309ea382e
hardhat_kaggle_039ca9e3cbcb.png,hardhat_kaggle_039ca9e3cbcb,hardhat_kaggle,hardhat_kaggle:hard_hat_workers1535,8,0,0,039ca9e3cbcbb576708054c0773d07f0669ada48
hardhat_kaggle_80becbdaefc8.png,hardhat_kaggle_80becbdaefc8,hardhat_kaggle,hardhat_kaggle:hard_hat_workers1536,10,0,0,80becbdaefc8fd751e42e095a849d365ff1729e8
hardhat_kaggle_9976fdfd36a7.png,hardhat_kaggle_9976fdfd36a7,hardhat_kaggle,hardhat_kaggle:hard_hat_workers1537,1,0,0,9976fdfd36a7362c402bda1d5f0e53f042331235
hardhat_kaggle_8739f83095fc.png,hardhat_kaggle_8739f83095fc,hardhat_kaggle,hardhat_kaggle:hard_hat_workers1538,2,0,0,8739f83095fc9a2f5007d608bf622d35ded438df
hardhat_kaggle_cb0be7027cb2.png,hardhat_kaggle_cb0be7027cb2,hardhat_kaggle,hardhat_kaggle:hard_hat_workers154,3,0,0,cb0be7027cb2943241f9dd4fc994c1e04deaa618
hardhat_kaggle_7d9b04dcd350.png,hardhat_kaggle_7d9b04dcd350,hardhat_kaggle,hardhat_kaggle:hard_hat_workers1540,5,0,0,7d9b04dcd35040c07442b13907009f871c14f64e
hardhat_kaggle_75cffe70d961.png,hardhat_kaggle_75cffe70d961,hardhat_kaggle,hardhat_kaggle:hard_hat_workers1541,1,0,0,75cffe70d961f3896d1118a9c356548776f07aa9
hardhat_kaggle_53a32e6bc0af.png,hardhat_kaggle_53a32e6bc0af,hardhat_kaggle,hardhat_kaggle:hard_hat_workers1542,6,0,0,53a32e6bc0afb9afff17b44efcfd835d473dea28
hardhat_kaggle_83d41f276c95.png,hardhat_kaggle_83d41f276c95,hardhat_kaggle,hardhat_kaggle:hard_hat_workers1543,5,0,0,83d41f276c95b056d44c16d6d8b5700e7ce48951
hardhat_kaggle_991f1e3d3071.png,hardhat_kaggle_991f1e3d3071,hardhat_kaggle,hardhat_kaggle:hard_hat_workers1544,5,0,0,991f1e3d3071585b00dcf7d8f559da057aa9b1ec
hardhat_kaggle_959e3a82a12f.png,hardhat_kaggle_959e3a82a12f,hardhat_kaggle,hardhat_kaggle:hard_hat_workers1545,2,0,0,959e3a82a12f2b7df02787b023b40ff4280820eb
hardhat_kaggle_2054e17101d2.png,hardhat_kaggle_2054e17101d2,hardhat_kaggle,hardhat_kaggle:hard_hat_workers1546,3,0,0,2054e17101d27310619280c2a2f61a5f1b5a0853
hardhat_kaggle_9cefbe9197ec.png,hardhat_kaggle_9cefbe9197ec,hardhat_kaggle,hardhat_kaggle:hard_hat_workers1547,7,0,0,9cefbe9197ec8ea173cae33b98031606f25445d4
hardhat_kaggle_9997c4d0910b.png,hardhat_kaggle_9997c4d0910b,hardhat_kaggle,hardhat_kaggle:hard_hat_workers1548,3,0,0,9997c4d0910bbe7c9acecb6bdfde783b51e7bfc7
hardhat_kaggle_a78764136db1.png,hardhat_kaggle_a78764136db1,hardhat_kaggle,hardhat_kaggle:hard_hat_workers1549,5,0,0,a78764136db1e8f7bfa6330f633f1e79ffd10d4c
hardhat_kaggle_f9a4365e66ad.png,hardhat_kaggle_f9a4365e66ad,hardhat_kaggle,hardhat_kaggle:hard_hat_workers155,7,0,0,f9a4365e66ad49611ef12935e2339148d0c7a9f0
hardhat_kaggle_4a738c64fb59.png,hardhat_kaggle_4a738c64fb59,hardhat_kaggle,hardhat_kaggle:hard_hat_workers1550,8,0,0,4a738c64fb592809c207085682156ae0bccde557
hardhat_kaggle_7b01e67cd50b.png,hardhat_kaggle_7b01e67cd50b,hardhat_kaggle,hardhat_kaggle:hard_hat_workers1551,9,0,0,7b01e67cd50bf7caac935164a324e2cbd1e7ba2f
hardhat_kaggle_c561bd813d17.png,hardhat_kaggle_c561bd813d17,hardhat_kaggle,hardhat_kaggle:hard_hat_workers1552,2,0,0,c561bd813d178da5d5b01e87df192af3952b9996
hardhat_kaggle_33b3c0596bce.png,hardhat_kaggle_33b3c0596bce,hardhat_kaggle,hardhat_kaggle:hard_hat_workers1553,8,0,0,33b3c0596bce0e63d6c4958eba4ff8a905acd3cf
hardhat_kaggle_36a85ce29f54.png,hardhat_kaggle_36a85ce29f54,hardhat_kaggle,hardhat_kaggle:hard_hat_workers1554,2,0,0,36a85ce29f54d27765319d10fc2f6fe62cecf2b6
hardhat_kaggle_077fa896dda7.png,hardhat_kaggle_077fa896dda7,hardhat_kaggle,hardhat_kaggle:hard_hat_workers1555,6,0,0,077fa896dda764dbd5207bda730ce8a09a106adb
hardhat_kaggle_31ec8f87a9d2.png,hardhat_kaggle_31ec8f87a9d2,hardhat_kaggle,hardhat_kaggle:hard_hat_workers1556,3,0,0,31ec8f87a9d23d1d1277a4df022a31cba312c821
hardhat_kaggle_5d32a6a6114c.png,hardhat_kaggle_5d32a6a6114c,hardhat_kaggle,hardhat_kaggle:hard_hat_workers1557,8,0,0,5d32a6a6114cedc3b4130bca92c0ab0415357312
hardhat_kaggle_8c089caa4083.png,hardhat_kaggle_8c089caa4083,hardhat_kaggle,hardhat_kaggle:hard_hat_workers1558,5,0,0,8c089caa4083cbf33d51fbbbc7644b02aaac84ee
hardhat_kaggle_0098aa3d3349.png,hardhat_kaggle_0098aa3d3349,hardhat_kaggle,hardhat_kaggle:hard_hat_workers1559,4,0,0,0098aa3d3349f87eaaf3cf0c6635619a45a67179
hardhat_kaggle_ddc03362c11d.png,hardhat_kaggle_ddc03362c11d,hardhat_kaggle,hardhat_kaggle:hard_hat_workers156,2,0,0,ddc03362c11d6f5c9c69e6a243b06e62d316207c
hardhat_kaggle_d623031b4688.png,hardhat_kaggle_d623031b4688,hardhat_kaggle,hardhat_kaggle:hard_hat_workers1560,1,0,0,d623031b4688a1ec8aa4553563901ff793b33142
hardhat_kaggle_58840ec3a5bb.png,hardhat_kaggle_58840ec3a5bb,hardhat_kaggle,hardhat_kaggle:hard_hat_workers1562,9,0,0,58840ec3a5bb53f2e432e37a11c3757d6127e56d
hardhat_kaggle_ee58bb28bdd2.png,hardhat_kaggle_ee58bb28bdd2,hardhat_kaggle,hardhat_kaggle:hard_hat_workers1563,2,0,0,ee58bb28bdd289d9fb5d5c6e603ddd783fcca3d1
hardhat_kaggle_cc98523f5dbf.png,hardhat_kaggle_cc98523f5dbf,hardhat_kaggle,hardhat_kaggle:hard_hat_workers1564,6,0,0,cc98523f5dbf4965a02e1b393cd2f15164c62e7f
hardhat_kaggle_15a9cde2b761.png,hardhat_kaggle_15a9cde2b761,hardhat_kaggle,hardhat_kaggle:hard_hat_workers1565,1,0,0,15a9cde2b761edd1b3979132fe84f7c77d658b8c
hardhat_kaggle_2b89a2b76716.png,hardhat_kaggle_2b89a2b76716,hardhat_kaggle,hardhat_kaggle:hard_hat_workers1566,17,0,0,2b89a2b76716d838be3832ceae3c9d3691b3811a
hardhat_kaggle_51fb496e013f.png,hardhat_kaggle_51fb496e013f,hardhat_kaggle,hardhat_kaggle:hard_hat_workers1567,1,0,0,51fb496e013f49201b0f1649a95767e388f7fbb7
hardhat_kaggle_fe54e32f0976.png,hardhat_kaggle_fe54e32f0976,hardhat_kaggle,hardhat_kaggle:hard_hat_workers1568,4,0,0,fe54e32f097670f68861c73ddd9cd72fe183a135
hardhat_kaggle_f81717c4e2b1.png,hardhat_kaggle_f81717c4e2b1,hardhat_kaggle,hardhat_kaggle:hard_hat_workers1569,4,0,0,f81717c4e2b1187a79210ce67ca5c58d0f03cac9
hardhat_kaggle_f31ec997a206.png,hardhat_kaggle_f31ec997a206,hardhat_kaggle,hardhat_kaggle:hard_hat_workers157,1,0,0,f31ec997a20618c07d4a8d89ecfea85ad34560d8
hardhat_kaggle_af5a23b08eee.png,hardhat_kaggle_af5a23b08eee,hardhat_kaggle,hardhat_kaggle:hard_hat_workers1570,4,0,0,af5a23b08eeeebf93b361c2b16ef296fb4c95064
hardhat_kaggle_13d0c6bfde39.png,hardhat_kaggle_13d0c6bfde39,hardhat_kaggle,hardhat_kaggle:hard_hat_workers1571,10,0,0,13d0c6bfde394f04bbf2936e91239b901a5fffe1
hardhat_kaggle_781575669a04.png,hardhat_kaggle_781575669a04,hardhat_kaggle,hardhat_kaggle:hard_hat_workers1572,1,0,0,781575669a04a0000c79351c2f82b2374b8dfa65
hardhat_kaggle_ca19d810fa8a.png,hardhat_kaggle_ca19d810fa8a,hardhat_kaggle,hardhat_kaggle:hard_hat_workers1573,6,0,0,ca19d810fa8a3280d17090c1a7a4838bb958dcca
hardhat_kaggle_bb02eddf1757.png,hardhat_kaggle_bb02eddf1757,hardhat_kaggle,hardhat_kaggle:hard_hat_workers1574,4,0,0,bb02eddf1757124bab296f80ddf801573f3c182e
hardhat_kaggle_a3fc2e527e2f.png,hardhat_kaggle_a3fc2e527e2f,hardhat_kaggle,hardhat_kaggle:hard_hat_workers1575,2,0,0,a3fc2e527e2f463eff019670c69c873fa39af6ca
hardhat_kaggle_784681975cb6.png,hardhat_kaggle_784681975cb6,hardhat_kaggle,hardhat_kaggle:hard_hat_workers1576,2,0,0,784681975cb6e53cc55c8d6f897ea8c023cee181
hardhat_kaggle_95606b468d15.png,hardhat_kaggle_95606b468d15,hardhat_kaggle,hardhat_kaggle:hard_hat_workers1577,9,0,0,95606b468d15136fc33db33fa3f1d9e6efab5a85
hardhat_kaggle_31620893e6e8.png,hardhat_kaggle_31620893e6e8,hardhat_kaggle,hardhat_kaggle:hard_hat_workers1578,8,0,0,31620893e6e867fcf84805572b78a214d1a71bfa
hardhat_kaggle_8d8420887d6e.png,hardhat_kaggle_8d8420887d6e,hardhat_kaggle,hardhat_kaggle:hard_hat_workers1579,1,0,0,8d8420887d6ed64bf0eb8793ee71939ea15613d4
hardhat_kaggle_23846b265160.png,hardhat_kaggle_23846b265160,hardhat_kaggle,hardhat_kaggle:hard_hat_workers158,6,0,0,23846b2651609aa39d70775c4c11ae0c461c8117
hardhat_kaggle_3666a2641f95.png,hardhat_kaggle_3666a2641f95,hardhat_kaggle,hardhat_kaggle:hard_hat_workers1580,4,0,0,3666a2641f951282974e559f1c0c02a74b059534
hardhat_kaggle_610b6bc903a8.png,hardhat_kaggle_610b6bc903a8,hardhat_kaggle,hardhat_kaggle:hard_hat_workers1581,20,0,0,610b6bc903a8048f131409ff02f0456affd15707
hardhat_kaggle_7ee296553f94.png,hardhat_kaggle_7ee296553f94,hardhat_kaggle,hardhat_kaggle:hard_hat_workers1583,2,0,0,7ee296553f945e21a525cdb3a00f61a095ef0238
hardhat_kaggle_2f70d7a5d5fb.png,hardhat_kaggle_2f70d7a5d5fb,hardhat_kaggle,hardhat_kaggle:hard_hat_workers1584,9,0,0,2f70d7a5d5fbfa5de1180fed91b1188d13c2e9f4
hardhat_kaggle_546dc6bb5bc7.png,hardhat_kaggle_546dc6bb5bc7,hardhat_kaggle,hardhat_kaggle:hard_hat_workers1585,2,0,0,546dc6bb5bc72bf52d6ced1795637562dfec3b8f
hardhat_kaggle_e0a6129a9113.png,hardhat_kaggle_e0a6129a9113,hardhat_kaggle,hardhat_kaggle:hard_hat_workers1586,1,0,0,e0a6129a9113a4fb8304a3450bdcc507dad72d3a
hardhat_kaggle_5d84e456c1f4.png,hardhat_kaggle_5d84e456c1f4,hardhat_kaggle,hardhat_kaggle:hard_hat_workers1587,1,0,0,5d84e456c1f4689c206d6a89d1e1fcd317e8ba45
hardhat_kaggle_e857f82bbd62.png,hardhat_kaggle_e857f82bbd62,hardhat_kaggle,hardhat_kaggle:hard_hat_workers1588,2,0,0,e857f82bbd62762a796529878dd0429df69cae8b
hardhat_kaggle_6ac07710b8fa.png,hardhat_kaggle_6ac07710b8fa,hardhat_kaggle,hardhat_kaggle:hard_hat_workers1589,5,0,0,6ac07710b8fa369c9056bf47a02b9332ca43c098
hardhat_kaggle_47da17c8157b.png,hardhat_kaggle_47da17c8157b,hardhat_kaggle,hardhat_kaggle:hard_hat_workers159,7,0,0,47da17c8157bd561dc994d284a0e1bd07f983fe7
hardhat_kaggle_14c934d1e014.png,hardhat_kaggle_14c934d1e014,hardhat_kaggle,hardhat_kaggle:hard_hat_workers1590,2,0,0,14c934d1e0148b661f396c22c45e1bb9bbc24eef
hardhat_kaggle_2bb09c7e04b3.png,hardhat_kaggle_2bb09c7e04b3,hardhat_kaggle,hardhat_kaggle:hard_hat_workers1591,8,0,0,2bb09c7e04b3a8c65b18dcb0f64a00329f0609ef
hardhat_kaggle_8390812548f0.png,hardhat_kaggle_8390812548f0,hardhat_kaggle,hardhat_kaggle:hard_hat_workers1592,4,0,0,8390812548f058e661f54684d9bff4e7553dc3d2
hardhat_kaggle_49f7d3b7caf7.png,hardhat_kaggle_49f7d3b7caf7,hardhat_kaggle,hardhat_kaggle:hard_hat_workers1593,2,0,0,49f7d3b7caf741633c6254fb8217e76cd5d25e74
hardhat_kaggle_8ea837e6e29c.png,hardhat_kaggle_8ea837e6e29c,hardhat_kaggle,hardhat_kaggle:hard_hat_workers1594,3,0,0,8ea837e6e29c972867613e16c963935099585455
hardhat_kaggle_f20cc919187b.png,hardhat_kaggle_f20cc919187b,hardhat_kaggle,hardhat_kaggle:hard_hat_workers1595,4,0,0,f20cc919187b617820d09bba9119571b8863e70d
hardhat_kaggle_e72952cfd6a7.png,hardhat_kaggle_e72952cfd6a7,hardhat_kaggle,hardhat_kaggle:hard_hat_workers1596,10,0,0,e72952cfd6a76e9f8373f80f29b299b9a39ca197
hardhat_kaggle_21d8ac8e50d3.png,hardhat_kaggle_21d8ac8e50d3,hardhat_kaggle,hardhat_kaggle:hard_hat_workers1597,2,0,0,21d8ac8e50d3c7ae5e48dc921278e8ec1a5479f0
hardhat_kaggle_0e871b695be4.png,hardhat_kaggle_0e871b695be4,hardhat_kaggle,hardhat_kaggle:hard_hat_workers1598,12,0,0,0e871b695be4355a92ae72cea21ffdbed3923055
hardhat_kaggle_f95829be97f6.png,hardhat_kaggle_f95829be97f6,hardhat_kaggle,hardhat_kaggle:hard_hat_workers1599,2,0,0,f95829be97f60b5d5fa606eac3dc2f66037b14bb
hardhat_kaggle_3f121cde8c60.png,hardhat_kaggle_3f121cde8c60,hardhat_kaggle,hardhat_kaggle:hard_hat_workers16,5,0,0,3f121cde8c6050580910914900e0bc19b75f7255
hardhat_kaggle_89600b9356e2.png,hardhat_kaggle_89600b9356e2,hardhat_kaggle,hardhat_kaggle:hard_hat_workers160,1,0,0,89600b9356e2a6b1d4628a8f51ed424b977bd805
hardhat_kaggle_abc3d800bb9f.png,hardhat_kaggle_abc3d800bb9f,hardhat_kaggle,hardhat_kaggle:hard_hat_workers1600,3,0,0,abc3d800bb9fedf9fb438b69ff12cd47ed4d6e96
hardhat_kaggle_aaa80c0cf01a.png,hardhat_kaggle_aaa80c0cf01a,hardhat_kaggle,hardhat_kaggle:hard_hat_workers1601,6,0,0,aaa80c0cf01ac5ec085904ea4663fd81034e06fe
hardhat_kaggle_3ddffe32b2f1.png,hardhat_kaggle_3ddffe32b2f1,hardhat_kaggle,hardhat_kaggle:hard_hat_workers1602,2,0,0,3ddffe32b2f136633fb3168f74b839033d68d66a
hardhat_kaggle_0562e0a3e5e7.png,hardhat_kaggle_0562e0a3e5e7,hardhat_kaggle,hardhat_kaggle:hard_hat_workers1603,2,0,0,0562e0a3e5e78804486843997d8aafcc439b432d
hardhat_kaggle_5d3589ac9d69.png,hardhat_kaggle_5d3589ac9d69,hardhat_kaggle,hardhat_kaggle:hard_hat_workers1604,7,0,0,5d3589ac9d695b69e1b7c07364261cf2b7d0be5a
hardhat_kaggle_89a34aa248c0.png,hardhat_kaggle_89a34aa248c0,hardhat_kaggle,hardhat_kaggle:hard_hat_workers1605,3,0,0,89a34aa248c0359aaef4dcd1af10ccec56cdb2f7
hardhat_kaggle_ccd67f761815.png,hardhat_kaggle_ccd67f761815,hardhat_kaggle,hardhat_kaggle:hard_hat_workers1606,1,0,0,ccd67f7618157c7145dcd5ce201322c090eac2ac
hardhat_kaggle_96fd9dbd23ae.png,hardhat_kaggle_96fd9dbd23ae,hardhat_kaggle,hardhat_kaggle:hard_hat_workers1607,4,0,0,96fd9dbd23ae63794483d538d5ccf76bd025de96
hardhat_kaggle_d22f746d0e4b.png,hardhat_kaggle_d22f746d0e4b,hardhat_kaggle,hardhat_kaggle:hard_hat_workers1609,4,0,0,d22f746d0e4bff4375fa776cba6aac8fae315f62
hardhat_kaggle_8e1be257fd37.png,hardhat_kaggle_8e1be257fd37,hardhat_kaggle,hardhat_kaggle:hard_hat_workers161,4,0,0,8e1be257fd37a783107434d8a6f6d6bff99401e1
hardhat_kaggle_5df97e9fc7f6.png,hardhat_kaggle_5df97e9fc7f6,hardhat_kaggle,hardhat_kaggle:hard_hat_workers1610,1,0,0,5df97e9fc7f6f43eeb87d507adb749ad91194194
hardhat_kaggle_b638ac26232c.png,hardhat_kaggle_b638ac26232c,hardhat_kaggle,hardhat_kaggle:hard_hat_workers1611,1,0,0,b638ac26232ccc3294c3e134ef508d2c4852a0f8
hardhat_kaggle_e9640a74a1dc.png,hardhat_kaggle_e9640a74a1dc,hardhat_kaggle,hardhat_kaggle:hard_hat_workers1612,4,0,0,e9640a74a1dc22ce2fbccb795f13bda032ef9a58
hardhat_kaggle_f0a3097058fc.png,hardhat_kaggle_f0a3097058fc,hardhat_kaggle,hardhat_kaggle:hard_hat_workers1613,2,0,0,f0a3097058fc6d8c3e2927aa1a3d8716a5030936
hardhat_kaggle_8e814d1e6151.png,hardhat_kaggle_8e814d1e6151,hardhat_kaggle,hardhat_kaggle:hard_hat_workers1614,3,0,0,8e814d1e6151cf63af3265f575df91661d1e3a68
hardhat_kaggle_ef18318e2dd1.png,hardhat_kaggle_ef18318e2dd1,hardhat_kaggle,hardhat_kaggle:hard_hat_workers1615,2,0,0,ef18318e2dd1aea58129abbc25dd5a06760ede2a
hardhat_kaggle_16de32a694ad.png,hardhat_kaggle_16de32a694ad,hardhat_kaggle,hardhat_kaggle:hard_hat_workers1616,7,0,0,16de32a694ad6a4691f38bf0d7def569a14fb630
hardhat_kaggle_64b69d31b08b.png,hardhat_kaggle_64b69d31b08b,hardhat_kaggle,hardhat_kaggle:hard_hat_workers1617,9,0,0,64b69d31b08baa073fe5fa79707f8068d77e9252
hardhat_kaggle_d8980b93b9a1.png,hardhat_kaggle_d8980b93b9a1,hardhat_kaggle,hardhat_kaggle:hard_hat_workers1618,1,0,0,d8980b93b9a12e343c57ccfd0e696b2b7eba78a8
hardhat_kaggle_a65e8e7085f3.png,hardhat_kaggle_a65e8e7085f3,hardhat_kaggle,hardhat_kaggle:hard_hat_workers1619,8,0,0,a65e8e7085f30eed1c320012656649ead4043853
hardhat_kaggle_43578ca582d0.png,hardhat_kaggle_43578ca582d0,hardhat_kaggle,hardhat_kaggle:hard_hat_workers162,2,0,0,43578ca582d0fd8613dff7fcc226b83500acf176
hardhat_kaggle_5df121d489c0.png,hardhat_kaggle_5df121d489c0,hardhat_kaggle,hardhat_kaggle:hard_hat_workers1620,3,0,0,5df121d489c06557b5aa7fadd1f970a643167e2b
hardhat_kaggle_d082db0b6841.png,hardhat_kaggle_d082db0b6841,hardhat_kaggle,hardhat_kaggle:hard_hat_workers1621,3,0,0,d082db0b6841455e5337d1838ae6afdd178a2634
hardhat_kaggle_f364c1fd25a1.png,hardhat_kaggle_f364c1fd25a1,hardhat_kaggle,hardhat_kaggle:hard_hat_workers1622,3,0,0,f364c1fd25a10305e9f02ce7fc0ee2a0bbd46e64
hardhat_kaggle_f591a7a5e757.png,hardhat_kaggle_f591a7a5e757,hardhat_kaggle,hardhat_kaggle:hard_hat_workers1623,9,0,0,f591a7a5e7577c00dcf8e09fb78b5bc37445cdff
hardhat_kaggle_5079497dc620.png,hardhat_kaggle_5079497dc620,hardhat_kaggle,hardhat_kaggle:hard_hat_workers1624,8,0,0,5079497dc6204bceabd1632d28d2172c42c31cd3
hardhat_kaggle_087c4d70a03f.png,hardhat_kaggle_087c4d70a03f,hardhat_kaggle,hardhat_kaggle:hard_hat_workers1625,8,0,0,087c4d70a03f779fc05a98013fa526df0128267e
hardhat_kaggle_15778eab61a2.png,hardhat_kaggle_15778eab61a2,hardhat_kaggle,hardhat_kaggle:hard_hat_workers1626,1,0,0,15778eab61a2f68cbde064d793c272ff934a59ae
hardhat_kaggle_d01cd6e9d04c.png,hardhat_kaggle_d01cd6e9d04c,hardhat_kaggle,hardhat_kaggle:hard_hat_workers1627,1,0,0,d01cd6e9d04c45d162fa76732c6625024d51be26
hardhat_kaggle_0c3da43c8dc4.png,hardhat_kaggle_0c3da43c8dc4,hardhat_kaggle,hardhat_kaggle:hard_hat_workers1628,4,0,0,0c3da43c8dc4a9e88a6b4b696fb02254fb370f1c
hardhat_kaggle_02c8b3f14abc.png,hardhat_kaggle_02c8b3f14abc,hardhat_kaggle,hardhat_kaggle:hard_hat_workers1629,2,0,0,02c8b3f14abc4033a94bedae86b41c90ed9432b8
hardhat_kaggle_b455051de3f1.png,hardhat_kaggle_b455051de3f1,hardhat_kaggle,hardhat_kaggle:hard_hat_workers163,14,0,0,b455051de3f1ddd24aeebea2d60980a8560e1ff5
hardhat_kaggle_92d80a0c4786.png,hardhat_kaggle_92d80a0c4786,hardhat_kaggle,hardhat_kaggle:hard_hat_workers1630,2,0,0,92d80a0c47867e2f9674718f7795f36c646d39b1
hardhat_kaggle_615c04e6b2f7.png,hardhat_kaggle_615c04e6b2f7,hardhat_kaggle,hardhat_kaggle:hard_hat_workers1631,4,0,0,615c04e6b2f793b27e3a43f22cddb587d579e614
hardhat_kaggle_340cace46ca5.png,hardhat_kaggle_340cace46ca5,hardhat_kaggle,hardhat_kaggle:hard_hat_workers1633,6,0,0,340cace46ca53dc877a5489479602022f54c8612
hardhat_kaggle_d767682cd8e1.png,hardhat_kaggle_d767682cd8e1,hardhat_kaggle,hardhat_kaggle:hard_hat_workers1634,7,0,0,d767682cd8e18f65ed8fd8a37ee0b026e8534f4c
hardhat_kaggle_0b6381ba3d5c.png,hardhat_kaggle_0b6381ba3d5c,hardhat_kaggle,hardhat_kaggle:hard_hat_workers1635,1,0,0,0b6381ba3d5c2492d2285fa5aa02cb68ae48cf38
hardhat_kaggle_6e2a588e9f76.png,hardhat_kaggle_6e2a588e9f76,hardhat_kaggle,hardhat_kaggle:hard_hat_workers1636,10,0,0,6e2a588e9f763c91046b8f32a529b901fc28b2aa
hardhat_kaggle_dcffb217dea8.png,hardhat_kaggle_dcffb217dea8,hardhat_kaggle,hardhat_kaggle:hard_hat_workers1637,1,0,0,dcffb217dea82e95b45d2db41cf2408c74fdf862
hardhat_kaggle_f3c4a66caa05.png,hardhat_kaggle_f3c4a66caa05,hardhat_kaggle,hardhat_kaggle:hard_hat_workers1638,2,0,0,f3c4a66caa0559c09929acacd616d103af1bf81d
hardhat_kaggle_b71a83a198ed.png,hardhat_kaggle_b71a83a198ed,hardhat_kaggle,hardhat_kaggle:hard_hat_workers1639,1,0,0,b71a83a198ed8e52aebd8c2f6dac13ae8f9ef5ae
hardhat_kaggle_030cc3e165bb.png,hardhat_kaggle_030cc3e165bb,hardhat_kaggle,hardhat_kaggle:hard_hat_workers164,2,0,0,030cc3e165bb95521a80ceab3ce73144664d69a7
hardhat_kaggle_053ec66fe899.png,hardhat_kaggle_053ec66fe899,hardhat_kaggle,hardhat_kaggle:hard_hat_workers1640,3,0,0,053ec66fe8993120eac60f8d7838715ca02f8dac
hardhat_kaggle_180edef2de38.png,hardhat_kaggle_180edef2de38,hardhat_kaggle,hardhat_kaggle:hard_hat_workers1642,4,0,0,180edef2de384a8f629597294d2762c126010cde
hardhat_kaggle_0620014e2edd.png,hardhat_kaggle_0620014e2edd,hardhat_kaggle,hardhat_kaggle:hard_hat_workers1643,9,0,0,0620014e2eddb33cd5b166268d7c8de9c97bc5b4
hardhat_kaggle_a726c0987400.png,hardhat_kaggle_a726c0987400,hardhat_kaggle,hardhat_kaggle:hard_hat_workers1644,3,0,0,a726c0987400190e226be12da87aa426061a6588
hardhat_kaggle_346ed3ff36a9.png,hardhat_kaggle_346ed3ff36a9,hardhat_kaggle,hardhat_kaggle:hard_hat_workers1645,2,0,0,346ed3ff36a9d5c501bb07c0a72ccef8398e9acc
hardhat_kaggle_f7bf4f015618.png,hardhat_kaggle_f7bf4f015618,hardhat_kaggle,hardhat_kaggle:hard_hat_workers1646,9,0,0,f7bf4f01561861828797aab3a9ec94a8d5d7a1df
hardhat_kaggle_f74b2e0d0451.png,hardhat_kaggle_f74b2e0d0451,hardhat_kaggle,hardhat_kaggle:hard_hat_workers1647,5,0,0,f74b2e0d0451790e766a67bdfc0bf364f38eebe0
hardhat_kaggle_ccc9b25275ed.png,hardhat_kaggle_ccc9b25275ed,hardhat_kaggle,hardhat_kaggle:hard_hat_workers1649,4,0,0,ccc9b25275edb45813aad7352e5cdded51a22812
hardhat_kaggle_3e123e097b51.png,hardhat_kaggle_3e123e097b51,hardhat_kaggle,hardhat_kaggle:hard_hat_workers165,3,0,0,3e123e097b51645ccff6d2a15b2b5290c3da5800
hardhat_kaggle_f9238f51b22e.png,hardhat_kaggle_f9238f51b22e,hardhat_kaggle,hardhat_kaggle:hard_hat_workers1650,1,0,0,f9238f51b22e1320b27a486040cac40177347777
hardhat_kaggle_fc8428a34aa6.png,hardhat_kaggle_fc8428a34aa6,hardhat_kaggle,hardhat_kaggle:hard_hat_workers1651,2,0,0,fc8428a34aa6650394a124a274c2d1cb6422c8c4
hardhat_kaggle_4534e50980de.png,hardhat_kaggle_4534e50980de,hardhat_kaggle,hardhat_kaggle:hard_hat_workers1652,7,0,0,4534e50980de506e01a3898ebf21b9e9e4adda93
hardhat_kaggle_22512d7e5e69.png,hardhat_kaggle_22512d7e5e69,hardhat_kaggle,hardhat_kaggle:hard_hat_workers1653,2,0,0,22512d7e5e69d7cbb87e09e054de712bbccf6538
hardhat_kaggle_446d698338b7.png,hardhat_kaggle_446d698338b7,hardhat_kaggle,hardhat_kaggle:hard_hat_workers1654,2,0,0,446d698338b7dcbd66e32174c3d1e343b20d3cd5
hardhat_kaggle_6e870ec783de.png,hardhat_kaggle_6e870ec783de,hardhat_kaggle,hardhat_kaggle:hard_hat_workers1655,2,0,0,6e870ec783de901e8cc15580aba0ad54fc0723da
hardhat_kaggle_ee4edc6aed86.png,hardhat_kaggle_ee4edc6aed86,hardhat_kaggle,hardhat_kaggle:hard_hat_workers1656,19,0,0,ee4edc6aed86ac910fcb5c1110030412900be4d9
hardhat_kaggle_eed3ce0943d3.png,hardhat_kaggle_eed3ce0943d3,hardhat_kaggle,hardhat_kaggle:hard_hat_workers1657,3,0,0,eed3ce0943d336e29dae134418a63029e3077883
hardhat_kaggle_6909abc18c9b.png,hardhat_kaggle_6909abc18c9b,hardhat_kaggle,hardhat_kaggle:hard_hat_workers1658,1,0,0,6909abc18c9b750e1481d43c7f498295dfb6ae2f
hardhat_kaggle_dd51649efef2.png,hardhat_kaggle_dd51649efef2,hardhat_kaggle,hardhat_kaggle:hard_hat_workers1659,2,0,0,dd51649efef2513bc02ec69ac1f164fe082ad485
hardhat_kaggle_273cc6a8adb1.png,hardhat_kaggle_273cc6a8adb1,hardhat_kaggle,hardhat_kaggle:hard_hat_workers166,2,0,0,273cc6a8adb1a9b0779a04ae3f7965992b5cd029
hardhat_kaggle_4370958a8441.png,hardhat_kaggle_4370958a8441,hardhat_kaggle,hardhat_kaggle:hard_hat_workers1660,7,0,0,4370958a8441cba65a0654f5e3a47444ac025918
hardhat_kaggle_e8bf32e43bf6.png,hardhat_kaggle_e8bf32e43bf6,hardhat_kaggle,hardhat_kaggle:hard_hat_workers1661,1,0,0,e8bf32e43bf651a5c092c80b6bb632a0e3a45197
hardhat_kaggle_9a00eaab5074.png,hardhat_kaggle_9a00eaab5074,hardhat_kaggle,hardhat_kaggle:hard_hat_workers1662,2,0,0,9a00eaab5074181226a1809520cd2ccb0b09363a
hardhat_kaggle_3a45881db4eb.png,hardhat_kaggle_3a45881db4eb,hardhat_kaggle,hardhat_kaggle:hard_hat_workers1663,2,0,0,3a45881db4ebbc02ec0ce759a915a7ee92463dcb
hardhat_kaggle_dd0cbbf6d9ad.png,hardhat_kaggle_dd0cbbf6d9ad,hardhat_kaggle,hardhat_kaggle:hard_hat_workers1664,3,0,0,dd0cbbf6d9add87265de18cf4f2a1890a2abac9d
hardhat_kaggle_3bd1d389b1ad.png,hardhat_kaggle_3bd1d389b1ad,hardhat_kaggle,hardhat_kaggle:hard_hat_workers1665,6,0,0,3bd1d389b1ad2bcef7547e241291046301f6c807
hardhat_kaggle_06eef0ab14d2.png,hardhat_kaggle_06eef0ab14d2,hardhat_kaggle,hardhat_kaggle:hard_hat_workers1666,6,0,0,06eef0ab14d28bac1ca7ee3cd90bed93dcf63ea2
hardhat_kaggle_95f7406f32a1.png,hardhat_kaggle_95f7406f32a1,hardhat_kaggle,hardhat_kaggle:hard_hat_workers1667,13,0,0,95f7406f32a171201121bfae3a8398eb50474671
hardhat_kaggle_3a30081234b2.png,hardhat_kaggle_3a30081234b2,hardhat_kaggle,hardhat_kaggle:hard_hat_workers1668,3,0,0,3a30081234b2039c12eb9bb4447188ce7eee5f80
hardhat_kaggle_b673678fec7f.png,hardhat_kaggle_b673678fec7f,hardhat_kaggle,hardhat_kaggle:hard_hat_workers1669,2,0,0,b673678fec7feba9a133667feeb8475652247926
hardhat_kaggle_1b0f255dff4c.png,hardhat_kaggle_1b0f255dff4c,hardhat_kaggle,hardhat_kaggle:hard_hat_workers167,1,0,0,1b0f255dff4cd7bbca8f1faa5ba9904c908232dd
hardhat_kaggle_5243e4da297c.png,hardhat_kaggle_5243e4da297c,hardhat_kaggle,hardhat_kaggle:hard_hat_workers1671,4,0,0,5243e4da297c340377cc60e9d0755b12e8c6d59d
hardhat_kaggle_77758fc25889.png,hardhat_kaggle_77758fc25889,hardhat_kaggle,hardhat_kaggle:hard_hat_workers1672,3,0,0,77758fc258893c20d24b706bb3aef8c32a08fc01
hardhat_kaggle_9d3477810edc.png,hardhat_kaggle_9d3477810edc,hardhat_kaggle,hardhat_kaggle:hard_hat_workers1673,2,0,0,9d3477810edca5d3a51bb8c118fd751b0ff7ebcb
hardhat_kaggle_23b9e5ee8b9a.png,hardhat_kaggle_23b9e5ee8b9a,hardhat_kaggle,hardhat_kaggle:hard_hat_workers1674,2,0,0,23b9e5ee8b9a3607214905f9e7ae91f7a62328f3
hardhat_kaggle_d8133a5a1ed9.png,hardhat_kaggle_d8133a5a1ed9,hardhat_kaggle,hardhat_kaggle:hard_hat_workers1675,1,0,0,d8133a5a1ed91674eb872ec5b71083e22272c498
hardhat_kaggle_5a65b65a76aa.png,hardhat_kaggle_5a65b65a76aa,hardhat_kaggle,hardhat_kaggle:hard_hat_workers1676,6,0,0,5a65b65a76aa531737f8247cb97b4913a68d4d70
hardhat_kaggle_e823b7079977.png,hardhat_kaggle_e823b7079977,hardhat_kaggle,hardhat_kaggle:hard_hat_workers1677,1,0,0,e823b70799779aa87b9f1ab2d3e48d7fd052516d
hardhat_kaggle_bb3e5dfe1830.png,hardhat_kaggle_bb3e5dfe1830,hardhat_kaggle,hardhat_kaggle:hard_hat_workers1678,4,0,0,bb3e5dfe1830b1c7b0827bd459388fac1caade0a
hardhat_kaggle_4e2fb9892920.png,hardhat_kaggle_4e2fb9892920,hardhat_kaggle,hardhat_kaggle:hard_hat_workers1679,4,0,0,4e2fb9892920b15d4bceaeb494c860ac54d6177d
hardhat_kaggle_11727bbe8400.png,hardhat_kaggle_11727bbe8400,hardhat_kaggle,hardhat_kaggle:hard_hat_workers168,1,0,0,11727bbe84008d195495543dc2ebf1fff5dcd381
hardhat_kaggle_a689d345317f.png,hardhat_kaggle_a689d345317f,hardhat_kaggle,hardhat_kaggle:hard_hat_workers1680,1,0,0,a689d345317f2a4889cba5f6d6f8c8558a2e725e
hardhat_kaggle_a9b3fac6c173.png,hardhat_kaggle_a9b3fac6c173,hardhat_kaggle,hardhat_kaggle:hard_hat_workers1682,2,0,0,a9b3fac6c17377aff9c5ec52242eb7530bdf3a45
hardhat_kaggle_1ad714d32cf4.png,hardhat_kaggle_1ad714d32cf4,hardhat_kaggle,hardhat_kaggle:hard_hat_workers1683,22,0,0,1ad714d32cf40c5debe74d436b7a19e336bc46ee
hardhat_kaggle_0e04e8ad162a.png,hardhat_kaggle_0e04e8ad162a,hardhat_kaggle,hardhat_kaggle:hard_hat_workers1684,3,0,0,0e04e8ad162ab2f12690b437f4e38eb99e8caeb6
hardhat_kaggle_332dd7f7c734.png,hardhat_kaggle_332dd7f7c734,hardhat_kaggle,hardhat_kaggle:hard_hat_workers1686,8,0,0,332dd7f7c73476b1430678a51e342db50499566c
hardhat_kaggle_a4c622ff16b3.png,hardhat_kaggle_a4c622ff16b3,hardhat_kaggle,hardhat_kaggle:hard_hat_workers1687,2,0,0,a4c622ff16b35f41f68bb43634e2ac50dc557554
hardhat_kaggle_e0486fd9e60b.png,hardhat_kaggle_e0486fd9e60b,hardhat_kaggle,hardhat_kaggle:hard_hat_workers1688,7,0,0,e0486fd9e60b99ce2db796819b51b85efac30bd2
hardhat_kaggle_683348505bac.png,hardhat_kaggle_683348505bac,hardhat_kaggle,hardhat_kaggle:hard_hat_workers1689,2,0,0,683348505bac9ca8e3bd509c28dd7fa5e280c771
hardhat_kaggle_745e03596914.png,hardhat_kaggle_745e03596914,hardhat_kaggle,hardhat_kaggle:hard_hat_workers169,9,0,0,745e03596914eccfa7b939e838428bfd02657e12
hardhat_kaggle_2b7edd9b9e2f.png,hardhat_kaggle_2b7edd9b9e2f,hardhat_kaggle,hardhat_kaggle:hard_hat_workers1690,5,0,0,2b7edd9b9e2f20529ca3c4303947b86e7d439547
hardhat_kaggle_a06f88aeeba2.png,hardhat_kaggle_a06f88aeeba2,hardhat_kaggle,hardhat_kaggle:hard_hat_workers1692,1,0,0,a06f88aeeba20a531a6971c1e62f3743f71a19fc
hardhat_kaggle_ff9dcb301a6c.png,hardhat_kaggle_ff9dcb301a6c,hardhat_kaggle,hardhat_kaggle:hard_hat_workers1693,2,0,0,ff9dcb301a6c7c9fbe337fe8268791499b3c9946
hardhat_kaggle_f103322148d6.png,hardhat_kaggle_f103322148d6,hardhat_kaggle,hardhat_kaggle:hard_hat_workers1694,5,0,0,f103322148d6e99b5dc26f1740add770fa0bbfc1
hardhat_kaggle_51a0b437a378.png,hardhat_kaggle_51a0b437a378,hardhat_kaggle,hardhat_kaggle:hard_hat_workers1695,8,0,0,51a0b437a378e8838cc7dcface9900e3ecfaa4a2
hardhat_kaggle_ee0238cae394.png,hardhat_kaggle_ee0238cae394,hardhat_kaggle,hardhat_kaggle:hard_hat_workers1696,11,0,0,ee0238cae3941862792e4b3e36a6bf015215f656
hardhat_kaggle_a37474277708.png,hardhat_kaggle_a37474277708,hardhat_kaggle,hardhat_kaggle:hard_hat_workers1697,6,0,0,a37474277708a56e8580ba4c32f8f3c4fb47ca9c
hardhat_kaggle_ed6d67a82bcd.png,hardhat_kaggle_ed6d67a82bcd,hardhat_kaggle,hardhat_kaggle:hard_hat_workers1698,2,0,0,ed6d67a82bcdef8898605e598da064d465efb6ef
hardhat_kaggle_092db99ae6cb.png,hardhat_kaggle_092db99ae6cb,hardhat_kaggle,hardhat_kaggle:hard_hat_workers1699,4,0,0,092db99ae6cbae24a7544840813be775f9aeca6b
hardhat_kaggle_4c4c8ea46b47.png,hardhat_kaggle_4c4c8ea46b47,hardhat_kaggle,hardhat_kaggle:hard_hat_workers17,2,0,0,4c4c8ea46b47ba17f568da38e5aeb11b4796f4ec
hardhat_kaggle_4d761814b45a.png,hardhat_kaggle_4d761814b45a,hardhat_kaggle,hardhat_kaggle:hard_hat_workers1700,1,0,0,4d761814b45a85cb802b278cdbc36facde42f208
hardhat_kaggle_05474a0a883e.png,hardhat_kaggle_05474a0a883e,hardhat_kaggle,hardhat_kaggle:hard_hat_workers1701,5,0,0,05474a0a883e2929a5399288b7ed16f2a273789c
hardhat_kaggle_57c1201bbbbb.png,hardhat_kaggle_57c1201bbbbb,hardhat_kaggle,hardhat_kaggle:hard_hat_workers1702,10,0,0,57c1201bbbbb571ec13e664329631cec1ffbde10
hardhat_kaggle_c2ba156480d8.png,hardhat_kaggle_c2ba156480d8,hardhat_kaggle,hardhat_kaggle:hard_hat_workers1703,7,0,0,c2ba156480d8c3825764231052a737541755f582
hardhat_kaggle_347a6f202290.png,hardhat_kaggle_347a6f202290,hardhat_kaggle,hardhat_kaggle:hard_hat_workers1704,16,0,0,347a6f20229035e8eacee455336477cc44e97063
hardhat_kaggle_67d55a7a3b42.png,hardhat_kaggle_67d55a7a3b42,hardhat_kaggle,hardhat_kaggle:hard_hat_workers1705,7,0,0,67d55a7a3b4279f3f975b4a233b5578ee50417da
hardhat_kaggle_37c6a51512b9.png,hardhat_kaggle_37c6a51512b9,hardhat_kaggle,hardhat_kaggle:hard_hat_workers1706,3,0,0,37c6a51512b9aae4b234469308540497a63163a9
hardhat_kaggle_d123fe872573.png,hardhat_kaggle_d123fe872573,hardhat_kaggle,hardhat_kaggle:hard_hat_workers1707,3,0,0,d123fe8725732f7a370a0a83f28d25e294667111
hardhat_kaggle_615fb673f920.png,hardhat_kaggle_615fb673f920,hardhat_kaggle,hardhat_kaggle:hard_hat_workers1708,2,0,0,615fb673f9203fa306b515a7c1004cceb8af13a2
hardhat_kaggle_664ac5bf07fa.png,hardhat_kaggle_664ac5bf07fa,hardhat_kaggle,hardhat_kaggle:hard_hat_workers1709,2,0,0,664ac5bf07fac69dd1723f7efa0368ae73a00d0f
hardhat_kaggle_22f5be7728a7.png,hardhat_kaggle_22f5be7728a7,hardhat_kaggle,hardhat_kaggle:hard_hat_workers171,2,0,0,22f5be7728a77dbc9686e81b1c7c720829aa23ef
hardhat_kaggle_9702364d7c4d.png,hardhat_kaggle_9702364d7c4d,hardhat_kaggle,hardhat_kaggle:hard_hat_workers1710,6,0,0,9702364d7c4da6ed27638bb308381d069539d6fa
hardhat_kaggle_1d29a0a54b75.png,hardhat_kaggle_1d29a0a54b75,hardhat_kaggle,hardhat_kaggle:hard_hat_workers1711,7,0,0,1d29a0a54b7554a7b96248372f9aa7d88b057bff
hardhat_kaggle_89da83fb5b03.png,hardhat_kaggle_89da83fb5b03,hardhat_kaggle,hardhat_kaggle:hard_hat_workers1712,5,0,0,89da83fb5b038511490bc2c72d9d839a9f8dc629
hardhat_kaggle_108ce5632eac.png,hardhat_kaggle_108ce5632eac,hardhat_kaggle,hardhat_kaggle:hard_hat_workers1713,14,0,0,108ce5632eac5fb191f921215d076fa2c83b293a
hardhat_kaggle_0264e0a37ab3.png,hardhat_kaggle_0264e0a37ab3,hardhat_kaggle,hardhat_kaggle:hard_hat_workers1714,7,0,0,0264e0a37ab35e5b0517cb2f4f69c529d233146f
hardhat_kaggle_abc5b3fc9849.png,hardhat_kaggle_abc5b3fc9849,hardhat_kaggle,hardhat_kaggle:hard_hat_workers1715,10,0,0,abc5b3fc98493a1279f80e4669c1fd0789ff61a7
hardhat_kaggle_f995b574c3c0.png,hardhat_kaggle_f995b574c3c0,hardhat_kaggle,hardhat_kaggle:hard_hat_workers1716,4,0,0,f995b574c3c0af369e948e8030168352edecac7b
hardhat_kaggle_9d1501bf9690.png,hardhat_kaggle_9d1501bf9690,hardhat_kaggle,hardhat_kaggle:hard_hat_workers1717,9,0,0,9d1501bf9690108a17ea05f975cead2a6ce14c52
hardhat_kaggle_56a9add59397.png,hardhat_kaggle_56a9add59397,hardhat_kaggle,hardhat_kaggle:hard_hat_workers1718,3,0,0,56a9add59397cce215d906fc922016ac1f653a00
hardhat_kaggle_2116cb2621d8.png,hardhat_kaggle_2116cb2621d8,hardhat_kaggle,hardhat_kaggle:hard_hat_workers1719,1,0,0,2116cb2621d82bf7246b20d72a6c104d965cf070
hardhat_kaggle_6b243e31fbb3.png,hardhat_kaggle_6b243e31fbb3,hardhat_kaggle,hardhat_kaggle:hard_hat_workers1720,9,0,0,6b243e31fbb3806e18fdf54879faebc624e5a902
hardhat_kaggle_fd0c305a516c.png,hardhat_kaggle_fd0c305a516c,hardhat_kaggle,hardhat_kaggle:hard_hat_workers1721,1,0,0,fd0c305a516ca82360e4da6a4aa638f8dbb37f94
hardhat_kaggle_7ee0da76b0df.png,hardhat_kaggle_7ee0da76b0df,hardhat_kaggle,hardhat_kaggle:hard_hat_workers1722,2,0,0,7ee0da76b0df88455d2250ac85c0228032fc5500
hardhat_kaggle_3f3d4b5d09d0.png,hardhat_kaggle_3f3d4b5d09d0,hardhat_kaggle,hardhat_kaggle:hard_hat_workers1723,1,0,0,3f3d4b5d09d042ab58e4f1079a03927e9190209b
hardhat_kaggle_9fc04ba4f3b5.png,hardhat_kaggle_9fc04ba4f3b5,hardhat_kaggle,hardhat_kaggle:hard_hat_workers1724,1,0,0,9fc04ba4f3b53c97e178cac77842761a9fa6f538
hardhat_kaggle_902e409ca976.png,hardhat_kaggle_902e409ca976,hardhat_kaggle,hardhat_kaggle:hard_hat_workers1725,5,0,0,902e409ca9764ac531e9a2db42e865934442670b
hardhat_kaggle_61fc331b08ad.png,hardhat_kaggle_61fc331b08ad,hardhat_kaggle,hardhat_kaggle:hard_hat_workers1726,3,0,0,61fc331b08ad1ac1bd5aadbbf0fb37b27f43aeb9
hardhat_kaggle_7f9c51c58ee5.png,hardhat_kaggle_7f9c51c58ee5,hardhat_kaggle,hardhat_kaggle:hard_hat_workers1727,4,0,0,7f9c51c58ee58d1e9b451aab06a0aba2139ac28d
hardhat_kaggle_435b2954ba52.png,hardhat_kaggle_435b2954ba52,hardhat_kaggle,hardhat_kaggle:hard_hat_workers173,9,0,0,435b2954ba52fd798441544d7e841d9a217fac5b
hardhat_kaggle_ab004a94f50c.png,hardhat_kaggle_ab004a94f50c,hardhat_kaggle,hardhat_kaggle:hard_hat_workers1730,1,0,0,ab004a94f50c59b77173cd26becf3dd39a27c6be
hardhat_kaggle_385fc64c4943.png,hardhat_kaggle_385fc64c4943,hardhat_kaggle,hardhat_kaggle:hard_hat_workers1731,1,0,0,385fc64c494381a62e51185a75d7be3142b3bb8b
hardhat_kaggle_b115ca274ad1.png,hardhat_kaggle_b115ca274ad1,hardhat_kaggle,hardhat_kaggle:hard_hat_workers1732,3,0,0,b115ca274ad1da3428050be99a9541aa0edbf809
hardhat_kaggle_7c3f2a9e992b.png,hardhat_kaggle_7c3f2a9e992b,hardhat_kaggle,hardhat_kaggle:hard_hat_workers1733,2,0,0,7c3f2a9e992bac7b98752834151e2e6369195c0e
hardhat_kaggle_3d992bc5bdd7.png,hardhat_kaggle_3d992bc5bdd7,hardhat_kaggle,hardhat_kaggle:hard_hat_workers1734,2,0,0,3d992bc5bdd7381dc7b1e6a8fa8b64a786f61fcd
hardhat_kaggle_48059fca6e28.png,hardhat_kaggle_48059fca6e28,hardhat_kaggle,hardhat_kaggle:hard_hat_workers1736,4,0,0,48059fca6e2827e2fdde6e11aea80c8cd9fc8015
hardhat_kaggle_80a4bfbce72a.png,hardhat_kaggle_80a4bfbce72a,hardhat_kaggle,hardhat_kaggle:hard_hat_workers1737,8,0,0,80a4bfbce72a4934d9f36adeb7d76ec681a80c2b
hardhat_kaggle_25b4f762ff21.png,hardhat_kaggle_25b4f762ff21,hardhat_kaggle,hardhat_kaggle:hard_hat_workers1738,1,0,0,25b4f762ff2113883a1b9801749f66b52bea8a8a
hardhat_kaggle_26cf30cd5f98.png,hardhat_kaggle_26cf30cd5f98,hardhat_kaggle,hardhat_kaggle:hard_hat_workers1739,12,0,0,26cf30cd5f986865dfc628121763431b8eab78a4
hardhat_kaggle_446849063fd3.png,hardhat_kaggle_446849063fd3,hardhat_kaggle,hardhat_kaggle:hard_hat_workers174,2,0,0,446849063fd3d2e4a50abc86ad0849e0d819f6b1
hardhat_kaggle_347e58e6d089.png,hardhat_kaggle_347e58e6d089,hardhat_kaggle,hardhat_kaggle:hard_hat_workers1740,6,0,0,347e58e6d0890fd3174c43a16e4325deb94da6f1
hardhat_kaggle_eacfd0ecb848.png,hardhat_kaggle_eacfd0ecb848,hardhat_kaggle,hardhat_kaggle:hard_hat_workers1741,4,0,0,eacfd0ecb848e7f524cdbe7e2baaeab945ef6726
hardhat_kaggle_c84936f4a936.png,hardhat_kaggle_c84936f4a936,hardhat_kaggle,hardhat_kaggle:hard_hat_workers1742,5,0,0,c84936f4a936e9c7c711e0ada8432d74d29ed4ac
hardhat_kaggle_88737ff88cee.png,hardhat_kaggle_88737ff88cee,hardhat_kaggle,hardhat_kaggle:hard_hat_workers1743,2,0,0,88737ff88cee878cbd1d9bd43233013433e4896e
hardhat_kaggle_bcfccdaa7194.png,hardhat_kaggle_bcfccdaa7194,hardhat_kaggle,hardhat_kaggle:hard_hat_workers1744,5,0,0,bcfccdaa719444c09e1c27c9916a299e5b5d587b
hardhat_kaggle_7a44c2a4e24d.png,hardhat_kaggle_7a44c2a4e24d,hardhat_kaggle,hardhat_kaggle:hard_hat_workers1745,3,0,0,7a44c2a4e24dbd5eef8b10e435250508df713034
hardhat_kaggle_af2cc7e88986.png,hardhat_kaggle_af2cc7e88986,hardhat_kaggle,hardhat_kaggle:hard_hat_workers1746,4,0,0,af2cc7e88986b050116204b87f71e928c68776ce
hardhat_kaggle_7ddeaf688855.png,hardhat_kaggle_7ddeaf688855,hardhat_kaggle,hardhat_kaggle:hard_hat_workers1747,2,0,0,7ddeaf68885508df04ce1ddfc8d044141f496801
hardhat_kaggle_a4bf57aba794.png,hardhat_kaggle_a4bf57aba794,hardhat_kaggle,hardhat_kaggle:hard_hat_workers1749,3,0,0,a4bf57aba7945eaeb99c6ce7de66572711150a9d
hardhat_kaggle_cc55456a1387.png,hardhat_kaggle_cc55456a1387,hardhat_kaggle,hardhat_kaggle:hard_hat_workers175,2,0,0,cc55456a138781663317a3b1a9bab3eb63ce5237
hardhat_kaggle_245ac3852a3d.png,hardhat_kaggle_245ac3852a3d,hardhat_kaggle,hardhat_kaggle:hard_hat_workers1750,10,0,0,245ac3852a3df7ff4e258bf880b6571b180c1975
hardhat_kaggle_d2add133f36f.png,hardhat_kaggle_d2add133f36f,hardhat_kaggle,hardhat_kaggle:hard_hat_workers1752,5,0,0,d2add133f36f49ce4cc67272afba7d4ab7df7462
hardhat_kaggle_6536fddc8e2c.png,hardhat_kaggle_6536fddc8e2c,hardhat_kaggle,hardhat_kaggle:hard_hat_workers1753,2,0,0,6536fddc8e2cc484cdc05d1c6a76592f2d6b2ad5
hardhat_kaggle_1ba6b8141e59.png,hardhat_kaggle_1ba6b8141e59,hardhat_kaggle,hardhat_kaggle:hard_hat_workers1754,4,0,0,1ba6b8141e59db2fa34593fc39cad02d27813fd9
hardhat_kaggle_b35b363d6951.png,hardhat_kaggle_b35b363d6951,hardhat_kaggle,hardhat_kaggle:hard_hat_workers1756,1,0,0,b35b363d695176d6da01208650f4d11094b1b2c5
hardhat_kaggle_180a67da9306.png,hardhat_kaggle_180a67da9306,hardhat_kaggle,hardhat_kaggle:hard_hat_workers1757,3,0,0,180a67da9306451a8868ab21e0fff19bf3fae36c
hardhat_kaggle_30c95009cff9.png,hardhat_kaggle_30c95009cff9,hardhat_kaggle,hardhat_kaggle:hard_hat_workers1758,8,0,0,30c95009cff97d8e6ad2a2fd9240431801271ef0
hardhat_kaggle_8f726ba0d346.png,hardhat_kaggle_8f726ba0d346,hardhat_kaggle,hardhat_kaggle:hard_hat_workers1759,5,0,0,8f726ba0d346e618bbac5c0ef375dd652c1671d4
hardhat_kaggle_5f35586b2527.png,hardhat_kaggle_5f35586b2527,hardhat_kaggle,hardhat_kaggle:hard_hat_workers176,4,0,0,5f35586b2527f240811aa4b9cc45dd9ef63d1da8
hardhat_kaggle_88f0d789c57b.png,hardhat_kaggle_88f0d789c57b,hardhat_kaggle,hardhat_kaggle:hard_hat_workers1760,7,0,0,88f0d789c57bb18efe2511f51392a953a8c8a2c6
hardhat_kaggle_3a6bccb269bd.png,hardhat_kaggle_3a6bccb269bd,hardhat_kaggle,hardhat_kaggle:hard_hat_workers1761,2,0,0,3a6bccb269bd7c885f02aeae70e7d24cc6277c6d
hardhat_kaggle_c5be333f1325.png,hardhat_kaggle_c5be333f1325,hardhat_kaggle,hardhat_kaggle:hard_hat_workers1762,5,0,0,c5be333f13259b34475ca0c8f882a224d18b9fed
hardhat_kaggle_2b7858a861a1.png,hardhat_kaggle_2b7858a861a1,hardhat_kaggle,hardhat_kaggle:hard_hat_workers1764,1,0,0,2b7858a861a1627937c09669f161f504d77c9ca6
hardhat_kaggle_1bc8fad0ecf3.png,hardhat_kaggle_1bc8fad0ecf3,hardhat_kaggle,hardhat_kaggle:hard_hat_workers1765,3,0,0,1bc8fad0ecf3d2bba1a58ef941c0cfee6baba1d1
hardhat_kaggle_13023d20ba17.png,hardhat_kaggle_13023d20ba17,hardhat_kaggle,hardhat_kaggle:hard_hat_workers1766,8,0,0,13023d20ba17f52b5c3c9807ee759c83bc422e1a
hardhat_kaggle_51bf96537620.png,hardhat_kaggle_51bf96537620,hardhat_kaggle,hardhat_kaggle:hard_hat_workers1767,1,0,0,51bf96537620e9282853a253a7a175ed55a8d7b0
hardhat_kaggle_f6698a6e68a2.png,hardhat_kaggle_f6698a6e68a2,hardhat_kaggle,hardhat_kaggle:hard_hat_workers1768,4,0,0,f6698a6e68a236e844de224bde904b7fe9362d6e
hardhat_kaggle_518a5f5435ee.png,hardhat_kaggle_518a5f5435ee,hardhat_kaggle,hardhat_kaggle:hard_hat_workers1769,6,0,0,518a5f5435ee990af4b46cb67c2c256250d387d3
hardhat_kaggle_afc0c11ee50e.png,hardhat_kaggle_afc0c11ee50e,hardhat_kaggle,hardhat_kaggle:hard_hat_workers177,9,0,0,afc0c11ee50e5814de6d7985c83b48df867fdf80
hardhat_kaggle_d79ebb2036e2.png,hardhat_kaggle_d79ebb2036e2,hardhat_kaggle,hardhat_kaggle:hard_hat_workers1770,1,0,0,d79ebb2036e2b3252fd01afd63e12941d190977d
hardhat_kaggle_ed6734cdf161.png,hardhat_kaggle_ed6734cdf161,hardhat_kaggle,hardhat_kaggle:hard_hat_workers1772,7,0,0,ed6734cdf161865c0a794eb3e6a2a44530842af8
hardhat_kaggle_3974f527a3f2.png,hardhat_kaggle_3974f527a3f2,hardhat_kaggle,hardhat_kaggle:hard_hat_workers1775,1,0,0,3974f527a3f296d1bce3ff977b4f341d8a4dea71
hardhat_kaggle_305fef25fc64.png,hardhat_kaggle_305fef25fc64,hardhat_kaggle,hardhat_kaggle:hard_hat_workers1776,1,0,0,305fef25fc64f1166d51127ba234b5c1c20bf160
hardhat_kaggle_00f944c93556.png,hardhat_kaggle_00f944c93556,hardhat_kaggle,hardhat_kaggle:hard_hat_workers1778,7,0,0,00f944c93556cc70c24cba7bde60edecb7a2341a
hardhat_kaggle_1a349dd5594d.png,hardhat_kaggle_1a349dd5594d,hardhat_kaggle,hardhat_kaggle:hard_hat_workers178,3,0,0,1a349dd5594da92bde2716977e9be9efd7698cf2
hardhat_kaggle_dac95b5cff96.png,hardhat_kaggle_dac95b5cff96,hardhat_kaggle,hardhat_kaggle:hard_hat_workers1780,1,0,0,dac95b5cff96d5013720ef8ce575c9141607bc56
hardhat_kaggle_8061cc8d587e.png,hardhat_kaggle_8061cc8d587e,hardhat_kaggle,hardhat_kaggle:hard_hat_workers1781,2,0,0,8061cc8d587edcc5d39e01f6e6d8896e619954fa
hardhat_kaggle_a12a8d8c7a6c.png,hardhat_kaggle_a12a8d8c7a6c,hardhat_kaggle,hardhat_kaggle:hard_hat_workers1782,3,0,0,a12a8d8c7a6cfa295c919d2cba1248902c9b6db9
hardhat_kaggle_895d5652a2a7.png,hardhat_kaggle_895d5652a2a7,hardhat_kaggle,hardhat_kaggle:hard_hat_workers1783,4,0,0,895d5652a2a7bb1501e2dfdbda086c002d12e71a
hardhat_kaggle_79a79d3c2985.png,hardhat_kaggle_79a79d3c2985,hardhat_kaggle,hardhat_kaggle:hard_hat_workers1784,4,0,0,79a79d3c29855e8900f9e266a90ef1ea2982e0d2
hardhat_kaggle_3b19a6ecd54f.png,hardhat_kaggle_3b19a6ecd54f,hardhat_kaggle,hardhat_kaggle:hard_hat_workers1785,3,0,0,3b19a6ecd54fbda88011e380c64a30f80af54631
hardhat_kaggle_cb23c677c076.png,hardhat_kaggle_cb23c677c076,hardhat_kaggle,hardhat_kaggle:hard_hat_workers1786,1,0,0,cb23c677c076f380b75e7eead58f6c55a3a98953
hardhat_kaggle_d7137178b363.png,hardhat_kaggle_d7137178b363,hardhat_kaggle,hardhat_kaggle:hard_hat_workers1787,4,0,0,d7137178b363820f1f23bbd9708d80b24aff269b
hardhat_kaggle_ba7bab32b837.png,hardhat_kaggle_ba7bab32b837,hardhat_kaggle,hardhat_kaggle:hard_hat_workers1788,4,0,0,ba7bab32b83741e5bd0cf874967fc6a3c5eb33a9
hardhat_kaggle_686789c7b95d.png,hardhat_kaggle_686789c7b95d,hardhat_kaggle,hardhat_kaggle:hard_hat_workers1789,2,0,0,686789c7b95dcca087d7aca2f3911d2fce81150a
hardhat_kaggle_88291405d8cc.png,hardhat_kaggle_88291405d8cc,hardhat_kaggle,hardhat_kaggle:hard_hat_workers179,1,0,0,88291405d8cccc96e08294599c1f1b412b5c3e62
hardhat_kaggle_1991053cf3b2.png,hardhat_kaggle_1991053cf3b2,hardhat_kaggle,hardhat_kaggle:hard_hat_workers1790,1,0,0,1991053cf3b2ed060ecc0928b3df2c5137fd8505
hardhat_kaggle_9fc1c7b2bf37.png,hardhat_kaggle_9fc1c7b2bf37,hardhat_kaggle,hardhat_kaggle:hard_hat_workers1791,2,0,0,9fc1c7b2bf37b9530256a96ea10eae1522afe440
hardhat_kaggle_c376050edf5b.png,hardhat_kaggle_c376050edf5b,hardhat_kaggle,hardhat_kaggle:hard_hat_workers1792,6,0,0,c376050edf5b1801b3fd2b26ae98bb7a6446eaab
hardhat_kaggle_fc49c93700f8.png,hardhat_kaggle_fc49c93700f8,hardhat_kaggle,hardhat_kaggle:hard_hat_workers1793,4,0,0,fc49c93700f8cf57abc8b412470754fef4f04a6b
hardhat_kaggle_9d6720ea8f43.png,hardhat_kaggle_9d6720ea8f43,hardhat_kaggle,hardhat_kaggle:hard_hat_workers1794,6,0,0,9d6720ea8f4332c5fbcb6324181087198619340d
hardhat_kaggle_c9695860063d.png,hardhat_kaggle_c9695860063d,hardhat_kaggle,hardhat_kaggle:hard_hat_workers1795,2,0,0,c9695860063dc280da080bfad7d2cc0fb059287a
hardhat_kaggle_ae0de9d6ea97.png,hardhat_kaggle_ae0de9d6ea97,hardhat_kaggle,hardhat_kaggle:hard_hat_workers1796,3,0,0,ae0de9d6ea97315519ed5cc2818e545eac87b80f
hardhat_kaggle_d4ea915becbf.png,hardhat_kaggle_d4ea915becbf,hardhat_kaggle,hardhat_kaggle:hard_hat_workers1797,3,0,0,d4ea915becbf7c877c7112dd5ade918a69761661
hardhat_kaggle_ffbe2551257e.png,hardhat_kaggle_ffbe2551257e,hardhat_kaggle,hardhat_kaggle:hard_hat_workers1798,5,0,0,ffbe2551257e8b66145074e26ac263b94a06e0f8
hardhat_kaggle_271aeab536bd.png,hardhat_kaggle_271aeab536bd,hardhat_kaggle,hardhat_kaggle:hard_hat_workers1799,1,0,0,271aeab536bd11febb0e775f4788b382f2e92c56
hardhat_kaggle_de6a3f53df2c.png,hardhat_kaggle_de6a3f53df2c,hardhat_kaggle,hardhat_kaggle:hard_hat_workers18,3,0,0,de6a3f53df2c2f05b321e2caeee856d4a19cae12
hardhat_kaggle_0014fc9d05a1.png,hardhat_kaggle_0014fc9d05a1,hardhat_kaggle,hardhat_kaggle:hard_hat_workers180,2,0,0,0014fc9d05a145b5847956f05dfd6115b46749f3
hardhat_kaggle_e213ae544706.png,hardhat_kaggle_e213ae544706,hardhat_kaggle,hardhat_kaggle:hard_hat_workers1800,2,0,0,e213ae544706d5c1066a54c5f8465bdaa86b7844
hardhat_kaggle_3d0397d17e06.png,hardhat_kaggle_3d0397d17e06,hardhat_kaggle,hardhat_kaggle:hard_hat_workers1801,2,0,0,3d0397d17e06cc97a9919cc3f93ea16ac8b1243e
hardhat_kaggle_dfee2e651b03.png,hardhat_kaggle_dfee2e651b03,hardhat_kaggle,hardhat_kaggle:hard_hat_workers1802,1,0,0,dfee2e651b0348fba7afe26df3aedf6d2491fc0f
hardhat_kaggle_6edf4f65daec.png,hardhat_kaggle_6edf4f65daec,hardhat_kaggle,hardhat_kaggle:hard_hat_workers1803,3,0,0,6edf4f65daec178cb9ec90b827d649293b90a356
hardhat_kaggle_24a813c69cfe.png,hardhat_kaggle_24a813c69cfe,hardhat_kaggle,hardhat_kaggle:hard_hat_workers1805,4,0,0,24a813c69cfef323423df11cbb66a138dbfb47e8
hardhat_kaggle_2075e8c7fddb.png,hardhat_kaggle_2075e8c7fddb,hardhat_kaggle,hardhat_kaggle:hard_hat_workers1806,3,0,0,2075e8c7fddb7daccdf7a18f0aade1f9ee742bd6
hardhat_kaggle_25a056ce57bf.png,hardhat_kaggle_25a056ce57bf,hardhat_kaggle,hardhat_kaggle:hard_hat_workers1808,13,0,0,25a056ce57bf41d901f6112b62e311b7c17f8714
hardhat_kaggle_f9630dfca439.png,hardhat_kaggle_f9630dfca439,hardhat_kaggle,hardhat_kaggle:hard_hat_workers1809,5,0,0,f9630dfca4390f50625f5ea0213319ed686ebe84
hardhat_kaggle_9dc8f87e23b6.png,hardhat_kaggle_9dc8f87e23b6,hardhat_kaggle,hardhat_kaggle:hard_hat_workers181,6,0,0,9dc8f87e23b610def4841b5f127a6607c582c86c
hardhat_kaggle_b2893fc22a25.png,hardhat_kaggle_b2893fc22a25,hardhat_kaggle,hardhat_kaggle:hard_hat_workers1811,31,0,0,b2893fc22a2536ad1928427170e0020120b4e210
hardhat_kaggle_427d6a14f960.png,hardhat_kaggle_427d6a14f960,hardhat_kaggle,hardhat_kaggle:hard_hat_workers1812,2,0,0,427d6a14f96071f5c5fac07da0a6ae1d223aa6d1
hardhat_kaggle_88c95dcc7549.png,hardhat_kaggle_88c95dcc7549,hardhat_kaggle,hardhat_kaggle:hard_hat_workers1813,4,0,0,88c95dcc7549bf47069c5bbd438d0a250b2e9721
hardhat_kaggle_7f9d1fad674e.png,hardhat_kaggle_7f9d1fad674e,hardhat_kaggle,hardhat_kaggle:hard_hat_workers1814,2,0,0,7f9d1fad674e3a55f0777d0b4dfd8dee3e629ded
hardhat_kaggle_c57dc8551b58.png,hardhat_kaggle_c57dc8551b58,hardhat_kaggle,hardhat_kaggle:hard_hat_workers1815,2,0,0,c57dc8551b58473c402e8693f29f4281e3e3bfde
hardhat_kaggle_3b0f5858d75b.png,hardhat_kaggle_3b0f5858d75b,hardhat_kaggle,hardhat_kaggle:hard_hat_workers1816,2,0,0,3b0f5858d75bd9e5f4176147f434d86a255518a0
hardhat_kaggle_2fc88b72d0eb.png,hardhat_kaggle_2fc88b72d0eb,hardhat_kaggle,hardhat_kaggle:hard_hat_workers1817,13,0,0,2fc88b72d0eb8457f600aef3dfb3f989b57ab647
hardhat_kaggle_a3c5dc1b30cc.png,hardhat_kaggle_a3c5dc1b30cc,hardhat_kaggle,hardhat_kaggle:hard_hat_workers1818,1,0,0,a3c5dc1b30ccb70c59f9448b8929919e30d9faa9
hardhat_kaggle_92cd817eede8.png,hardhat_kaggle_92cd817eede8,hardhat_kaggle,hardhat_kaggle:hard_hat_workers1819,1,0,0,92cd817eede8cb8d90edb925c8422c08fdf6ad23
hardhat_kaggle_a98f9a352f34.png,hardhat_kaggle_a98f9a352f34,hardhat_kaggle,hardhat_kaggle:hard_hat_workers182,4,0,0,a98f9a352f34c1180dbf82e3f606adf4271f9058
hardhat_kaggle_9943c9a8bebc.png,hardhat_kaggle_9943c9a8bebc,hardhat_kaggle,hardhat_kaggle:hard_hat_workers1820,2,0,0,9943c9a8bebc68d3cc140fc66657cddaaaf48b8b
hardhat_kaggle_ee3fba57aa38.png,hardhat_kaggle_ee3fba57aa38,hardhat_kaggle,hardhat_kaggle:hard_hat_workers1821,2,0,0,ee3fba57aa38e8be10fa1dc444997e4b18011f65
hardhat_kaggle_0dbab0ce3784.png,hardhat_kaggle_0dbab0ce3784,hardhat_kaggle,hardhat_kaggle:hard_hat_workers1822,2,0,0,0dbab0ce3784defc21853ac1c86fa5dcad3e5d14
hardhat_kaggle_047e09c9fc80.png,hardhat_kaggle_047e09c9fc80,hardhat_kaggle,hardhat_kaggle:hard_hat_workers1823,21,0,0,047e09c9fc80ef4099dde48623f39e7e3533bbc8
hardhat_kaggle_50546dce1e3c.png,hardhat_kaggle_50546dce1e3c,hardhat_kaggle,hardhat_kaggle:hard_hat_workers1825,3,0,0,50546dce1e3c522083edc6dca2c1283c1504c2fc
hardhat_kaggle_76c4aedd51f6.png,hardhat_kaggle_76c4aedd51f6,hardhat_kaggle,hardhat_kaggle:hard_hat_workers1826,1,0,0,76c4aedd51f6eca5ac336f037d03e7f16cc8122f
hardhat_kaggle_844cd7a35ed9.png,hardhat_kaggle_844cd7a35ed9,hardhat_kaggle,hardhat_kaggle:hard_hat_workers1828,3,0,0,844cd7a35ed9b9541dc600e152d42a92f18e9b8f
hardhat_kaggle_ba40eb0665b9.png,hardhat_kaggle_ba40eb0665b9,hardhat_kaggle,hardhat_kaggle:hard_hat_workers183,2,0,0,ba40eb0665b94b021d0bde014940b650f2c2318c
hardhat_kaggle_7318c5f5dae2.png,hardhat_kaggle_7318c5f5dae2,hardhat_kaggle,hardhat_kaggle:hard_hat_workers1830,2,0,0,7318c5f5dae227fe786d499d5021545a661ea794
hardhat_kaggle_3a260778673c.png,hardhat_kaggle_3a260778673c,hardhat_kaggle,hardhat_kaggle:hard_hat_workers1831,4,0,0,3a260778673ccb7915e2d1ac0cd6da08828f0f1a
hardhat_kaggle_e925a5bb58f1.png,hardhat_kaggle_e925a5bb58f1,hardhat_kaggle,hardhat_kaggle:hard_hat_workers1832,4,0,0,e925a5bb58f1c75fda6d9df077815c6d571a2c53
hardhat_kaggle_23939965a2ed.png,hardhat_kaggle_23939965a2ed,hardhat_kaggle,hardhat_kaggle:hard_hat_workers1833,14,0,0,23939965a2ed187d77545ff3cb618e54b20c9de3
hardhat_kaggle_adbb60eac53c.png,hardhat_kaggle_adbb60eac53c,hardhat_kaggle,hardhat_kaggle:hard_hat_workers1834,2,0,0,adbb60eac53c3c56ee43242ba2213141c2f6d7a2
hardhat_kaggle_7140bb866d39.png,hardhat_kaggle_7140bb866d39,hardhat_kaggle,hardhat_kaggle:hard_hat_workers1835,3,0,0,7140bb866d3911c9e9ef820f9b63e7d05bcdb053
hardhat_kaggle_c06c2a2dc504.png,hardhat_kaggle_c06c2a2dc504,hardhat_kaggle,hardhat_kaggle:hard_hat_workers1836,5,0,0,c06c2a2dc504d3f2750f2284a755d03969c2439b
hardhat_kaggle_16d34d814a78.png,hardhat_kaggle_16d34d814a78,hardhat_kaggle,hardhat_kaggle:hard_hat_workers1837,4,0,0,16d34d814a7824aab1bab7b622f72f7495974906
hardhat_kaggle_3b1323689554.png,hardhat_kaggle_3b1323689554,hardhat_kaggle,hardhat_kaggle:hard_hat_workers1838,8,0,0,3b132368955441667715fc8f4084a1b14502408a
hardhat_kaggle_15ec9815b05c.png,hardhat_kaggle_15ec9815b05c,hardhat_kaggle,hardhat_kaggle:hard_hat_workers1839,4,0,0,15ec9815b05c072d32079d05f452e72b718820ee
hardhat_kaggle_7d110f37279c.png,hardhat_kaggle_7d110f37279c,hardhat_kaggle,hardhat_kaggle:hard_hat_workers184,1,0,0,7d110f37279c4220dc23419e66c07e22426e7891
hardhat_kaggle_a2aeaec6950b.png,hardhat_kaggle_a2aeaec6950b,hardhat_kaggle,hardhat_kaggle:hard_hat_workers1840,5,0,0,a2aeaec6950bb950b6d82c03aef2abd9c7fc8012
hardhat_kaggle_b3f79a4c6beb.png,hardhat_kaggle_b3f79a4c6beb,hardhat_kaggle,hardhat_kaggle:hard_hat_workers1841,2,0,0,b3f79a4c6beb63f1face4b4c41f969fe680a35dd
hardhat_kaggle_de101d4e01df.png,hardhat_kaggle_de101d4e01df,hardhat_kaggle,hardhat_kaggle:hard_hat_workers1843,18,0,0,de101d4e01dfb27a7f6c3aaf5dc398bed88133b7
hardhat_kaggle_249c3a8e2130.png,hardhat_kaggle_249c3a8e2130,hardhat_kaggle,hardhat_kaggle:hard_hat_workers1844,2,0,0,249c3a8e21304609874dd3a5f9fefa9a921daf34
hardhat_kaggle_7a360290fa76.png,hardhat_kaggle_7a360290fa76,hardhat_kaggle,hardhat_kaggle:hard_hat_workers1845,2,0,0,7a360290fa768dec8a9bee928d004100539b84bf
hardhat_kaggle_c79e3b8a54be.png,hardhat_kaggle_c79e3b8a54be,hardhat_kaggle,hardhat_kaggle:hard_hat_workers1846,3,0,0,c79e3b8a54be154dffbd6a075c9152ea1f226e7a
hardhat_kaggle_0fd3ece5fd33.png,hardhat_kaggle_0fd3ece5fd33,hardhat_kaggle,hardhat_kaggle:hard_hat_workers1848,1,0,0,0fd3ece5fd33fb358cf11ffb2c0ff8d47d3c073f
hardhat_kaggle_87f0dfeb258d.png,hardhat_kaggle_87f0dfeb258d,hardhat_kaggle,hardhat_kaggle:hard_hat_workers1849,1,0,0,87f0dfeb258dc6fa81eb7d7bc564c2679651cda2
hardhat_kaggle_03697be65326.png,hardhat_kaggle_03697be65326,hardhat_kaggle,hardhat_kaggle:hard_hat_workers185,3,0,0,03697be6532656b3e8828da6eaa227d3177e3418
hardhat_kaggle_c0a6c653cd7c.png,hardhat_kaggle_c0a6c653cd7c,hardhat_kaggle,hardhat_kaggle:hard_hat_workers1850,5,0,0,c0a6c653cd7cf0b9b903985cce1da0477126b561
hardhat_kaggle_c9b58624fe9b.png,hardhat_kaggle_c9b58624fe9b,hardhat_kaggle,hardhat_kaggle:hard_hat_workers1851,1,0,0,c9b58624fe9b2c4080860abc85d1c550303a7a6a
hardhat_kaggle_14d42758c226.png,hardhat_kaggle_14d42758c226,hardhat_kaggle,hardhat_kaggle:hard_hat_workers1852,9,0,0,14d42758c22611c24a7b53c66257aa48f665ca06
hardhat_kaggle_4fa1891dc456.png,hardhat_kaggle_4fa1891dc456,hardhat_kaggle,hardhat_kaggle:hard_hat_workers1853,4,0,0,4fa1891dc45644151caeda6da344ba7215d61351
hardhat_kaggle_b23424f08479.png,hardhat_kaggle_b23424f08479,hardhat_kaggle,hardhat_kaggle:hard_hat_workers1854,2,0,0,b23424f08479c5c5f1804d2202b23711c9e24e79
hardhat_kaggle_c71f31c9ba42.png,hardhat_kaggle_c71f31c9ba42,hardhat_kaggle,hardhat_kaggle:hard_hat_workers1855,2,0,0,c71f31c9ba42cddaf1aefe1f7f943b6c1b4fd36a
hardhat_kaggle_46e1d3a8532b.png,hardhat_kaggle_46e1d3a8532b,hardhat_kaggle,hardhat_kaggle:hard_hat_workers1856,6,0,0,46e1d3a8532b7849d6144a463100d22c79dd3009
hardhat_kaggle_24ce33bdc3f4.png,hardhat_kaggle_24ce33bdc3f4,hardhat_kaggle,hardhat_kaggle:hard_hat_workers1857,4,0,0,24ce33bdc3f4d3eb66f8bef46339834af630adae
hardhat_kaggle_c75bc550b0be.png,hardhat_kaggle_c75bc550b0be,hardhat_kaggle,hardhat_kaggle:hard_hat_workers1858,1,0,0,c75bc550b0be0c16b7c60f1be0a9262d2ac391c0
hardhat_kaggle_f72ecea64b45.png,hardhat_kaggle_f72ecea64b45,hardhat_kaggle,hardhat_kaggle:hard_hat_workers1859,7,0,0,f72ecea64b45040f0d2b9ec14295f3324ea0c99a
hardhat_kaggle_e3f5dbce5f95.png,hardhat_kaggle_e3f5dbce5f95,hardhat_kaggle,hardhat_kaggle:hard_hat_workers186,1,0,0,e3f5dbce5f9589fe457822c7c3893d5187b778f1
hardhat_kaggle_769d2506410b.png,hardhat_kaggle_769d2506410b,hardhat_kaggle,hardhat_kaggle:hard_hat_workers1860,6,0,0,769d2506410b605813fff7f4d1993f42fc17c76e
hardhat_kaggle_651338ce33f3.png,hardhat_kaggle_651338ce33f3,hardhat_kaggle,hardhat_kaggle:hard_hat_workers1861,4,0,0,651338ce33f3ac00a03e79b246c9b3320950d8b6
hardhat_kaggle_120c6467fed1.png,hardhat_kaggle_120c6467fed1,hardhat_kaggle,hardhat_kaggle:hard_hat_workers1862,6,0,0,120c6467fed16275274a4a253b1cf233ed5818f2
hardhat_kaggle_530029a03e92.png,hardhat_kaggle_530029a03e92,hardhat_kaggle,hardhat_kaggle:hard_hat_workers1863,5,0,0,530029a03e92edd588581bb88ab36666b3ce4a45
hardhat_kaggle_2cb53e8e3d45.png,hardhat_kaggle_2cb53e8e3d45,hardhat_kaggle,hardhat_kaggle:hard_hat_workers1864,4,0,0,2cb53e8e3d45db6b31ea56cf94fea623c721898e
hardhat_kaggle_e462cb59abfe.png,hardhat_kaggle_e462cb59abfe,hardhat_kaggle,hardhat_kaggle:hard_hat_workers1865,2,0,0,e462cb59abfe75d24ebbb93cb4496c6428b67383
hardhat_kaggle_f657bbaf5e89.png,hardhat_kaggle_f657bbaf5e89,hardhat_kaggle,hardhat_kaggle:hard_hat_workers1866,1,0,0,f657bbaf5e8993f0fba84a8b1b4107a21568db36
hardhat_kaggle_c93075707846.png,hardhat_kaggle_c93075707846,hardhat_kaggle,hardhat_kaggle:hard_hat_workers1867,4,0,0,c9307570784643c7a2fec17f09f1efeb05dc7e1b
hardhat_kaggle_f1f8ae5006c6.png,hardhat_kaggle_f1f8ae5006c6,hardhat_kaggle,hardhat_kaggle:hard_hat_workers1868,1,0,0,f1f8ae5006c600aec18440ca4a5d32ba378927ea
hardhat_kaggle_b18e2f36b27a.png,hardhat_kaggle_b18e2f36b27a,hardhat_kaggle,hardhat_kaggle:hard_hat_workers1869,12,0,0,b18e2f36b27a393c022069194ed61a5af09a8c62
hardhat_kaggle_6794f7b00613.png,hardhat_kaggle_6794f7b00613,hardhat_kaggle,hardhat_kaggle:hard_hat_workers187,4,0,0,6794f7b00613085325bd4d9d5fec8434a728e139
hardhat_kaggle_bf7c1517397b.png,hardhat_kaggle_bf7c1517397b,hardhat_kaggle,hardhat_kaggle:hard_hat_workers1870,2,0,0,bf7c1517397b85e416d131a9181e512730c8eaa8
hardhat_kaggle_ee781a3d2199.png,hardhat_kaggle_ee781a3d2199,hardhat_kaggle,hardhat_kaggle:hard_hat_workers1871,5,0,0,ee781a3d21994808b4bc5763bd080309e81a3f1d
hardhat_kaggle_f9893e23f85e.png,hardhat_kaggle_f9893e23f85e,hardhat_kaggle,hardhat_kaggle:hard_hat_workers1873,3,0,0,f9893e23f85e1afdf2d07349a4dece0c178e0130
hardhat_kaggle_8136d5d255ee.png,hardhat_kaggle_8136d5d255ee,hardhat_kaggle,hardhat_kaggle:hard_hat_workers1874,3,0,0,8136d5d255ee270bceb1cb8595976d1eebc51c37
hardhat_kaggle_2a88e7e37046.png,hardhat_kaggle_2a88e7e37046,hardhat_kaggle,hardhat_kaggle:hard_hat_workers1876,5,0,0,2a88e7e3704628133d5b7af0dd0b2766f596a5e8
hardhat_kaggle_9e818d967637.png,hardhat_kaggle_9e818d967637,hardhat_kaggle,hardhat_kaggle:hard_hat_workers1877,4,0,0,9e818d96763794a5b5077672f47dc52e203c7995
hardhat_kaggle_1a62b9f25bf3.png,hardhat_kaggle_1a62b9f25bf3,hardhat_kaggle,hardhat_kaggle:hard_hat_workers1878,1,0,0,1a62b9f25bf3f899a5f2943ae8efa14fa6eb2dd7
hardhat_kaggle_330e369e2698.png,hardhat_kaggle_330e369e2698,hardhat_kaggle,hardhat_kaggle:hard_hat_workers1879,12,0,0,330e369e269814ea34dc71002966edc78849af79
hardhat_kaggle_29b459d5d08c.png,hardhat_kaggle_29b459d5d08c,hardhat_kaggle,hardhat_kaggle:hard_hat_workers188,3,0,0,29b459d5d08c03bf5fd0723bae4fadcce428bce6
hardhat_kaggle_abf152c254aa.png,hardhat_kaggle_abf152c254aa,hardhat_kaggle,hardhat_kaggle:hard_hat_workers1880,2,0,0,abf152c254aae330fe4b88310dce1db3d9d73c57
hardhat_kaggle_916d26367ec4.png,hardhat_kaggle_916d26367ec4,hardhat_kaggle,hardhat_kaggle:hard_hat_workers1881,4,0,0,916d26367ec430a947ac49e6646bbb090f442861
hardhat_kaggle_c6001b6edd44.png,hardhat_kaggle_c6001b6edd44,hardhat_kaggle,hardhat_kaggle:hard_hat_workers1882,5,0,0,c6001b6edd446cbee8cdfe3082a6ab572b96bc8e
hardhat_kaggle_0e986c914d16.png,hardhat_kaggle_0e986c914d16,hardhat_kaggle,hardhat_kaggle:hard_hat_workers1884,3,0,0,0e986c914d16b921b4419744e599191b315ef801
hardhat_kaggle_e7660b25d2e2.png,hardhat_kaggle_e7660b25d2e2,hardhat_kaggle,hardhat_kaggle:hard_hat_workers1885,6,0,0,e7660b25d2e2787c933d4f1377f9cf07eccf7783
hardhat_kaggle_92de089ab5ba.png,hardhat_kaggle_92de089ab5ba,hardhat_kaggle,hardhat_kaggle:hard_hat_workers1886,6,0,0,92de089ab5ba1e9d5f1d4798e6232cfeb3b74c47
hardhat_kaggle_50273f8ffc7d.png,hardhat_kaggle_50273f8ffc7d,hardhat_kaggle,hardhat_kaggle:hard_hat_workers1887,2,0,0,50273f8ffc7dffd8f829c3be8c87716b55c73817
hardhat_kaggle_a860148368d3.png,hardhat_kaggle_a860148368d3,hardhat_kaggle,hardhat_kaggle:hard_hat_workers1888,3,0,0,a860148368d3c2273d6c49d503fddfa0cac86aa8
hardhat_kaggle_dee012641fc5.png,hardhat_kaggle_dee012641fc5,hardhat_kaggle,hardhat_kaggle:hard_hat_workers1889,2,0,0,dee012641fc597e25b2fd248cbbc0e369b3d4d52
hardhat_kaggle_db1cf8f3ef66.png,hardhat_kaggle_db1cf8f3ef66,hardhat_kaggle,hardhat_kaggle:hard_hat_workers189,1,0,0,db1cf8f3ef663a66bb952320061d12cfc295f31b
hardhat_kaggle_5e6c4730764f.png,hardhat_kaggle_5e6c4730764f,hardhat_kaggle,hardhat_kaggle:hard_hat_workers1890,14,0,0,5e6c4730764f6f556722c3307e191802471e5250
hardhat_kaggle_c3d0bb2ebf52.png,hardhat_kaggle_c3d0bb2ebf52,hardhat_kaggle,hardhat_kaggle:hard_hat_workers1891,1,0,0,c3d0bb2ebf52dae5d7f78397457f14c9ce88f47f
hardhat_kaggle_535bb0157048.png,hardhat_kaggle_535bb0157048,hardhat_kaggle,hardhat_kaggle:hard_hat_workers1892,4,0,0,535bb0157048dfd0747632dfcae39cfa1cfd14e5
hardhat_kaggle_b62666449760.png,hardhat_kaggle_b62666449760,hardhat_kaggle,hardhat_kaggle:hard_hat_workers1893,3,0,0,b626664497604c6b5ce1bb93d6c952a7675ada6e
hardhat_kaggle_70ad8b8fec8e.png,hardhat_kaggle_70ad8b8fec8e,hardhat_kaggle,hardhat_kaggle:hard_hat_workers1894,4,0,0,70ad8b8fec8e872ff6db96b43974e612b2060ded
hardhat_kaggle_e291e3fc94c3.png,hardhat_kaggle_e291e3fc94c3,hardhat_kaggle,hardhat_kaggle:hard_hat_workers1895,14,0,0,e291e3fc94c338d3b511cb17ff3a35b1847181d5
hardhat_kaggle_080c0917adb9.png,hardhat_kaggle_080c0917adb9,hardhat_kaggle,hardhat_kaggle:hard_hat_workers1896,9,0,0,080c0917adb9bbbbbff53e4a6126c2282084c89b
hardhat_kaggle_7a9455b54056.png,hardhat_kaggle_7a9455b54056,hardhat_kaggle,hardhat_kaggle:hard_hat_workers1897,1,0,0,7a9455b54056f0bfceed525632e567f008ea0806
hardhat_kaggle_f9e81781884b.png,hardhat_kaggle_f9e81781884b,hardhat_kaggle,hardhat_kaggle:hard_hat_workers1898,1,0,0,f9e81781884bd12bb967b567b90fc3714efdb380
hardhat_kaggle_de954e055174.png,hardhat_kaggle_de954e055174,hardhat_kaggle,hardhat_kaggle:hard_hat_workers1899,8,0,0,de954e055174a6f94dae9a98fff549834e793dd5
hardhat_kaggle_1079b9082424.png,hardhat_kaggle_1079b9082424,hardhat_kaggle,hardhat_kaggle:hard_hat_workers19,7,0,0,1079b90824249f3d45f261c70a59e1d9f0e21992
hardhat_kaggle_81cc6573d101.png,hardhat_kaggle_81cc6573d101,hardhat_kaggle,hardhat_kaggle:hard_hat_workers190,3,0,0,81cc6573d101d2cbefd454e0fde9f88c8173a15a
hardhat_kaggle_b28eb80be4a6.png,hardhat_kaggle_b28eb80be4a6,hardhat_kaggle,hardhat_kaggle:hard_hat_workers1900,4,0,0,b28eb80be4a6d8fa0fea343e5f2370bf5285419a
hardhat_kaggle_23a383fcb110.png,hardhat_kaggle_23a383fcb110,hardhat_kaggle,hardhat_kaggle:hard_hat_workers1901,2,0,0,23a383fcb110b8dd49d637f9e4127a2b715e190c
hardhat_kaggle_e06ce336d749.png,hardhat_kaggle_e06ce336d749,hardhat_kaggle,hardhat_kaggle:hard_hat_workers1902,9,0,0,e06ce336d74910c13c0cc60531198f7ab9560f32
hardhat_kaggle_eedcd434d0a9.png,hardhat_kaggle_eedcd434d0a9,hardhat_kaggle,hardhat_kaggle:hard_hat_workers1903,13,0,0,eedcd434d0a9dc273b576cd2915cca2cf262b2a0
hardhat_kaggle_8c189e592cb5.png,hardhat_kaggle_8c189e592cb5,hardhat_kaggle,hardhat_kaggle:hard_hat_workers1904,1,0,0,8c189e592cb5ffe52dcb7216c5f2563e0fdf92cd
hardhat_kaggle_31932298e116.png,hardhat_kaggle_31932298e116,hardhat_kaggle,hardhat_kaggle:hard_hat_workers1905,1,0,0,31932298e11686e2de4f9fe0784301b267e2b4bd
hardhat_kaggle_3ca6624f715c.png,hardhat_kaggle_3ca6624f715c,hardhat_kaggle,hardhat_kaggle:hard_hat_workers1906,4,0,0,3ca6624f715cdc6cbeba3408493e960d43fec818
hardhat_kaggle_3830c8236f74.png,hardhat_kaggle_3830c8236f74,hardhat_kaggle,hardhat_kaggle:hard_hat_workers1907,4,0,0,3830c8236f742e0841424381fee509b860724439
hardhat_kaggle_5d1eecf055c2.png,hardhat_kaggle_5d1eecf055c2,hardhat_kaggle,hardhat_kaggle:hard_hat_workers1908,1,0,0,5d1eecf055c26b326fd6df2e7509ce9c17cbe3ed
hardhat_kaggle_142cb7a4565c.png,hardhat_kaggle_142cb7a4565c,hardhat_kaggle,hardhat_kaggle:hard_hat_workers1909,3,0,0,142cb7a4565c77aaaa5055feac8d1351a54fc8ee
hardhat_kaggle_7984a26b7f1a.png,hardhat_kaggle_7984a26b7f1a,hardhat_kaggle,hardhat_kaggle:hard_hat_workers191,4,0,0,7984a26b7f1a8a3a01129b2baf697dc9a3aa9e33
hardhat_kaggle_36a4c44f1dc0.png,hardhat_kaggle_36a4c44f1dc0,hardhat_kaggle,hardhat_kaggle:hard_hat_workers1910,4,0,0,36a4c44f1dc0de2e510cd2384d078504a40cd81f
hardhat_kaggle_88a5dac73b0f.png,hardhat_kaggle_88a5dac73b0f,hardhat_kaggle,hardhat_kaggle:hard_hat_workers1911,2,0,0,88a5dac73b0fa7b0418633ec5bf3cc22d5983179
hardhat_kaggle_177964846637.png,hardhat_kaggle_177964846637,hardhat_kaggle,hardhat_kaggle:hard_hat_workers1912,2,0,0,177964846637ec2c9fe53cd7c56b6b3f7999c254
hardhat_kaggle_1b4362b509c3.png,hardhat_kaggle_1b4362b509c3,hardhat_kaggle,hardhat_kaggle:hard_hat_workers1913,1,0,0,1b4362b509c3deb7709979417b76e50e8165d4c0
hardhat_kaggle_17fa6afd9153.png,hardhat_kaggle_17fa6afd9153,hardhat_kaggle,hardhat_kaggle:hard_hat_workers1916,5,0,0,17fa6afd9153b69c3150deabfed01424abd73e3c
hardhat_kaggle_bfbcb74586ae.png,hardhat_kaggle_bfbcb74586ae,hardhat_kaggle,hardhat_kaggle:hard_hat_workers1917,3,0,0,bfbcb74586ae53ba6d3fd650f683a6975243d94b
hardhat_kaggle_53e376da5241.png,hardhat_kaggle_53e376da5241,hardhat_kaggle,hardhat_kaggle:hard_hat_workers1918,3,0,0,53e376da52410a1704ac8ee84eb88c6a93c7440b
hardhat_kaggle_f1f7847c34ea.png,hardhat_kaggle_f1f7847c34ea,hardhat_kaggle,hardhat_kaggle:hard_hat_workers192,6,0,0,f1f7847c34ea42dae811c0d0722a16d7b97014c7
hardhat_kaggle_bcf86a12683e.png,hardhat_kaggle_bcf86a12683e,hardhat_kaggle,hardhat_kaggle:hard_hat_workers1920,8,0,0,bcf86a12683eb3467f4ffabd77e34984f6b30434
hardhat_kaggle_03d7e2a26373.png,hardhat_kaggle_03d7e2a26373,hardhat_kaggle,hardhat_kaggle:hard_hat_workers1921,3,0,0,03d7e2a26373d08fbab10c6afc9c93bedf505701
hardhat_kaggle_eaf858a388c4.png,hardhat_kaggle_eaf858a388c4,hardhat_kaggle,hardhat_kaggle:hard_hat_workers1922,2,0,0,eaf858a388c4bf9de750b20becbe1125a7127a27
hardhat_kaggle_875ee87530c1.png,hardhat_kaggle_875ee87530c1,hardhat_kaggle,hardhat_kaggle:hard_hat_workers1923,4,0,0,875ee87530c1f00212a1f7d20f7b6bb75e05169a
hardhat_kaggle_a90f66ecc76b.png,hardhat_kaggle_a90f66ecc76b,hardhat_kaggle,hardhat_kaggle:hard_hat_workers1924,6,0,0,a90f66ecc76bc9b58d0d68069356f59f4d5948a3
hardhat_kaggle_2b5dd328ecf9.png,hardhat_kaggle_2b5dd328ecf9,hardhat_kaggle,hardhat_kaggle:hard_hat_workers1925,2,0,0,2b5dd328ecf9ab6ee9b58151cad58c6df2d72d27
hardhat_kaggle_dcd1b435aaaa.png,hardhat_kaggle_dcd1b435aaaa,hardhat_kaggle,hardhat_kaggle:hard_hat_workers1927,2,0,0,dcd1b435aaaaabc542076c0f45de2b41628bea81
hardhat_kaggle_f3a91e00f786.png,hardhat_kaggle_f3a91e00f786,hardhat_kaggle,hardhat_kaggle:hard_hat_workers1928,1,0,0,f3a91e00f786bf12aea08e9f97eede521eb46ae1
hardhat_kaggle_0a2fe35bae7c.png,hardhat_kaggle_0a2fe35bae7c,hardhat_kaggle,hardhat_kaggle:hard_hat_workers1929,3,0,0,0a2fe35bae7ca1a5a0bcac08bec3980362db7cae
hardhat_kaggle_5aa613eac564.png,hardhat_kaggle_5aa613eac564,hardhat_kaggle,hardhat_kaggle:hard_hat_workers193,1,0,0,5aa613eac5640a7637b5678838019357474ddb9a
hardhat_kaggle_7be1bf094138.png,hardhat_kaggle_7be1bf094138,hardhat_kaggle,hardhat_kaggle:hard_hat_workers1930,1,0,0,7be1bf09413830c138bce56cd05f5bdaae76a32a
hardhat_kaggle_0fc26ad68431.png,hardhat_kaggle_0fc26ad68431,hardhat_kaggle,hardhat_kaggle:hard_hat_workers1931,1,0,0,0fc26ad6843157ce479341bb21bc478151b4ee76
hardhat_kaggle_512c94cae0b6.png,hardhat_kaggle_512c94cae0b6,hardhat_kaggle,hardhat_kaggle:hard_hat_workers1932,2,0,0,512c94cae0b6b2a5e4a5ff268ad37acd63b8aa11
hardhat_kaggle_c7cd15fd322f.png,hardhat_kaggle_c7cd15fd322f,hardhat_kaggle,hardhat_kaggle:hard_hat_workers1933,1,0,0,c7cd15fd322f8767096a25f1893f6b1b50ee0888
hardhat_kaggle_89eed4e0b36f.png,hardhat_kaggle_89eed4e0b36f,hardhat_kaggle,hardhat_kaggle:hard_hat_workers1934,2,0,0,89eed4e0b36f30fca1f64a1e37eaa74a9de247b9
hardhat_kaggle_68e343d9fa2e.png,hardhat_kaggle_68e343d9fa2e,hardhat_kaggle,hardhat_kaggle:hard_hat_workers1935,10,0,0,68e343d9fa2ef06e06ee282889cd4a45b0ae2c5f
hardhat_kaggle_0487227f1eb2.png,hardhat_kaggle_0487227f1eb2,hardhat_kaggle,hardhat_kaggle:hard_hat_workers1936,1,0,0,0487227f1eb28de536de8e4d9758cd8e82420e7e
hardhat_kaggle_60bd04d6d509.png,hardhat_kaggle_60bd04d6d509,hardhat_kaggle,hardhat_kaggle:hard_hat_workers1937,3,0,0,60bd04d6d50982225b45cda7f32290035c9dc20f
hardhat_kaggle_d2d2812bb7ff.png,hardhat_kaggle_d2d2812bb7ff,hardhat_kaggle,hardhat_kaggle:hard_hat_workers1938,4,0,0,d2d2812bb7ff498764581224fc337d36beb0aaa0
hardhat_kaggle_d15ea3dec6fe.png,hardhat_kaggle_d15ea3dec6fe,hardhat_kaggle,hardhat_kaggle:hard_hat_workers1939,3,0,0,d15ea3dec6fe3ccb6adf79352da810e5e1ac251c
hardhat_kaggle_6884d834fa01.png,hardhat_kaggle_6884d834fa01,hardhat_kaggle,hardhat_kaggle:hard_hat_workers194,7,0,0,6884d834fa01de687a84d6e4fd09b6d18caf829b
hardhat_kaggle_01091bcbe800.png,hardhat_kaggle_01091bcbe800,hardhat_kaggle,hardhat_kaggle:hard_hat_workers1940,4,0,0,01091bcbe8000786ea0f321f3581ee1a204ec8de
hardhat_kaggle_3ef5cd64a340.png,hardhat_kaggle_3ef5cd64a340,hardhat_kaggle,hardhat_kaggle:hard_hat_workers1941,4,0,0,3ef5cd64a3409b64ab05feeb116eb7e3268d83ec
hardhat_kaggle_f405c6732ff0.png,hardhat_kaggle_f405c6732ff0,hardhat_kaggle,hardhat_kaggle:hard_hat_workers1942,3,0,0,f405c6732ff0e5faf427657617a0f3cef7e4fc08
hardhat_kaggle_c0829d104707.png,hardhat_kaggle_c0829d104707,hardhat_kaggle,hardhat_kaggle:hard_hat_workers1943,1,0,0,c0829d104707f9d173906ad977a4aca5480b5238
hardhat_kaggle_0c27a8c6e1ee.png,hardhat_kaggle_0c27a8c6e1ee,hardhat_kaggle,hardhat_kaggle:hard_hat_workers1944,5,0,0,0c27a8c6e1ee6d7988c1eaa6882d826a82bd828e
hardhat_kaggle_281ad4e4a7f3.png,hardhat_kaggle_281ad4e4a7f3,hardhat_kaggle,hardhat_kaggle:hard_hat_workers1945,4,0,0,281ad4e4a7f345e425f6ed5bbca93474502a8c13
hardhat_kaggle_287df77ecbd4.png,hardhat_kaggle_287df77ecbd4,hardhat_kaggle,hardhat_kaggle:hard_hat_workers1946,2,0,0,287df77ecbd416330894e814370593bf660f41c5
hardhat_kaggle_c86dacda6783.png,hardhat_kaggle_c86dacda6783,hardhat_kaggle,hardhat_kaggle:hard_hat_workers1947,2,0,0,c86dacda678398462920ffbb2a0e8846ebc50f69
hardhat_kaggle_f2155f5b9547.png,hardhat_kaggle_f2155f5b9547,hardhat_kaggle,hardhat_kaggle:hard_hat_workers1948,7,0,0,f2155f5b9547ebf6d8aae9808d54429cfef9e351
hardhat_kaggle_9f6913f1f4d9.png,hardhat_kaggle_9f6913f1f4d9,hardhat_kaggle,hardhat_kaggle:hard_hat_workers1949,1,0,0,9f6913f1f4d9f788fea97ee047dd03b38c8ed393
hardhat_kaggle_142998364ad8.png,hardhat_kaggle_142998364ad8,hardhat_kaggle,hardhat_kaggle:hard_hat_workers195,6,0,0,142998364ad8a42e60f6b21877727c12dec9e1df
hardhat_kaggle_bd175a00e64b.png,hardhat_kaggle_bd175a00e64b,hardhat_kaggle,hardhat_kaggle:hard_hat_workers1950,4,0,0,bd175a00e64b7eefaa78d6b1f8d57b8f9b110d7e
hardhat_kaggle_c68f5ba83fb7.png,hardhat_kaggle_c68f5ba83fb7,hardhat_kaggle,hardhat_kaggle:hard_hat_workers1951,4,0,0,c68f5ba83fb7a35141f33c36338caff1e4870614
hardhat_kaggle_95eb576fbe30.png,hardhat_kaggle_95eb576fbe30,hardhat_kaggle,hardhat_kaggle:hard_hat_workers1952,8,0,0,95eb576fbe300c8aed842623dd13368e38dd6eb7
hardhat_kaggle_d623bec4ab3d.png,hardhat_kaggle_d623bec4ab3d,hardhat_kaggle,hardhat_kaggle:hard_hat_workers1953,5,0,0,d623bec4ab3d6210da41aa83e2823d3c1e994f83
hardhat_kaggle_6f9803dcade7.png,hardhat_kaggle_6f9803dcade7,hardhat_kaggle,hardhat_kaggle:hard_hat_workers1954,4,0,0,6f9803dcade716502fc0b1a20712666323666589
hardhat_kaggle_d83d5d0448e9.png,hardhat_kaggle_d83d5d0448e9,hardhat_kaggle,hardhat_kaggle:hard_hat_workers1955,2,0,0,d83d5d0448e9763ab8a355f96dc7b02fe46c7649
hardhat_kaggle_60345100171d.png,hardhat_kaggle_60345100171d,hardhat_kaggle,hardhat_kaggle:hard_hat_workers1956,4,0,0,60345100171ddeb5110e8527f915ff7284cc8ee6
hardhat_kaggle_001fc9b349ab.png,hardhat_kaggle_001fc9b349ab,hardhat_kaggle,hardhat_kaggle:hard_hat_workers1957,5,0,0,001fc9b349ab6f93817ee1abbcda401e8f6a9317
hardhat_kaggle_106e243566f9.png,hardhat_kaggle_106e243566f9,hardhat_kaggle,hardhat_kaggle:hard_hat_workers1958,8,0,0,106e243566f9e28d077fc3cfc5a7204638adc2f4
hardhat_kaggle_b4ac95fa98a5.png,hardhat_kaggle_b4ac95fa98a5,hardhat_kaggle,hardhat_kaggle:hard_hat_workers1959,3,0,0,b4ac95fa98a5e1ec4b1b94dd9b5e392e34e7593c
hardhat_kaggle_e2a515b429ce.png,hardhat_kaggle_e2a515b429ce,hardhat_kaggle,hardhat_kaggle:hard_hat_workers196,5,0,0,e2a515b429ce711b8a34df6dcc9cb8873ef22838
hardhat_kaggle_049d1cf72aa5.png,hardhat_kaggle_049d1cf72aa5,hardhat_kaggle,hardhat_kaggle:hard_hat_workers1960,7,0,0,049d1cf72aa500c355043de53e40be304340aac6
hardhat_kaggle_0d7b57eb85ec.png,hardhat_kaggle_0d7b57eb85ec,hardhat_kaggle,hardhat_kaggle:hard_hat_workers1961,2,0,0,0d7b57eb85ec5cc15142ad300c5434c6e4dbd151
hardhat_kaggle_0dd2abceb280.png,hardhat_kaggle_0dd2abceb280,hardhat_kaggle,hardhat_kaggle:hard_hat_workers1962,1,0,0,0dd2abceb2808fab89a2371eab0d3e403d1fbc99
hardhat_kaggle_06b9fa2bd0a8.png,hardhat_kaggle_06b9fa2bd0a8,hardhat_kaggle,hardhat_kaggle:hard_hat_workers1964,3,0,0,06b9fa2bd0a806f1dc42f5ecab6bb6d9e6d39ca0
hardhat_kaggle_b0a781ef0276.png,hardhat_kaggle_b0a781ef0276,hardhat_kaggle,hardhat_kaggle:hard_hat_workers1965,2,0,0,b0a781ef0276d57da69224f2657398b13c2d6d5e
hardhat_kaggle_03e7135e7bef.png,hardhat_kaggle_03e7135e7bef,hardhat_kaggle,hardhat_kaggle:hard_hat_workers1966,3,0,0,03e7135e7bef55c9fd4daa5063141fad1d159179
hardhat_kaggle_d7a5e3d322f4.png,hardhat_kaggle_d7a5e3d322f4,hardhat_kaggle,hardhat_kaggle:hard_hat_workers1967,5,0,0,d7a5e3d322f4926314a865fc33d6a2256e44fff3
hardhat_kaggle_d6830f99bc8a.png,hardhat_kaggle_d6830f99bc8a,hardhat_kaggle,hardhat_kaggle:hard_hat_workers1968,4,0,0,d6830f99bc8a27c21ab9c57f0ce8db932e8cfa99
hardhat_kaggle_7d0f227633c8.png,hardhat_kaggle_7d0f227633c8,hardhat_kaggle,hardhat_kaggle:hard_hat_workers1969,9,0,0,7d0f227633c826133878afe1337b6a764bce3353
hardhat_kaggle_c61113569839.png,hardhat_kaggle_c61113569839,hardhat_kaggle,hardhat_kaggle:hard_hat_workers197,1,0,0,c61113569839248013061433ae00071f188a1c52
hardhat_kaggle_6b2b1dca1cc6.png,hardhat_kaggle_6b2b1dca1cc6,hardhat_kaggle,hardhat_kaggle:hard_hat_workers1970,2,0,0,6b2b1dca1cc6b90d60e01eae45462782ea33ce01
hardhat_kaggle_243ee5d614e9.png,hardhat_kaggle_243ee5d614e9,hardhat_kaggle,hardhat_kaggle:hard_hat_workers1971,4,0,0,243ee5d614e99cde70c5e313d4117616d9e2a540
hardhat_kaggle_427fc5716c28.png,hardhat_kaggle_427fc5716c28,hardhat_kaggle,hardhat_kaggle:hard_hat_workers1972,1,0,0,427fc5716c28b7006a17bb9c0bea0e79d57fec57
hardhat_kaggle_7ee41f54d38c.png,hardhat_kaggle_7ee41f54d38c,hardhat_kaggle,hardhat_kaggle:hard_hat_workers1973,2,0,0,7ee41f54d38c8cca6dd4fa649b29bccc79faefdd
hardhat_kaggle_ad360585ff31.png,hardhat_kaggle_ad360585ff31,hardhat_kaggle,hardhat_kaggle:hard_hat_workers1974,6,0,0,ad360585ff31723b03fe2eecb658b07965bea97c
hardhat_kaggle_0a3d6a4f06df.png,hardhat_kaggle_0a3d6a4f06df,hardhat_kaggle,hardhat_kaggle:hard_hat_workers1975,1,0,0,0a3d6a4f06dfe9b251f1e819f98e4c2a243f5c62
hardhat_kaggle_7edbdd078226.png,hardhat_kaggle_7edbdd078226,hardhat_kaggle,hardhat_kaggle:hard_hat_workers1976,1,0,0,7edbdd078226a5ca855a22ae3e2a3b2c09f79b40
hardhat_kaggle_08b70591fb60.png,hardhat_kaggle_08b70591fb60,hardhat_kaggle,hardhat_kaggle:hard_hat_workers1977,3,0,0,08b70591fb60871025c1f9d05cd0e8de7a5ad49a
hardhat_kaggle_ebed7a00c5e3.png,hardhat_kaggle_ebed7a00c5e3,hardhat_kaggle,hardhat_kaggle:hard_hat_workers1978,1,0,0,ebed7a00c5e38340b61cdc192b36d3da3c446a96
hardhat_kaggle_5b5bbae5f904.png,hardhat_kaggle_5b5bbae5f904,hardhat_kaggle,hardhat_kaggle:hard_hat_workers1979,7,0,0,5b5bbae5f90463976ac4cff6ef4e8c2e659d5744
hardhat_kaggle_b0ab5072f462.png,hardhat_kaggle_b0ab5072f462,hardhat_kaggle,hardhat_kaggle:hard_hat_workers198,3,0,0,b0ab5072f4627fa3f24792b3af22562ee5b9e19d
hardhat_kaggle_8a8f700f6684.png,hardhat_kaggle_8a8f700f6684,hardhat_kaggle,hardhat_kaggle:hard_hat_workers1980,2,0,0,8a8f700f668440711c75e49f538e5e58a1ac0d2c
hardhat_kaggle_01755c709797.png,hardhat_kaggle_01755c709797,hardhat_kaggle,hardhat_kaggle:hard_hat_workers1981,1,0,0,01755c709797a349e6ded2535a2a688735756316
hardhat_kaggle_dbb8cd5dd01a.png,hardhat_kaggle_dbb8cd5dd01a,hardhat_kaggle,hardhat_kaggle:hard_hat_workers1982,2,0,0,dbb8cd5dd01a53801fda225030d56cd1f3bdbb16
hardhat_kaggle_fec253121cac.png,hardhat_kaggle_fec253121cac,hardhat_kaggle,hardhat_kaggle:hard_hat_workers1983,2,0,0,fec253121cac69c90786c1059ca2519736a8f09c
hardhat_kaggle_d8c127f577a2.png,hardhat_kaggle_d8c127f577a2,hardhat_kaggle,hardhat_kaggle:hard_hat_workers1984,5,0,0,d8c127f577a21f42ac264564acca7b98501b38c0
hardhat_kaggle_ef95d4aa6b2b.png,hardhat_kaggle_ef95d4aa6b2b,hardhat_kaggle,hardhat_kaggle:hard_hat_workers1985,4,0,0,ef95d4aa6b2b280e37e6b7b5dd76187cf0b42e42
hardhat_kaggle_53ac5dd8281e.png,hardhat_kaggle_53ac5dd8281e,hardhat_kaggle,hardhat_kaggle:hard_hat_workers1986,2,0,0,53ac5dd8281edba93b8b1bff63fc24f0fa946b42
hardhat_kaggle_df28830e563a.png,hardhat_kaggle_df28830e563a,hardhat_kaggle,hardhat_kaggle:hard_hat_workers1987,5,0,0,df28830e563afa3a94a2a2cb442aabaa032a9c14
hardhat_kaggle_17916fdc22dc.png,hardhat_kaggle_17916fdc22dc,hardhat_kaggle,hardhat_kaggle:hard_hat_workers1988,4,0,0,17916fdc22dcccc67f948bc31d917930cb31e199
hardhat_kaggle_bc87456a1b7b.png,hardhat_kaggle_bc87456a1b7b,hardhat_kaggle,hardhat_kaggle:hard_hat_workers1989,2,0,0,bc87456a1b7bcb81cdb10872cb262e3b5a9cf711
hardhat_kaggle_70f221cb8f8f.png,hardhat_kaggle_70f221cb8f8f,hardhat_kaggle,hardhat_kaggle:hard_hat_workers1990,1,0,0,70f221cb8f8fd661cc0e1ec9120bc55dc25d5178
hardhat_kaggle_e798f2277408.png,hardhat_kaggle_e798f2277408,hardhat_kaggle,hardhat_kaggle:hard_hat_workers1992,1,0,0,e798f2277408b57f5546f4fb3e57d88e68b15cdd
hardhat_kaggle_d0cd855860dc.png,hardhat_kaggle_d0cd855860dc,hardhat_kaggle,hardhat_kaggle:hard_hat_workers1994,8,0,0,d0cd855860dc1d74d69f03002693f3d5ca5cfe92
hardhat_kaggle_7d17f06937d1.png,hardhat_kaggle_7d17f06937d1,hardhat_kaggle,hardhat_kaggle:hard_hat_workers1995,9,0,0,7d17f06937d11cc9eaa8b03e2ac5a5e87a7e117b
hardhat_kaggle_7979169bdf91.png,hardhat_kaggle_7979169bdf91,hardhat_kaggle,hardhat_kaggle:hard_hat_workers1996,2,0,0,7979169bdf91880e1320a6883f6f55195db393a1
hardhat_kaggle_173e54c52aac.png,hardhat_kaggle_173e54c52aac,hardhat_kaggle,hardhat_kaggle:hard_hat_workers1997,2,0,0,173e54c52aaccaef26efc436d5076b6b3f3b3c13
hardhat_kaggle_82ad025f49f8.png,hardhat_kaggle_82ad025f49f8,hardhat_kaggle,hardhat_kaggle:hard_hat_workers1998,1,0,0,82ad025f49f8e7f6115156d58fcc3e8c6339220e
hardhat_kaggle_bfeb465a5553.png,hardhat_kaggle_bfeb465a5553,hardhat_kaggle,hardhat_kaggle:hard_hat_workers1999,2,0,0,bfeb465a55531ce1ba5127d6eb93bcf477c95889
hardhat_kaggle_a21f10a20f19.png,hardhat_kaggle_a21f10a20f19,hardhat_kaggle,hardhat_kaggle:hard_hat_workers2,2,0,0,a21f10a20f1932ece732f9bff572929ad77213bf
hardhat_kaggle_f93e72c8b3e4.png,hardhat_kaggle_f93e72c8b3e4,hardhat_kaggle,hardhat_kaggle:hard_hat_workers20,3,0,0,f93e72c8b3e4c13e1ba6fb869d1bce0c0bb52cb7
hardhat_kaggle_913a97d05687.png,hardhat_kaggle_913a97d05687,hardhat_kaggle,hardhat_kaggle:hard_hat_workers200,4,0,0,913a97d056878330b7f9e68d56291397a252c760
hardhat_kaggle_dce932465584.png,hardhat_kaggle_dce932465584,hardhat_kaggle,hardhat_kaggle:hard_hat_workers2000,9,0,0,dce93246558496544af61696eee40bf821534b42
hardhat_kaggle_882e113899f9.png,hardhat_kaggle_882e113899f9,hardhat_kaggle,hardhat_kaggle:hard_hat_workers2001,2,0,0,882e113899f94f1f6f7df1678484c30ea7b762a8
hardhat_kaggle_bf0709fe3d6a.png,hardhat_kaggle_bf0709fe3d6a,hardhat_kaggle,hardhat_kaggle:hard_hat_workers2002,3,0,0,bf0709fe3d6a34674e9dd93c6fb2224dbf0ec826
hardhat_kaggle_e3d30b0df1de.png,hardhat_kaggle_e3d30b0df1de,hardhat_kaggle,hardhat_kaggle:hard_hat_workers2003,1,0,0,e3d30b0df1de164314b6aac2976f5b12cf63d28e
hardhat_kaggle_9b133dff8bff.png,hardhat_kaggle_9b133dff8bff,hardhat_kaggle,hardhat_kaggle:hard_hat_workers2004,4,0,0,9b133dff8bffbdaf3b4d6f9a777d5244649b561f
hardhat_kaggle_6efbc611231b.png,hardhat_kaggle_6efbc611231b,hardhat_kaggle,hardhat_kaggle:hard_hat_workers2005,2,0,0,6efbc611231be78c8a40ffc9a385133be37561d9
hardhat_kaggle_cea9a8ac51af.png,hardhat_kaggle_cea9a8ac51af,hardhat_kaggle,hardhat_kaggle:hard_hat_workers2006,1,0,0,cea9a8ac51af153aa0616177204f63fdf788d318
hardhat_kaggle_1b608f805750.png,hardhat_kaggle_1b608f805750,hardhat_kaggle,hardhat_kaggle:hard_hat_workers2007,4,0,0,1b608f805750cdae58768ed00467db134708dbcb
hardhat_kaggle_bf9e3dad909e.png,hardhat_kaggle_bf9e3dad909e,hardhat_kaggle,hardhat_kaggle:hard_hat_workers2008,2,0,0,bf9e3dad909e95d25ec52df06b0faadd53211e27
hardhat_kaggle_26fdac20253d.png,hardhat_kaggle_26fdac20253d,hardhat_kaggle,hardhat_kaggle:hard_hat_workers2009,1,0,0,26fdac20253d9ff6af92abd3fd93e5197b6a099c
hardhat_kaggle_9089859d69de.png,hardhat_kaggle_9089859d69de,hardhat_kaggle,hardhat_kaggle:hard_hat_workers201,2,0,0,9089859d69dedf656616dcd147463eadaf8b3fdb
hardhat_kaggle_94aa218a0bb3.png,hardhat_kaggle_94aa218a0bb3,hardhat_kaggle,hardhat_kaggle:hard_hat_workers2010,3,0,0,94aa218a0bb31f587cd2b84d1137ba2f46f13e9e
hardhat_kaggle_f65ac522b065.png,hardhat_kaggle_f65ac522b065,hardhat_kaggle,hardhat_kaggle:hard_hat_workers2011,4,0,0,f65ac522b0654b78437568efe1f626ce2e33aa19
hardhat_kaggle_b582c8dc1e15.png,hardhat_kaggle_b582c8dc1e15,hardhat_kaggle,hardhat_kaggle:hard_hat_workers2012,2,0,0,b582c8dc1e15421586a9b25e8262cb8b627baf17
hardhat_kaggle_5488cecacbfd.png,hardhat_kaggle_5488cecacbfd,hardhat_kaggle,hardhat_kaggle:hard_hat_workers2013,6,0,0,5488cecacbfd6a09a43a0cf20b8a49fc128c28ba
hardhat_kaggle_23bca917fdbd.png,hardhat_kaggle_23bca917fdbd,hardhat_kaggle,hardhat_kaggle:hard_hat_workers2014,1,0,0,23bca917fdbd2d75631f28cc97203b3d0ece9943
hardhat_kaggle_8e23b284902e.png,hardhat_kaggle_8e23b284902e,hardhat_kaggle,hardhat_kaggle:hard_hat_workers2015,13,0,0,8e23b284902e7ed96e95a6c51d2352c937f22fd1
hardhat_kaggle_39f6d1c431e0.png,hardhat_kaggle_39f6d1c431e0,hardhat_kaggle,hardhat_kaggle:hard_hat_workers2016,2,0,0,39f6d1c431e00b239a7da1ee181435b033d7415b
hardhat_kaggle_671a5206aef1.png,hardhat_kaggle_671a5206aef1,hardhat_kaggle,hardhat_kaggle:hard_hat_workers2017,3,0,0,671a5206aef1b501988c31fee6f93bd6b265959f
hardhat_kaggle_1381ee088ef6.png,hardhat_kaggle_1381ee088ef6,hardhat_kaggle,hardhat_kaggle:hard_hat_workers2018,1,0,0,1381ee088ef6f72cb4f3c272f31af642f7c74cc3
hardhat_kaggle_f446b0430431.png,hardhat_kaggle_f446b0430431,hardhat_kaggle,hardhat_kaggle:hard_hat_workers2019,8,0,0,f446b0430431b677a92b5c99ffeae765894bbaf7
hardhat_kaggle_c0a12cdf52e4.png,hardhat_kaggle_c0a12cdf52e4,hardhat_kaggle,hardhat_kaggle:hard_hat_workers202,15,0,0,c0a12cdf52e48d604eb2d0a721b32d5d52616fcc
hardhat_kaggle_4463f35e28d2.png,hardhat_kaggle_4463f35e28d2,hardhat_kaggle,hardhat_kaggle:hard_hat_workers2020,7,0,0,4463f35e28d24c311f108bc5246d334dcbb7865a
hardhat_kaggle_cee086de1f9f.png,hardhat_kaggle_cee086de1f9f,hardhat_kaggle,hardhat_kaggle:hard_hat_workers2021,5,0,0,cee086de1f9fd8529904d741fd7cc324954ddbf2
hardhat_kaggle_3ae0153819cf.png,hardhat_kaggle_3ae0153819cf,hardhat_kaggle,hardhat_kaggle:hard_hat_workers2022,10,0,0,3ae0153819cf960f66fc752c7ba075ad4d71708f
hardhat_kaggle_43844e68efc0.png,hardhat_kaggle_43844e68efc0,hardhat_kaggle,hardhat_kaggle:hard_hat_workers2023,2,0,0,43844e68efc0080ece6d69194a58eb882bf1f607
hardhat_kaggle_6fb6d1b53f52.png,hardhat_kaggle_6fb6d1b53f52,hardhat_kaggle,hardhat_kaggle:hard_hat_workers2024,2,0,0,6fb6d1b53f52bac72d54a3836d84227559c72b51
hardhat_kaggle_18a341f86048.png,hardhat_kaggle_18a341f86048,hardhat_kaggle,hardhat_kaggle:hard_hat_workers2025,1,0,0,18a341f86048dec0f6fce40f30f46033499dfa55
hardhat_kaggle_301550c4212e.png,hardhat_kaggle_301550c4212e,hardhat_kaggle,hardhat_kaggle:hard_hat_workers2026,6,0,0,301550c4212e75089a88b1f5e7ef80df872cace8
hardhat_kaggle_cba461843f49.png,hardhat_kaggle_cba461843f49,hardhat_kaggle,hardhat_kaggle:hard_hat_workers2027,1,0,0,cba461843f49d748cb091919be3c4339a7aafd82
hardhat_kaggle_4f9fcd83fc23.png,hardhat_kaggle_4f9fcd83fc23,hardhat_kaggle,hardhat_kaggle:hard_hat_workers2028,10,0,0,4f9fcd83fc23701bbfd98e546dec631263c17be7
hardhat_kaggle_c4466e40d004.png,hardhat_kaggle_c4466e40d004,hardhat_kaggle,hardhat_kaggle:hard_hat_workers2029,4,0,0,c4466e40d004111492b148523affc4e272f4fc1d
hardhat_kaggle_363094e12eba.png,hardhat_kaggle_363094e12eba,hardhat_kaggle,hardhat_kaggle:hard_hat_workers203,2,0,0,363094e12eba455871abc1d1658a8259b9739f9a
hardhat_kaggle_d62dff80df78.png,hardhat_kaggle_d62dff80df78,hardhat_kaggle,hardhat_kaggle:hard_hat_workers2030,3,0,0,d62dff80df78677b3cae1f3b8da8eddfff5ea24a
hardhat_kaggle_79c4db3350b4.png,hardhat_kaggle_79c4db3350b4,hardhat_kaggle,hardhat_kaggle:hard_hat_workers2031,7,0,0,79c4db3350b4229357df94116e995b5b394787f3
hardhat_kaggle_a85e52c709a9.png,hardhat_kaggle_a85e52c709a9,hardhat_kaggle,hardhat_kaggle:hard_hat_workers2032,2,0,0,a85e52c709a9470a2c8b7150564d6222f3b953bd
hardhat_kaggle_95976d0236ed.png,hardhat_kaggle_95976d0236ed,hardhat_kaggle,hardhat_kaggle:hard_hat_workers2033,2,0,0,95976d0236edaf49115d99368e57a176a965ff37
hardhat_kaggle_6cddb47a7af3.png,hardhat_kaggle_6cddb47a7af3,hardhat_kaggle,hardhat_kaggle:hard_hat_workers2035,6,0,0,6cddb47a7af3e3fe2945aa943b4def8e338a308a
hardhat_kaggle_256ba45f4adf.png,hardhat_kaggle_256ba45f4adf,hardhat_kaggle,hardhat_kaggle:hard_hat_workers2036,6,0,0,256ba45f4adfb4910d3c814030bc009a25c3a015
hardhat_kaggle_3f4c162c6920.png,hardhat_kaggle_3f4c162c6920,hardhat_kaggle,hardhat_kaggle:hard_hat_workers2037,3,0,0,3f4c162c6920a81547e810c0d29fd4f3d469e337
hardhat_kaggle_e8a461dabba4.png,hardhat_kaggle_e8a461dabba4,hardhat_kaggle,hardhat_kaggle:hard_hat_workers2038,5,0,0,e8a461dabba42e4a392f478c869cee9d6fdcb04b
hardhat_kaggle_ce5454288fa3.png,hardhat_kaggle_ce5454288fa3,hardhat_kaggle,hardhat_kaggle:hard_hat_workers2039,1,0,0,ce5454288fa359b1d700030bc64168cfbee7c7d6
hardhat_kaggle_198bfaa0ccc2.png,hardhat_kaggle_198bfaa0ccc2,hardhat_kaggle,hardhat_kaggle:hard_hat_workers204,4,0,0,198bfaa0ccc21d51fb63389438bc2241a02b643b
hardhat_kaggle_33559a0cd4f8.png,hardhat_kaggle_33559a0cd4f8,hardhat_kaggle,hardhat_kaggle:hard_hat_workers2040,9,0,0,33559a0cd4f82a10f3643cff2410997d611c2306
hardhat_kaggle_f37c94b5131e.png,hardhat_kaggle_f37c94b5131e,hardhat_kaggle,hardhat_kaggle:hard_hat_workers2041,4,0,0,f37c94b5131e819bcd3ddf7ed94c0dff16b43a24
hardhat_kaggle_ef42f0565560.png,hardhat_kaggle_ef42f0565560,hardhat_kaggle,hardhat_kaggle:hard_hat_workers2042,4,0,0,ef42f0565560b86e898b383ead6d33e5634c1cec
hardhat_kaggle_69fa9083eb51.png,hardhat_kaggle_69fa9083eb51,hardhat_kaggle,hardhat_kaggle:hard_hat_workers2043,4,0,0,69fa9083eb516bd4fdc469fd59843b2d5323b6b0
hardhat_kaggle_41b4c7578876.png,hardhat_kaggle_41b4c7578876,hardhat_kaggle,hardhat_kaggle:hard_hat_workers2044,3,0,0,41b4c7578876b56da97f96337850f1de7a591b70
hardhat_kaggle_2b5dba546b5f.png,hardhat_kaggle_2b5dba546b5f,hardhat_kaggle,hardhat_kaggle:hard_hat_workers2045,1,0,0,2b5dba546b5fe9a66b9beab1ef2449e65b42d8cf
hardhat_kaggle_ea365313b6ef.png,hardhat_kaggle_ea365313b6ef,hardhat_kaggle,hardhat_kaggle:hard_hat_workers2046,8,0,0,ea365313b6effc8c3ac0026c66790c6d60bdb880
hardhat_kaggle_bfb13fe38c14.png,hardhat_kaggle_bfb13fe38c14,hardhat_kaggle,hardhat_kaggle:hard_hat_workers2047,2,0,0,bfb13fe38c149e7b07bdfcf4f197428ee3cdf74c
hardhat_kaggle_62d8cd6110a6.png,hardhat_kaggle_62d8cd6110a6,hardhat_kaggle,hardhat_kaggle:hard_hat_workers2048,5,0,0,62d8cd6110a6b5ac7ac2e9fab6cda96394261786
hardhat_kaggle_7989ed132f2a.png,hardhat_kaggle_7989ed132f2a,hardhat_kaggle,hardhat_kaggle:hard_hat_workers2049,3,0,0,7989ed132f2ab428a939a37d671f9baefa59d954
hardhat_kaggle_c870b05a8ed5.png,hardhat_kaggle_c870b05a8ed5,hardhat_kaggle,hardhat_kaggle:hard_hat_workers205,1,0,0,c870b05a8ed55050bc8df105e09abd40854c6413
hardhat_kaggle_d4af295f610f.png,hardhat_kaggle_d4af295f610f,hardhat_kaggle,hardhat_kaggle:hard_hat_workers2050,4,0,0,d4af295f610f8de000f1badbc01c1e24eb5bf493
hardhat_kaggle_c286272d8722.png,hardhat_kaggle_c286272d8722,hardhat_kaggle,hardhat_kaggle:hard_hat_workers2051,4,0,0,c286272d872283ee4b38d4aa72d6f36612e92b62
hardhat_kaggle_23e5d2fc2f72.png,hardhat_kaggle_23e5d2fc2f72,hardhat_kaggle,hardhat_kaggle:hard_hat_workers2052,4,0,0,23e5d2fc2f7299fa46128f7d9c4592890ba36045
hardhat_kaggle_b93dff2236bc.png,hardhat_kaggle_b93dff2236bc,hardhat_kaggle,hardhat_kaggle:hard_hat_workers2053,1,0,0,b93dff2236bca1ffeff842fa7cd4d16eb2e8119d
hardhat_kaggle_988d96f0c0a8.png,hardhat_kaggle_988d96f0c0a8,hardhat_kaggle,hardhat_kaggle:hard_hat_workers2054,2,0,0,988d96f0c0a812e3c03789627f0e8499c3bb74b4
hardhat_kaggle_42110a571f63.png,hardhat_kaggle_42110a571f63,hardhat_kaggle,hardhat_kaggle:hard_hat_workers2055,4,0,0,42110a571f6392a2940f8b37743a477afbf6e28f
hardhat_kaggle_80f67df90bf3.png,hardhat_kaggle_80f67df90bf3,hardhat_kaggle,hardhat_kaggle:hard_hat_workers2057,2,0,0,80f67df90bf3e98abc7808dd73a34e54906a1cce
hardhat_kaggle_670e26f5ac53.png,hardhat_kaggle_670e26f5ac53,hardhat_kaggle,hardhat_kaggle:hard_hat_workers2058,3,0,0,670e26f5ac53407c7668e5cec7666c5c8584677f
hardhat_kaggle_9ebdeb62a7fc.png,hardhat_kaggle_9ebdeb62a7fc,hardhat_kaggle,hardhat_kaggle:hard_hat_workers206,4,0,0,9ebdeb62a7fc8476ad6c43cd01ad0aa522bf2f23
hardhat_kaggle_4e094903daf1.png,hardhat_kaggle_4e094903daf1,hardhat_kaggle,hardhat_kaggle:hard_hat_workers2060,8,0,0,4e094903daf1d830f3a076d6b1b8e295d555b141
hardhat_kaggle_a72bf07fe31e.png,hardhat_kaggle_a72bf07fe31e,hardhat_kaggle,hardhat_kaggle:hard_hat_workers2061,2,0,0,a72bf07fe31e43d87d5e510c83d2c9f632281740
hardhat_kaggle_22029e3f1e79.png,hardhat_kaggle_22029e3f1e79,hardhat_kaggle,hardhat_kaggle:hard_hat_workers2062,2,0,0,22029e3f1e79befe3981e4c8669de707d37ad642
hardhat_kaggle_fe32828b1803.png,hardhat_kaggle_fe32828b1803,hardhat_kaggle,hardhat_kaggle:hard_hat_workers2063,4,0,0,fe32828b1803bba0a1f2838576d1b0e804404065
hardhat_kaggle_6771732cfeda.png,hardhat_kaggle_6771732cfeda,hardhat_kaggle,hardhat_kaggle:hard_hat_workers2064,6,0,0,6771732cfeda905b3f1302f99ae2b9e6604ec887
hardhat_kaggle_d6b95479b658.png,hardhat_kaggle_d6b95479b658,hardhat_kaggle,hardhat_kaggle:hard_hat_workers2065,2,0,0,d6b95479b658248ac4ee152e79d575df1a546707
hardhat_kaggle_4e77bfaff1ba.png,hardhat_kaggle_4e77bfaff1ba,hardhat_kaggle,hardhat_kaggle:hard_hat_workers2066,4,0,0,4e77bfaff1ba7b0f0e67124208000a8fca9d108e
hardhat_kaggle_33f76e2d6834.png,hardhat_kaggle_33f76e2d6834,hardhat_kaggle,hardhat_kaggle:hard_hat_workers2067,4,0,0,33f76e2d683401ff93eceb499aa7c42fc76155ab
hardhat_kaggle_665ee8d7a3d5.png,hardhat_kaggle_665ee8d7a3d5,hardhat_kaggle,hardhat_kaggle:hard_hat_workers2068,3,0,0,665ee8d7a3d502ecc332b2c537725c5dc9ebc7bd
hardhat_kaggle_9f0f231b611c.png,hardhat_kaggle_9f0f231b611c,hardhat_kaggle,hardhat_kaggle:hard_hat_workers2069,1,0,0,9f0f231b611c68de17d615fda1fef264660aef2b
hardhat_kaggle_a20872e3dbc6.png,hardhat_kaggle_a20872e3dbc6,hardhat_kaggle,hardhat_kaggle:hard_hat_workers2070,1,0,0,a20872e3dbc6755d6c829492082323bc1165b5a3
hardhat_kaggle_242d51dc345e.png,hardhat_kaggle_242d51dc345e,hardhat_kaggle,hardhat_kaggle:hard_hat_workers2071,8,0,0,242d51dc345e89ef0a400ad3169550d9629200d8
hardhat_kaggle_f0eade18221a.png,hardhat_kaggle_f0eade18221a,hardhat_kaggle,hardhat_kaggle:hard_hat_workers2072,1,0,0,f0eade18221a1fab206890b4d22bfab3e4268908
hardhat_kaggle_589aedd21ff3.png,hardhat_kaggle_589aedd21ff3,hardhat_kaggle,hardhat_kaggle:hard_hat_workers2073,2,0,0,589aedd21ff34460277101060365c1b4956400d0
hardhat_kaggle_c0f576ef69d1.png,hardhat_kaggle_c0f576ef69d1,hardhat_kaggle,hardhat_kaggle:hard_hat_workers2074,1,0,0,c0f576ef69d1cffee7d27fb44fbd9cef1e8d709e
hardhat_kaggle_d3baa35cfdcd.png,hardhat_kaggle_d3baa35cfdcd,hardhat_kaggle,hardhat_kaggle:hard_hat_workers2075,2,0,0,d3baa35cfdcd9839d28e02a891e38d679ae92d4b
hardhat_kaggle_8a08c66917db.png,hardhat_kaggle_8a08c66917db,hardhat_kaggle,hardhat_kaggle:hard_hat_workers2076,10,0,0,8a08c66917dbb36ac0e0f691f6ce4cb71d617e44
hardhat_kaggle_83f069a979a7.png,hardhat_kaggle_83f069a979a7,hardhat_kaggle,hardhat_kaggle:hard_hat_workers2077,2,0,0,83f069a979a7b9e632a8bd1182d4c8d2d2ed70da
hardhat_kaggle_040c9c9fc76c.png,hardhat_kaggle_040c9c9fc76c,hardhat_kaggle,hardhat_kaggle:hard_hat_workers2078,1,0,0,040c9c9fc76ce242c6f9eaca9dd5348b6c90a55c
hardhat_kaggle_8ec03dcbe633.png,hardhat_kaggle_8ec03dcbe633,hardhat_kaggle,hardhat_kaggle:hard_hat_workers2079,4,0,0,8ec03dcbe6338931332ce212b94c7007579ab9f0
hardhat_kaggle_4afdd7f45279.png,hardhat_kaggle_4afdd7f45279,hardhat_kaggle,hardhat_kaggle:hard_hat_workers208,2,0,0,4afdd7f45279191d93d2e0a71c99010be0b87f80
hardhat_kaggle_f515da7a7f56.png,hardhat_kaggle_f515da7a7f56,hardhat_kaggle,hardhat_kaggle:hard_hat_workers2080,5,0,0,f515da7a7f56a1edbd77c4691f4e0d88aa0065bc
hardhat_kaggle_888e7f9b1a2d.png,hardhat_kaggle_888e7f9b1a2d,hardhat_kaggle,hardhat_kaggle:hard_hat_workers2081,6,0,0,888e7f9b1a2d2eb49c098d565b5454e97b495a29
hardhat_kaggle_1fd8e193ede0.png,hardhat_kaggle_1fd8e193ede0,hardhat_kaggle,hardhat_kaggle:hard_hat_workers2082,1,0,0,1fd8e193ede018aa0370943c5bb49e439ac73af4
hardhat_kaggle_506bb07d168e.png,hardhat_kaggle_506bb07d168e,hardhat_kaggle,hardhat_kaggle:hard_hat_workers2083,15,0,0,506bb07d168ef4c2e1b090e384d953ccde39cda8
hardhat_kaggle_c87f48b62c77.png,hardhat_kaggle_c87f48b62c77,hardhat_kaggle,hardhat_kaggle:hard_hat_workers2084,1,0,0,c87f48b62c771c624d87f8c9b67b633bc1deeee1
hardhat_kaggle_3de4cae0b82c.png,hardhat_kaggle_3de4cae0b82c,hardhat_kaggle,hardhat_kaggle:hard_hat_workers2085,9,0,0,3de4cae0b82cf93dbc6de27e7c6afc16aa452717
hardhat_kaggle_cb02b7f7060a.png,hardhat_kaggle_cb02b7f7060a,hardhat_kaggle,hardhat_kaggle:hard_hat_workers2087,2,0,0,cb02b7f7060a64ebb5e2d05d158993c494218815
hardhat_kaggle_5476bd08165a.png,hardhat_kaggle_5476bd08165a,hardhat_kaggle,hardhat_kaggle:hard_hat_workers2088,5,0,0,5476bd08165a3f870a5a9e69bfc3e8f1d1e8aea7
hardhat_kaggle_f201dac89c1e.png,hardhat_kaggle_f201dac89c1e,hardhat_kaggle,hardhat_kaggle:hard_hat_workers2089,5,0,0,f201dac89c1e0666ff4d2386daa51cb72d78840a
hardhat_kaggle_15a623628fc7.png,hardhat_kaggle_15a623628fc7,hardhat_kaggle,hardhat_kaggle:hard_hat_workers209,1,0,0,15a623628fc749e050f0e1a600525356fce38d7e
hardhat_kaggle_aff8f9689e14.png,hardhat_kaggle_aff8f9689e14,hardhat_kaggle,hardhat_kaggle:hard_hat_workers2090,2,0,0,aff8f9689e14e713ca4e0b16d243190f72c2b42e
hardhat_kaggle_a005aad95455.png,hardhat_kaggle_a005aad95455,hardhat_kaggle,hardhat_kaggle:hard_hat_workers2091,1,0,0,a005aad9545589b8d5237f61771a71c363227a24
hardhat_kaggle_ac6b57a16ab7.png,hardhat_kaggle_ac6b57a16ab7,hardhat_kaggle,hardhat_kaggle:hard_hat_workers2092,2,0,0,ac6b57a16ab77e5779a1f5f803e48113e11d3f78
hardhat_kaggle_5e9334e421e1.png,hardhat_kaggle_5e9334e421e1,hardhat_kaggle,hardhat_kaggle:hard_hat_workers2093,5,0,0,5e9334e421e1faf2f39f84a0180133011767bee7
hardhat_kaggle_ce49ed653a8e.png,hardhat_kaggle_ce49ed653a8e,hardhat_kaggle,hardhat_kaggle:hard_hat_workers2094,10,0,0,ce49ed653a8e7d5a4b0cc1aa04793557bd21a01f
hardhat_kaggle_ec75f0f01af0.png,hardhat_kaggle_ec75f0f01af0,hardhat_kaggle,hardhat_kaggle:hard_hat_workers2095,13,0,0,ec75f0f01af014c905146cb490392c0614f939b3
hardhat_kaggle_67f635d0efdf.png,hardhat_kaggle_67f635d0efdf,hardhat_kaggle,hardhat_kaggle:hard_hat_workers2096,12,0,0,67f635d0efdf7b3fba90e966d6312112f39e9fc8
hardhat_kaggle_941fd830f055.png,hardhat_kaggle_941fd830f055,hardhat_kaggle,hardhat_kaggle:hard_hat_workers2097,1,0,0,941fd830f055d88c5cbee4da7cef984331f8ba4a
hardhat_kaggle_74a9ec00e2fd.png,hardhat_kaggle_74a9ec00e2fd,hardhat_kaggle,hardhat_kaggle:hard_hat_workers2098,3,0,0,74a9ec00e2fdcb1031557a2dcb1a64e0c47ea56c
hardhat_kaggle_76f9914f4848.png,hardhat_kaggle_76f9914f4848,hardhat_kaggle,hardhat_kaggle:hard_hat_workers2099,5,0,0,76f9914f4848bd85d30811afefd6138dcf8d9b38
hardhat_kaggle_c0809aa38ddb.png,hardhat_kaggle_c0809aa38ddb,hardhat_kaggle,hardhat_kaggle:hard_hat_workers21,3,0,0,c0809aa38ddb36acab8254a56303bd8c92bf3caa
hardhat_kaggle_24283bcfa8e7.png,hardhat_kaggle_24283bcfa8e7,hardhat_kaggle,hardhat_kaggle:hard_hat_workers210,11,0,0,24283bcfa8e7cd72c49e608c3175d47d599578ac
hardhat_kaggle_d65d4b789d44.png,hardhat_kaggle_d65d4b789d44,hardhat_kaggle,hardhat_kaggle:hard_hat_workers2100,1,0,0,d65d4b789d44bd4c57409b07fb87e5ef63e391a7
hardhat_kaggle_195dbfd0d99c.png,hardhat_kaggle_195dbfd0d99c,hardhat_kaggle,hardhat_kaggle:hard_hat_workers2101,2,0,0,195dbfd0d99c959ff0cce891a6c7883990a2f68e
hardhat_kaggle_407848aca36f.png,hardhat_kaggle_407848aca36f,hardhat_kaggle,hardhat_kaggle:hard_hat_workers2102,1,0,0,407848aca36ffd6b7dc5e06d8d4c2fc293e8606f
hardhat_kaggle_273305f8227f.png,hardhat_kaggle_273305f8227f,hardhat_kaggle,hardhat_kaggle:hard_hat_workers2104,2,0,0,273305f8227f6085b95055579ecf71ca613c478f
hardhat_kaggle_07a49660e8f7.png,hardhat_kaggle_07a49660e8f7,hardhat_kaggle,hardhat_kaggle:hard_hat_workers2105,5,0,0,07a49660e8f79897be8718286f380aff0eaef928
hardhat_kaggle_660859dfe791.png,hardhat_kaggle_660859dfe791,hardhat_kaggle,hardhat_kaggle:hard_hat_workers2106,2,0,0,660859dfe791f99214bbd66d5313ca8c3ea5df66
hardhat_kaggle_df9c8f1f973d.png,hardhat_kaggle_df9c8f1f973d,hardhat_kaggle,hardhat_kaggle:hard_hat_workers2107,1,0,0,df9c8f1f973d6701a28b48e898fbe65afd443688
hardhat_kaggle_c46d2faa041a.png,hardhat_kaggle_c46d2faa041a,hardhat_kaggle,hardhat_kaggle:hard_hat_workers2109,6,0,0,c46d2faa041a1bd7d2e13137d249c3fb16ac6b70
hardhat_kaggle_13bf9273b1fe.png,hardhat_kaggle_13bf9273b1fe,hardhat_kaggle,hardhat_kaggle:hard_hat_workers211,4,0,0,13bf9273b1fe8011518610b181e79ff08a832b09
hardhat_kaggle_c10543b16e87.png,hardhat_kaggle_c10543b16e87,hardhat_kaggle,hardhat_kaggle:hard_hat_workers2110,4,0,0,c10543b16e8707c5a6b3e976d7fc887468adc49c
hardhat_kaggle_7518ea11ed8e.png,hardhat_kaggle_7518ea11ed8e,hardhat_kaggle,hardhat_kaggle:hard_hat_workers2111,2,0,0,7518ea11ed8ecb4496a796f0bb5a654fcda786cf
hardhat_kaggle_9e69f8795a33.png,hardhat_kaggle_9e69f8795a33,hardhat_kaggle,hardhat_kaggle:hard_hat_workers2112,3,0,0,9e69f8795a3369f69c860a4bc94a4ee5e81af92d
hardhat_kaggle_a0a943239134.png,hardhat_kaggle_a0a943239134,hardhat_kaggle,hardhat_kaggle:hard_hat_workers2114,2,0,0,a0a9432391340437e5d7e4de16e56d316bb18cee
hardhat_kaggle_f7420e96e4d6.png,hardhat_kaggle_f7420e96e4d6,hardhat_kaggle,hardhat_kaggle:hard_hat_workers2115,9,0,0,f7420e96e4d6a56146afa77a354ebc0fc68a13a6
hardhat_kaggle_2d8d6f199277.png,hardhat_kaggle_2d8d6f199277,hardhat_kaggle,hardhat_kaggle:hard_hat_workers2116,6,0,0,2d8d6f199277298e3229344e2218afb577dcb43f
hardhat_kaggle_e8c8ee58cb30.png,hardhat_kaggle_e8c8ee58cb30,hardhat_kaggle,hardhat_kaggle:hard_hat_workers2117,3,0,0,e8c8ee58cb3051fd2f061d207174b07cae02a22d
hardhat_kaggle_cf3f129991cf.png,hardhat_kaggle_cf3f129991cf,hardhat_kaggle,hardhat_kaggle:hard_hat_workers2118,5,0,0,cf3f129991cf1b4b63fb20144d18ff16f9a74b15
hardhat_kaggle_db1b53322ac5.png,hardhat_kaggle_db1b53322ac5,hardhat_kaggle,hardhat_kaggle:hard_hat_workers2119,3,0,0,db1b53322ac562934e55422477f842a0b249446f
hardhat_kaggle_efb6846bbb23.png,hardhat_kaggle_efb6846bbb23,hardhat_kaggle,hardhat_kaggle:hard_hat_workers212,6,0,0,efb6846bbb23f863a4ab833ae00578e3fef8ebdf
hardhat_kaggle_f55d585af9b2.png,hardhat_kaggle_f55d585af9b2,hardhat_kaggle,hardhat_kaggle:hard_hat_workers2120,4,0,0,f55d585af9b2be54dbb5869f71d9c2d367715d1b
hardhat_kaggle_bd253457f592.png,hardhat_kaggle_bd253457f592,hardhat_kaggle,hardhat_kaggle:hard_hat_workers2121,2,0,0,bd253457f5921ff1bc50f690c1e77d511896164d
hardhat_kaggle_44f2a916148d.png,hardhat_kaggle_44f2a916148d,hardhat_kaggle,hardhat_kaggle:hard_hat_workers2122,3,0,0,44f2a916148dd43d87f5f35ff424648aaeb85530
hardhat_kaggle_f762019f4a37.png,hardhat_kaggle_f762019f4a37,hardhat_kaggle,hardhat_kaggle:hard_hat_workers2123,3,0,0,f762019f4a37bb192e78338f9aa9eb23bbc90266
hardhat_kaggle_2eebced0c1e7.png,hardhat_kaggle_2eebced0c1e7,hardhat_kaggle,hardhat_kaggle:hard_hat_workers2125,4,0,0,2eebced0c1e7e08fdcd759f138aa39e3d616b302
hardhat_kaggle_a7e5680da7a3.png,hardhat_kaggle_a7e5680da7a3,hardhat_kaggle,hardhat_kaggle:hard_hat_workers2126,6,0,0,a7e5680da7a3406998f3ef6138c9f757aded1cd3
hardhat_kaggle_cbccb77a91af.png,hardhat_kaggle_cbccb77a91af,hardhat_kaggle,hardhat_kaggle:hard_hat_workers2127,2,0,0,cbccb77a91af22b938f35c6c491aed834cbcfbc0
hardhat_kaggle_7849ef974d92.png,hardhat_kaggle_7849ef974d92,hardhat_kaggle,hardhat_kaggle:hard_hat_workers2128,2,0,0,7849ef974d9294f1703411895f6a4f6c933e6ae0
hardhat_kaggle_63db4c1aaa1c.png,hardhat_kaggle_63db4c1aaa1c,hardhat_kaggle,hardhat_kaggle:hard_hat_workers2129,6,0,0,63db4c1aaa1caaf602ca520071416834b5a95ca6
hardhat_kaggle_04e3693bd544.png,hardhat_kaggle_04e3693bd544,hardhat_kaggle,hardhat_kaggle:hard_hat_workers213,3,0,0,04e3693bd544b4dc0dcfd08487811882231aaaff
hardhat_kaggle_0b85dfce1dc5.png,hardhat_kaggle_0b85dfce1dc5,hardhat_kaggle,hardhat_kaggle:hard_hat_workers2130,1,0,0,0b85dfce1dc50eb1a8296aa52067699cc5547401
hardhat_kaggle_843daf7417ab.png,hardhat_kaggle_843daf7417ab,hardhat_kaggle,hardhat_kaggle:hard_hat_workers2131,6,0,0,843daf7417ab6b9335f0beae80f2a04c6728a1a8
hardhat_kaggle_eae553a8d102.png,hardhat_kaggle_eae553a8d102,hardhat_kaggle,hardhat_kaggle:hard_hat_workers2132,8,0,0,eae553a8d102af73327c08f0e0f4402b52933c85
hardhat_kaggle_4bf147a09b71.png,hardhat_kaggle_4bf147a09b71,hardhat_kaggle,hardhat_kaggle:hard_hat_workers2133,3,0,0,4bf147a09b712102281890c72740dc8e60c2c406
hardhat_kaggle_243c0b7958d8.png,hardhat_kaggle_243c0b7958d8,hardhat_kaggle,hardhat_kaggle:hard_hat_workers2134,8,0,0,243c0b7958d87906d0e11fb99453a02a49b3baba
hardhat_kaggle_828d2c9e9b54.png,hardhat_kaggle_828d2c9e9b54,hardhat_kaggle,hardhat_kaggle:hard_hat_workers2135,3,0,0,828d2c9e9b541b6cff9fa38704ffda560ae9115f
hardhat_kaggle_275e6a4866b5.png,hardhat_kaggle_275e6a4866b5,hardhat_kaggle,hardhat_kaggle:hard_hat_workers2136,7,0,0,275e6a4866b52ab93f63faea0293e9d7e4ac6f79
hardhat_kaggle_2db0256091c8.png,hardhat_kaggle_2db0256091c8,hardhat_kaggle,hardhat_kaggle:hard_hat_workers2137,3,0,0,2db0256091c86eb90fee7af06f831241b1619813
hardhat_kaggle_d87c752a5dcf.png,hardhat_kaggle_d87c752a5dcf,hardhat_kaggle,hardhat_kaggle:hard_hat_workers2138,10,0,0,d87c752a5dcf96a70bdee30ea879b845d62eee56
hardhat_kaggle_5e19d7725b77.png,hardhat_kaggle_5e19d7725b77,hardhat_kaggle,hardhat_kaggle:hard_hat_workers2139,5,0,0,5e19d7725b77b05cded126a87d225a60d967c583
hardhat_kaggle_7ab1ea8ab3fc.png,hardhat_kaggle_7ab1ea8ab3fc,hardhat_kaggle,hardhat_kaggle:hard_hat_workers214,1,0,0,7ab1ea8ab3fc552d700e3684ae39308bdcf87099
hardhat_kaggle_87bb2d61e523.png,hardhat_kaggle_87bb2d61e523,hardhat_kaggle,hardhat_kaggle:hard_hat_workers2140,3,0,0,87bb2d61e5239434156dd627c43e489d7fe2fcc0
hardhat_kaggle_9574dd839506.png,hardhat_kaggle_9574dd839506,hardhat_kaggle,hardhat_kaggle:hard_hat_workers2141,2,0,0,9574dd839506369fcac95674282e5f0bd77f0136
hardhat_kaggle_07905991d5ac.png,hardhat_kaggle_07905991d5ac,hardhat_kaggle,hardhat_kaggle:hard_hat_workers2142,7,0,0,07905991d5accb3e40ee61cf121ff186d9e36b87
hardhat_kaggle_f89e09daba6a.png,hardhat_kaggle_f89e09daba6a,hardhat_kaggle,hardhat_kaggle:hard_hat_workers2143,2,0,0,f89e09daba6afdcfebf4b02e124ce0d0ca24728f
hardhat_kaggle_fcdc28169957.png,hardhat_kaggle_fcdc28169957,hardhat_kaggle,hardhat_kaggle:hard_hat_workers2144,2,0,0,fcdc28169957b6e4032695b22494bb62b2d7d099
hardhat_kaggle_df2b29fe7c75.png,hardhat_kaggle_df2b29fe7c75,hardhat_kaggle,hardhat_kaggle:hard_hat_workers2145,1,0,0,df2b29fe7c752035b107bd5fa88ba43496f9d693
hardhat_kaggle_890a9882d373.png,hardhat_kaggle_890a9882d373,hardhat_kaggle,hardhat_kaggle:hard_hat_workers2146,6,0,0,890a9882d37354ea6bd707c2d9d4802a451c94f2
hardhat_kaggle_929f67cad86d.png,hardhat_kaggle_929f67cad86d,hardhat_kaggle,hardhat_kaggle:hard_hat_workers2147,6,0,0,929f67cad86de4d2a023792809eef89b3f094ed8
hardhat_kaggle_a30a66bafb7a.png,hardhat_kaggle_a30a66bafb7a,hardhat_kaggle,hardhat_kaggle:hard_hat_workers2148,1,0,0,a30a66bafb7ac5496a34880ee7c6959a4de34589
hardhat_kaggle_cd06e358d958.png,hardhat_kaggle_cd06e358d958,hardhat_kaggle,hardhat_kaggle:hard_hat_workers2149,6,0,0,cd06e358d958ccf7c207357c24e43b0ff4d5a51d
hardhat_kaggle_85bbfbc31764.png,hardhat_kaggle_85bbfbc31764,hardhat_kaggle,hardhat_kaggle:hard_hat_workers215,5,0,0,85bbfbc31764c886cb511fd011a2b25f2228123f
hardhat_kaggle_a1fe3883d920.png,hardhat_kaggle_a1fe3883d920,hardhat_kaggle,hardhat_kaggle:hard_hat_workers2150,1,0,0,a1fe3883d92065a28dd41fd427eb6ff69804bf23
hardhat_kaggle_d2c8c46dff39.png,hardhat_kaggle_d2c8c46dff39,hardhat_kaggle,hardhat_kaggle:hard_hat_workers2151,2,0,0,d2c8c46dff39a1052178d6a6b4a88de8110a07f5
hardhat_kaggle_f32b1c062ed4.png,hardhat_kaggle_f32b1c062ed4,hardhat_kaggle,hardhat_kaggle:hard_hat_workers2152,24,0,0,f32b1c062ed4556fb8e7b77ff8dace609b53fd64
hardhat_kaggle_74e78b0d022b.png,hardhat_kaggle_74e78b0d022b,hardhat_kaggle,hardhat_kaggle:hard_hat_workers2153,2,0,0,74e78b0d022b9b975fd3e739bae42257195c49cb
hardhat_kaggle_0adce8869236.png,hardhat_kaggle_0adce8869236,hardhat_kaggle,hardhat_kaggle:hard_hat_workers2154,4,0,0,0adce8869236584fb87e778c0c7fa3b58197c847
hardhat_kaggle_403d1f51c7a1.png,hardhat_kaggle_403d1f51c7a1,hardhat_kaggle,hardhat_kaggle:hard_hat_workers2155,1,0,0,403d1f51c7a1a04d53a7697399a413aeb5998661
hardhat_kaggle_12c6aa011c49.png,hardhat_kaggle_12c6aa011c49,hardhat_kaggle,hardhat_kaggle:hard_hat_workers2156,3,0,0,12c6aa011c494e7e15bdc8ffab7ce57af2f58651
hardhat_kaggle_b6c3a5059150.png,hardhat_kaggle_b6c3a5059150,hardhat_kaggle,hardhat_kaggle:hard_hat_workers2158,2,0,0,b6c3a5059150f3420c9ff5d144abaf6159012024
hardhat_kaggle_8338aba019cb.png,hardhat_kaggle_8338aba019cb,hardhat_kaggle,hardhat_kaggle:hard_hat_workers2159,6,0,0,8338aba019cb5f9cb44c6042ba10c77131f9cb63
hardhat_kaggle_0b3e4aee923d.png,hardhat_kaggle_0b3e4aee923d,hardhat_kaggle,hardhat_kaggle:hard_hat_workers216,2,0,0,0b3e4aee923d7597a328a8b95daee05a61463b31
hardhat_kaggle_e45426fbe6e5.png,hardhat_kaggle_e45426fbe6e5,hardhat_kaggle,hardhat_kaggle:hard_hat_workers2160,1,0,0,e45426fbe6e5a57de597ecd93bd427c60aee78fc
hardhat_kaggle_b57d273e9798.png,hardhat_kaggle_b57d273e9798,hardhat_kaggle,hardhat_kaggle:hard_hat_workers2161,3,0,0,b57d273e97981ed185b0d4870e14c921df1e8622
hardhat_kaggle_5594e6b07d27.png,hardhat_kaggle_5594e6b07d27,hardhat_kaggle,hardhat_kaggle:hard_hat_workers2162,17,0,0,5594e6b07d272f018eae19e1c08b9037ab3728c9
hardhat_kaggle_8e790efedd35.png,hardhat_kaggle_8e790efedd35,hardhat_kaggle,hardhat_kaggle:hard_hat_workers2163,2,0,0,8e790efedd35e73c6ff25bfaaf5da97612debdbe
hardhat_kaggle_6fb779ff7204.png,hardhat_kaggle_6fb779ff7204,hardhat_kaggle,hardhat_kaggle:hard_hat_workers2164,4,0,0,6fb779ff72043dfcbabab3ea2f9b452e290f3939
hardhat_kaggle_d6d343af362e.png,hardhat_kaggle_d6d343af362e,hardhat_kaggle,hardhat_kaggle:hard_hat_workers2165,3,0,0,d6d343af362e0af96f3b3e1197d91d7b81479ebb
hardhat_kaggle_219a59fd0b0d.png,hardhat_kaggle_219a59fd0b0d,hardhat_kaggle,hardhat_kaggle:hard_hat_workers2166,1,0,0,219a59fd0b0d8cf83f824309c23ffe7a1532861f
hardhat_kaggle_ff129124df30.png,hardhat_kaggle_ff129124df30,hardhat_kaggle,hardhat_kaggle:hard_hat_workers2167,5,0,0,ff129124df30552e386ec2a91d797aa361a7709a
hardhat_kaggle_709e3bc1eda2.png,hardhat_kaggle_709e3bc1eda2,hardhat_kaggle,hardhat_kaggle:hard_hat_workers2168,10,0,0,709e3bc1eda28174f0de3f82c4c514e78bd41f02
hardhat_kaggle_017b2d4f0b9e.png,hardhat_kaggle_017b2d4f0b9e,hardhat_kaggle,hardhat_kaggle:hard_hat_workers2169,8,0,0,017b2d4f0b9e6a1eb8824afa3034aee461ca8c20
hardhat_kaggle_5c1e59f3ddf5.png,hardhat_kaggle_5c1e59f3ddf5,hardhat_kaggle,hardhat_kaggle:hard_hat_workers217,2,0,0,5c1e59f3ddf55ba925ad5b019322f3529405db2c
hardhat_kaggle_665fc41be14f.png,hardhat_kaggle_665fc41be14f,hardhat_kaggle,hardhat_kaggle:hard_hat_workers2170,6,0,0,665fc41be14fb93afd76c0223ec0e88dcd144658
hardhat_kaggle_4724dc883acc.png,hardhat_kaggle_4724dc883acc,hardhat_kaggle,hardhat_kaggle:hard_hat_workers2171,1,0,0,4724dc883acc4d7e3a82d1f944df86555e46a0ac
hardhat_kaggle_ff27d3680c06.png,hardhat_kaggle_ff27d3680c06,hardhat_kaggle,hardhat_kaggle:hard_hat_workers2172,2,0,0,ff27d3680c06295c9fa5276810f9a8fb061f3883
hardhat_kaggle_0ec473d76af0.png,hardhat_kaggle_0ec473d76af0,hardhat_kaggle,hardhat_kaggle:hard_hat_workers2174,3,0,0,0ec473d76af0026f6cf78d2b8c8a35bbcec7ec5c
hardhat_kaggle_a4b990cc6b26.png,hardhat_kaggle_a4b990cc6b26,hardhat_kaggle,hardhat_kaggle:hard_hat_workers2175,2,0,0,a4b990cc6b26ff092d605159daf32b83e3818093
hardhat_kaggle_5888ef8f4050.png,hardhat_kaggle_5888ef8f4050,hardhat_kaggle,hardhat_kaggle:hard_hat_workers2176,3,0,0,5888ef8f4050641d5492bf7c2235768177c5ad4f
hardhat_kaggle_39247bcf928c.png,hardhat_kaggle_39247bcf928c,hardhat_kaggle,hardhat_kaggle:hard_hat_workers2177,8,0,0,39247bcf928cde371aad6a7507337ba963de1ab1
hardhat_kaggle_e81206b6947d.png,hardhat_kaggle_e81206b6947d,hardhat_kaggle,hardhat_kaggle:hard_hat_workers2178,1,0,0,e81206b6947dffc580d513f9efddcc7b5196a1b6
hardhat_kaggle_5c8e23042c59.png,hardhat_kaggle_5c8e23042c59,hardhat_kaggle,hardhat_kaggle:hard_hat_workers2179,1,0,0,5c8e23042c5922b2bc72fddd061641fe1040df24
hardhat_kaggle_502d8e6a555b.png,hardhat_kaggle_502d8e6a555b,hardhat_kaggle,hardhat_kaggle:hard_hat_workers218,12,0,0,502d8e6a555b347a3effe5420c459fe5c77e94c5
hardhat_kaggle_2b5e76d0e637.png,hardhat_kaggle_2b5e76d0e637,hardhat_kaggle,hardhat_kaggle:hard_hat_workers2180,2,0,0,2b5e76d0e63747dfba7892790233ebec181139af
hardhat_kaggle_f9a4eea4585e.png,hardhat_kaggle_f9a4eea4585e,hardhat_kaggle,hardhat_kaggle:hard_hat_workers2181,1,0,0,f9a4eea4585ee7a57147b7c6cd975b056064ab78
hardhat_kaggle_cab924ac7c20.png,hardhat_kaggle_cab924ac7c20,hardhat_kaggle,hardhat_kaggle:hard_hat_workers2182,4,0,0,cab924ac7c20e71123ad0990000244d9ada7b7c6
hardhat_kaggle_d4e2c96798c4.png,hardhat_kaggle_d4e2c96798c4,hardhat_kaggle,hardhat_kaggle:hard_hat_workers2184,5,0,0,d4e2c96798c45c2d96a13be2883b7e5263523726
hardhat_kaggle_c2b1108d0967.png,hardhat_kaggle_c2b1108d0967,hardhat_kaggle,hardhat_kaggle:hard_hat_workers2185,2,0,0,c2b1108d0967ed9d15a7fa89a101dc65838513ea
hardhat_kaggle_7b1f100d0bd5.png,hardhat_kaggle_7b1f100d0bd5,hardhat_kaggle,hardhat_kaggle:hard_hat_workers2186,6,0,0,7b1f100d0bd5fb773f9695b5804e0dc596f73318
hardhat_kaggle_dda0052c43b9.png,hardhat_kaggle_dda0052c43b9,hardhat_kaggle,hardhat_kaggle:hard_hat_workers2187,2,0,0,dda0052c43b9f343ee00294bc82de5a59143eb13
hardhat_kaggle_7d09427978fc.png,hardhat_kaggle_7d09427978fc,hardhat_kaggle,hardhat_kaggle:hard_hat_workers2188,2,0,0,7d09427978fc2c7f5b6b7923d52f3d5b5fd67de6
hardhat_kaggle_aadddae34113.png,hardhat_kaggle_aadddae34113,hardhat_kaggle,hardhat_kaggle:hard_hat_workers2189,8,0,0,aadddae341136ed01a907b7a5feedfc776baaf53
hardhat_kaggle_6e651e9473c9.png,hardhat_kaggle_6e651e9473c9,hardhat_kaggle,hardhat_kaggle:hard_hat_workers219,2,0,0,6e651e9473c98149183308cb5e0ad4ffe73eca7f
hardhat_kaggle_5398f8affcb4.png,hardhat_kaggle_5398f8affcb4,hardhat_kaggle,hardhat_kaggle:hard_hat_workers2191,4,0,0,5398f8affcb49afecaec8dd8ddf09d02e2492c69
hardhat_kaggle_0587be6dfeaa.png,hardhat_kaggle_0587be6dfeaa,hardhat_kaggle,hardhat_kaggle:hard_hat_workers2192,2,0,0,0587be6dfeaad95c76d69d19f4afd2e0d9b991a3
hardhat_kaggle_4673d590fa75.png,hardhat_kaggle_4673d590fa75,hardhat_kaggle,hardhat_kaggle:hard_hat_workers2193,2,0,0,4673d590fa75ac0620e801219919b8ab0e412abe
hardhat_kaggle_14241da0e29a.png,hardhat_kaggle_14241da0e29a,hardhat_kaggle,hardhat_kaggle:hard_hat_workers2194,5,0,0,14241da0e29abc153da85d008ad356eebe55338d
hardhat_kaggle_8ee0b4b1ab1e.png,hardhat_kaggle_8ee0b4b1ab1e,hardhat_kaggle,hardhat_kaggle:hard_hat_workers2195,2,0,0,8ee0b4b1ab1eff2a010e184ff183c82956ecaa30
hardhat_kaggle_2729d7d68f2b.png,hardhat_kaggle_2729d7d68f2b,hardhat_kaggle,hardhat_kaggle:hard_hat_workers2196,10,0,0,2729d7d68f2b79acc4a2ada965000742f10ce26c
hardhat_kaggle_d2c24e4bbd7f.png,hardhat_kaggle_d2c24e4bbd7f,hardhat_kaggle,hardhat_kaggle:hard_hat_workers2197,2,0,0,d2c24e4bbd7ff6685a9e60c618b5458a0104519d
hardhat_kaggle_2afc84f1e95a.png,hardhat_kaggle_2afc84f1e95a,hardhat_kaggle,hardhat_kaggle:hard_hat_workers2198,2,0,0,2afc84f1e95a8b2da1cc3bdb1c6f078138e27757
hardhat_kaggle_d1efdaa19f49.png,hardhat_kaggle_d1efdaa19f49,hardhat_kaggle,hardhat_kaggle:hard_hat_workers2199,1,0,0,d1efdaa19f49644eeb6dd9e2fd424d00f5e6e331
hardhat_kaggle_e2e25275671b.png,hardhat_kaggle_e2e25275671b,hardhat_kaggle,hardhat_kaggle:hard_hat_workers22,8,0,0,e2e25275671b3e1f2cd1ba4bd06c6eab80417f46
hardhat_kaggle_56f479fdda0a.png,hardhat_kaggle_56f479fdda0a,hardhat_kaggle,hardhat_kaggle:hard_hat_workers220,9,0,0,56f479fdda0aa9aada01a4c3f8663bab4f4d2a99
hardhat_kaggle_5f4585abe463.png,hardhat_kaggle_5f4585abe463,hardhat_kaggle,hardhat_kaggle:hard_hat_workers2200,9,0,0,5f4585abe4635b90a551f06cabf22218806b08ff
hardhat_kaggle_3b605df32209.png,hardhat_kaggle_3b605df32209,hardhat_kaggle,hardhat_kaggle:hard_hat_workers2202,4,0,0,3b605df32209104cd50e9ebb111904566b3e5f4c
hardhat_kaggle_7e72d9df391f.png,hardhat_kaggle_7e72d9df391f,hardhat_kaggle,hardhat_kaggle:hard_hat_workers2203,1,0,0,7e72d9df391f687119517807529dc76dd7793837
hardhat_kaggle_1e9c9c1f5c2c.png,hardhat_kaggle_1e9c9c1f5c2c,hardhat_kaggle,hardhat_kaggle:hard_hat_workers2204,3,0,0,1e9c9c1f5c2c98b98c364f43dab9d8cec77fdc0c
hardhat_kaggle_f34ae21fbc7a.png,hardhat_kaggle_f34ae21fbc7a,hardhat_kaggle,hardhat_kaggle:hard_hat_workers2205,6,0,0,f34ae21fbc7a9ee3ff0e2ffc715a4f1cf4598c25
hardhat_kaggle_edc0c8c36155.png,hardhat_kaggle_edc0c8c36155,hardhat_kaggle,hardhat_kaggle:hard_hat_workers2206,3,0,0,edc0c8c361551511c2c79a033319a186704724b2
hardhat_kaggle_069a8351f942.png,hardhat_kaggle_069a8351f942,hardhat_kaggle,hardhat_kaggle:hard_hat_workers2207,1,0,0,069a8351f9422981ab697a1b836a640d8c258c4a
hardhat_kaggle_b6cf2477f22c.png,hardhat_kaggle_b6cf2477f22c,hardhat_kaggle,hardhat_kaggle:hard_hat_workers2208,6,0,0,b6cf2477f22c40de93a99ccf2564ad37b6c6a0d8
hardhat_kaggle_72ff8db3cf7a.png,hardhat_kaggle_72ff8db3cf7a,hardhat_kaggle,hardhat_kaggle:hard_hat_workers2209,22,0,0,72ff8db3cf7a37bcd2d377c4e0e00db9b57d0943
hardhat_kaggle_6899e5cec801.png,hardhat_kaggle_6899e5cec801,hardhat_kaggle,hardhat_kaggle:hard_hat_workers221,2,0,0,6899e5cec8014ef34d11a6a530319369602ad3cd
hardhat_kaggle_b36d215e06a1.png,hardhat_kaggle_b36d215e06a1,hardhat_kaggle,hardhat_kaggle:hard_hat_workers2210,8,0,0,b36d215e06a16257aa75ef48712cd78c27f13495
hardhat_kaggle_849abe47cd10.png,hardhat_kaggle_849abe47cd10,hardhat_kaggle,hardhat_kaggle:hard_hat_workers2211,5,0,0,849abe47cd10342ca3f3acadbc1540cf1a0cd585
hardhat_kaggle_6fa6bd9b81c2.png,hardhat_kaggle_6fa6bd9b81c2,hardhat_kaggle,hardhat_kaggle:hard_hat_workers2212,7,0,0,6fa6bd9b81c2f88bb546dd96267bd155f8a47081
hardhat_kaggle_79c691826191.png,hardhat_kaggle_79c691826191,hardhat_kaggle,hardhat_kaggle:hard_hat_workers2213,2,0,0,79c69182619194cc492434023075e190825075d5
hardhat_kaggle_a1a701c9d589.png,hardhat_kaggle_a1a701c9d589,hardhat_kaggle,hardhat_kaggle:hard_hat_workers2214,2,0,0,a1a701c9d589dfbbd347c167b38e2d9e72ff7523
hardhat_kaggle_9afd208bb788.png,hardhat_kaggle_9afd208bb788,hardhat_kaggle,hardhat_kaggle:hard_hat_workers2215,4,0,0,9afd208bb788d3b6a8e140849a1772381cd351a0
hardhat_kaggle_ed903cacac69.png,hardhat_kaggle_ed903cacac69,hardhat_kaggle,hardhat_kaggle:hard_hat_workers2216,1,0,0,ed903cacac69d8eb05dbd85820ccac183e294622
hardhat_kaggle_c83427845fcb.png,hardhat_kaggle_c83427845fcb,hardhat_kaggle,hardhat_kaggle:hard_hat_workers2217,2,0,0,c83427845fcb2001b73a7ee100ee9b7a11d58451
hardhat_kaggle_e8bfc9411879.png,hardhat_kaggle_e8bfc9411879,hardhat_kaggle,hardhat_kaggle:hard_hat_workers2218,4,0,0,e8bfc9411879c8c519a59f1ce3761147d411832d
hardhat_kaggle_ce24446746a7.png,hardhat_kaggle_ce24446746a7,hardhat_kaggle,hardhat_kaggle:hard_hat_workers2219,6,0,0,ce24446746a701e81b4f71565fa1a398f1444b04
hardhat_kaggle_e7fc9804e6ac.png,hardhat_kaggle_e7fc9804e6ac,hardhat_kaggle,hardhat_kaggle:hard_hat_workers222,2,0,0,e7fc9804e6ac240de827c57e58eb78db4e824895
hardhat_kaggle_2ba8d8640df6.png,hardhat_kaggle_2ba8d8640df6,hardhat_kaggle,hardhat_kaggle:hard_hat_workers2220,6,0,0,2ba8d8640df621eacaead12d4dad63f5df5f444b
hardhat_kaggle_e99c4b049424.png,hardhat_kaggle_e99c4b049424,hardhat_kaggle,hardhat_kaggle:hard_hat_workers2221,2,0,0,e99c4b049424655e29cf54d4b75de1baffe32ade
hardhat_kaggle_a6268d2b3d70.png,hardhat_kaggle_a6268d2b3d70,hardhat_kaggle,hardhat_kaggle:hard_hat_workers2222,2,0,0,a6268d2b3d707f8be5749ebb18b2fb4a519e0dd7
hardhat_kaggle_684b5cbdb299.png,hardhat_kaggle_684b5cbdb299,hardhat_kaggle,hardhat_kaggle:hard_hat_workers2223,1,0,0,684b5cbdb2993f85524a0cf9b984bb59f7a757a2
hardhat_kaggle_24ea1bc44c0f.png,hardhat_kaggle_24ea1bc44c0f,hardhat_kaggle,hardhat_kaggle:hard_hat_workers2224,8,0,0,24ea1bc44c0ffc7e5a5709834a53e700e213ff47
hardhat_kaggle_61eae9b3d608.png,hardhat_kaggle_61eae9b3d608,hardhat_kaggle,hardhat_kaggle:hard_hat_workers2225,2,0,0,61eae9b3d608fa2ee661055947c30ef3acc8a255
hardhat_kaggle_ec0fe4ff1d69.png,hardhat_kaggle_ec0fe4ff1d69,hardhat_kaggle,hardhat_kaggle:hard_hat_workers2226,4,0,0,ec0fe4ff1d697fbe3a3d543311831f91cec6eed0
hardhat_kaggle_b0a562af6896.png,hardhat_kaggle_b0a562af6896,hardhat_kaggle,hardhat_kaggle:hard_hat_workers2227,6,0,0,b0a562af68965f1d7b82b77a210505003ac974cd
hardhat_kaggle_81bcb896dd46.png,hardhat_kaggle_81bcb896dd46,hardhat_kaggle,hardhat_kaggle:hard_hat_workers2228,2,0,0,81bcb896dd46f33fba807a9358849d420c095f60
hardhat_kaggle_186f9aaa5499.png,hardhat_kaggle_186f9aaa5499,hardhat_kaggle,hardhat_kaggle:hard_hat_workers223,1,0,0,186f9aaa5499fab8c11bc120201b170bb45cb6f1
hardhat_kaggle_826535b09162.png,hardhat_kaggle_826535b09162,hardhat_kaggle,hardhat_kaggle:hard_hat_workers2230,2,0,0,826535b0916213def408ebc3b25fbcb54adb29df
hardhat_kaggle_a7f47a3f05ea.png,hardhat_kaggle_a7f47a3f05ea,hardhat_kaggle,hardhat_kaggle:hard_hat_workers2231,4,0,0,a7f47a3f05eaee2c821987363eca55e9e076449f
hardhat_kaggle_63b2b48756cb.png,hardhat_kaggle_63b2b48756cb,hardhat_kaggle,hardhat_kaggle:hard_hat_workers2232,6,0,0,63b2b48756cb792bc4121ab16c420cdea03d3102
hardhat_kaggle_1f70eaff8927.png,hardhat_kaggle_1f70eaff8927,hardhat_kaggle,hardhat_kaggle:hard_hat_workers2233,1,0,0,1f70eaff8927575afe9ddeaae1d85acdef3d3b3b
hardhat_kaggle_63efe1079fb2.png,hardhat_kaggle_63efe1079fb2,hardhat_kaggle,hardhat_kaggle:hard_hat_workers2234,5,0,0,63efe1079fb2a9f04a61acd076534321b9ea0e1c
hardhat_kaggle_5f058541a884.png,hardhat_kaggle_5f058541a884,hardhat_kaggle,hardhat_kaggle:hard_hat_workers2236,8,0,0,5f058541a8842b3c7db6ca2fffc18c4a3da44e80
hardhat_kaggle_69ad271a6057.png,hardhat_kaggle_69ad271a6057,hardhat_kaggle,hardhat_kaggle:hard_hat_workers2237,4,0,0,69ad271a605795c66f85d04ffbbcbfd255c3195e
hardhat_kaggle_c6ebb2d584eb.png,hardhat_kaggle_c6ebb2d584eb,hardhat_kaggle,hardhat_kaggle:hard_hat_workers2238,4,0,0,c6ebb2d584eb54ce4a020a368c368b59d66c3471
hardhat_kaggle_91781f717726.png,hardhat_kaggle_91781f717726,hardhat_kaggle,hardhat_kaggle:hard_hat_workers2239,1,0,0,91781f7177267506d35f58b4c849a79000a9320b
hardhat_kaggle_d1d00636008a.png,hardhat_kaggle_d1d00636008a,hardhat_kaggle,hardhat_kaggle:hard_hat_workers224,2,0,0,d1d00636008a18363dcd2884c80e835795bdcfe5
hardhat_kaggle_65dd2c5f8869.png,hardhat_kaggle_65dd2c5f8869,hardhat_kaggle,hardhat_kaggle:hard_hat_workers2240,4,0,0,65dd2c5f88696d9a4107f295acf7b9c628bf465d
hardhat_kaggle_0d54b84313f6.png,hardhat_kaggle_0d54b84313f6,hardhat_kaggle,hardhat_kaggle:hard_hat_workers2241,2,0,0,0d54b84313f6b136c4dac215c7b1f9bbb57b8b91
hardhat_kaggle_7303fcbc4a0a.png,hardhat_kaggle_7303fcbc4a0a,hardhat_kaggle,hardhat_kaggle:hard_hat_workers2242,2,0,0,7303fcbc4a0ae43fb9127105103ff40623043b37
hardhat_kaggle_94d6c0a62429.png,hardhat_kaggle_94d6c0a62429,hardhat_kaggle,hardhat_kaggle:hard_hat_workers2244,5,0,0,94d6c0a62429c7142ee3e065830195b8083b7fcb
hardhat_kaggle_96d3b865cfc4.png,hardhat_kaggle_96d3b865cfc4,hardhat_kaggle,hardhat_kaggle:hard_hat_workers2245,5,0,0,96d3b865cfc4e5b20d0080bab17352639aec3e31
hardhat_kaggle_4656f938faef.png,hardhat_kaggle_4656f938faef,hardhat_kaggle,hardhat_kaggle:hard_hat_workers2246,4,0,0,4656f938faef595de06635165186797473583b0d
hardhat_kaggle_56ec9b066d9e.png,hardhat_kaggle_56ec9b066d9e,hardhat_kaggle,hardhat_kaggle:hard_hat_workers2247,2,0,0,56ec9b066d9e13b92e535848439e876dbd61868a
hardhat_kaggle_65b23f2aa164.png,hardhat_kaggle_65b23f2aa164,hardhat_kaggle,hardhat_kaggle:hard_hat_workers2248,2,0,0,65b23f2aa1648245a2e5330df197b16de6ae6a98
hardhat_kaggle_70caf8b643e1.png,hardhat_kaggle_70caf8b643e1,hardhat_kaggle,hardhat_kaggle:hard_hat_workers2249,8,0,0,70caf8b643e188010a9085731ff3a0b246e95d39
hardhat_kaggle_3d342a1103b2.png,hardhat_kaggle_3d342a1103b2,hardhat_kaggle,hardhat_kaggle:hard_hat_workers225,1,0,0,3d342a1103b21a00414d84f91b9dc637875de6e7
hardhat_kaggle_36b7378a24e5.png,hardhat_kaggle_36b7378a24e5,hardhat_kaggle,hardhat_kaggle:hard_hat_workers2250,5,0,0,36b7378a24e5bf8c5c1d897d1f773465c5bc567e
hardhat_kaggle_8d717e5df802.png,hardhat_kaggle_8d717e5df802,hardhat_kaggle,hardhat_kaggle:hard_hat_workers2251,4,0,0,8d717e5df8028d9def78f090822e92486d31b2be
hardhat_kaggle_69312e796d2a.png,hardhat_kaggle_69312e796d2a,hardhat_kaggle,hardhat_kaggle:hard_hat_workers2252,13,0,0,69312e796d2a0d6697898211e5c79cb5dfada07e
hardhat_kaggle_531d99d07eac.png,hardhat_kaggle_531d99d07eac,hardhat_kaggle,hardhat_kaggle:hard_hat_workers2253,4,0,0,531d99d07eac14caea2685c7a5082dcb5961ad90
hardhat_kaggle_7a912dacd172.png,hardhat_kaggle_7a912dacd172,hardhat_kaggle,hardhat_kaggle:hard_hat_workers2254,8,0,0,7a912dacd1722d94994137965993fa098c890873
hardhat_kaggle_7e5dcc6302bb.png,hardhat_kaggle_7e5dcc6302bb,hardhat_kaggle,hardhat_kaggle:hard_hat_workers2255,6,0,0,7e5dcc6302bb2bc992e07c132cc90b79c94ff1c0
hardhat_kaggle_7ed7693796dc.png,hardhat_kaggle_7ed7693796dc,hardhat_kaggle,hardhat_kaggle:hard_hat_workers2256,3,0,0,7ed7693796dc4d09a235d3c4b152d77bb90727f1
hardhat_kaggle_89209ffe10ad.png,hardhat_kaggle_89209ffe10ad,hardhat_kaggle,hardhat_kaggle:hard_hat_workers2257,2,0,0,89209ffe10ad42304a64dcca264870f19cfe90ef
hardhat_kaggle_9cd14c1dc09e.png,hardhat_kaggle_9cd14c1dc09e,hardhat_kaggle,hardhat_kaggle:hard_hat_workers2258,1,0,0,9cd14c1dc09e101f06e4409f9174e3041630b13f
hardhat_kaggle_52774f97b9ff.png,hardhat_kaggle_52774f97b9ff,hardhat_kaggle,hardhat_kaggle:hard_hat_workers2259,2,0,0,52774f97b9ffc190de02473ad2cf9462de2451da
hardhat_kaggle_fca59b9698d4.png,hardhat_kaggle_fca59b9698d4,hardhat_kaggle,hardhat_kaggle:hard_hat_workers226,2,0,0,fca59b9698d4c04dadd3b7d84bc848ec49fcb164
hardhat_kaggle_b38394426a51.png,hardhat_kaggle_b38394426a51,hardhat_kaggle,hardhat_kaggle:hard_hat_workers2260,5,0,0,b38394426a516488ad69a6cfc59cb9d8814b7086
hardhat_kaggle_70a0323fb6ed.png,hardhat_kaggle_70a0323fb6ed,hardhat_kaggle,hardhat_kaggle:hard_hat_workers2261,6,0,0,70a0323fb6edabe81bc075fc8b4f5cd72d8628b7
hardhat_kaggle_f03ac6d64fba.png,hardhat_kaggle_f03ac6d64fba,hardhat_kaggle,hardhat_kaggle:hard_hat_workers2262,3,0,0,f03ac6d64fbaf5eeac58d68f6162b0cf01daeb34
hardhat_kaggle_2a15ece81744.png,hardhat_kaggle_2a15ece81744,hardhat_kaggle,hardhat_kaggle:hard_hat_workers2263,3,0,0,2a15ece8174475afe161a55b9b900a88a956efa6
hardhat_kaggle_e1f4fdc434d5.png,hardhat_kaggle_e1f4fdc434d5,hardhat_kaggle,hardhat_kaggle:hard_hat_workers2264,6,0,0,e1f4fdc434d5fd30e341654ed01a65b26c87b37b
hardhat_kaggle_39f4e9622ed1.png,hardhat_kaggle_39f4e9622ed1,hardhat_kaggle,hardhat_kaggle:hard_hat_workers2265,4,0,0,39f4e9622ed1287f0966628845df042e49bab9e5
hardhat_kaggle_952f10a15b2d.png,hardhat_kaggle_952f10a15b2d,hardhat_kaggle,hardhat_kaggle:hard_hat_workers2266,4,0,0,952f10a15b2d093a526db5405b373b87b1794a92
hardhat_kaggle_da60ae918078.png,hardhat_kaggle_da60ae918078,hardhat_kaggle,hardhat_kaggle:hard_hat_workers2267,6,0,0,da60ae918078bb77b67c1dc68d92974832e13462
hardhat_kaggle_1513e48fe08d.png,hardhat_kaggle_1513e48fe08d,hardhat_kaggle,hardhat_kaggle:hard_hat_workers2268,2,0,0,1513e48fe08d9f0c286e5c6524c020bda4129f62
hardhat_kaggle_4740f20a26d9.png,hardhat_kaggle_4740f20a26d9,hardhat_kaggle,hardhat_kaggle:hard_hat_workers2269,3,0,0,4740f20a26d97d081ac6a86b2a696e65bf71c203
hardhat_kaggle_0d338b94ff28.png,hardhat_kaggle_0d338b94ff28,hardhat_kaggle,hardhat_kaggle:hard_hat_workers227,9,0,0,0d338b94ff2802e185fda9030f0a9db27ef37db7
hardhat_kaggle_b66c2f03073a.png,hardhat_kaggle_b66c2f03073a,hardhat_kaggle,hardhat_kaggle:hard_hat_workers2270,2,0,0,b66c2f03073a3047fc42f691e86384ca30386263
hardhat_kaggle_8bbc0314da35.png,hardhat_kaggle_8bbc0314da35,hardhat_kaggle,hardhat_kaggle:hard_hat_workers2271,25,0,0,8bbc0314da359ae13b053eaac7a8ee6ec5f9ef2c
hardhat_kaggle_09432e1f26af.png,hardhat_kaggle_09432e1f26af,hardhat_kaggle,hardhat_kaggle:hard_hat_workers2272,2,0,0,09432e1f26af1dfe70dcc41cf88ad2e07e9d819c
hardhat_kaggle_d52464828c88.png,hardhat_kaggle_d52464828c88,hardhat_kaggle,hardhat_kaggle:hard_hat_workers2273,1,0,0,d52464828c88d8ba78828a90daf5190f39ff9401
hardhat_kaggle_96baf1f4b4e6.png,hardhat_kaggle_96baf1f4b4e6,hardhat_kaggle,hardhat_kaggle:hard_hat_workers2275,9,0,0,96baf1f4b4e640c3a5fd8d46bef4ac012707d866
hardhat_kaggle_5f1f0583244b.png,hardhat_kaggle_5f1f0583244b,hardhat_kaggle,hardhat_kaggle:hard_hat_workers2276,3,0,0,5f1f0583244b8c5bf5d79d8aa3e43f4525e89a27
hardhat_kaggle_db849209d70c.png,hardhat_kaggle_db849209d70c,hardhat_kaggle,hardhat_kaggle:hard_hat_workers2278,14,0,0,db849209d70c1113990cf584f535dc7aa8360e8c
hardhat_kaggle_ac4ee79bc233.png,hardhat_kaggle_ac4ee79bc233,hardhat_kaggle,hardhat_kaggle:hard_hat_workers2279,1,0,0,ac4ee79bc2334eb4ce2d8626791a8a02ba781140
hardhat_kaggle_8444c5e972b0.png,hardhat_kaggle_8444c5e972b0,hardhat_kaggle,hardhat_kaggle:hard_hat_workers228,1,0,0,8444c5e972b0f40c61c5cdeeccc762370ca6733b
hardhat_kaggle_99823907c4c3.png,hardhat_kaggle_99823907c4c3,hardhat_kaggle,hardhat_kaggle:hard_hat_workers2280,6,0,0,99823907c4c38c9a01aa748a134a690d257caca5
hardhat_kaggle_f0595be4ee70.png,hardhat_kaggle_f0595be4ee70,hardhat_kaggle,hardhat_kaggle:hard_hat_workers2281,9,0,0,f0595be4ee702a0a1a6532fcd9fb0510ddca871c
hardhat_kaggle_8ba3956ef931.png,hardhat_kaggle_8ba3956ef931,hardhat_kaggle,hardhat_kaggle:hard_hat_workers2282,1,0,0,8ba3956ef931aaf3e8b9e927c256d515be57f524
hardhat_kaggle_c8572be94c56.png,hardhat_kaggle_c8572be94c56,hardhat_kaggle,hardhat_kaggle:hard_hat_workers2283,6,0,0,c8572be94c5650f87131218bdad0ae3f863a1644
hardhat_kaggle_10343da7eb8e.png,hardhat_kaggle_10343da7eb8e,hardhat_kaggle,hardhat_kaggle:hard_hat_workers2284,4,0,0,10343da7eb8e1b880ffa77a60a2812b2a463eea2
hardhat_kaggle_81f7707044d6.png,hardhat_kaggle_81f7707044d6,hardhat_kaggle,hardhat_kaggle:hard_hat_workers2285,4,0,0,81f7707044d6d788b4c867eb01c5aa556fa2b28c
hardhat_kaggle_1d76d22bd6ce.png,hardhat_kaggle_1d76d22bd6ce,hardhat_kaggle,hardhat_kaggle:hard_hat_workers2286,5,0,0,1d76d22bd6ce0857c34ab6641352346891c22ce6
hardhat_kaggle_846a71a16588.png,hardhat_kaggle_846a71a16588,hardhat_kaggle,hardhat_kaggle:hard_hat_workers2287,3,0,0,846a71a16588e67de0e4edaa2043dea766cda9fd
hardhat_kaggle_85be49a1055b.png,hardhat_kaggle_85be49a1055b,hardhat_kaggle,hardhat_kaggle:hard_hat_workers2288,17,0,0,85be49a1055b12e674c9ddf6a7b6c7a2a88cfb69
hardhat_kaggle_540747307df5.png,hardhat_kaggle_540747307df5,hardhat_kaggle,hardhat_kaggle:hard_hat_workers2290,10,0,0,540747307df5da4f51d7a3d3c24047b36c85e811
hardhat_kaggle_6ba8242be101.png,hardhat_kaggle_6ba8242be101,hardhat_kaggle,hardhat_kaggle:hard_hat_workers2292,1,0,0,6ba8242be1012f743dc541928355b0ee1aad01af
hardhat_kaggle_797c39ab2835.png,hardhat_kaggle_797c39ab2835,hardhat_kaggle,hardhat_kaggle:hard_hat_workers2293,6,0,0,797c39ab283575da0fbcf95361f6f7f519abac7f
hardhat_kaggle_9da4ede30d4e.png,hardhat_kaggle_9da4ede30d4e,hardhat_kaggle,hardhat_kaggle:hard_hat_workers2294,2,0,0,9da4ede30d4ea03fd61f43bc4e9533376b4cb709
hardhat_kaggle_51bf94e32dd7.png,hardhat_kaggle_51bf94e32dd7,hardhat_kaggle,hardhat_kaggle:hard_hat_workers2295,2,0,0,51bf94e32dd7bcd9e19415c3afd9246f64638b66
hardhat_kaggle_9df8bfda2640.png,hardhat_kaggle_9df8bfda2640,hardhat_kaggle,hardhat_kaggle:hard_hat_workers2296,8,0,0,9df8bfda26407d451ffc42a01c68792a37de2fdd
hardhat_kaggle_66ec93c05d03.png,hardhat_kaggle_66ec93c05d03,hardhat_kaggle,hardhat_kaggle:hard_hat_workers2297,8,0,0,66ec93c05d038b0aa4dbd9f161200d4d5872930c
hardhat_kaggle_e5e192e4d61f.png,hardhat_kaggle_e5e192e4d61f,hardhat_kaggle,hardhat_kaggle:hard_hat_workers2298,3,0,0,e5e192e4d61ff739d6ecf81b830416ae2dc240ca
hardhat_kaggle_d381c45bc79f.png,hardhat_kaggle_d381c45bc79f,hardhat_kaggle,hardhat_kaggle:hard_hat_workers2299,1,0,0,d381c45bc79f4b076ad858d20469c69da222c798
hardhat_kaggle_8f64e0da0ff5.png,hardhat_kaggle_8f64e0da0ff5,hardhat_kaggle,hardhat_kaggle:hard_hat_workers23,2,0,0,8f64e0da0ff5ba65771a91362bf109ea7acf6995
hardhat_kaggle_eaa5c94c6e79.png,hardhat_kaggle_eaa5c94c6e79,hardhat_kaggle,hardhat_kaggle:hard_hat_workers230,2,0,0,eaa5c94c6e7983cda6c2085da5e14f680a77fb9f
hardhat_kaggle_2c7c6c752abd.png,hardhat_kaggle_2c7c6c752abd,hardhat_kaggle,hardhat_kaggle:hard_hat_workers2301,4,0,0,2c7c6c752abd7940828377d88b783165fc913bd0
hardhat_kaggle_6af625b5ceec.png,hardhat_kaggle_6af625b5ceec,hardhat_kaggle,hardhat_kaggle:hard_hat_workers2302,3,0,0,6af625b5ceec6a53eb860dde145c22febee039d7
hardhat_kaggle_22b318a11cee.png,hardhat_kaggle_22b318a11cee,hardhat_kaggle,hardhat_kaggle:hard_hat_workers2303,4,0,0,22b318a11ceedaf30aa89b7209d7fa8847c95feb
hardhat_kaggle_30ace5c13f50.png,hardhat_kaggle_30ace5c13f50,hardhat_kaggle,hardhat_kaggle:hard_hat_workers2304,2,0,0,30ace5c13f501d5d75f0c0ebcde15c3a3871554f
hardhat_kaggle_b5b2d0ff2326.png,hardhat_kaggle_b5b2d0ff2326,hardhat_kaggle,hardhat_kaggle:hard_hat_workers2305,4,0,0,b5b2d0ff2326f48d57269c8e6e185f8ef6377831
hardhat_kaggle_e78c9347d277.png,hardhat_kaggle_e78c9347d277,hardhat_kaggle,hardhat_kaggle:hard_hat_workers2306,4,0,0,e78c9347d277dd9d2c5c39a1aa9fa20c77bac72f
hardhat_kaggle_965c228a373a.png,hardhat_kaggle_965c228a373a,hardhat_kaggle,hardhat_kaggle:hard_hat_workers2307,2,0,0,965c228a373a7831965dd5877810fa6a98739e14
hardhat_kaggle_9ea806991903.png,hardhat_kaggle_9ea806991903,hardhat_kaggle,hardhat_kaggle:hard_hat_workers2308,10,0,0,9ea8069919031c0ba9e648457e8a36d134ae1ec3
hardhat_kaggle_62fe415e9bb8.png,hardhat_kaggle_62fe415e9bb8,hardhat_kaggle,hardhat_kaggle:hard_hat_workers2309,1,0,0,62fe415e9bb8e354dc5c1f6b87b71af5469a2982
hardhat_kaggle_b3bfb5c74142.png,hardhat_kaggle_b3bfb5c74142,hardhat_kaggle,hardhat_kaggle:hard_hat_workers231,3,0,0,b3bfb5c74142432a7606d9e440b1a331124bcce9
hardhat_kaggle_bb56fae686dd.png,hardhat_kaggle_bb56fae686dd,hardhat_kaggle,hardhat_kaggle:hard_hat_workers2310,6,0,0,bb56fae686dd5928c3dc6dd36eacb373dff1bae6
hardhat_kaggle_b81edb450df5.png,hardhat_kaggle_b81edb450df5,hardhat_kaggle,hardhat_kaggle:hard_hat_workers2311,1,0,0,b81edb450df5d46ec9b1324c06df6165fbed54ce
hardhat_kaggle_2072a10a914e.png,hardhat_kaggle_2072a10a914e,hardhat_kaggle,hardhat_kaggle:hard_hat_workers2313,6,0,0,2072a10a914e7b967aba3787ba3781fca5e5c6cf
hardhat_kaggle_199cba1fe80e.png,hardhat_kaggle_199cba1fe80e,hardhat_kaggle,hardhat_kaggle:hard_hat_workers2314,2,0,0,199cba1fe80e4ef7df087e16543155371e7e3985
hardhat_kaggle_36069c80b848.png,hardhat_kaggle_36069c80b848,hardhat_kaggle,hardhat_kaggle:hard_hat_workers2315,2,0,0,36069c80b848e4b9de7de76a6103a37824a04783
hardhat_kaggle_e0c56d86f37b.png,hardhat_kaggle_e0c56d86f37b,hardhat_kaggle,hardhat_kaggle:hard_hat_workers2316,3,0,0,e0c56d86f37ba1e94ab28166cf887b169542cd20
hardhat_kaggle_eccbae3b4a31.png,hardhat_kaggle_eccbae3b4a31,hardhat_kaggle,hardhat_kaggle:hard_hat_workers2317,19,0,0,eccbae3b4a31fce62f2b357d8e08ee72651639da
hardhat_kaggle_8a5973adc30e.png,hardhat_kaggle_8a5973adc30e,hardhat_kaggle,hardhat_kaggle:hard_hat_workers2318,5,0,0,8a5973adc30e989fb3b544027f25af678cdab27f
hardhat_kaggle_ebdae8298189.png,hardhat_kaggle_ebdae8298189,hardhat_kaggle,hardhat_kaggle:hard_hat_workers2319,5,0,0,ebdae8298189fce9e8507061c7f60005846e10f2
hardhat_kaggle_375d425325c3.png,hardhat_kaggle_375d425325c3,hardhat_kaggle,hardhat_kaggle:hard_hat_workers232,2,0,0,375d425325c39131b7659a3874f59e206cead16f
hardhat_kaggle_94b2774a581f.png,hardhat_kaggle_94b2774a581f,hardhat_kaggle,hardhat_kaggle:hard_hat_workers2320,6,0,0,94b2774a581f217094ebdd80d7a656731ebc63af
hardhat_kaggle_fbe19ec406e9.png,hardhat_kaggle_fbe19ec406e9,hardhat_kaggle,hardhat_kaggle:hard_hat_workers2321,9,0,0,fbe19ec406e91fefa23f06f43b790e1bcd86a1ab
hardhat_kaggle_be4804d533e2.png,hardhat_kaggle_be4804d533e2,hardhat_kaggle,hardhat_kaggle:hard_hat_workers2323,1,0,0,be4804d533e208bc44a3559e02f5e14069d33da0
hardhat_kaggle_12acb216fa0c.png,hardhat_kaggle_12acb216fa0c,hardhat_kaggle,hardhat_kaggle:hard_hat_workers2324,3,0,0,12acb216fa0cad02d54ba52e4ceaabbe3682bcdc
hardhat_kaggle_fddabdcd147d.png,hardhat_kaggle_fddabdcd147d,hardhat_kaggle,hardhat_kaggle:hard_hat_workers2325,2,0,0,fddabdcd147d626c1f6c86fd5ad190e497749a2d
hardhat_kaggle_39bab99e862e.png,hardhat_kaggle_39bab99e862e,hardhat_kaggle,hardhat_kaggle:hard_hat_workers2326,5,0,0,39bab99e862e3f4cc33863f076bf8faf61fd20ad
hardhat_kaggle_3c7584454aa2.png,hardhat_kaggle_3c7584454aa2,hardhat_kaggle,hardhat_kaggle:hard_hat_workers2327,4,0,0,3c7584454aa2108d0c189408977b0b1ec76f4f2e
hardhat_kaggle_c6efd4c18672.png,hardhat_kaggle_c6efd4c18672,hardhat_kaggle,hardhat_kaggle:hard_hat_workers2328,11,0,0,c6efd4c18672af2e181a56e69da238897b7368f9
hardhat_kaggle_88f0fcded0f1.png,hardhat_kaggle_88f0fcded0f1,hardhat_kaggle,hardhat_kaggle:hard_hat_workers2329,8,0,0,88f0fcded0f1fdc2e0eaac9ee77330c1bea25102
hardhat_kaggle_c19904a59967.png,hardhat_kaggle_c19904a59967,hardhat_kaggle,hardhat_kaggle:hard_hat_workers233,16,0,0,c19904a599670b435aedeb106a4f46245a4e0357
hardhat_kaggle_a8558c11b118.png,hardhat_kaggle_a8558c11b118,hardhat_kaggle,hardhat_kaggle:hard_hat_workers2330,2,0,0,a8558c11b1181f0a263a2a7a4a59cf10d4b68be0
hardhat_kaggle_062d8816b7cf.png,hardhat_kaggle_062d8816b7cf,hardhat_kaggle,hardhat_kaggle:hard_hat_workers2331,2,0,0,062d8816b7cf3c28b2d2598ab55e1480279750b9
hardhat_kaggle_cbedf5146126.png,hardhat_kaggle_cbedf5146126,hardhat_kaggle,hardhat_kaggle:hard_hat_workers2332,1,0,0,cbedf5146126e9d411af25ee2198fbdf48e5a1d2
hardhat_kaggle_ee5866aa4bcd.png,hardhat_kaggle_ee5866aa4bcd,hardhat_kaggle,hardhat_kaggle:hard_hat_workers2333,1,0,0,ee5866aa4bcd4df9f68f5f4e019aca0a10e23271
hardhat_kaggle_6f0008715b93.png,hardhat_kaggle_6f0008715b93,hardhat_kaggle,hardhat_kaggle:hard_hat_workers2334,5,0,0,6f0008715b931638e976b53f4838f37ae1477ddd
hardhat_kaggle_9bd75ddb79ae.png,hardhat_kaggle_9bd75ddb79ae,hardhat_kaggle,hardhat_kaggle:hard_hat_workers2336,1,0,0,9bd75ddb79ae2a50f8922c86cd0cbd7494be48ea
hardhat_kaggle_7c5841f6d2d5.png,hardhat_kaggle_7c5841f6d2d5,hardhat_kaggle,hardhat_kaggle:hard_hat_workers2337,1,0,0,7c5841f6d2d5747e79d68f97ece5f7aba11c6c24
hardhat_kaggle_e48827ffeef9.png,hardhat_kaggle_e48827ffeef9,hardhat_kaggle,hardhat_kaggle:hard_hat_workers2338,1,0,0,e48827ffeef9fb8a1df785ef79cd26d7b30d1a49
hardhat_kaggle_b7503ebf2061.png,hardhat_kaggle_b7503ebf2061,hardhat_kaggle,hardhat_kaggle:hard_hat_workers2339,2,0,0,b7503ebf206181389c70d9420111945fb6bdc1fc
hardhat_kaggle_e59981ab2f7e.png,hardhat_kaggle_e59981ab2f7e,hardhat_kaggle,hardhat_kaggle:hard_hat_workers2340,10,0,0,e59981ab2f7ee3a996ca8ed44e949b9ada6eaac5
hardhat_kaggle_c9a6fd48c1d8.png,hardhat_kaggle_c9a6fd48c1d8,hardhat_kaggle,hardhat_kaggle:hard_hat_workers2341,5,0,0,c9a6fd48c1d8f17d904e6b5c6acb53ff33f83c34
hardhat_kaggle_3fe69ce799a9.png,hardhat_kaggle_3fe69ce799a9,hardhat_kaggle,hardhat_kaggle:hard_hat_workers2342,3,0,0,3fe69ce799a9ba7225eba1348bdc8a9bda312e0f
hardhat_kaggle_c508e15df703.png,hardhat_kaggle_c508e15df703,hardhat_kaggle,hardhat_kaggle:hard_hat_workers2343,2,0,0,c508e15df703f1951de168f508faed4bc91e59b7
hardhat_kaggle_cbfc8e5544e5.png,hardhat_kaggle_cbfc8e5544e5,hardhat_kaggle,hardhat_kaggle:hard_hat_workers2344,6,0,0,cbfc8e5544e5380c0d3ec74b46cda7a342fb7eb3
hardhat_kaggle_5972773b132b.png,hardhat_kaggle_5972773b132b,hardhat_kaggle,hardhat_kaggle:hard_hat_workers2345,2,0,0,5972773b132b635b290d30b140dd9b465719ff33
hardhat_kaggle_29b5bad414ee.png,hardhat_kaggle_29b5bad414ee,hardhat_kaggle,hardhat_kaggle:hard_hat_workers2346,7,0,0,29b5bad414ee6b1fee0849ddfad56f5162e6cf2e
hardhat_kaggle_69a34f56ad2e.png,hardhat_kaggle_69a34f56ad2e,hardhat_kaggle,hardhat_kaggle:hard_hat_workers2347,5,0,0,69a34f56ad2e8ec7d9a02bc62a6aee6473382671
hardhat_kaggle_25845e0fc8f4.png,hardhat_kaggle_25845e0fc8f4,hardhat_kaggle,hardhat_kaggle:hard_hat_workers2348,2,0,0,25845e0fc8f411765deddc951007d20e0bc28d0a
hardhat_kaggle_297b70181401.png,hardhat_kaggle_297b70181401,hardhat_kaggle,hardhat_kaggle:hard_hat_workers235,2,0,0,297b70181401b5c0c6c20c350fb15bf97da6a628
hardhat_kaggle_3245ddc45df8.png,hardhat_kaggle_3245ddc45df8,hardhat_kaggle,hardhat_kaggle:hard_hat_workers2350,6,0,0,3245ddc45df868c16d64410a22acfe3e23e30270
hardhat_kaggle_d8c509234119.png,hardhat_kaggle_d8c509234119,hardhat_kaggle,hardhat_kaggle:hard_hat_workers2351,3,0,0,d8c509234119bd56a083952c0253d6467fba435d
hardhat_kaggle_40268bcf625f.png,hardhat_kaggle_40268bcf625f,hardhat_kaggle,hardhat_kaggle:hard_hat_workers2352,6,0,0,40268bcf625f14a8753938295993bc27d1aea29c
hardhat_kaggle_2020e6c742a9.png,hardhat_kaggle_2020e6c742a9,hardhat_kaggle,hardhat_kaggle:hard_hat_workers2354,2,0,0,2020e6c742a9826ccbe3236a1e79d3f6a83c9520
hardhat_kaggle_ab535d652403.png,hardhat_kaggle_ab535d652403,hardhat_kaggle,hardhat_kaggle:hard_hat_workers2355,1,0,0,ab535d6524037011393d9a35aff2c04db7de5c78
hardhat_kaggle_afe48df0a438.png,hardhat_kaggle_afe48df0a438,hardhat_kaggle,hardhat_kaggle:hard_hat_workers2356,2,0,0,afe48df0a438d036e152d511cf0988ec05b587c7
hardhat_kaggle_1bfc2f2a9ac1.png,hardhat_kaggle_1bfc2f2a9ac1,hardhat_kaggle,hardhat_kaggle:hard_hat_workers2358,9,0,0,1bfc2f2a9ac11ebfc18672e74463a517be13d57c
hardhat_kaggle_8932e7de6e35.png,hardhat_kaggle_8932e7de6e35,hardhat_kaggle,hardhat_kaggle:hard_hat_workers2359,5,0,0,8932e7de6e35ee4f947c4800f0564ebaa319fedd
hardhat_kaggle_96a1a0b21fdc.png,hardhat_kaggle_96a1a0b21fdc,hardhat_kaggle,hardhat_kaggle:hard_hat_workers236,1,0,0,96a1a0b21fdc29b71cbc603a2e0e506ce5fd473c
hardhat_kaggle_a5cd12df1765.png,hardhat_kaggle_a5cd12df1765,hardhat_kaggle,hardhat_kaggle:hard_hat_workers2361,3,0,0,a5cd12df17658f383ac7ed4077e149fa52fb010a
hardhat_kaggle_bb1025953733.png,hardhat_kaggle_bb1025953733,hardhat_kaggle,hardhat_kaggle:hard_hat_workers2362,1,0,0,bb102595373313dd91a2e2ec60132d29009aafb8
hardhat_kaggle_e19fca4fe483.png,hardhat_kaggle_e19fca4fe483,hardhat_kaggle,hardhat_kaggle:hard_hat_workers2363,14,0,0,e19fca4fe483d6a162d1828b2669178be7394ecf
hardhat_kaggle_15ef2ce08436.png,hardhat_kaggle_15ef2ce08436,hardhat_kaggle,hardhat_kaggle:hard_hat_workers2364,2,0,0,15ef2ce084362cac0b73c594bb3d9a8a7ed98781
hardhat_kaggle_de3eb01e6e20.png,hardhat_kaggle_de3eb01e6e20,hardhat_kaggle,hardhat_kaggle:hard_hat_workers2366,3,0,0,de3eb01e6e200ef8aeb3ba2315be197a355d1052
hardhat_kaggle_1e8eb1a47f74.png,hardhat_kaggle_1e8eb1a47f74,hardhat_kaggle,hardhat_kaggle:hard_hat_workers2367,3,0,0,1e8eb1a47f74e7c5d99eab105d8655fff0c32c0e
hardhat_kaggle_682370fddf7d.png,hardhat_kaggle_682370fddf7d,hardhat_kaggle,hardhat_kaggle:hard_hat_workers2368,5,0,0,682370fddf7d40287b3a5f8f8478628b9e9d188a
hardhat_kaggle_b5929a538137.png,hardhat_kaggle_b5929a538137,hardhat_kaggle,hardhat_kaggle:hard_hat_workers2369,1,0,0,b5929a5381372b3f85d875ec5b8e0f0d957b4d95
hardhat_kaggle_f5c1345769a7.png,hardhat_kaggle_f5c1345769a7,hardhat_kaggle,hardhat_kaggle:hard_hat_workers237,1,0,0,f5c1345769a7ff9210506dcac23ced6b8e57a74a
hardhat_kaggle_c08fdf0a8b44.png,hardhat_kaggle_c08fdf0a8b44,hardhat_kaggle,hardhat_kaggle:hard_hat_workers2370,2,0,0,c08fdf0a8b44fc77eaf96151b988cb4a3926e271
hardhat_kaggle_2aafec386d6d.png,hardhat_kaggle_2aafec386d6d,hardhat_kaggle,hardhat_kaggle:hard_hat_workers2371,1,0,0,2aafec386d6db3a3af1109f168886c4d2cca36f5
hardhat_kaggle_1fddf773ca32.png,hardhat_kaggle_1fddf773ca32,hardhat_kaggle,hardhat_kaggle:hard_hat_workers2372,8,0,0,1fddf773ca326625656099c0316838c02c730781
hardhat_kaggle_55332dbe2673.png,hardhat_kaggle_55332dbe2673,hardhat_kaggle,hardhat_kaggle:hard_hat_workers2373,3,0,0,55332dbe2673000f23cf4c4086f51f28e4ffb1e2
hardhat_kaggle_1e5dbd2b5eaf.png,hardhat_kaggle_1e5dbd2b5eaf,hardhat_kaggle,hardhat_kaggle:hard_hat_workers2374,7,0,0,1e5dbd2b5eafbba8bac42a6f97e740d19fc85d99
hardhat_kaggle_7ad6c5e35379.png,hardhat_kaggle_7ad6c5e35379,hardhat_kaggle,hardhat_kaggle:hard_hat_workers2375,2,0,0,7ad6c5e35379dfe51e1456d3ea0225decb35b6e1
hardhat_kaggle_656f497b21ac.png,hardhat_kaggle_656f497b21ac,hardhat_kaggle,hardhat_kaggle:hard_hat_workers2376,4,0,0,656f497b21ac167ee624637ff55deb20838c67a7
hardhat_kaggle_1cc061192422.png,hardhat_kaggle_1cc061192422,hardhat_kaggle,hardhat_kaggle:hard_hat_workers2378,6,0,0,1cc0611924220bcf6dbf835725737ac9ff4372fb
hardhat_kaggle_a9e1e3e4524d.png,hardhat_kaggle_a9e1e3e4524d,hardhat_kaggle,hardhat_kaggle:hard_hat_workers2379,1,0,0,a9e1e3e4524dd91db483abf64881697254e735b1
hardhat_kaggle_2884634abebd.png,hardhat_kaggle_2884634abebd,hardhat_kaggle,hardhat_kaggle:hard_hat_workers238,1,0,0,2884634abebd5611147815ed9bca8349676b6a89
hardhat_kaggle_2e892d1d5828.png,hardhat_kaggle_2e892d1d5828,hardhat_kaggle,hardhat_kaggle:hard_hat_workers2380,2,0,0,2e892d1d5828714790d5ebedea8456c927f5c7da
hardhat_kaggle_0e1b5e56df1a.png,hardhat_kaggle_0e1b5e56df1a,hardhat_kaggle,hardhat_kaggle:hard_hat_workers2381,4,0,0,0e1b5e56df1aea41f2b9509dcdb7d4e611b44590
hardhat_kaggle_758171cdab8d.png,hardhat_kaggle_758171cdab8d,hardhat_kaggle,hardhat_kaggle:hard_hat_workers2382,2,0,0,758171cdab8dc7cb14524de69a559238c7c15153
hardhat_kaggle_a2ca5c26eaa4.png,hardhat_kaggle_a2ca5c26eaa4,hardhat_kaggle,hardhat_kaggle:hard_hat_workers2383,7,0,0,a2ca5c26eaa464a3dbc77119c0d92783a308d93a
hardhat_kaggle_33995dd34f29.png,hardhat_kaggle_33995dd34f29,hardhat_kaggle,hardhat_kaggle:hard_hat_workers2384,1,0,0,33995dd34f29f89a3469f4c93e16e8a4c2dddd96
hardhat_kaggle_6b271b1a4699.png,hardhat_kaggle_6b271b1a4699,hardhat_kaggle,hardhat_kaggle:hard_hat_workers2386,2,0,0,6b271b1a469953f2753a03d669b3ad5b9039d57e
hardhat_kaggle_b3d4e27ce443.png,hardhat_kaggle_b3d4e27ce443,hardhat_kaggle,hardhat_kaggle:hard_hat_workers2387,18,0,0,b3d4e27ce443e1ba87a554121c363a6ae6166ea9
hardhat_kaggle_ec4857b2a5c2.png,hardhat_kaggle_ec4857b2a5c2,hardhat_kaggle,hardhat_kaggle:hard_hat_workers2388,5,0,0,ec4857b2a5c202008f79827a35c47941c88ca411
hardhat_kaggle_a3c1ceea86f6.png,hardhat_kaggle_a3c1ceea86f6,hardhat_kaggle,hardhat_kaggle:hard_hat_workers2389,10,0,0,a3c1ceea86f6df4bb7667e8fa49767d43df07f9b
hardhat_kaggle_78a993a55b1e.png,hardhat_kaggle_78a993a55b1e,hardhat_kaggle,hardhat_kaggle:hard_hat_workers2390,8,0,0,78a993a55b1e8c111500f14a1aecf78df2295418
hardhat_kaggle_d7aa992279b6.png,hardhat_kaggle_d7aa992279b6,hardhat_kaggle,hardhat_kaggle:hard_hat_workers2391,8,0,0,d7aa992279b694d8c6583e422eb70a27d5dca2d1
hardhat_kaggle_491c0e3b4691.png,hardhat_kaggle_491c0e3b4691,hardhat_kaggle,hardhat_kaggle:hard_hat_workers2392,1,0,0,491c0e3b4691f749f2b32467753bcf849c6e462a
hardhat_kaggle_7cd545198ea9.png,hardhat_kaggle_7cd545198ea9,hardhat_kaggle,hardhat_kaggle:hard_hat_workers2393,1,0,0,7cd545198ea985d22ecc7c73e06e76e563e7795f
hardhat_kaggle_3a3578289153.png,hardhat_kaggle_3a3578289153,hardhat_kaggle,hardhat_kaggle:hard_hat_workers2394,9,0,0,3a35782891539ccf26a5a3ded6354eff379de281
hardhat_kaggle_2daabb501c00.png,hardhat_kaggle_2daabb501c00,hardhat_kaggle,hardhat_kaggle:hard_hat_workers2395,4,0,0,2daabb501c0083b15ebd0556812c753b50364efa
hardhat_kaggle_73a3f1ac3380.png,hardhat_kaggle_73a3f1ac3380,hardhat_kaggle,hardhat_kaggle:hard_hat_workers2396,2,0,0,73a3f1ac3380d76768e469b696c805d9da8f863f
hardhat_kaggle_3fba0ec06745.png,hardhat_kaggle_3fba0ec06745,hardhat_kaggle,hardhat_kaggle:hard_hat_workers2397,1,0,0,3fba0ec067455a1715f80702d4f5e347fabd3493
hardhat_kaggle_a4f529e36b7c.png,hardhat_kaggle_a4f529e36b7c,hardhat_kaggle,hardhat_kaggle:hard_hat_workers2398,1,0,0,a4f529e36b7c83f00e47c36e1d2996e7d3cdcb04
hardhat_kaggle_bc0611d43276.png,hardhat_kaggle_bc0611d43276,hardhat_kaggle,hardhat_kaggle:hard_hat_workers2399,3,0,0,bc0611d432765026c0bbea73d6abefede88f4367
hardhat_kaggle_4c9c9476d059.png,hardhat_kaggle_4c9c9476d059,hardhat_kaggle,hardhat_kaggle:hard_hat_workers24,5,0,0,4c9c9476d05906440d964c8454a29a65ea037196
hardhat_kaggle_db5154484a8e.png,hardhat_kaggle_db5154484a8e,hardhat_kaggle,hardhat_kaggle:hard_hat_workers2400,6,0,0,db5154484a8e2d4f4b7eaa1681d104b8f5434644
hardhat_kaggle_10a6ba53e73e.png,hardhat_kaggle_10a6ba53e73e,hardhat_kaggle,hardhat_kaggle:hard_hat_workers2401,2,0,0,10a6ba53e73e27942750f9fbb1abacffa7618da6
hardhat_kaggle_b9cc85679046.png,hardhat_kaggle_b9cc85679046,hardhat_kaggle,hardhat_kaggle:hard_hat_workers2402,2,0,0,b9cc8567904636e26996ff075d4093de5bf82f0d
hardhat_kaggle_207e73e75273.png,hardhat_kaggle_207e73e75273,hardhat_kaggle,hardhat_kaggle:hard_hat_workers2403,11,0,0,207e73e7527350c96e82489c73a20bf0429d5ed3
hardhat_kaggle_19109481cd88.png,hardhat_kaggle_19109481cd88,hardhat_kaggle,hardhat_kaggle:hard_hat_workers2404,2,0,0,19109481cd885978bd0a0c1609b2362ea19e90bc
hardhat_kaggle_c7dd0ba34930.png,hardhat_kaggle_c7dd0ba34930,hardhat_kaggle,hardhat_kaggle:hard_hat_workers2405,1,0,0,c7dd0ba349309ed906c82fdfaffde13ea4e6de7b
hardhat_kaggle_c6d28b101a6a.png,hardhat_kaggle_c6d28b101a6a,hardhat_kaggle,hardhat_kaggle:hard_hat_workers2406,1,0,0,c6d28b101a6a92ce05a5df30a288dac42253b8ab
hardhat_kaggle_e37d93d5813b.png,hardhat_kaggle_e37d93d5813b,hardhat_kaggle,hardhat_kaggle:hard_hat_workers2407,7,0,0,e37d93d5813b776ff85e793f34e69cfc1092d6d0
hardhat_kaggle_d9da598ab62d.png,hardhat_kaggle_d9da598ab62d,hardhat_kaggle,hardhat_kaggle:hard_hat_workers2408,8,0,0,d9da598ab62d0fde0630cb9551605810023c2f48
hardhat_kaggle_fa2b4b946080.png,hardhat_kaggle_fa2b4b946080,hardhat_kaggle,hardhat_kaggle:hard_hat_workers2409,2,0,0,fa2b4b946080a4e0d081a8ac945b224d3672a2b8
hardhat_kaggle_775f7c2d5530.png,hardhat_kaggle_775f7c2d5530,hardhat_kaggle,hardhat_kaggle:hard_hat_workers241,2,0,0,775f7c2d55304f6bdf04c8e3990945af23da5973
hardhat_kaggle_fda12f768515.png,hardhat_kaggle_fda12f768515,hardhat_kaggle,hardhat_kaggle:hard_hat_workers2410,2,0,0,fda12f7685157772c275a4c9a68733f4ab2fd9b8
hardhat_kaggle_f60d0ff05519.png,hardhat_kaggle_f60d0ff05519,hardhat_kaggle,hardhat_kaggle:hard_hat_workers2411,1,0,0,f60d0ff05519aa8de5fb2b3daa2d6b2e9df5420e
hardhat_kaggle_4ad6f996c0fc.png,hardhat_kaggle_4ad6f996c0fc,hardhat_kaggle,hardhat_kaggle:hard_hat_workers2412,5,0,0,4ad6f996c0fcb61ec7e8ff3f1c4156bb5c627e8a
hardhat_kaggle_d178f445167b.png,hardhat_kaggle_d178f445167b,hardhat_kaggle,hardhat_kaggle:hard_hat_workers2413,2,0,0,d178f445167bdbb408f8e93bf2132620c7560374
hardhat_kaggle_d7661463ad73.png,hardhat_kaggle_d7661463ad73,hardhat_kaggle,hardhat_kaggle:hard_hat_workers2414,2,0,0,d7661463ad7333de2e8781677450a10500d0c888
hardhat_kaggle_c4544075b2b8.png,hardhat_kaggle_c4544075b2b8,hardhat_kaggle,hardhat_kaggle:hard_hat_workers2415,6,0,0,c4544075b2b823be9705777f03caaf3bf24267a7
hardhat_kaggle_2b24954480b9.png,hardhat_kaggle_2b24954480b9,hardhat_kaggle,hardhat_kaggle:hard_hat_workers2416,1,0,0,2b24954480b9f04f44ebf9d35aaa1f3c39b461e1
hardhat_kaggle_8fe90913275c.png,hardhat_kaggle_8fe90913275c,hardhat_kaggle,hardhat_kaggle:hard_hat_workers2417,2,0,0,8fe90913275c6b9dee5ce8b8aad4aaef574ab7b9
hardhat_kaggle_ca95dd8d2d5d.png,hardhat_kaggle_ca95dd8d2d5d,hardhat_kaggle,hardhat_kaggle:hard_hat_workers2418,30,0,0,ca95dd8d2d5d3bf8ba09b647fb1b24e783fc8a69
hardhat_kaggle_7ed018c5a564.png,hardhat_kaggle_7ed018c5a564,hardhat_kaggle,hardhat_kaggle:hard_hat_workers2419,2,0,0,7ed018c5a56449c540e5f8fd7ac88016ae122eb9
hardhat_kaggle_b0f82a89710e.png,hardhat_kaggle_b0f82a89710e,hardhat_kaggle,hardhat_kaggle:hard_hat_workers242,1,0,0,b0f82a89710ea078fff6af70fed6c7149659c80c
hardhat_kaggle_e87763d3682e.png,hardhat_kaggle_e87763d3682e,hardhat_kaggle,hardhat_kaggle:hard_hat_workers2420,6,0,0,e87763d3682e298918b2145986c111162c19dad9
hardhat_kaggle_fd8bba791e9e.png,hardhat_kaggle_fd8bba791e9e,hardhat_kaggle,hardhat_kaggle:hard_hat_workers2422,2,0,0,fd8bba791e9e0dcae20ca3bb2b95e4f0864478f8
hardhat_kaggle_1b8ed5a35a78.png,hardhat_kaggle_1b8ed5a35a78,hardhat_kaggle,hardhat_kaggle:hard_hat_workers2423,2,0,0,1b8ed5a35a78dd13b27c22ca617ee555c7783f9f
hardhat_kaggle_62a692ec5485.png,hardhat_kaggle_62a692ec5485,hardhat_kaggle,hardhat_kaggle:hard_hat_workers2424,3,0,0,62a692ec54852b6b5e9b1f103f4385414b93e669
hardhat_kaggle_9907e16e7670.png,hardhat_kaggle_9907e16e7670,hardhat_kaggle,hardhat_kaggle:hard_hat_workers2425,2,0,0,9907e16e7670068d8a4362606f02b538e0ab0fda
hardhat_kaggle_abd626ba8802.png,hardhat_kaggle_abd626ba8802,hardhat_kaggle,hardhat_kaggle:hard_hat_workers2427,1,0,0,abd626ba8802664e74a539828a7aa9133a80982f
hardhat_kaggle_6aba4a9c4e5a.png,hardhat_kaggle_6aba4a9c4e5a,hardhat_kaggle,hardhat_kaggle:hard_hat_workers2429,6,0,0,6aba4a9c4e5ab739f0905a48ff40979cc2d3f145
hardhat_kaggle_3356b9369994.png,hardhat_kaggle_3356b9369994,hardhat_kaggle,hardhat_kaggle:hard_hat_workers243,1,0,0,3356b9369994a0e58f6da0c41c3577b5d0ffa59a
hardhat_kaggle_d2a699b100f2.png,hardhat_kaggle_d2a699b100f2,hardhat_kaggle,hardhat_kaggle:hard_hat_workers2430,7,0,0,d2a699b100f21179997c9496f4811ca30c7346e9
hardhat_kaggle_12a4013c2da6.png,hardhat_kaggle_12a4013c2da6,hardhat_kaggle,hardhat_kaggle:hard_hat_workers2431,9,0,0,12a4013c2da6a65be9ad54d478c2ddfcd5fb425d
hardhat_kaggle_b2871d544c75.png,hardhat_kaggle_b2871d544c75,hardhat_kaggle,hardhat_kaggle:hard_hat_workers2432,9,0,0,b2871d544c75af526d47e8b83c5936f4cae103b4
hardhat_kaggle_33e85c07139b.png,hardhat_kaggle_33e85c07139b,hardhat_kaggle,hardhat_kaggle:hard_hat_workers2433,1,0,0,33e85c07139bd579c03024336d1c2b89e1cc8d42
hardhat_kaggle_47246fcdc83e.png,hardhat_kaggle_47246fcdc83e,hardhat_kaggle,hardhat_kaggle:hard_hat_workers2434,3,0,0,47246fcdc83e0d102d1dd9288c9886a8fb3da0c6
hardhat_kaggle_9bc33b580093.png,hardhat_kaggle_9bc33b580093,hardhat_kaggle,hardhat_kaggle:hard_hat_workers2435,1,0,0,9bc33b5800934a8f8354c2a30c2d387f3e019d4f
hardhat_kaggle_868070e92187.png,hardhat_kaggle_868070e92187,hardhat_kaggle,hardhat_kaggle:hard_hat_workers2436,2,0,0,868070e9218784afbe1b796dc739cab14d83c237
hardhat_kaggle_65f554f2123b.png,hardhat_kaggle_65f554f2123b,hardhat_kaggle,hardhat_kaggle:hard_hat_workers2437,1,0,0,65f554f2123bcee0e87080ed9106ecc73b7bba90
hardhat_kaggle_7c0703639a6b.png,hardhat_kaggle_7c0703639a6b,hardhat_kaggle,hardhat_kaggle:hard_hat_workers2438,2,0,0,7c0703639a6be02b42faa5f83e0283fbc2d89e62
hardhat_kaggle_bc0f00ea8160.png,hardhat_kaggle_bc0f00ea8160,hardhat_kaggle,hardhat_kaggle:hard_hat_workers2439,2,0,0,bc0f00ea81604103b0571b2ba3c7d2e56541b251
hardhat_kaggle_036368672282.png,hardhat_kaggle_036368672282,hardhat_kaggle,hardhat_kaggle:hard_hat_workers244,2,0,0,036368672282b20da4f67e20d29c690fa2fc0b65
hardhat_kaggle_672933541134.png,hardhat_kaggle_672933541134,hardhat_kaggle,hardhat_kaggle:hard_hat_workers2440,9,0,0,67293354113467fc0c5272b323361c2771c24e6c
hardhat_kaggle_3f6a064182dd.png,hardhat_kaggle_3f6a064182dd,hardhat_kaggle,hardhat_kaggle:hard_hat_workers2441,3,0,0,3f6a064182dd4c63f495f5a92aa83e56d723c5f3
hardhat_kaggle_ae97ddac1917.png,hardhat_kaggle_ae97ddac1917,hardhat_kaggle,hardhat_kaggle:hard_hat_workers2442,8,0,0,ae97ddac1917480e2d2273d7ab173f44a73045b0
hardhat_kaggle_6e6c51c89f0e.png,hardhat_kaggle_6e6c51c89f0e,hardhat_kaggle,hardhat_kaggle:hard_hat_workers2443,2,0,0,6e6c51c89f0e9d1df4c8f26438675afd7048fec2
hardhat_kaggle_ecf0f0b6a1ac.png,hardhat_kaggle_ecf0f0b6a1ac,hardhat_kaggle,hardhat_kaggle:hard_hat_workers2444,4,0,0,ecf0f0b6a1ac3bc1c88ebb8e4e0eb52e3e3e7f33
hardhat_kaggle_8ba485bb5eda.png,hardhat_kaggle_8ba485bb5eda,hardhat_kaggle,hardhat_kaggle:hard_hat_workers2445,1,0,0,8ba485bb5eda450bf91abe1dbb1dae3952dd943a
hardhat_kaggle_3be2f4f56a17.png,hardhat_kaggle_3be2f4f56a17,hardhat_kaggle,hardhat_kaggle:hard_hat_workers2447,10,0,0,3be2f4f56a177dd8034f3728adc6da12886e3e7f
hardhat_kaggle_28e22eddba26.png,hardhat_kaggle_28e22eddba26,hardhat_kaggle,hardhat_kaggle:hard_hat_workers2448,2,0,0,28e22eddba2669285bbfedc21e0d4df9b1f35ddc
hardhat_kaggle_46d445b46c67.png,hardhat_kaggle_46d445b46c67,hardhat_kaggle,hardhat_kaggle:hard_hat_workers2449,5,0,0,46d445b46c67cae77d440f5b37771bc0a5158ebb
hardhat_kaggle_7e95b1189636.png,hardhat_kaggle_7e95b1189636,hardhat_kaggle,hardhat_kaggle:hard_hat_workers245,14,0,0,7e95b1189636895d64196a11167e2496d6839058
hardhat_kaggle_724c27bfa5df.png,hardhat_kaggle_724c27bfa5df,hardhat_kaggle,hardhat_kaggle:hard_hat_workers2450,6,0,0,724c27bfa5df309a61b842c772dbacec3214bb6f
hardhat_kaggle_0ad6a665aa89.png,hardhat_kaggle_0ad6a665aa89,hardhat_kaggle,hardhat_kaggle:hard_hat_workers2451,15,0,0,0ad6a665aa898daabb5fb1de1e847aa2d307dd3d
hardhat_kaggle_fbd255bba5c4.png,hardhat_kaggle_fbd255bba5c4,hardhat_kaggle,hardhat_kaggle:hard_hat_workers2452,3,0,0,fbd255bba5c487399aee5b7299e8dca7dafce433
hardhat_kaggle_dd5e1bdecaea.png,hardhat_kaggle_dd5e1bdecaea,hardhat_kaggle,hardhat_kaggle:hard_hat_workers2453,2,0,0,dd5e1bdecaea0df913806a446d195a5f097afd8f
hardhat_kaggle_b4872791db0f.png,hardhat_kaggle_b4872791db0f,hardhat_kaggle,hardhat_kaggle:hard_hat_workers2454,13,0,0,b4872791db0fa7a3ef263a91ce5832eef0cda3b4
hardhat_kaggle_39e2e30437eb.png,hardhat_kaggle_39e2e30437eb,hardhat_kaggle,hardhat_kaggle:hard_hat_workers2455,9,0,0,39e2e30437ebab22134454b8d44e1e958277c079
hardhat_kaggle_859cd382d58f.png,hardhat_kaggle_859cd382d58f,hardhat_kaggle,hardhat_kaggle:hard_hat_workers2456,19,0,0,859cd382d58fbef693e6ed74eeb35caba2d4d7e9
hardhat_kaggle_09b0fa4c692f.png,hardhat_kaggle_09b0fa4c692f,hardhat_kaggle,hardhat_kaggle:hard_hat_workers2457,4,0,0,09b0fa4c692f4fe3719ff347080aa8e4664d2f22
hardhat_kaggle_95aa7db4167b.png,hardhat_kaggle_95aa7db4167b,hardhat_kaggle,hardhat_kaggle:hard_hat_workers2458,3,0,0,95aa7db4167b4eb3b6710f514f3db66cbb5db35f
hardhat_kaggle_f5a06ff5982a.png,hardhat_kaggle_f5a06ff5982a,hardhat_kaggle,hardhat_kaggle:hard_hat_workers2459,3,0,0,f5a06ff5982af0be945c7de1292c697450c1be43
hardhat_kaggle_bd37da63b195.png,hardhat_kaggle_bd37da63b195,hardhat_kaggle,hardhat_kaggle:hard_hat_workers246,3,0,0,bd37da63b195559ddd44d8c86f50f5b80db1db17
hardhat_kaggle_ed23f8327fb3.png,hardhat_kaggle_ed23f8327fb3,hardhat_kaggle,hardhat_kaggle:hard_hat_workers2460,5,0,0,ed23f8327fb34e58edcf15905d2e2dba34696ff2
hardhat_kaggle_f83dc9c8b12f.png,hardhat_kaggle_f83dc9c8b12f,hardhat_kaggle,hardhat_kaggle:hard_hat_workers2462,2,0,0,f83dc9c8b12ff404c2e723b5a5c9c419601461e2
hardhat_kaggle_aeb6c194dfe9.png,hardhat_kaggle_aeb6c194dfe9,hardhat_kaggle,hardhat_kaggle:hard_hat_workers2463,2,0,0,aeb6c194dfe94f2df7d3189ea67fff28776ee8eb
hardhat_kaggle_b9a85e4195cb.png,hardhat_kaggle_b9a85e4195cb,hardhat_kaggle,hardhat_kaggle:hard_hat_workers2464,10,0,0,b9a85e4195cb397addcaf5b38dc17d4feb5dd22b
hardhat_kaggle_12a69c11cf1a.png,hardhat_kaggle_12a69c11cf1a,hardhat_kaggle,hardhat_kaggle:hard_hat_workers2465,10,0,0,12a69c11cf1afcda76709a54d0e657b6a0bcc292
hardhat_kaggle_99e75f2ea06a.png,hardhat_kaggle_99e75f2ea06a,hardhat_kaggle,hardhat_kaggle:hard_hat_workers2466,3,0,0,99e75f2ea06a04177a1093e27e8bb88068dd45bc
hardhat_kaggle_f84c1eb5ec7e.png,hardhat_kaggle_f84c1eb5ec7e,hardhat_kaggle,hardhat_kaggle:hard_hat_workers2467,3,0,0,f84c1eb5ec7e1aab074f8efbd4c4bf6fbcd3eacc
hardhat_kaggle_338cdd96837c.png,hardhat_kaggle_338cdd96837c,hardhat_kaggle,hardhat_kaggle:hard_hat_workers247,4,0,0,338cdd96837c6a8a2f9774b5c235ab8fb37a2857
hardhat_kaggle_d398b3a3f46d.png,hardhat_kaggle_d398b3a3f46d,hardhat_kaggle,hardhat_kaggle:hard_hat_workers2470,6,0,0,d398b3a3f46d8b8b64c599f4aa7ecc72441f8347
hardhat_kaggle_547103f846f7.png,hardhat_kaggle_547103f846f7,hardhat_kaggle,hardhat_kaggle:hard_hat_workers2471,1,0,0,547103f846f78366cfe660554c98a6deac102325
hardhat_kaggle_5b0b7d925579.png,hardhat_kaggle_5b0b7d925579,hardhat_kaggle,hardhat_kaggle:hard_hat_workers2472,8,0,0,5b0b7d925579a5c0c46bc2e91de38521c9d66700
hardhat_kaggle_b2ab921eaff0.png,hardhat_kaggle_b2ab921eaff0,hardhat_kaggle,hardhat_kaggle:hard_hat_workers2473,2,0,0,b2ab921eaff0c5791cbbc51449dd87dcdb881c7f
hardhat_kaggle_133801f278da.png,hardhat_kaggle_133801f278da,hardhat_kaggle,hardhat_kaggle:hard_hat_workers2474,13,0,0,133801f278da2b68f972dc08a4dedbc3fdbd73d4
hardhat_kaggle_9e4d231deca8.png,hardhat_kaggle_9e4d231deca8,hardhat_kaggle,hardhat_kaggle:hard_hat_workers2475,2,0,0,9e4d231deca8743613611157aa4288efa26abe7c
hardhat_kaggle_703eebdd149f.png,hardhat_kaggle_703eebdd149f,hardhat_kaggle,hardhat_kaggle:hard_hat_workers2476,1,0,0,703eebdd149f2957a662e083d8d55a3dde549682
hardhat_kaggle_e4cbcb5775db.png,hardhat_kaggle_e4cbcb5775db,hardhat_kaggle,hardhat_kaggle:hard_hat_workers2477,4,0,0,e4cbcb5775db471cb6025b22e65b0b0cf78d2f80
hardhat_kaggle_8b66ebcc9843.png,hardhat_kaggle_8b66ebcc9843,hardhat_kaggle,hardhat_kaggle:hard_hat_workers2479,1,0,0,8b66ebcc98433c8dddb5e1d8fa3bf8067fb2e0a2
hardhat_kaggle_2f6974b908e4.png,hardhat_kaggle_2f6974b908e4,hardhat_kaggle,hardhat_kaggle:hard_hat_workers248,6,0,0,2f6974b908e449d8f386e95ce8e18dfa27cc57c4
hardhat_kaggle_cdc5039511e6.png,hardhat_kaggle_cdc5039511e6,hardhat_kaggle,hardhat_kaggle:hard_hat_workers2480,5,0,0,cdc5039511e653b1691da5f312ec1d0bb4d0a27c
hardhat_kaggle_de69f4d28e62.png,hardhat_kaggle_de69f4d28e62,hardhat_kaggle,hardhat_kaggle:hard_hat_workers2481,24,0,0,de69f4d28e622d7c1158c5bb815ce780e7e06926
hardhat_kaggle_a1c45cf612c4.png,hardhat_kaggle_a1c45cf612c4,hardhat_kaggle,hardhat_kaggle:hard_hat_workers2482,2,0,0,a1c45cf612c48b96262a8db34f0bf4a5bfe4a3f7
hardhat_kaggle_19145847f599.png,hardhat_kaggle_19145847f599,hardhat_kaggle,hardhat_kaggle:hard_hat_workers2483,7,0,0,19145847f59964ee6cab92097455d63d176247ac
hardhat_kaggle_2d3b35654288.png,hardhat_kaggle_2d3b35654288,hardhat_kaggle,hardhat_kaggle:hard_hat_workers2484,1,0,0,2d3b3565428854ba18bafec789e2c0dd1063ab75
hardhat_kaggle_1ecba18b79cb.png,hardhat_kaggle_1ecba18b79cb,hardhat_kaggle,hardhat_kaggle:hard_hat_workers2485,2,0,0,1ecba18b79cb6171c7b4e0c69a567cb104e95fac
hardhat_kaggle_d3dcd5f22223.png,hardhat_kaggle_d3dcd5f22223,hardhat_kaggle,hardhat_kaggle:hard_hat_workers2486,1,0,0,d3dcd5f22223499b275a3022fef1009464c9f37d
hardhat_kaggle_3e4088caa297.png,hardhat_kaggle_3e4088caa297,hardhat_kaggle,hardhat_kaggle:hard_hat_workers2487,18,0,0,3e4088caa297fac285c8c561914555e3e547e98b
hardhat_kaggle_292077da1863.png,hardhat_kaggle_292077da1863,hardhat_kaggle,hardhat_kaggle:hard_hat_workers2488,2,0,0,292077da1863714d1b73d903fd0c6c773f32382d
hardhat_kaggle_5afd482181fc.png,hardhat_kaggle_5afd482181fc,hardhat_kaggle,hardhat_kaggle:hard_hat_workers2489,6,0,0,5afd482181fccd9ae3d5ae598ac4083d94de1c2e
hardhat_kaggle_523bc90e116b.png,hardhat_kaggle_523bc90e116b,hardhat_kaggle,hardhat_kaggle:hard_hat_workers249,4,0,0,523bc90e116bf8ab4dfede9e819ebc355daf47ce
hardhat_kaggle_45a17a862baa.png,hardhat_kaggle_45a17a862baa,hardhat_kaggle,hardhat_kaggle:hard_hat_workers2491,2,0,0,45a17a862baaae9021d8443c8be3e019b3152090
hardhat_kaggle_1e92fc4605de.png,hardhat_kaggle_1e92fc4605de,hardhat_kaggle,hardhat_kaggle:hard_hat_workers2492,6,0,0,1e92fc4605de9ea5a2a2528ecd8d4c52184d7724
hardhat_kaggle_2d932871d425.png,hardhat_kaggle_2d932871d425,hardhat_kaggle,hardhat_kaggle:hard_hat_workers2493,8,0,0,2d932871d42543124f8c299f982c5318f038a99d
hardhat_kaggle_fcb4d459c78c.png,hardhat_kaggle_fcb4d459c78c,hardhat_kaggle,hardhat_kaggle:hard_hat_workers2494,3,0,0,fcb4d459c78ca4634a72b391a997f95303f418d8
hardhat_kaggle_91b7f5f3a65f.png,hardhat_kaggle_91b7f5f3a65f,hardhat_kaggle,hardhat_kaggle:hard_hat_workers2495,4,0,0,91b7f5f3a65f743198bac740b7ecadf6bf582677
hardhat_kaggle_c042141852a8.png,hardhat_kaggle_c042141852a8,hardhat_kaggle,hardhat_kaggle:hard_hat_workers2496,11,0,0,c042141852a89b0a9cca6c32f2139b7c66d89acd
hardhat_kaggle_2d3a5474820f.png,hardhat_kaggle_2d3a5474820f,hardhat_kaggle,hardhat_kaggle:hard_hat_workers2497,5,0,0,2d3a5474820f1d124cb73b0ded4c0994a4c75fef
hardhat_kaggle_6022a917565d.png,hardhat_kaggle_6022a917565d,hardhat_kaggle,hardhat_kaggle:hard_hat_workers2498,1,0,0,6022a917565df66fa5fb623bcb315535483102ec
hardhat_kaggle_e02fef3998b9.png,hardhat_kaggle_e02fef3998b9,hardhat_kaggle,hardhat_kaggle:hard_hat_workers2499,2,0,0,e02fef3998b9ce0b46c106f33471cc0d39c2202e
hardhat_kaggle_3f3fd1f145c1.png,hardhat_kaggle_3f3fd1f145c1,hardhat_kaggle,hardhat_kaggle:hard_hat_workers25,6,0,0,3f3fd1f145c1a7186cd12a072cf89bfa4e00ae2c
hardhat_kaggle_f33c5433e55c.png,hardhat_kaggle_f33c5433e55c,hardhat_kaggle,hardhat_kaggle:hard_hat_workers250,1,0,0,f33c5433e55c71385068a9dc770ee5d02ff985a6
hardhat_kaggle_565822d26ef1.png,hardhat_kaggle_565822d26ef1,hardhat_kaggle,hardhat_kaggle:hard_hat_workers2500,2,0,0,565822d26ef1c85516c76655b58f3f3414b6a547
hardhat_kaggle_956d3883954e.png,hardhat_kaggle_956d3883954e,hardhat_kaggle,hardhat_kaggle:hard_hat_workers2501,2,0,0,956d3883954ed52945bec39679d9e94e1a699206
hardhat_kaggle_64b2a140f2c3.png,hardhat_kaggle_64b2a140f2c3,hardhat_kaggle,hardhat_kaggle:hard_hat_workers2502,1,0,0,64b2a140f2c3982ce7070bf3b0f20d5f1f9c30a9
hardhat_kaggle_da5442694c98.png,hardhat_kaggle_da5442694c98,hardhat_kaggle,hardhat_kaggle:hard_hat_workers2505,3,0,0,da5442694c98072e0a795e6c9b706c21227e889b
hardhat_kaggle_23f027a8a346.png,hardhat_kaggle_23f027a8a346,hardhat_kaggle,hardhat_kaggle:hard_hat_workers2507,4,0,0,23f027a8a346697f9b538dd162e4ff2faaa1ae81
hardhat_kaggle_aa992dbf415f.png,hardhat_kaggle_aa992dbf415f,hardhat_kaggle,hardhat_kaggle:hard_hat_workers2508,4,0,0,aa992dbf415f1efae2c7237c7e432c535d310df1
hardhat_kaggle_7c794a4362aa.png,hardhat_kaggle_7c794a4362aa,hardhat_kaggle,hardhat_kaggle:hard_hat_workers2509,7,0,0,7c794a4362aa2ef84edc77293ac33f1e10070610
hardhat_kaggle_36f964d820b4.png,hardhat_kaggle_36f964d820b4,hardhat_kaggle,hardhat_kaggle:hard_hat_workers251,3,0,0,36f964d820b452a8fee9e2487a97b791e49fa7a2
hardhat_kaggle_8547009b8cfd.png,hardhat_kaggle_8547009b8cfd,hardhat_kaggle,hardhat_kaggle:hard_hat_workers2510,2,0,0,8547009b8cfd339d77bd04f5dcaf397b9bcc2452
hardhat_kaggle_9c33a4d51fbd.png,hardhat_kaggle_9c33a4d51fbd,hardhat_kaggle,hardhat_kaggle:hard_hat_workers2512,6,0,0,9c33a4d51fbd34e47a5e8702d73057ca43eef826
hardhat_kaggle_23df9bc18879.png,hardhat_kaggle_23df9bc18879,hardhat_kaggle,hardhat_kaggle:hard_hat_workers2513,2,0,0,23df9bc18879f2beaa7b7e1ac50759853d706070
hardhat_kaggle_20d40a64a63d.png,hardhat_kaggle_20d40a64a63d,hardhat_kaggle,hardhat_kaggle:hard_hat_workers2515,7,0,0,20d40a64a63df01ffddf2796ed421633dc356d81
hardhat_kaggle_2bc44a62c90c.png,hardhat_kaggle_2bc44a62c90c,hardhat_kaggle,hardhat_kaggle:hard_hat_workers2516,6,0,0,2bc44a62c90cb7fd31703f1d2383d23af4fc1261
hardhat_kaggle_2df0f2468a63.png,hardhat_kaggle_2df0f2468a63,hardhat_kaggle,hardhat_kaggle:hard_hat_workers2517,14,0,0,2df0f2468a63f89f42c16931413a70b1078586e5
hardhat_kaggle_fd98978d596e.png,hardhat_kaggle_fd98978d596e,hardhat_kaggle,hardhat_kaggle:hard_hat_workers2518,7,0,0,fd98978d596e5e1d66b129b57e143d53826a0196
hardhat_kaggle_a0b938dead1a.png,hardhat_kaggle_a0b938dead1a,hardhat_kaggle,hardhat_kaggle:hard_hat_workers2519,3,0,0,a0b938dead1acde6c99268f9f8b89da1850eab32
hardhat_kaggle_2ca6f2e0cfdb.png,hardhat_kaggle_2ca6f2e0cfdb,hardhat_kaggle,hardhat_kaggle:hard_hat_workers252,13,0,0,2ca6f2e0cfdbd870e70032df01196ebcf904c519
hardhat_kaggle_1bf8c434ae2e.png,hardhat_kaggle_1bf8c434ae2e,hardhat_kaggle,hardhat_kaggle:hard_hat_workers2520,3,0,0,1bf8c434ae2e6667b304d405120bcb8c34f5922e
hardhat_kaggle_3128afcbe2ab.png,hardhat_kaggle_3128afcbe2ab,hardhat_kaggle,hardhat_kaggle:hard_hat_workers2521,2,0,0,3128afcbe2ab69248ddb558d3e778639c372e9ec
hardhat_kaggle_64e18923494b.png,hardhat_kaggle_64e18923494b,hardhat_kaggle,hardhat_kaggle:hard_hat_workers2522,1,0,0,64e18923494b45a68c0376e9571127ed6ad6a409
hardhat_kaggle_c16b10e8ee0d.png,hardhat_kaggle_c16b10e8ee0d,hardhat_kaggle,hardhat_kaggle:hard_hat_workers2523,5,0,0,c16b10e8ee0d7757bd5c76d63bf535652ea887dd
hardhat_kaggle_ca46401df756.png,hardhat_kaggle_ca46401df756,hardhat_kaggle,hardhat_kaggle:hard_hat_workers2524,1,0,0,ca46401df7567becc33619921e972db301511a59
hardhat_kaggle_7d2ee49f4535.png,hardhat_kaggle_7d2ee49f4535,hardhat_kaggle,hardhat_kaggle:hard_hat_workers2526,4,0,0,7d2ee49f45353899143838796f04d9b79c9be0c6
hardhat_kaggle_10b8d2c3fc13.png,hardhat_kaggle_10b8d2c3fc13,hardhat_kaggle,hardhat_kaggle:hard_hat_workers2527,3,0,0,10b8d2c3fc139c799f6b9652c4f6af22763bb744
hardhat_kaggle_f24a70dd7e27.png,hardhat_kaggle_f24a70dd7e27,hardhat_kaggle,hardhat_kaggle:hard_hat_workers253,4,0,0,f24a70dd7e270bfeeb18d14bf1b2a04f3bb1365c
hardhat_kaggle_188d027f8fa8.png,hardhat_kaggle_188d027f8fa8,hardhat_kaggle,hardhat_kaggle:hard_hat_workers2531,2,0,0,188d027f8fa84afccfd5f3e488535bacef13307a
hardhat_kaggle_05f4b91ca33f.png,hardhat_kaggle_05f4b91ca33f,hardhat_kaggle,hardhat_kaggle:hard_hat_workers2532,4,0,0,05f4b91ca33f2c0ab61aa426c991fc1dd6996852
hardhat_kaggle_adaf829d2b7e.png,hardhat_kaggle_adaf829d2b7e,hardhat_kaggle,hardhat_kaggle:hard_hat_workers2533,6,0,0,adaf829d2b7e5b178cef651426b0304d60324daa
hardhat_kaggle_1d2b49619642.png,hardhat_kaggle_1d2b49619642,hardhat_kaggle,hardhat_kaggle:hard_hat_workers2534,3,0,0,1d2b496196425e5e28246acd4e4293fd8a71bcbb
hardhat_kaggle_5c1acc224288.png,hardhat_kaggle_5c1acc224288,hardhat_kaggle,hardhat_kaggle:hard_hat_workers2535,1,0,0,5c1acc2242886fc8244fd53de5c703c73d9188e0
hardhat_kaggle_62a58df6292a.png,hardhat_kaggle_62a58df6292a,hardhat_kaggle,hardhat_kaggle:hard_hat_workers2536,3,0,0,62a58df6292ae7f1e47b8a2781b219292f571129
hardhat_kaggle_5da523e65fb6.png,hardhat_kaggle_5da523e65fb6,hardhat_kaggle,hardhat_kaggle:hard_hat_workers2537,10,0,0,5da523e65fb6fa8c7750eaf68ac73e7156df80e4
hardhat_kaggle_ae4784bcafcd.png,hardhat_kaggle_ae4784bcafcd,hardhat_kaggle,hardhat_kaggle:hard_hat_workers2539,2,0,0,ae4784bcafcdfe82fe66997e971724abace3bb17
hardhat_kaggle_cb362d224a9e.png,hardhat_kaggle_cb362d224a9e,hardhat_kaggle,hardhat_kaggle:hard_hat_workers254,7,0,0,cb362d224a9ee329aa2ae6879a0412d52a314208
hardhat_kaggle_0f92b0d69127.png,hardhat_kaggle_0f92b0d69127,hardhat_kaggle,hardhat_kaggle:hard_hat_workers2540,5,0,0,0f92b0d691272ca0a39898c73573d9bbc66d7550
hardhat_kaggle_a774715914dc.png,hardhat_kaggle_a774715914dc,hardhat_kaggle,hardhat_kaggle:hard_hat_workers2541,6,0,0,a774715914dc05ba951a847be3e763772fb931f9
hardhat_kaggle_38d70449ecf6.png,hardhat_kaggle_38d70449ecf6,hardhat_kaggle,hardhat_kaggle:hard_hat_workers2542,2,0,0,38d70449ecf6490d6899a74aac13be5e33d46920
hardhat_kaggle_5c5df8314e29.png,hardhat_kaggle_5c5df8314e29,hardhat_kaggle,hardhat_kaggle:hard_hat_workers2543,5,0,0,5c5df8314e29c4694b2a4f036df3ceda72e94221
hardhat_kaggle_67c1c6c92a7a.png,hardhat_kaggle_67c1c6c92a7a,hardhat_kaggle,hardhat_kaggle:hard_hat_workers2544,3,0,0,67c1c6c92a7a2457b34167786662b2d3d2202918
hardhat_kaggle_eda1e2f0dd2e.png,hardhat_kaggle_eda1e2f0dd2e,hardhat_kaggle,hardhat_kaggle:hard_hat_workers2545,1,0,0,eda1e2f0dd2e73ce3d66e1913d019c5335f0c78e
hardhat_kaggle_2e22a004e2eb.png,hardhat_kaggle_2e22a004e2eb,hardhat_kaggle,hardhat_kaggle:hard_hat_workers2546,2,0,0,2e22a004e2eb6c4e6f778f2ddff34836dd4b4e32
hardhat_kaggle_4640cac5f17f.png,hardhat_kaggle_4640cac5f17f,hardhat_kaggle,hardhat_kaggle:hard_hat_workers2547,2,0,0,4640cac5f17f6ddf435862687474578590e6ad65
hardhat_kaggle_924b5700768d.png,hardhat_kaggle_924b5700768d,hardhat_kaggle,hardhat_kaggle:hard_hat_workers2548,4,0,0,924b5700768d572f33768d3ec7ca93abd96e0c70
hardhat_kaggle_708515c999bd.png,hardhat_kaggle_708515c999bd,hardhat_kaggle,hardhat_kaggle:hard_hat_workers2549,6,0,0,708515c999bd645c1307076b1209a802658c89bd
hardhat_kaggle_16ca8619b8f0.png,hardhat_kaggle_16ca8619b8f0,hardhat_kaggle,hardhat_kaggle:hard_hat_workers255,3,0,0,16ca8619b8f0500c426d7aed1882140a2f71cf64
hardhat_kaggle_507f2f692c37.png,hardhat_kaggle_507f2f692c37,hardhat_kaggle,hardhat_kaggle:hard_hat_workers2550,1,0,0,507f2f692c37551f45f14061c95fb1fbc2db3d49
hardhat_kaggle_de5fd574a7e5.png,hardhat_kaggle_de5fd574a7e5,hardhat_kaggle,hardhat_kaggle:hard_hat_workers2551,2,0,0,de5fd574a7e592e9122b897173eda635b3f7d3f0
hardhat_kaggle_e12b7ea6d2cb.png,hardhat_kaggle_e12b7ea6d2cb,hardhat_kaggle,hardhat_kaggle:hard_hat_workers2552,7,0,0,e12b7ea6d2cbd8f66756d8a33eedee2cccf4cb46
hardhat_kaggle_c76e0f885edc.png,hardhat_kaggle_c76e0f885edc,hardhat_kaggle,hardhat_kaggle:hard_hat_workers2553,1,0,0,c76e0f885edc79e694701eed44c719f8d6fd6938
hardhat_kaggle_847a3ddb6dcb.png,hardhat_kaggle_847a3ddb6dcb,hardhat_kaggle,hardhat_kaggle:hard_hat_workers2554,8,0,0,847a3ddb6dcb9f7c51bee02366cc959a6ab2f0f9
hardhat_kaggle_b34fabf2347f.png,hardhat_kaggle_b34fabf2347f,hardhat_kaggle,hardhat_kaggle:hard_hat_workers2555,2,0,0,b34fabf2347fff01e3ccae03fba0750eb4fa050c
hardhat_kaggle_768b18855112.png,hardhat_kaggle_768b18855112,hardhat_kaggle,hardhat_kaggle:hard_hat_workers2556,4,0,0,768b188551128fc0a47c88bc3de817173d88adfa
hardhat_kaggle_545b4e5baaa6.png,hardhat_kaggle_545b4e5baaa6,hardhat_kaggle,hardhat_kaggle:hard_hat_workers2557,2,0,0,545b4e5baaa66fea2d1b7783a1aed426177db8fd
hardhat_kaggle_5341e09c0995.png,hardhat_kaggle_5341e09c0995,hardhat_kaggle,hardhat_kaggle:hard_hat_workers2558,6,0,0,5341e09c099574d581e3b07cb5ac647963e56267
hardhat_kaggle_e7fd4973c23b.png,hardhat_kaggle_e7fd4973c23b,hardhat_kaggle,hardhat_kaggle:hard_hat_workers2559,7,0,0,e7fd4973c23bfaaa8335b4eb9058fe787b1fc341
hardhat_kaggle_48a25495ee64.png,hardhat_kaggle_48a25495ee64,hardhat_kaggle,hardhat_kaggle:hard_hat_workers256,9,0,0,48a25495ee64c20dd8d768885a27dca0de99afd5
hardhat_kaggle_57edf1f0aeb1.png,hardhat_kaggle_57edf1f0aeb1,hardhat_kaggle,hardhat_kaggle:hard_hat_workers2560,2,0,0,57edf1f0aeb1eef2e97d00066ba2942452f3fc9c
hardhat_kaggle_9ed782849c6a.png,hardhat_kaggle_9ed782849c6a,hardhat_kaggle,hardhat_kaggle:hard_hat_workers2561,3,0,0,9ed782849c6abe3ec89951203710dfa7627b3697
hardhat_kaggle_c13f1afaa406.png,hardhat_kaggle_c13f1afaa406,hardhat_kaggle,hardhat_kaggle:hard_hat_workers2562,3,0,0,c13f1afaa40644a2b979fb4ee6625d78db38fecd
hardhat_kaggle_691b6d99b730.png,hardhat_kaggle_691b6d99b730,hardhat_kaggle,hardhat_kaggle:hard_hat_workers2563,2,0,0,691b6d99b730dc92ca21470127d5a8600cb2d654
hardhat_kaggle_08289593af28.png,hardhat_kaggle_08289593af28,hardhat_kaggle,hardhat_kaggle:hard_hat_workers2564,4,0,0,08289593af284debce006c31012dee9c7342211b
hardhat_kaggle_0969f46cfa44.png,hardhat_kaggle_0969f46cfa44,hardhat_kaggle,hardhat_kaggle:hard_hat_workers2565,20,0,0,0969f46cfa44200bd36e555bbf680e46c0945c82
hardhat_kaggle_0f429664d348.png,hardhat_kaggle_0f429664d348,hardhat_kaggle,hardhat_kaggle:hard_hat_workers2566,2,0,0,0f429664d348ab6a45cf013bdbf14c447f9b78c3
hardhat_kaggle_f00cfab02320.png,hardhat_kaggle_f00cfab02320,hardhat_kaggle,hardhat_kaggle:hard_hat_workers2567,4,0,0,f00cfab02320c8778f2136902e3207b2f2cd8ab4
hardhat_kaggle_08a6b4ff0484.png,hardhat_kaggle_08a6b4ff0484,hardhat_kaggle,hardhat_kaggle:hard_hat_workers2568,5,0,0,08a6b4ff048496fb04520c6acd17a2c1d9fc2897
hardhat_kaggle_cba25ad72d0a.png,hardhat_kaggle_cba25ad72d0a,hardhat_kaggle,hardhat_kaggle:hard_hat_workers2569,14,0,0,cba25ad72d0a8847a2cd747b9b96b9ad248d0647
hardhat_kaggle_87ea1ca02fb0.png,hardhat_kaggle_87ea1ca02fb0,hardhat_kaggle,hardhat_kaggle:hard_hat_workers2570,4,0,0,87ea1ca02fb06d88692688e08666e95b0ef95fa4
hardhat_kaggle_fab9fc7fcde3.png,hardhat_kaggle_fab9fc7fcde3,hardhat_kaggle,hardhat_kaggle:hard_hat_workers2571,8,0,0,fab9fc7fcde3cde9312993c0980089374c9c16ce
hardhat_kaggle_1f7524ed8900.png,hardhat_kaggle_1f7524ed8900,hardhat_kaggle,hardhat_kaggle:hard_hat_workers2572,3,0,0,1f7524ed8900541f32cdc414b26120fd7c2bc34b
hardhat_kaggle_d6019a3dc45a.png,hardhat_kaggle_d6019a3dc45a,hardhat_kaggle,hardhat_kaggle:hard_hat_workers2573,3,0,0,d6019a3dc45a0f54b50803c5879d93d2c1688c0f
hardhat_kaggle_5776229d3f9e.png,hardhat_kaggle_5776229d3f9e,hardhat_kaggle,hardhat_kaggle:hard_hat_workers2574,5,0,0,5776229d3f9eafaccf8e36a207706735c0d89c94
hardhat_kaggle_ca00b24ded43.png,hardhat_kaggle_ca00b24ded43,hardhat_kaggle,hardhat_kaggle:hard_hat_workers2575,5,0,0,ca00b24ded4301c37587bfb7b391cd8981bdf27f
hardhat_kaggle_e080e4654890.png,hardhat_kaggle_e080e4654890,hardhat_kaggle,hardhat_kaggle:hard_hat_workers2577,3,0,0,e080e4654890d16d399f41e878f9c707902f9bdc
hardhat_kaggle_7f36c2f23c99.png,hardhat_kaggle_7f36c2f23c99,hardhat_kaggle,hardhat_kaggle:hard_hat_workers2578,1,0,0,7f36c2f23c99d7c37a4bdef7a0d950fe58daa8bb
hardhat_kaggle_041806dadbd5.png,hardhat_kaggle_041806dadbd5,hardhat_kaggle,hardhat_kaggle:hard_hat_workers2579,2,0,0,041806dadbd5db18c315755aafdca32da8e0cd52
hardhat_kaggle_608cba2a441b.png,hardhat_kaggle_608cba2a441b,hardhat_kaggle,hardhat_kaggle:hard_hat_workers258,3,0,0,608cba2a441b448e03e038b5bbf146aab589dd47
hardhat_kaggle_40e73da42858.png,hardhat_kaggle_40e73da42858,hardhat_kaggle,hardhat_kaggle:hard_hat_workers2580,4,0,0,40e73da4285878a0542b77cf35d98c90027db327
hardhat_kaggle_49db174a9adb.png,hardhat_kaggle_49db174a9adb,hardhat_kaggle,hardhat_kaggle:hard_hat_workers2581,4,0,0,49db174a9adbc46244a4dce16bceaf1501a15c98
hardhat_kaggle_49fc72d998bc.png,hardhat_kaggle_49fc72d998bc,hardhat_kaggle,hardhat_kaggle:hard_hat_workers2582,3,0,0,49fc72d998bc991bb840d20abb187ee820330aa2
hardhat_kaggle_4f87009e6630.png,hardhat_kaggle_4f87009e6630,hardhat_kaggle,hardhat_kaggle:hard_hat_workers2583,3,0,0,4f87009e6630c22d18b2950f7ad6e58ebb16fa8c
hardhat_kaggle_ab34662854a7.png,hardhat_kaggle_ab34662854a7,hardhat_kaggle,hardhat_kaggle:hard_hat_workers2584,1,0,0,ab34662854a71d718fd533a93baeb1ce834e7187
hardhat_kaggle_b218133d7b24.png,hardhat_kaggle_b218133d7b24,hardhat_kaggle,hardhat_kaggle:hard_hat_workers2585,2,0,0,b218133d7b24dcc3f99a84f7387b20925a0481ff
hardhat_kaggle_c41806e9405d.png,hardhat_kaggle_c41806e9405d,hardhat_kaggle,hardhat_kaggle:hard_hat_workers2586,2,0,0,c41806e9405d83fa8c6d2c7cfbcf16ca0dfc5878
hardhat_kaggle_965edfa945eb.png,hardhat_kaggle_965edfa945eb,hardhat_kaggle,hardhat_kaggle:hard_hat_workers2587,11,0,0,965edfa945eb2cce24e0d5aadeaa31d69ee6fe6d
hardhat_kaggle_5e26790b9d13.png,hardhat_kaggle_5e26790b9d13,hardhat_kaggle,hardhat_kaggle:hard_hat_workers2588,8,0,0,5e26790b9d139e1478ebb687142631dce178eb3a
hardhat_kaggle_08f5d22952f2.png,hardhat_kaggle_08f5d22952f2,hardhat_kaggle,hardhat_kaggle:hard_hat_workers2589,2,0,0,08f5d22952f2f6c4f9b5758242c6f78d8f2568b5
hardhat_kaggle_89cedd26ae50.png,hardhat_kaggle_89cedd26ae50,hardhat_kaggle,hardhat_kaggle:hard_hat_workers259,2,0,0,89cedd26ae506e83c6c91c7657a7f6f68d80ae08
hardhat_kaggle_0c18949c691d.png,hardhat_kaggle_0c18949c691d,hardhat_kaggle,hardhat_kaggle:hard_hat_workers2590,3,0,0,0c18949c691d2c1507a280e7a7b7ffe2f6e2b099
hardhat_kaggle_b8044085a369.png,hardhat_kaggle_b8044085a369,hardhat_kaggle,hardhat_kaggle:hard_hat_workers2591,4,0,0,b8044085a369c0974352f4da3cca75ed234795ce
hardhat_kaggle_e816862d6402.png,hardhat_kaggle_e816862d6402,hardhat_kaggle,hardhat_kaggle:hard_hat_workers2592,3,0,0,e816862d64028acab9adea8f86879482610b4948
hardhat_kaggle_4609ae5d217e.png,hardhat_kaggle_4609ae5d217e,hardhat_kaggle,hardhat_kaggle:hard_hat_workers2593,6,0,0,4609ae5d217ef9cfa6bec62c1785baa1f6df5091
hardhat_kaggle_35b15d1c7464.png,hardhat_kaggle_35b15d1c7464,hardhat_kaggle,hardhat_kaggle:hard_hat_workers2594,3,0,0,35b15d1c7464cefb490d9506a9abde8bc2d93fc9
hardhat_kaggle_eeb612753544.png,hardhat_kaggle_eeb612753544,hardhat_kaggle,hardhat_kaggle:hard_hat_workers2595,2,0,0,eeb612753544f5bb816907d53705df56e208f11b
hardhat_kaggle_14fe3f2cea97.png,hardhat_kaggle_14fe3f2cea97,hardhat_kaggle,hardhat_kaggle:hard_hat_workers2596,8,0,0,14fe3f2cea97684535787d0b7668a4c41f405857
hardhat_kaggle_e0b88711d4de.png,hardhat_kaggle_e0b88711d4de,hardhat_kaggle,hardhat_kaggle:hard_hat_workers2597,10,0,0,e0b88711d4de5939bfa4e555447cc88b2577ca79
hardhat_kaggle_daa6bd17393c.png,hardhat_kaggle_daa6bd17393c,hardhat_kaggle,hardhat_kaggle:hard_hat_workers2598,13,0,0,daa6bd17393cb5ed0bbd5cf0a051467c05099979
hardhat_kaggle_3492adf73bbe.png,hardhat_kaggle_3492adf73bbe,hardhat_kaggle,hardhat_kaggle:hard_hat_workers2599,9,0,0,3492adf73bbe22888160406f36fe36d4cb96d263
hardhat_kaggle_37decce9f4a9.png,hardhat_kaggle_37decce9f4a9,hardhat_kaggle,hardhat_kaggle:hard_hat_workers26,4,0,0,37decce9f4a9e4203873d77adea50c2cca34aef5
hardhat_kaggle_27309f062bb9.png,hardhat_kaggle_27309f062bb9,hardhat_kaggle,hardhat_kaggle:hard_hat_workers260,2,0,0,27309f062bb9d344ad8dea512d2263a917299740
hardhat_kaggle_064a7d54903d.png,hardhat_kaggle_064a7d54903d,hardhat_kaggle,hardhat_kaggle:hard_hat_workers2600,4,0,0,064a7d54903d87f215b67489c4b165553cde90a2
hardhat_kaggle_d9fc7681a2b1.png,hardhat_kaggle_d9fc7681a2b1,hardhat_kaggle,hardhat_kaggle:hard_hat_workers2601,4,0,0,d9fc7681a2b1547b98f49df3fb8451298c472634
hardhat_kaggle_c9c0e362748e.png,hardhat_kaggle_c9c0e362748e,hardhat_kaggle,hardhat_kaggle:hard_hat_workers2602,4,0,0,c9c0e362748e65ca5a6e7d541cd77fed44b165a4
hardhat_kaggle_10dc465d424b.png,hardhat_kaggle_10dc465d424b,hardhat_kaggle,hardhat_kaggle:hard_hat_workers2603,2,0,0,10dc465d424b64cd87ca78ce5cb53addd2dcd31a
hardhat_kaggle_66739356b2fb.png,hardhat_kaggle_66739356b2fb,hardhat_kaggle,hardhat_kaggle:hard_hat_workers2604,2,0,0,66739356b2fb87ae581566f34556d4c964cdf033
hardhat_kaggle_20c8e60d3cb0.png,hardhat_kaggle_20c8e60d3cb0,hardhat_kaggle,hardhat_kaggle:hard_hat_workers2605,2,0,0,20c8e60d3cb0353c7b4ce86efca320f80198016e
hardhat_kaggle_c04665bc61fd.png,hardhat_kaggle_c04665bc61fd,hardhat_kaggle,hardhat_kaggle:hard_hat_workers2606,1,0,0,c04665bc61fdf4254cf427d17cfb8cdd0d394794
hardhat_kaggle_b05a6f1130eb.png,hardhat_kaggle_b05a6f1130eb,hardhat_kaggle,hardhat_kaggle:hard_hat_workers2608,3,0,0,b05a6f1130ebb077e4b2e4e9bdce4e65919abeab
hardhat_kaggle_f7d8793bf305.png,hardhat_kaggle_f7d8793bf305,hardhat_kaggle,hardhat_kaggle:hard_hat_workers2609,3,0,0,f7d8793bf305b9c4d2684893dc3d57b3db2c076f
hardhat_kaggle_906a72041370.png,hardhat_kaggle_906a72041370,hardhat_kaggle,hardhat_kaggle:hard_hat_workers261,1,0,0,906a7204137031a73ac14fa209a455d1c209e36d
hardhat_kaggle_8871c0a592ab.png,hardhat_kaggle_8871c0a592ab,hardhat_kaggle,hardhat_kaggle:hard_hat_workers2610,5,0,0,8871c0a592ab943423a3ec5fba9dc0d53df8571d
hardhat_kaggle_9f938f71460b.png,hardhat_kaggle_9f938f71460b,hardhat_kaggle,hardhat_kaggle:hard_hat_workers2611,4,0,0,9f938f71460bfb39fbfd45f5f11b474095f86588
hardhat_kaggle_2310f4719462.png,hardhat_kaggle_2310f4719462,hardhat_kaggle,hardhat_kaggle:hard_hat_workers2612,4,0,0,2310f47194624d7684c23cede1f7303b4ee68712
hardhat_kaggle_67c7bc83fb30.png,hardhat_kaggle_67c7bc83fb30,hardhat_kaggle,hardhat_kaggle:hard_hat_workers2613,7,0,0,67c7bc83fb3096f8e149af6f41bde348d3b2ae6b
hardhat_kaggle_00d9f2053ffc.png,hardhat_kaggle_00d9f2053ffc,hardhat_kaggle,hardhat_kaggle:hard_hat_workers2614,2,0,0,00d9f2053ffcf5cc7723e3ed7fbc1e58b92af3ff
hardhat_kaggle_f1b86daa3feb.png,hardhat_kaggle_f1b86daa3feb,hardhat_kaggle,hardhat_kaggle:hard_hat_workers2615,4,0,0,f1b86daa3febbb67538edd4593b1c5b5edb490d3
hardhat_kaggle_0a7584e344b2.png,hardhat_kaggle_0a7584e344b2,hardhat_kaggle,hardhat_kaggle:hard_hat_workers2617,4,0,0,0a7584e344b226742bf0b34d9d0eb0f23acf011f
hardhat_kaggle_694b9f8ea585.png,hardhat_kaggle_694b9f8ea585,hardhat_kaggle,hardhat_kaggle:hard_hat_workers2618,3,0,0,694b9f8ea58568d195b134f2bca6abca8de198c1
hardhat_kaggle_f1ebafa75a88.png,hardhat_kaggle_f1ebafa75a88,hardhat_kaggle,hardhat_kaggle:hard_hat_workers2619,3,0,0,f1ebafa75a885f2e20f736e2587ff3664eea13ba
hardhat_kaggle_126a00d0c9bc.png,hardhat_kaggle_126a00d0c9bc,hardhat_kaggle,hardhat_kaggle:hard_hat_workers262,3,0,0,126a00d0c9bcc7a0a5959231ca5c9d644b75f294
hardhat_kaggle_a8994b265886.png,hardhat_kaggle_a8994b265886,hardhat_kaggle,hardhat_kaggle:hard_hat_workers2620,2,0,0,a8994b265886ae27b9da87ee2be05f8a10bf41c3
hardhat_kaggle_113f003cc251.png,hardhat_kaggle_113f003cc251,hardhat_kaggle,hardhat_kaggle:hard_hat_workers2621,1,0,0,113f003cc25119ed69ce072035fced5b0201e223
hardhat_kaggle_74002296cf8a.png,hardhat_kaggle_74002296cf8a,hardhat_kaggle,hardhat_kaggle:hard_hat_workers2622,4,0,0,74002296cf8a381ceaaecd9ae0ff8c284f5b5dbf
hardhat_kaggle_e83dc4950fac.png,hardhat_kaggle_e83dc4950fac,hardhat_kaggle,hardhat_kaggle:hard_hat_workers2623,4,0,0,e83dc4950face5b13b88265b8a402d594fc4c5bb
hardhat_kaggle_36d8af4359c3.png,hardhat_kaggle_36d8af4359c3,hardhat_kaggle,hardhat_kaggle:hard_hat_workers2624,4,0,0,36d8af4359c37dbcdb478b29370fde69567b2786
hardhat_kaggle_a9f7fcd4737a.png,hardhat_kaggle_a9f7fcd4737a,hardhat_kaggle,hardhat_kaggle:hard_hat_workers2625,5,0,0,a9f7fcd4737ade170e838a55819e1ad418f84bd8
hardhat_kaggle_60cb50cd81d9.png,hardhat_kaggle_60cb50cd81d9,hardhat_kaggle,hardhat_kaggle:hard_hat_workers2626,4,0,0,60cb50cd81d96e74b1a14017541d899c07feb34e
hardhat_kaggle_c42064a456cf.png,hardhat_kaggle_c42064a456cf,hardhat_kaggle,hardhat_kaggle:hard_hat_workers2627,2,0,0,c42064a456cfb77cc6ebfdfe39a48738da97fa2e
hardhat_kaggle_456a423bb63c.png,hardhat_kaggle_456a423bb63c,hardhat_kaggle,hardhat_kaggle:hard_hat_workers2628,1,0,0,456a423bb63c50ee01c359d6262d53db54cafc5e
hardhat_kaggle_98fe683f1a97.png,hardhat_kaggle_98fe683f1a97,hardhat_kaggle,hardhat_kaggle:hard_hat_workers2629,2,0,0,98fe683f1a97d66fe521824e15a3979040e46d36
hardhat_kaggle_c8bef8446117.png,hardhat_kaggle_c8bef8446117,hardhat_kaggle,hardhat_kaggle:hard_hat_workers263,3,0,0,c8bef8446117b20b31e179a76b764c5824978836
hardhat_kaggle_acd8fb6ca1da.png,hardhat_kaggle_acd8fb6ca1da,hardhat_kaggle,hardhat_kaggle:hard_hat_workers2630,1,0,0,acd8fb6ca1da7d7866461db5c236e837c838a68f
hardhat_kaggle_d1fec9a6d73f.png,hardhat_kaggle_d1fec9a6d73f,hardhat_kaggle,hardhat_kaggle:hard_hat_workers2631,2,0,0,d1fec9a6d73f705e74fc8ef80235b5b06484f775
hardhat_kaggle_e256b9ff16de.png,hardhat_kaggle_e256b9ff16de,hardhat_kaggle,hardhat_kaggle:hard_hat_workers2633,3,0,0,e256b9ff16de3ea739684df5285f99e090f850d7
hardhat_kaggle_a835279da70b.png,hardhat_kaggle_a835279da70b,hardhat_kaggle,hardhat_kaggle:hard_hat_workers2635,9,0,0,a835279da70b80dd89d36081c763ebd72f6c969f
hardhat_kaggle_2f25dee0f614.png,hardhat_kaggle_2f25dee0f614,hardhat_kaggle,hardhat_kaggle:hard_hat_workers2636,3,0,0,2f25dee0f614c6ce7b8316e103fda59841908bce
hardhat_kaggle_6060395a363d.png,hardhat_kaggle_6060395a363d,hardhat_kaggle,hardhat_kaggle:hard_hat_workers2637,2,0,0,6060395a363d693746c29f1e1f7a71ec3e630f4b
hardhat_kaggle_32e66b446a92.png,hardhat_kaggle_32e66b446a92,hardhat_kaggle,hardhat_kaggle:hard_hat_workers2638,2,0,0,32e66b446a92f4debe020d4de5619fc1ae91ec34
hardhat_kaggle_36267381fa89.png,hardhat_kaggle_36267381fa89,hardhat_kaggle,hardhat_kaggle:hard_hat_workers2639,1,0,0,36267381fa89e13c8c25819524e94ba47fb34507
hardhat_kaggle_3a4b0ec4a6cf.png,hardhat_kaggle_3a4b0ec4a6cf,hardhat_kaggle,hardhat_kaggle:hard_hat_workers2640,17,0,0,3a4b0ec4a6cfbcf65d9d95f45ed6ab130e1cbad7
hardhat_kaggle_7fd922c52433.png,hardhat_kaggle_7fd922c52433,hardhat_kaggle,hardhat_kaggle:hard_hat_workers2641,2,0,0,7fd922c52433333e8154d9efa2438646cd66ec27
hardhat_kaggle_459643122e29.png,hardhat_kaggle_459643122e29,hardhat_kaggle,hardhat_kaggle:hard_hat_workers2642,7,0,0,459643122e2945de88fd90752f5fc990937bc56d
hardhat_kaggle_faf0e08519a9.png,hardhat_kaggle_faf0e08519a9,hardhat_kaggle,hardhat_kaggle:hard_hat_workers2643,8,0,0,faf0e08519a9bc86cf1ed6b4931c1441c73e302d
hardhat_kaggle_e3e1f1d24e75.png,hardhat_kaggle_e3e1f1d24e75,hardhat_kaggle,hardhat_kaggle:hard_hat_workers2644,8,0,0,e3e1f1d24e751edf8d75c16e4e1bb2df77754f36
hardhat_kaggle_8c171d6beb36.png,hardhat_kaggle_8c171d6beb36,hardhat_kaggle,hardhat_kaggle:hard_hat_workers2645,6,0,0,8c171d6beb362d678e045da904c320a55260af14
hardhat_kaggle_c4f3292933ee.png,hardhat_kaggle_c4f3292933ee,hardhat_kaggle,hardhat_kaggle:hard_hat_workers2646,2,0,0,c4f3292933ee1c7b886260a6bf9c920c8f50da07
hardhat_kaggle_320d023e38cd.png,hardhat_kaggle_320d023e38cd,hardhat_kaggle,hardhat_kaggle:hard_hat_workers2647,5,0,0,320d023e38cdca95e01f28746a391cc7e5ffd396
hardhat_kaggle_a6a0ee4dd1d7.png,hardhat_kaggle_a6a0ee4dd1d7,hardhat_kaggle,hardhat_kaggle:hard_hat_workers2649,2,0,0,a6a0ee4dd1d784c7c69b50b14a96fe810862bb6b
hardhat_kaggle_a8669115ddb1.png,hardhat_kaggle_a8669115ddb1,hardhat_kaggle,hardhat_kaggle:hard_hat_workers265,1,0,0,a8669115ddb11c695f00225ed423261e9a0fb6bf
hardhat_kaggle_e85e22b2da9e.png,hardhat_kaggle_e85e22b2da9e,hardhat_kaggle,hardhat_kaggle:hard_hat_workers2650,2,0,0,e85e22b2da9e458c4dacf7d00d317138ed909542
hardhat_kaggle_df45efaec266.png,hardhat_kaggle_df45efaec266,hardhat_kaggle,hardhat_kaggle:hard_hat_workers2651,1,0,0,df45efaec266faeaac3ce5772cf55ed8a3102a66
hardhat_kaggle_21f4a5f956f3.png,hardhat_kaggle_21f4a5f956f3,hardhat_kaggle,hardhat_kaggle:hard_hat_workers2652,2,0,0,21f4a5f956f3dd3b298a96904a6f5bef26c7c476
hardhat_kaggle_0280e70d244b.png,hardhat_kaggle_0280e70d244b,hardhat_kaggle,hardhat_kaggle:hard_hat_workers2653,2,0,0,0280e70d244bbae85f868a0b84c01b2d5d327b6c
hardhat_kaggle_1e321b43e116.png,hardhat_kaggle_1e321b43e116,hardhat_kaggle,hardhat_kaggle:hard_hat_workers2655,2,0,0,1e321b43e11677596e9b1d7fc2e144c66e502e3d
hardhat_kaggle_fe242a7f3599.png,hardhat_kaggle_fe242a7f3599,hardhat_kaggle,hardhat_kaggle:hard_hat_workers2656,9,0,0,fe242a7f359943e16ce8e8c4c62f70ce9c6a9ffa
hardhat_kaggle_abc56059bcd2.png,hardhat_kaggle_abc56059bcd2,hardhat_kaggle,hardhat_kaggle:hard_hat_workers2657,5,0,0,abc56059bcd2e8f78661c2c43a2dc5ab18a86032
hardhat_kaggle_35adc8cc9bb0.png,hardhat_kaggle_35adc8cc9bb0,hardhat_kaggle,hardhat_kaggle:hard_hat_workers2658,2,0,0,35adc8cc9bb02058694d0f0ca3c0145917d6fa73
hardhat_kaggle_8f0a56e95ee3.png,hardhat_kaggle_8f0a56e95ee3,hardhat_kaggle,hardhat_kaggle:hard_hat_workers2659,3,0,0,8f0a56e95ee3faba51ab0551010185e3c0e387cc
hardhat_kaggle_f134f8d052b2.png,hardhat_kaggle_f134f8d052b2,hardhat_kaggle,hardhat_kaggle:hard_hat_workers266,5,0,0,f134f8d052b227ef124ed2c342fce2732402d9e0
hardhat_kaggle_8c0c8ed9d167.png,hardhat_kaggle_8c0c8ed9d167,hardhat_kaggle,hardhat_kaggle:hard_hat_workers2660,3,0,0,8c0c8ed9d16783cbeeeaea483cb3bcb18d974f85
hardhat_kaggle_860dd4d9488b.png,hardhat_kaggle_860dd4d9488b,hardhat_kaggle,hardhat_kaggle:hard_hat_workers2661,3,0,0,860dd4d9488bda2f52e2fec1cb4de3d25dac63bf
hardhat_kaggle_5b5cb3957875.png,hardhat_kaggle_5b5cb3957875,hardhat_kaggle,hardhat_kaggle:hard_hat_workers2662,15,0,0,5b5cb3957875b4d96eea99907863b3cb71c5dfcf
hardhat_kaggle_7662978331a6.png,hardhat_kaggle_7662978331a6,hardhat_kaggle,hardhat_kaggle:hard_hat_workers2663,8,0,0,7662978331a63eccef2890607ba7b4e659c6ca81
hardhat_kaggle_050aaf579ccc.png,hardhat_kaggle_050aaf579ccc,hardhat_kaggle,hardhat_kaggle:hard_hat_workers2664,3,0,0,050aaf579ccc78775f047f2434010ac114b862a8
hardhat_kaggle_4212ec13dcfd.png,hardhat_kaggle_4212ec13dcfd,hardhat_kaggle,hardhat_kaggle:hard_hat_workers2665,1,0,0,4212ec13dcfde6369d87b22b18dcd35269545fba
hardhat_kaggle_8303d27b815a.png,hardhat_kaggle_8303d27b815a,hardhat_kaggle,hardhat_kaggle:hard_hat_workers2666,2,0,0,8303d27b815a892aafea46fd4004ab8ae4634918
hardhat_kaggle_388ecbffa118.png,hardhat_kaggle_388ecbffa118,hardhat_kaggle,hardhat_kaggle:hard_hat_workers2667,5,0,0,388ecbffa1183b8b328b657618bc7562cfc68698
hardhat_kaggle_e3ff1c04d6fb.png,hardhat_kaggle_e3ff1c04d6fb,hardhat_kaggle,hardhat_kaggle:hard_hat_workers2668,6,0,0,e3ff1c04d6fbe9824c686542681684c5830c207c
hardhat_kaggle_ddc754fc48d3.png,hardhat_kaggle_ddc754fc48d3,hardhat_kaggle,hardhat_kaggle:hard_hat_workers2669,3,0,0,ddc754fc48d3d66e1139208fc56df2950c424b37
hardhat_kaggle_353f927cfddb.png,hardhat_kaggle_353f927cfddb,hardhat_kaggle,hardhat_kaggle:hard_hat_workers2670,2,0,0,353f927cfddba22fda9ed62e406b8b0847fbebc7
hardhat_kaggle_f92dccbb9c78.png,hardhat_kaggle_f92dccbb9c78,hardhat_kaggle,hardhat_kaggle:hard_hat_workers2671,2,0,0,f92dccbb9c780fdcc1416c7d5227fce7918f8755
hardhat_kaggle_83ccbc224409.png,hardhat_kaggle_83ccbc224409,hardhat_kaggle,hardhat_kaggle:hard_hat_workers2672,2,0,0,83ccbc22440930a86873aa40fdef8a805b645c92
hardhat_kaggle_7717492a4992.png,hardhat_kaggle_7717492a4992,hardhat_kaggle,hardhat_kaggle:hard_hat_workers2673,2,0,0,7717492a499223bdb29bb6f2b3795d387d93be2a
hardhat_kaggle_dd8eebddbf73.png,hardhat_kaggle_dd8eebddbf73,hardhat_kaggle,hardhat_kaggle:hard_hat_workers2674,2,0,0,dd8eebddbf73186842532b5a6b9c29bae74e9d8e
hardhat_kaggle_6dbe0bc8d0c5.png,hardhat_kaggle_6dbe0bc8d0c5,hardhat_kaggle,hardhat_kaggle:hard_hat_workers2675,1,0,0,6dbe0bc8d0c53ecd233b13263f144af45409fac9
hardhat_kaggle_6de85a98f6f2.png,hardhat_kaggle_6de85a98f6f2,hardhat_kaggle,hardhat_kaggle:hard_hat_workers2676,1,0,0,6de85a98f6f2ed4168843dce27e34ee67426bd11
hardhat_kaggle_16341806d380.png,hardhat_kaggle_16341806d380,hardhat_kaggle,hardhat_kaggle:hard_hat_workers2677,6,0,0,16341806d380bf946c8f757f5ea31148b9aa0e65
hardhat_kaggle_591c7e89b6ce.png,hardhat_kaggle_591c7e89b6ce,hardhat_kaggle,hardhat_kaggle:hard_hat_workers2678,3,0,0,591c7e89b6ce636b864451ecb8af7a6d97cb2676
hardhat_kaggle_aa30e8955e2a.png,hardhat_kaggle_aa30e8955e2a,hardhat_kaggle,hardhat_kaggle:hard_hat_workers2679,2,0,0,aa30e8955e2aaecf4403c24ee5f41db874f6d567
hardhat_kaggle_de23bb906983.png,hardhat_kaggle_de23bb906983,hardhat_kaggle,hardhat_kaggle:hard_hat_workers268,10,0,0,de23bb9069833794182e841ab82d797cff595ca7
hardhat_kaggle_294a578665c7.png,hardhat_kaggle_294a578665c7,hardhat_kaggle,hardhat_kaggle:hard_hat_workers2680,1,0,0,294a578665c75aa922d1635ca32209df8e9a00ae
hardhat_kaggle_40fd720cdd39.png,hardhat_kaggle_40fd720cdd39,hardhat_kaggle,hardhat_kaggle:hard_hat_workers2681,13,0,0,40fd720cdd394860aa49a5264ccdb267ac8edcdd
hardhat_kaggle_3eb483f66daa.png,hardhat_kaggle_3eb483f66daa,hardhat_kaggle,hardhat_kaggle:hard_hat_workers2682,7,0,0,3eb483f66daadc3f8b4d60e33730eadb84ef9b51
hardhat_kaggle_f646b86e7799.png,hardhat_kaggle_f646b86e7799,hardhat_kaggle,hardhat_kaggle:hard_hat_workers2684,10,0,0,f646b86e7799206516e40de0c1eda77b615b2274
hardhat_kaggle_af2b9d631b09.png,hardhat_kaggle_af2b9d631b09,hardhat_kaggle,hardhat_kaggle:hard_hat_workers2685,3,0,0,af2b9d631b09a255df6052dd631fba1b7449ec95
hardhat_kaggle_ddf96968e639.png,hardhat_kaggle_ddf96968e639,hardhat_kaggle,hardhat_kaggle:hard_hat_workers2686,3,0,0,ddf96968e639c0b9b5e3ca7641f2ba920dbc249a
hardhat_kaggle_41ebcd672212.png,hardhat_kaggle_41ebcd672212,hardhat_kaggle,hardhat_kaggle:hard_hat_workers2687,3,0,0,41ebcd672212633e469ac707be72167cd22c6821
hardhat_kaggle_6f01bf351f9a.png,hardhat_kaggle_6f01bf351f9a,hardhat_kaggle,hardhat_kaggle:hard_hat_workers2689,2,0,0,6f01bf351f9ab0ff3e3af064e1ca85f973ac666b
hardhat_kaggle_9989a920bdbd.png,hardhat_kaggle_9989a920bdbd,hardhat_kaggle,hardhat_kaggle:hard_hat_workers269,4,0,0,9989a920bdbda1fea7eb4ae9c82ac57f5fb39665
hardhat_kaggle_1da584a97923.png,hardhat_kaggle_1da584a97923,hardhat_kaggle,hardhat_kaggle:hard_hat_workers2690,5,0,0,1da584a9792312fcdc16de84af64c36c1287a149
hardhat_kaggle_0ab96d12d283.png,hardhat_kaggle_0ab96d12d283,hardhat_kaggle,hardhat_kaggle:hard_hat_workers2691,5,0,0,0ab96d12d283b4c6f6d0d456c942aec67b8ceed4
hardhat_kaggle_0030f0e48eea.png,hardhat_kaggle_0030f0e48eea,hardhat_kaggle,hardhat_kaggle:hard_hat_workers2693,2,0,0,0030f0e48eea6206c275b7fb97a3d12626f6298f
hardhat_kaggle_b937ba960a31.png,hardhat_kaggle_b937ba960a31,hardhat_kaggle,hardhat_kaggle:hard_hat_workers2694,4,0,0,b937ba960a319c5387817d67cdfa0ccca3a43e10
hardhat_kaggle_9b2d359421d4.png,hardhat_kaggle_9b2d359421d4,hardhat_kaggle,hardhat_kaggle:hard_hat_workers2695,4,0,0,9b2d359421d42be186a75aa01b43398b976cbbef
hardhat_kaggle_70f90a4be833.png,hardhat_kaggle_70f90a4be833,hardhat_kaggle,hardhat_kaggle:hard_hat_workers2696,5,0,0,70f90a4be833c1bc40ed4f6376f41b9f5b35bb20
hardhat_kaggle_ecff4e23f4a9.png,hardhat_kaggle_ecff4e23f4a9,hardhat_kaggle,hardhat_kaggle:hard_hat_workers2697,4,0,0,ecff4e23f4a9d41965216d8d7e0916d5f8bb579b
hardhat_kaggle_558e71983a18.png,hardhat_kaggle_558e71983a18,hardhat_kaggle,hardhat_kaggle:hard_hat_workers2698,2,0,0,558e71983a187053ea344d85fdf51d5ab9ddd37d
hardhat_kaggle_87324134f14c.png,hardhat_kaggle_87324134f14c,hardhat_kaggle,hardhat_kaggle:hard_hat_workers2699,4,0,0,87324134f14c4aab14aec688015dc7d17d594700
hardhat_kaggle_45a5c0ad7850.png,hardhat_kaggle_45a5c0ad7850,hardhat_kaggle,hardhat_kaggle:hard_hat_workers27,3,0,0,45a5c0ad78504545bc79254b477fb97906212b5a
hardhat_kaggle_906f0b5067fd.png,hardhat_kaggle_906f0b5067fd,hardhat_kaggle,hardhat_kaggle:hard_hat_workers270,4,0,0,906f0b5067fd98353df679361618eff7b9b53b8f
hardhat_kaggle_f0bc0ccb99da.png,hardhat_kaggle_f0bc0ccb99da,hardhat_kaggle,hardhat_kaggle:hard_hat_workers2700,3,0,0,f0bc0ccb99da12e27f766b82ab3517179f8a2d79
hardhat_kaggle_9209e33f2496.png,hardhat_kaggle_9209e33f2496,hardhat_kaggle,hardhat_kaggle:hard_hat_workers2702,5,0,0,9209e33f2496dc0e3eac1d09de5a23d64c9870b3
hardhat_kaggle_91c937abb69d.png,hardhat_kaggle_91c937abb69d,hardhat_kaggle,hardhat_kaggle:hard_hat_workers2703,8,0,0,91c937abb69d6df215bf9bf7667b43598172de3d
hardhat_kaggle_4c3cd8bcdda6.png,hardhat_kaggle_4c3cd8bcdda6,hardhat_kaggle,hardhat_kaggle:hard_hat_workers2704,5,0,0,4c3cd8bcdda61991e9abbf28f5d985f26be36c12
hardhat_kaggle_93c88e492975.png,hardhat_kaggle_93c88e492975,hardhat_kaggle,hardhat_kaggle:hard_hat_workers2705,3,0,0,93c88e492975688fe4439d17541ef2b9f0bcb7f1
hardhat_kaggle_c5f040d61a93.png,hardhat_kaggle_c5f040d61a93,hardhat_kaggle,hardhat_kaggle:hard_hat_workers2706,4,0,0,c5f040d61a9357014a01f3a0ed14be4516a4e7d5
hardhat_kaggle_b03c9eba2920.png,hardhat_kaggle_b03c9eba2920,hardhat_kaggle,hardhat_kaggle:hard_hat_workers2707,15,0,0,b03c9eba2920344cc0979a44dc0c0619da69f404
hardhat_kaggle_c6236144896e.png,hardhat_kaggle_c6236144896e,hardhat_kaggle,hardhat_kaggle:hard_hat_workers2708,7,0,0,c6236144896e2d6a9257dc87491ec516e997f550
hardhat_kaggle_b82c4b322130.png,hardhat_kaggle_b82c4b322130,hardhat_kaggle,hardhat_kaggle:hard_hat_workers2709,2,0,0,b82c4b3221304000c521b0d9314c9141d44a57d5
hardhat_kaggle_4cfbf40addc3.png,hardhat_kaggle_4cfbf40addc3,hardhat_kaggle,hardhat_kaggle:hard_hat_workers2710,3,0,0,4cfbf40addc3eb4910c3277d817135666973b39c
hardhat_kaggle_eacb44e77a50.png,hardhat_kaggle_eacb44e77a50,hardhat_kaggle,hardhat_kaggle:hard_hat_workers2711,3,0,0,eacb44e77a501a2f97b280d4a025cf8358fe9923
hardhat_kaggle_a7e4dffe836a.png,hardhat_kaggle_a7e4dffe836a,hardhat_kaggle,hardhat_kaggle:hard_hat_workers2712,6,0,0,a7e4dffe836a9cb97eb8351a48a4d3d6c2a2915a
hardhat_kaggle_371e42b913b0.png,hardhat_kaggle_371e42b913b0,hardhat_kaggle,hardhat_kaggle:hard_hat_workers2713,1,0,0,371e42b913b0f7f7647927fee7df8e08c2918b6c
hardhat_kaggle_9a9aa56603e9.png,hardhat_kaggle_9a9aa56603e9,hardhat_kaggle,hardhat_kaggle:hard_hat_workers2714,15,0,0,9a9aa56603e9d9d76803034b643b6339da1f23be
hardhat_kaggle_891d6038c4a5.png,hardhat_kaggle_891d6038c4a5,hardhat_kaggle,hardhat_kaggle:hard_hat_workers2715,4,0,0,891d6038c4a51debeb793ed37578f06f6ac6756b
hardhat_kaggle_d65ced35deab.png,hardhat_kaggle_d65ced35deab,hardhat_kaggle,hardhat_kaggle:hard_hat_workers2716,2,0,0,d65ced35deab551af938fe33ba388a52cecaba6d
hardhat_kaggle_2552f62635f3.png,hardhat_kaggle_2552f62635f3,hardhat_kaggle,hardhat_kaggle:hard_hat_workers2717,4,0,0,2552f62635f3a898e2144c1a2cc875355288b20c
hardhat_kaggle_8d3f4e18201d.png,hardhat_kaggle_8d3f4e18201d,hardhat_kaggle,hardhat_kaggle:hard_hat_workers2719,2,0,0,8d3f4e18201d3eb42f91265718e5bfbc569e506a
hardhat_kaggle_d9bea4409ca3.png,hardhat_kaggle_d9bea4409ca3,hardhat_kaggle,hardhat_kaggle:hard_hat_workers272,1,0,0,d9bea4409ca3c86a0ee81726cad8734fd4433231
hardhat_kaggle_f661e50116ed.png,hardhat_kaggle_f661e50116ed,hardhat_kaggle,hardhat_kaggle:hard_hat_workers2720,16,0,0,f661e50116ede76fa298a96f139230ffcf73f9f3
hardhat_kaggle_d905c89c87ec.png,hardhat_kaggle_d905c89c87ec,hardhat_kaggle,hardhat_kaggle:hard_hat_workers2721,6,0,0,d905c89c87ec2b891d5b1af9c7c6a103974a21a8
hardhat_kaggle_914107d2e226.png,hardhat_kaggle_914107d2e226,hardhat_kaggle,hardhat_kaggle:hard_hat_workers2722,7,0,0,914107d2e2262b2a749e8a41e5910ad975373891
hardhat_kaggle_477bfd37a718.png,hardhat_kaggle_477bfd37a718,hardhat_kaggle,hardhat_kaggle:hard_hat_workers2723,1,0,0,477bfd37a718239a3a320f12ec2b0244a4d08cd1
hardhat_kaggle_42c531a67b3a.png,hardhat_kaggle_42c531a67b3a,hardhat_kaggle,hardhat_kaggle:hard_hat_workers2725,6,0,0,42c531a67b3ac5583bf0cae1a416f25d21c10862
hardhat_kaggle_86a3a99c6015.png,hardhat_kaggle_86a3a99c6015,hardhat_kaggle,hardhat_kaggle:hard_hat_workers2726,3,0,0,86a3a99c60150764f4175d60375a361852c8dc80
hardhat_kaggle_a88bf47ccb82.png,hardhat_kaggle_a88bf47ccb82,hardhat_kaggle,hardhat_kaggle:hard_hat_workers2727,4,0,0,a88bf47ccb82e106f79c17ef2362cb7a87bb688d
hardhat_kaggle_bae44d711b64.png,hardhat_kaggle_bae44d711b64,hardhat_kaggle,hardhat_kaggle:hard_hat_workers2728,3,0,0,bae44d711b64a2b8536bbb73d04b2e63073b2f24
hardhat_kaggle_bb186488cd9f.png,hardhat_kaggle_bb186488cd9f,hardhat_kaggle,hardhat_kaggle:hard_hat_workers273,2,0,0,bb186488cd9f09c836463374949491a06d4e061c
hardhat_kaggle_1771c1c9722c.png,hardhat_kaggle_1771c1c9722c,hardhat_kaggle,hardhat_kaggle:hard_hat_workers2730,8,0,0,1771c1c9722c1c9eee52756a8e33fd775149c5fd
hardhat_kaggle_fb889143a255.png,hardhat_kaggle_fb889143a255,hardhat_kaggle,hardhat_kaggle:hard_hat_workers2731,10,0,0,fb889143a2557e152e8979f3bb8c27904031e3d9
hardhat_kaggle_f5d394fd14a0.png,hardhat_kaggle_f5d394fd14a0,hardhat_kaggle,hardhat_kaggle:hard_hat_workers2732,6,0,0,f5d394fd14a0f91b0ed39cfe2a683da001294f4d
hardhat_kaggle_cbff8c4bbd4b.png,hardhat_kaggle_cbff8c4bbd4b,hardhat_kaggle,hardhat_kaggle:hard_hat_workers2733,2,0,0,cbff8c4bbd4bab5b9b77cf1104f01b7cb804822c
hardhat_kaggle_b27dcf765652.png,hardhat_kaggle_b27dcf765652,hardhat_kaggle,hardhat_kaggle:hard_hat_workers2734,3,0,0,b27dcf7656526aa93e58ea66c1bb4dd0c3f1dbab
hardhat_kaggle_4171e57608fe.png,hardhat_kaggle_4171e57608fe,hardhat_kaggle,hardhat_kaggle:hard_hat_workers2735,2,0,0,4171e57608fedbd45dc1030b44a7b320e2aac6e7
hardhat_kaggle_a6dc63e091c3.png,hardhat_kaggle_a6dc63e091c3,hardhat_kaggle,hardhat_kaggle:hard_hat_workers2736,3,0,0,a6dc63e091c3d761ddee0a70905dc586cc790468
hardhat_kaggle_56570f7628e1.png,hardhat_kaggle_56570f7628e1,hardhat_kaggle,hardhat_kaggle:hard_hat_workers2737,18,0,0,56570f7628e1bd0a291e1657565fd005176d230c
hardhat_kaggle_52a63d07ac9c.png,hardhat_kaggle_52a63d07ac9c,hardhat_kaggle,hardhat_kaggle:hard_hat_workers2738,1,0,0,52a63d07ac9c786ab1e58947b06adc27f764e398
hardhat_kaggle_7f722427d6bf.png,hardhat_kaggle_7f722427d6bf,hardhat_kaggle,hardhat_kaggle:hard_hat_workers2739,6,0,0,7f722427d6bfcfeac28c884424b80e84af354f6e
hardhat_kaggle_777b47eb3df3.png,hardhat_kaggle_777b47eb3df3,hardhat_kaggle,hardhat_kaggle:hard_hat_workers2740,8,0,0,777b47eb3df3f9a3b0bb1d05a21852daa3b4376c
hardhat_kaggle_94d9390a977b.png,hardhat_kaggle_94d9390a977b,hardhat_kaggle,hardhat_kaggle:hard_hat_workers2741,7,0,0,94d9390a977b68347315f53d8c70328194deb75c
hardhat_kaggle_8545ae78ef06.png,hardhat_kaggle_8545ae78ef06,hardhat_kaggle,hardhat_kaggle:hard_hat_workers2742,2,0,0,8545ae78ef06f4584ad29ac77fb04bc94fa782e8
hardhat_kaggle_a63c467302be.png,hardhat_kaggle_a63c467302be,hardhat_kaggle,hardhat_kaggle:hard_hat_workers2743,38,0,0,a63c467302bec6b0db0bde6aa9af181bbe214973
hardhat_kaggle_38bbc153f5c4.png,hardhat_kaggle_38bbc153f5c4,hardhat_kaggle,hardhat_kaggle:hard_hat_workers2744,8,0,0,38bbc153f5c4c68836a24c07bdfa6b1d83222ee7
hardhat_kaggle_38e038f217ed.png,hardhat_kaggle_38e038f217ed,hardhat_kaggle,hardhat_kaggle:hard_hat_workers2745,2,0,0,38e038f217edd656dcee309263cb726cc302867f
hardhat_kaggle_b677a2501e7d.png,hardhat_kaggle_b677a2501e7d,hardhat_kaggle,hardhat_kaggle:hard_hat_workers2746,4,0,0,b677a2501e7d7ded3393afed0c286458576daae3
hardhat_kaggle_9cd7bf92bd92.png,hardhat_kaggle_9cd7bf92bd92,hardhat_kaggle,hardhat_kaggle:hard_hat_workers2747,2,0,0,9cd7bf92bd92ea301e9edb40badb2fde88fb6d6f
hardhat_kaggle_78100c205c3f.png,hardhat_kaggle_78100c205c3f,hardhat_kaggle,hardhat_kaggle:hard_hat_workers2748,1,0,0,78100c205c3f6269df92990c3330af26c89df5d1
hardhat_kaggle_f14e1d015848.png,hardhat_kaggle_f14e1d015848,hardhat_kaggle,hardhat_kaggle:hard_hat_workers2749,5,0,0,f14e1d015848f53a34beff3a6ade11ae6da646f1
hardhat_kaggle_cc6a48f9e552.png,hardhat_kaggle_cc6a48f9e552,hardhat_kaggle,hardhat_kaggle:hard_hat_workers275,6,0,0,cc6a48f9e552c3e630322cccb33abb7d995a2268
hardhat_kaggle_a092112568ce.png,hardhat_kaggle_a092112568ce,hardhat_kaggle,hardhat_kaggle:hard_hat_workers2750,4,0,0,a092112568ce149dab74cae3bf9d4031e525232c
hardhat_kaggle_bcdbe8e4092e.png,hardhat_kaggle_bcdbe8e4092e,hardhat_kaggle,hardhat_kaggle:hard_hat_workers2751,10,0,0,bcdbe8e4092e477e7b704fd52f8471a402aca832
hardhat_kaggle_4adb36880656.png,hardhat_kaggle_4adb36880656,hardhat_kaggle,hardhat_kaggle:hard_hat_workers2752,4,0,0,4adb3688065685e5035df65e09ef8676cab37f2c
hardhat_kaggle_3df461d44b3d.png,hardhat_kaggle_3df461d44b3d,hardhat_kaggle,hardhat_kaggle:hard_hat_workers2753,10,0,0,3df461d44b3d8bcd6a00bcd4835dc85a24b8bd1d
hardhat_kaggle_81c8299652ed.png,hardhat_kaggle_81c8299652ed,hardhat_kaggle,hardhat_kaggle:hard_hat_workers2754,8,0,0,81c8299652edc910371b1a624cc3c7f12debda1b
hardhat_kaggle_4dd71309b9d3.png,hardhat_kaggle_4dd71309b9d3,hardhat_kaggle,hardhat_kaggle:hard_hat_workers2755,2,0,0,4dd71309b9d3e34e734370d4f2881706f4f6bcac
hardhat_kaggle_16a629429793.png,hardhat_kaggle_16a629429793,hardhat_kaggle,hardhat_kaggle:hard_hat_workers2756,3,0,0,16a629429793b5a098aecc4e343d49bb06cfd308
hardhat_kaggle_ee0d9401d209.png,hardhat_kaggle_ee0d9401d209,hardhat_kaggle,hardhat_kaggle:hard_hat_workers2757,2,0,0,ee0d9401d20908106dee4e47970b5f708d41d9d1
hardhat_kaggle_38b7a50c84e4.png,hardhat_kaggle_38b7a50c84e4,hardhat_kaggle,hardhat_kaggle:hard_hat_workers2758,2,0,0,38b7a50c84e4e13c3c89b1f99922084043e5c35c
hardhat_kaggle_a14a2e31367b.png,hardhat_kaggle_a14a2e31367b,hardhat_kaggle,hardhat_kaggle:hard_hat_workers276,4,0,0,a14a2e31367b73e2af18f11328a74cd8ddab3af0
hardhat_kaggle_ffbe08ae3c41.png,hardhat_kaggle_ffbe08ae3c41,hardhat_kaggle,hardhat_kaggle:hard_hat_workers2760,6,0,0,ffbe08ae3c419d5eb6a65b0217f72b68c191025f
hardhat_kaggle_bf0839d21415.png,hardhat_kaggle_bf0839d21415,hardhat_kaggle,hardhat_kaggle:hard_hat_workers2761,4,0,0,bf0839d21415e3028529ff48aec819b6766f598e
hardhat_kaggle_4ecd8ee92c0d.png,hardhat_kaggle_4ecd8ee92c0d,hardhat_kaggle,hardhat_kaggle:hard_hat_workers2762,5,0,0,4ecd8ee92c0d090bd8b79df7f8727e26579d297a
hardhat_kaggle_fa2318a9177a.png,hardhat_kaggle_fa2318a9177a,hardhat_kaggle,hardhat_kaggle:hard_hat_workers2763,1,0,0,fa2318a9177a413f68103bddc6b6e797457c0ba3
hardhat_kaggle_28d2e108f6b3.png,hardhat_kaggle_28d2e108f6b3,hardhat_kaggle,hardhat_kaggle:hard_hat_workers2764,2,0,0,28d2e108f6b3cbcf5b9b88e5f9ef5ee4423eb7fe
hardhat_kaggle_bb4ec91012d8.png,hardhat_kaggle_bb4ec91012d8,hardhat_kaggle,hardhat_kaggle:hard_hat_workers2765,7,0,0,bb4ec91012d82a86d82d66568ce5f91dd6234502
hardhat_kaggle_b324529bdf8f.png,hardhat_kaggle_b324529bdf8f,hardhat_kaggle,hardhat_kaggle:hard_hat_workers2766,12,0,0,b324529bdf8f89d4565cfbd03341614402c13470
hardhat_kaggle_eaccab9ab1e9.png,hardhat_kaggle_eaccab9ab1e9,hardhat_kaggle,hardhat_kaggle:hard_hat_workers2767,3,0,0,eaccab9ab1e97d9302e3e9a2fe309818e4103170
hardhat_kaggle_f72d38266915.png,hardhat_kaggle_f72d38266915,hardhat_kaggle,hardhat_kaggle:hard_hat_workers2768,1,0,0,f72d38266915bf670a5eb7450785451f5ba35733
hardhat_kaggle_8200e646308d.png,hardhat_kaggle_8200e646308d,hardhat_kaggle,hardhat_kaggle:hard_hat_workers2769,5,0,0,8200e646308d73260bd7a5e707da2143ed8dc05a
hardhat_kaggle_c99a137e6aff.png,hardhat_kaggle_c99a137e6aff,hardhat_kaggle,hardhat_kaggle:hard_hat_workers277,4,0,0,c99a137e6affeaa7b593c4fcdd0520accb8392bb
hardhat_kaggle_9196ad9e11e6.png,hardhat_kaggle_9196ad9e11e6,hardhat_kaggle,hardhat_kaggle:hard_hat_workers2770,2,0,0,9196ad9e11e662d841ded02733e18b68dd809b65
hardhat_kaggle_abdc8b9da18a.png,hardhat_kaggle_abdc8b9da18a,hardhat_kaggle,hardhat_kaggle:hard_hat_workers2771,2,0,0,abdc8b9da18ad2ba591e859874bdfd76263ed6f8
hardhat_kaggle_6e61111a5e17.png,hardhat_kaggle_6e61111a5e17,hardhat_kaggle,hardhat_kaggle:hard_hat_workers2772,3,0,0,6e61111a5e174345632c7a766adb1f2386a0da2b
hardhat_kaggle_d3d2fff49b87.png,hardhat_kaggle_d3d2fff49b87,hardhat_kaggle,hardhat_kaggle:hard_hat_workers2773,3,0,0,d3d2fff49b87ca44d914ac883b489e8866d9c8c6
hardhat_kaggle_d44428d50376.png,hardhat_kaggle_d44428d50376,hardhat_kaggle,hardhat_kaggle:hard_hat_workers2774,1,0,0,d44428d50376d801b91bd38653dcf2d3f424dfa3
hardhat_kaggle_0f4151f8795d.png,hardhat_kaggle_0f4151f8795d,hardhat_kaggle,hardhat_kaggle:hard_hat_workers2775,2,0,0,0f4151f8795df6d2c39a628760f4c99591fd9bfd
hardhat_kaggle_ec6c743e30a4.png,hardhat_kaggle_ec6c743e30a4,hardhat_kaggle,hardhat_kaggle:hard_hat_workers2776,7,0,0,ec6c743e30a4de780e95ab37dead68be42722453
hardhat_kaggle_6ecb8c471a1b.png,hardhat_kaggle_6ecb8c471a1b,hardhat_kaggle,hardhat_kaggle:hard_hat_workers2777,16,0,0,6ecb8c471a1bacaa5e69c7405e037b524d396b6b
hardhat_kaggle_399df5f4af6d.png,hardhat_kaggle_399df5f4af6d,hardhat_kaggle,hardhat_kaggle:hard_hat_workers2778,2,0,0,399df5f4af6d16644effdf489cc4dc1661c588ea
hardhat_kaggle_191a1b487d74.png,hardhat_kaggle_191a1b487d74,hardhat_kaggle,hardhat_kaggle:hard_hat_workers2779,4,0,0,191a1b487d74df698452a61ef7c801cf54fc6288
hardhat_kaggle_8f75956372c9.png,hardhat_kaggle_8f75956372c9,hardhat_kaggle,hardhat_kaggle:hard_hat_workers278,1,0,0,8f75956372c94a2aa34879d85a9f1ca2a2984d47
hardhat_kaggle_bba3739aa676.png,hardhat_kaggle_bba3739aa676,hardhat_kaggle,hardhat_kaggle:hard_hat_workers2780,5,0,0,bba3739aa67601078d16168a48b42aae2ba07654
hardhat_kaggle_116644c9a3e3.png,hardhat_kaggle_116644c9a3e3,hardhat_kaggle,hardhat_kaggle:hard_hat_workers2781,4,0,0,116644c9a3e3083cec0a6e6b78f6468c1783299c
hardhat_kaggle_ed59bd158153.png,hardhat_kaggle_ed59bd158153,hardhat_kaggle,hardhat_kaggle:hard_hat_workers2782,2,0,0,ed59bd158153ae6495882aa567a64cbde6d57d86
hardhat_kaggle_674dc3911899.png,hardhat_kaggle_674dc3911899,hardhat_kaggle,hardhat_kaggle:hard_hat_workers2783,2,0,0,674dc3911899ce8fd8b384df015329c6f1d2de27
hardhat_kaggle_7be70e7b6994.png,hardhat_kaggle_7be70e7b6994,hardhat_kaggle,hardhat_kaggle:hard_hat_workers2784,2,0,0,7be70e7b6994c2ed2b5aa071c60cc6e7e2072941
hardhat_kaggle_8079c49a6410.png,hardhat_kaggle_8079c49a6410,hardhat_kaggle,hardhat_kaggle:hard_hat_workers2785,1,0,0,8079c49a64106aeadf4c0a251d42357f0a942646
hardhat_kaggle_8e59f6dba8a1.png,hardhat_kaggle_8e59f6dba8a1,hardhat_kaggle,hardhat_kaggle:hard_hat_workers2786,2,0,0,8e59f6dba8a17af8d909dff6e5a2d64a51ca7de3
hardhat_kaggle_fb48b4a140a8.png,hardhat_kaggle_fb48b4a140a8,hardhat_kaggle,hardhat_kaggle:hard_hat_workers2787,2,0,0,fb48b4a140a8468ff2bcf92a5389321f59673c4b
hardhat_kaggle_5d1b2b62cfe0.png,hardhat_kaggle_5d1b2b62cfe0,hardhat_kaggle,hardhat_kaggle:hard_hat_workers2788,3,0,0,5d1b2b62cfe062f924117a31b1371eef15c38455
hardhat_kaggle_f03daa10944e.png,hardhat_kaggle_f03daa10944e,hardhat_kaggle,hardhat_kaggle:hard_hat_workers279,5,0,0,f03daa10944e8de65535fcd5c31c51d0a3901890
hardhat_kaggle_2d7b865f50bc.png,hardhat_kaggle_2d7b865f50bc,hardhat_kaggle,hardhat_kaggle:hard_hat_workers2790,2,0,0,2d7b865f50bc707f4429d926de81f54b4b34d0a3
hardhat_kaggle_7157e27b3b62.png,hardhat_kaggle_7157e27b3b62,hardhat_kaggle,hardhat_kaggle:hard_hat_workers2791,5,0,0,7157e27b3b6213f5250f6384b4d3be3a02f9f91d
hardhat_kaggle_cf835fd1871a.png,hardhat_kaggle_cf835fd1871a,hardhat_kaggle,hardhat_kaggle:hard_hat_workers2792,5,0,0,cf835fd1871a4c626226a189b4c8c28a8d658bcd
hardhat_kaggle_31780e0b2580.png,hardhat_kaggle_31780e0b2580,hardhat_kaggle,hardhat_kaggle:hard_hat_workers2794,5,0,0,31780e0b25807350529b0a0cb9a076a9dea58145
hardhat_kaggle_029979faf512.png,hardhat_kaggle_029979faf512,hardhat_kaggle,hardhat_kaggle:hard_hat_workers2797,1,0,0,029979faf5120b605ea79c52bf0b618ddec181e3
hardhat_kaggle_5af9c45a2fd1.png,hardhat_kaggle_5af9c45a2fd1,hardhat_kaggle,hardhat_kaggle:hard_hat_workers2798,6,0,0,5af9c45a2fd144993894adbd0a6a4fdad6f9646d
hardhat_kaggle_87ddcd5b9c90.png,hardhat_kaggle_87ddcd5b9c90,hardhat_kaggle,hardhat_kaggle:hard_hat_workers2799,1,0,0,87ddcd5b9c903fdda759570b7dc103c950043e08
hardhat_kaggle_27af68c886ea.png,hardhat_kaggle_27af68c886ea,hardhat_kaggle,hardhat_kaggle:hard_hat_workers28,3,0,0,27af68c886ea835252717b25d71d69b4e8fb352d
hardhat_kaggle_512de6dc2d32.png,hardhat_kaggle_512de6dc2d32,hardhat_kaggle,hardhat_kaggle:hard_hat_workers280,2,0,0,512de6dc2d32c059ffa4b859e91e39c75209ba50
hardhat_kaggle_3ccfbb94107d.png,hardhat_kaggle_3ccfbb94107d,hardhat_kaggle,hardhat_kaggle:hard_hat_workers2800,2,0,0,3ccfbb94107dc07226508263c082b28005e9594c
hardhat_kaggle_fc537c3c7030.png,hardhat_kaggle_fc537c3c7030,hardhat_kaggle,hardhat_kaggle:hard_hat_workers2801,5,0,0,fc537c3c703013032be3a4775f93044538518d63
hardhat_kaggle_5de90748aa32.png,hardhat_kaggle_5de90748aa32,hardhat_kaggle,hardhat_kaggle:hard_hat_workers2802,4,0,0,5de90748aa3260bf89b0f667fea4220df9697e73
hardhat_kaggle_408a263a73bc.png,hardhat_kaggle_408a263a73bc,hardhat_kaggle,hardhat_kaggle:hard_hat_workers2803,2,0,0,408a263a73bce1009efc6fcfe2630feeb12bac70
hardhat_kaggle_e8b6b06d2b06.png,hardhat_kaggle_e8b6b06d2b06,hardhat_kaggle,hardhat_kaggle:hard_hat_workers2804,5,0,0,e8b6b06d2b06b7316dfdefadd88619a5130627e1
hardhat_kaggle_5399f9a9db33.png,hardhat_kaggle_5399f9a9db33,hardhat_kaggle,hardhat_kaggle:hard_hat_workers2805,2,0,0,5399f9a9db33b94672426da56e5d22fd3e2ad5c3
hardhat_kaggle_2b1c961b3bb4.png,hardhat_kaggle_2b1c961b3bb4,hardhat_kaggle,hardhat_kaggle:hard_hat_workers2806,2,0,0,2b1c961b3bb474e958096d230cd05ba93e4f6216
hardhat_kaggle_a30e487cefd0.png,hardhat_kaggle_a30e487cefd0,hardhat_kaggle,hardhat_kaggle:hard_hat_workers2807,9,0,0,a30e487cefd079a1da7241493f0a232b4ca57e89
hardhat_kaggle_bd6dba56e196.png,hardhat_kaggle_bd6dba56e196,hardhat_kaggle,hardhat_kaggle:hard_hat_workers2808,2,0,0,bd6dba56e1961b96e15c6cf69decdf1d77c1255b
hardhat_kaggle_b71b0a4302ba.png,hardhat_kaggle_b71b0a4302ba,hardhat_kaggle,hardhat_kaggle:hard_hat_workers2809,2,0,0,b71b0a4302ba0a90df5ad1dcc2501507bcb3a71b
hardhat_kaggle_c7090e7c9467.png,hardhat_kaggle_c7090e7c9467,hardhat_kaggle,hardhat_kaggle:hard_hat_workers281,8,0,0,c7090e7c9467b94314dcfc5370594578f9da869f
hardhat_kaggle_f88bf65b9320.png,hardhat_kaggle_f88bf65b9320,hardhat_kaggle,hardhat_kaggle:hard_hat_workers2810,1,0,0,f88bf65b9320ce989fb18c5a9def7b57b677c818
hardhat_kaggle_9d10aae7a4b6.png,hardhat_kaggle_9d10aae7a4b6,hardhat_kaggle,hardhat_kaggle:hard_hat_workers2811,2,0,0,9d10aae7a4b69626534b00cf6d5697956566fb44
hardhat_kaggle_926813a9e700.png,hardhat_kaggle_926813a9e700,hardhat_kaggle,hardhat_kaggle:hard_hat_workers2812,11,0,0,926813a9e700edd705daca780f3de25200659cf0
hardhat_kaggle_cff1889c4002.png,hardhat_kaggle_cff1889c4002,hardhat_kaggle,hardhat_kaggle:hard_hat_workers2814,6,0,0,cff1889c4002ec6988ae7ca6fb42145f453dabc8
hardhat_kaggle_ab2b893f1974.png,hardhat_kaggle_ab2b893f1974,hardhat_kaggle,hardhat_kaggle:hard_hat_workers2815,7,0,0,ab2b893f197489ada9c8095845e7af2b16b5f127
hardhat_kaggle_33460161dd66.png,hardhat_kaggle_33460161dd66,hardhat_kaggle,hardhat_kaggle:hard_hat_workers2817,4,0,0,33460161dd66b43ce1cf9e1eeaa2e250bc2f1c3b
hardhat_kaggle_ab09291ce0b1.png,hardhat_kaggle_ab09291ce0b1,hardhat_kaggle,hardhat_kaggle:hard_hat_workers2818,1,0,0,ab09291ce0b165483bb4d121d31bc7e4a7f98062
hardhat_kaggle_6d9ed3910b00.png,hardhat_kaggle_6d9ed3910b00,hardhat_kaggle,hardhat_kaggle:hard_hat_workers2819,5,0,0,6d9ed3910b00d93f81cd323bd9919daae821fb7e
hardhat_kaggle_16eb5d845553.png,hardhat_kaggle_16eb5d845553,hardhat_kaggle,hardhat_kaggle:hard_hat_workers282,1,0,0,16eb5d8455539266ab27d6e9cc56b74293cabb3f
hardhat_kaggle_c447e7859880.png,hardhat_kaggle_c447e7859880,hardhat_kaggle,hardhat_kaggle:hard_hat_workers2820,3,0,0,c447e7859880bacf897ad2f8bdfec0fa0116d12b
hardhat_kaggle_4b8453d50b89.png,hardhat_kaggle_4b8453d50b89,hardhat_kaggle,hardhat_kaggle:hard_hat_workers2821,2,0,0,4b8453d50b894ac2d20f436f2524812a4bb239db
hardhat_kaggle_e2f5f9023f60.png,hardhat_kaggle_e2f5f9023f60,hardhat_kaggle,hardhat_kaggle:hard_hat_workers2822,12,0,0,e2f5f9023f603dfc94ae137f570927c2ced7512b
hardhat_kaggle_1e2d743769af.png,hardhat_kaggle_1e2d743769af,hardhat_kaggle,hardhat_kaggle:hard_hat_workers2823,4,0,0,1e2d743769af6b4e24bd95513b002231ade25dcc
hardhat_kaggle_8fa98d684244.png,hardhat_kaggle_8fa98d684244,hardhat_kaggle,hardhat_kaggle:hard_hat_workers2824,1,0,0,8fa98d6842442e36d15ac45a216f074f02f566cf
hardhat_kaggle_d088b96f83f9.png,hardhat_kaggle_d088b96f83f9,hardhat_kaggle,hardhat_kaggle:hard_hat_workers2825,5,0,0,d088b96f83f9ce9b5e8bfe1741d5ad14215c3385
hardhat_kaggle_013f83d3b80c.png,hardhat_kaggle_013f83d3b80c,hardhat_kaggle,hardhat_kaggle:hard_hat_workers2826,2,0,0,013f83d3b80c92b43fbd8addad8a014e756d0ba8
hardhat_kaggle_56b6f58bee5e.png,hardhat_kaggle_56b6f58bee5e,hardhat_kaggle,hardhat_kaggle:hard_hat_workers2827,3,0,0,56b6f58bee5e544944020ec45924f258e013039a
hardhat_kaggle_818e8be7d0be.png,hardhat_kaggle_818e8be7d0be,hardhat_kaggle,hardhat_kaggle:hard_hat_workers2828,4,0,0,818e8be7d0beff5f84f55b54ac33da9b5c72eb98
hardhat_kaggle_ce39891d5768.png,hardhat_kaggle_ce39891d5768,hardhat_kaggle,hardhat_kaggle:hard_hat_workers2829,2,0,0,ce39891d5768e069c69e7f106500b9b9ab86f3d4
hardhat_kaggle_cb7e2a305c95.png,hardhat_kaggle_cb7e2a305c95,hardhat_kaggle,hardhat_kaggle:hard_hat_workers283,2,0,0,cb7e2a305c954b96e8545cff684ee4b674a5f6b2
hardhat_kaggle_cd0aee4c9d04.png,hardhat_kaggle_cd0aee4c9d04,hardhat_kaggle,hardhat_kaggle:hard_hat_workers2830,2,0,0,cd0aee4c9d04138374a2bca882d56ec4ef10ec36
hardhat_kaggle_b26974113924.png,hardhat_kaggle_b26974113924,hardhat_kaggle,hardhat_kaggle:hard_hat_workers2831,14,0,0,b26974113924b2e5932ed7752122ca16bbb1955f
hardhat_kaggle_5a0e1e526e10.png,hardhat_kaggle_5a0e1e526e10,hardhat_kaggle,hardhat_kaggle:hard_hat_workers2832,2,0,0,5a0e1e526e10a97686b8b70a6f9b8d9cfde69b0e
hardhat_kaggle_242cb32b2c57.png,hardhat_kaggle_242cb32b2c57,hardhat_kaggle,hardhat_kaggle:hard_hat_workers2833,6,0,0,242cb32b2c57db98fed88ea143e520817252f2a4
hardhat_kaggle_289c899eab18.png,hardhat_kaggle_289c899eab18,hardhat_kaggle,hardhat_kaggle:hard_hat_workers2834,4,0,0,289c899eab18416338431505a69c6099167f02eb
hardhat_kaggle_b27b6c463092.png,hardhat_kaggle_b27b6c463092,hardhat_kaggle,hardhat_kaggle:hard_hat_workers2835,2,0,0,b27b6c46309231e1e1db3a9c7bdcddcb3a89ee44
hardhat_kaggle_885a8cd3b6c3.png,hardhat_kaggle_885a8cd3b6c3,hardhat_kaggle,hardhat_kaggle:hard_hat_workers2836,2,0,0,885a8cd3b6c31baeff541762c5f2a789be982bfd
hardhat_kaggle_775c486535f2.png,hardhat_kaggle_775c486535f2,hardhat_kaggle,hardhat_kaggle:hard_hat_workers2837,2,0,0,775c486535f2343833f51a7d45e05f5fb50979f6
hardhat_kaggle_5fb0eded06c7.png,hardhat_kaggle_5fb0eded06c7,hardhat_kaggle,hardhat_kaggle:hard_hat_workers2838,2,0,0,5fb0eded06c73ee84df0bf7e38d7e4c9a86a37ea
hardhat_kaggle_ceeeff228cbc.png,hardhat_kaggle_ceeeff228cbc,hardhat_kaggle,hardhat_kaggle:hard_hat_workers284,6,0,0,ceeeff228cbcba75e88b8c45381a6455df6f5d1e
hardhat_kaggle_2f0c2c3236c4.png,hardhat_kaggle_2f0c2c3236c4,hardhat_kaggle,hardhat_kaggle:hard_hat_workers2840,10,0,0,2f0c2c3236c4d03e186f4f6203376719a71c57a7
hardhat_kaggle_71ecdff2f856.png,hardhat_kaggle_71ecdff2f856,hardhat_kaggle,hardhat_kaggle:hard_hat_workers2841,6,0,0,71ecdff2f85694a83071c9b6a2725f86b24bce43
hardhat_kaggle_6ad8f330d466.png,hardhat_kaggle_6ad8f330d466,hardhat_kaggle,hardhat_kaggle:hard_hat_workers2842,4,0,0,6ad8f330d46688ea14c1a56d7a9c705834ea056c
hardhat_kaggle_4a792362484a.png,hardhat_kaggle_4a792362484a,hardhat_kaggle,hardhat_kaggle:hard_hat_workers2843,4,0,0,4a792362484aaf3ea6e78a55ad3878365f069466
hardhat_kaggle_33cc6ad0c261.png,hardhat_kaggle_33cc6ad0c261,hardhat_kaggle,hardhat_kaggle:hard_hat_workers2844,5,0,0,33cc6ad0c261eaf89d8a8c8a40b6076ec4e30632
hardhat_kaggle_d44eb1cb1beb.png,hardhat_kaggle_d44eb1cb1beb,hardhat_kaggle,hardhat_kaggle:hard_hat_workers2845,1,0,0,d44eb1cb1beb8f418eba53ae5ad3947e24ca6110
hardhat_kaggle_a302ba31046f.png,hardhat_kaggle_a302ba31046f,hardhat_kaggle,hardhat_kaggle:hard_hat_workers2846,8,0,0,a302ba31046f8a7e20639013844289471d0a638a
hardhat_kaggle_3918c605bc47.png,hardhat_kaggle_3918c605bc47,hardhat_kaggle,hardhat_kaggle:hard_hat_workers2847,8,0,0,3918c605bc474a15a8bc056327d9f2a41dde75fd
hardhat_kaggle_bfa88523bafe.png,hardhat_kaggle_bfa88523bafe,hardhat_kaggle,hardhat_kaggle:hard_hat_workers2848,2,0,0,bfa88523bafe87bd2078317b2a9ce34d1418b00d
hardhat_kaggle_8537da47f955.png,hardhat_kaggle_8537da47f955,hardhat_kaggle,hardhat_kaggle:hard_hat_workers2849,4,0,0,8537da47f955b98ebf25f56502df8c55474465b0
hardhat_kaggle_6ab6d1f3a533.png,hardhat_kaggle_6ab6d1f3a533,hardhat_kaggle,hardhat_kaggle:hard_hat_workers285,1,0,0,6ab6d1f3a533728057d2b8b4bc156c58ea4c5595
hardhat_kaggle_b3e5a75558c3.png,hardhat_kaggle_b3e5a75558c3,hardhat_kaggle,hardhat_kaggle:hard_hat_workers2850,1,0,0,b3e5a75558c39abfd994d48f348ab481464ed554
hardhat_kaggle_b4e54bc0f020.png,hardhat_kaggle_b4e54bc0f020,hardhat_kaggle,hardhat_kaggle:hard_hat_workers2853,20,0,0,b4e54bc0f020a83112bf75f7771db0e96da20f83
hardhat_kaggle_cc77de408dcf.png,hardhat_kaggle_cc77de408dcf,hardhat_kaggle,hardhat_kaggle:hard_hat_workers2854,1,0,0,cc77de408dcf42d376e1892221122ef764a15d5d
hardhat_kaggle_f4e97a0b3890.png,hardhat_kaggle_f4e97a0b3890,hardhat_kaggle,hardhat_kaggle:hard_hat_workers2855,10,0,0,f4e97a0b38901d6a4ba67b16b98f490334fa8905
hardhat_kaggle_735bfd79ac92.png,hardhat_kaggle_735bfd79ac92,hardhat_kaggle,hardhat_kaggle:hard_hat_workers2856,4,0,0,735bfd79ac9229636f45c55fbd69f01f6fac2f5c
hardhat_kaggle_732b7a94cdeb.png,hardhat_kaggle_732b7a94cdeb,hardhat_kaggle,hardhat_kaggle:hard_hat_workers2857,8,0,0,732b7a94cdeba3b03005ec90d4483b1c94f5fee6
hardhat_kaggle_a4cfd42561b5.png,hardhat_kaggle_a4cfd42561b5,hardhat_kaggle,hardhat_kaggle:hard_hat_workers2859,3,0,0,a4cfd42561b5f689bbf89bee35e35324cce94bbf
hardhat_kaggle_7241826bfeed.png,hardhat_kaggle_7241826bfeed,hardhat_kaggle,hardhat_kaggle:hard_hat_workers286,2,0,0,7241826bfeed9b3f93c143c5daccae97ad15de3b
hardhat_kaggle_9d533eeb10f2.png,hardhat_kaggle_9d533eeb10f2,hardhat_kaggle,hardhat_kaggle:hard_hat_workers2860,1,0,0,9d533eeb10f2e3ad856ba295fd81b8219daa5dcf
hardhat_kaggle_1f9379422a8d.png,hardhat_kaggle_1f9379422a8d,hardhat_kaggle,hardhat_kaggle:hard_hat_workers2861,2,0,0,1f9379422a8d46c1491e663d5335c5f091683d00
hardhat_kaggle_d9276743d6b4.png,hardhat_kaggle_d9276743d6b4,hardhat_kaggle,hardhat_kaggle:hard_hat_workers2862,1,0,0,d9276743d6b4bede262dc929c9e97ec59cecf3a1
hardhat_kaggle_9c1892f45750.png,hardhat_kaggle_9c1892f45750,hardhat_kaggle,hardhat_kaggle:hard_hat_workers2863,1,0,0,9c1892f45750dc6503267f90d296c5ab9561de42
hardhat_kaggle_3f670ad7e14c.png,hardhat_kaggle_3f670ad7e14c,hardhat_kaggle,hardhat_kaggle:hard_hat_workers2864,3,0,0,3f670ad7e14cd921702117f3f49873055659331b
hardhat_kaggle_9ed4ecba4d38.png,hardhat_kaggle_9ed4ecba4d38,hardhat_kaggle,hardhat_kaggle:hard_hat_workers2865,2,0,0,9ed4ecba4d38925b45e2b813faefc3aa37e08975
hardhat_kaggle_e6cc84245a6d.png,hardhat_kaggle_e6cc84245a6d,hardhat_kaggle,hardhat_kaggle:hard_hat_workers2866,5,0,0,e6cc84245a6dd6bab9a5891a9145d08bbfb010c6
hardhat_kaggle_b3f73468f223.png,hardhat_kaggle_b3f73468f223,hardhat_kaggle,hardhat_kaggle:hard_hat_workers2867,3,0,0,b3f73468f2238ce89c80bac2a820e80dae2892a9
hardhat_kaggle_e9e43d1d50e3.png,hardhat_kaggle_e9e43d1d50e3,hardhat_kaggle,hardhat_kaggle:hard_hat_workers2868,2,0,0,e9e43d1d50e34fb4478a4b336809734d47641a13
hardhat_kaggle_6ea7ab5fed54.png,hardhat_kaggle_6ea7ab5fed54,hardhat_kaggle,hardhat_kaggle:hard_hat_workers2869,8,0,0,6ea7ab5fed54032c637262eead45210c2a1efddf
hardhat_kaggle_0f12f966cfdf.png,hardhat_kaggle_0f12f966cfdf,hardhat_kaggle,hardhat_kaggle:hard_hat_workers287,8,0,0,0f12f966cfdf57da9f415cb67d32407c019b3975
hardhat_kaggle_aa5faf3bcebe.png,hardhat_kaggle_aa5faf3bcebe,hardhat_kaggle,hardhat_kaggle:hard_hat_workers2870,3,0,0,aa5faf3bcebe93ace524950f1e5319b11bba95e3
hardhat_kaggle_54a61fa4644b.png,hardhat_kaggle_54a61fa4644b,hardhat_kaggle,hardhat_kaggle:hard_hat_workers2871,17,0,0,54a61fa4644b24b9f7849b9fb7b00060dbd4c1ce
hardhat_kaggle_8a86e4d2ccfe.png,hardhat_kaggle_8a86e4d2ccfe,hardhat_kaggle,hardhat_kaggle:hard_hat_workers2872,8,0,0,8a86e4d2ccfe0a8a34a4377cf328c1532d367ea6
hardhat_kaggle_ddf0ac221671.png,hardhat_kaggle_ddf0ac221671,hardhat_kaggle,hardhat_kaggle:hard_hat_workers2873,1,0,0,ddf0ac221671219f32cf1c267161defc62d6b5a7
hardhat_kaggle_3528357addba.png,hardhat_kaggle_3528357addba,hardhat_kaggle,hardhat_kaggle:hard_hat_workers2874,4,0,0,3528357addbaa359a2ed7c7b5ca5866ddec32836
hardhat_kaggle_2fa5c38c7017.png,hardhat_kaggle_2fa5c38c7017,hardhat_kaggle,hardhat_kaggle:hard_hat_workers2875,4,0,0,2fa5c38c7017f714bdb16de04bf172310b33b300
hardhat_kaggle_23e50c13b3b8.png,hardhat_kaggle_23e50c13b3b8,hardhat_kaggle,hardhat_kaggle:hard_hat_workers2876,2,0,0,23e50c13b3b8ede1cc1d065db9bd4219ab7478e0
hardhat_kaggle_98d213549266.png,hardhat_kaggle_98d213549266,hardhat_kaggle,hardhat_kaggle:hard_hat_workers2877,1,0,0,98d2135492668e625fcd5a78ca39df2e15ce6f67
hardhat_kaggle_35bad21cafcf.png,hardhat_kaggle_35bad21cafcf,hardhat_kaggle,hardhat_kaggle:hard_hat_workers2878,2,0,0,35bad21cafcfa6464726e478df022e4f601469fe
hardhat_kaggle_ec4c809a1148.png,hardhat_kaggle_ec4c809a1148,hardhat_kaggle,hardhat_kaggle:hard_hat_workers2879,5,0,0,ec4c809a1148a8e2fc9bfcc2972c3a206fdec8aa
hardhat_kaggle_bf8f79cb02bf.png,hardhat_kaggle_bf8f79cb02bf,hardhat_kaggle,hardhat_kaggle:hard_hat_workers288,2,0,0,bf8f79cb02bfb90c914c03220efe07208654b4a3
hardhat_kaggle_bb90be2e0998.png,hardhat_kaggle_bb90be2e0998,hardhat_kaggle,hardhat_kaggle:hard_hat_workers2880,9,0,0,bb90be2e09982a8e66c99b6d62f58a83f1871e96
hardhat_kaggle_56c14d5c6325.png,hardhat_kaggle_56c14d5c6325,hardhat_kaggle,hardhat_kaggle:hard_hat_workers2881,4,0,0,56c14d5c632529b36abf54142fd9b3a097b2e9dd
hardhat_kaggle_04f664df109b.png,hardhat_kaggle_04f664df109b,hardhat_kaggle,hardhat_kaggle:hard_hat_workers2882,1,0,0,04f664df109b7d8cc21adc4a228c126de76f3de9
hardhat_kaggle_4ee2a728a1a2.png,hardhat_kaggle_4ee2a728a1a2,hardhat_kaggle,hardhat_kaggle:hard_hat_workers2883,4,0,0,4ee2a728a1a2e5f95190deecf6614d03fd2dbdbc
hardhat_kaggle_f4617b066f9c.png,hardhat_kaggle_f4617b066f9c,hardhat_kaggle,hardhat_kaggle:hard_hat_workers2884,4,0,0,f4617b066f9ceee7757292d2ced563ab193049d4
hardhat_kaggle_03c10da3a595.png,hardhat_kaggle_03c10da3a595,hardhat_kaggle,hardhat_kaggle:hard_hat_workers2885,10,0,0,03c10da3a59503f3e4100cf9fa7b26c1de9729b4
hardhat_kaggle_4d520191af76.png,hardhat_kaggle_4d520191af76,hardhat_kaggle,hardhat_kaggle:hard_hat_workers2886,8,0,0,4d520191af7603d8df74a654b11afc50d0336337
hardhat_kaggle_bc22bbadd906.png,hardhat_kaggle_bc22bbadd906,hardhat_kaggle,hardhat_kaggle:hard_hat_workers2887,5,0,0,bc22bbadd9069178b0fdbc230f66fdc2deee7a7d
hardhat_kaggle_27244a78c79e.png,hardhat_kaggle_27244a78c79e,hardhat_kaggle,hardhat_kaggle:hard_hat_workers2889,2,0,0,27244a78c79e45511f02c020a7df2861c6c3fa01
hardhat_kaggle_bd7cd8a9727c.png,hardhat_kaggle_bd7cd8a9727c,hardhat_kaggle,hardhat_kaggle:hard_hat_workers289,1,0,0,bd7cd8a9727c794afec87025c0ef2cf9718e9053
hardhat_kaggle_8a9d53e1e48e.png,hardhat_kaggle_8a9d53e1e48e,hardhat_kaggle,hardhat_kaggle:hard_hat_workers2890,1,0,0,8a9d53e1e48e07cd5f74da0f2c68c1cd35ab4afa
hardhat_kaggle_b3b566a4e152.png,hardhat_kaggle_b3b566a4e152,hardhat_kaggle,hardhat_kaggle:hard_hat_workers2891,1,0,0,b3b566a4e152fbb0ff428dd5ca31b436d1dc0fad
hardhat_kaggle_10267fda976e.png,hardhat_kaggle_10267fda976e,hardhat_kaggle,hardhat_kaggle:hard_hat_workers2892,1,0,0,10267fda976eba0c112991d6e470745604ae9299
hardhat_kaggle_3e5300f40c47.png,hardhat_kaggle_3e5300f40c47,hardhat_kaggle,hardhat_kaggle:hard_hat_workers2893,4,0,0,3e5300f40c4782907a076f1a7fa5c591368ed685
hardhat_kaggle_17e12f5b66b3.png,hardhat_kaggle_17e12f5b66b3,hardhat_kaggle,hardhat_kaggle:hard_hat_workers2894,4,0,0,17e12f5b66b39148aae6746312a7ad9537d2afb3
hardhat_kaggle_8bbbf837dc8c.png,hardhat_kaggle_8bbbf837dc8c,hardhat_kaggle,hardhat_kaggle:hard_hat_workers2895,1,0,0,8bbbf837dc8caf17c40514b1cd52a70c6ed65fd4
hardhat_kaggle_4b358f391467.png,hardhat_kaggle_4b358f391467,hardhat_kaggle,hardhat_kaggle:hard_hat_workers2896,5,0,0,4b358f39146744890016ef04f87a6896ba3220d0
hardhat_kaggle_69af2fdc9dfd.png,hardhat_kaggle_69af2fdc9dfd,hardhat_kaggle,hardhat_kaggle:hard_hat_workers2897,2,0,0,69af2fdc9dfd5b9cffa18fe5157ba72a5551ecb8
hardhat_kaggle_a6fab2cbf128.png,hardhat_kaggle_a6fab2cbf128,hardhat_kaggle,hardhat_kaggle:hard_hat_workers2898,4,0,0,a6fab2cbf128778a57abd32ec60f4a71943c2770
hardhat_kaggle_d14325960fdb.png,hardhat_kaggle_d14325960fdb,hardhat_kaggle,hardhat_kaggle:hard_hat_workers2899,9,0,0,d14325960fdb554e8785202da7d01399f8231294
hardhat_kaggle_25ca3ee20868.png,hardhat_kaggle_25ca3ee20868,hardhat_kaggle,hardhat_kaggle:hard_hat_workers29,3,0,0,25ca3ee20868a360728584777a2c7e400f7422a4
hardhat_kaggle_67c3454199ae.png,hardhat_kaggle_67c3454199ae,hardhat_kaggle,hardhat_kaggle:hard_hat_workers290,12,0,0,67c3454199ae9ea4073382891bcd0a68b69fc3d2
hardhat_kaggle_826ddc2d14bf.png,hardhat_kaggle_826ddc2d14bf,hardhat_kaggle,hardhat_kaggle:hard_hat_workers2900,1,0,0,826ddc2d14bf3f58e335c056adb8e226991e47c7
hardhat_kaggle_c3b05ed54ff5.png,hardhat_kaggle_c3b05ed54ff5,hardhat_kaggle,hardhat_kaggle:hard_hat_workers2901,3,0,0,c3b05ed54ff51d108f7e99ff154bc9e3864ca41a
hardhat_kaggle_40fb31ed5b01.png,hardhat_kaggle_40fb31ed5b01,hardhat_kaggle,hardhat_kaggle:hard_hat_workers2902,3,0,0,40fb31ed5b0106f161d2b98dfb55fa7ab78c6cda
hardhat_kaggle_43f317bc1642.png,hardhat_kaggle_43f317bc1642,hardhat_kaggle,hardhat_kaggle:hard_hat_workers2903,10,0,0,43f317bc1642c629c89b55735a7aef3ca5f63dc1
hardhat_kaggle_0414cd50b687.png,hardhat_kaggle_0414cd50b687,hardhat_kaggle,hardhat_kaggle:hard_hat_workers2904,3,0,0,0414cd50b687baee3a99966abcb9ad0f2772b528
hardhat_kaggle_2c4431e3f83d.png,hardhat_kaggle_2c4431e3f83d,hardhat_kaggle,hardhat_kaggle:hard_hat_workers2905,10,0,0,2c4431e3f83de96ea75b2a83d0aa22f1f2cf0183
hardhat_kaggle_cd3721f190f3.png,hardhat_kaggle_cd3721f190f3,hardhat_kaggle,hardhat_kaggle:hard_hat_workers2906,2,0,0,cd3721f190f32f7dada104f4939918ebddd9104b
hardhat_kaggle_a85d081a9c94.png,hardhat_kaggle_a85d081a9c94,hardhat_kaggle,hardhat_kaggle:hard_hat_workers2907,2,0,0,a85d081a9c94e0483d5d36531b7b0516dbe26a81
hardhat_kaggle_76f0bcad51d3.png,hardhat_kaggle_76f0bcad51d3,hardhat_kaggle,hardhat_kaggle:hard_hat_workers2908,3,0,0,76f0bcad51d3cb2d74cff6694665bfd3cdfa676c
hardhat_kaggle_cff553c24ea5.png,hardhat_kaggle_cff553c24ea5,hardhat_kaggle,hardhat_kaggle:hard_hat_workers2909,2,0,0,cff553c24ea549f2f1050fc3c83af9e6ba30cdeb
hardhat_kaggle_01318b53fb55.png,hardhat_kaggle_01318b53fb55,hardhat_kaggle,hardhat_kaggle:hard_hat_workers291,10,0,0,01318b53fb551ad2f1fb65c6f68888d1e39f953b
hardhat_kaggle_e94b670b7d03.png,hardhat_kaggle_e94b670b7d03,hardhat_kaggle,hardhat_kaggle:hard_hat_workers2911,6,0,0,e94b670b7d034a82fda77b17a3ddbadd19070210
hardhat_kaggle_c01d83f56319.png,hardhat_kaggle_c01d83f56319,hardhat_kaggle,hardhat_kaggle:hard_hat_workers2913,6,0,0,c01d83f56319aff189416adcc630e88c6d23936d
hardhat_kaggle_9b5ea284e20a.png,hardhat_kaggle_9b5ea284e20a,hardhat_kaggle,hardhat_kaggle:hard_hat_workers2914,12,0,0,9b5ea284e20aad47348043bf38d1c66d736c5b18
hardhat_kaggle_ef70e9d2f57d.png,hardhat_kaggle_ef70e9d2f57d,hardhat_kaggle,hardhat_kaggle:hard_hat_workers2915,6,0,0,ef70e9d2f57d6172d9e4fc67d1d0e4bfc235e782
hardhat_kaggle_0f7682b8f1da.png,hardhat_kaggle_0f7682b8f1da,hardhat_kaggle,hardhat_kaggle:hard_hat_workers2916,3,0,0,0f7682b8f1da58ff3fa82453fc35050852f0e2a8
hardhat_kaggle_8ef5bc06e2c7.png,hardhat_kaggle_8ef5bc06e2c7,hardhat_kaggle,hardhat_kaggle:hard_hat_workers2917,3,0,0,8ef5bc06e2c756e4496348dc3720b80a90facc44
hardhat_kaggle_a3bd51abf332.png,hardhat_kaggle_a3bd51abf332,hardhat_kaggle,hardhat_kaggle:hard_hat_workers2918,2,0,0,a3bd51abf332fbec17da173a13216d5840aaff92
hardhat_kaggle_4fe12729f769.png,hardhat_kaggle_4fe12729f769,hardhat_kaggle,hardhat_kaggle:hard_hat_workers2919,2,0,0,4fe12729f7696db10df4d3e926f8aed28d7e9df1
hardhat_kaggle_3e83a55bd162.png,hardhat_kaggle_3e83a55bd162,hardhat_kaggle,hardhat_kaggle:hard_hat_workers292,6,0,0,3e83a55bd162081366d1448907363b5ef3f86f59
hardhat_kaggle_b7278e083dd2.png,hardhat_kaggle_b7278e083dd2,hardhat_kaggle,hardhat_kaggle:hard_hat_workers2920,2,0,0,b7278e083dd2522c9b76a1ca90c08a7445f1ea40
hardhat_kaggle_a00f63f15096.png,hardhat_kaggle_a00f63f15096,hardhat_kaggle,hardhat_kaggle:hard_hat_workers2921,1,0,0,a00f63f15096a29efaccde3515fd75aac35404d9
hardhat_kaggle_e7a498f5e2b3.png,hardhat_kaggle_e7a498f5e2b3,hardhat_kaggle,hardhat_kaggle:hard_hat_workers2922,2,0,0,e7a498f5e2b316f13b1803599ba5eb13ba90e4ea
hardhat_kaggle_9fc71d4f223d.png,hardhat_kaggle_9fc71d4f223d,hardhat_kaggle,hardhat_kaggle:hard_hat_workers2923,15,0,0,9fc71d4f223df2e5865a9ee2e0c9c9ae31279eb8
hardhat_kaggle_53a6aa051a19.png,hardhat_kaggle_53a6aa051a19,hardhat_kaggle,hardhat_kaggle:hard_hat_workers2924,3,0,0,53a6aa051a1942c9d4a3ce04ef0add200094abaa
hardhat_kaggle_c76d794dd30c.png,hardhat_kaggle_c76d794dd30c,hardhat_kaggle,hardhat_kaggle:hard_hat_workers2925,2,0,0,c76d794dd30c7d01d3819df3f53aa244aaa702c1
hardhat_kaggle_e7157197a668.png,hardhat_kaggle_e7157197a668,hardhat_kaggle,hardhat_kaggle:hard_hat_workers2926,2,0,0,e7157197a6687713fa77b4432bc8cdc1833f0f54
hardhat_kaggle_a2a1b98cb098.png,hardhat_kaggle_a2a1b98cb098,hardhat_kaggle,hardhat_kaggle:hard_hat_workers2927,4,0,0,a2a1b98cb098a1d8d7d5b753cd1d60cd99b3ee55
hardhat_kaggle_6932732abbf6.png,hardhat_kaggle_6932732abbf6,hardhat_kaggle,hardhat_kaggle:hard_hat_workers2928,5,0,0,6932732abbf6e8e18f7a5783330e5817a9e385bf
hardhat_kaggle_0caf248649ff.png,hardhat_kaggle_0caf248649ff,hardhat_kaggle,hardhat_kaggle:hard_hat_workers2929,4,0,0,0caf248649ff78997cbcbadbcc705fc6690926cf
hardhat_kaggle_6b0a7ec5d2cf.png,hardhat_kaggle_6b0a7ec5d2cf,hardhat_kaggle,hardhat_kaggle:hard_hat_workers293,2,0,0,6b0a7ec5d2cf382be3b8d3b25f6c120563ddbb98
hardhat_kaggle_974e8c19089d.png,hardhat_kaggle_974e8c19089d,hardhat_kaggle,hardhat_kaggle:hard_hat_workers2930,3,0,0,974e8c19089d867a0307414b1c785e05eda5906d
hardhat_kaggle_27cb004e1a5f.png,hardhat_kaggle_27cb004e1a5f,hardhat_kaggle,hardhat_kaggle:hard_hat_workers2931,1,0,0,27cb004e1a5f0c1a3b6b12b102c20b19e01d94ab
hardhat_kaggle_cfd1a1c2721d.png,hardhat_kaggle_cfd1a1c2721d,hardhat_kaggle,hardhat_kaggle:hard_hat_workers2932,2,0,0,cfd1a1c2721dfa4fb312fca8cb29f87f86645643
hardhat_kaggle_f847ceec16a2.png,hardhat_kaggle_f847ceec16a2,hardhat_kaggle,hardhat_kaggle:hard_hat_workers2933,4,0,0,f847ceec16a261aaa116c5c3766f176e3d22cdad
hardhat_kaggle_5334c4c480db.png,hardhat_kaggle_5334c4c480db,hardhat_kaggle,hardhat_kaggle:hard_hat_workers2934,2,0,0,5334c4c480db6689fe3b6b7b9c1603adf2512d06
hardhat_kaggle_90f5b0d71faf.png,hardhat_kaggle_90f5b0d71faf,hardhat_kaggle,hardhat_kaggle:hard_hat_workers2936,8,0,0,90f5b0d71faf06f84e3bc257bb5d477289c43cdb
hardhat_kaggle_c883e8f8c13c.png,hardhat_kaggle_c883e8f8c13c,hardhat_kaggle,hardhat_kaggle:hard_hat_workers2937,5,0,0,c883e8f8c13cbaefd3826e772d0144c672f7547b
hardhat_kaggle_3f32b210c23b.png,hardhat_kaggle_3f32b210c23b,hardhat_kaggle,hardhat_kaggle:hard_hat_workers2938,2,0,0,3f32b210c23b2c7df717061adb0849fce69923c5
hardhat_kaggle_16530dce2193.png,hardhat_kaggle_16530dce2193,hardhat_kaggle,hardhat_kaggle:hard_hat_workers2939,15,0,0,16530dce219383d3d96ee7950be6aa51c068845f
hardhat_kaggle_b24b77bea6f9.png,hardhat_kaggle_b24b77bea6f9,hardhat_kaggle,hardhat_kaggle:hard_hat_workers294,3,0,0,b24b77bea6f9b0ba7c2199f360050dbea57ba520
hardhat_kaggle_293ac6d62440.png,hardhat_kaggle_293ac6d62440,hardhat_kaggle,hardhat_kaggle:hard_hat_workers2941,11,0,0,293ac6d6244099258810d534bccc1398e4d20fe4
hardhat_kaggle_edeb20e5052c.png,hardhat_kaggle_edeb20e5052c,hardhat_kaggle,hardhat_kaggle:hard_hat_workers2942,1,0,0,edeb20e5052c32623dc12a17197b78005f54b44c
hardhat_kaggle_146d46c6141b.png,hardhat_kaggle_146d46c6141b,hardhat_kaggle,hardhat_kaggle:hard_hat_workers2943,1,0,0,146d46c6141b36ec634969a1ec4ad4eaa60143fe
hardhat_kaggle_706d8cf8f44d.png,hardhat_kaggle_706d8cf8f44d,hardhat_kaggle,hardhat_kaggle:hard_hat_workers2944,2,0,0,706d8cf8f44d0b6b7c3839b6342de479e35d3404
hardhat_kaggle_d1ab4e62c01f.png,hardhat_kaggle_d1ab4e62c01f,hardhat_kaggle,hardhat_kaggle:hard_hat_workers2945,3,0,0,d1ab4e62c01fe1d98905a894bd6064f3f9a183a7
hardhat_kaggle_06bfcc31922f.png,hardhat_kaggle_06bfcc31922f,hardhat_kaggle,hardhat_kaggle:hard_hat_workers2946,2,0,0,06bfcc31922ffdf443620d2f08d8a82371b49b10
hardhat_kaggle_d019adf3f9b3.png,hardhat_kaggle_d019adf3f9b3,hardhat_kaggle,hardhat_kaggle:hard_hat_workers2947,3,0,0,d019adf3f9b3903d3dd637e374f1f7edc3b85cbe
hardhat_kaggle_08a94bf3e063.png,hardhat_kaggle_08a94bf3e063,hardhat_kaggle,hardhat_kaggle:hard_hat_workers2948,1,0,0,08a94bf3e06351e01946b8ea58b580fb3a54da59
hardhat_kaggle_96511b359a8d.png,hardhat_kaggle_96511b359a8d,hardhat_kaggle,hardhat_kaggle:hard_hat_workers2949,8,0,0,96511b359a8de5280c9e22ad14f109ab4353cf9b
hardhat_kaggle_28e4df608128.png,hardhat_kaggle_28e4df608128,hardhat_kaggle,hardhat_kaggle:hard_hat_workers295,10,0,0,28e4df60812838b18b6e3c0591851f90da1656da
hardhat_kaggle_1782ad7627a8.png,hardhat_kaggle_1782ad7627a8,hardhat_kaggle,hardhat_kaggle:hard_hat_workers2950,1,0,0,1782ad7627a80261423951e76ec4acb2b2a829f2
hardhat_kaggle_b358b835237c.png,hardhat_kaggle_b358b835237c,hardhat_kaggle,hardhat_kaggle:hard_hat_workers2951,5,0,0,b358b835237c06a96ade62a61a2bbb32e3d3fe6d
hardhat_kaggle_cc5028d1187f.png,hardhat_kaggle_cc5028d1187f,hardhat_kaggle,hardhat_kaggle:hard_hat_workers2952,2,0,0,cc5028d1187f2c2985e616e2e2eed3152405abb6
hardhat_kaggle_6839112e3bb3.png,hardhat_kaggle_6839112e3bb3,hardhat_kaggle,hardhat_kaggle:hard_hat_workers2953,2,0,0,6839112e3bb3316edf648bb4a06c372a470cde59
hardhat_kaggle_1a804b98cb56.png,hardhat_kaggle_1a804b98cb56,hardhat_kaggle,hardhat_kaggle:hard_hat_workers2955,1,0,0,1a804b98cb5652a9d56d4eac67f0c650c396f0dc
hardhat_kaggle_e7a039cf7fc1.png,hardhat_kaggle_e7a039cf7fc1,hardhat_kaggle,hardhat_kaggle:hard_hat_workers2956,2,0,0,e7a039cf7fc11f759b76c4981845c0342f3d472a
hardhat_kaggle_bfc93e97beab.png,hardhat_kaggle_bfc93e97beab,hardhat_kaggle,hardhat_kaggle:hard_hat_workers2957,5,0,0,bfc93e97beaba364d027e3710402509dd328f737
hardhat_kaggle_f37cca7ad207.png,hardhat_kaggle_f37cca7ad207,hardhat_kaggle,hardhat_kaggle:hard_hat_workers2958,4,0,0,f37cca7ad207e14893f5b754ca2a19fb6b3ffb6f
hardhat_kaggle_6c3ef64b08e5.png,hardhat_kaggle_6c3ef64b08e5,hardhat_kaggle,hardhat_kaggle:hard_hat_workers2959,1,0,0,6c3ef64b08e5b0b32bbf7530c549cde318ecca33
hardhat_kaggle_e75239e16edc.png,hardhat_kaggle_e75239e16edc,hardhat_kaggle,hardhat_kaggle:hard_hat_workers296,6,0,0,e75239e16edc99a55cca119d2010a13a9b447b7a
hardhat_kaggle_389140e217eb.png,hardhat_kaggle_389140e217eb,hardhat_kaggle,hardhat_kaggle:hard_hat_workers2960,2,0,0,389140e217ebeea3e2b7353dab187f127ddc7335
hardhat_kaggle_cb7103341ea9.png,hardhat_kaggle_cb7103341ea9,hardhat_kaggle,hardhat_kaggle:hard_hat_workers2961,5,0,0,cb7103341ea9830bd5159a8c7640b26174e2b4f1
hardhat_kaggle_f22c31f0260e.png,hardhat_kaggle_f22c31f0260e,hardhat_kaggle,hardhat_kaggle:hard_hat_workers2962,1,0,0,f22c31f0260e6eb9355846fda0c8dc0ee79dad71
hardhat_kaggle_f3bf7ff344b1.png,hardhat_kaggle_f3bf7ff344b1,hardhat_kaggle,hardhat_kaggle:hard_hat_workers2963,26,0,0,f3bf7ff344b16116903d14d2b9012ed3bc5c8407
hardhat_kaggle_16f453ce4da6.png,hardhat_kaggle_16f453ce4da6,hardhat_kaggle,hardhat_kaggle:hard_hat_workers2964,4,0,0,16f453ce4da69898ce34261e8f6cd6fda41ab1e6
hardhat_kaggle_9091fdd1df74.png,hardhat_kaggle_9091fdd1df74,hardhat_kaggle,hardhat_kaggle:hard_hat_workers2965,3,0,0,9091fdd1df749ea791d9be247a37967b5c098016
hardhat_kaggle_0cceba445741.png,hardhat_kaggle_0cceba445741,hardhat_kaggle,hardhat_kaggle:hard_hat_workers2967,5,0,0,0cceba445741827a7ff3ddd4aceb59e28ee04741
hardhat_kaggle_913b04802498.png,hardhat_kaggle_913b04802498,hardhat_kaggle,hardhat_kaggle:hard_hat_workers2968,1,0,0,913b048024982645268a2be92e3b98a928e8b1c9
hardhat_kaggle_b5a02f829b1a.png,hardhat_kaggle_b5a02f829b1a,hardhat_kaggle,hardhat_kaggle:hard_hat_workers2969,8,0,0,b5a02f829b1abd008381905d8bab139574f71990
hardhat_kaggle_dd10b7c9e123.png,hardhat_kaggle_dd10b7c9e123,hardhat_kaggle,hardhat_kaggle:hard_hat_workers297,5,0,0,dd10b7c9e123eadb6bfb48f4032f1e9693a3cf06
hardhat_kaggle_064cc40834f3.png,hardhat_kaggle_064cc40834f3,hardhat_kaggle,hardhat_kaggle:hard_hat_workers2970,1,0,0,064cc40834f38956e1b121fb783867595d8c3999
hardhat_kaggle_78c124742d1f.png,hardhat_kaggle_78c124742d1f,hardhat_kaggle,hardhat_kaggle:hard_hat_workers2971,2,0,0,78c124742d1f71d1a5fea80e9a13652d4d79d634
hardhat_kaggle_0950e5f4e9cd.png,hardhat_kaggle_0950e5f4e9cd,hardhat_kaggle,hardhat_kaggle:hard_hat_workers2972,2,0,0,0950e5f4e9cd84dadec2b65fd0275657ec6a894e
hardhat_kaggle_0bb6c41b960d.png,hardhat_kaggle_0bb6c41b960d,hardhat_kaggle,hardhat_kaggle:hard_hat_workers2973,3,0,0,0bb6c41b960da52835602fc511989872ebec7d58
hardhat_kaggle_de7c82e4b137.png,hardhat_kaggle_de7c82e4b137,hardhat_kaggle,hardhat_kaggle:hard_hat_workers2974,2,0,0,de7c82e4b13789911e6fe7739fa367c57f2f52c8
hardhat_kaggle_d59f1fbb2f67.png,hardhat_kaggle_d59f1fbb2f67,hardhat_kaggle,hardhat_kaggle:hard_hat_workers2975,2,0,0,d59f1fbb2f67940484d3b2737ce640b8d09143a3
hardhat_kaggle_ae4bb2005590.png,hardhat_kaggle_ae4bb2005590,hardhat_kaggle,hardhat_kaggle:hard_hat_workers2976,4,0,0,ae4bb20055908388117603862d1c28af4b2f85a3
hardhat_kaggle_adfbdbfbc2c7.png,hardhat_kaggle_adfbdbfbc2c7,hardhat_kaggle,hardhat_kaggle:hard_hat_workers2978,2,0,0,adfbdbfbc2c78f6c657c90e9aaeb38dc5f815d6e
hardhat_kaggle_99e807aa5ddf.png,hardhat_kaggle_99e807aa5ddf,hardhat_kaggle,hardhat_kaggle:hard_hat_workers2979,3,0,0,99e807aa5ddfb5d72f66c41ec9926fd94198d3ac
hardhat_kaggle_08537b4ca1d8.png,hardhat_kaggle_08537b4ca1d8,hardhat_kaggle,hardhat_kaggle:hard_hat_workers298,2,0,0,08537b4ca1d801b1bf9eb3a3955a307938700ab9
hardhat_kaggle_1184004010be.png,hardhat_kaggle_1184004010be,hardhat_kaggle,hardhat_kaggle:hard_hat_workers2980,6,0,0,1184004010be6495a20d0db67047c1b51b569bac
hardhat_kaggle_1ebea0035e8d.png,hardhat_kaggle_1ebea0035e8d,hardhat_kaggle,hardhat_kaggle:hard_hat_workers2981,6,0,0,1ebea0035e8d4e19a229bdd33893cd1a504d4253
hardhat_kaggle_d43111d88344.png,hardhat_kaggle_d43111d88344,hardhat_kaggle,hardhat_kaggle:hard_hat_workers2982,4,0,0,d43111d8834469f9e0b2071e9c5738ec1bb99bb0
hardhat_kaggle_93a4d8c5ac8e.png,hardhat_kaggle_93a4d8c5ac8e,hardhat_kaggle,hardhat_kaggle:hard_hat_workers2983,6,0,0,93a4d8c5ac8e03e94c1bcdd3c2c7aa164941369d
hardhat_kaggle_d1f6cd10f912.png,hardhat_kaggle_d1f6cd10f912,hardhat_kaggle,hardhat_kaggle:hard_hat_workers2984,1,0,0,d1f6cd10f91282947a80a731fc21c59b83ecd129
hardhat_kaggle_ff5b93beac6e.png,hardhat_kaggle_ff5b93beac6e,hardhat_kaggle,hardhat_kaggle:hard_hat_workers2985,7,0,0,ff5b93beac6e6872d223c05ae05a2ee4777abfbf
hardhat_kaggle_ab344e465718.png,hardhat_kaggle_ab344e465718,hardhat_kaggle,hardhat_kaggle:hard_hat_workers2986,5,0,0,ab344e4657188e70a5e95693b6e1205905f8880c
hardhat_kaggle_8d8078d7d4d9.png,hardhat_kaggle_8d8078d7d4d9,hardhat_kaggle,hardhat_kaggle:hard_hat_workers2988,6,0,0,8d8078d7d4d99d2012ad09af10f29baced53b76d
hardhat_kaggle_efc19f86d5b4.png,hardhat_kaggle_efc19f86d5b4,hardhat_kaggle,hardhat_kaggle:hard_hat_workers2989,3,0,0,efc19f86d5b49c4fc19c3253cb6b719ac8bdda1c
hardhat_kaggle_0006f9d94535.png,hardhat_kaggle_0006f9d94535,hardhat_kaggle,hardhat_kaggle:hard_hat_workers299,7,0,0,0006f9d94535ad2e83743d188cec24174d48769f
hardhat_kaggle_1dd4f6bf5be5.png,hardhat_kaggle_1dd4f6bf5be5,hardhat_kaggle,hardhat_kaggle:hard_hat_workers2990,2,0,0,1dd4f6bf5be53419d54d1a0da6b3fbbd58859e91
hardhat_kaggle_e41863e93ba2.png,hardhat_kaggle_e41863e93ba2,hardhat_kaggle,hardhat_kaggle:hard_hat_workers2991,3,0,0,e41863e93ba2375b6fcebe6c96b8bd1acc4e62fc
hardhat_kaggle_3f4c3499926c.png,hardhat_kaggle_3f4c3499926c,hardhat_kaggle,hardhat_kaggle:hard_hat_workers2992,1,0,0,3f4c3499926c3b8340d4895b718f1638c62505b2
hardhat_kaggle_f4f21200cbd0.png,hardhat_kaggle_f4f21200cbd0,hardhat_kaggle,hardhat_kaggle:hard_hat_workers2993,3,0,0,f4f21200cbd0a087579cd69e20000eda9bc64deb
hardhat_kaggle_85820ef2859e.png,hardhat_kaggle_85820ef2859e,hardhat_kaggle,hardhat_kaggle:hard_hat_workers2995,2,0,0,85820ef2859e457d76590828ae91bb44bedce705
hardhat_kaggle_8740143f5392.png,hardhat_kaggle_8740143f5392,hardhat_kaggle,hardhat_kaggle:hard_hat_workers2996,6,0,0,8740143f5392111c5bb2fb8330891634152f4de8
hardhat_kaggle_ff667b7758b8.png,hardhat_kaggle_ff667b7758b8,hardhat_kaggle,hardhat_kaggle:hard_hat_workers2997,2,0,0,ff667b7758b8653bb9982e6223fa14be8938fa3c
hardhat_kaggle_b544df4bb1c2.png,hardhat_kaggle_b544df4bb1c2,hardhat_kaggle,hardhat_kaggle:hard_hat_workers2998,3,0,0,b544df4bb1c2d32d6766e240bd2522420abfecb2
hardhat_kaggle_f3f36e543c34.png,hardhat_kaggle_f3f36e543c34,hardhat_kaggle,hardhat_kaggle:hard_hat_workers2999,2,0,0,f3f36e543c34b3af36b0a11d0e47352684632f09
hardhat_kaggle_2ceaa66763b8.png,hardhat_kaggle_2ceaa66763b8,hardhat_kaggle,hardhat_kaggle:hard_hat_workers3,3,0,0,2ceaa66763b8968f9f3f763e270e08e495c96543
hardhat_kaggle_60e4c1733083.png,hardhat_kaggle_60e4c1733083,hardhat_kaggle,hardhat_kaggle:hard_hat_workers30,3,0,0,60e4c1733083206b8d0eb549743eb7d398391e5b
hardhat_kaggle_89e605f9839b.png,hardhat_kaggle_89e605f9839b,hardhat_kaggle,hardhat_kaggle:hard_hat_workers300,1,0,0,89e605f9839bc30fe816f770f4c339c0728bfebb
hardhat_kaggle_c529831af9c4.png,hardhat_kaggle_c529831af9c4,hardhat_kaggle,hardhat_kaggle:hard_hat_workers3000,7,0,0,c529831af9c47b3912824896740e4773b21097f8
hardhat_kaggle_d2c598e8bef8.png,hardhat_kaggle_d2c598e8bef8,hardhat_kaggle,hardhat_kaggle:hard_hat_workers3001,4,0,0,d2c598e8bef8b60cf23afeb73bb906778efe80a9
hardhat_kaggle_f68144dc909a.png,hardhat_kaggle_f68144dc909a,hardhat_kaggle,hardhat_kaggle:hard_hat_workers3002,2,0,0,f68144dc909abbe4a23ea55e1566ca3ae62c950c
hardhat_kaggle_44f456cbf5a7.png,hardhat_kaggle_44f456cbf5a7,hardhat_kaggle,hardhat_kaggle:hard_hat_workers3003,3,0,0,44f456cbf5a7a7a8a01f3c53cc4704d72d3ebdfa
hardhat_kaggle_9fb3e1ade577.png,hardhat_kaggle_9fb3e1ade577,hardhat_kaggle,hardhat_kaggle:hard_hat_workers3004,2,0,0,9fb3e1ade5772ea9f5d659db5db02dfa5fed836b
hardhat_kaggle_9864d4a950a1.png,hardhat_kaggle_9864d4a950a1,hardhat_kaggle,hardhat_kaggle:hard_hat_workers3005,1,0,0,9864d4a950a1a9baa244620044834b5aa58d5cfc
hardhat_kaggle_1b5650cf1a93.png,hardhat_kaggle_1b5650cf1a93,hardhat_kaggle,hardhat_kaggle:hard_hat_workers3006,3,0,0,1b5650cf1a93368ec21a8157f45c9230cea2a848
hardhat_kaggle_6a962960cfa4.png,hardhat_kaggle_6a962960cfa4,hardhat_kaggle,hardhat_kaggle:hard_hat_workers3007,2,0,0,6a962960cfa4b692b441aa30b0c81f5fabe34c91
hardhat_kaggle_2fd5738df5e2.png,hardhat_kaggle_2fd5738df5e2,hardhat_kaggle,hardhat_kaggle:hard_hat_workers3008,2,0,0,2fd5738df5e26c187dc6d5c872866c03210c0ddc
hardhat_kaggle_9bdb230aa648.png,hardhat_kaggle_9bdb230aa648,hardhat_kaggle,hardhat_kaggle:hard_hat_workers3009,2,0,0,9bdb230aa648d8baf89fffaa5fc5f7436b4653e4
hardhat_kaggle_30ed27aa707a.png,hardhat_kaggle_30ed27aa707a,hardhat_kaggle,hardhat_kaggle:hard_hat_workers301,1,0,0,30ed27aa707a288c6e76672e701f0a34b4b22a47
hardhat_kaggle_356286360d61.png,hardhat_kaggle_356286360d61,hardhat_kaggle,hardhat_kaggle:hard_hat_workers3010,3,0,0,356286360d61a7ed4752b1001084f91aa43c20c1
hardhat_kaggle_9f6f8f84e83a.png,hardhat_kaggle_9f6f8f84e83a,hardhat_kaggle,hardhat_kaggle:hard_hat_workers3011,10,0,0,9f6f8f84e83aaf80c56427bf0b7ed4423f32a583
hardhat_kaggle_677eaa033566.png,hardhat_kaggle_677eaa033566,hardhat_kaggle,hardhat_kaggle:hard_hat_workers3012,1,0,0,677eaa033566ed2c2b515a4d787e5fd906d442b1
hardhat_kaggle_03e5532becaf.png,hardhat_kaggle_03e5532becaf,hardhat_kaggle,hardhat_kaggle:hard_hat_workers3013,4,0,0,03e5532becafbed1d65d71988a412bdc46037287
hardhat_kaggle_11813f590a63.png,hardhat_kaggle_11813f590a63,hardhat_kaggle,hardhat_kaggle:hard_hat_workers3014,2,0,0,11813f590a630319957da80349660954cc07a1fb
hardhat_kaggle_66b6f6f815d5.png,hardhat_kaggle_66b6f6f815d5,hardhat_kaggle,hardhat_kaggle:hard_hat_workers3015,2,0,0,66b6f6f815d554fa733746d8a07eb6a8ebc3fbd0
hardhat_kaggle_636a184cce85.png,hardhat_kaggle_636a184cce85,hardhat_kaggle,hardhat_kaggle:hard_hat_workers3016,8,0,0,636a184cce854586d561d48aa82c69e4b69b83ca
hardhat_kaggle_9e38c0824177.png,hardhat_kaggle_9e38c0824177,hardhat_kaggle,hardhat_kaggle:hard_hat_workers3017,3,0,0,9e38c082417702b70b5b4b8aa7050022f5a14e94
hardhat_kaggle_617d664b4301.png,hardhat_kaggle_617d664b4301,hardhat_kaggle,hardhat_kaggle:hard_hat_workers3018,3,0,0,617d664b43013d12dbd8531493fe09edea75382a
hardhat_kaggle_7238d8e56a0b.png,hardhat_kaggle_7238d8e56a0b,hardhat_kaggle,hardhat_kaggle:hard_hat_workers3019,1,0,0,7238d8e56a0b8b1e2b166bcd806ac1fcd80779c3
hardhat_kaggle_15e1a6460652.png,hardhat_kaggle_15e1a6460652,hardhat_kaggle,hardhat_kaggle:hard_hat_workers3020,1,0,0,15e1a64606529f24be89182a50302b5bef88e7a6
hardhat_kaggle_c7afd0f22f7e.png,hardhat_kaggle_c7afd0f22f7e,hardhat_kaggle,hardhat_kaggle:hard_hat_workers3021,12,0,0,c7afd0f22f7e4626c5003f6743b182fc782cb68c
hardhat_kaggle_77ee47875053.png,hardhat_kaggle_77ee47875053,hardhat_kaggle,hardhat_kaggle:hard_hat_workers3023,2,0,0,77ee47875053d986dabff16e98015e6df1892739
hardhat_kaggle_0902a267094c.png,hardhat_kaggle_0902a267094c,hardhat_kaggle,hardhat_kaggle:hard_hat_workers3024,4,0,0,0902a267094ca75d4631c98acaba4d0c46bc38d7
hardhat_kaggle_1200bcfda1c1.png,hardhat_kaggle_1200bcfda1c1,hardhat_kaggle,hardhat_kaggle:hard_hat_workers3025,2,0,0,1200bcfda1c17bb576e0cf35199045ecc662a6f7
hardhat_kaggle_9d075c6f3a5d.png,hardhat_kaggle_9d075c6f3a5d,hardhat_kaggle,hardhat_kaggle:hard_hat_workers3026,3,0,0,9d075c6f3a5d5af93ecb9f48ab37c18f8500c323
hardhat_kaggle_bc2dfc9be63c.png,hardhat_kaggle_bc2dfc9be63c,hardhat_kaggle,hardhat_kaggle:hard_hat_workers3027,4,0,0,bc2dfc9be63c7cf6a65120e30916b4d27a48aef5
hardhat_kaggle_a2e86fc668d2.png,hardhat_kaggle_a2e86fc668d2,hardhat_kaggle,hardhat_kaggle:hard_hat_workers3028,3,0,0,a2e86fc668d250737feb7550686faa91ac645287
hardhat_kaggle_e7064da84244.png,hardhat_kaggle_e7064da84244,hardhat_kaggle,hardhat_kaggle:hard_hat_workers3029,4,0,0,e7064da842444f78a6035c30a96c2834b6aa2943
hardhat_kaggle_0fba2fd3eea8.png,hardhat_kaggle_0fba2fd3eea8,hardhat_kaggle,hardhat_kaggle:hard_hat_workers303,5,0,0,0fba2fd3eea88fb5be02d1cb6c4583795c9bf754
hardhat_kaggle_bb11baf0df6f.png,hardhat_kaggle_bb11baf0df6f,hardhat_kaggle,hardhat_kaggle:hard_hat_workers3030,2,0,0,bb11baf0df6fbb901371bd45bdd659e26f45d1ac
hardhat_kaggle_cf8969d5649d.png,hardhat_kaggle_cf8969d5649d,hardhat_kaggle,hardhat_kaggle:hard_hat_workers3031,3,0,0,cf8969d5649de65782237182fafb07c9c83ccd41
hardhat_kaggle_ec33252369e8.png,hardhat_kaggle_ec33252369e8,hardhat_kaggle,hardhat_kaggle:hard_hat_workers3032,2,0,0,ec33252369e83c925a4b9f6448de9a246c0d4538
hardhat_kaggle_2a48757beeff.png,hardhat_kaggle_2a48757beeff,hardhat_kaggle,hardhat_kaggle:hard_hat_workers3033,2,0,0,2a48757beeffbf4569a9c003ec2977963525e251
hardhat_kaggle_82c37d0cd0f4.png,hardhat_kaggle_82c37d0cd0f4,hardhat_kaggle,hardhat_kaggle:hard_hat_workers3034,2,0,0,82c37d0cd0f448ec113a2f632446301265466c1f
hardhat_kaggle_eb387e4a8291.png,hardhat_kaggle_eb387e4a8291,hardhat_kaggle,hardhat_kaggle:hard_hat_workers3035,1,0,0,eb387e4a82912259aff0e16693063a56303f7e7e
hardhat_kaggle_6f0d8a73c68d.png,hardhat_kaggle_6f0d8a73c68d,hardhat_kaggle,hardhat_kaggle:hard_hat_workers3036,2,0,0,6f0d8a73c68ddf61494669b531d534e42c318d73
hardhat_kaggle_ec2a7845b460.png,hardhat_kaggle_ec2a7845b460,hardhat_kaggle,hardhat_kaggle:hard_hat_workers3037,2,0,0,ec2a7845b4604ea9ab244bc431138b50c10f3d2d
hardhat_kaggle_d19ad6459e9e.png,hardhat_kaggle_d19ad6459e9e,hardhat_kaggle,hardhat_kaggle:hard_hat_workers3038,2,0,0,d19ad6459e9eadd8edda8a263cc2a64235d5de0c
hardhat_kaggle_acfff1b0c206.png,hardhat_kaggle_acfff1b0c206,hardhat_kaggle,hardhat_kaggle:hard_hat_workers3039,8,0,0,acfff1b0c20696b5b99d1c92506fa1259a1f67bb
hardhat_kaggle_4e6ca69e6158.png,hardhat_kaggle_4e6ca69e6158,hardhat_kaggle,hardhat_kaggle:hard_hat_workers304,2,0,0,4e6ca69e6158cf98a29ec5ce61ba954a149d73e0
hardhat_kaggle_333da68d6701.png,hardhat_kaggle_333da68d6701,hardhat_kaggle,hardhat_kaggle:hard_hat_workers3040,4,0,0,333da68d67017c170534a6ad2b536117835ad9d0
hardhat_kaggle_533946693b68.png,hardhat_kaggle_533946693b68,hardhat_kaggle,hardhat_kaggle:hard_hat_workers3041,10,0,0,533946693b68fa298912337c392cc50c50c97f73
hardhat_kaggle_a6325688bd94.png,hardhat_kaggle_a6325688bd94,hardhat_kaggle,hardhat_kaggle:hard_hat_workers3042,2,0,0,a6325688bd941dd6fe23b135a558730977d1509c
hardhat_kaggle_fc375279162d.png,hardhat_kaggle_fc375279162d,hardhat_kaggle,hardhat_kaggle:hard_hat_workers3043,4,0,0,fc375279162d181d2a3cbd27a09a09385ffe0f38
hardhat_kaggle_4ea2885aeab7.png,hardhat_kaggle_4ea2885aeab7,hardhat_kaggle,hardhat_kaggle:hard_hat_workers3044,4,0,0,4ea2885aeab7519ec923baa1f260cec03f297d76
hardhat_kaggle_aed11e56bc05.png,hardhat_kaggle_aed11e56bc05,hardhat_kaggle,hardhat_kaggle:hard_hat_workers3046,5,0,0,aed11e56bc0582a1e2042b7953d6924ad4b308cc
hardhat_kaggle_3fa23675eabc.png,hardhat_kaggle_3fa23675eabc,hardhat_kaggle,hardhat_kaggle:hard_hat_workers3047,2,0,0,3fa23675eabc9f3de04e47276c75e5897237591a
hardhat_kaggle_af8d0f8f873a.png,hardhat_kaggle_af8d0f8f873a,hardhat_kaggle,hardhat_kaggle:hard_hat_workers3048,2,0,0,af8d0f8f873a777cf995ab923f996485dc43767a
hardhat_kaggle_d6e74adc3d3f.png,hardhat_kaggle_d6e74adc3d3f,hardhat_kaggle,hardhat_kaggle:hard_hat_workers3049,2,0,0,d6e74adc3d3f1051330090a6ac9ff23c786e1523
hardhat_kaggle_ec74744254e9.png,hardhat_kaggle_ec74744254e9,hardhat_kaggle,hardhat_kaggle:hard_hat_workers305,4,0,0,ec74744254e9ff2eae3b068ee0384b30465e6c2c
hardhat_kaggle_a6e560cd1705.png,hardhat_kaggle_a6e560cd1705,hardhat_kaggle,hardhat_kaggle:hard_hat_workers3050,4,0,0,a6e560cd17052f7efb3cc440228d656b54aeca0d
hardhat_kaggle_6c81815edf2d.png,hardhat_kaggle_6c81815edf2d,hardhat_kaggle,hardhat_kaggle:hard_hat_workers3051,7,0,0,6c81815edf2d36587136c794a5e534e9718929c2
hardhat_kaggle_504fe9fe9e1c.png,hardhat_kaggle_504fe9fe9e1c,hardhat_kaggle,hardhat_kaggle:hard_hat_workers3052,12,0,0,504fe9fe9e1c55da3cff4eadf4335925cc948f1e
hardhat_kaggle_e4c59352ff37.png,hardhat_kaggle_e4c59352ff37,hardhat_kaggle,hardhat_kaggle:hard_hat_workers3053,2,0,0,e4c59352ff37b920a82903037d7dff533b82ef77
hardhat_kaggle_d36c521a18bc.png,hardhat_kaggle_d36c521a18bc,hardhat_kaggle,hardhat_kaggle:hard_hat_workers3054,1,0,0,d36c521a18bca6b2b11a7e0ace9639c65a4174c7
hardhat_kaggle_89498ac7280a.png,hardhat_kaggle_89498ac7280a,hardhat_kaggle,hardhat_kaggle:hard_hat_workers3055,10,0,0,89498ac7280ae1414600eea6dea2de57c7ba3bdf
hardhat_kaggle_02c4793a2178.png,hardhat_kaggle_02c4793a2178,hardhat_kaggle,hardhat_kaggle:hard_hat_workers3056,2,0,0,02c4793a2178afc6c1548c26be5484e409d15e84
hardhat_kaggle_c2dcb6440bdf.png,hardhat_kaggle_c2dcb6440bdf,hardhat_kaggle,hardhat_kaggle:hard_hat_workers3057,4,0,0,c2dcb6440bdf158cab1de56ccd8d50445c856730
hardhat_kaggle_72698832ee60.png,hardhat_kaggle_72698832ee60,hardhat_kaggle,hardhat_kaggle:hard_hat_workers3058,3,0,0,72698832ee60338420465ffc376e4399008be7c4
hardhat_kaggle_264b4136b434.png,hardhat_kaggle_264b4136b434,hardhat_kaggle,hardhat_kaggle:hard_hat_workers3059,1,0,0,264b4136b434ea150f1139f82a663695eb6a9aad
hardhat_kaggle_691ab4b3ab1f.png,hardhat_kaggle_691ab4b3ab1f,hardhat_kaggle,hardhat_kaggle:hard_hat_workers3060,2,0,0,691ab4b3ab1f3728026cfac16abd699cbbe48e15
hardhat_kaggle_e30640761937.png,hardhat_kaggle_e30640761937,hardhat_kaggle,hardhat_kaggle:hard_hat_workers3061,2,0,0,e30640761937e14048e54896ead06844ddfd92fc
hardhat_kaggle_06912c4a1cb3.png,hardhat_kaggle_06912c4a1cb3,hardhat_kaggle,hardhat_kaggle:hard_hat_workers3062,5,0,0,06912c4a1cb3cb35423794bacf085be4d495cfae
hardhat_kaggle_eaf06f7a1f9a.png,hardhat_kaggle_eaf06f7a1f9a,hardhat_kaggle,hardhat_kaggle:hard_hat_workers3063,4,0,0,eaf06f7a1f9a68eb2d180e93c228e15f290267c8
hardhat_kaggle_41117611abe2.png,hardhat_kaggle_41117611abe2,hardhat_kaggle,hardhat_kaggle:hard_hat_workers3064,3,0,0,41117611abe2d9f36686e0d8588fe7a5ffb34c91
hardhat_kaggle_5cb6eea572eb.png,hardhat_kaggle_5cb6eea572eb,hardhat_kaggle,hardhat_kaggle:hard_hat_workers3065,5,0,0,5cb6eea572eba05d7c0838e83f9814911165fc9a
hardhat_kaggle_51ed4e860310.png,hardhat_kaggle_51ed4e860310,hardhat_kaggle,hardhat_kaggle:hard_hat_workers3066,2,0,0,51ed4e860310ee014df3adc21d85cc49f694ba5f
hardhat_kaggle_5b3ff242593e.png,hardhat_kaggle_5b3ff242593e,hardhat_kaggle,hardhat_kaggle:hard_hat_workers3067,5,0,0,5b3ff242593e28c4e015bcd55830d11056f942b8
hardhat_kaggle_6e7997b6e653.png,hardhat_kaggle_6e7997b6e653,hardhat_kaggle,hardhat_kaggle:hard_hat_workers3068,2,0,0,6e7997b6e653266f866270e23cc5e5726baebb02
hardhat_kaggle_a97c08480ce7.png,hardhat_kaggle_a97c08480ce7,hardhat_kaggle,hardhat_kaggle:hard_hat_workers3069,12,0,0,a97c08480ce73017ff645f0329e32411049ecf92
hardhat_kaggle_6a83a1c38e53.png,hardhat_kaggle_6a83a1c38e53,hardhat_kaggle,hardhat_kaggle:hard_hat_workers307,2,0,0,6a83a1c38e534594eb3604b80bbcf501c1ff7f9e
hardhat_kaggle_b04efb603549.png,hardhat_kaggle_b04efb603549,hardhat_kaggle,hardhat_kaggle:hard_hat_workers3070,1,0,0,b04efb603549b4079b3c0a80558b3f7ebc5323dc
hardhat_kaggle_6bbd9165c198.png,hardhat_kaggle_6bbd9165c198,hardhat_kaggle,hardhat_kaggle:hard_hat_workers3071,2,0,0,6bbd9165c19811790115513af78ac17b342be099
hardhat_kaggle_4bf2158bf9da.png,hardhat_kaggle_4bf2158bf9da,hardhat_kaggle,hardhat_kaggle:hard_hat_workers3072,11,0,0,4bf2158bf9da362db95dedb964ce06d9036748d1
hardhat_kaggle_527013c28329.png,hardhat_kaggle_527013c28329,hardhat_kaggle,hardhat_kaggle:hard_hat_workers3073,2,0,0,527013c28329f0a9630bb03b3c6b1d6fe86b5eeb
hardhat_kaggle_7ce45c9f20e4.png,hardhat_kaggle_7ce45c9f20e4,hardhat_kaggle,hardhat_kaggle:hard_hat_workers3074,1,0,0,7ce45c9f20e480eef67cd44242598dab106cd50d
hardhat_kaggle_07d375e8744b.png,hardhat_kaggle_07d375e8744b,hardhat_kaggle,hardhat_kaggle:hard_hat_workers3075,4,0,0,07d375e8744b1286a787c500418cebd9433a9ccf
hardhat_kaggle_5502c458004f.png,hardhat_kaggle_5502c458004f,hardhat_kaggle,hardhat_kaggle:hard_hat_workers3076,2,0,0,5502c458004f0c6ee9b5d02b9d0b3ea7a848ffb3
hardhat_kaggle_b3b0c1b86f72.png,hardhat_kaggle_b3b0c1b86f72,hardhat_kaggle,hardhat_kaggle:hard_hat_workers3077,3,0,0,b3b0c1b86f729c28c24daf68eb12bac2dcdb078f
hardhat_kaggle_662ce242332e.png,hardhat_kaggle_662ce242332e,hardhat_kaggle,hardhat_kaggle:hard_hat_workers3078,6,0,0,662ce242332e4e852c120f1d36d23771fd888c5b
hardhat_kaggle_b21d05d33fae.png,hardhat_kaggle_b21d05d33fae,hardhat_kaggle,hardhat_kaggle:hard_hat_workers308,6,0,0,b21d05d33fae21711f554f59bfa922d0109b8d49
hardhat_kaggle_dfeb7b386cd3.png,hardhat_kaggle_dfeb7b386cd3,hardhat_kaggle,hardhat_kaggle:hard_hat_workers3080,7,0,0,dfeb7b386cd34f808cc51959ac735067e5311d3c
hardhat_kaggle_71dcdd85c32d.png,hardhat_kaggle_71dcdd85c32d,hardhat_kaggle,hardhat_kaggle:hard_hat_workers3081,2,0,0,71dcdd85c32d5bc9dffeae14dfbf2b335c40e9cf
hardhat_kaggle_3e2e0af9f649.png,hardhat_kaggle_3e2e0af9f649,hardhat_kaggle,hardhat_kaggle:hard_hat_workers3082,2,0,0,3e2e0af9f6498ba4eafeb814d1190d89c8d8d2f6
hardhat_kaggle_47a15ebcfb0b.png,hardhat_kaggle_47a15ebcfb0b,hardhat_kaggle,hardhat_kaggle:hard_hat_workers3083,2,0,0,47a15ebcfb0b52e8412febd8a44fbe23c09c087f
hardhat_kaggle_0f6c83834205.png,hardhat_kaggle_0f6c83834205,hardhat_kaggle,hardhat_kaggle:hard_hat_workers3084,23,0,0,0f6c8383420552aaa229f00ab7af4560d6cb4fab
hardhat_kaggle_053c3daa16bb.png,hardhat_kaggle_053c3daa16bb,hardhat_kaggle,hardhat_kaggle:hard_hat_workers3085,3,0,0,053c3daa16bb09405f222ffed55f9082dbd0e004
hardhat_kaggle_7c20dd33d138.png,hardhat_kaggle_7c20dd33d138,hardhat_kaggle,hardhat_kaggle:hard_hat_workers3086,3,0,0,7c20dd33d1384ad3b9b3e9aa6e7793bdbebde422
hardhat_kaggle_c6bbce35118d.png,hardhat_kaggle_c6bbce35118d,hardhat_kaggle,hardhat_kaggle:hard_hat_workers3087,4,0,0,c6bbce35118d10f9b207872e57cd83118502d752
hardhat_kaggle_904b4ef90493.png,hardhat_kaggle_904b4ef90493,hardhat_kaggle,hardhat_kaggle:hard_hat_workers3088,4,0,0,904b4ef904933523539c3390b5479091f9f669ff
hardhat_kaggle_78c23ada7b2b.png,hardhat_kaggle_78c23ada7b2b,hardhat_kaggle,hardhat_kaggle:hard_hat_workers3089,5,0,0,78c23ada7b2b45225722102d62a8cb8d1afc59b1
hardhat_kaggle_400f5d04fd91.png,hardhat_kaggle_400f5d04fd91,hardhat_kaggle,hardhat_kaggle:hard_hat_workers309,2,0,0,400f5d04fd91052434305b46f9890342997b55c4
hardhat_kaggle_8977da2a9d0b.png,hardhat_kaggle_8977da2a9d0b,hardhat_kaggle,hardhat_kaggle:hard_hat_workers3090,9,0,0,8977da2a9d0b2c6e11f01f039989035c24156ba4
hardhat_kaggle_2d0c138c0b35.png,hardhat_kaggle_2d0c138c0b35,hardhat_kaggle,hardhat_kaggle:hard_hat_workers3091,5,0,0,2d0c138c0b35b524f8c688b03409198e8a5cff10
hardhat_kaggle_ae4a7b765220.png,hardhat_kaggle_ae4a7b765220,hardhat_kaggle,hardhat_kaggle:hard_hat_workers3092,5,0,0,ae4a7b765220f653828099f340e82bc2bae181a5
hardhat_kaggle_8b71c5335c85.png,hardhat_kaggle_8b71c5335c85,hardhat_kaggle,hardhat_kaggle:hard_hat_workers3093,4,0,0,8b71c5335c85851614191d1aae1136aa3e7cf3d1
hardhat_kaggle_03565e72570a.png,hardhat_kaggle_03565e72570a,hardhat_kaggle,hardhat_kaggle:hard_hat_workers3094,4,0,0,03565e72570abde05a7312dd7fc81de1e68d2c6d
hardhat_kaggle_6cfb17a3c195.png,hardhat_kaggle_6cfb17a3c195,hardhat_kaggle,hardhat_kaggle:hard_hat_workers3095,3,0,0,6cfb17a3c195a2c19a81a72a0709bd746da9d005
hardhat_kaggle_63375ae36451.png,hardhat_kaggle_63375ae36451,hardhat_kaggle,hardhat_kaggle:hard_hat_workers3096,2,0,0,63375ae364513709dc64014ef703e82418aacdab
hardhat_kaggle_933b87c8bf58.png,hardhat_kaggle_933b87c8bf58,hardhat_kaggle,hardhat_kaggle:hard_hat_workers3097,3,0,0,933b87c8bf581423d39df395111d6abc71d64d7a
hardhat_kaggle_7782bd7c921f.png,hardhat_kaggle_7782bd7c921f,hardhat_kaggle,hardhat_kaggle:hard_hat_workers3098,12,0,0,7782bd7c921f69207dd51a64d7f18a1eb2d65d4f
hardhat_kaggle_0ddaa30adf99.png,hardhat_kaggle_0ddaa30adf99,hardhat_kaggle,hardhat_kaggle:hard_hat_workers3099,2,0,0,0ddaa30adf9984e9112f303e2350e6e60d0d2324
hardhat_kaggle_3905d16808f2.png,hardhat_kaggle_3905d16808f2,hardhat_kaggle,hardhat_kaggle:hard_hat_workers31,2,0,0,3905d16808f2893bffccb3464d5577d45c7db59d
hardhat_kaggle_81bf4a8bd433.png,hardhat_kaggle_81bf4a8bd433,hardhat_kaggle,hardhat_kaggle:hard_hat_workers310,2,0,0,81bf4a8bd433dc8ee7c6d6e7754115f2e55defcd
hardhat_kaggle_a0bb775453f9.png,hardhat_kaggle_a0bb775453f9,hardhat_kaggle,hardhat_kaggle:hard_hat_workers3100,3,0,0,a0bb775453f903f2a1e6cb033e18443560d1f991
hardhat_kaggle_eece66c206b1.png,hardhat_kaggle_eece66c206b1,hardhat_kaggle,hardhat_kaggle:hard_hat_workers3101,6,0,0,eece66c206b109e0595192fbc471af531880700e
hardhat_kaggle_9496667c2d20.png,hardhat_kaggle_9496667c2d20,hardhat_kaggle,hardhat_kaggle:hard_hat_workers3103,3,0,0,9496667c2d201d2692bd242969bb4375400b7b48
hardhat_kaggle_0ebc8c78279c.png,hardhat_kaggle_0ebc8c78279c,hardhat_kaggle,hardhat_kaggle:hard_hat_workers3104,5,0,0,0ebc8c78279cb7662d24d0408e0b1937ff3279c5
hardhat_kaggle_7e783c87c788.png,hardhat_kaggle_7e783c87c788,hardhat_kaggle,hardhat_kaggle:hard_hat_workers3105,2,0,0,7e783c87c7888a797179db8de254ec3c39ad4c1d
hardhat_kaggle_a9d60bf7bc67.png,hardhat_kaggle_a9d60bf7bc67,hardhat_kaggle,hardhat_kaggle:hard_hat_workers3106,3,0,0,a9d60bf7bc67fff8fcfe7102cf14442281373903
hardhat_kaggle_981c553646ca.png,hardhat_kaggle_981c553646ca,hardhat_kaggle,hardhat_kaggle:hard_hat_workers3107,10,0,0,981c553646ca10b4461c751b794ea058d3a9d185
hardhat_kaggle_b6e5bd1b2629.png,hardhat_kaggle_b6e5bd1b2629,hardhat_kaggle,hardhat_kaggle:hard_hat_workers3108,4,0,0,b6e5bd1b26290c7fa3a1120905535982e081db41
hardhat_kaggle_ec9ca99750eb.png,hardhat_kaggle_ec9ca99750eb,hardhat_kaggle,hardhat_kaggle:hard_hat_workers3109,11,0,0,ec9ca99750eb3026884151c2636aadf78f83ac72
hardhat_kaggle_3c8d9bccb486.png,hardhat_kaggle_3c8d9bccb486,hardhat_kaggle,hardhat_kaggle:hard_hat_workers311,3,0,0,3c8d9bccb4862cf76056ccdce363aba3ce62d8b6
hardhat_kaggle_cd21886bf2fd.png,hardhat_kaggle_cd21886bf2fd,hardhat_kaggle,hardhat_kaggle:hard_hat_workers3110,2,0,0,cd21886bf2fd154079e6fed67a96edaab569cb69
hardhat_kaggle_78b1b7606345.png,hardhat_kaggle_78b1b7606345,hardhat_kaggle,hardhat_kaggle:hard_hat_workers3111,2,0,0,78b1b76063453bbf6abd35f47f5dca1ac58fcc1b
hardhat_kaggle_c7a24f18e21e.png,hardhat_kaggle_c7a24f18e21e,hardhat_kaggle,hardhat_kaggle:hard_hat_workers3112,1,0,0,c7a24f18e21e9c49531f7debd3e27b15b9960ebb
hardhat_kaggle_40861e111306.png,hardhat_kaggle_40861e111306,hardhat_kaggle,hardhat_kaggle:hard_hat_workers3114,4,0,0,40861e1113068c2d0fc7fb1d7e28af79138fe040
hardhat_kaggle_31960ce916df.png,hardhat_kaggle_31960ce916df,hardhat_kaggle,hardhat_kaggle:hard_hat_workers3115,8,0,0,31960ce916dfe7b51163df543788680bce0ba160
hardhat_kaggle_4d98a70dd76e.png,hardhat_kaggle_4d98a70dd76e,hardhat_kaggle,hardhat_kaggle:hard_hat_workers3116,8,0,0,4d98a70dd76e872ee12721a5632d350584537f1d
hardhat_kaggle_d0b3f986047f.png,hardhat_kaggle_d0b3f986047f,hardhat_kaggle,hardhat_kaggle:hard_hat_workers3117,6,0,0,d0b3f986047fa4959d74a44c6ed386578b1e5af3
hardhat_kaggle_228516c631fa.png,hardhat_kaggle_228516c631fa,hardhat_kaggle,hardhat_kaggle:hard_hat_workers3118,4,0,0,228516c631fab0ced9f52ea45d3b64a9b3c6aef1
hardhat_kaggle_a29eea0e6147.png,hardhat_kaggle_a29eea0e6147,hardhat_kaggle,hardhat_kaggle:hard_hat_workers3119,1,0,0,a29eea0e614767c94182fd2c20de5161a191e761
hardhat_kaggle_850ea2bbd66e.png,hardhat_kaggle_850ea2bbd66e,hardhat_kaggle,hardhat_kaggle:hard_hat_workers312,1,0,0,850ea2bbd66eccf48b4d32013c16536b96359cfa
hardhat_kaggle_bbfb6443734c.png,hardhat_kaggle_bbfb6443734c,hardhat_kaggle,hardhat_kaggle:hard_hat_workers3120,1,0,0,bbfb6443734c37613f57cfedd03add417e6c6501
hardhat_kaggle_454b9580cf49.png,hardhat_kaggle_454b9580cf49,hardhat_kaggle,hardhat_kaggle:hard_hat_workers3121,5,0,0,454b9580cf49e56df63ccf5f8254f5e53c4b8ea0
hardhat_kaggle_32968e82fde7.png,hardhat_kaggle_32968e82fde7,hardhat_kaggle,hardhat_kaggle:hard_hat_workers3122,2,0,0,32968e82fde78dcabd10c889373f9f5add8c4f5a
hardhat_kaggle_187ae0d9db1d.png,hardhat_kaggle_187ae0d9db1d,hardhat_kaggle,hardhat_kaggle:hard_hat_workers3123,2,0,0,187ae0d9db1d0f2504014b3225fc6ac5140b009f
hardhat_kaggle_865a533be3b4.png,hardhat_kaggle_865a533be3b4,hardhat_kaggle,hardhat_kaggle:hard_hat_workers3124,3,0,0,865a533be3b40cff597a6daef60c5e41ecabeebc
hardhat_kaggle_149bdafe695a.png,hardhat_kaggle_149bdafe695a,hardhat_kaggle,hardhat_kaggle:hard_hat_workers3125,3,0,0,149bdafe695a105309990e27b6508ebaedf2f5b2
hardhat_kaggle_fdbe029ce594.png,hardhat_kaggle_fdbe029ce594,hardhat_kaggle,hardhat_kaggle:hard_hat_workers3126,1,0,0,fdbe029ce5949067e1458e9ffe1d508ff531383d
hardhat_kaggle_56d47d242dc8.png,hardhat_kaggle_56d47d242dc8,hardhat_kaggle,hardhat_kaggle:hard_hat_workers3127,1,0,0,56d47d242dc8851190b21cbe3b4f12fbf9c6206e
hardhat_kaggle_8a5ab9e5d8c1.png,hardhat_kaggle_8a5ab9e5d8c1,hardhat_kaggle,hardhat_kaggle:hard_hat_workers3128,4,0,0,8a5ab9e5d8c177af18f4b73bc0b1b6eb7ab81e3e
hardhat_kaggle_08172e355110.png,hardhat_kaggle_08172e355110,hardhat_kaggle,hardhat_kaggle:hard_hat_workers3129,1,0,0,08172e355110fa651b539a01fa33160c5d3a0768
hardhat_kaggle_5ddb654e3499.png,hardhat_kaggle_5ddb654e3499,hardhat_kaggle,hardhat_kaggle:hard_hat_workers313,1,0,0,5ddb654e3499dcc1d90439ee7641bd08aacfd9be
hardhat_kaggle_d8e59200ad1f.png,hardhat_kaggle_d8e59200ad1f,hardhat_kaggle,hardhat_kaggle:hard_hat_workers3130,2,0,0,d8e59200ad1f5984279664e2e4e21a81d23abca2
hardhat_kaggle_fe3d34b55ea0.png,hardhat_kaggle_fe3d34b55ea0,hardhat_kaggle,hardhat_kaggle:hard_hat_workers3131,1,0,0,fe3d34b55ea01d262dfdf76d2ad408d633761bc1
hardhat_kaggle_6b8bd33f2a59.png,hardhat_kaggle_6b8bd33f2a59,hardhat_kaggle,hardhat_kaggle:hard_hat_workers3132,4,0,0,6b8bd33f2a59744ba6583d1a7e6043d476298056
hardhat_kaggle_c6c0f2de9446.png,hardhat_kaggle_c6c0f2de9446,hardhat_kaggle,hardhat_kaggle:hard_hat_workers3134,1,0,0,c6c0f2de9446cf045495162ce44d53c5858edb29
hardhat_kaggle_db0a78541b3f.png,hardhat_kaggle_db0a78541b3f,hardhat_kaggle,hardhat_kaggle:hard_hat_workers3135,4,0,0,db0a78541b3fd75c1835847356105a880371ae3c
hardhat_kaggle_5b0d1f634176.png,hardhat_kaggle_5b0d1f634176,hardhat_kaggle,hardhat_kaggle:hard_hat_workers3136,2,0,0,5b0d1f634176e409ec6eed0e1354424d513be373
hardhat_kaggle_694eb901333b.png,hardhat_kaggle_694eb901333b,hardhat_kaggle,hardhat_kaggle:hard_hat_workers3137,1,0,0,694eb901333bb6c8f3ac6af0a9369839f5ebe704
hardhat_kaggle_b24a0ce1ae54.png,hardhat_kaggle_b24a0ce1ae54,hardhat_kaggle,hardhat_kaggle:hard_hat_workers3138,1,0,0,b24a0ce1ae5494a1df327838a3e1fda962c44f6b
hardhat_kaggle_8fa7c879fe28.png,hardhat_kaggle_8fa7c879fe28,hardhat_kaggle,hardhat_kaggle:hard_hat_workers3139,6,0,0,8fa7c879fe2893e53374f4662312c97520e1bb32
hardhat_kaggle_4d1018bf0d78.png,hardhat_kaggle_4d1018bf0d78,hardhat_kaggle,hardhat_kaggle:hard_hat_workers314,1,0,0,4d1018bf0d78cd5fc650b00d81f481193d0b46bf
hardhat_kaggle_af316820d0f9.png,hardhat_kaggle_af316820d0f9,hardhat_kaggle,hardhat_kaggle:hard_hat_workers3140,7,0,0,af316820d0f996b44c58a0e9aca6ab32a626024d
hardhat_kaggle_00d19bc2c8ec.png,hardhat_kaggle_00d19bc2c8ec,hardhat_kaggle,hardhat_kaggle:hard_hat_workers3142,2,0,0,00d19bc2c8ec60ff11a151910d2ac5e45fc38167
hardhat_kaggle_0d3e84f1950f.png,hardhat_kaggle_0d3e84f1950f,hardhat_kaggle,hardhat_kaggle:hard_hat_workers3143,4,0,0,0d3e84f1950f7aa964e9a2df33b57fd1d4281474
hardhat_kaggle_573666c0cfba.png,hardhat_kaggle_573666c0cfba,hardhat_kaggle,hardhat_kaggle:hard_hat_workers3144,6,0,0,573666c0cfbaa40de5ed9bfd92ac582d2fe0e005
hardhat_kaggle_46c097ad881c.png,hardhat_kaggle_46c097ad881c,hardhat_kaggle,hardhat_kaggle:hard_hat_workers3145,4,0,0,46c097ad881c958810be39cf96b37f8cb2ee03c7
hardhat_kaggle_3ddc9c1bdc3b.png,hardhat_kaggle_3ddc9c1bdc3b,hardhat_kaggle,hardhat_kaggle:hard_hat_workers3146,4,0,0,3ddc9c1bdc3b1a13495b9929b06f38caa7c92362
hardhat_kaggle_a97178799679.png,hardhat_kaggle_a97178799679,hardhat_kaggle,hardhat_kaggle:hard_hat_workers3147,1,0,0,a971787996799905991ef0ecf54201b5b5df507f
hardhat_kaggle_e35efbbe5b3a.png,hardhat_kaggle_e35efbbe5b3a,hardhat_kaggle,hardhat_kaggle:hard_hat_workers3148,1,0,0,e35efbbe5b3a348189a2551e984442c9f3e7a28b
hardhat_kaggle_b815551d7ec5.png,hardhat_kaggle_b815551d7ec5,hardhat_kaggle,hardhat_kaggle:hard_hat_workers3149,1,0,0,b815551d7ec545026c674865347ff76fb0134a7e
hardhat_kaggle_3972c148e418.png,hardhat_kaggle_3972c148e418,hardhat_kaggle,hardhat_kaggle:hard_hat_workers315,6,0,0,3972c148e41843d2b73d34f873410371645baadd
hardhat_kaggle_cc66c50a99d4.png,hardhat_kaggle_cc66c50a99d4,hardhat_kaggle,hardhat_kaggle:hard_hat_workers3150,3,0,0,cc66c50a99d41b3939b3ed4b03d60ccb8e10aa9a
hardhat_kaggle_bd10c524bba7.png,hardhat_kaggle_bd10c524bba7,hardhat_kaggle,hardhat_kaggle:hard_hat_workers3151,6,0,0,bd10c524bba7b0a5a3ae2f1fec7ba3fb03603af9
hardhat_kaggle_acd3610b69df.png,hardhat_kaggle_acd3610b69df,hardhat_kaggle,hardhat_kaggle:hard_hat_workers3152,1,0,0,acd3610b69df816b5fd5b710cead15d2af912b5e
hardhat_kaggle_c01041d87fa9.png,hardhat_kaggle_c01041d87fa9,hardhat_kaggle,hardhat_kaggle:hard_hat_workers3153,4,0,0,c01041d87fa9969a5abe76d8be75554a63dc36c4
hardhat_kaggle_9708b93eeef4.png,hardhat_kaggle_9708b93eeef4,hardhat_kaggle,hardhat_kaggle:hard_hat_workers3154,2,0,0,9708b93eeef43ab1f224757745540a45d86b03b2
hardhat_kaggle_ff77cdfb1f4c.png,hardhat_kaggle_ff77cdfb1f4c,hardhat_kaggle,hardhat_kaggle:hard_hat_workers3155,2,0,0,ff77cdfb1f4c7f240f1cad2d5c137e55d6160f17
hardhat_kaggle_a6ca999c3c2f.png,hardhat_kaggle_a6ca999c3c2f,hardhat_kaggle,hardhat_kaggle:hard_hat_workers3156,24,0,0,a6ca999c3c2f342bacd0f6427e36ff7867bdad12
hardhat_kaggle_2df5d1996d3a.png,hardhat_kaggle_2df5d1996d3a,hardhat_kaggle,hardhat_kaggle:hard_hat_workers3158,4,0,0,2df5d1996d3a0a231aa8b423d750eb03439d141c
hardhat_kaggle_4e89467a275b.png,hardhat_kaggle_4e89467a275b,hardhat_kaggle,hardhat_kaggle:hard_hat_workers3159,8,0,0,4e89467a275b8788398b9ecdc17cdbddb8324071
hardhat_kaggle_3efd5131b75d.png,hardhat_kaggle_3efd5131b75d,hardhat_kaggle,hardhat_kaggle:hard_hat_workers316,3,0,0,3efd5131b75dd258fabb4911d249e98a5cdd64d3
hardhat_kaggle_e73d7f7f359f.png,hardhat_kaggle_e73d7f7f359f,hardhat_kaggle,hardhat_kaggle:hard_hat_workers3160,1,0,0,e73d7f7f359f229d6ca11b2f6892218348a3650c
hardhat_kaggle_07ae89f7ca18.png,hardhat_kaggle_07ae89f7ca18,hardhat_kaggle,hardhat_kaggle:hard_hat_workers3161,2,0,0,07ae89f7ca186c672ea55bcfe6515bd6dce49bee
hardhat_kaggle_fea9cda19c69.png,hardhat_kaggle_fea9cda19c69,hardhat_kaggle,hardhat_kaggle:hard_hat_workers3163,2,0,0,fea9cda19c69d1fa59ea7f4544b8d2d34a455883
hardhat_kaggle_d572b8fc0439.png,hardhat_kaggle_d572b8fc0439,hardhat_kaggle,hardhat_kaggle:hard_hat_workers3164,2,0,0,d572b8fc0439ec5a739e91e705a3086e147f5308
hardhat_kaggle_1b5ff0c13537.png,hardhat_kaggle_1b5ff0c13537,hardhat_kaggle,hardhat_kaggle:hard_hat_workers3165,6,0,0,1b5ff0c135370167103deee2abdd3de365581d4c
hardhat_kaggle_f461723f9396.png,hardhat_kaggle_f461723f9396,hardhat_kaggle,hardhat_kaggle:hard_hat_workers3166,8,0,0,f461723f939635f4ebd1d3b512a0ff83ae0f7801
hardhat_kaggle_b25ff26945db.png,hardhat_kaggle_b25ff26945db,hardhat_kaggle,hardhat_kaggle:hard_hat_workers3167,2,0,0,b25ff26945db8aa61326caf0c0f9c2e195db20a8
hardhat_kaggle_2969cc56e3dd.png,hardhat_kaggle_2969cc56e3dd,hardhat_kaggle,hardhat_kaggle:hard_hat_workers3168,7,0,0,2969cc56e3dd93906d5322870a2dc93a89283fc0
hardhat_kaggle_9677f46c69a5.png,hardhat_kaggle_9677f46c69a5,hardhat_kaggle,hardhat_kaggle:hard_hat_workers3169,2,0,0,9677f46c69a5ad8c6b5d9c6f827c37c1da919bea
hardhat_kaggle_23625042d547.png,hardhat_kaggle_23625042d547,hardhat_kaggle,hardhat_kaggle:hard_hat_workers317,4,0,0,23625042d5470224183a296bf26bf0541198ca21
hardhat_kaggle_362acd4d490a.png,hardhat_kaggle_362acd4d490a,hardhat_kaggle,hardhat_kaggle:hard_hat_workers3170,4,0,0,362acd4d490ad8a1eb9300a411f3324329aa6c1e
hardhat_kaggle_3bf128e14fa0.png,hardhat_kaggle_3bf128e14fa0,hardhat_kaggle,hardhat_kaggle:hard_hat_workers3171,3,0,0,3bf128e14fa02de2fc4385b60cac623ae127fd2e
hardhat_kaggle_f2832d01c5e6.png,hardhat_kaggle_f2832d01c5e6,hardhat_kaggle,hardhat_kaggle:hard_hat_workers3172,14,0,0,f2832d01c5e6fdc6be074a4bbddccd1a09fb9455
hardhat_kaggle_01c38a0aea42.png,hardhat_kaggle_01c38a0aea42,hardhat_kaggle,hardhat_kaggle:hard_hat_workers3173,4,0,0,01c38a0aea4288ce9ce1e7a904c5ffa8c442b4b2
hardhat_kaggle_25f18e6a2892.png,hardhat_kaggle_25f18e6a2892,hardhat_kaggle,hardhat_kaggle:hard_hat_workers3174,2,0,0,25f18e6a289275f6912babaa220ab308d00438a5
hardhat_kaggle_37e950894a31.png,hardhat_kaggle_37e950894a31,hardhat_kaggle,hardhat_kaggle:hard_hat_workers3175,1,0,0,37e950894a31703c43fa128fe644582321d74ebc
hardhat_kaggle_1aff06a2acc8.png,hardhat_kaggle_1aff06a2acc8,hardhat_kaggle,hardhat_kaggle:hard_hat_workers3176,3,0,0,1aff06a2acc87529b00de08806919032f8aa5c1c
hardhat_kaggle_9167bcfb42eb.png,hardhat_kaggle_9167bcfb42eb,hardhat_kaggle,hardhat_kaggle:hard_hat_workers3177,5,0,0,9167bcfb42eb6ffe4250f9c4d671d561d04e9555
hardhat_kaggle_777f87ed0ab6.png,hardhat_kaggle_777f87ed0ab6,hardhat_kaggle,hardhat_kaggle:hard_hat_workers3178,4,0,0,777f87ed0ab6c26633ad3f88bc26db87242a9a80
hardhat_kaggle_ea2d8d0d1c3f.png,hardhat_kaggle_ea2d8d0d1c3f,hardhat_kaggle,hardhat_kaggle:hard_hat_workers3179,2,0,0,ea2d8d0d1c3f22277540ab4c37073e96683ad066
hardhat_kaggle_3299b15ceb8f.png,hardhat_kaggle_3299b15ceb8f,hardhat_kaggle,hardhat_kaggle:hard_hat_workers318,4,0,0,3299b15ceb8f785f53c3fdc2ac3348e45ef9ed41
hardhat_kaggle_de80732ab0ba.png,hardhat_kaggle_de80732ab0ba,hardhat_kaggle,hardhat_kaggle:hard_hat_workers3180,5,0,0,de80732ab0ba8e6c56d6100277f105385aaca2cf
hardhat_kaggle_244a9fbce785.png,hardhat_kaggle_244a9fbce785,hardhat_kaggle,hardhat_kaggle:hard_hat_workers3181,5,0,0,244a9fbce78523c6298334cc360055dbea5ef724
hardhat_kaggle_8842588d5564.png,hardhat_kaggle_8842588d5564,hardhat_kaggle,hardhat_kaggle:hard_hat_workers3182,2,0,0,8842588d5564aafb80931dc05a9cd9772f7a5df0
hardhat_kaggle_30f8e55310cf.png,hardhat_kaggle_30f8e55310cf,hardhat_kaggle,hardhat_kaggle:hard_hat_workers3183,4,0,0,30f8e55310cf12fc2c1c722a10741147dde87d93
hardhat_kaggle_161816bf0d7f.png,hardhat_kaggle_161816bf0d7f,hardhat_kaggle,hardhat_kaggle:hard_hat_workers3184,4,0,0,161816bf0d7f04505ad227ec3a61672aff040bb9
hardhat_kaggle_5a33d8962977.png,hardhat_kaggle_5a33d8962977,hardhat_kaggle,hardhat_kaggle:hard_hat_workers3185,4,0,0,5a33d8962977ee42edc7be09a69dc1693acc86bb
hardhat_kaggle_e0a063e526bc.png,hardhat_kaggle_e0a063e526bc,hardhat_kaggle,hardhat_kaggle:hard_hat_workers3186,1,0,0,e0a063e526bc809916e6d331adde212303c4c01f
hardhat_kaggle_0965eca7e521.png,hardhat_kaggle_0965eca7e521,hardhat_kaggle,hardhat_kaggle:hard_hat_workers3187,2,0,0,0965eca7e5212e917e7d3044d3deadb645d7fb28
hardhat_kaggle_c56c14e2b797.png,hardhat_kaggle_c56c14e2b797,hardhat_kaggle,hardhat_kaggle:hard_hat_workers3188,1,0,0,c56c14e2b797f69b0b3f4a7ecdcdb9b86558166f
hardhat_kaggle_a37b748ed45c.png,hardhat_kaggle_a37b748ed45c,hardhat_kaggle,hardhat_kaggle:hard_hat_workers3189,4,0,0,a37b748ed45ce2452f6baaad711fceac2c217a61
hardhat_kaggle_05e1890d09db.png,hardhat_kaggle_05e1890d09db,hardhat_kaggle,hardhat_kaggle:hard_hat_workers319,2,0,0,05e1890d09dbb9239734dbd10e4b2b41b984e478
hardhat_kaggle_05b9a388c23f.png,hardhat_kaggle_05b9a388c23f,hardhat_kaggle,hardhat_kaggle:hard_hat_workers3190,5,0,0,05b9a388c23fbb43142d093a03955c48a0a11e7e
hardhat_kaggle_de7c821e53d9.png,hardhat_kaggle_de7c821e53d9,hardhat_kaggle,hardhat_kaggle:hard_hat_workers3191,6,0,0,de7c821e53d9534dd2aef8983b094d4d4bbc5441
hardhat_kaggle_0c4e1c326211.png,hardhat_kaggle_0c4e1c326211,hardhat_kaggle,hardhat_kaggle:hard_hat_workers3192,4,0,0,0c4e1c3262111582c0315c4013f0f37ddb56833c
hardhat_kaggle_918b94be2eee.png,hardhat_kaggle_918b94be2eee,hardhat_kaggle,hardhat_kaggle:hard_hat_workers3193,1,0,0,918b94be2eee84e58dde0ecb5e1ad4c66ba6fa54
hardhat_kaggle_882734cdb377.png,hardhat_kaggle_882734cdb377,hardhat_kaggle,hardhat_kaggle:hard_hat_workers3194,4,0,0,882734cdb377c1e5593320c00dbc84cdd818b37c
hardhat_kaggle_aca4ec9197d1.png,hardhat_kaggle_aca4ec9197d1,hardhat_kaggle,hardhat_kaggle:hard_hat_workers3195,3,0,0,aca4ec9197d16c1142a07e2c09a1ec4af077adb9
hardhat_kaggle_3ee2cbcdcd7e.png,hardhat_kaggle_3ee2cbcdcd7e,hardhat_kaggle,hardhat_kaggle:hard_hat_workers3196,1,0,0,3ee2cbcdcd7ea52535b416e8f2a6d4b1087dd795
hardhat_kaggle_5ac7f17c709a.png,hardhat_kaggle_5ac7f17c709a,hardhat_kaggle,hardhat_kaggle:hard_hat_workers3197,1,0,0,5ac7f17c709a4c66e917e1b6a0a8576d7c1886f3
hardhat_kaggle_9e2f5a9a45fe.png,hardhat_kaggle_9e2f5a9a45fe,hardhat_kaggle,hardhat_kaggle:hard_hat_workers3199,2,0,0,9e2f5a9a45fe51d19347dd960d7e8ef309b26d81
hardhat_kaggle_5d60033e2d46.png,hardhat_kaggle_5d60033e2d46,hardhat_kaggle,hardhat_kaggle:hard_hat_workers320,2,0,0,5d60033e2d46946a19bd69bb9f9b2b106bfe673e
hardhat_kaggle_cfb34c990da3.png,hardhat_kaggle_cfb34c990da3,hardhat_kaggle,hardhat_kaggle:hard_hat_workers3200,2,0,0,cfb34c990da353b7f16eeb4312465671a2572347
hardhat_kaggle_39d7ea85aa99.png,hardhat_kaggle_39d7ea85aa99,hardhat_kaggle,hardhat_kaggle:hard_hat_workers3201,4,0,0,39d7ea85aa99b779d003375c8821474c38e1ad48
hardhat_kaggle_3129db7f411b.png,hardhat_kaggle_3129db7f411b,hardhat_kaggle,hardhat_kaggle:hard_hat_workers3203,4,0,0,3129db7f411bdf84bf150397099a4d9996604f4f
hardhat_kaggle_dea8b4a14952.png,hardhat_kaggle_dea8b4a14952,hardhat_kaggle,hardhat_kaggle:hard_hat_workers3204,2,0,0,dea8b4a14952043127d576d971f569c87f30fbf9
hardhat_kaggle_cadd59414809.png,hardhat_kaggle_cadd59414809,hardhat_kaggle,hardhat_kaggle:hard_hat_workers3205,7,0,0,cadd59414809b20600a6623371213727f827a35b
hardhat_kaggle_69be612a8a78.png,hardhat_kaggle_69be612a8a78,hardhat_kaggle,hardhat_kaggle:hard_hat_workers3206,1,0,0,69be612a8a78ccc53667501a7bdc34e712ac65fa
hardhat_kaggle_cf9216c8ca86.png,hardhat_kaggle_cf9216c8ca86,hardhat_kaggle,hardhat_kaggle:hard_hat_workers3208,2,0,0,cf9216c8ca865201fd3df784772bbde6dd030189
hardhat_kaggle_23c90a4384f0.png,hardhat_kaggle_23c90a4384f0,hardhat_kaggle,hardhat_kaggle:hard_hat_workers3209,2,0,0,23c90a4384f0f16ad758e6653d013e9a1bb670d5
hardhat_kaggle_acb28034d08b.png,hardhat_kaggle_acb28034d08b,hardhat_kaggle,hardhat_kaggle:hard_hat_workers3210,3,0,0,acb28034d08b2804a098dd107d9b96388ac808e1
hardhat_kaggle_bbc588cff2ea.png,hardhat_kaggle_bbc588cff2ea,hardhat_kaggle,hardhat_kaggle:hard_hat_workers3211,7,0,0,bbc588cff2ea5950617a99e3d7a14c9d0a540d83
hardhat_kaggle_74d1113bd6f9.png,hardhat_kaggle_74d1113bd6f9,hardhat_kaggle,hardhat_kaggle:hard_hat_workers3212,1,0,0,74d1113bd6f9080743da50755795a03c4f5f5c47
hardhat_kaggle_c4ba636b6092.png,hardhat_kaggle_c4ba636b6092,hardhat_kaggle,hardhat_kaggle:hard_hat_workers3213,5,0,0,c4ba636b6092682a3dbaade8b4d325ca53f2bef7
hardhat_kaggle_832e066735b6.png,hardhat_kaggle_832e066735b6,hardhat_kaggle,hardhat_kaggle:hard_hat_workers3214,3,0,0,832e066735b6f11ea8411aa47e3a47e431e117df
hardhat_kaggle_b3011d8be4f4.png,hardhat_kaggle_b3011d8be4f4,hardhat_kaggle,hardhat_kaggle:hard_hat_workers3215,5,0,0,b3011d8be4f4525453cd8ab96198df18da1f19ba
hardhat_kaggle_3e15dba88d16.png,hardhat_kaggle_3e15dba88d16,hardhat_kaggle,hardhat_kaggle:hard_hat_workers3216,3,0,0,3e15dba88d166872cfcc6aa6cb7dd5ac48310bb1
hardhat_kaggle_612979d26fd5.png,hardhat_kaggle_612979d26fd5,hardhat_kaggle,hardhat_kaggle:hard_hat_workers3217,1,0,0,612979d26fd570605fa8d07a1091515bd1920dd4
hardhat_kaggle_48982b362468.png,hardhat_kaggle_48982b362468,hardhat_kaggle,hardhat_kaggle:hard_hat_workers3219,2,0,0,48982b3624681c8ededaf576393776173bdd7aa1
hardhat_kaggle_f606395f4f3e.png,hardhat_kaggle_f606395f4f3e,hardhat_kaggle,hardhat_kaggle:hard_hat_workers322,1,0,0,f606395f4f3e86fd18d3c012f31b42c5ba1acf03
hardhat_kaggle_200ce0bb77ed.png,hardhat_kaggle_200ce0bb77ed,hardhat_kaggle,hardhat_kaggle:hard_hat_workers3220,22,0,0,200ce0bb77ed6bd52df1eaeb616de1d34b365052
hardhat_kaggle_fe50b45df32e.png,hardhat_kaggle_fe50b45df32e,hardhat_kaggle,hardhat_kaggle:hard_hat_workers3221,4,0,0,fe50b45df32ec201a50110d854a214701b7a21cd
hardhat_kaggle_6b45085cb7f2.png,hardhat_kaggle_6b45085cb7f2,hardhat_kaggle,hardhat_kaggle:hard_hat_workers3222,3,0,0,6b45085cb7f28cf1217c24c936441b6ba92f3d90
hardhat_kaggle_9de0fd528d0a.png,hardhat_kaggle_9de0fd528d0a,hardhat_kaggle,hardhat_kaggle:hard_hat_workers3223,3,0,0,9de0fd528d0a1c9fa9c707158ce397a0f37947ba
hardhat_kaggle_d4acfee93d5d.png,hardhat_kaggle_d4acfee93d5d,hardhat_kaggle,hardhat_kaggle:hard_hat_workers3224,7,0,0,d4acfee93d5dabcc73a81f8fd8bb50d10bb9fc55
hardhat_kaggle_d3c9f6c62504.png,hardhat_kaggle_d3c9f6c62504,hardhat_kaggle,hardhat_kaggle:hard_hat_workers3225,2,0,0,d3c9f6c62504472816c12199cc3bd21002980016
hardhat_kaggle_dffed9cb8957.png,hardhat_kaggle_dffed9cb8957,hardhat_kaggle,hardhat_kaggle:hard_hat_workers3227,2,0,0,dffed9cb8957363881f586c8b8af042623181083
hardhat_kaggle_1c1c96817274.png,hardhat_kaggle_1c1c96817274,hardhat_kaggle,hardhat_kaggle:hard_hat_workers3228,11,0,0,1c1c96817274cff9463d987c69d675da834d5928
hardhat_kaggle_76903d05f186.png,hardhat_kaggle_76903d05f186,hardhat_kaggle,hardhat_kaggle:hard_hat_workers3229,11,0,0,76903d05f18629520b50cf5655edb850feeb6f56
hardhat_kaggle_23dc1a13a989.png,hardhat_kaggle_23dc1a13a989,hardhat_kaggle,hardhat_kaggle:hard_hat_workers323,1,0,0,23dc1a13a989447c61ef7623edef9433bd7ebbfc
hardhat_kaggle_23366f27ad69.png,hardhat_kaggle_23366f27ad69,hardhat_kaggle,hardhat_kaggle:hard_hat_workers3230,5,0,0,23366f27ad69fe12432a598960f148dc11742814
hardhat_kaggle_735376efa324.png,hardhat_kaggle_735376efa324,hardhat_kaggle,hardhat_kaggle:hard_hat_workers3231,2,0,0,735376efa32464bd3062ff308a7baac0c20920bc
hardhat_kaggle_3572db26307a.png,hardhat_kaggle_3572db26307a,hardhat_kaggle,hardhat_kaggle:hard_hat_workers3232,2,0,0,3572db26307a10e0096d8e4be4c9d9fd5ae31181
hardhat_kaggle_9e147fff777b.png,hardhat_kaggle_9e147fff777b,hardhat_kaggle,hardhat_kaggle:hard_hat_workers3233,3,0,0,9e147fff777b416c8a7c79b6f8d7245597946296
hardhat_kaggle_dc891f32fc0f.png,hardhat_kaggle_dc891f32fc0f,hardhat_kaggle,hardhat_kaggle:hard_hat_workers3234,1,0,0,dc891f32fc0fb6214e8567ca5fe446e5290ee80f
hardhat_kaggle_1e90a8e57b2d.png,hardhat_kaggle_1e90a8e57b2d,hardhat_kaggle,hardhat_kaggle:hard_hat_workers3235,6,0,0,1e90a8e57b2d7aeadf66cb740da241364dfa9368
hardhat_kaggle_81f68933b956.png,hardhat_kaggle_81f68933b956,hardhat_kaggle,hardhat_kaggle:hard_hat_workers3236,6,0,0,81f68933b956233150efa51a97f0e6a299f3988e
hardhat_kaggle_a67dd2b54b0f.png,hardhat_kaggle_a67dd2b54b0f,hardhat_kaggle,hardhat_kaggle:hard_hat_workers3237,4,0,0,a67dd2b54b0fe13d57585a726e8bc86cc4f27dc9
hardhat_kaggle_5de8e0bf38d5.png,hardhat_kaggle_5de8e0bf38d5,hardhat_kaggle,hardhat_kaggle:hard_hat_workers3238,2,0,0,5de8e0bf38d5e5460bca7730a0b4462563d16eac
hardhat_kaggle_da2a972f13a6.png,hardhat_kaggle_da2a972f13a6,hardhat_kaggle,hardhat_kaggle:hard_hat_workers3239,1,0,0,da2a972f13a6c2684740a918351e5dfa6104e047
hardhat_kaggle_9af91a3911cb.png,hardhat_kaggle_9af91a3911cb,hardhat_kaggle,hardhat_kaggle:hard_hat_workers324,2,0,0,9af91a3911cbf4e0fad9b6f941b618b51ed24935
hardhat_kaggle_c069fade644a.png,hardhat_kaggle_c069fade644a,hardhat_kaggle,hardhat_kaggle:hard_hat_workers3240,1,0,0,c069fade644abe6e470afbe5d3f1bf784f5c1c81
hardhat_kaggle_9a7ace0d8c2d.png,hardhat_kaggle_9a7ace0d8c2d,hardhat_kaggle,hardhat_kaggle:hard_hat_workers3241,2,0,0,9a7ace0d8c2dbda4384d043f2f9feb3a7bbb29d2
hardhat_kaggle_47f741601717.png,hardhat_kaggle_47f741601717,hardhat_kaggle,hardhat_kaggle:hard_hat_workers3242,4,0,0,47f74160171710ec5aecb471765d7438aad55a0e
hardhat_kaggle_c53f08f040c0.png,hardhat_kaggle_c53f08f040c0,hardhat_kaggle,hardhat_kaggle:hard_hat_workers3243,4,0,0,c53f08f040c03c46e54bf81c24436a578acc9764
hardhat_kaggle_7d0c0c4202da.png,hardhat_kaggle_7d0c0c4202da,hardhat_kaggle,hardhat_kaggle:hard_hat_workers3244,7,0,0,7d0c0c4202da1453b19031861a1905aafbd15ca1
hardhat_kaggle_4ba2e0e6d6fe.png,hardhat_kaggle_4ba2e0e6d6fe,hardhat_kaggle,hardhat_kaggle:hard_hat_workers3245,1,0,0,4ba2e0e6d6fedbb77611ffc8c7cc8df1a6bebb90
hardhat_kaggle_762c272329d6.png,hardhat_kaggle_762c272329d6,hardhat_kaggle,hardhat_kaggle:hard_hat_workers3246,5,0,0,762c272329d6f118c95399c8f9b7e547d722e633
hardhat_kaggle_d9f70d96d383.png,hardhat_kaggle_d9f70d96d383,hardhat_kaggle,hardhat_kaggle:hard_hat_workers3247,1,0,0,d9f70d96d3835a3019c98772e05dab0506bb4a0a
hardhat_kaggle_7096db627ab9.png,hardhat_kaggle_7096db627ab9,hardhat_kaggle,hardhat_kaggle:hard_hat_workers3248,4,0,0,7096db627ab95ea6b5e16dbf3e1fc90696888406
hardhat_kaggle_4e65d35fc006.png,hardhat_kaggle_4e65d35fc006,hardhat_kaggle,hardhat_kaggle:hard_hat_workers3249,2,0,0,4e65d35fc00636441867e1d87ed2e5ef8c46d56f
hardhat_kaggle_dc910c22a2e8.png,hardhat_kaggle_dc910c22a2e8,hardhat_kaggle,hardhat_kaggle:hard_hat_workers325,1,0,0,dc910c22a2e87b2090a500fb332cc43a1b78fc57
hardhat_kaggle_76321a34dba9.png,hardhat_kaggle_76321a34dba9,hardhat_kaggle,hardhat_kaggle:hard_hat_workers3250,4,0,0,76321a34dba94c519b2a7a0e5c01a903ff2991ad
hardhat_kaggle_60a0c4bf2c5d.png,hardhat_kaggle_60a0c4bf2c5d,hardhat_kaggle,hardhat_kaggle:hard_hat_workers3252,2,0,0,60a0c4bf2c5de26c8849dc7adebe7abfc9815dc3
hardhat_kaggle_4247b8384597.png,hardhat_kaggle_4247b8384597,hardhat_kaggle,hardhat_kaggle:hard_hat_workers3253,4,0,0,4247b83845973a762543b69317efb1bbb9077689
hardhat_kaggle_d0d737117972.png,hardhat_kaggle_d0d737117972,hardhat_kaggle,hardhat_kaggle:hard_hat_workers3254,3,0,0,d0d737117972aaf8e47204337ac82f1806483620
hardhat_kaggle_d388598d2965.png,hardhat_kaggle_d388598d2965,hardhat_kaggle,hardhat_kaggle:hard_hat_workers3255,6,0,0,d388598d2965b5ba781bcdc0bd048cbe78446f5c
hardhat_kaggle_7f6466c5855c.png,hardhat_kaggle_7f6466c5855c,hardhat_kaggle,hardhat_kaggle:hard_hat_workers3256,11,0,0,7f6466c5855c4ed7f90bf2989e4e2a3167d51248
hardhat_kaggle_376a5366d728.png,hardhat_kaggle_376a5366d728,hardhat_kaggle,hardhat_kaggle:hard_hat_workers3257,1,0,0,376a5366d7285011e247b2fde2338bac1569ccdd
hardhat_kaggle_43828720f339.png,hardhat_kaggle_43828720f339,hardhat_kaggle,hardhat_kaggle:hard_hat_workers3258,4,0,0,43828720f33980d84f5cb9fa1809a7fef1926ffb
hardhat_kaggle_eeec1a39c8f7.png,hardhat_kaggle_eeec1a39c8f7,hardhat_kaggle,hardhat_kaggle:hard_hat_workers3259,2,0,0,eeec1a39c8f7bd3dbbeb5e1c5dc12823346c4269
hardhat_kaggle_d4b66731264d.png,hardhat_kaggle_d4b66731264d,hardhat_kaggle,hardhat_kaggle:hard_hat_workers326,2,0,0,d4b66731264df82382ca6e64c40d1d310a2b1499
hardhat_kaggle_599be80fa8b4.png,hardhat_kaggle_599be80fa8b4,hardhat_kaggle,hardhat_kaggle:hard_hat_workers3260,9,0,0,599be80fa8b41f7c3b770f95b4abcd5a3a79d73a
hardhat_kaggle_afa097edc20a.png,hardhat_kaggle_afa097edc20a,hardhat_kaggle,hardhat_kaggle:hard_hat_workers3261,1,0,0,afa097edc20a34fe1c44aeff19654a204afbffbb
hardhat_kaggle_af92e70c984f.png,hardhat_kaggle_af92e70c984f,hardhat_kaggle,hardhat_kaggle:hard_hat_workers3262,6,0,0,af92e70c984f855e1a6416731d878991c3ee73fc
hardhat_kaggle_a89fc7cb7bd9.png,hardhat_kaggle_a89fc7cb7bd9,hardhat_kaggle,hardhat_kaggle:hard_hat_workers3263,1,0,0,a89fc7cb7bd921566f7a43c635b813748bcc383b
hardhat_kaggle_7bf2136897ad.png,hardhat_kaggle_7bf2136897ad,hardhat_kaggle,hardhat_kaggle:hard_hat_workers3264,2,0,0,7bf2136897ad65a9c14671018b1c34b929115e18
hardhat_kaggle_eeae3be76aca.png,hardhat_kaggle_eeae3be76aca,hardhat_kaggle,hardhat_kaggle:hard_hat_workers3266,3,0,0,eeae3be76aca73c81fd8a80690ee62190b6cf44f
hardhat_kaggle_8af3bf6e1a9a.png,hardhat_kaggle_8af3bf6e1a9a,hardhat_kaggle,hardhat_kaggle:hard_hat_workers3267,2,0,0,8af3bf6e1a9aa2cd04afde95e2400845f9998d85
hardhat_kaggle_ed37ec861ee0.png,hardhat_kaggle_ed37ec861ee0,hardhat_kaggle,hardhat_kaggle:hard_hat_workers3269,2,0,0,ed37ec861ee084752d8b0b642b9859c7cffaffee
hardhat_kaggle_72e5db146185.png,hardhat_kaggle_72e5db146185,hardhat_kaggle,hardhat_kaggle:hard_hat_workers327,2,0,0,72e5db14618521e31273dd75698c3dcb3c46412c
hardhat_kaggle_4ec5b83bfd0f.png,hardhat_kaggle_4ec5b83bfd0f,hardhat_kaggle,hardhat_kaggle:hard_hat_workers3270,3,0,0,4ec5b83bfd0f23ed294ae01f7acb1032a0b2d74d
hardhat_kaggle_ccc36be54432.png,hardhat_kaggle_ccc36be54432,hardhat_kaggle,hardhat_kaggle:hard_hat_workers3271,5,0,0,ccc36be544320d308acba18fbae5a7df111213a9
hardhat_kaggle_4d0c4d8b4b70.png,hardhat_kaggle_4d0c4d8b4b70,hardhat_kaggle,hardhat_kaggle:hard_hat_workers3272,4,0,0,4d0c4d8b4b702068c34f00f17d96e23a1fea6558
hardhat_kaggle_e9ff8d110855.png,hardhat_kaggle_e9ff8d110855,hardhat_kaggle,hardhat_kaggle:hard_hat_workers3273,3,0,0,e9ff8d1108558e27104bef97eeb3fb0d41be3b97
hardhat_kaggle_cc2b740cbf8f.png,hardhat_kaggle_cc2b740cbf8f,hardhat_kaggle,hardhat_kaggle:hard_hat_workers3274,6,0,0,cc2b740cbf8fbe7dc04366a2edcb105051ac740f
hardhat_kaggle_c990c0e692bc.png,hardhat_kaggle_c990c0e692bc,hardhat_kaggle,hardhat_kaggle:hard_hat_workers3275,3,0,0,c990c0e692bcd04c748b4751ad7ef47a7013e85a
hardhat_kaggle_4d5aac6fa674.png,hardhat_kaggle_4d5aac6fa674,hardhat_kaggle,hardhat_kaggle:hard_hat_workers3276,2,0,0,4d5aac6fa674c291497b788742bcdbdb4fd3812f
hardhat_kaggle_412d8fe866da.png,hardhat_kaggle_412d8fe866da,hardhat_kaggle,hardhat_kaggle:hard_hat_workers3277,3,0,0,412d8fe866da4ffb33b235e5a37c55fe37cc8906
hardhat_kaggle_cc6107bb1a0c.png,hardhat_kaggle_cc6107bb1a0c,hardhat_kaggle,hardhat_kaggle:hard_hat_workers3278,4,0,0,cc6107bb1a0ce091bddb24bb7f0a74826a8f4eb8
hardhat_kaggle_cc47fd48f090.png,hardhat_kaggle_cc47fd48f090,hardhat_kaggle,hardhat_kaggle:hard_hat_workers3279,1,0,0,cc47fd48f090400c0bf4d8ed72281f0ea6892cf5
hardhat_kaggle_dff1930e8b46.png,hardhat_kaggle_dff1930e8b46,hardhat_kaggle,hardhat_kaggle:hard_hat_workers328,6,0,0,dff1930e8b463a4e4382763ab32ed508d652eafb
hardhat_kaggle_9f119fa27558.png,hardhat_kaggle_9f119fa27558,hardhat_kaggle,hardhat_kaggle:hard_hat_workers3280,5,0,0,9f119fa2755813903d6338b0618a74cc975bcd41
hardhat_kaggle_0f68e4e6a6d5.png,hardhat_kaggle_0f68e4e6a6d5,hardhat_kaggle,hardhat_kaggle:hard_hat_workers3281,6,0,0,0f68e4e6a6d53a4a6954b5e29e3c9d07c2794b7d
hardhat_kaggle_ea868d3d9100.png,hardhat_kaggle_ea868d3d9100,hardhat_kaggle,hardhat_kaggle:hard_hat_workers3283,17,0,0,ea868d3d9100b18ac5b1648ace044abf3a862d30
hardhat_kaggle_87c95d1a3656.png,hardhat_kaggle_87c95d1a3656,hardhat_kaggle,hardhat_kaggle:hard_hat_workers3285,5,0,0,87c95d1a365621187746a973a7b028a49204cdb2
hardhat_kaggle_ff4578662cc2.png,hardhat_kaggle_ff4578662cc2,hardhat_kaggle,hardhat_kaggle:hard_hat_workers3286,2,0,0,ff4578662cc2615919cdf07e91a87f4049a0e55b
hardhat_kaggle_7eefb01888fa.png,hardhat_kaggle_7eefb01888fa,hardhat_kaggle,hardhat_kaggle:hard_hat_workers3287,2,0,0,7eefb01888fa5d9d1aa2679bb3f69a82d4b67f19
hardhat_kaggle_7e8dc6f916e8.png,hardhat_kaggle_7e8dc6f916e8,hardhat_kaggle,hardhat_kaggle:hard_hat_workers3288,2,0,0,7e8dc6f916e85735407128738655a438575c47a4
hardhat_kaggle_60fb40d0f23c.png,hardhat_kaggle_60fb40d0f23c,hardhat_kaggle,hardhat_kaggle:hard_hat_workers3289,2,0,0,60fb40d0f23c55ff0dea0f8b0b46e00a4f7c9cb2
hardhat_kaggle_6346216f9117.png,hardhat_kaggle_6346216f9117,hardhat_kaggle,hardhat_kaggle:hard_hat_workers329,10,0,0,6346216f9117c27f4757dd8bd7810cc12ba40bee
hardhat_kaggle_89bdf0025746.png,hardhat_kaggle_89bdf0025746,hardhat_kaggle,hardhat_kaggle:hard_hat_workers3290,2,0,0,89bdf0025746f8756a25da0b4c17e132e8cf2d1e
hardhat_kaggle_a8e4bedc7766.png,hardhat_kaggle_a8e4bedc7766,hardhat_kaggle,hardhat_kaggle:hard_hat_workers3291,1,0,0,a8e4bedc7766dfc3d99995be4ecd64ed5752f6d8
hardhat_kaggle_b8c18d447ff2.png,hardhat_kaggle_b8c18d447ff2,hardhat_kaggle,hardhat_kaggle:hard_hat_workers3292,3,0,0,b8c18d447ff286f62d287ebe9566aa11789885f1
hardhat_kaggle_b1f7d6f1b37f.png,hardhat_kaggle_b1f7d6f1b37f,hardhat_kaggle,hardhat_kaggle:hard_hat_workers3293,2,0,0,b1f7d6f1b37fa5b50c8fadece053b1b334ae7cc6
hardhat_kaggle_89705d5a1dd4.png,hardhat_kaggle_89705d5a1dd4,hardhat_kaggle,hardhat_kaggle:hard_hat_workers3294,4,0,0,89705d5a1dd407c62e2369a77d82bb76ef0ed439
hardhat_kaggle_288de6025388.png,hardhat_kaggle_288de6025388,hardhat_kaggle,hardhat_kaggle:hard_hat_workers3295,4,0,0,288de6025388c1f08a7b2d91a84424a0528166e5
hardhat_kaggle_c1d578092278.png,hardhat_kaggle_c1d578092278,hardhat_kaggle,hardhat_kaggle:hard_hat_workers3296,6,0,0,c1d578092278eeb7aeab02f1812531d000f478d1
hardhat_kaggle_4162807da74e.png,hardhat_kaggle_4162807da74e,hardhat_kaggle,hardhat_kaggle:hard_hat_workers3297,3,0,0,4162807da74eaeef6f35586bfc0836486ef37d9b
hardhat_kaggle_2617f5ca1c84.png,hardhat_kaggle_2617f5ca1c84,hardhat_kaggle,hardhat_kaggle:hard_hat_workers3298,9,0,0,2617f5ca1c843f3e399598f6426bbeba3d641c72
hardhat_kaggle_1da840ab1ac6.png,hardhat_kaggle_1da840ab1ac6,hardhat_kaggle,hardhat_kaggle:hard_hat_workers3299,3,0,0,1da840ab1ac62fd0be63833ce1958e84efd84879
hardhat_kaggle_203a964d79ca.png,hardhat_kaggle_203a964d79ca,hardhat_kaggle,hardhat_kaggle:hard_hat_workers33,4,0,0,203a964d79ca9decbec25f763fb3b69e8b5da6cd
hardhat_kaggle_310d44d8d7fd.png,hardhat_kaggle_310d44d8d7fd,hardhat_kaggle,hardhat_kaggle:hard_hat_workers330,2,0,0,310d44d8d7fdb5922d8acc4cb0604baa99f921f2
hardhat_kaggle_d89e9ff108c0.png,hardhat_kaggle_d89e9ff108c0,hardhat_kaggle,hardhat_kaggle:hard_hat_workers3300,10,0,0,d89e9ff108c07c114b4dd26126cc46926ff1525b
hardhat_kaggle_0955f40ab297.png,hardhat_kaggle_0955f40ab297,hardhat_kaggle,hardhat_kaggle:hard_hat_workers3301,2,0,0,0955f40ab297e4afbfaeac5e2c38ab9ac6f7daf3
hardhat_kaggle_6d329411cd27.png,hardhat_kaggle_6d329411cd27,hardhat_kaggle,hardhat_kaggle:hard_hat_workers3302,4,0,0,6d329411cd27bd5b6459947076ced9c9ceff16ee
hardhat_kaggle_e5a31ecfab9d.png,hardhat_kaggle_e5a31ecfab9d,hardhat_kaggle,hardhat_kaggle:hard_hat_workers3303,3,0,0,e5a31ecfab9d6250fc3550f8fd4388e7b5b98549
hardhat_kaggle_ae09a2b2d734.png,hardhat_kaggle_ae09a2b2d734,hardhat_kaggle,hardhat_kaggle:hard_hat_workers3304,1,0,0,ae09a2b2d7345993344f255c225c1baba0f38dca
hardhat_kaggle_db188e70f814.png,hardhat_kaggle_db188e70f814,hardhat_kaggle,hardhat_kaggle:hard_hat_workers3305,1,0,0,db188e70f8148f4bd1a4704ce8aea84771dc68ae
hardhat_kaggle_33082c12d648.png,hardhat_kaggle_33082c12d648,hardhat_kaggle,hardhat_kaggle:hard_hat_workers3306,7,0,0,33082c12d648504417cb7cdfd6d168dff9faafe6
hardhat_kaggle_b5e95993831e.png,hardhat_kaggle_b5e95993831e,hardhat_kaggle,hardhat_kaggle:hard_hat_workers3307,2,0,0,b5e95993831e70a400a4317c34c22a7a99e635a0
hardhat_kaggle_db4e916a42e3.png,hardhat_kaggle_db4e916a42e3,hardhat_kaggle,hardhat_kaggle:hard_hat_workers3308,1,0,0,db4e916a42e3d96f8c1681762fef66d48db99b0c
hardhat_kaggle_271e3ccd9553.png,hardhat_kaggle_271e3ccd9553,hardhat_kaggle,hardhat_kaggle:hard_hat_workers3309,12,0,0,271e3ccd9553e51f955f83ee4727e2dbc1aef94b
hardhat_kaggle_c5772894f0e8.png,hardhat_kaggle_c5772894f0e8,hardhat_kaggle,hardhat_kaggle:hard_hat_workers331,2,0,0,c5772894f0e86050360af5ed281d41358acab6fe
hardhat_kaggle_08095410b980.png,hardhat_kaggle_08095410b980,hardhat_kaggle,hardhat_kaggle:hard_hat_workers3310,5,0,0,08095410b980c3e0c0b9c01c0dfac663e49e4b9b
hardhat_kaggle_8726c72eceff.png,hardhat_kaggle_8726c72eceff,hardhat_kaggle,hardhat_kaggle:hard_hat_workers3311,2,0,0,8726c72eceff41591d4110d89bb4b4532b9833a6
hardhat_kaggle_13cc26882b20.png,hardhat_kaggle_13cc26882b20,hardhat_kaggle,hardhat_kaggle:hard_hat_workers3312,4,0,0,13cc26882b209d10569917ac4b56d03e97c8d87b
hardhat_kaggle_a36d945507e4.png,hardhat_kaggle_a36d945507e4,hardhat_kaggle,hardhat_kaggle:hard_hat_workers3313,6,0,0,a36d945507e45b5943adea6e698c718929443a24
hardhat_kaggle_4aa62cafdf4f.png,hardhat_kaggle_4aa62cafdf4f,hardhat_kaggle,hardhat_kaggle:hard_hat_workers3315,1,0,0,4aa62cafdf4f8b8a61fa09f90201eeaec6f0d95a
hardhat_kaggle_7496dfedf0f5.png,hardhat_kaggle_7496dfedf0f5,hardhat_kaggle,hardhat_kaggle:hard_hat_workers3316,4,0,0,7496dfedf0f5467bf8bded85ae2faf8a4846daf4
hardhat_kaggle_44de6cc5dd1f.png,hardhat_kaggle_44de6cc5dd1f,hardhat_kaggle,hardhat_kaggle:hard_hat_workers3317,2,0,0,44de6cc5dd1f6aabd8865a5818a20b67b16e0ec4
hardhat_kaggle_d69d702d239b.png,hardhat_kaggle_d69d702d239b,hardhat_kaggle,hardhat_kaggle:hard_hat_workers3318,6,0,0,d69d702d239b2829675462a9ef6e7f0bcd4e0c69
hardhat_kaggle_38608faeddec.png,hardhat_kaggle_38608faeddec,hardhat_kaggle,hardhat_kaggle:hard_hat_workers332,1,0,0,38608faeddec874473510318ca6db6dfd5f90503
hardhat_kaggle_7cec84010218.png,hardhat_kaggle_7cec84010218,hardhat_kaggle,hardhat_kaggle:hard_hat_workers3320,2,0,0,7cec840102187971656754b8ca63d4bf7f6e4d0a
hardhat_kaggle_e2b026fb4f3a.png,hardhat_kaggle_e2b026fb4f3a,hardhat_kaggle,hardhat_kaggle:hard_hat_workers3321,4,0,0,e2b026fb4f3a5e7dfbdca2ea3610f04c8c3c83ec
hardhat_kaggle_53c0bba1a180.png,hardhat_kaggle_53c0bba1a180,hardhat_kaggle,hardhat_kaggle:hard_hat_workers3322,9,0,0,53c0bba1a180813fb51668fe4bf85cb73fa36de2
hardhat_kaggle_7359d43402e6.png,hardhat_kaggle_7359d43402e6,hardhat_kaggle,hardhat_kaggle:hard_hat_workers3323,4,0,0,7359d43402e657dc40b4d28ce7924e6586e9b173
hardhat_kaggle_e8c2d5cbdc08.png,hardhat_kaggle_e8c2d5cbdc08,hardhat_kaggle,hardhat_kaggle:hard_hat_workers3324,1,0,0,e8c2d5cbdc0866f05321a5da806dae644cf17a1c
hardhat_kaggle_c4331c8e45f2.png,hardhat_kaggle_c4331c8e45f2,hardhat_kaggle,hardhat_kaggle:hard_hat_workers3325,2,0,0,c4331c8e45f290149608d0c187bcf1cb026f357d
hardhat_kaggle_628b2f416e29.png,hardhat_kaggle_628b2f416e29,hardhat_kaggle,hardhat_kaggle:hard_hat_workers3326,4,0,0,628b2f416e29303e003714bf9dd25af66a7164f3
hardhat_kaggle_97569723f91c.png,hardhat_kaggle_97569723f91c,hardhat_kaggle,hardhat_kaggle:hard_hat_workers3327,11,0,0,97569723f91c6e100150574f1e2b28a82a7177cd
hardhat_kaggle_7f93eb712c10.png,hardhat_kaggle_7f93eb712c10,hardhat_kaggle,hardhat_kaggle:hard_hat_workers3328,3,0,0,7f93eb712c10b5164002d474943faff594fde743
hardhat_kaggle_d6089693d25e.png,hardhat_kaggle_d6089693d25e,hardhat_kaggle,hardhat_kaggle:hard_hat_workers3329,2,0,0,d6089693d25e98abf9f072c513295b4a7300591c
hardhat_kaggle_a4e2f8e4a9b8.png,hardhat_kaggle_a4e2f8e4a9b8,hardhat_kaggle,hardhat_kaggle:hard_hat_workers333,10,0,0,a4e2f8e4a9b89abcf0f4923011c92c6c492c2b7a
hardhat_kaggle_d12eb3e07242.png,hardhat_kaggle_d12eb3e07242,hardhat_kaggle,hardhat_kaggle:hard_hat_workers3330,1,0,0,d12eb3e07242ae6134c906bf959a0de9dbca0a6a
hardhat_kaggle_f9f79ea2344d.png,hardhat_kaggle_f9f79ea2344d,hardhat_kaggle,hardhat_kaggle:hard_hat_workers3331,7,0,0,f9f79ea2344dcde59a86edf8970265d894172064
hardhat_kaggle_b7ce9d0b3ff7.png,hardhat_kaggle_b7ce9d0b3ff7,hardhat_kaggle,hardhat_kaggle:hard_hat_workers3332,3,0,0,b7ce9d0b3ff7638a06e8738249f0fd4a9194c0cd
hardhat_kaggle_8455436ada20.png,hardhat_kaggle_8455436ada20,hardhat_kaggle,hardhat_kaggle:hard_hat_workers3333,8,0,0,8455436ada20bef498d65799d1fccf57f112f6bb
hardhat_kaggle_adddd1cc9c37.png,hardhat_kaggle_adddd1cc9c37,hardhat_kaggle,hardhat_kaggle:hard_hat_workers3334,5,0,0,adddd1cc9c37bd2143feaac5ebae49edb286ff09
hardhat_kaggle_d56a887eaeb3.png,hardhat_kaggle_d56a887eaeb3,hardhat_kaggle,hardhat_kaggle:hard_hat_workers3335,5,0,0,d56a887eaeb38c92e04ef2208abcb11e6326ee22
hardhat_kaggle_cad2412f4a11.png,hardhat_kaggle_cad2412f4a11,hardhat_kaggle,hardhat_kaggle:hard_hat_workers3336,6,0,0,cad2412f4a116a49d0311d8008dada5f3ca24561
hardhat_kaggle_fbfc78de80d7.png,hardhat_kaggle_fbfc78de80d7,hardhat_kaggle,hardhat_kaggle:hard_hat_workers3337,3,0,0,fbfc78de80d70e792b0e5e26c56f8773e7766c6c
hardhat_kaggle_f3f563dbdf76.png,hardhat_kaggle_f3f563dbdf76,hardhat_kaggle,hardhat_kaggle:hard_hat_workers3338,8,0,0,f3f563dbdf76c9e3cbba1bdc30ec766b3c4733d6
hardhat_kaggle_312214b72313.png,hardhat_kaggle_312214b72313,hardhat_kaggle,hardhat_kaggle:hard_hat_workers3339,2,0,0,312214b72313712df816ea727cee0ca46dbd9564
hardhat_kaggle_406781f19321.png,hardhat_kaggle_406781f19321,hardhat_kaggle,hardhat_kaggle:hard_hat_workers334,2,0,0,406781f1932184b0e264ab4c8ab92a92ff17bc11
hardhat_kaggle_d2d0f8d46d89.png,hardhat_kaggle_d2d0f8d46d89,hardhat_kaggle,hardhat_kaggle:hard_hat_workers3340,2,0,0,d2d0f8d46d8956e614eca092df9c5a622a6ef2b7
hardhat_kaggle_c9c9d0a51819.png,hardhat_kaggle_c9c9d0a51819,hardhat_kaggle,hardhat_kaggle:hard_hat_workers3341,1,0,0,c9c9d0a51819852bc01b926f021c8a7395df3aa4
hardhat_kaggle_5603f932f678.png,hardhat_kaggle_5603f932f678,hardhat_kaggle,hardhat_kaggle:hard_hat_workers3342,8,0,0,5603f932f6786414e96374db0e8d22fd0ef43d03
hardhat_kaggle_00bd09fe311f.png,hardhat_kaggle_00bd09fe311f,hardhat_kaggle,hardhat_kaggle:hard_hat_workers3343,2,0,0,00bd09fe311f3998258c7c9fb010f2f7daae8837
hardhat_kaggle_728aef5c638d.png,hardhat_kaggle_728aef5c638d,hardhat_kaggle,hardhat_kaggle:hard_hat_workers3345,2,0,0,728aef5c638d41045da96aec2a2dda95200aefcd
hardhat_kaggle_c1b1a6c5de15.png,hardhat_kaggle_c1b1a6c5de15,hardhat_kaggle,hardhat_kaggle:hard_hat_workers3346,2,0,0,c1b1a6c5de15283f90963433173fdd5af36f9108
hardhat_kaggle_28c3ae2159ab.png,hardhat_kaggle_28c3ae2159ab,hardhat_kaggle,hardhat_kaggle:hard_hat_workers3347,8,0,0,28c3ae2159ab46473766456d31a2091efbc645c6
hardhat_kaggle_4bcae2059142.png,hardhat_kaggle_4bcae2059142,hardhat_kaggle,hardhat_kaggle:hard_hat_workers3348,3,0,0,4bcae205914245edf23becb54b78e0605a2add9f
hardhat_kaggle_bbef92ab5aaa.png,hardhat_kaggle_bbef92ab5aaa,hardhat_kaggle,hardhat_kaggle:hard_hat_workers3349,5,0,0,bbef92ab5aaac2e6926e50a44e9c34215c3066b9
hardhat_kaggle_27c7e415f597.png,hardhat_kaggle_27c7e415f597,hardhat_kaggle,hardhat_kaggle:hard_hat_workers335,6,0,0,27c7e415f5975b4db645a1bdcb9cf083480fd263
hardhat_kaggle_da3f4510c43f.png,hardhat_kaggle_da3f4510c43f,hardhat_kaggle,hardhat_kaggle:hard_hat_workers3350,2,0,0,da3f4510c43ffc818d672c20b8fa82e0b1d5124c
hardhat_kaggle_e8e19f9f9c49.png,hardhat_kaggle_e8e19f9f9c49,hardhat_kaggle,hardhat_kaggle:hard_hat_workers3351,4,0,0,e8e19f9f9c497f162caca8d2349c5e954ea1f6cc
hardhat_kaggle_cd3fb6846bc0.png,hardhat_kaggle_cd3fb6846bc0,hardhat_kaggle,hardhat_kaggle:hard_hat_workers3352,12,0,0,cd3fb6846bc03d150c97e89ef1aa13860f5a0861
hardhat_kaggle_f4ae636e6b5f.png,hardhat_kaggle_f4ae636e6b5f,hardhat_kaggle,hardhat_kaggle:hard_hat_workers3353,4,0,0,f4ae636e6b5f5dd5db378a02634a718f8ae14cd0
hardhat_kaggle_0d55af2bfc0b.png,hardhat_kaggle_0d55af2bfc0b,hardhat_kaggle,hardhat_kaggle:hard_hat_workers3354,8,0,0,0d55af2bfc0b481e3bfd45665a9abae54d62b61f
hardhat_kaggle_6ef57befde2d.png,hardhat_kaggle_6ef57befde2d,hardhat_kaggle,hardhat_kaggle:hard_hat_workers3355,3,0,0,6ef57befde2db5901606da3d6e292218dad16fd1
hardhat_kaggle_cdc1adeb059f.png,hardhat_kaggle_cdc1adeb059f,hardhat_kaggle,hardhat_kaggle:hard_hat_workers3356,1,0,0,cdc1adeb059f825d869923e69732ea0628fb7698
hardhat_kaggle_23b675e4b214.png,hardhat_kaggle_23b675e4b214,hardhat_kaggle,hardhat_kaggle:hard_hat_workers3357,5,0,0,23b675e4b214abc90a901551dba429e413ee160f
hardhat_kaggle_86060b3d71af.png,hardhat_kaggle_86060b3d71af,hardhat_kaggle,hardhat_kaggle:hard_hat_workers3358,2,0,0,86060b3d71afe50d21276b8cbe13294901861e94
hardhat_kaggle_180571ac3e5d.png,hardhat_kaggle_180571ac3e5d,hardhat_kaggle,hardhat_kaggle:hard_hat_workers3359,4,0,0,180571ac3e5d3528ee780ca3cdd67195c17dbf61
hardhat_kaggle_49c6f125123d.png,hardhat_kaggle_49c6f125123d,hardhat_kaggle,hardhat_kaggle:hard_hat_workers336,4,0,0,49c6f125123d80d7f3130ef996f8683682e9b710
hardhat_kaggle_55eb799d3e0a.png,hardhat_kaggle_55eb799d3e0a,hardhat_kaggle,hardhat_kaggle:hard_hat_workers3360,7,0,0,55eb799d3e0ad406cfc033d1b3c19e2ccba9144c
hardhat_kaggle_64540f2e0b4d.png,hardhat_kaggle_64540f2e0b4d,hardhat_kaggle,hardhat_kaggle:hard_hat_workers3361,2,0,0,64540f2e0b4d0704cff1f3445021f3a9069cba94
hardhat_kaggle_9a7c00ece45d.png,hardhat_kaggle_9a7c00ece45d,hardhat_kaggle,hardhat_kaggle:hard_hat_workers3362,3,0,0,9a7c00ece45df4361c62ee7fa10197dc83d57724
hardhat_kaggle_c54fd0564e64.png,hardhat_kaggle_c54fd0564e64,hardhat_kaggle,hardhat_kaggle:hard_hat_workers3363,4,0,0,c54fd0564e64eca85e65c02efff7c27bf74c889e
hardhat_kaggle_110a609918bb.png,hardhat_kaggle_110a609918bb,hardhat_kaggle,hardhat_kaggle:hard_hat_workers3364,6,0,0,110a609918bb950c5f25dbe36787113416d273b2
hardhat_kaggle_a2ff5f8b1625.png,hardhat_kaggle_a2ff5f8b1625,hardhat_kaggle,hardhat_kaggle:hard_hat_workers3365,2,0,0,a2ff5f8b16255edd4b4cdfafdda14ae01a7d5919
hardhat_kaggle_48bdcdf5fcc1.png,hardhat_kaggle_48bdcdf5fcc1,hardhat_kaggle,hardhat_kaggle:hard_hat_workers3366,2,0,0,48bdcdf5fcc13cd1b0e7bf2e1fb240d14eccf532
hardhat_kaggle_af176a6d920a.png,hardhat_kaggle_af176a6d920a,hardhat_kaggle,hardhat_kaggle:hard_hat_workers3367,6,0,0,af176a6d920a87dfbca47ac1f68bd34d25c0fec7
hardhat_kaggle_724c85fd93b4.png,hardhat_kaggle_724c85fd93b4,hardhat_kaggle,hardhat_kaggle:hard_hat_workers3368,1,0,0,724c85fd93b47be7cd40de85978cfb342a07b6aa
hardhat_kaggle_cc8585791dc2.png,hardhat_kaggle_cc8585791dc2,hardhat_kaggle,hardhat_kaggle:hard_hat_workers3369,5,0,0,cc8585791dc29d528cfaf8075e8900e0f3bf7942
hardhat_kaggle_20c1ae72fa4f.png,hardhat_kaggle_20c1ae72fa4f,hardhat_kaggle,hardhat_kaggle:hard_hat_workers337,1,0,0,20c1ae72fa4f7bdd3ce6614fc964276833c391ae
hardhat_kaggle_a2283093be53.png,hardhat_kaggle_a2283093be53,hardhat_kaggle,hardhat_kaggle:hard_hat_workers3370,4,0,0,a2283093be53136e13e32b5fe2b92ebc2085998b
hardhat_kaggle_c99a5620676f.png,hardhat_kaggle_c99a5620676f,hardhat_kaggle,hardhat_kaggle:hard_hat_workers3371,5,0,0,c99a5620676f44d816a1a5fa9f1305236727f135
hardhat_kaggle_b3f083544bdb.png,hardhat_kaggle_b3f083544bdb,hardhat_kaggle,hardhat_kaggle:hard_hat_workers3372,4,0,0,b3f083544bdb311b4abb8d4165df9ec009e7b4b0
hardhat_kaggle_5679f78e61bc.png,hardhat_kaggle_5679f78e61bc,hardhat_kaggle,hardhat_kaggle:hard_hat_workers3374,2,0,0,5679f78e61bc22ada55e064ea4d913dcc8bf2679
hardhat_kaggle_738e4cca4216.png,hardhat_kaggle_738e4cca4216,hardhat_kaggle,hardhat_kaggle:hard_hat_workers3375,1,0,0,738e4cca4216bace2d1b4deb459290bb95b7a2c6
hardhat_kaggle_a9eff38a43eb.png,hardhat_kaggle_a9eff38a43eb,hardhat_kaggle,hardhat_kaggle:hard_hat_workers3376,4,0,0,a9eff38a43eb48540b2dd59d3ecccf6ce556e42b
hardhat_kaggle_90ca1b7ac269.png,hardhat_kaggle_90ca1b7ac269,hardhat_kaggle,hardhat_kaggle:hard_hat_workers3378,4,0,0,90ca1b7ac26941ad5e9ae07c383728ae0d27a38a
hardhat_kaggle_fa9ca0b69bbb.png,hardhat_kaggle_fa9ca0b69bbb,hardhat_kaggle,hardhat_kaggle:hard_hat_workers3379,1,0,0,fa9ca0b69bbb8529272b625c66e7be98b29dc740
hardhat_kaggle_f9919716991b.png,hardhat_kaggle_f9919716991b,hardhat_kaggle,hardhat_kaggle:hard_hat_workers338,10,0,0,f9919716991b243f1b6430a062116f9202ae20d1
hardhat_kaggle_67106e3c83b9.png,hardhat_kaggle_67106e3c83b9,hardhat_kaggle,hardhat_kaggle:hard_hat_workers3381,2,0,0,67106e3c83b9ee95fd4bd8c4dd84fb6cfe8358ce
hardhat_kaggle_10f181f59e64.png,hardhat_kaggle_10f181f59e64,hardhat_kaggle,hardhat_kaggle:hard_hat_workers3382,1,0,0,10f181f59e64459f8428196d7b53a73d764e0392
hardhat_kaggle_bc3bc48ddb6a.png,hardhat_kaggle_bc3bc48ddb6a,hardhat_kaggle,hardhat_kaggle:hard_hat_workers3383,5,0,0,bc3bc48ddb6a2ca707a2a4e4168f8352e9fd633e
hardhat_kaggle_6f37ae8eed9a.png,hardhat_kaggle_6f37ae8eed9a,hardhat_kaggle,hardhat_kaggle:hard_hat_workers3384,1,0,0,6f37ae8eed9a7cf4cc4f687f1a093edbfc4ffa6b
hardhat_kaggle_57d26176ea3b.png,hardhat_kaggle_57d26176ea3b,hardhat_kaggle,hardhat_kaggle:hard_hat_workers3385,2,0,0,57d26176ea3b2b785c0674cc813dd96f1dc86830
hardhat_kaggle_54620a5b7403.png,hardhat_kaggle_54620a5b7403,hardhat_kaggle,hardhat_kaggle:hard_hat_workers3386,7,0,0,54620a5b7403a5f81015cf4fbda69b189dbb1bc5
hardhat_kaggle_ed5f84760002.png,hardhat_kaggle_ed5f84760002,hardhat_kaggle,hardhat_kaggle:hard_hat_workers3387,1,0,0,ed5f847600022400e187a5d3c7ad932908d28420
hardhat_kaggle_d22751a233e5.png,hardhat_kaggle_d22751a233e5,hardhat_kaggle,hardhat_kaggle:hard_hat_workers3388,1,0,0,d22751a233e5d13f3ecd6f3b836855718e05b721
hardhat_kaggle_e1801d3c3617.png,hardhat_kaggle_e1801d3c3617,hardhat_kaggle,hardhat_kaggle:hard_hat_workers3389,3,0,0,e1801d3c3617cc0adce35ae3c4d6503563701a19
hardhat_kaggle_8cba162670d5.png,hardhat_kaggle_8cba162670d5,hardhat_kaggle,hardhat_kaggle:hard_hat_workers339,2,0,0,8cba162670d5b044099a201b0cce241617b8dc01
hardhat_kaggle_ab123aba62ce.png,hardhat_kaggle_ab123aba62ce,hardhat_kaggle,hardhat_kaggle:hard_hat_workers3390,3,0,0,ab123aba62cee85e4ffcbab8fbbb7983401b54e9
hardhat_kaggle_c254462b0f18.png,hardhat_kaggle_c254462b0f18,hardhat_kaggle,hardhat_kaggle:hard_hat_workers3391,5,0,0,c254462b0f18d77c4e3ed555d1418d8c613b863d
hardhat_kaggle_96753936728c.png,hardhat_kaggle_96753936728c,hardhat_kaggle,hardhat_kaggle:hard_hat_workers3392,4,0,0,96753936728c0f3a320c96292be6c5e633feaddf
hardhat_kaggle_2637c06270be.png,hardhat_kaggle_2637c06270be,hardhat_kaggle,hardhat_kaggle:hard_hat_workers3393,3,0,0,2637c06270bee620ac8b9584f2369468d0b4d455
hardhat_kaggle_63a0a4d58cc3.png,hardhat_kaggle_63a0a4d58cc3,hardhat_kaggle,hardhat_kaggle:hard_hat_workers3394,4,0,0,63a0a4d58cc347978a234a9fb4f3a6bfb1d3b4e7
hardhat_kaggle_fba866ab5fea.png,hardhat_kaggle_fba866ab5fea,hardhat_kaggle,hardhat_kaggle:hard_hat_workers3395,6,0,0,fba866ab5feac0a08ce0e733adfce8878f7ade7f
hardhat_kaggle_eb87bec1b850.png,hardhat_kaggle_eb87bec1b850,hardhat_kaggle,hardhat_kaggle:hard_hat_workers3396,1,0,0,eb87bec1b8504149ce7d3552c74804e6edb6b95d
hardhat_kaggle_bdfc49ad8f0c.png,hardhat_kaggle_bdfc49ad8f0c,hardhat_kaggle,hardhat_kaggle:hard_hat_workers3397,17,0,0,bdfc49ad8f0cb8cf0d63e24951375d02f93da48d
hardhat_kaggle_a7bc95346e4d.png,hardhat_kaggle_a7bc95346e4d,hardhat_kaggle,hardhat_kaggle:hard_hat_workers3398,3,0,0,a7bc95346e4d44508b4692d2321139d32b17446f
hardhat_kaggle_b6e6870ea66d.png,hardhat_kaggle_b6e6870ea66d,hardhat_kaggle,hardhat_kaggle:hard_hat_workers3399,4,0,0,b6e6870ea66dfd7584394faee0491a53d0407c96
hardhat_kaggle_76feec207047.png,hardhat_kaggle_76feec207047,hardhat_kaggle,hardhat_kaggle:hard_hat_workers34,9,0,0,76feec20704776950f0ac8f321bbe53d73e2e524
hardhat_kaggle_3d92128c0b77.png,hardhat_kaggle_3d92128c0b77,hardhat_kaggle,hardhat_kaggle:hard_hat_workers340,2,0,0,3d92128c0b772316401ad8c6c8ec55ce56618732
hardhat_kaggle_7254eb0163da.png,hardhat_kaggle_7254eb0163da,hardhat_kaggle,hardhat_kaggle:hard_hat_workers3400,4,0,0,7254eb0163dae4e88f041f8fb173439d656ca376
hardhat_kaggle_50b3b41961ca.png,hardhat_kaggle_50b3b41961ca,hardhat_kaggle,hardhat_kaggle:hard_hat_workers3401,3,0,0,50b3b41961caa56969ce0238c535a6145ab97a5e
hardhat_kaggle_8191f68cdaa6.png,hardhat_kaggle_8191f68cdaa6,hardhat_kaggle,hardhat_kaggle:hard_hat_workers3402,4,0,0,8191f68cdaa61e3de5b9521925dab7370340a682
hardhat_kaggle_8b68e21d1fe7.png,hardhat_kaggle_8b68e21d1fe7,hardhat_kaggle,hardhat_kaggle:hard_hat_workers3403,3,0,0,8b68e21d1fe792a0616da91206ea1af185d02176
hardhat_kaggle_c873bb4f5131.png,hardhat_kaggle_c873bb4f5131,hardhat_kaggle,hardhat_kaggle:hard_hat_workers3404,4,0,0,c873bb4f5131e9e1f0cb7750b8e771ef2ac371f8
hardhat_kaggle_928855090431.png,hardhat_kaggle_928855090431,hardhat_kaggle,hardhat_kaggle:hard_hat_workers3405,1,0,0,928855090431f1040199d9aa13d8121c15a8a157
hardhat_kaggle_5535ad164f45.png,hardhat_kaggle_5535ad164f45,hardhat_kaggle,hardhat_kaggle:hard_hat_workers3406,2,0,0,5535ad164f45be3080dddae7e6992c83fe081f18
hardhat_kaggle_8fc5577efb38.png,hardhat_kaggle_8fc5577efb38,hardhat_kaggle,hardhat_kaggle:hard_hat_workers3407,6,0,0,8fc5577efb38a5c59dfbd7506891dfb653d6735e
hardhat_kaggle_bb1c5b3313d4.png,hardhat_kaggle_bb1c5b3313d4,hardhat_kaggle,hardhat_kaggle:hard_hat_workers3408,2,0,0,bb1c5b3313d4eacfd68859ac720753e3765ed71e
hardhat_kaggle_16f189decde4.png,hardhat_kaggle_16f189decde4,hardhat_kaggle,hardhat_kaggle:hard_hat_workers3409,4,0,0,16f189decde4403c8a3ca904a5f5b497c0cea651
hardhat_kaggle_8f0988b696c1.png,hardhat_kaggle_8f0988b696c1,hardhat_kaggle,hardhat_kaggle:hard_hat_workers341,1,0,0,8f0988b696c13a2cb87e6117f5ff9671dfaeb08a
hardhat_kaggle_8cda4fb1cfdd.png,hardhat_kaggle_8cda4fb1cfdd,hardhat_kaggle,hardhat_kaggle:hard_hat_workers3410,2,0,0,8cda4fb1cfdd5b83fecb36aff837a8bce27e7fb5
hardhat_kaggle_ded26bc88342.png,hardhat_kaggle_ded26bc88342,hardhat_kaggle,hardhat_kaggle:hard_hat_workers3411,3,0,0,ded26bc88342fb1d6b9c4c39ee1bca60d81b976e
hardhat_kaggle_7c44b3147cfc.png,hardhat_kaggle_7c44b3147cfc,hardhat_kaggle,hardhat_kaggle:hard_hat_workers3412,6,0,0,7c44b3147cfcefb4992b900d0550e3f43a74420e
hardhat_kaggle_8b3520957309.png,hardhat_kaggle_8b3520957309,hardhat_kaggle,hardhat_kaggle:hard_hat_workers3414,14,0,0,8b3520957309fddcefa118d75af4e0cfcb2ab96b
hardhat_kaggle_ac2dcc5a3b49.png,hardhat_kaggle_ac2dcc5a3b49,hardhat_kaggle,hardhat_kaggle:hard_hat_workers3415,8,0,0,ac2dcc5a3b49e4f263055b67bbd67546c528d440
hardhat_kaggle_0b5e233c22ac.png,hardhat_kaggle_0b5e233c22ac,hardhat_kaggle,hardhat_kaggle:hard_hat_workers3416,9,0,0,0b5e233c22ac3e7c9e0b8a9a132d121888ed0684
hardhat_kaggle_90bbc8337190.png,hardhat_kaggle_90bbc8337190,hardhat_kaggle,hardhat_kaggle:hard_hat_workers3418,5,0,0,90bbc8337190e5c3f4021ae735bdc0a1d2f62276
hardhat_kaggle_242dc27d556a.png,hardhat_kaggle_242dc27d556a,hardhat_kaggle,hardhat_kaggle:hard_hat_workers3419,4,0,0,242dc27d556a31e6fbc5a29dea576a4b110daeb1
hardhat_kaggle_103c5c1acba8.png,hardhat_kaggle_103c5c1acba8,hardhat_kaggle,hardhat_kaggle:hard_hat_workers342,6,0,0,103c5c1acba87f3cfc638db7ca9dca80ab1a61e1
hardhat_kaggle_1b2090d37247.png,hardhat_kaggle_1b2090d37247,hardhat_kaggle,hardhat_kaggle:hard_hat_workers3420,2,0,0,1b2090d37247807e00aedb51b9da11a14ee60bd3
hardhat_kaggle_f92e2ff3cdb3.png,hardhat_kaggle_f92e2ff3cdb3,hardhat_kaggle,hardhat_kaggle:hard_hat_workers3421,1,0,0,f92e2ff3cdb304c629f2c4ae5e1d7be4f50983b7
hardhat_kaggle_d28deabf6c17.png,hardhat_kaggle_d28deabf6c17,hardhat_kaggle,hardhat_kaggle:hard_hat_workers3422,1,0,0,d28deabf6c172eef9ee156c9f4399f0f7be5be31
hardhat_kaggle_336f51e79d26.png,hardhat_kaggle_336f51e79d26,hardhat_kaggle,hardhat_kaggle:hard_hat_workers3423,7,0,0,336f51e79d26f72a7fe874d5e860d29febed4f59
hardhat_kaggle_75f78eecd0f6.png,hardhat_kaggle_75f78eecd0f6,hardhat_kaggle,hardhat_kaggle:hard_hat_workers3424,1,0,0,75f78eecd0f68c6587c6bb1f12ba2a7a2e141344
hardhat_kaggle_0b4633dbd4d3.png,hardhat_kaggle_0b4633dbd4d3,hardhat_kaggle,hardhat_kaggle:hard_hat_workers3425,5,0,0,0b4633dbd4d34aa3f1a11db9b8ea4ce900f10f5f
hardhat_kaggle_4fd4a141eac9.png,hardhat_kaggle_4fd4a141eac9,hardhat_kaggle,hardhat_kaggle:hard_hat_workers3426,3,0,0,4fd4a141eac9e63354a79e1434a27bd69e757481
hardhat_kaggle_0affdbd66315.png,hardhat_kaggle_0affdbd66315,hardhat_kaggle,hardhat_kaggle:hard_hat_workers3427,2,0,0,0affdbd663158e716c51362e0888adc98780520e
hardhat_kaggle_6aa285aa9bc0.png,hardhat_kaggle_6aa285aa9bc0,hardhat_kaggle,hardhat_kaggle:hard_hat_workers3428,2,0,0,6aa285aa9bc0c5388177748b5a089d99084cd2f0
hardhat_kaggle_14d66ee10033.png,hardhat_kaggle_14d66ee10033,hardhat_kaggle,hardhat_kaggle:hard_hat_workers3429,7,0,0,14d66ee100333d34eae7c4179d410bd21e0414ca
hardhat_kaggle_4bbb2e662b51.png,hardhat_kaggle_4bbb2e662b51,hardhat_kaggle,hardhat_kaggle:hard_hat_workers343,2,0,0,4bbb2e662b51501669a03dcdafa4122a3c217b73
hardhat_kaggle_42a205870941.png,hardhat_kaggle_42a205870941,hardhat_kaggle,hardhat_kaggle:hard_hat_workers3430,2,0,0,42a20587094179efbb95c1fff74fefeb6c15d819
hardhat_kaggle_7e74cad5a5b8.png,hardhat_kaggle_7e74cad5a5b8,hardhat_kaggle,hardhat_kaggle:hard_hat_workers3431,3,0,0,7e74cad5a5b88f5076503b94d69692e2e301097c
hardhat_kaggle_2fa62becd499.png,hardhat_kaggle_2fa62becd499,hardhat_kaggle,hardhat_kaggle:hard_hat_workers3432,4,0,0,2fa62becd499ff9641779fdc1f55aa0b8805f58c
hardhat_kaggle_d40ef32de104.png,hardhat_kaggle_d40ef32de104,hardhat_kaggle,hardhat_kaggle:hard_hat_workers3433,3,0,0,d40ef32de10442bac9d53df9d7b4fa9ebf3a7f27
hardhat_kaggle_46d21cb6afb5.png,hardhat_kaggle_46d21cb6afb5,hardhat_kaggle,hardhat_kaggle:hard_hat_workers3434,1,0,0,46d21cb6afb524fb53b1d8cb722b61283e5698f4
hardhat_kaggle_1efa24c4082d.png,hardhat_kaggle_1efa24c4082d,hardhat_kaggle,hardhat_kaggle:hard_hat_workers3435,2,0,0,1efa24c4082dfba1982c419b6ff3257e5e1bf976
hardhat_kaggle_3860772048d6.png,hardhat_kaggle_3860772048d6,hardhat_kaggle,hardhat_kaggle:hard_hat_workers3436,2,0,0,3860772048d6a247fd2a9d8e4612d3bbf80ecbe9
hardhat_kaggle_6bbdead30b98.png,hardhat_kaggle_6bbdead30b98,hardhat_kaggle,hardhat_kaggle:hard_hat_workers3437,4,0,0,6bbdead30b9835c9ff78d8d65fa5b3d5d5e96adc
hardhat_kaggle_3a5e5083ea40.png,hardhat_kaggle_3a5e5083ea40,hardhat_kaggle,hardhat_kaggle:hard_hat_workers344,2,0,0,3a5e5083ea409e22776fcafb52c043c09bceb07b
hardhat_kaggle_42583a4b041e.png,hardhat_kaggle_42583a4b041e,hardhat_kaggle,hardhat_kaggle:hard_hat_workers3440,4,0,0,42583a4b041e42e3e3260eb728122b624dd943bb
hardhat_kaggle_bfb8cf62b493.png,hardhat_kaggle_bfb8cf62b493,hardhat_kaggle,hardhat_kaggle:hard_hat_workers3441,3,0,0,bfb8cf62b49392811bc4d3392738d8d8bd7bf74a
hardhat_kaggle_71912da05c0d.png,hardhat_kaggle_71912da05c0d,hardhat_kaggle,hardhat_kaggle:hard_hat_workers3442,4,0,0,71912da05c0d2594b057ac56b6e980ed090ca487
hardhat_kaggle_ec88d4b0b36f.png,hardhat_kaggle_ec88d4b0b36f,hardhat_kaggle,hardhat_kaggle:hard_hat_workers3443,2,0,0,ec88d4b0b36fcc7480ff8720fb3e648341379429
hardhat_kaggle_040e4dafab78.png,hardhat_kaggle_040e4dafab78,hardhat_kaggle,hardhat_kaggle:hard_hat_workers3444,2,0,0,040e4dafab78e36af9b951433b38949603248b1e
hardhat_kaggle_593bb2d363a0.png,hardhat_kaggle_593bb2d363a0,hardhat_kaggle,hardhat_kaggle:hard_hat_workers3445,8,0,0,593bb2d363a012d413f223cba5a833ffba2c194e
hardhat_kaggle_36b309cc0210.png,hardhat_kaggle_36b309cc0210,hardhat_kaggle,hardhat_kaggle:hard_hat_workers3446,2,0,0,36b309cc02109d1c5646287e787a71ce6fa3b02f
hardhat_kaggle_e8edb4ab7409.png,hardhat_kaggle_e8edb4ab7409,hardhat_kaggle,hardhat_kaggle:hard_hat_workers3447,2,0,0,e8edb4ab7409910d1206126dc59d7e4caf7957d6
hardhat_kaggle_f0193d052590.png,hardhat_kaggle_f0193d052590,hardhat_kaggle,hardhat_kaggle:hard_hat_workers3448,2,0,0,f0193d0525900098e0ffc729591ad7fb97c979f9
hardhat_kaggle_c925b043fe2f.png,hardhat_kaggle_c925b043fe2f,hardhat_kaggle,hardhat_kaggle:hard_hat_workers3449,18,0,0,c925b043fe2f496a6078d0d6f590b2a442a43762
hardhat_kaggle_ae51f0c66247.png,hardhat_kaggle_ae51f0c66247,hardhat_kaggle,hardhat_kaggle:hard_hat_workers345,1,0,0,ae51f0c6624735953b623ee4a6c1c28ef5a1a870
hardhat_kaggle_6156bf0c5e42.png,hardhat_kaggle_6156bf0c5e42,hardhat_kaggle,hardhat_kaggle:hard_hat_workers3450,6,0,0,6156bf0c5e425416d138fb1ef9e9836a8d5986dc
hardhat_kaggle_8ade7df89297.png,hardhat_kaggle_8ade7df89297,hardhat_kaggle,hardhat_kaggle:hard_hat_workers3451,5,0,0,8ade7df8929748e0b78744603c85b7223ede4a14
hardhat_kaggle_f3bdb0843723.png,hardhat_kaggle_f3bdb0843723,hardhat_kaggle,hardhat_kaggle:hard_hat_workers3452,4,0,0,f3bdb084372358ef8bea498f2410a95dc333c0ad
hardhat_kaggle_1b864c484ec2.png,hardhat_kaggle_1b864c484ec2,hardhat_kaggle,hardhat_kaggle:hard_hat_workers3453,10,0,0,1b864c484ec2578beefa24c3d4b0cb66ee421503
hardhat_kaggle_e77f013ff680.png,hardhat_kaggle_e77f013ff680,hardhat_kaggle,hardhat_kaggle:hard_hat_workers3454,2,0,0,e77f013ff6802150ef1552d1d4140eb4d2b5375d
hardhat_kaggle_0b5348496e88.png,hardhat_kaggle_0b5348496e88,hardhat_kaggle,hardhat_kaggle:hard_hat_workers3455,1,0,0,0b5348496e88361c883e8cde27a74905056ba3fd
hardhat_kaggle_feee0df129ff.png,hardhat_kaggle_feee0df129ff,hardhat_kaggle,hardhat_kaggle:hard_hat_workers3457,2,0,0,feee0df129ff76312aae4168e25422975b778345
hardhat_kaggle_c7f7d2ef336e.png,hardhat_kaggle_c7f7d2ef336e,hardhat_kaggle,hardhat_kaggle:hard_hat_workers3458,1,0,0,c7f7d2ef336eeb4c4cb645c6cb382e70b53494cd
hardhat_kaggle_2bf96e25b8af.png,hardhat_kaggle_2bf96e25b8af,hardhat_kaggle,hardhat_kaggle:hard_hat_workers3459,3,0,0,2bf96e25b8af25b6b226903b8e7143b59bb012a2
hardhat_kaggle_8e7a0f10f609.png,hardhat_kaggle_8e7a0f10f609,hardhat_kaggle,hardhat_kaggle:hard_hat_workers346,10,0,0,8e7a0f10f609d083a0039f192e1a41783303d371
hardhat_kaggle_caf18956cb8a.png,hardhat_kaggle_caf18956cb8a,hardhat_kaggle,hardhat_kaggle:hard_hat_workers3460,2,0,0,caf18956cb8ae155ab3589700f2c930ecd1a64e6
hardhat_kaggle_2cdf3c1bdb9e.png,hardhat_kaggle_2cdf3c1bdb9e,hardhat_kaggle,hardhat_kaggle:hard_hat_workers3461,8,0,0,2cdf3c1bdb9ef9e1a89cdc97a580f3fd453a7b5b
hardhat_kaggle_438ce47da2ab.png,hardhat_kaggle_438ce47da2ab,hardhat_kaggle,hardhat_kaggle:hard_hat_workers3462,1,0,0,438ce47da2abe50332ffeea7a653aba06b49de0a
hardhat_kaggle_e5c5ea9e25bb.png,hardhat_kaggle_e5c5ea9e25bb,hardhat_kaggle,hardhat_kaggle:hard_hat_workers3464,4,0,0,e5c5ea9e25bb08fd72e26fb9f14d614db613c928
hardhat_kaggle_4dc618da85e0.png,hardhat_kaggle_4dc618da85e0,hardhat_kaggle,hardhat_kaggle:hard_hat_workers3466,4,0,0,4dc618da85e0115df75ad300a75b55c615dfbc13
hardhat_kaggle_898cc5c3f1ea.png,hardhat_kaggle_898cc5c3f1ea,hardhat_kaggle,hardhat_kaggle:hard_hat_workers3467,12,0,0,898cc5c3f1ea690e1ef0ad3864d996829a219700
hardhat_kaggle_68b3ac6caad8.png,hardhat_kaggle_68b3ac6caad8,hardhat_kaggle,hardhat_kaggle:hard_hat_workers3468,4,0,0,68b3ac6caad82223271521422b827434fad73af2
hardhat_kaggle_70aa8231e858.png,hardhat_kaggle_70aa8231e858,hardhat_kaggle,hardhat_kaggle:hard_hat_workers3469,2,0,0,70aa8231e8588b51ca40ed074dc1489ddcc85df7
hardhat_kaggle_894cb1b7232d.png,hardhat_kaggle_894cb1b7232d,hardhat_kaggle,hardhat_kaggle:hard_hat_workers347,1,0,0,894cb1b7232d5b6881603b2dc4e877c92f0ea2c1
hardhat_kaggle_079f36c7b787.png,hardhat_kaggle_079f36c7b787,hardhat_kaggle,hardhat_kaggle:hard_hat_workers3470,2,0,0,079f36c7b787b366379c5e8e0774bc68613a76d4
hardhat_kaggle_b6e347ae6212.png,hardhat_kaggle_b6e347ae6212,hardhat_kaggle,hardhat_kaggle:hard_hat_workers3471,2,0,0,b6e347ae62123fc7cd6be157fa5197809cfdbaa7
hardhat_kaggle_059febbbed74.png,hardhat_kaggle_059febbbed74,hardhat_kaggle,hardhat_kaggle:hard_hat_workers3472,3,0,0,059febbbed748a6ed18e76343cb179f1b5802a4b
hardhat_kaggle_b46fd8cfec62.png,hardhat_kaggle_b46fd8cfec62,hardhat_kaggle,hardhat_kaggle:hard_hat_workers3473,4,0,0,b46fd8cfec6289087f479d5f5fe7165acc24b313
hardhat_kaggle_74bc18d42c09.png,hardhat_kaggle_74bc18d42c09,hardhat_kaggle,hardhat_kaggle:hard_hat_workers3474,1,0,0,74bc18d42c091d7bbcf54d550179784742eda7f7
hardhat_kaggle_6b345ac0aeda.png,hardhat_kaggle_6b345ac0aeda,hardhat_kaggle,hardhat_kaggle:hard_hat_workers3475,13,0,0,6b345ac0aeda841b2abf427f12b90eee382ace0e
hardhat_kaggle_b6c3c0206cf2.png,hardhat_kaggle_b6c3c0206cf2,hardhat_kaggle,hardhat_kaggle:hard_hat_workers3476,1,0,0,b6c3c0206cf211ec511998e921ed1d1768105abe
hardhat_kaggle_ca9854527fa8.png,hardhat_kaggle_ca9854527fa8,hardhat_kaggle,hardhat_kaggle:hard_hat_workers3477,4,0,0,ca9854527fa82d916e2e6eb8e4765bf37fe41598
hardhat_kaggle_d2040b955f09.png,hardhat_kaggle_d2040b955f09,hardhat_kaggle,hardhat_kaggle:hard_hat_workers3478,1,0,0,d2040b955f09304da05b19bdee9b1bc8e3bce22b
hardhat_kaggle_75278f93d542.png,hardhat_kaggle_75278f93d542,hardhat_kaggle,hardhat_kaggle:hard_hat_workers3479,4,0,0,75278f93d542122a2c5484c7a8817d38154bbdc1
hardhat_kaggle_7667b5aceee8.png,hardhat_kaggle_7667b5aceee8,hardhat_kaggle,hardhat_kaggle:hard_hat_workers348,9,0,0,7667b5aceee88fa3803af78e06ee5290737d213a
hardhat_kaggle_3e0235b406f7.png,hardhat_kaggle_3e0235b406f7,hardhat_kaggle,hardhat_kaggle:hard_hat_workers3480,4,0,0,3e0235b406f7ba6c69d9e8b306380d9192b4fcb7
hardhat_kaggle_013667778714.png,hardhat_kaggle_013667778714,hardhat_kaggle,hardhat_kaggle:hard_hat_workers3481,4,0,0,013667778714b80b2bdced21b555bad0fa9688b5
hardhat_kaggle_cb95b1ec318e.png,hardhat_kaggle_cb95b1ec318e,hardhat_kaggle,hardhat_kaggle:hard_hat_workers3482,10,0,0,cb95b1ec318ee1a70661ed86930b8d6e40d9ea6f
hardhat_kaggle_949b32a2f285.png,hardhat_kaggle_949b32a2f285,hardhat_kaggle,hardhat_kaggle:hard_hat_workers3483,1,0,0,949b32a2f285cb6c00990270ac00905db469ad24
hardhat_kaggle_eee595997f3f.png,hardhat_kaggle_eee595997f3f,hardhat_kaggle,hardhat_kaggle:hard_hat_workers3484,2,0,0,eee595997f3fd10adc600e443fb8215f1032a449
hardhat_kaggle_beb54aab669e.png,hardhat_kaggle_beb54aab669e,hardhat_kaggle,hardhat_kaggle:hard_hat_workers3485,7,0,0,beb54aab669e5d5c2be543178e4015072164634e
hardhat_kaggle_b56bfb5c5d1f.png,hardhat_kaggle_b56bfb5c5d1f,hardhat_kaggle,hardhat_kaggle:hard_hat_workers3486,5,0,0,b56bfb5c5d1f02c48e0232c921c7344347314fc9
hardhat_kaggle_00b5026202c3.png,hardhat_kaggle_00b5026202c3,hardhat_kaggle,hardhat_kaggle:hard_hat_workers3487,2,0,0,00b5026202c33f94d076e1f2df1902cdaf6f928c
hardhat_kaggle_3a36cc24bff9.png,hardhat_kaggle_3a36cc24bff9,hardhat_kaggle,hardhat_kaggle:hard_hat_workers3488,3,0,0,3a36cc24bff9eb810c55fc6cd8ebadb9760f8e28
hardhat_kaggle_f08560d30d92.png,hardhat_kaggle_f08560d30d92,hardhat_kaggle,hardhat_kaggle:hard_hat_workers3489,8,0,0,f08560d30d923ca37a938cb4ceb1b98660001502
hardhat_kaggle_4bd539f5ff94.png,hardhat_kaggle_4bd539f5ff94,hardhat_kaggle,hardhat_kaggle:hard_hat_workers349,4,0,0,4bd539f5ff948ac95867a05c282e95c1dc0f80ad
hardhat_kaggle_04878a44f772.png,hardhat_kaggle_04878a44f772,hardhat_kaggle,hardhat_kaggle:hard_hat_workers3490,5,0,0,04878a44f772ad19d70f5f7a07be0a68b8f2706c
hardhat_kaggle_8e86f75c5ffe.png,hardhat_kaggle_8e86f75c5ffe,hardhat_kaggle,hardhat_kaggle:hard_hat_workers3491,3,0,0,8e86f75c5ffe59ff21d3c7c7e571078c541fec36
hardhat_kaggle_01d97d2b5312.png,hardhat_kaggle_01d97d2b5312,hardhat_kaggle,hardhat_kaggle:hard_hat_workers3492,4,0,0,01d97d2b5312272334ac4244e5a88f235f2f746b
hardhat_kaggle_c175f01e8da3.png,hardhat_kaggle_c175f01e8da3,hardhat_kaggle,hardhat_kaggle:hard_hat_workers3494,13,0,0,c175f01e8da3891d1bdaa8fcb6bcab980d71eac7
hardhat_kaggle_5510569707fa.png,hardhat_kaggle_5510569707fa,hardhat_kaggle,hardhat_kaggle:hard_hat_workers3495,2,0,0,5510569707fa3d167278f3a9a8bb296923b119c3
hardhat_kaggle_67f65077fa40.png,hardhat_kaggle_67f65077fa40,hardhat_kaggle,hardhat_kaggle:hard_hat_workers3496,2,0,0,67f65077fa4019afaefc03b3de31007c12c0352f
hardhat_kaggle_f42d1c66ff21.png,hardhat_kaggle_f42d1c66ff21,hardhat_kaggle,hardhat_kaggle:hard_hat_workers3497,3,0,0,f42d1c66ff213fff0f8863cd4b01836f7be44b47
hardhat_kaggle_c4c57f03dad6.png,hardhat_kaggle_c4c57f03dad6,hardhat_kaggle,hardhat_kaggle:hard_hat_workers3498,2,0,0,c4c57f03dad6907fffeb0107b522aa81be84205f
hardhat_kaggle_543cd857d1a5.png,hardhat_kaggle_543cd857d1a5,hardhat_kaggle,hardhat_kaggle:hard_hat_workers3499,4,0,0,543cd857d1a51e9921df76433799c8a8a6582c99
hardhat_kaggle_191703bf72a7.png,hardhat_kaggle_191703bf72a7,hardhat_kaggle,hardhat_kaggle:hard_hat_workers35,2,0,0,191703bf72a72179fd6444c2ff228a5a392191e4
hardhat_kaggle_b10593f7fdb6.png,hardhat_kaggle_b10593f7fdb6,hardhat_kaggle,hardhat_kaggle:hard_hat_workers350,5,0,0,b10593f7fdb6d66dfc70422ab2f67cf00b799e21
hardhat_kaggle_a032b7e569b8.png,hardhat_kaggle_a032b7e569b8,hardhat_kaggle,hardhat_kaggle:hard_hat_workers3500,2,0,0,a032b7e569b85f0473db257598a6496f7f145862
hardhat_kaggle_f615e04193c9.png,hardhat_kaggle_f615e04193c9,hardhat_kaggle,hardhat_kaggle:hard_hat_workers3501,1,0,0,f615e04193c9f0f44556bdcd4adb7382a1ba461e
hardhat_kaggle_285d1a497529.png,hardhat_kaggle_285d1a497529,hardhat_kaggle,hardhat_kaggle:hard_hat_workers3502,1,0,0,285d1a49752910abeef14b413e2613c7f9ce348b
hardhat_kaggle_d21410946e48.png,hardhat_kaggle_d21410946e48,hardhat_kaggle,hardhat_kaggle:hard_hat_workers3503,14,0,0,d21410946e48a51a5b5a536534064916c49eed07
hardhat_kaggle_e9d5e615ea89.png,hardhat_kaggle_e9d5e615ea89,hardhat_kaggle,hardhat_kaggle:hard_hat_workers3505,2,0,0,e9d5e615ea896d690b40b53d7b32fa53d55d3c7d
hardhat_kaggle_d135cb9a2c03.png,hardhat_kaggle_d135cb9a2c03,hardhat_kaggle,hardhat_kaggle:hard_hat_workers3506,7,0,0,d135cb9a2c037d21bffa15463b9db1c96627bdc5
hardhat_kaggle_877cad08f397.png,hardhat_kaggle_877cad08f397,hardhat_kaggle,hardhat_kaggle:hard_hat_workers3507,2,0,0,877cad08f3970beaa35f815e257667e36b908ea5
hardhat_kaggle_c86a9c83f42d.png,hardhat_kaggle_c86a9c83f42d,hardhat_kaggle,hardhat_kaggle:hard_hat_workers3508,2,0,0,c86a9c83f42d88dd41fe78365c120b1f52ce01f3
hardhat_kaggle_83abaf3fbc74.png,hardhat_kaggle_83abaf3fbc74,hardhat_kaggle,hardhat_kaggle:hard_hat_workers3509,2,0,0,83abaf3fbc740b519bec13d21d53dbb35a3e4724
hardhat_kaggle_95f64cb90172.png,hardhat_kaggle_95f64cb90172,hardhat_kaggle,hardhat_kaggle:hard_hat_workers3510,5,0,0,95f64cb90172a070e8c0603138e055c27f21e632
hardhat_kaggle_20ef7998c074.png,hardhat_kaggle_20ef7998c074,hardhat_kaggle,hardhat_kaggle:hard_hat_workers3512,4,0,0,20ef7998c0749b529c043c60f766bd58f08e1d2f
hardhat_kaggle_675b8e219172.png,hardhat_kaggle_675b8e219172,hardhat_kaggle,hardhat_kaggle:hard_hat_workers3514,4,0,0,675b8e219172579024a0cb8ca9910ba940aa8443
hardhat_kaggle_e6b2452691cf.png,hardhat_kaggle_e6b2452691cf,hardhat_kaggle,hardhat_kaggle:hard_hat_workers3515,2,0,0,e6b2452691cfe742ae49ef67bf80603e6953e907
hardhat_kaggle_ebcf50964fb7.png,hardhat_kaggle_ebcf50964fb7,hardhat_kaggle,hardhat_kaggle:hard_hat_workers3516,4,0,0,ebcf50964fb7ae416cd16ac0673ab3055a7394fc
hardhat_kaggle_9eff6c087175.png,hardhat_kaggle_9eff6c087175,hardhat_kaggle,hardhat_kaggle:hard_hat_workers3519,2,0,0,9eff6c08717509653ff825eaf9fa637740b453ca
hardhat_kaggle_3c66d517e017.png,hardhat_kaggle_3c66d517e017,hardhat_kaggle,hardhat_kaggle:hard_hat_workers352,8,0,0,3c66d517e0176e19b0bfe1fc574025b20391e195
hardhat_kaggle_d66744dcce13.png,hardhat_kaggle_d66744dcce13,hardhat_kaggle,hardhat_kaggle:hard_hat_workers3520,2,0,0,d66744dcce135c2f42cec0bd7fca4723225313a5
hardhat_kaggle_4db9f1207baa.png,hardhat_kaggle_4db9f1207baa,hardhat_kaggle,hardhat_kaggle:hard_hat_workers3521,5,0,0,4db9f1207baaf1fa5b3bdb5eb27e1719ee25368d
hardhat_kaggle_d2ed6a319e78.png,hardhat_kaggle_d2ed6a319e78,hardhat_kaggle,hardhat_kaggle:hard_hat_workers3522,2,0,0,d2ed6a319e780f0ed8c96ceebb29e3e81d9cd0e0
hardhat_kaggle_bde4d7fddcec.png,hardhat_kaggle_bde4d7fddcec,hardhat_kaggle,hardhat_kaggle:hard_hat_workers3523,5,0,0,bde4d7fddcec6bbb4736ba85861a281cf6b96565
hardhat_kaggle_f3d0d503d764.png,hardhat_kaggle_f3d0d503d764,hardhat_kaggle,hardhat_kaggle:hard_hat_workers3524,1,0,0,f3d0d503d7643968840c8e84d0bf6aaa46f70633
hardhat_kaggle_03c3131c09e2.png,hardhat_kaggle_03c3131c09e2,hardhat_kaggle,hardhat_kaggle:hard_hat_workers3525,1,0,0,03c3131c09e21ae5c80ead4599432b7fd49671ac
hardhat_kaggle_48b33e6579b3.png,hardhat_kaggle_48b33e6579b3,hardhat_kaggle,hardhat_kaggle:hard_hat_workers3526,4,0,0,48b33e6579b3b49ad5d7cfe0ff6b02e93843bd20
hardhat_kaggle_6e87cc847f89.png,hardhat_kaggle_6e87cc847f89,hardhat_kaggle,hardhat_kaggle:hard_hat_workers3527,3,0,0,6e87cc847f89ee51601bd28cded585721a344f7b
hardhat_kaggle_e526042707b4.png,hardhat_kaggle_e526042707b4,hardhat_kaggle,hardhat_kaggle:hard_hat_workers3528,1,0,0,e526042707b47c0e6843be9f792763b6b42aea24
hardhat_kaggle_0568a971eb1b.png,hardhat_kaggle_0568a971eb1b,hardhat_kaggle,hardhat_kaggle:hard_hat_workers3529,10,0,0,0568a971eb1bd6bf2ef3bb4f63f93a8561552a2a
hardhat_kaggle_1b61fb3a3c1d.png,hardhat_kaggle_1b61fb3a3c1d,hardhat_kaggle,hardhat_kaggle:hard_hat_workers353,2,0,0,1b61fb3a3c1d9829235d0aeda79fcedeb471b653
hardhat_kaggle_6ae61fc0e136.png,hardhat_kaggle_6ae61fc0e136,hardhat_kaggle,hardhat_kaggle:hard_hat_workers3530,9,0,0,6ae61fc0e1369581e5e85aed430115dfd990184d
hardhat_kaggle_3e38fbd1aa1c.png,hardhat_kaggle_3e38fbd1aa1c,hardhat_kaggle,hardhat_kaggle:hard_hat_workers3531,8,0,0,3e38fbd1aa1ce832c947ee96a4d4654f4f4478a9
hardhat_kaggle_66c1d0f83bab.png,hardhat_kaggle_66c1d0f83bab,hardhat_kaggle,hardhat_kaggle:hard_hat_workers3532,2,0,0,66c1d0f83babe71ba0280b5d718a4d4ad8d368c4
hardhat_kaggle_95b405f0d1b5.png,hardhat_kaggle_95b405f0d1b5,hardhat_kaggle,hardhat_kaggle:hard_hat_workers3533,2,0,0,95b405f0d1b5bcfba0f1c475db7cb3c0d9d4e58f
hardhat_kaggle_9a5fca9f9a32.png,hardhat_kaggle_9a5fca9f9a32,hardhat_kaggle,hardhat_kaggle:hard_hat_workers3534,3,0,0,9a5fca9f9a32d5d1f376d53cf70e5ad0d7c437a5
hardhat_kaggle_eb16c937a244.png,hardhat_kaggle_eb16c937a244,hardhat_kaggle,hardhat_kaggle:hard_hat_workers3535,2,0,0,eb16c937a2441c1c45d873c31ad0a4173348c5cc
hardhat_kaggle_68a29aa30bef.png,hardhat_kaggle_68a29aa30bef,hardhat_kaggle,hardhat_kaggle:hard_hat_workers3536,4,0,0,68a29aa30beff578998feaea41e01b211bc6fd0f
hardhat_kaggle_0ecf13e15f47.png,hardhat_kaggle_0ecf13e15f47,hardhat_kaggle,hardhat_kaggle:hard_hat_workers3537,4,0,0,0ecf13e15f474045caac0cbf5098ed489b7d91ed
hardhat_kaggle_d6d36d96cab2.png,hardhat_kaggle_d6d36d96cab2,hardhat_kaggle,hardhat_kaggle:hard_hat_workers3538,6,0,0,d6d36d96cab234dbca81ad7cf2c1bcccf8645a95
hardhat_kaggle_10d3dac00761.png,hardhat_kaggle_10d3dac00761,hardhat_kaggle,hardhat_kaggle:hard_hat_workers3539,4,0,0,10d3dac007612f39d687c6752cd22b7d8c1f30a9
hardhat_kaggle_0a48b5a45e9b.png,hardhat_kaggle_0a48b5a45e9b,hardhat_kaggle,hardhat_kaggle:hard_hat_workers354,1,0,0,0a48b5a45e9bd46617285fb7a9adbcd10bdbf85e
hardhat_kaggle_b422ad5a2cb2.png,hardhat_kaggle_b422ad5a2cb2,hardhat_kaggle,hardhat_kaggle:hard_hat_workers3540,2,0,0,b422ad5a2cb25df23c21447f846bf66388f2246f
hardhat_kaggle_bd6e63d9c76d.png,hardhat_kaggle_bd6e63d9c76d,hardhat_kaggle,hardhat_kaggle:hard_hat_workers3542,1,0,0,bd6e63d9c76d507f69d3901b12458606fe4e3977
hardhat_kaggle_01e977b41b45.png,hardhat_kaggle_01e977b41b45,hardhat_kaggle,hardhat_kaggle:hard_hat_workers3543,2,0,0,01e977b41b45d702c0afdace595858430df8a5e2
hardhat_kaggle_932965736353.png,hardhat_kaggle_932965736353,hardhat_kaggle,hardhat_kaggle:hard_hat_workers3544,4,0,0,9329657363532eb7619e575d3524879c8a905b05
hardhat_kaggle_1321b14c77cf.png,hardhat_kaggle_1321b14c77cf,hardhat_kaggle,hardhat_kaggle:hard_hat_workers3545,7,0,0,1321b14c77cfee0828f3c926eda7d2e953b4bf99
hardhat_kaggle_f37701bd0925.png,hardhat_kaggle_f37701bd0925,hardhat_kaggle,hardhat_kaggle:hard_hat_workers3546,4,0,0,f37701bd092554e8f05b59a8ec93e705e2a23816
hardhat_kaggle_776643fca3a2.png,hardhat_kaggle_776643fca3a2,hardhat_kaggle,hardhat_kaggle:hard_hat_workers3547,2,0,0,776643fca3a2affe625bff8ae6004f24a93c0c6f
hardhat_kaggle_a95334f68610.png,hardhat_kaggle_a95334f68610,hardhat_kaggle,hardhat_kaggle:hard_hat_workers3548,5,0,0,a95334f68610f2b2ac40b81a50a7780993eb44e2
hardhat_kaggle_1160b214c0f3.png,hardhat_kaggle_1160b214c0f3,hardhat_kaggle,hardhat_kaggle:hard_hat_workers3549,3,0,0,1160b214c0f38f7e5d79ccf820c62d5171e9e1ad
hardhat_kaggle_b60cda03c114.png,hardhat_kaggle_b60cda03c114,hardhat_kaggle,hardhat_kaggle:hard_hat_workers355,4,0,0,b60cda03c11404a58987faf77a956475385b6e16
hardhat_kaggle_35f3201012b4.png,hardhat_kaggle_35f3201012b4,hardhat_kaggle,hardhat_kaggle:hard_hat_workers3550,2,0,0,35f3201012b46e5ccb021b6f0700f70ce85c86ec
hardhat_kaggle_309d9c7968ff.png,hardhat_kaggle_309d9c7968ff,hardhat_kaggle,hardhat_kaggle:hard_hat_workers3552,1,0,0,309d9c7968ffba16bf6328c9bcb04c134434f81b
hardhat_kaggle_e07abe72d523.png,hardhat_kaggle_e07abe72d523,hardhat_kaggle,hardhat_kaggle:hard_hat_workers3553,5,0,0,e07abe72d5231a07517cce4225a9e096de7f7d01
hardhat_kaggle_ebdf8bf00486.png,hardhat_kaggle_ebdf8bf00486,hardhat_kaggle,hardhat_kaggle:hard_hat_workers3554,17,0,0,ebdf8bf00486ba1629699c33e19f164e11985994
hardhat_kaggle_6be7a7c1ea07.png,hardhat_kaggle_6be7a7c1ea07,hardhat_kaggle,hardhat_kaggle:hard_hat_workers3555,2,0,0,6be7a7c1ea07871514f919ed91872067990221c4
hardhat_kaggle_223c9e20e168.png,hardhat_kaggle_223c9e20e168,hardhat_kaggle,hardhat_kaggle:hard_hat_workers3556,5,0,0,223c9e20e168926e7b3d0e05db71038174e99320
hardhat_kaggle_01e6bf93b282.png,hardhat_kaggle_01e6bf93b282,hardhat_kaggle,hardhat_kaggle:hard_hat_workers3557,2,0,0,01e6bf93b282be327f1b2f935edf87cf92dc0b87
hardhat_kaggle_de14bbaafd2a.png,hardhat_kaggle_de14bbaafd2a,hardhat_kaggle,hardhat_kaggle:hard_hat_workers3558,2,0,0,de14bbaafd2a574c69b296b7b30afafda80e0a30
hardhat_kaggle_883b479128a8.png,hardhat_kaggle_883b479128a8,hardhat_kaggle,hardhat_kaggle:hard_hat_workers3559,3,0,0,883b479128a84307ee7f4b135d738f19b1b9079e
hardhat_kaggle_ca45bdc2fe09.png,hardhat_kaggle_ca45bdc2fe09,hardhat_kaggle,hardhat_kaggle:hard_hat_workers356,2,0,0,ca45bdc2fe09861babd0d5241c4d07f80002fe90
hardhat_kaggle_740d2d8c9613.png,hardhat_kaggle_740d2d8c9613,hardhat_kaggle,hardhat_kaggle:hard_hat_workers3560,3,0,0,740d2d8c9613c9f06d652ab44bba1f897e1d4f5b
hardhat_kaggle_11b3636caff7.png,hardhat_kaggle_11b3636caff7,hardhat_kaggle,hardhat_kaggle:hard_hat_workers3561,4,0,0,11b3636caff7851e9648a87a6c9c305c83a0a752
hardhat_kaggle_c79cbb33d2f1.png,hardhat_kaggle_c79cbb33d2f1,hardhat_kaggle,hardhat_kaggle:hard_hat_workers3562,7,0,0,c79cbb33d2f1ba4cf711ae80162811cebd87fe00
hardhat_kaggle_9ac850ce9c72.png,hardhat_kaggle_9ac850ce9c72,hardhat_kaggle,hardhat_kaggle:hard_hat_workers3563,2,0,0,9ac850ce9c72c5c38c6208d83dea5d900f28c0ad
hardhat_kaggle_3d240f3e9bf0.png,hardhat_kaggle_3d240f3e9bf0,hardhat_kaggle,hardhat_kaggle:hard_hat_workers3564,8,0,0,3d240f3e9bf07bafcffbf6ae89e6becf74dcc7de
hardhat_kaggle_dbbfb2d41f85.png,hardhat_kaggle_dbbfb2d41f85,hardhat_kaggle,hardhat_kaggle:hard_hat_workers3565,6,0,0,dbbfb2d41f856bb9235aff8add1be2d4323632d8
hardhat_kaggle_273f925c608b.png,hardhat_kaggle_273f925c608b,hardhat_kaggle,hardhat_kaggle:hard_hat_workers3566,1,0,0,273f925c608bfac2553700c3484835e9b7d16089
hardhat_kaggle_d603b0099feb.png,hardhat_kaggle_d603b0099feb,hardhat_kaggle,hardhat_kaggle:hard_hat_workers3567,2,0,0,d603b0099feb2ff905aa5e68fb3babe107871822
hardhat_kaggle_8519411b9aed.png,hardhat_kaggle_8519411b9aed,hardhat_kaggle,hardhat_kaggle:hard_hat_workers3568,3,0,0,8519411b9aed5b043566a0b1bcd7a5762fb18253
hardhat_kaggle_2bdd1d9f870c.png,hardhat_kaggle_2bdd1d9f870c,hardhat_kaggle,hardhat_kaggle:hard_hat_workers3569,6,0,0,2bdd1d9f870cef8c5c3125d7a8d6b34f59acfa13
hardhat_kaggle_562eed518402.png,hardhat_kaggle_562eed518402,hardhat_kaggle,hardhat_kaggle:hard_hat_workers357,4,0,0,562eed5184025d308f694c219f05b980665829ff
hardhat_kaggle_b8aab9cf27e0.png,hardhat_kaggle_b8aab9cf27e0,hardhat_kaggle,hardhat_kaggle:hard_hat_workers3570,4,0,0,b8aab9cf27e01bf33e5ac7846ad89dad0c56b521
hardhat_kaggle_a4b74d5caa14.png,hardhat_kaggle_a4b74d5caa14,hardhat_kaggle,hardhat_kaggle:hard_hat_workers3571,10,0,0,a4b74d5caa14e66a7e6f47122e8aed5998b6fcda
hardhat_kaggle_dbb25f5e3613.png,hardhat_kaggle_dbb25f5e3613,hardhat_kaggle,hardhat_kaggle:hard_hat_workers3572,6,0,0,dbb25f5e36131cbe9ef81281231757dc4dc966aa
hardhat_kaggle_86e1e7edfcc2.png,hardhat_kaggle_86e1e7edfcc2,hardhat_kaggle,hardhat_kaggle:hard_hat_workers3573,2,0,0,86e1e7edfcc2af78ae8df5980101d0958c7a6f73
hardhat_kaggle_b9e32bd1b028.png,hardhat_kaggle_b9e32bd1b028,hardhat_kaggle,hardhat_kaggle:hard_hat_workers3574,1,0,0,b9e32bd1b028e2a51c0a0e0876d71fa923fe4a4c
hardhat_kaggle_7fa6dc7f9635.png,hardhat_kaggle_7fa6dc7f9635,hardhat_kaggle,hardhat_kaggle:hard_hat_workers3575,1,0,0,7fa6dc7f9635b07dc1f195bcdcffa7e1bf12e4a8
hardhat_kaggle_b8a482469fc4.png,hardhat_kaggle_b8a482469fc4,hardhat_kaggle,hardhat_kaggle:hard_hat_workers3576,7,0,0,b8a482469fc46e9def2bf0cd4eeab8fbd82366a2
hardhat_kaggle_b669a7d001b1.png,hardhat_kaggle_b669a7d001b1,hardhat_kaggle,hardhat_kaggle:hard_hat_workers3577,3,0,0,b669a7d001b1c594bcddf628a02d2d22df0aad6a
hardhat_kaggle_5f968066ec07.png,hardhat_kaggle_5f968066ec07,hardhat_kaggle,hardhat_kaggle:hard_hat_workers3578,1,0,0,5f968066ec07174d0832e2ac36656cd773553745
hardhat_kaggle_fcabd854e350.png,hardhat_kaggle_fcabd854e350,hardhat_kaggle,hardhat_kaggle:hard_hat_workers3579,8,0,0,fcabd854e350e70c3d5c6e0631dc2841cd6760e1
hardhat_kaggle_1010e736c981.png,hardhat_kaggle_1010e736c981,hardhat_kaggle,hardhat_kaggle:hard_hat_workers358,3,0,0,1010e736c981e2a98fa81fa6d130d4a5915f91f5
hardhat_kaggle_cc92e5af4a8b.png,hardhat_kaggle_cc92e5af4a8b,hardhat_kaggle,hardhat_kaggle:hard_hat_workers3581,1,0,0,cc92e5af4a8b7e77900bcca001ff9b347d0e6108
hardhat_kaggle_fbd9061f4430.png,hardhat_kaggle_fbd9061f4430,hardhat_kaggle,hardhat_kaggle:hard_hat_workers3582,8,0,0,fbd9061f44305035183c16987ba0699794ba75ef
hardhat_kaggle_d8bc925d86a0.png,hardhat_kaggle_d8bc925d86a0,hardhat_kaggle,hardhat_kaggle:hard_hat_workers3583,6,0,0,d8bc925d86a08ed305fcf611de36c328d3802be9
hardhat_kaggle_3e01008f6178.png,hardhat_kaggle_3e01008f6178,hardhat_kaggle,hardhat_kaggle:hard_hat_workers3584,8,0,0,3e01008f61784b88fc6b563d34b1f25bc0b7199e
hardhat_kaggle_b050d12e2021.png,hardhat_kaggle_b050d12e2021,hardhat_kaggle,hardhat_kaggle:hard_hat_workers3585,2,0,0,b050d12e202153f4dc4f17aa4291018eee194c9e
hardhat_kaggle_e8fb809d6984.png,hardhat_kaggle_e8fb809d6984,hardhat_kaggle,hardhat_kaggle:hard_hat_workers3587,1,0,0,e8fb809d69841b4fa5c1820d7692f221a131c1ff
hardhat_kaggle_3428434d59bc.png,hardhat_kaggle_3428434d59bc,hardhat_kaggle,hardhat_kaggle:hard_hat_workers3588,1,0,0,3428434d59bcfc73ff730ef843021a1d89b049e7
hardhat_kaggle_fa53ac596625.png,hardhat_kaggle_fa53ac596625,hardhat_kaggle,hardhat_kaggle:hard_hat_workers3589,2,0,0,fa53ac596625f8853cdd62d4bd16371125a9dfb0
hardhat_kaggle_657da898f663.png,hardhat_kaggle_657da898f663,hardhat_kaggle,hardhat_kaggle:hard_hat_workers359,2,0,0,657da898f663aa526c7788488734073320b2dfa1
hardhat_kaggle_c3066c547255.png,hardhat_kaggle_c3066c547255,hardhat_kaggle,hardhat_kaggle:hard_hat_workers3590,1,0,0,c3066c547255fc706504fe903db88724e1e0f148
hardhat_kaggle_a9b8c92595c1.png,hardhat_kaggle_a9b8c92595c1,hardhat_kaggle,hardhat_kaggle:hard_hat_workers3591,2,0,0,a9b8c92595c1992027afca4ceb69c40fd4a3826d
hardhat_kaggle_7726c31509bd.png,hardhat_kaggle_7726c31509bd,hardhat_kaggle,hardhat_kaggle:hard_hat_workers3592,1,0,0,7726c31509bd9becaed2b9b2b4831bd54bafd98d
hardhat_kaggle_eba7ba795edc.png,hardhat_kaggle_eba7ba795edc,hardhat_kaggle,hardhat_kaggle:hard_hat_workers3593,10,0,0,eba7ba795edcd7305d27ecec18d9f21649f299a7
hardhat_kaggle_3ea3eb01102d.png,hardhat_kaggle_3ea3eb01102d,hardhat_kaggle,hardhat_kaggle:hard_hat_workers3594,2,0,0,3ea3eb01102dcf24e7d94a262c1d038ccf98f173
hardhat_kaggle_c2fae1ce8d50.png,hardhat_kaggle_c2fae1ce8d50,hardhat_kaggle,hardhat_kaggle:hard_hat_workers3595,1,0,0,c2fae1ce8d50a2dbf06489cc6a134a24a0c890e0
hardhat_kaggle_b756fa63b686.png,hardhat_kaggle_b756fa63b686,hardhat_kaggle,hardhat_kaggle:hard_hat_workers3596,2,0,0,b756fa63b6868712203a1eaa7655698eaacbc5c0
hardhat_kaggle_a66f154b108d.png,hardhat_kaggle_a66f154b108d,hardhat_kaggle,hardhat_kaggle:hard_hat_workers3597,1,0,0,a66f154b108d84398bccd5e8d5060ca74c615ba5
hardhat_kaggle_cf89b89330ee.png,hardhat_kaggle_cf89b89330ee,hardhat_kaggle,hardhat_kaggle:hard_hat_workers3598,13,0,0,cf89b89330eebf40ce37d3d039d997ff6868f732
hardhat_kaggle_0a6f58140108.png,hardhat_kaggle_0a6f58140108,hardhat_kaggle,hardhat_kaggle:hard_hat_workers3599,4,0,0,0a6f58140108c82e5ea9a3162da0255c30194f90
hardhat_kaggle_261d9ac3952a.png,hardhat_kaggle_261d9ac3952a,hardhat_kaggle,hardhat_kaggle:hard_hat_workers36,2,0,0,261d9ac3952abecbf9b6fbda6352defcf19a1752
hardhat_kaggle_def1cd089e8f.png,hardhat_kaggle_def1cd089e8f,hardhat_kaggle,hardhat_kaggle:hard_hat_workers360,3,0,0,def1cd089e8f0a2af38fb900e595d6f311af2e1f
hardhat_kaggle_25038ebc4cf2.png,hardhat_kaggle_25038ebc4cf2,hardhat_kaggle,hardhat_kaggle:hard_hat_workers3600,2,0,0,25038ebc4cf29fc8ecfa588635197446fbba45aa
hardhat_kaggle_f06369f833d9.png,hardhat_kaggle_f06369f833d9,hardhat_kaggle,hardhat_kaggle:hard_hat_workers3601,8,0,0,f06369f833d945276b15c83b88cac8643440de06
hardhat_kaggle_cbb17ff6f9c8.png,hardhat_kaggle_cbb17ff6f9c8,hardhat_kaggle,hardhat_kaggle:hard_hat_workers3602,5,0,0,cbb17ff6f9c82ac7d89a1be87ffca4c767c1e0bc
hardhat_kaggle_cfae026280a9.png,hardhat_kaggle_cfae026280a9,hardhat_kaggle,hardhat_kaggle:hard_hat_workers3603,2,0,0,cfae026280a91107e9e44d655240c5e4dc9e266b
hardhat_kaggle_64a4964fb783.png,hardhat_kaggle_64a4964fb783,hardhat_kaggle,hardhat_kaggle:hard_hat_workers3604,2,0,0,64a4964fb78339b58a2622b81d00c111aef29e55
hardhat_kaggle_aafba3175de0.png,hardhat_kaggle_aafba3175de0,hardhat_kaggle,hardhat_kaggle:hard_hat_workers3605,3,0,0,aafba3175de0fe6dd0019fb58945667811a6caf3
hardhat_kaggle_462806972199.png,hardhat_kaggle_462806972199,hardhat_kaggle,hardhat_kaggle:hard_hat_workers3606,1,0,0,46280697219916169efe6ba1e8ede5aa924a43ce
hardhat_kaggle_e51d9c92ffb2.png,hardhat_kaggle_e51d9c92ffb2,hardhat_kaggle,hardhat_kaggle:hard_hat_workers3607,1,0,0,e51d9c92ffb2aa67745c9a935140bbccf0dafaa3
hardhat_kaggle_849b73943948.png,hardhat_kaggle_849b73943948,hardhat_kaggle,hardhat_kaggle:hard_hat_workers3608,6,0,0,849b73943948f4d6d5f39f532962819fbb3a5156
hardhat_kaggle_ccb55416f5e1.png,hardhat_kaggle_ccb55416f5e1,hardhat_kaggle,hardhat_kaggle:hard_hat_workers361,3,0,0,ccb55416f5e168a54a52f7c41cca7ed3e1a41e7a
hardhat_kaggle_37d41001f139.png,hardhat_kaggle_37d41001f139,hardhat_kaggle,hardhat_kaggle:hard_hat_workers3611,2,0,0,37d41001f1390e9d2dc26932af7f60a7d90d35ee
hardhat_kaggle_cc921e174d72.png,hardhat_kaggle_cc921e174d72,hardhat_kaggle,hardhat_kaggle:hard_hat_workers3612,1,0,0,cc921e174d72b083c8da8113f7e972389be4f7cd
hardhat_kaggle_bc6bc2c8c325.png,hardhat_kaggle_bc6bc2c8c325,hardhat_kaggle,hardhat_kaggle:hard_hat_workers3613,3,0,0,bc6bc2c8c325c7a2d04f10f127fd5e0b5a3afc8f
hardhat_kaggle_fb5f72cdfdf2.png,hardhat_kaggle_fb5f72cdfdf2,hardhat_kaggle,hardhat_kaggle:hard_hat_workers3614,10,0,0,fb5f72cdfdf2bf828a91a1ad863e1ffd5c5a9a7f
hardhat_kaggle_da51f241de8a.png,hardhat_kaggle_da51f241de8a,hardhat_kaggle,hardhat_kaggle:hard_hat_workers3615,7,0,0,da51f241de8a68e42887445563c2b138cfae12bf
hardhat_kaggle_5f6323764a16.png,hardhat_kaggle_5f6323764a16,hardhat_kaggle,hardhat_kaggle:hard_hat_workers3617,2,0,0,5f6323764a1686603bcf6300a138f5b2793932d1
hardhat_kaggle_829a53939071.png,hardhat_kaggle_829a53939071,hardhat_kaggle,hardhat_kaggle:hard_hat_workers3618,3,0,0,829a53939071c020932f0fb8970d42c1e9fcc681
hardhat_kaggle_94454eec5bbe.png,hardhat_kaggle_94454eec5bbe,hardhat_kaggle,hardhat_kaggle:hard_hat_workers3619,4,0,0,94454eec5bbe677f464d68b9f19a933899f77ebe
hardhat_kaggle_293d30df5ec0.png,hardhat_kaggle_293d30df5ec0,hardhat_kaggle,hardhat_kaggle:hard_hat_workers362,3,0,0,293d30df5ec0c37e7c11d0b5c897aca30e7ae5f6
hardhat_kaggle_db57ecff4f7a.png,hardhat_kaggle_db57ecff4f7a,hardhat_kaggle,hardhat_kaggle:hard_hat_workers3620,9,0,0,db57ecff4f7a8141ad1757dcb0056abdf8f410a5
hardhat_kaggle_b853a6992247.png,hardhat_kaggle_b853a6992247,hardhat_kaggle,hardhat_kaggle:hard_hat_workers3621,4,0,0,b853a6992247ad7d08f7284e86853507c1e65af9
hardhat_kaggle_692600f3f14f.png,hardhat_kaggle_692600f3f14f,hardhat_kaggle,hardhat_kaggle:hard_hat_workers3622,3,0,0,692600f3f14f8b3bb0e5691b8059f15bf7bfca45
hardhat_kaggle_587edbc16bad.png,hardhat_kaggle_587edbc16bad,hardhat_kaggle,hardhat_kaggle:hard_hat_workers3623,6,0,0,587edbc16bada60c39409586a019076e924af5cb
hardhat_kaggle_d014043ddb9c.png,hardhat_kaggle_d014043ddb9c,hardhat_kaggle,hardhat_kaggle:hard_hat_workers3624,6,0,0,d014043ddb9c4c073e01b754a2e75ac006e7ebcf
hardhat_kaggle_e2e0c6bebcb9.png,hardhat_kaggle_e2e0c6bebcb9,hardhat_kaggle,hardhat_kaggle:hard_hat_workers3625,12,0,0,e2e0c6bebcb95bad18445638cd2ad6771af8bdc1
hardhat_kaggle_cd1e0a4bd24f.png,hardhat_kaggle_cd1e0a4bd24f,hardhat_kaggle,hardhat_kaggle:hard_hat_workers3627,4,0,0,cd1e0a4bd24f2856b82a5cf0075f88d776e89883
hardhat_kaggle_66e302937229.png,hardhat_kaggle_66e302937229,hardhat_kaggle,hardhat_kaggle:hard_hat_workers3628,3,0,0,66e302937229ad3de726f0c0e6bb2009a25a74ca
hardhat_kaggle_dd5317f396c0.png,hardhat_kaggle_dd5317f396c0,hardhat_kaggle,hardhat_kaggle:hard_hat_workers3629,2,0,0,dd5317f396c06b20639b133c52c45fe29601d593
hardhat_kaggle_caf8021c3107.png,hardhat_kaggle_caf8021c3107,hardhat_kaggle,hardhat_kaggle:hard_hat_workers363,1,0,0,caf8021c31075fc06c9f7ec38b6df7685d6e0033
hardhat_kaggle_9e7071af8cf1.png,hardhat_kaggle_9e7071af8cf1,hardhat_kaggle,hardhat_kaggle:hard_hat_workers3630,1,0,0,9e7071af8cf163380e041452be66cda4a66400e7
hardhat_kaggle_9a301870dcd6.png,hardhat_kaggle_9a301870dcd6,hardhat_kaggle,hardhat_kaggle:hard_hat_workers3631,1,0,0,9a301870dcd6bc58489317e7b92e1af720d07bfe
hardhat_kaggle_2ac9d37b72f2.png,hardhat_kaggle_2ac9d37b72f2,hardhat_kaggle,hardhat_kaggle:hard_hat_workers3632,1,0,0,2ac9d37b72f2ecceeee620830177bb2cbc898976
hardhat_kaggle_ed292491d9fd.png,hardhat_kaggle_ed292491d9fd,hardhat_kaggle,hardhat_kaggle:hard_hat_workers3633,4,0,0,ed292491d9fd982b14801a29f7d19f0c030b7358
hardhat_kaggle_2d18e41d7846.png,hardhat_kaggle_2d18e41d7846,hardhat_kaggle,hardhat_kaggle:hard_hat_workers3634,2,0,0,2d18e41d7846cc7630f9210568b8f83bfe70522b
hardhat_kaggle_384347ce8708.png,hardhat_kaggle_384347ce8708,hardhat_kaggle,hardhat_kaggle:hard_hat_workers3636,7,0,0,384347ce870853e2465dedccae6a0ff866f20ff8
hardhat_kaggle_409dd94a667b.png,hardhat_kaggle_409dd94a667b,hardhat_kaggle,hardhat_kaggle:hard_hat_workers3637,8,0,0,409dd94a667ba89ae45a8a83eef3975c37d81391
hardhat_kaggle_d2a0bf0d86b5.png,hardhat_kaggle_d2a0bf0d86b5,hardhat_kaggle,hardhat_kaggle:hard_hat_workers3638,4,0,0,d2a0bf0d86b5f7de0a26e1fcda6b73d5d1cd5fd3
hardhat_kaggle_9e2674b8b65d.png,hardhat_kaggle_9e2674b8b65d,hardhat_kaggle,hardhat_kaggle:hard_hat_workers3639,4,0,0,9e2674b8b65db181ab4ac3728e5f233d262d2252
hardhat_kaggle_aa638a12e9c3.png,hardhat_kaggle_aa638a12e9c3,hardhat_kaggle,hardhat_kaggle:hard_hat_workers364,1,0,0,aa638a12e9c3dfc29cfce155b5063314fbacac9a
hardhat_kaggle_9435ab1fd6c5.png,hardhat_kaggle_9435ab1fd6c5,hardhat_kaggle,hardhat_kaggle:hard_hat_workers3640,2,0,0,9435ab1fd6c5d7bb7b48b20683b89c6ab9795b06
hardhat_kaggle_32bfc538a4c4.png,hardhat_kaggle_32bfc538a4c4,hardhat_kaggle,hardhat_kaggle:hard_hat_workers3641,2,0,0,32bfc538a4c4a5bf1dc08b7ffa52192c4fa9cf79
hardhat_kaggle_da878d21228c.png,hardhat_kaggle_da878d21228c,hardhat_kaggle,hardhat_kaggle:hard_hat_workers3642,3,0,0,da878d21228ce07daa2570d2705d6e9445a596f1
hardhat_kaggle_20683244b745.png,hardhat_kaggle_20683244b745,hardhat_kaggle,hardhat_kaggle:hard_hat_workers3645,2,0,0,20683244b74538cda51e216f70ba1b988aa1e579
hardhat_kaggle_f573a650db09.png,hardhat_kaggle_f573a650db09,hardhat_kaggle,hardhat_kaggle:hard_hat_workers3646,2,0,0,f573a650db09732f486027129dcee16129313348
hardhat_kaggle_2cd4083cca1c.png,hardhat_kaggle_2cd4083cca1c,hardhat_kaggle,hardhat_kaggle:hard_hat_workers3647,3,0,0,2cd4083cca1c401a961fe361480830e4b30f5aac
hardhat_kaggle_e347d83481cc.png,hardhat_kaggle_e347d83481cc,hardhat_kaggle,hardhat_kaggle:hard_hat_workers3648,5,0,0,e347d83481ccb90bc8b30cd924875e6f9f82ef19
hardhat_kaggle_976d37de915b.png,hardhat_kaggle_976d37de915b,hardhat_kaggle,hardhat_kaggle:hard_hat_workers3649,1,0,0,976d37de915b80922612dfa9c02f4880de4b8d07
hardhat_kaggle_cd99620265cf.png,hardhat_kaggle_cd99620265cf,hardhat_kaggle,hardhat_kaggle:hard_hat_workers365,4,0,0,cd99620265cff381c54958312f1410665530d510
hardhat_kaggle_7a43dfec9ff6.png,hardhat_kaggle_7a43dfec9ff6,hardhat_kaggle,hardhat_kaggle:hard_hat_workers3651,4,0,0,7a43dfec9ff643cfb2db2e045a78b96dd80d32b2
hardhat_kaggle_55fec467dfe9.png,hardhat_kaggle_55fec467dfe9,hardhat_kaggle,hardhat_kaggle:hard_hat_workers3652,4,0,0,55fec467dfe97a4662fcc4f0525e8f1701b760b0
hardhat_kaggle_667f86527c97.png,hardhat_kaggle_667f86527c97,hardhat_kaggle,hardhat_kaggle:hard_hat_workers3653,1,0,0,667f86527c976d313bf41b0f6b3e20639ee5d379
hardhat_kaggle_d9a2ed833bd9.png,hardhat_kaggle_d9a2ed833bd9,hardhat_kaggle,hardhat_kaggle:hard_hat_workers3654,1,0,0,d9a2ed833bd9bf8cd31ae6a1ebf3c49a2a3c7c90
hardhat_kaggle_c11ee560dc99.png,hardhat_kaggle_c11ee560dc99,hardhat_kaggle,hardhat_kaggle:hard_hat_workers3655,4,0,0,c11ee560dc99c5f27a18e504f21d8abc3d5e7c94
hardhat_kaggle_09eab95224d1.png,hardhat_kaggle_09eab95224d1,hardhat_kaggle,hardhat_kaggle:hard_hat_workers3656,4,0,0,09eab95224d121d67f38dc368a30433910c88015
hardhat_kaggle_8f78f3477f08.png,hardhat_kaggle_8f78f3477f08,hardhat_kaggle,hardhat_kaggle:hard_hat_workers3657,3,0,0,8f78f3477f0852706f67ddf9dca6dd4e35ae2d65
hardhat_kaggle_f0e2ee9d71b6.png,hardhat_kaggle_f0e2ee9d71b6,hardhat_kaggle,hardhat_kaggle:hard_hat_workers3658,2,0,0,f0e2ee9d71b67bcf08701c8ccd44fbf66ba81476
hardhat_kaggle_18a8c738575e.png,hardhat_kaggle_18a8c738575e,hardhat_kaggle,hardhat_kaggle:hard_hat_workers3659,4,0,0,18a8c738575e96fdbb0da81c4cd5390a1b8c4805
hardhat_kaggle_8b50ea843894.png,hardhat_kaggle_8b50ea843894,hardhat_kaggle,hardhat_kaggle:hard_hat_workers366,8,0,0,8b50ea8438944199fa606e4df0912897bf3ef408
hardhat_kaggle_2538af6526c5.png,hardhat_kaggle_2538af6526c5,hardhat_kaggle,hardhat_kaggle:hard_hat_workers3660,14,0,0,2538af6526c5fd3d081549ae2a490d5bc335d43e
hardhat_kaggle_cb52cfbea966.png,hardhat_kaggle_cb52cfbea966,hardhat_kaggle,hardhat_kaggle:hard_hat_workers3661,12,0,0,cb52cfbea966c96d2681dcabecd0545020be5d05
hardhat_kaggle_38d22865d065.png,hardhat_kaggle_38d22865d065,hardhat_kaggle,hardhat_kaggle:hard_hat_workers3662,4,0,0,38d22865d065a9e110b1acf47c084f23a5afb088
hardhat_kaggle_c81b0892634a.png,hardhat_kaggle_c81b0892634a,hardhat_kaggle,hardhat_kaggle:hard_hat_workers3663,5,0,0,c81b0892634a74e59af80d3ef6b168edd85f60a1
hardhat_kaggle_33d99d2e1948.png,hardhat_kaggle_33d99d2e1948,hardhat_kaggle,hardhat_kaggle:hard_hat_workers3664,1,0,0,33d99d2e1948abc3313cc5f414b1c5f0ee1a4d95
hardhat_kaggle_d0c0324ce5db.png,hardhat_kaggle_d0c0324ce5db,hardhat_kaggle,hardhat_kaggle:hard_hat_workers3665,3,0,0,d0c0324ce5db0415044e8692dac115a25eee3399
hardhat_kaggle_f79169606901.png,hardhat_kaggle_f79169606901,hardhat_kaggle,hardhat_kaggle:hard_hat_workers3666,4,0,0,f79169606901c46b129f2bae9b383769a9f543ee
hardhat_kaggle_38c6e4408fae.png,hardhat_kaggle_38c6e4408fae,hardhat_kaggle,hardhat_kaggle:hard_hat_workers3667,1,0,0,38c6e4408fae0e095549dae48cad44c68c78ddd3
hardhat_kaggle_7b2835d7ac36.png,hardhat_kaggle_7b2835d7ac36,hardhat_kaggle,hardhat_kaggle:hard_hat_workers3668,3,0,0,7b2835d7ac3607f6c9cbc9b71a068f723f2ba416
hardhat_kaggle_0d4e884846eb.png,hardhat_kaggle_0d4e884846eb,hardhat_kaggle,hardhat_kaggle:hard_hat_workers3669,3,0,0,0d4e884846eb2cecebe73f7a1a36d405023bbf4f
hardhat_kaggle_d4545a94bd60.png,hardhat_kaggle_d4545a94bd60,hardhat_kaggle,hardhat_kaggle:hard_hat_workers3670,2,0,0,d4545a94bd60323ff5e4cd9b19b7c180133bd18d
hardhat_kaggle_73eaa52e6605.png,hardhat_kaggle_73eaa52e6605,hardhat_kaggle,hardhat_kaggle:hard_hat_workers3671,2,0,0,73eaa52e660523e8bbec752b63012663657b0ee8
hardhat_kaggle_abbaa1e6dcb3.png,hardhat_kaggle_abbaa1e6dcb3,hardhat_kaggle,hardhat_kaggle:hard_hat_workers3672,16,0,0,abbaa1e6dcb392d256dc315ed14f6d99582a79a8
hardhat_kaggle_b6109db086e2.png,hardhat_kaggle_b6109db086e2,hardhat_kaggle,hardhat_kaggle:hard_hat_workers3673,1,0,0,b6109db086e2baa553211831211355202d8e91be
hardhat_kaggle_bc315b997b18.png,hardhat_kaggle_bc315b997b18,hardhat_kaggle,hardhat_kaggle:hard_hat_workers3674,2,0,0,bc315b997b18d9b6598555e1728d189cf2f2ae01
hardhat_kaggle_6ee4380affc4.png,hardhat_kaggle_6ee4380affc4,hardhat_kaggle,hardhat_kaggle:hard_hat_workers3675,2,0,0,6ee4380affc4cbf216cd31ac23741c0fe90a6522
hardhat_kaggle_7039ff347829.png,hardhat_kaggle_7039ff347829,hardhat_kaggle,hardhat_kaggle:hard_hat_workers3676,4,0,0,7039ff347829267bccb741e75c6c2a03c04a478a
hardhat_kaggle_3ebc2be02017.png,hardhat_kaggle_3ebc2be02017,hardhat_kaggle,hardhat_kaggle:hard_hat_workers3677,1,0,0,3ebc2be02017ad969f3a43adbf143508e554e009
hardhat_kaggle_eaddf224cc6c.png,hardhat_kaggle_eaddf224cc6c,hardhat_kaggle,hardhat_kaggle:hard_hat_workers3678,5,0,0,eaddf224cc6cb91804aa949958da00211d5308b3
hardhat_kaggle_a3a9c52c58d8.png,hardhat_kaggle_a3a9c52c58d8,hardhat_kaggle,hardhat_kaggle:hard_hat_workers3679,4,0,0,a3a9c52c58d83991fb31745967c91d724502e1fe
hardhat_kaggle_5199c2b2546d.png,hardhat_kaggle_5199c2b2546d,hardhat_kaggle,hardhat_kaggle:hard_hat_workers368,1,0,0,5199c2b2546d9d45fa531a66de33754b4be6b2bc
hardhat_kaggle_1217188cf4ef.png,hardhat_kaggle_1217188cf4ef,hardhat_kaggle,hardhat_kaggle:hard_hat_workers3680,8,0,0,1217188cf4ef8db21108539c52bf1df2a1b76977
hardhat_kaggle_ad635808de0c.png,hardhat_kaggle_ad635808de0c,hardhat_kaggle,hardhat_kaggle:hard_hat_workers3681,2,0,0,ad635808de0c9e1342d787467da2c57b981089da
hardhat_kaggle_7182f093c35d.png,hardhat_kaggle_7182f093c35d,hardhat_kaggle,hardhat_kaggle:hard_hat_workers3682,3,0,0,7182f093c35dd9f11c812c9b46b4b66eadf830f8
hardhat_kaggle_5ca95d4f3519.png,hardhat_kaggle_5ca95d4f3519,hardhat_kaggle,hardhat_kaggle:hard_hat_workers3683,3,0,0,5ca95d4f3519c46347894f761545f3765bb5deb7
hardhat_kaggle_9d4cc4acf488.png,hardhat_kaggle_9d4cc4acf488,hardhat_kaggle,hardhat_kaggle:hard_hat_workers3685,5,0,0,9d4cc4acf48842b3b0f9999406a789c0ce4bf94a
hardhat_kaggle_bab2c566f6c9.png,hardhat_kaggle_bab2c566f6c9,hardhat_kaggle,hardhat_kaggle:hard_hat_workers3686,2,0,0,bab2c566f6c9863f5a626479bb5cec2ccf007263
hardhat_kaggle_98e5406e125b.png,hardhat_kaggle_98e5406e125b,hardhat_kaggle,hardhat_kaggle:hard_hat_workers3687,2,0,0,98e5406e125b60eeb924e9937b1c3c855c4d8c98
hardhat_kaggle_e9d5b4a41898.png,hardhat_kaggle_e9d5b4a41898,hardhat_kaggle,hardhat_kaggle:hard_hat_workers3688,2,0,0,e9d5b4a41898a5705eb13895e22b98beb3486bf8
hardhat_kaggle_82415147a73d.png,hardhat_kaggle_82415147a73d,hardhat_kaggle,hardhat_kaggle:hard_hat_workers3689,11,0,0,82415147a73d9d7c7550ede5219117b38d5b2524
hardhat_kaggle_0f5947c9cb76.png,hardhat_kaggle_0f5947c9cb76,hardhat_kaggle,hardhat_kaggle:hard_hat_workers369,4,0,0,0f5947c9cb76f48d80c40d79d0cac4d492d714d3
hardhat_kaggle_cf88ef432434.png,hardhat_kaggle_cf88ef432434,hardhat_kaggle,hardhat_kaggle:hard_hat_workers3690,6,0,0,cf88ef432434f927c9c28bae56908498c72168bd
hardhat_kaggle_aa9636a056f2.png,hardhat_kaggle_aa9636a056f2,hardhat_kaggle,hardhat_kaggle:hard_hat_workers3691,8,0,0,aa9636a056f2b86364590de0ae675dc4d6f666cb
hardhat_kaggle_b75c937ed891.png,hardhat_kaggle_b75c937ed891,hardhat_kaggle,hardhat_kaggle:hard_hat_workers3692,3,0,0,b75c937ed891e413def2130b06cf06a245d8f3b4
hardhat_kaggle_ec585aa6e7af.png,hardhat_kaggle_ec585aa6e7af,hardhat_kaggle,hardhat_kaggle:hard_hat_workers3693,5,0,0,ec585aa6e7af8311422951068cc4ccc7b9ab76d2
hardhat_kaggle_b1e9b582018b.png,hardhat_kaggle_b1e9b582018b,hardhat_kaggle,hardhat_kaggle:hard_hat_workers3694,1,0,0,b1e9b582018b15b8d466f01595a43bf556979990
hardhat_kaggle_65e5ef1ee593.png,hardhat_kaggle_65e5ef1ee593,hardhat_kaggle,hardhat_kaggle:hard_hat_workers3695,6,0,0,65e5ef1ee593639e7ab5cbd867e4f1fc2b679375
hardhat_kaggle_5ff027b4d74d.png,hardhat_kaggle_5ff027b4d74d,hardhat_kaggle,hardhat_kaggle:hard_hat_workers3696,2,0,0,5ff027b4d74d45bb6ea6ed78f94e77b36b99a72b
hardhat_kaggle_c207359ae9f7.png,hardhat_kaggle_c207359ae9f7,hardhat_kaggle,hardhat_kaggle:hard_hat_workers3697,2,0,0,c207359ae9f7a99ba0778ded949dfe8e17bf492a
hardhat_kaggle_1cfb093044f2.png,hardhat_kaggle_1cfb093044f2,hardhat_kaggle,hardhat_kaggle:hard_hat_workers3698,3,0,0,1cfb093044f2ed4b522851afdc5e9fa4d5cf881d
hardhat_kaggle_f5aa2ff79ac1.png,hardhat_kaggle_f5aa2ff79ac1,hardhat_kaggle,hardhat_kaggle:hard_hat_workers3699,4,0,0,f5aa2ff79ac1aa9a124794b5511faa72e8a08627
hardhat_kaggle_b30d6e4b1ee1.png,hardhat_kaggle_b30d6e4b1ee1,hardhat_kaggle,hardhat_kaggle:hard_hat_workers37,6,0,0,b30d6e4b1ee1f123a4f8c6bcc192ac2e502f7db7
hardhat_kaggle_5e267ba3a826.png,hardhat_kaggle_5e267ba3a826,hardhat_kaggle,hardhat_kaggle:hard_hat_workers370,8,0,0,5e267ba3a826f5d3f823e8542bbaca9182cfbeac
hardhat_kaggle_801d2798b7cb.png,hardhat_kaggle_801d2798b7cb,hardhat_kaggle,hardhat_kaggle:hard_hat_workers3700,2,0,0,801d2798b7cb2451a620388c8bdcc510954d1823
hardhat_kaggle_d595657c4fb9.png,hardhat_kaggle_d595657c4fb9,hardhat_kaggle,hardhat_kaggle:hard_hat_workers3701,2,0,0,d595657c4fb969564f30f42eb3ce815cb2e9b44d
hardhat_kaggle_cb6ce5fe5c12.png,hardhat_kaggle_cb6ce5fe5c12,hardhat_kaggle,hardhat_kaggle:hard_hat_workers3702,3,0,0,cb6ce5fe5c126e0e5a53304cc6e66100074d9776
hardhat_kaggle_35cb52bf4382.png,hardhat_kaggle_35cb52bf4382,hardhat_kaggle,hardhat_kaggle:hard_hat_workers3703,4,0,0,35cb52bf4382944cfa50842e910af1e8e20e9d1a
hardhat_kaggle_4148c9fce81a.png,hardhat_kaggle_4148c9fce81a,hardhat_kaggle,hardhat_kaggle:hard_hat_workers3704,1,0,0,4148c9fce81ab7715acabc4af8c818e7209d42b9
hardhat_kaggle_86d881e1e976.png,hardhat_kaggle_86d881e1e976,hardhat_kaggle,hardhat_kaggle:hard_hat_workers3705,2,0,0,86d881e1e976836025cc0699f187d0c3da679dc2
hardhat_kaggle_2e55ac2d2e3c.png,hardhat_kaggle_2e55ac2d2e3c,hardhat_kaggle,hardhat_kaggle:hard_hat_workers3706,2,0,0,2e55ac2d2e3cadf08960ccb65ff55a992cf0e2a0
hardhat_kaggle_76804def38fd.png,hardhat_kaggle_76804def38fd,hardhat_kaggle,hardhat_kaggle:hard_hat_workers3708,2,0,0,76804def38fd77c2b71b06aea664292260206031
hardhat_kaggle_aaf7de2994dc.png,hardhat_kaggle_aaf7de2994dc,hardhat_kaggle,hardhat_kaggle:hard_hat_workers371,2,0,0,aaf7de2994dca0e794c8cb141e71e45c0648f271
hardhat_kaggle_f8b199acbd43.png,hardhat_kaggle_f8b199acbd43,hardhat_kaggle,hardhat_kaggle:hard_hat_workers3712,6,0,0,f8b199acbd4378b37f662c8b583125ce9f0bda7f
hardhat_kaggle_bc80548523a9.png,hardhat_kaggle_bc80548523a9,hardhat_kaggle,hardhat_kaggle:hard_hat_workers3713,2,0,0,bc80548523a93b91ee3302c3a54d70bb36ff7688
hardhat_kaggle_4e0fd6510ecb.png,hardhat_kaggle_4e0fd6510ecb,hardhat_kaggle,hardhat_kaggle:hard_hat_workers3714,3,0,0,4e0fd6510ecb685134aec596f16b1236adbf695a
hardhat_kaggle_96541fa60602.png,hardhat_kaggle_96541fa60602,hardhat_kaggle,hardhat_kaggle:hard_hat_workers3715,5,0,0,96541fa60602ca8d9f7b03dbcdaa0963c0426f03
hardhat_kaggle_19b74250653d.png,hardhat_kaggle_19b74250653d,hardhat_kaggle,hardhat_kaggle:hard_hat_workers3716,1,0,0,19b74250653db1c89a8bd783985ad579b1121a85
hardhat_kaggle_9208ea49cc5d.png,hardhat_kaggle_9208ea49cc5d,hardhat_kaggle,hardhat_kaggle:hard_hat_workers3718,3,0,0,9208ea49cc5d2c3182141b88774326de1e4c11b5
hardhat_kaggle_84e9d47f62e5.png,hardhat_kaggle_84e9d47f62e5,hardhat_kaggle,hardhat_kaggle:hard_hat_workers372,4,0,0,84e9d47f62e51e13a6ff854df3ba9370e3c97fc6
hardhat_kaggle_09ebc9317f41.png,hardhat_kaggle_09ebc9317f41,hardhat_kaggle,hardhat_kaggle:hard_hat_workers3720,7,0,0,09ebc9317f41bcf69161285abb5f7577457e2c0d
hardhat_kaggle_b1d01149b2e2.png,hardhat_kaggle_b1d01149b2e2,hardhat_kaggle,hardhat_kaggle:hard_hat_workers3723,1,0,0,b1d01149b2e24093b068791c6aea10d7ed0b017e
hardhat_kaggle_d03453717dad.png,hardhat_kaggle_d03453717dad,hardhat_kaggle,hardhat_kaggle:hard_hat_workers3724,8,0,0,d03453717dadb9bb0b5647510e7466e9a3b42651
hardhat_kaggle_cd33aebb7c56.png,hardhat_kaggle_cd33aebb7c56,hardhat_kaggle,hardhat_kaggle:hard_hat_workers3725,6,0,0,cd33aebb7c567e24b803f34660e711f0baf44348
hardhat_kaggle_a3f4d59f3153.png,hardhat_kaggle_a3f4d59f3153,hardhat_kaggle,hardhat_kaggle:hard_hat_workers3726,3,0,0,a3f4d59f31535c6cc3f1e92b0ec41ff768387bb0
hardhat_kaggle_5dbcacdc6063.png,hardhat_kaggle_5dbcacdc6063,hardhat_kaggle,hardhat_kaggle:hard_hat_workers3727,4,0,0,5dbcacdc606380304fa143113bf806334743bf05
hardhat_kaggle_a24e3270fb9f.png,hardhat_kaggle_a24e3270fb9f,hardhat_kaggle,hardhat_kaggle:hard_hat_workers3728,1,0,0,a24e3270fb9fa2e6fb7f76778be1419682cdcfce
hardhat_kaggle_3c48e7aede5c.png,hardhat_kaggle_3c48e7aede5c,hardhat_kaggle,hardhat_kaggle:hard_hat_workers3729,5,0,0,3c48e7aede5c884c114662cc39fd8e87528007c1
hardhat_kaggle_90ada3f3a0e1.png,hardhat_kaggle_90ada3f3a0e1,hardhat_kaggle,hardhat_kaggle:hard_hat_workers373,2,0,0,90ada3f3a0e11658604f70ecc8724effb68c4089
hardhat_kaggle_077a41cfa059.png,hardhat_kaggle_077a41cfa059,hardhat_kaggle,hardhat_kaggle:hard_hat_workers3730,6,0,0,077a41cfa0594b5508f01a2b5bb630b187957866
hardhat_kaggle_25f76711193e.png,hardhat_kaggle_25f76711193e,hardhat_kaggle,hardhat_kaggle:hard_hat_workers3731,3,0,0,25f76711193eef61a0f7ce13a70c69958fbc6aeb
hardhat_kaggle_13a5cb5a02d0.png,hardhat_kaggle_13a5cb5a02d0,hardhat_kaggle,hardhat_kaggle:hard_hat_workers3732,1,0,0,13a5cb5a02d04a439a5437560ecf079730cfa67b
hardhat_kaggle_83c2a4bc48d5.png,hardhat_kaggle_83c2a4bc48d5,hardhat_kaggle,hardhat_kaggle:hard_hat_workers3733,3,0,0,83c2a4bc48d5f0abbdc852b877cb5ad0c303a213
hardhat_kaggle_c0b0cb86a7fa.png,hardhat_kaggle_c0b0cb86a7fa,hardhat_kaggle,hardhat_kaggle:hard_hat_workers3734,1,0,0,c0b0cb86a7faa11869f8739e10bc67239b7fb418
hardhat_kaggle_616e14d70f02.png,hardhat_kaggle_616e14d70f02,hardhat_kaggle,hardhat_kaggle:hard_hat_workers3735,4,0,0,616e14d70f02ced640a6390e7c985c3d0b52e882
hardhat_kaggle_23ee536d9490.png,hardhat_kaggle_23ee536d9490,hardhat_kaggle,hardhat_kaggle:hard_hat_workers3736,1,0,0,23ee536d9490722506d072248902206e507badf6
hardhat_kaggle_ea668d45a16b.png,hardhat_kaggle_ea668d45a16b,hardhat_kaggle,hardhat_kaggle:hard_hat_workers3737,6,0,0,ea668d45a16bcc4ee5695e42772176089f6d1b72
hardhat_kaggle_8da23b0e4104.png,hardhat_kaggle_8da23b0e4104,hardhat_kaggle,hardhat_kaggle:hard_hat_workers3738,4,0,0,8da23b0e410444d02acc20ea04e057cb0c61f0ef
hardhat_kaggle_bcef96d8631f.png,hardhat_kaggle_bcef96d8631f,hardhat_kaggle,hardhat_kaggle:hard_hat_workers3739,8,0,0,bcef96d8631fe466734cd8d16ce265c666e60ac0
hardhat_kaggle_3c1ad3f514e0.png,hardhat_kaggle_3c1ad3f514e0,hardhat_kaggle,hardhat_kaggle:hard_hat_workers374,1,0,0,3c1ad3f514e004316eb291eb8d6c71f59326247e
hardhat_kaggle_4ca4880922a8.png,hardhat_kaggle_4ca4880922a8,hardhat_kaggle,hardhat_kaggle:hard_hat_workers3740,3,0,0,4ca4880922a8a2a5bb7f07b7b14b1f09dac1ac54
hardhat_kaggle_5e618233cd6d.png,hardhat_kaggle_5e618233cd6d,hardhat_kaggle,hardhat_kaggle:hard_hat_workers3741,1,0,0,5e618233cd6dc711e6038a91a9da355cca9eb783
hardhat_kaggle_386a2ccdc46d.png,hardhat_kaggle_386a2ccdc46d,hardhat_kaggle,hardhat_kaggle:hard_hat_workers3742,2,0,0,386a2ccdc46d46638546c134ecfd381c408d4ef5
hardhat_kaggle_39387fd2bda5.png,hardhat_kaggle_39387fd2bda5,hardhat_kaggle,hardhat_kaggle:hard_hat_workers3743,2,0,0,39387fd2bda5e14386e62dd1773e6cad8b07a448
hardhat_kaggle_a36a4289dea5.png,hardhat_kaggle_a36a4289dea5,hardhat_kaggle,hardhat_kaggle:hard_hat_workers3744,1,0,0,a36a4289dea5bf20f1d85cbb33ce44ea01721dae
hardhat_kaggle_637b113c2166.png,hardhat_kaggle_637b113c2166,hardhat_kaggle,hardhat_kaggle:hard_hat_workers3745,3,0,0,637b113c2166a8848c45a1443ab178d262e0e1ea
hardhat_kaggle_ffcc56883a4d.png,hardhat_kaggle_ffcc56883a4d,hardhat_kaggle,hardhat_kaggle:hard_hat_workers3746,3,0,0,ffcc56883a4d3fae6b5e22c413131397b78655a8
hardhat_kaggle_1c86cbf491d7.png,hardhat_kaggle_1c86cbf491d7,hardhat_kaggle,hardhat_kaggle:hard_hat_workers3747,8,0,0,1c86cbf491d7bf3d7e7b108c29d3a3ee3bdbabc0
hardhat_kaggle_ada4ccd2e963.png,hardhat_kaggle_ada4ccd2e963,hardhat_kaggle,hardhat_kaggle:hard_hat_workers3748,10,0,0,ada4ccd2e963f43f8e455c159f835c11394f1f59
hardhat_kaggle_58c5a398f078.png,hardhat_kaggle_58c5a398f078,hardhat_kaggle,hardhat_kaggle:hard_hat_workers3749,1,0,0,58c5a398f0789157b1756cc6abab1a61a33ce362
hardhat_kaggle_f41d2bdb60c9.png,hardhat_kaggle_f41d2bdb60c9,hardhat_kaggle,hardhat_kaggle:hard_hat_workers375,3,0,0,f41d2bdb60c9d15d76b0e04a37f9e7b022772d3f
hardhat_kaggle_a3e637050d7b.png,hardhat_kaggle_a3e637050d7b,hardhat_kaggle,hardhat_kaggle:hard_hat_workers3750,7,0,0,a3e637050d7bee24629afa09ca56a7d2dda660f4
hardhat_kaggle_e4ea38c3f56d.png,hardhat_kaggle_e4ea38c3f56d,hardhat_kaggle,hardhat_kaggle:hard_hat_workers3751,6,0,0,e4ea38c3f56d684a72bcbab1b027830968c82c60
hardhat_kaggle_6b3ce966cc02.png,hardhat_kaggle_6b3ce966cc02,hardhat_kaggle,hardhat_kaggle:hard_hat_workers3752,3,0,0,6b3ce966cc02b0879a500227462f697c39a4b830
hardhat_kaggle_6687c2cba610.png,hardhat_kaggle_6687c2cba610,hardhat_kaggle,hardhat_kaggle:hard_hat_workers3753,8,0,0,6687c2cba61011a2c7ac2b9545214d7d9000313e
hardhat_kaggle_eb2bd85966c9.png,hardhat_kaggle_eb2bd85966c9,hardhat_kaggle,hardhat_kaggle:hard_hat_workers3754,6,0,0,eb2bd85966c919715545026b0c3d7ccee8be5c56
hardhat_kaggle_06466cc0f279.png,hardhat_kaggle_06466cc0f279,hardhat_kaggle,hardhat_kaggle:hard_hat_workers3755,1,0,0,06466cc0f279941bca03aa81de7fae1f4f27b40a
hardhat_kaggle_655eea5ac55f.png,hardhat_kaggle_655eea5ac55f,hardhat_kaggle,hardhat_kaggle:hard_hat_workers3756,8,0,0,655eea5ac55f8522da39a6f146e982031b0c97f9
hardhat_kaggle_61005970cc32.png,hardhat_kaggle_61005970cc32,hardhat_kaggle,hardhat_kaggle:hard_hat_workers3757,3,0,0,61005970cc323dc1bf392a1367f7f03c36ba4122
hardhat_kaggle_03c72e9ac2d4.png,hardhat_kaggle_03c72e9ac2d4,hardhat_kaggle,hardhat_kaggle:hard_hat_workers3758,2,0,0,03c72e9ac2d45e43dc8e5f65ab189acb40ce4f51
hardhat_kaggle_86902d277ef2.png,hardhat_kaggle_86902d277ef2,hardhat_kaggle,hardhat_kaggle:hard_hat_workers3759,11,0,0,86902d277ef2453d968cc6fb14d9b37d6034569e
hardhat_kaggle_0c2258b04c51.png,hardhat_kaggle_0c2258b04c51,hardhat_kaggle,hardhat_kaggle:hard_hat_workers376,10,0,0,0c2258b04c51c0231b7edf0da73e9fc35dc16851
hardhat_kaggle_abc81185e95d.png,hardhat_kaggle_abc81185e95d,hardhat_kaggle,hardhat_kaggle:hard_hat_workers3761,2,0,0,abc81185e95df404374fe7ecc484d68f0559b7bf
hardhat_kaggle_b2144e35f9ad.png,hardhat_kaggle_b2144e35f9ad,hardhat_kaggle,hardhat_kaggle:hard_hat_workers3762,9,0,0,b2144e35f9ada652bfc24b33772f6faaa1b63c99
hardhat_kaggle_9cb8726e4287.png,hardhat_kaggle_9cb8726e4287,hardhat_kaggle,hardhat_kaggle:hard_hat_workers3763,1,0,0,9cb8726e4287b06817ac27cf11996372016bf9a6
hardhat_kaggle_3dd0bfbd7e17.png,hardhat_kaggle_3dd0bfbd7e17,hardhat_kaggle,hardhat_kaggle:hard_hat_workers3764,3,0,0,3dd0bfbd7e17aa3228c0441ffdf139db65aa8626
hardhat_kaggle_c1ca02e87ab8.png,hardhat_kaggle_c1ca02e87ab8,hardhat_kaggle,hardhat_kaggle:hard_hat_workers3765,1,0,0,c1ca02e87ab8d34c5bfc79e4ea4293447b68d318
hardhat_kaggle_8032c28e619d.png,hardhat_kaggle_8032c28e619d,hardhat_kaggle,hardhat_kaggle:hard_hat_workers3766,2,0,0,8032c28e619dbe868c395e2373170826ab0fb7ab
hardhat_kaggle_21cbc9b63f6e.png,hardhat_kaggle_21cbc9b63f6e,hardhat_kaggle,hardhat_kaggle:hard_hat_workers3767,5,0,0,21cbc9b63f6eb389100b9d26a88a02ca7e59435b
hardhat_kaggle_26299c486cdc.png,hardhat_kaggle_26299c486cdc,hardhat_kaggle,hardhat_kaggle:hard_hat_workers3768,5,0,0,26299c486cdc21682e525a1e96497c3955162ee1
hardhat_kaggle_73b82b90e661.png,hardhat_kaggle_73b82b90e661,hardhat_kaggle,hardhat_kaggle:hard_hat_workers3769,2,0,0,73b82b90e66102b289357228aa52f4c8e8a7efb2
hardhat_kaggle_049544daf4f2.png,hardhat_kaggle_049544daf4f2,hardhat_kaggle,hardhat_kaggle:hard_hat_workers377,2,0,0,049544daf4f2772e89a1760e7100adb07895134b
hardhat_kaggle_b9501ecddab9.png,hardhat_kaggle_b9501ecddab9,hardhat_kaggle,hardhat_kaggle:hard_hat_workers3770,3,0,0,b9501ecddab9ef1417192e69e94393a363f089f9
hardhat_kaggle_923fc0f570d6.png,hardhat_kaggle_923fc0f570d6,hardhat_kaggle,hardhat_kaggle:hard_hat_workers3771,2,0,0,923fc0f570d62e3af7321c591c4731eeb402b748
hardhat_kaggle_cfbd2ec314f2.png,hardhat_kaggle_cfbd2ec314f2,hardhat_kaggle,hardhat_kaggle:hard_hat_workers3772,14,0,0,cfbd2ec314f21eb8cffd0f92889735ce19f0d558
hardhat_kaggle_1bb0984621cb.png,hardhat_kaggle_1bb0984621cb,hardhat_kaggle,hardhat_kaggle:hard_hat_workers3775,4,0,0,1bb0984621cb62740c8eb91e7041e416405446aa
hardhat_kaggle_f475dfb47fcb.png,hardhat_kaggle_f475dfb47fcb,hardhat_kaggle,hardhat_kaggle:hard_hat_workers3776,2,0,0,f475dfb47fcb8609748b3c69b6a6bd30801c3eb3
hardhat_kaggle_1dc581bcfb0d.png,hardhat_kaggle_1dc581bcfb0d,hardhat_kaggle,hardhat_kaggle:hard_hat_workers3777,2,0,0,1dc581bcfb0d85a05c4090981314fa30daef798a
hardhat_kaggle_7cf5053ed89e.png,hardhat_kaggle_7cf5053ed89e,hardhat_kaggle,hardhat_kaggle:hard_hat_workers3778,1,0,0,7cf5053ed89e035eb0aa7c97c88e1c9a09d616f8
hardhat_kaggle_bc9749a4f7db.png,hardhat_kaggle_bc9749a4f7db,hardhat_kaggle,hardhat_kaggle:hard_hat_workers3779,3,0,0,bc9749a4f7db6756a50cf9efa28162e7cf719e7a
hardhat_kaggle_aa43f6eebdb4.png,hardhat_kaggle_aa43f6eebdb4,hardhat_kaggle,hardhat_kaggle:hard_hat_workers378,2,0,0,aa43f6eebdb43c87b866a6a3046429a9f76d8d62
hardhat_kaggle_e5049b6c2712.png,hardhat_kaggle_e5049b6c2712,hardhat_kaggle,hardhat_kaggle:hard_hat_workers3780,9,0,0,e5049b6c2712a9404ac9f4a83c2ca27116be1a40
hardhat_kaggle_32cfff40351c.png,hardhat_kaggle_32cfff40351c,hardhat_kaggle,hardhat_kaggle:hard_hat_workers3781,3,0,0,32cfff40351c9cab6faa3d011fb228f76189b1aa
hardhat_kaggle_221a3df78aed.png,hardhat_kaggle_221a3df78aed,hardhat_kaggle,hardhat_kaggle:hard_hat_workers3782,1,0,0,221a3df78aed9a69599281342935539ee0300351
hardhat_kaggle_35719d77e9ad.png,hardhat_kaggle_35719d77e9ad,hardhat_kaggle,hardhat_kaggle:hard_hat_workers3784,1,0,0,35719d77e9adbb530892f26d4d9a4e2d97d551ab
hardhat_kaggle_e9a4674c9568.png,hardhat_kaggle_e9a4674c9568,hardhat_kaggle,hardhat_kaggle:hard_hat_workers3785,1,0,0,e9a4674c9568e6e431a8c6ab43dc455b7f40db02
hardhat_kaggle_7959e43f61ca.png,hardhat_kaggle_7959e43f61ca,hardhat_kaggle,hardhat_kaggle:hard_hat_workers3786,2,0,0,7959e43f61ca63a2be7ab4d081bde24c0026d615
hardhat_kaggle_7019cb58c37a.png,hardhat_kaggle_7019cb58c37a,hardhat_kaggle,hardhat_kaggle:hard_hat_workers3787,6,0,0,7019cb58c37a5f69cfd733bc9d79a3d98b61d557
hardhat_kaggle_37fc7603d152.png,hardhat_kaggle_37fc7603d152,hardhat_kaggle,hardhat_kaggle:hard_hat_workers3788,2,0,0,37fc7603d152305bbc2a96325b824da07616144f
hardhat_kaggle_8451e6000215.png,hardhat_kaggle_8451e6000215,hardhat_kaggle,hardhat_kaggle:hard_hat_workers3789,5,0,0,8451e6000215398ed40a36f0681be68d356f954d
hardhat_kaggle_287da7b7a87c.png,hardhat_kaggle_287da7b7a87c,hardhat_kaggle,hardhat_kaggle:hard_hat_workers379,1,0,0,287da7b7a87cbdcb0362ed474f2d997022bb8787
hardhat_kaggle_1f96de1dc4f6.png,hardhat_kaggle_1f96de1dc4f6,hardhat_kaggle,hardhat_kaggle:hard_hat_workers3790,4,0,0,1f96de1dc4f64f9bf027f6fc062fba9a7a9bf079
hardhat_kaggle_f38be1c1a1f2.png,hardhat_kaggle_f38be1c1a1f2,hardhat_kaggle,hardhat_kaggle:hard_hat_workers3791,5,0,0,f38be1c1a1f2189dbf17668ade542330677550c4
hardhat_kaggle_e1b133f22dd9.png,hardhat_kaggle_e1b133f22dd9,hardhat_kaggle,hardhat_kaggle:hard_hat_workers3792,2,0,0,e1b133f22dd9e4767818d5704d62650c37c746d0
hardhat_kaggle_92754e37b3e4.png,hardhat_kaggle_92754e37b3e4,hardhat_kaggle,hardhat_kaggle:hard_hat_workers3793,2,0,0,92754e37b3e4bbd54349adec936b1118c04b241a
hardhat_kaggle_9954c9d8ad23.png,hardhat_kaggle_9954c9d8ad23,hardhat_kaggle,hardhat_kaggle:hard_hat_workers3794,1,0,0,9954c9d8ad23bd138841c72796812af3981dcb89
hardhat_kaggle_22aa45fd9f6b.png,hardhat_kaggle_22aa45fd9f6b,hardhat_kaggle,hardhat_kaggle:hard_hat_workers3795,2,0,0,22aa45fd9f6b5de580962fd7ae713f0d9468185c
hardhat_kaggle_6379bf8c9eba.png,hardhat_kaggle_6379bf8c9eba,hardhat_kaggle,hardhat_kaggle:hard_hat_workers3797,3,0,0,6379bf8c9eba56c22cc699cfc2e1c2cc8969fd9c
hardhat_kaggle_55f55888d686.png,hardhat_kaggle_55f55888d686,hardhat_kaggle,hardhat_kaggle:hard_hat_workers3798,6,0,0,55f55888d686e157a42842f1f8a70c5f68c0a9a0
hardhat_kaggle_1066b81ccc0f.png,hardhat_kaggle_1066b81ccc0f,hardhat_kaggle,hardhat_kaggle:hard_hat_workers3799,4,0,0,1066b81ccc0f2d45712a04c738c51d9946e7bbf9
hardhat_kaggle_8c3265d252c4.png,hardhat_kaggle_8c3265d252c4,hardhat_kaggle,hardhat_kaggle:hard_hat_workers38,4,0,0,8c3265d252c4fa5dc5242a4148d21419145196cb
hardhat_kaggle_00d011196685.png,hardhat_kaggle_00d011196685,hardhat_kaggle,hardhat_kaggle:hard_hat_workers380,1,0,0,00d011196685f118eb9ee134d11a4a5e5382b809
hardhat_kaggle_7e4c9376eecb.png,hardhat_kaggle_7e4c9376eecb,hardhat_kaggle,hardhat_kaggle:hard_hat_workers3800,1,0,0,7e4c9376eecb651d17865aa90d4084712c524d27
hardhat_kaggle_6e5653038473.png,hardhat_kaggle_6e5653038473,hardhat_kaggle,hardhat_kaggle:hard_hat_workers3801,12,0,0,6e56530384734795c159e73ff3dfad5fe6e78a5d
hardhat_kaggle_323944a9ad25.png,hardhat_kaggle_323944a9ad25,hardhat_kaggle,hardhat_kaggle:hard_hat_workers3802,3,0,0,323944a9ad258c10b84f505fdf4d1db3c2f6af9f
hardhat_kaggle_37ebe2a9c5f1.png,hardhat_kaggle_37ebe2a9c5f1,hardhat_kaggle,hardhat_kaggle:hard_hat_workers3803,2,0,0,37ebe2a9c5f1dd66c8a58103dfb1339f1bc1e2da
hardhat_kaggle_282f721691d7.png,hardhat_kaggle_282f721691d7,hardhat_kaggle,hardhat_kaggle:hard_hat_workers3804,2,0,0,282f721691d7c3d13f09c70bc265d209693d38ba
hardhat_kaggle_ce3955c874a3.png,hardhat_kaggle_ce3955c874a3,hardhat_kaggle,hardhat_kaggle:hard_hat_workers3805,12,0,0,ce3955c874a37cd89a40880dc78c0d251865cfa3
hardhat_kaggle_6139521f3c7b.png,hardhat_kaggle_6139521f3c7b,hardhat_kaggle,hardhat_kaggle:hard_hat_workers3806,1,0,0,6139521f3c7b8c4da997d8c356b9affecffa224a
hardhat_kaggle_3a1123c611d8.png,hardhat_kaggle_3a1123c611d8,hardhat_kaggle,hardhat_kaggle:hard_hat_workers3807,2,0,0,3a1123c611d84fbb3cb460c629a79bd6abe322f8
hardhat_kaggle_ab43c9fd3ade.png,hardhat_kaggle_ab43c9fd3ade,hardhat_kaggle,hardhat_kaggle:hard_hat_workers3808,12,0,0,ab43c9fd3aded0bb08dfe30cdc6c6b5f9dbde44b
hardhat_kaggle_3d1884bb2969.png,hardhat_kaggle_3d1884bb2969,hardhat_kaggle,hardhat_kaggle:hard_hat_workers3809,1,0,0,3d1884bb29692e8a78e67c0f52e86ea0a396a9f4
hardhat_kaggle_5828e65d5579.png,hardhat_kaggle_5828e65d5579,hardhat_kaggle,hardhat_kaggle:hard_hat_workers381,7,0,0,5828e65d5579499ddb9d6f8e75e8bf469f2806e4
hardhat_kaggle_d4d06750705e.png,hardhat_kaggle_d4d06750705e,hardhat_kaggle,hardhat_kaggle:hard_hat_workers3810,2,0,0,d4d06750705e8347080378071fa8a683631aad75
hardhat_kaggle_aa714dd9a12c.png,hardhat_kaggle_aa714dd9a12c,hardhat_kaggle,hardhat_kaggle:hard_hat_workers3811,1,0,0,aa714dd9a12c7b4be03f3a1b1764c3d2fa51e6a5
hardhat_kaggle_5756e7f74652.png,hardhat_kaggle_5756e7f74652,hardhat_kaggle,hardhat_kaggle:hard_hat_workers3812,1,0,0,5756e7f746520f3e73179ce70196afb85c17a0e5
hardhat_kaggle_57fbf9885000.png,hardhat_kaggle_57fbf9885000,hardhat_kaggle,hardhat_kaggle:hard_hat_workers3813,4,0,0,57fbf9885000723e7f06ef2b6acf50afb6262e50
hardhat_kaggle_1063610962c8.png,hardhat_kaggle_1063610962c8,hardhat_kaggle,hardhat_kaggle:hard_hat_workers3814,3,0,0,1063610962c863bd289ec5e15b49209d786a6e2d
hardhat_kaggle_33f9826523a6.png,hardhat_kaggle_33f9826523a6,hardhat_kaggle,hardhat_kaggle:hard_hat_workers3815,2,0,0,33f9826523a6d6ca33b5f360c5eb63512182a20b
hardhat_kaggle_6a18450ccba1.png,hardhat_kaggle_6a18450ccba1,hardhat_kaggle,hardhat_kaggle:hard_hat_workers3816,2,0,0,6a18450ccba159664d0754b72992872c10f81245
hardhat_kaggle_2b28372c2a71.png,hardhat_kaggle_2b28372c2a71,hardhat_kaggle,hardhat_kaggle:hard_hat_workers3817,2,0,0,2b28372c2a71721617d1b57429acb0105caede57
hardhat_kaggle_2fbcb4eb9f21.png,hardhat_kaggle_2fbcb4eb9f21,hardhat_kaggle,hardhat_kaggle:hard_hat_workers3818,1,0,0,2fbcb4eb9f2168eb4d9fecea4c029d2654194abb
hardhat_kaggle_8b16cac83a10.png,hardhat_kaggle_8b16cac83a10,hardhat_kaggle,hardhat_kaggle:hard_hat_workers3819,9,0,0,8b16cac83a109ed6c6b20ba0cda6412f62302459
hardhat_kaggle_13c39b1a0b42.png,hardhat_kaggle_13c39b1a0b42,hardhat_kaggle,hardhat_kaggle:hard_hat_workers3820,8,0,0,13c39b1a0b4208320f2f21bd66410fce4ade8004
hardhat_kaggle_3948e542c6da.png,hardhat_kaggle_3948e542c6da,hardhat_kaggle,hardhat_kaggle:hard_hat_workers3821,10,0,0,3948e542c6daf2d73622a5c441bb2348744d81f9
hardhat_kaggle_97cafa107b91.png,hardhat_kaggle_97cafa107b91,hardhat_kaggle,hardhat_kaggle:hard_hat_workers3822,13,0,0,97cafa107b91913a0d05bbe57610df0b6fa0389a
hardhat_kaggle_255583085df9.png,hardhat_kaggle_255583085df9,hardhat_kaggle,hardhat_kaggle:hard_hat_workers3823,2,0,0,255583085df98e58b4b00c58d06b86d8ca25365d
hardhat_kaggle_ed2f6f1862fe.png,hardhat_kaggle_ed2f6f1862fe,hardhat_kaggle,hardhat_kaggle:hard_hat_workers3824,1,0,0,ed2f6f1862fed7765accf545e276215ee69b8f76
hardhat_kaggle_b68a97c16c63.png,hardhat_kaggle_b68a97c16c63,hardhat_kaggle,hardhat_kaggle:hard_hat_workers3825,1,0,0,b68a97c16c63d34ae494c2c4eae6f707eff70a78
hardhat_kaggle_1e0dd94b55a2.png,hardhat_kaggle_1e0dd94b55a2,hardhat_kaggle,hardhat_kaggle:hard_hat_workers3826,4,0,0,1e0dd94b55a240e84dd13d46cb58ba09ce8f5713
hardhat_kaggle_ce096d8b81c9.png,hardhat_kaggle_ce096d8b81c9,hardhat_kaggle,hardhat_kaggle:hard_hat_workers3829,2,0,0,ce096d8b81c9ab55e279b461fc780f15f8a6bf43
hardhat_kaggle_471278321cdf.png,hardhat_kaggle_471278321cdf,hardhat_kaggle,hardhat_kaggle:hard_hat_workers3830,7,0,0,471278321cdff5c49b317bc7be123a0842f56c22
hardhat_kaggle_67fa8c65ed37.png,hardhat_kaggle_67fa8c65ed37,hardhat_kaggle,hardhat_kaggle:hard_hat_workers3831,2,0,0,67fa8c65ed375b0711a81375473d0156b6c5bdbd
hardhat_kaggle_5c5d271163b4.png,hardhat_kaggle_5c5d271163b4,hardhat_kaggle,hardhat_kaggle:hard_hat_workers3832,26,0,0,5c5d271163b43bc595402bfd17c313db3ca59066
hardhat_kaggle_880fe9768501.png,hardhat_kaggle_880fe9768501,hardhat_kaggle,hardhat_kaggle:hard_hat_workers3833,2,0,0,880fe9768501e9dd05f9b277dcddd3682a468210
hardhat_kaggle_0e519e85ff61.png,hardhat_kaggle_0e519e85ff61,hardhat_kaggle,hardhat_kaggle:hard_hat_workers3834,2,0,0,0e519e85ff617a9fefd5af846bcb33412ed10953
hardhat_kaggle_741ddf969ba0.png,hardhat_kaggle_741ddf969ba0,hardhat_kaggle,hardhat_kaggle:hard_hat_workers3835,2,0,0,741ddf969ba0a11dd103f278268e060929ecd63a
hardhat_kaggle_54dd661eb6f1.png,hardhat_kaggle_54dd661eb6f1,hardhat_kaggle,hardhat_kaggle:hard_hat_workers3836,2,0,0,54dd661eb6f187dd2c9575d9abf9f5f231ac1120
hardhat_kaggle_d46d55f3d9cf.png,hardhat_kaggle_d46d55f3d9cf,hardhat_kaggle,hardhat_kaggle:hard_hat_workers3838,3,0,0,d46d55f3d9cfc050fdce38b9b356b0c1bd7f06e0
hardhat_kaggle_d380e45e9f58.png,hardhat_kaggle_d380e45e9f58,hardhat_kaggle,hardhat_kaggle:hard_hat_workers3839,1,0,0,d380e45e9f588ac2788cf580ea8a214c38c1d768
hardhat_kaggle_8dd3cdc6ed78.png,hardhat_kaggle_8dd3cdc6ed78,hardhat_kaggle,hardhat_kaggle:hard_hat_workers384,3,0,0,8dd3cdc6ed782091637f898912b1de3e55d17d27
hardhat_kaggle_4604d59a36a5.png,hardhat_kaggle_4604d59a36a5,hardhat_kaggle,hardhat_kaggle:hard_hat_workers3840,1,0,0,4604d59a36a50d2f106d856d2b3fbc6427f86ed6
hardhat_kaggle_a6c49dbfac0b.png,hardhat_kaggle_a6c49dbfac0b,hardhat_kaggle,hardhat_kaggle:hard_hat_workers3841,4,0,0,a6c49dbfac0b1102f337c263688302fcb02c0891
hardhat_kaggle_23b1c73b5e0d.png,hardhat_kaggle_23b1c73b5e0d,hardhat_kaggle,hardhat_kaggle:hard_hat_workers3842,1,0,0,23b1c73b5e0ddfca6995648a138bf74602675a63
hardhat_kaggle_d03f5114f697.png,hardhat_kaggle_d03f5114f697,hardhat_kaggle,hardhat_kaggle:hard_hat_workers3843,4,0,0,d03f5114f697beab034f7d429f40aca0bc7ae12c
hardhat_kaggle_9bbd4d1db224.png,hardhat_kaggle_9bbd4d1db224,hardhat_kaggle,hardhat_kaggle:hard_hat_workers3844,2,0,0,9bbd4d1db224c602a02f009031e6afff4d4cc27d
hardhat_kaggle_4018cd853ac6.png,hardhat_kaggle_4018cd853ac6,hardhat_kaggle,hardhat_kaggle:hard_hat_workers3845,4,0,0,4018cd853ac684b46adc74a0ca8106bf438c7d53
hardhat_kaggle_dbd59900d353.png,hardhat_kaggle_dbd59900d353,hardhat_kaggle,hardhat_kaggle:hard_hat_workers3846,3,0,0,dbd59900d3532a0e15d57f60c8462a824feceb48
hardhat_kaggle_2ced455738ca.png,hardhat_kaggle_2ced455738ca,hardhat_kaggle,hardhat_kaggle:hard_hat_workers3848,2,0,0,2ced455738ca6eb6d0040578a32d30e3e368b727
hardhat_kaggle_fad41729008d.png,hardhat_kaggle_fad41729008d,hardhat_kaggle,hardhat_kaggle:hard_hat_workers3849,2,0,0,fad41729008dc1d9aacb3cbf01aed1d0aac631cd
hardhat_kaggle_441e16a38117.png,hardhat_kaggle_441e16a38117,hardhat_kaggle,hardhat_kaggle:hard_hat_workers385,10,0,0,441e16a381175eb70f4785651df88699b04eea33
hardhat_kaggle_30ba00c82717.png,hardhat_kaggle_30ba00c82717,hardhat_kaggle,hardhat_kaggle:hard_hat_workers3850,6,0,0,30ba00c827173f39ce87c740616c944b616148f6
hardhat_kaggle_45dabbe0434c.png,hardhat_kaggle_45dabbe0434c,hardhat_kaggle,hardhat_kaggle:hard_hat_workers3851,1,0,0,45dabbe0434cea195b4ac3e3f5ca4f71bf4801b3
hardhat_kaggle_56297d89a8ec.png,hardhat_kaggle_56297d89a8ec,hardhat_kaggle,hardhat_kaggle:hard_hat_workers3852,2,0,0,56297d89a8ecab2e9f2beedb9f5cfd2d8f25234c
hardhat_kaggle_911e3b1442c5.png,hardhat_kaggle_911e3b1442c5,hardhat_kaggle,hardhat_kaggle:hard_hat_workers3853,8,0,0,911e3b1442c552a349322f21417f72510a2b16ba
hardhat_kaggle_a05180096f70.png,hardhat_kaggle_a05180096f70,hardhat_kaggle,hardhat_kaggle:hard_hat_workers3854,5,0,0,a05180096f7032802afe879eae5b9d0c8461533f
hardhat_kaggle_8ff64c4c5eba.png,hardhat_kaggle_8ff64c4c5eba,hardhat_kaggle,hardhat_kaggle:hard_hat_workers3855,6,0,0,8ff64c4c5eba723861cd9d170483a3cd956143f8
hardhat_kaggle_f1a54eeb7d7c.png,hardhat_kaggle_f1a54eeb7d7c,hardhat_kaggle,hardhat_kaggle:hard_hat_workers3856,7,0,0,f1a54eeb7d7ce1bafdeb865c03b7aae5aaa95577
hardhat_kaggle_7970c300405d.png,hardhat_kaggle_7970c300405d,hardhat_kaggle,hardhat_kaggle:hard_hat_workers3857,2,0,0,7970c300405de676fffbea2df9c5f823d97201f4
hardhat_kaggle_5a6511f2df2f.png,hardhat_kaggle_5a6511f2df2f,hardhat_kaggle,hardhat_kaggle:hard_hat_workers3858,5,0,0,5a6511f2df2faf4b748e50ee9a86de419bab2c5a
hardhat_kaggle_96e2fe1648a4.png,hardhat_kaggle_96e2fe1648a4,hardhat_kaggle,hardhat_kaggle:hard_hat_workers3859,5,0,0,96e2fe1648a41001680e96014ad436e311d1822c
hardhat_kaggle_add7556ef365.png,hardhat_kaggle_add7556ef365,hardhat_kaggle,hardhat_kaggle:hard_hat_workers386,1,0,0,add7556ef3656b5a8f6b092cb424aa62cd745b3d
hardhat_kaggle_cef4fcefb13a.png,hardhat_kaggle_cef4fcefb13a,hardhat_kaggle,hardhat_kaggle:hard_hat_workers3860,2,0,0,cef4fcefb13a43e59fa67c362fc4e741fd8c5b32
hardhat_kaggle_7269c687d752.png,hardhat_kaggle_7269c687d752,hardhat_kaggle,hardhat_kaggle:hard_hat_workers3861,2,0,0,7269c687d7526112139fdb1cf595ceced41402a1
hardhat_kaggle_bfa48111eb2c.png,hardhat_kaggle_bfa48111eb2c,hardhat_kaggle,hardhat_kaggle:hard_hat_workers3862,3,0,0,bfa48111eb2ccda5b6770fbabca1ecb6865c286f
hardhat_kaggle_ab7f31810de9.png,hardhat_kaggle_ab7f31810de9,hardhat_kaggle,hardhat_kaggle:hard_hat_workers3863,4,0,0,ab7f31810de9c8e7f45b6c7c8a2c5b146eb04830
hardhat_kaggle_1c9eff3202f3.png,hardhat_kaggle_1c9eff3202f3,hardhat_kaggle,hardhat_kaggle:hard_hat_workers3864,1,0,0,1c9eff3202f3285881f21e8c49747b75eaa537dd
hardhat_kaggle_05b2251fa539.png,hardhat_kaggle_05b2251fa539,hardhat_kaggle,hardhat_kaggle:hard_hat_workers3865,13,0,0,05b2251fa539ce70c7c1f946bde16e12e20bc2a7
hardhat_kaggle_50f5f800abfb.png,hardhat_kaggle_50f5f800abfb,hardhat_kaggle,hardhat_kaggle:hard_hat_workers3866,1,0,0,50f5f800abfb40cb863d6eb1f02254945b8fdf86
hardhat_kaggle_ac9ed195467e.png,hardhat_kaggle_ac9ed195467e,hardhat_kaggle,hardhat_kaggle:hard_hat_workers3867,2,0,0,ac9ed195467e0e3aac01d296ea678f6f08d89add
hardhat_kaggle_8cee40c37341.png,hardhat_kaggle_8cee40c37341,hardhat_kaggle,hardhat_kaggle:hard_hat_workers3868,5,0,0,8cee40c3734183e575666a89d344036259028c34
hardhat_kaggle_b3e7c8611248.png,hardhat_kaggle_b3e7c8611248,hardhat_kaggle,hardhat_kaggle:hard_hat_workers3869,4,0,0,b3e7c861124879a4249032d57335aeb71e9bdcd2
hardhat_kaggle_97ebe255d610.png,hardhat_kaggle_97ebe255d610,hardhat_kaggle,hardhat_kaggle:hard_hat_workers387,7,0,0,97ebe255d61030c6cd813ce9cf977ff5c9abf36f
hardhat_kaggle_be6bc7f5dc75.png,hardhat_kaggle_be6bc7f5dc75,hardhat_kaggle,hardhat_kaggle:hard_hat_workers3870,11,0,0,be6bc7f5dc75b3e7140dc8fe6d65d18c23a4cc99
hardhat_kaggle_f1f5afa915fe.png,hardhat_kaggle_f1f5afa915fe,hardhat_kaggle,hardhat_kaggle:hard_hat_workers3872,3,0,0,f1f5afa915fe7ed7db4c11788953537ef817de08
hardhat_kaggle_7acabeb05dd0.png,hardhat_kaggle_7acabeb05dd0,hardhat_kaggle,hardhat_kaggle:hard_hat_workers3873,9,0,0,7acabeb05dd0ab30eae9e592318001f8a130a5fb
hardhat_kaggle_b15eb672fc97.png,hardhat_kaggle_b15eb672fc97,hardhat_kaggle,hardhat_kaggle:hard_hat_workers3874,2,0,0,b15eb672fc97c7a5df23ca64652ae13ff136e5c7
hardhat_kaggle_b4ed62d5a6db.png,hardhat_kaggle_b4ed62d5a6db,hardhat_kaggle,hardhat_kaggle:hard_hat_workers3875,2,0,0,b4ed62d5a6dbcf08a9c29288e55d646254c00081
hardhat_kaggle_a49598d759d6.png,hardhat_kaggle_a49598d759d6,hardhat_kaggle,hardhat_kaggle:hard_hat_workers3876,1,0,0,a49598d759d6ed196888dc17bf0371d35f9d943d
hardhat_kaggle_e521c52bb887.png,hardhat_kaggle_e521c52bb887,hardhat_kaggle,hardhat_kaggle:hard_hat_workers3877,3,0,0,e521c52bb887bd314bef5e0e2549dd145bcf1b86
hardhat_kaggle_f48b236d6e7e.png,hardhat_kaggle_f48b236d6e7e,hardhat_kaggle,hardhat_kaggle:hard_hat_workers3878,1,0,0,f48b236d6e7e49c63b0306fb6797797cea58b0b7
hardhat_kaggle_0b8aa1cf0de7.png,hardhat_kaggle_0b8aa1cf0de7,hardhat_kaggle,hardhat_kaggle:hard_hat_workers3879,8,0,0,0b8aa1cf0de7100a5fc5a70916b6eb4f5d6a87f8
hardhat_kaggle_52453db5144f.png,hardhat_kaggle_52453db5144f,hardhat_kaggle,hardhat_kaggle:hard_hat_workers388,5,0,0,52453db5144f010776e47dfbdcf796f7bb75a0ae
hardhat_kaggle_a800b7bff96b.png,hardhat_kaggle_a800b7bff96b,hardhat_kaggle,hardhat_kaggle:hard_hat_workers3880,3,0,0,a800b7bff96b2c7175a2389a5c546045ea8ff879
hardhat_kaggle_d2ce0e3d430c.png,hardhat_kaggle_d2ce0e3d430c,hardhat_kaggle,hardhat_kaggle:hard_hat_workers3881,9,0,0,d2ce0e3d430c14009673426a8bdf0853196de1f2
hardhat_kaggle_ea6451c8f7b1.png,hardhat_kaggle_ea6451c8f7b1,hardhat_kaggle,hardhat_kaggle:hard_hat_workers3882,4,0,0,ea6451c8f7b1e5036fc30b2243b319a58f2164f0
hardhat_kaggle_d14f65432501.png,hardhat_kaggle_d14f65432501,hardhat_kaggle,hardhat_kaggle:hard_hat_workers3883,1,0,0,d14f65432501708bd07244e8b4d1a528caa402a9
hardhat_kaggle_19888eda2b76.png,hardhat_kaggle_19888eda2b76,hardhat_kaggle,hardhat_kaggle:hard_hat_workers3884,2,0,0,19888eda2b768c1056cae94bf875c13eb5c52bfe
hardhat_kaggle_f5d1b80834a9.png,hardhat_kaggle_f5d1b80834a9,hardhat_kaggle,hardhat_kaggle:hard_hat_workers3885,4,0,0,f5d1b80834a97acfe13b79ce7889e9d85e4ed883
hardhat_kaggle_37872d5a1f43.png,hardhat_kaggle_37872d5a1f43,hardhat_kaggle,hardhat_kaggle:hard_hat_workers3886,2,0,0,37872d5a1f43fd644320c8e3ee1cdc336cf1c290
hardhat_kaggle_9d2e35efa872.png,hardhat_kaggle_9d2e35efa872,hardhat_kaggle,hardhat_kaggle:hard_hat_workers3887,13,0,0,9d2e35efa872a27d7014fa7146529a2ca0d46fac
hardhat_kaggle_1fc3705b2bc9.png,hardhat_kaggle_1fc3705b2bc9,hardhat_kaggle,hardhat_kaggle:hard_hat_workers3888,2,0,0,1fc3705b2bc97c37bb22bbb976d426328685527e
hardhat_kaggle_1dfd73b1bdd9.png,hardhat_kaggle_1dfd73b1bdd9,hardhat_kaggle,hardhat_kaggle:hard_hat_workers3889,4,0,0,1dfd73b1bdd9027b784feb0f0dba88389cdcdfd2
hardhat_kaggle_51e9640bf586.png,hardhat_kaggle_51e9640bf586,hardhat_kaggle,hardhat_kaggle:hard_hat_workers389,5,0,0,51e9640bf586175dd2e75d6654d54494b81d0053
hardhat_kaggle_7bf41ad06aae.png,hardhat_kaggle_7bf41ad06aae,hardhat_kaggle,hardhat_kaggle:hard_hat_workers3890,3,0,0,7bf41ad06aaefe9710c40b9774d96258a4e893d2
hardhat_kaggle_e98c0253021d.png,hardhat_kaggle_e98c0253021d,hardhat_kaggle,hardhat_kaggle:hard_hat_workers3891,1,0,0,e98c0253021db11264c772695f0aef791eb0ad65
hardhat_kaggle_d2cd7bbf0968.png,hardhat_kaggle_d2cd7bbf0968,hardhat_kaggle,hardhat_kaggle:hard_hat_workers3892,2,0,0,d2cd7bbf096840618cd61868548d9c5b69cef6a3
hardhat_kaggle_258bcf12ff60.png,hardhat_kaggle_258bcf12ff60,hardhat_kaggle,hardhat_kaggle:hard_hat_workers3893,1,0,0,258bcf12ff60fbff2456efee8cf0f33a458ee076
hardhat_kaggle_6a87874f98a8.png,hardhat_kaggle_6a87874f98a8,hardhat_kaggle,hardhat_kaggle:hard_hat_workers3894,2,0,0,6a87874f98a83852c29f8b528ef4d66bf6583bd9
hardhat_kaggle_a273d54a03c6.png,hardhat_kaggle_a273d54a03c6,hardhat_kaggle,hardhat_kaggle:hard_hat_workers3895,6,0,0,a273d54a03c60262557e88791f136e8814b63aa2
hardhat_kaggle_d1313fccccd5.png,hardhat_kaggle_d1313fccccd5,hardhat_kaggle,hardhat_kaggle:hard_hat_workers3896,6,0,0,d1313fccccd5ceff645a8f140cc5b81724120c0f
hardhat_kaggle_6f13586c581d.png,hardhat_kaggle_6f13586c581d,hardhat_kaggle,hardhat_kaggle:hard_hat_workers3897,20,0,0,6f13586c581dff96245850c361b69fd03fe8653f
hardhat_kaggle_bd633de7d9d3.png,hardhat_kaggle_bd633de7d9d3,hardhat_kaggle,hardhat_kaggle:hard_hat_workers3898,1,0,0,bd633de7d9d36f77eaad96c2b20550a2ac413c52
hardhat_kaggle_e16a9b1192cd.png,hardhat_kaggle_e16a9b1192cd,hardhat_kaggle,hardhat_kaggle:hard_hat_workers3899,13,0,0,e16a9b1192cdb1ef0c53a540f259699fea9c37a2
hardhat_kaggle_4496ce8bab74.png,hardhat_kaggle_4496ce8bab74,hardhat_kaggle,hardhat_kaggle:hard_hat_workers39,4,0,0,4496ce8bab74f3080cb3de0062824614f369e2bc
hardhat_kaggle_da134e51db1e.png,hardhat_kaggle_da134e51db1e,hardhat_kaggle,hardhat_kaggle:hard_hat_workers3900,2,0,0,da134e51db1e463ff5a45912ba8ec43c2e125f21
hardhat_kaggle_81e13879dded.png,hardhat_kaggle_81e13879dded,hardhat_kaggle,hardhat_kaggle:hard_hat_workers3902,8,0,0,81e13879dded0a1e4a99c720b945fdf509589979
hardhat_kaggle_5c36c93e4927.png,hardhat_kaggle_5c36c93e4927,hardhat_kaggle,hardhat_kaggle:hard_hat_workers3903,5,0,0,5c36c93e49272fec6ae2393d000fb5c4fb844340
hardhat_kaggle_f8111290a798.png,hardhat_kaggle_f8111290a798,hardhat_kaggle,hardhat_kaggle:hard_hat_workers3904,1,0,0,f8111290a798f696c1911192996bd5f95d6321ec
hardhat_kaggle_0890f70d8fb5.png,hardhat_kaggle_0890f70d8fb5,hardhat_kaggle,hardhat_kaggle:hard_hat_workers3905,3,0,0,0890f70d8fb55baf02ab8c9d0e75a1888a28cc1d
hardhat_kaggle_ce16cc516509.png,hardhat_kaggle_ce16cc516509,hardhat_kaggle,hardhat_kaggle:hard_hat_workers3906,2,0,0,ce16cc516509509d69b224e2268b15514c299a48
hardhat_kaggle_eb0cc36a8f92.png,hardhat_kaggle_eb0cc36a8f92,hardhat_kaggle,hardhat_kaggle:hard_hat_workers3907,8,0,0,eb0cc36a8f92b918855296d11c3486c3730cadd6
hardhat_kaggle_d139befdee0a.png,hardhat_kaggle_d139befdee0a,hardhat_kaggle,hardhat_kaggle:hard_hat_workers3908,2,0,0,d139befdee0aa82e6d59ae77ae6c565f3265ea23
hardhat_kaggle_ace479bc1c7e.png,hardhat_kaggle_ace479bc1c7e,hardhat_kaggle,hardhat_kaggle:hard_hat_workers3909,6,0,0,ace479bc1c7eb159467fe31a255051e24b2649b6
hardhat_kaggle_40bb1c459976.png,hardhat_kaggle_40bb1c459976,hardhat_kaggle,hardhat_kaggle:hard_hat_workers391,2,0,0,40bb1c459976c08eaaf62575e04f0fe17ab8f3c5
hardhat_kaggle_9fb05c41a35c.png,hardhat_kaggle_9fb05c41a35c,hardhat_kaggle,hardhat_kaggle:hard_hat_workers3910,9,0,0,9fb05c41a35cd391ce42d5c99c21f6e6f0903d6d
hardhat_kaggle_2cd855bbd5cf.png,hardhat_kaggle_2cd855bbd5cf,hardhat_kaggle,hardhat_kaggle:hard_hat_workers3911,5,0,0,2cd855bbd5cf6a7231f0b2bcfe3af5bbc55788de
hardhat_kaggle_962fd7898a47.png,hardhat_kaggle_962fd7898a47,hardhat_kaggle,hardhat_kaggle:hard_hat_workers3912,2,0,0,962fd7898a47fd68306ce5ac1726464af6cffe80
hardhat_kaggle_79432764c4dc.png,hardhat_kaggle_79432764c4dc,hardhat_kaggle,hardhat_kaggle:hard_hat_workers3913,2,0,0,79432764c4dc3c6639b1703491a7471cbe13564e
hardhat_kaggle_f6f2c2c6beaa.png,hardhat_kaggle_f6f2c2c6beaa,hardhat_kaggle,hardhat_kaggle:hard_hat_workers3914,1,0,0,f6f2c2c6beaace6b9ebda88b5a139bf8ca94413e
hardhat_kaggle_d61246497bb7.png,hardhat_kaggle_d61246497bb7,hardhat_kaggle,hardhat_kaggle:hard_hat_workers3915,2,0,0,d61246497bb7023aebb0a1f00230953a5f0a169d
hardhat_kaggle_438a73a98f0a.png,hardhat_kaggle_438a73a98f0a,hardhat_kaggle,hardhat_kaggle:hard_hat_workers3916,1,0,0,438a73a98f0a588fe6b1467e2df9ab479507aa9a
hardhat_kaggle_049161e1e457.png,hardhat_kaggle_049161e1e457,hardhat_kaggle,hardhat_kaggle:hard_hat_workers3917,7,0,0,049161e1e457cf19cf3c6c2732b1ba5ac736eb0c
hardhat_kaggle_9d5aa157612c.png,hardhat_kaggle_9d5aa157612c,hardhat_kaggle,hardhat_kaggle:hard_hat_workers3918,9,0,0,9d5aa157612ca6d92e653c673295729e296238a1
hardhat_kaggle_1536c0fac93b.png,hardhat_kaggle_1536c0fac93b,hardhat_kaggle,hardhat_kaggle:hard_hat_workers3919,1,0,0,1536c0fac93bd1aed42737c8ab75617b0ab44929
hardhat_kaggle_057928d34f99.png,hardhat_kaggle_057928d34f99,hardhat_kaggle,hardhat_kaggle:hard_hat_workers392,2,0,0,057928d34f9984a0707a56f2702c9d90d644621a
hardhat_kaggle_7456d0472238.png,hardhat_kaggle_7456d0472238,hardhat_kaggle,hardhat_kaggle:hard_hat_workers3920,3,0,0,7456d047223884f5d1f186fae61aafde7c4deb6b
hardhat_kaggle_e0cb47c41703.png,hardhat_kaggle_e0cb47c41703,hardhat_kaggle,hardhat_kaggle:hard_hat_workers3921,2,0,0,e0cb47c41703710e15bb953f23014d8a3219ec04
hardhat_kaggle_215667f43b88.png,hardhat_kaggle_215667f43b88,hardhat_kaggle,hardhat_kaggle:hard_hat_workers3922,2,0,0,215667f43b88ae8d21635c8a0a08e6fd167c8503
hardhat_kaggle_935ec1269feb.png,hardhat_kaggle_935ec1269feb,hardhat_kaggle,hardhat_kaggle:hard_hat_workers3924,4,0,0,935ec1269feb709c7612792ab86182001d8f8a21
hardhat_kaggle_ea33df5c0eb1.png,hardhat_kaggle_ea33df5c0eb1,hardhat_kaggle,hardhat_kaggle:hard_hat_workers3926,4,0,0,ea33df5c0eb14ad81a609696c30a91d5f8af8bd4
hardhat_kaggle_0647983f7e32.png,hardhat_kaggle_0647983f7e32,hardhat_kaggle,hardhat_kaggle:hard_hat_workers3927,1,0,0,0647983f7e3225a2343fed9f771d9d46ebf83d0f
hardhat_kaggle_893db0b1fa52.png,hardhat_kaggle_893db0b1fa52,hardhat_kaggle,hardhat_kaggle:hard_hat_workers3928,6,0,0,893db0b1fa52bfc4ba50e91af4b36b355850342b
hardhat_kaggle_e0fcb0f26525.png,hardhat_kaggle_e0fcb0f26525,hardhat_kaggle,hardhat_kaggle:hard_hat_workers3929,7,0,0,e0fcb0f2652506340e4e72f5d06105fa634dc498
hardhat_kaggle_11af4e9f2d14.png,hardhat_kaggle_11af4e9f2d14,hardhat_kaggle,hardhat_kaggle:hard_hat_workers393,5,0,0,11af4e9f2d1426c6675f56bfdb84e3a2818567c1
hardhat_kaggle_6ebf3e8ffad9.png,hardhat_kaggle_6ebf3e8ffad9,hardhat_kaggle,hardhat_kaggle:hard_hat_workers3930,2,0,0,6ebf3e8ffad9ca3585ae16f44bf4939767c44bf2
hardhat_kaggle_450701106615.png,hardhat_kaggle_450701106615,hardhat_kaggle,hardhat_kaggle:hard_hat_workers3931,6,0,0,45070110661598a53bb86c3038f88eb5ed54131f
hardhat_kaggle_98e1ae77826f.png,hardhat_kaggle_98e1ae77826f,hardhat_kaggle,hardhat_kaggle:hard_hat_workers3933,5,0,0,98e1ae77826ff84075d7f53610c40e314d59a8bd
hardhat_kaggle_d96077d3c83d.png,hardhat_kaggle_d96077d3c83d,hardhat_kaggle,hardhat_kaggle:hard_hat_workers3934,2,0,0,d96077d3c83d868730690d4ebec13c3404c3575e
hardhat_kaggle_6f87b2cbf077.png,hardhat_kaggle_6f87b2cbf077,hardhat_kaggle,hardhat_kaggle:hard_hat_workers3935,2,0,0,6f87b2cbf0771c789fbd130fd8a0639f65f15ad6
hardhat_kaggle_1d56c4e768a2.png,hardhat_kaggle_1d56c4e768a2,hardhat_kaggle,hardhat_kaggle:hard_hat_workers3936,4,0,0,1d56c4e768a240c14691336003c95dc7c02bdfb5
hardhat_kaggle_69e05279178a.png,hardhat_kaggle_69e05279178a,hardhat_kaggle,hardhat_kaggle:hard_hat_workers3937,4,0,0,69e05279178aff3cb8df5fdb8026c9b66d11d6dc
hardhat_kaggle_646de43501b4.png,hardhat_kaggle_646de43501b4,hardhat_kaggle,hardhat_kaggle:hard_hat_workers3938,11,0,0,646de43501b4dd14304b9b19f5fc1813e33f0b25
hardhat_kaggle_d2535ab30bb6.png,hardhat_kaggle_d2535ab30bb6,hardhat_kaggle,hardhat_kaggle:hard_hat_workers3939,3,0,0,d2535ab30bb68261161411b510c69761228c7464
hardhat_kaggle_c22dee23fd19.png,hardhat_kaggle_c22dee23fd19,hardhat_kaggle,hardhat_kaggle:hard_hat_workers394,6,0,0,c22dee23fd19e2bcdfd0588df231af996e084e30
hardhat_kaggle_3dc9145e6918.png,hardhat_kaggle_3dc9145e6918,hardhat_kaggle,hardhat_kaggle:hard_hat_workers3940,3,0,0,3dc9145e6918831e33fb8e6e271430636684c673
hardhat_kaggle_512869f9b1c2.png,hardhat_kaggle_512869f9b1c2,hardhat_kaggle,hardhat_kaggle:hard_hat_workers3941,1,0,0,512869f9b1c25ab9a0379747d22b8adbf977e1c7
hardhat_kaggle_cdf668a504d0.png,hardhat_kaggle_cdf668a504d0,hardhat_kaggle,hardhat_kaggle:hard_hat_workers3942,5,0,0,cdf668a504d0df7e11f2c36f4a649247af262032
hardhat_kaggle_44e19c5fff66.png,hardhat_kaggle_44e19c5fff66,hardhat_kaggle,hardhat_kaggle:hard_hat_workers3943,2,0,0,44e19c5fff6612702744e87162758bcd0dcab73f
hardhat_kaggle_2fbd8e8e6af7.png,hardhat_kaggle_2fbd8e8e6af7,hardhat_kaggle,hardhat_kaggle:hard_hat_workers3946,5,0,0,2fbd8e8e6af7f0e5bcd0df1c87bc48e6a7f9a1e8
hardhat_kaggle_bfc8530d3b95.png,hardhat_kaggle_bfc8530d3b95,hardhat_kaggle,hardhat_kaggle:hard_hat_workers3947,8,0,0,bfc8530d3b95531bd013ff519ca5a693da1c521f
hardhat_kaggle_ac5f07b7e937.png,hardhat_kaggle_ac5f07b7e937,hardhat_kaggle,hardhat_kaggle:hard_hat_workers3948,2,0,0,ac5f07b7e93770026e2ebfc826e4db675ee70e32
hardhat_kaggle_e1f36902e46c.png,hardhat_kaggle_e1f36902e46c,hardhat_kaggle,hardhat_kaggle:hard_hat_workers3949,3,0,0,e1f36902e46c15c68bf8dbd2d6c47376a6960bd2
hardhat_kaggle_87b0411871e3.png,hardhat_kaggle_87b0411871e3,hardhat_kaggle,hardhat_kaggle:hard_hat_workers395,3,0,0,87b0411871e35dd102183f33729df15dacb9132b
hardhat_kaggle_6140e60ffe3e.png,hardhat_kaggle_6140e60ffe3e,hardhat_kaggle,hardhat_kaggle:hard_hat_workers3950,1,0,0,6140e60ffe3edcdea8abc5c7948370e7c30d8db9
hardhat_kaggle_e88dd2dc9a16.png,hardhat_kaggle_e88dd2dc9a16,hardhat_kaggle,hardhat_kaggle:hard_hat_workers3951,1,0,0,e88dd2dc9a162bea84b7ddd0147a988785c7eb8c
hardhat_kaggle_8a48d8479bf3.png,hardhat_kaggle_8a48d8479bf3,hardhat_kaggle,hardhat_kaggle:hard_hat_workers3952,4,0,0,8a48d8479bf39bd1e9ee3de69ae041d4e60125bf
hardhat_kaggle_97173062a46e.png,hardhat_kaggle_97173062a46e,hardhat_kaggle,hardhat_kaggle:hard_hat_workers3953,1,0,0,97173062a46e69331ef924f74ce6f9811b754fb5
hardhat_kaggle_dc4cbfa02b47.png,hardhat_kaggle_dc4cbfa02b47,hardhat_kaggle,hardhat_kaggle:hard_hat_workers3954,3,0,0,dc4cbfa02b47e14c2eae5f9ac0dbdf6667780195
hardhat_kaggle_35f8ea753507.png,hardhat_kaggle_35f8ea753507,hardhat_kaggle,hardhat_kaggle:hard_hat_workers3955,3,0,0,35f8ea7535076a22bca5c7266e4f4fdc19093547
hardhat_kaggle_23e73c3b523f.png,hardhat_kaggle_23e73c3b523f,hardhat_kaggle,hardhat_kaggle:hard_hat_workers3956,6,0,0,23e73c3b523f842ef41e0e45335a9b01c07d7b61
hardhat_kaggle_9a3c5e159efd.png,hardhat_kaggle_9a3c5e159efd,hardhat_kaggle,hardhat_kaggle:hard_hat_workers3957,6,0,0,9a3c5e159efde2196742a777f07c4eb638137fc4
hardhat_kaggle_33d979cadb34.png,hardhat_kaggle_33d979cadb34,hardhat_kaggle,hardhat_kaggle:hard_hat_workers3958,4,0,0,33d979cadb34881a65fc5bbbc0d46a324307d0e3
hardhat_kaggle_c7689e965f8b.png,hardhat_kaggle_c7689e965f8b,hardhat_kaggle,hardhat_kaggle:hard_hat_workers396,1,0,0,c7689e965f8b488786166b773369ba463dab18a4
hardhat_kaggle_b2397b12c175.png,hardhat_kaggle_b2397b12c175,hardhat_kaggle,hardhat_kaggle:hard_hat_workers3960,2,0,0,b2397b12c175327d223332ad1f70ad7b36fb3a84
hardhat_kaggle_d7c6f4a5f0e7.png,hardhat_kaggle_d7c6f4a5f0e7,hardhat_kaggle,hardhat_kaggle:hard_hat_workers3961,3,0,0,d7c6f4a5f0e7ced732cf84d5e78d16b0e065abc0
hardhat_kaggle_630fc35ce0b2.png,hardhat_kaggle_630fc35ce0b2,hardhat_kaggle,hardhat_kaggle:hard_hat_workers3962,5,0,0,630fc35ce0b263c480a5ae668c71af7c7256033b
hardhat_kaggle_a9e3b46fcb01.png,hardhat_kaggle_a9e3b46fcb01,hardhat_kaggle,hardhat_kaggle:hard_hat_workers3964,1,0,0,a9e3b46fcb018d5e552294c2aeb2a7a9e21ef005
hardhat_kaggle_4e9877c5330d.png,hardhat_kaggle_4e9877c5330d,hardhat_kaggle,hardhat_kaggle:hard_hat_workers3965,9,0,0,4e9877c5330d49e763d5b50677116fff5457d01a
hardhat_kaggle_dbb808ffcb61.png,hardhat_kaggle_dbb808ffcb61,hardhat_kaggle,hardhat_kaggle:hard_hat_workers3966,5,0,0,dbb808ffcb6145fa7161480e129904670fbe42be
hardhat_kaggle_c3e7c41e4db6.png,hardhat_kaggle_c3e7c41e4db6,hardhat_kaggle,hardhat_kaggle:hard_hat_workers3967,1,0,0,c3e7c41e4db6b2f0d60cf966e85a3bb7aec4d483
hardhat_kaggle_f38675982385.png,hardhat_kaggle_f38675982385,hardhat_kaggle,hardhat_kaggle:hard_hat_workers3969,2,0,0,f386759823858df96ab70f8a17a5b0eabfa9a373
hardhat_kaggle_0d4e8341981f.png,hardhat_kaggle_0d4e8341981f,hardhat_kaggle,hardhat_kaggle:hard_hat_workers397,2,0,0,0d4e8341981f31624d162cb0e608208446e80145
hardhat_kaggle_8cca6854015e.png,hardhat_kaggle_8cca6854015e,hardhat_kaggle,hardhat_kaggle:hard_hat_workers3970,2,0,0,8cca6854015eb19f7787cc2849436b90b11e7407
hardhat_kaggle_f2e83867cfa1.png,hardhat_kaggle_f2e83867cfa1,hardhat_kaggle,hardhat_kaggle:hard_hat_workers3971,4,0,0,f2e83867cfa142ecce6a0578b6f376c55ee09671
hardhat_kaggle_7e6c7e10aeeb.png,hardhat_kaggle_7e6c7e10aeeb,hardhat_kaggle,hardhat_kaggle:hard_hat_workers3972,4,0,0,7e6c7e10aeeb8d2bb2bfe7fd9d09f63ba64baefd
hardhat_kaggle_e591e19ce357.png,hardhat_kaggle_e591e19ce357,hardhat_kaggle,hardhat_kaggle:hard_hat_workers3973,1,0,0,e591e19ce3572bceb3e2e8370c110a5f670ef266
hardhat_kaggle_7328f0180d8d.png,hardhat_kaggle_7328f0180d8d,hardhat_kaggle,hardhat_kaggle:hard_hat_workers3974,3,0,0,7328f0180d8d636972a78543ebe310f080bcf341
hardhat_kaggle_a0e73837f5ee.png,hardhat_kaggle_a0e73837f5ee,hardhat_kaggle,hardhat_kaggle:hard_hat_workers3975,4,0,0,a0e73837f5ee1dc7f2ede91576a66d89e190522b
hardhat_kaggle_d806ebc42550.png,hardhat_kaggle_d806ebc42550,hardhat_kaggle,hardhat_kaggle:hard_hat_workers3976,9,0,0,d806ebc425506fa8ce287d748de3f7036f4e8ed6
hardhat_kaggle_42c857bb51aa.png,hardhat_kaggle_42c857bb51aa,hardhat_kaggle,hardhat_kaggle:hard_hat_workers3977,3,0,0,42c857bb51aaccc5d072cd147f399b44d82550cf
hardhat_kaggle_12ad30dcf331.png,hardhat_kaggle_12ad30dcf331,hardhat_kaggle,hardhat_kaggle:hard_hat_workers3978,4,0,0,12ad30dcf3310a0e3360d28ab2738336e7909f3e
hardhat_kaggle_466b49102aa9.png,hardhat_kaggle_466b49102aa9,hardhat_kaggle,hardhat_kaggle:hard_hat_workers3979,1,0,0,466b49102aa9108b0fb3c709aed103a9bb107a9d
hardhat_kaggle_324095f496b1.png,hardhat_kaggle_324095f496b1,hardhat_kaggle,hardhat_kaggle:hard_hat_workers398,6,0,0,324095f496b15c41d4d315ba739e05b3e1747ee7
hardhat_kaggle_3f8aefffd3bf.png,hardhat_kaggle_3f8aefffd3bf,hardhat_kaggle,hardhat_kaggle:hard_hat_workers3980,4,0,0,3f8aefffd3bf9b4e1a8ca0c8173367f9341fba00
hardhat_kaggle_51dc6e549747.png,hardhat_kaggle_51dc6e549747,hardhat_kaggle,hardhat_kaggle:hard_hat_workers3981,7,0,0,51dc6e5497474d53c5b66a4a6debf14cab268f8d
hardhat_kaggle_d8c4d159cfdf.png,hardhat_kaggle_d8c4d159cfdf,hardhat_kaggle,hardhat_kaggle:hard_hat_workers3982,1,0,0,d8c4d159cfdf776255ed80f71495713afbca8c87
hardhat_kaggle_b3a80dedfeb4.png,hardhat_kaggle_b3a80dedfeb4,hardhat_kaggle,hardhat_kaggle:hard_hat_workers3983,2,0,0,b3a80dedfeb4b5925c14f8ad9591ae4234b31e78
hardhat_kaggle_3a0314c6bd1b.png,hardhat_kaggle_3a0314c6bd1b,hardhat_kaggle,hardhat_kaggle:hard_hat_workers3984,1,0,0,3a0314c6bd1b60dc9865a55991c3f0ce08ab5735
hardhat_kaggle_616e649516ee.png,hardhat_kaggle_616e649516ee,hardhat_kaggle,hardhat_kaggle:hard_hat_workers3985,3,0,0,616e649516eec66a8355ceb7b4894a65afd6a706
hardhat_kaggle_5d38124089da.png,hardhat_kaggle_5d38124089da,hardhat_kaggle,hardhat_kaggle:hard_hat_workers3986,4,0,0,5d38124089da1c04444301e96a96e4ce78277486
hardhat_kaggle_53665da8a9f6.png,hardhat_kaggle_53665da8a9f6,hardhat_kaggle,hardhat_kaggle:hard_hat_workers3988,2,0,0,53665da8a9f6600ec30ced4cea08bf98aa9b4e03
hardhat_kaggle_5ae5b162e161.png,hardhat_kaggle_5ae5b162e161,hardhat_kaggle,hardhat_kaggle:hard_hat_workers3989,2,0,0,5ae5b162e161714b875da2588811a582dabec0f9
hardhat_kaggle_16f7109802dd.png,hardhat_kaggle_16f7109802dd,hardhat_kaggle,hardhat_kaggle:hard_hat_workers399,2,0,0,16f7109802ddd5ff78e889fd9e537e9eb29e35dc
hardhat_kaggle_afde781e9544.png,hardhat_kaggle_afde781e9544,hardhat_kaggle,hardhat_kaggle:hard_hat_workers3990,12,0,0,afde781e95445887ef7feab90aba90e21c7d6287
hardhat_kaggle_45dcba7989e2.png,hardhat_kaggle_45dcba7989e2,hardhat_kaggle,hardhat_kaggle:hard_hat_workers3991,6,0,0,45dcba7989e2a6b78e637945430fdf8be3185bd0
hardhat_kaggle_278f618fbc62.png,hardhat_kaggle_278f618fbc62,hardhat_kaggle,hardhat_kaggle:hard_hat_workers3992,4,0,0,278f618fbc62896f01a05b4f91bc6679ce92d6e2
hardhat_kaggle_9291cd3d8962.png,hardhat_kaggle_9291cd3d8962,hardhat_kaggle,hardhat_kaggle:hard_hat_workers3993,2,0,0,9291cd3d8962eaf585432bcf4d51ed8dc181950e
hardhat_kaggle_33160d9f39c0.png,hardhat_kaggle_33160d9f39c0,hardhat_kaggle,hardhat_kaggle:hard_hat_workers3994,11,0,0,33160d9f39c06e31a9ff2d9298c39e67b4bc0452
hardhat_kaggle_7cdd164f4ab4.png,hardhat_kaggle_7cdd164f4ab4,hardhat_kaggle,hardhat_kaggle:hard_hat_workers3995,9,0,0,7cdd164f4ab45e2ef61c9d51a86d3c04bebad39d
hardhat_kaggle_ec91797f49d7.png,hardhat_kaggle_ec91797f49d7,hardhat_kaggle,hardhat_kaggle:hard_hat_workers3997,1,0,0,ec91797f49d73eb711762a662655ef3d61001686
hardhat_kaggle_7f281933dc46.png,hardhat_kaggle_7f281933dc46,hardhat_kaggle,hardhat_kaggle:hard_hat_workers3998,2,0,0,7f281933dc46e360146a1d5704417385ea5fdd76
hardhat_kaggle_2647f52ec677.png,hardhat_kaggle_2647f52ec677,hardhat_kaggle,hardhat_kaggle:hard_hat_workers3999,2,0,0,2647f52ec677584706647b44dbadba74e5192564
hardhat_kaggle_3bce83560c1d.png,hardhat_kaggle_3bce83560c1d,hardhat_kaggle,hardhat_kaggle:hard_hat_workers4,1,0,0,3bce83560c1dac14497ce3dfb61eb7e4853a35cc
hardhat_kaggle_0655f4605d44.png,hardhat_kaggle_0655f4605d44,hardhat_kaggle,hardhat_kaggle:hard_hat_workers40,5,0,0,0655f4605d44ea9d5534316c34eb06dcb3b266a6
hardhat_kaggle_3b2187ddda9c.png,hardhat_kaggle_3b2187ddda9c,hardhat_kaggle,hardhat_kaggle:hard_hat_workers400,2,0,0,3b2187ddda9cd840d8cc9fa8cbfadea4f7c9036c
hardhat_kaggle_6e87af77f22d.png,hardhat_kaggle_6e87af77f22d,hardhat_kaggle,hardhat_kaggle:hard_hat_workers4000,4,0,0,6e87af77f22d430ec66f376122e6111f0f1cf11a
hardhat_kaggle_2ed31e3ae78b.png,hardhat_kaggle_2ed31e3ae78b,hardhat_kaggle,hardhat_kaggle:hard_hat_workers4002,3,0,0,2ed31e3ae78b70faaf961306955d144b3aabdbae
hardhat_kaggle_0ca753bbd25c.png,hardhat_kaggle_0ca753bbd25c,hardhat_kaggle,hardhat_kaggle:hard_hat_workers4003,3,0,0,0ca753bbd25cec6dd8262465450d50ed14da651e
hardhat_kaggle_4f445138d2df.png,hardhat_kaggle_4f445138d2df,hardhat_kaggle,hardhat_kaggle:hard_hat_workers4004,6,0,0,4f445138d2df6aa009792d3156be2290b6929acc
hardhat_kaggle_df30e160cdb2.png,hardhat_kaggle_df30e160cdb2,hardhat_kaggle,hardhat_kaggle:hard_hat_workers4005,9,0,0,df30e160cdb2eb7ad25c1d415d4449dd088c8289
hardhat_kaggle_1ab6be5691fc.png,hardhat_kaggle_1ab6be5691fc,hardhat_kaggle,hardhat_kaggle:hard_hat_workers4006,1,0,0,1ab6be5691fcef3cd576ae0bad6438318bfb81d7
hardhat_kaggle_7f045cb21307.png,hardhat_kaggle_7f045cb21307,hardhat_kaggle,hardhat_kaggle:hard_hat_workers4007,4,0,0,7f045cb2130766830415af97e387474e702dde42
hardhat_kaggle_ae985c403f58.png,hardhat_kaggle_ae985c403f58,hardhat_kaggle,hardhat_kaggle:hard_hat_workers4008,6,0,0,ae985c403f583610cd4fcc24ea148335a1a5adae
hardhat_kaggle_b6bf27ba9392.png,hardhat_kaggle_b6bf27ba9392,hardhat_kaggle,hardhat_kaggle:hard_hat_workers4009,9,0,0,b6bf27ba9392114eb3ea9fa4ae8289be3467071b
hardhat_kaggle_194b7e1847dd.png,hardhat_kaggle_194b7e1847dd,hardhat_kaggle,hardhat_kaggle:hard_hat_workers401,2,0,0,194b7e1847ddd0c8ba74006d1e7aa62eb8f97d49
hardhat_kaggle_a5ae5cafd342.png,hardhat_kaggle_a5ae5cafd342,hardhat_kaggle,hardhat_kaggle:hard_hat_workers4010,6,0,0,a5ae5cafd34231974d738b649c1ba45d079c2cc4
hardhat_kaggle_e396844956d4.png,hardhat_kaggle_e396844956d4,hardhat_kaggle,hardhat_kaggle:hard_hat_workers4011,10,0,0,e396844956d42967ffbff168e5928ab5b18c7d97
hardhat_kaggle_28b752968f1b.png,hardhat_kaggle_28b752968f1b,hardhat_kaggle,hardhat_kaggle:hard_hat_workers4012,4,0,0,28b752968f1b700cb7d97a95b90445be9eaa8778
hardhat_kaggle_b7ae8add1534.png,hardhat_kaggle_b7ae8add1534,hardhat_kaggle,hardhat_kaggle:hard_hat_workers4013,5,0,0,b7ae8add1534d410b916fc7389caff9db74f8cbc
hardhat_kaggle_60991ecafc0f.png,hardhat_kaggle_60991ecafc0f,hardhat_kaggle,hardhat_kaggle:hard_hat_workers4014,4,0,0,60991ecafc0f88d931f4fd81e4b24a93bdcb03f4
hardhat_kaggle_6ee8339647ad.png,hardhat_kaggle_6ee8339647ad,hardhat_kaggle,hardhat_kaggle:hard_hat_workers4015,2,0,0,6ee8339647ad3fd39ecc2f1f8cb3744c3b4fe1e1
hardhat_kaggle_8ce0550ac6ec.png,hardhat_kaggle_8ce0550ac6ec,hardhat_kaggle,hardhat_kaggle:hard_hat_workers4016,1,0,0,8ce0550ac6ecd9dc7f545c2e8fe4eb25f9b12522
hardhat_kaggle_f59a8a63bc55.png,hardhat_kaggle_f59a8a63bc55,hardhat_kaggle,hardhat_kaggle:hard_hat_workers4017,1,0,0,f59a8a63bc557eab81527ed4bfc04a3821b3e2dc
hardhat_kaggle_f854f927f62a.png,hardhat_kaggle_f854f927f62a,hardhat_kaggle,hardhat_kaggle:hard_hat_workers4018,3,0,0,f854f927f62aa74e27c9f8c5f043457ca12be7ab
hardhat_kaggle_7bd8257b6f0a.png,hardhat_kaggle_7bd8257b6f0a,hardhat_kaggle,hardhat_kaggle:hard_hat_workers4019,4,0,0,7bd8257b6f0a301ebc1e3ad0015573ae02bacf3d
hardhat_kaggle_d576ad633043.png,hardhat_kaggle_d576ad633043,hardhat_kaggle,hardhat_kaggle:hard_hat_workers402,6,0,0,d576ad63304386e3ef4d437ed7a85f4919fdfeae
hardhat_kaggle_147817ad376a.png,hardhat_kaggle_147817ad376a,hardhat_kaggle,hardhat_kaggle:hard_hat_workers4020,7,0,0,147817ad376a3e5527259e1c15ffa298b3436bee
hardhat_kaggle_ce21c3619213.png,hardhat_kaggle_ce21c3619213,hardhat_kaggle,hardhat_kaggle:hard_hat_workers4021,5,0,0,ce21c36192138b75d2021fd1db4fc4cc37874b9c
hardhat_kaggle_389f7271d820.png,hardhat_kaggle_389f7271d820,hardhat_kaggle,hardhat_kaggle:hard_hat_workers4022,2,0,0,389f7271d820581b1eb9b02c8d192e745a047886
hardhat_kaggle_75de43da7f3a.png,hardhat_kaggle_75de43da7f3a,hardhat_kaggle,hardhat_kaggle:hard_hat_workers4024,12,0,0,75de43da7f3a9e3be761d9e38f634f738cb04d5d
hardhat_kaggle_b0a2d9c1e600.png,hardhat_kaggle_b0a2d9c1e600,hardhat_kaggle,hardhat_kaggle:hard_hat_workers4025,1,0,0,b0a2d9c1e60064ee7e77407c2686c713f4950eff
hardhat_kaggle_5a01a4e5c25c.png,hardhat_kaggle_5a01a4e5c25c,hardhat_kaggle,hardhat_kaggle:hard_hat_workers4026,5,0,0,5a01a4e5c25cc7c8ec6f2474da2c16e6453c0c62
hardhat_kaggle_a5e508798b4f.png,hardhat_kaggle_a5e508798b4f,hardhat_kaggle,hardhat_kaggle:hard_hat_workers4027,2,0,0,a5e508798b4f4fb593b721f5129648c5810a02d3
hardhat_kaggle_7cee74325945.png,hardhat_kaggle_7cee74325945,hardhat_kaggle,hardhat_kaggle:hard_hat_workers4028,2,0,0,7cee74325945feeeb9e28614654efd5bdd4c7631
hardhat_kaggle_2f29ae14d022.png,hardhat_kaggle_2f29ae14d022,hardhat_kaggle,hardhat_kaggle:hard_hat_workers4029,2,0,0,2f29ae14d02231c2c93dcdaf50883d0f986cba6e
hardhat_kaggle_e74e32e05a15.png,hardhat_kaggle_e74e32e05a15,hardhat_kaggle,hardhat_kaggle:hard_hat_workers403,4,0,0,e74e32e05a15f5ae724d59061baca348687e4dfb
hardhat_kaggle_d0bb25fec838.png,hardhat_kaggle_d0bb25fec838,hardhat_kaggle,hardhat_kaggle:hard_hat_workers4030,1,0,0,d0bb25fec83848f50bd1a5da10c89b753a17d13a
hardhat_kaggle_b5b9f25d4279.png,hardhat_kaggle_b5b9f25d4279,hardhat_kaggle,hardhat_kaggle:hard_hat_workers4031,3,0,0,b5b9f25d4279239c9b14e43ec6cb09e87d840b1c
hardhat_kaggle_2c646bd8b6ab.png,hardhat_kaggle_2c646bd8b6ab,hardhat_kaggle,hardhat_kaggle:hard_hat_workers4032,2,0,0,2c646bd8b6ab6714e079a9977ef96a4de3cef454
hardhat_kaggle_efd9cb93828d.png,hardhat_kaggle_efd9cb93828d,hardhat_kaggle,hardhat_kaggle:hard_hat_workers4033,4,0,0,efd9cb93828d867343ce780a311cb0c72716cdee
hardhat_kaggle_753d4028cecc.png,hardhat_kaggle_753d4028cecc,hardhat_kaggle,hardhat_kaggle:hard_hat_workers4034,4,0,0,753d4028cecc8e39b09ee4bbe99b9ab0dc8c5173
hardhat_kaggle_a8bc005199bb.png,hardhat_kaggle_a8bc005199bb,hardhat_kaggle,hardhat_kaggle:hard_hat_workers4037,2,0,0,a8bc005199bb1b5d4b8ba1b10d11bf1000c164f8
hardhat_kaggle_0f4543df28d3.png,hardhat_kaggle_0f4543df28d3,hardhat_kaggle,hardhat_kaggle:hard_hat_workers4038,3,0,0,0f4543df28d329e3e05815b53c944ce6f7b17514
hardhat_kaggle_2e1ffdd3b0fe.png,hardhat_kaggle_2e1ffdd3b0fe,hardhat_kaggle,hardhat_kaggle:hard_hat_workers4039,1,0,0,2e1ffdd3b0fe48d80cb0df34df1863c61c5d5902
hardhat_kaggle_af5909063f20.png,hardhat_kaggle_af5909063f20,hardhat_kaggle,hardhat_kaggle:hard_hat_workers404,2,0,0,af5909063f20f1cfac3d24175fd78c0151a8c56e
hardhat_kaggle_510d6caa1e01.png,hardhat_kaggle_510d6caa1e01,hardhat_kaggle,hardhat_kaggle:hard_hat_workers4040,6,0,0,510d6caa1e0135c6649bfad8f6c0b007b5d7ee23
hardhat_kaggle_3247bd807506.png,hardhat_kaggle_3247bd807506,hardhat_kaggle,hardhat_kaggle:hard_hat_workers4041,3,0,0,3247bd807506c4870319050b6008fe77f40af304
hardhat_kaggle_e0a0d8b74c3c.png,hardhat_kaggle_e0a0d8b74c3c,hardhat_kaggle,hardhat_kaggle:hard_hat_workers4042,6,0,0,e0a0d8b74c3c395012c9719f3a752f78fdaac887
hardhat_kaggle_2ad2a86cbb32.png,hardhat_kaggle_2ad2a86cbb32,hardhat_kaggle,hardhat_kaggle:hard_hat_workers4043,4,0,0,2ad2a86cbb32d7b6a40c0b0518c4d6347ee19f8f
hardhat_kaggle_cb89537b2d64.png,hardhat_kaggle_cb89537b2d64,hardhat_kaggle,hardhat_kaggle:hard_hat_workers4044,1,0,0,cb89537b2d648cccf9c488659291d85cfcbcccc6
hardhat_kaggle_8c619068b37b.png,hardhat_kaggle_8c619068b37b,hardhat_kaggle,hardhat_kaggle:hard_hat_workers4045,4,0,0,8c619068b37b7e955bd1ec38b66e6ac3469585ee
hardhat_kaggle_d8120fd5cf4a.png,hardhat_kaggle_d8120fd5cf4a,hardhat_kaggle,hardhat_kaggle:hard_hat_workers4046,2,0,0,d8120fd5cf4a3c1396ade0387247233d7bc3a192
hardhat_kaggle_a68b87f93fdf.png,hardhat_kaggle_a68b87f93fdf,hardhat_kaggle,hardhat_kaggle:hard_hat_workers4047,4,0,0,a68b87f93fdfa430c99aba1fc93eb1579bc36fa6
hardhat_kaggle_63e112fc0771.png,hardhat_kaggle_63e112fc0771,hardhat_kaggle,hardhat_kaggle:hard_hat_workers4048,4,0,0,63e112fc0771fa8656842566a2efbe7580f3fd17
hardhat_kaggle_702d23657ca3.png,hardhat_kaggle_702d23657ca3,hardhat_kaggle,hardhat_kaggle:hard_hat_workers4049,2,0,0,702d23657ca3b61a655776c2004a14e2e981bc28
hardhat_kaggle_74a41c573feb.png,hardhat_kaggle_74a41c573feb,hardhat_kaggle,hardhat_kaggle:hard_hat_workers405,3,0,0,74a41c573feb1f655d812516c67ff701531dfbf2
hardhat_kaggle_274a8766f14c.png,hardhat_kaggle_274a8766f14c,hardhat_kaggle,hardhat_kaggle:hard_hat_workers4050,7,0,0,274a8766f14cfc7918c39e74a291b12e5f1b4745
hardhat_kaggle_9284e85e42fe.png,hardhat_kaggle_9284e85e42fe,hardhat_kaggle,hardhat_kaggle:hard_hat_workers4051,9,0,0,9284e85e42fed68b127743a5bdaef40c6192a6a9
hardhat_kaggle_d41b75793037.png,hardhat_kaggle_d41b75793037,hardhat_kaggle,hardhat_kaggle:hard_hat_workers4052,4,0,0,d41b75793037515c1cd8a37a9c0498661554a047
hardhat_kaggle_6ad7f00a254b.png,hardhat_kaggle_6ad7f00a254b,hardhat_kaggle,hardhat_kaggle:hard_hat_workers4053,1,0,0,6ad7f00a254b0cfbc042c1c291f5735f02042766
hardhat_kaggle_7d6d24e3d1b9.png,hardhat_kaggle_7d6d24e3d1b9,hardhat_kaggle,hardhat_kaggle:hard_hat_workers4054,2,0,0,7d6d24e3d1b9de9f3c1874174a3de36700f58046
hardhat_kaggle_5ca9ae6f3c92.png,hardhat_kaggle_5ca9ae6f3c92,hardhat_kaggle,hardhat_kaggle:hard_hat_workers4055,2,0,0,5ca9ae6f3c92ffaae96b44695585ce0e44269b3b
hardhat_kaggle_01595308cdd0.png,hardhat_kaggle_01595308cdd0,hardhat_kaggle,hardhat_kaggle:hard_hat_workers4056,7,0,0,01595308cdd0fde72e07e4cf05f3e347aa048744
hardhat_kaggle_6c9f596d5cee.png,hardhat_kaggle_6c9f596d5cee,hardhat_kaggle,hardhat_kaggle:hard_hat_workers4057,4,0,0,6c9f596d5cee5846fed79bae3428e05790d976ac
hardhat_kaggle_5ac0865b90d7.png,hardhat_kaggle_5ac0865b90d7,hardhat_kaggle,hardhat_kaggle:hard_hat_workers4058,5,0,0,5ac0865b90d788b6c8ce9dba724a536939103f6d
hardhat_kaggle_81a6514c8e8e.png,hardhat_kaggle_81a6514c8e8e,hardhat_kaggle,hardhat_kaggle:hard_hat_workers4059,1,0,0,81a6514c8e8ec45faeeaff3fbcb9d41bc2058bae
hardhat_kaggle_2126a5f93185.png,hardhat_kaggle_2126a5f93185,hardhat_kaggle,hardhat_kaggle:hard_hat_workers406,2,0,0,2126a5f931857ad37bacd6de8bfb566ae541bea0
hardhat_kaggle_a7f6ad4cc836.png,hardhat_kaggle_a7f6ad4cc836,hardhat_kaggle,hardhat_kaggle:hard_hat_workers4060,3,0,0,a7f6ad4cc83656a97e4d28646bbd4a50289ee035
hardhat_kaggle_fcc2e79b8da2.png,hardhat_kaggle_fcc2e79b8da2,hardhat_kaggle,hardhat_kaggle:hard_hat_workers4062,5,0,0,fcc2e79b8da2d6e214189116c7be36b2f1af6c9b
hardhat_kaggle_989718faf183.png,hardhat_kaggle_989718faf183,hardhat_kaggle,hardhat_kaggle:hard_hat_workers4063,2,0,0,989718faf183b45f4af3b0b9f46d4572e72f4b11
hardhat_kaggle_f69c83b0053e.png,hardhat_kaggle_f69c83b0053e,hardhat_kaggle,hardhat_kaggle:hard_hat_workers4065,4,0,0,f69c83b0053e5a126bc6f0337c373e2dba833483
hardhat_kaggle_fb9d765ff01e.png,hardhat_kaggle_fb9d765ff01e,hardhat_kaggle,hardhat_kaggle:hard_hat_workers4066,1,0,0,fb9d765ff01efcaa31a07683a4baf71f0a31217a
hardhat_kaggle_78934e1bd802.png,hardhat_kaggle_78934e1bd802,hardhat_kaggle,hardhat_kaggle:hard_hat_workers4067,2,0,0,78934e1bd802c0e934f570722a869da2d2b011fb
hardhat_kaggle_84e5df0e0924.png,hardhat_kaggle_84e5df0e0924,hardhat_kaggle,hardhat_kaggle:hard_hat_workers4068,2,0,0,84e5df0e0924a4e505d469bb914d19fa0b2b4854
hardhat_kaggle_a4dece6b1af0.png,hardhat_kaggle_a4dece6b1af0,hardhat_kaggle,hardhat_kaggle:hard_hat_workers4069,4,0,0,a4dece6b1af0351a216c87216d71c2ce01f3ff46
hardhat_kaggle_144f57ce7267.png,hardhat_kaggle_144f57ce7267,hardhat_kaggle,hardhat_kaggle:hard_hat_workers407,4,0,0,144f57ce7267634e2cc9c12aa3d6cd99618106a6
hardhat_kaggle_2e1fe0ff8250.png,hardhat_kaggle_2e1fe0ff8250,hardhat_kaggle,hardhat_kaggle:hard_hat_workers4070,4,0,0,2e1fe0ff8250b5ddcbb77e68cd101e0f2e6b0f73
hardhat_kaggle_4816e07eee6e.png,hardhat_kaggle_4816e07eee6e,hardhat_kaggle,hardhat_kaggle:hard_hat_workers4071,7,0,0,4816e07eee6e51bc0fee1ef226a309e4c4ca88da
hardhat_kaggle_957fc41003d6.png,hardhat_kaggle_957fc41003d6,hardhat_kaggle,hardhat_kaggle:hard_hat_workers4072,1,0,0,957fc41003d6f03289224a407cea501a9a763eeb
hardhat_kaggle_0d8eaf632fc8.png,hardhat_kaggle_0d8eaf632fc8,hardhat_kaggle,hardhat_kaggle:hard_hat_workers4073,7,0,0,0d8eaf632fc8e144954b808f04bf57b6073fd91b
hardhat_kaggle_e0d46756e6f3.png,hardhat_kaggle_e0d46756e6f3,hardhat_kaggle,hardhat_kaggle:hard_hat_workers4074,1,0,0,e0d46756e6f3b6dcf29118d822e92d47cade5d56
hardhat_kaggle_84df2e972ba3.png,hardhat_kaggle_84df2e972ba3,hardhat_kaggle,hardhat_kaggle:hard_hat_workers4075,6,0,0,84df2e972ba3e330478706fbbd3c7ebdd9cb1e51
hardhat_kaggle_ea1b300192d5.png,hardhat_kaggle_ea1b300192d5,hardhat_kaggle,hardhat_kaggle:hard_hat_workers4077,1,0,0,ea1b300192d54253b9c5ce6346318c5959774375
hardhat_kaggle_9f693e7c6cad.png,hardhat_kaggle_9f693e7c6cad,hardhat_kaggle,hardhat_kaggle:hard_hat_workers4078,2,0,0,9f693e7c6cade46df00352d2819a222dbb43c4ce
hardhat_kaggle_9918765e2a01.png,hardhat_kaggle_9918765e2a01,hardhat_kaggle,hardhat_kaggle:hard_hat_workers4079,1,0,0,9918765e2a011a74c2934c9000b0becebcd8a875
hardhat_kaggle_6e7a6803043e.png,hardhat_kaggle_6e7a6803043e,hardhat_kaggle,hardhat_kaggle:hard_hat_workers408,6,0,0,6e7a6803043e50b1d6e8fd613e48d41b6208e2dc
hardhat_kaggle_addb181a92a3.png,hardhat_kaggle_addb181a92a3,hardhat_kaggle,hardhat_kaggle:hard_hat_workers4080,3,0,0,addb181a92a344821278304a074416c8a6b735ef
hardhat_kaggle_d01e7864294d.png,hardhat_kaggle_d01e7864294d,hardhat_kaggle,hardhat_kaggle:hard_hat_workers4081,3,0,0,d01e7864294da2b01b59f11a99838eb3bd2d2708
hardhat_kaggle_22694533475e.png,hardhat_kaggle_22694533475e,hardhat_kaggle,hardhat_kaggle:hard_hat_workers4082,1,0,0,22694533475e2a0cceab9c7d0237c9d213e48f5b
hardhat_kaggle_e9390f7062df.png,hardhat_kaggle_e9390f7062df,hardhat_kaggle,hardhat_kaggle:hard_hat_workers4083,2,0,0,e9390f7062dfc27d06bae8b49597f851de37f7b5
hardhat_kaggle_06b29c9496eb.png,hardhat_kaggle_06b29c9496eb,hardhat_kaggle,hardhat_kaggle:hard_hat_workers4084,4,0,0,06b29c9496ebab05728eca38bdb7a18959c7af5c
hardhat_kaggle_5a387c2f7b6a.png,hardhat_kaggle_5a387c2f7b6a,hardhat_kaggle,hardhat_kaggle:hard_hat_workers4085,1,0,0,5a387c2f7b6ac76af9b1de4d31ec7cc8a4c0187d
hardhat_kaggle_ae3800c11a42.png,hardhat_kaggle_ae3800c11a42,hardhat_kaggle,hardhat_kaggle:hard_hat_workers4086,4,0,0,ae3800c11a42947a4d39ed4e2875483a9cd586c2
hardhat_kaggle_3d4cc5b861d5.png,hardhat_kaggle_3d4cc5b861d5,hardhat_kaggle,hardhat_kaggle:hard_hat_workers4087,6,0,0,3d4cc5b861d5950d3661aa785412149e6624245d
hardhat_kaggle_101a72db41d4.png,hardhat_kaggle_101a72db41d4,hardhat_kaggle,hardhat_kaggle:hard_hat_workers4088,8,0,0,101a72db41d4689920fc715397dc59279380695b
hardhat_kaggle_5360c58eb891.png,hardhat_kaggle_5360c58eb891,hardhat_kaggle,hardhat_kaggle:hard_hat_workers4089,1,0,0,5360c58eb8918e5a1790b88a6704e3a0385e792b
hardhat_kaggle_f1e2a0b0c4c7.png,hardhat_kaggle_f1e2a0b0c4c7,hardhat_kaggle,hardhat_kaggle:hard_hat_workers409,2,0,0,f1e2a0b0c4c7dda84aa1e963f9fef7ba92d66c21
hardhat_kaggle_2f845c99c823.png,hardhat_kaggle_2f845c99c823,hardhat_kaggle,hardhat_kaggle:hard_hat_workers4090,5,0,0,2f845c99c823bf3d2422b00b39b2a84e8af4de35
hardhat_kaggle_1ed56f0efbdb.png,hardhat_kaggle_1ed56f0efbdb,hardhat_kaggle,hardhat_kaggle:hard_hat_workers4091,5,0,0,1ed56f0efbdb1be9b8632d3a2281f6833c615ba2
hardhat_kaggle_4488dca93a61.png,hardhat_kaggle_4488dca93a61,hardhat_kaggle,hardhat_kaggle:hard_hat_workers4092,1,0,0,4488dca93a61220174948465bec16a470ae409a4
hardhat_kaggle_82e6162b0654.png,hardhat_kaggle_82e6162b0654,hardhat_kaggle,hardhat_kaggle:hard_hat_workers4093,8,0,0,82e6162b065457eabfe7f38d46ba6783e0b916c1
hardhat_kaggle_e8edd275f750.png,hardhat_kaggle_e8edd275f750,hardhat_kaggle,hardhat_kaggle:hard_hat_workers4095,2,0,0,e8edd275f750402c2270110261e38216184720b5
hardhat_kaggle_1dd502bf99d8.png,hardhat_kaggle_1dd502bf99d8,hardhat_kaggle,hardhat_kaggle:hard_hat_workers4096,4,0,0,1dd502bf99d8b5f8bf597865578263b19ef4fa19
hardhat_kaggle_4d7c2416f7fe.png,hardhat_kaggle_4d7c2416f7fe,hardhat_kaggle,hardhat_kaggle:hard_hat_workers4097,5,0,0,4d7c2416f7fe5197a0dee9cd02c42c8fe3867375
hardhat_kaggle_d69ed73f2be7.png,hardhat_kaggle_d69ed73f2be7,hardhat_kaggle,hardhat_kaggle:hard_hat_workers4098,2,0,0,d69ed73f2be7612a57d3704b2181be261eea5011
hardhat_kaggle_d35b7de2fa78.png,hardhat_kaggle_d35b7de2fa78,hardhat_kaggle,hardhat_kaggle:hard_hat_workers4099,1,0,0,d35b7de2fa780918487d31a92c63b33bb96194e5
hardhat_kaggle_8175452e0656.png,hardhat_kaggle_8175452e0656,hardhat_kaggle,hardhat_kaggle:hard_hat_workers41,2,0,0,8175452e0656c84c143ff2376c9d6d6e0bc2720d
hardhat_kaggle_a2b71b397291.png,hardhat_kaggle_a2b71b397291,hardhat_kaggle,hardhat_kaggle:hard_hat_workers410,2,0,0,a2b71b397291b8d55f3f3ea56c1e4ee3b5b26743
hardhat_kaggle_abad8b0450fe.png,hardhat_kaggle_abad8b0450fe,hardhat_kaggle,hardhat_kaggle:hard_hat_workers4100,4,0,0,abad8b0450fe83e704fd41872a52eef4003f2f6d
hardhat_kaggle_79666427ed30.png,hardhat_kaggle_79666427ed30,hardhat_kaggle,hardhat_kaggle:hard_hat_workers4101,3,0,0,79666427ed30a870d6f7ea2adfb41672bdfa8816
hardhat_kaggle_69bdb8833d99.png,hardhat_kaggle_69bdb8833d99,hardhat_kaggle,hardhat_kaggle:hard_hat_workers4102,4,0,0,69bdb8833d99dccfd9445c161d717cbf73005d60
hardhat_kaggle_5418465d7b5a.png,hardhat_kaggle_5418465d7b5a,hardhat_kaggle,hardhat_kaggle:hard_hat_workers4103,4,0,0,5418465d7b5ae121fbe0d4c1d56914885f6a1088
hardhat_kaggle_98456883cf3f.png,hardhat_kaggle_98456883cf3f,hardhat_kaggle,hardhat_kaggle:hard_hat_workers4104,7,0,0,98456883cf3fe9449b6506354ad77c74b48e30df
hardhat_kaggle_23188b0fb0b8.png,hardhat_kaggle_23188b0fb0b8,hardhat_kaggle,hardhat_kaggle:hard_hat_workers4105,3,0,0,23188b0fb0b82c7213e8047597194d99eda30530
hardhat_kaggle_9484a10730c4.png,hardhat_kaggle_9484a10730c4,hardhat_kaggle,hardhat_kaggle:hard_hat_workers4106,6,0,0,9484a10730c4df080a30a9f60cc4effe60c89d77
hardhat_kaggle_7262c39f73f4.png,hardhat_kaggle_7262c39f73f4,hardhat_kaggle,hardhat_kaggle:hard_hat_workers4107,10,0,0,7262c39f73f47491483593dc971845a6ef8e1b0d
hardhat_kaggle_7566a1aecc98.png,hardhat_kaggle_7566a1aecc98,hardhat_kaggle,hardhat_kaggle:hard_hat_workers4108,5,0,0,7566a1aecc9806ac4260e10ef69bd469e3f7dbee
hardhat_kaggle_6528bbfe3cfc.png,hardhat_kaggle_6528bbfe3cfc,hardhat_kaggle,hardhat_kaggle:hard_hat_workers4109,3,0,0,6528bbfe3cfcd43afe08703caa9ba004148bb9c8
hardhat_kaggle_b24bf274481a.png,hardhat_kaggle_b24bf274481a,hardhat_kaggle,hardhat_kaggle:hard_hat_workers411,2,0,0,b24bf274481ad5e7cf5044fcaee15cc9d9fe5b17
hardhat_kaggle_32c63c2d64a6.png,hardhat_kaggle_32c63c2d64a6,hardhat_kaggle,hardhat_kaggle:hard_hat_workers4111,3,0,0,32c63c2d64a64ae1fada0e9973d82d897e74b5d0
hardhat_kaggle_116a5550bec2.png,hardhat_kaggle_116a5550bec2,hardhat_kaggle,hardhat_kaggle:hard_hat_workers4112,3,0,0,116a5550bec2dc4d25eba373cef725284233ea06
hardhat_kaggle_c972e6a18be4.png,hardhat_kaggle_c972e6a18be4,hardhat_kaggle,hardhat_kaggle:hard_hat_workers4113,1,0,0,c972e6a18be447f29cf734a3e2125be2c9dda00f
hardhat_kaggle_ccbc2fdadc11.png,hardhat_kaggle_ccbc2fdadc11,hardhat_kaggle,hardhat_kaggle:hard_hat_workers4114,3,0,0,ccbc2fdadc118490348c9c089d693851c461dd8b
hardhat_kaggle_8a4808bdb6ec.png,hardhat_kaggle_8a4808bdb6ec,hardhat_kaggle,hardhat_kaggle:hard_hat_workers4115,1,0,0,8a4808bdb6ec27f2304cde4d7611aaeea17aa3bd
hardhat_kaggle_fa6d355c5a40.png,hardhat_kaggle_fa6d355c5a40,hardhat_kaggle,hardhat_kaggle:hard_hat_workers4116,1,0,0,fa6d355c5a40196f97c0e1dec86cd5b97d0efefd
hardhat_kaggle_5ad75d883e1c.png,hardhat_kaggle_5ad75d883e1c,hardhat_kaggle,hardhat_kaggle:hard_hat_workers4117,4,0,0,5ad75d883e1cb6c4133f9611a0fe7305a16aef30
hardhat_kaggle_47b2236ff3c6.png,hardhat_kaggle_47b2236ff3c6,hardhat_kaggle,hardhat_kaggle:hard_hat_workers4118,5,0,0,47b2236ff3c6354418107a9cc2999f899b0f3b5f
hardhat_kaggle_d412ac5fe630.png,hardhat_kaggle_d412ac5fe630,hardhat_kaggle,hardhat_kaggle:hard_hat_workers4119,3,0,0,d412ac5fe63060988e9c5b6387b5022e1358ae21
hardhat_kaggle_828fdb6cbe02.png,hardhat_kaggle_828fdb6cbe02,hardhat_kaggle,hardhat_kaggle:hard_hat_workers412,6,0,0,828fdb6cbe02f183dd0ebf506f53a9c6365dc55d
hardhat_kaggle_b7a9005f4515.png,hardhat_kaggle_b7a9005f4515,hardhat_kaggle,hardhat_kaggle:hard_hat_workers4120,1,0,0,b7a9005f451567526665ae32c68b0afb1722b0b6
hardhat_kaggle_59fc2492f470.png,hardhat_kaggle_59fc2492f470,hardhat_kaggle,hardhat_kaggle:hard_hat_workers4121,3,0,0,59fc2492f470571e359f6c13d5915d243314118e
hardhat_kaggle_6a6ae8365103.png,hardhat_kaggle_6a6ae8365103,hardhat_kaggle,hardhat_kaggle:hard_hat_workers4122,3,0,0,6a6ae8365103dbede1db6647d6738579e4874c06
hardhat_kaggle_4d511721be67.png,hardhat_kaggle_4d511721be67,hardhat_kaggle,hardhat_kaggle:hard_hat_workers4123,2,0,0,4d511721be6757c32ca1afd579224bf4cfbe3f00
hardhat_kaggle_ecb052314e94.png,hardhat_kaggle_ecb052314e94,hardhat_kaggle,hardhat_kaggle:hard_hat_workers4124,6,0,0,ecb052314e946b0f4729295e1b5bdca9b36e8343
hardhat_kaggle_02deb609db2b.png,hardhat_kaggle_02deb609db2b,hardhat_kaggle,hardhat_kaggle:hard_hat_workers4125,1,0,0,02deb609db2bbcb473409a2f5cf8cc2dfc60f12c
hardhat_kaggle_fe37064f11bc.png,hardhat_kaggle_fe37064f11bc,hardhat_kaggle,hardhat_kaggle:hard_hat_workers4126,6,0,0,fe37064f11bcd06dea135752d71e54774fedb190
hardhat_kaggle_f4240bf5f1f7.png,hardhat_kaggle_f4240bf5f1f7,hardhat_kaggle,hardhat_kaggle:hard_hat_workers4127,16,0,0,f4240bf5f1f7d865e08dc44cd5e538faaed200ca
hardhat_kaggle_bc7390c33b49.png,hardhat_kaggle_bc7390c33b49,hardhat_kaggle,hardhat_kaggle:hard_hat_workers4128,5,0,0,bc7390c33b4997aad7ad75ce8c7e25e8ed1cc4e3
hardhat_kaggle_980b89d4ec04.png,hardhat_kaggle_980b89d4ec04,hardhat_kaggle,hardhat_kaggle:hard_hat_workers4129,2,0,0,980b89d4ec041b941462357f480a3b110f88d736
hardhat_kaggle_e31982fc4d68.png,hardhat_kaggle_e31982fc4d68,hardhat_kaggle,hardhat_kaggle:hard_hat_workers413,17,0,0,e31982fc4d687fa1f8da519d23358287e02452c6
hardhat_kaggle_224ee51db821.png,hardhat_kaggle_224ee51db821,hardhat_kaggle,hardhat_kaggle:hard_hat_workers4130,6,0,0,224ee51db821e4153aed26f3e422b3cf620597ab
hardhat_kaggle_d2a6fdeaf91d.png,hardhat_kaggle_d2a6fdeaf91d,hardhat_kaggle,hardhat_kaggle:hard_hat_workers4131,4,0,0,d2a6fdeaf91dc81feb8a8931426c9d1dedf1d8e4
hardhat_kaggle_fce416412300.png,hardhat_kaggle_fce416412300,hardhat_kaggle,hardhat_kaggle:hard_hat_workers4132,5,0,0,fce416412300692a547ff6544442c19c964fa242
hardhat_kaggle_bba3296974a8.png,hardhat_kaggle_bba3296974a8,hardhat_kaggle,hardhat_kaggle:hard_hat_workers4133,1,0,0,bba3296974a8cf635ddd1b34ad99c5dff528d4e4
hardhat_kaggle_b1888d6748d3.png,hardhat_kaggle_b1888d6748d3,hardhat_kaggle,hardhat_kaggle:hard_hat_workers4134,6,0,0,b1888d6748d3715749d090f42b649f6778814f95
hardhat_kaggle_70d6afcedf74.png,hardhat_kaggle_70d6afcedf74,hardhat_kaggle,hardhat_kaggle:hard_hat_workers4135,1,0,0,70d6afcedf7424ce114e182b102979a4ef8a8b41
hardhat_kaggle_950e428a1f4e.png,hardhat_kaggle_950e428a1f4e,hardhat_kaggle,hardhat_kaggle:hard_hat_workers4137,2,0,0,950e428a1f4e234154b9c0158b310c626118428b
hardhat_kaggle_9964ad273903.png,hardhat_kaggle_9964ad273903,hardhat_kaggle,hardhat_kaggle:hard_hat_workers4138,2,0,0,9964ad27390312d4e95e5f73111197412fd151aa
hardhat_kaggle_fc78c7e6e8ee.png,hardhat_kaggle_fc78c7e6e8ee,hardhat_kaggle,hardhat_kaggle:hard_hat_workers4139,2,0,0,fc78c7e6e8ee6c0299d0fe5552269ca54fa12244
hardhat_kaggle_df313d4637a8.png,hardhat_kaggle_df313d4637a8,hardhat_kaggle,hardhat_kaggle:hard_hat_workers4140,3,0,0,df313d4637a8957643c8ef63d587fd80bd4a9a2c
hardhat_kaggle_93ae89ca866e.png,hardhat_kaggle_93ae89ca866e,hardhat_kaggle,hardhat_kaggle:hard_hat_workers4141,6,0,0,93ae89ca866ede8c4d7ed94aaba3d87179162cee
hardhat_kaggle_48af42b6cdea.png,hardhat_kaggle_48af42b6cdea,hardhat_kaggle,hardhat_kaggle:hard_hat_workers4142,1,0,0,48af42b6cdea5f4d1a2a775c8a61ee3a884903f4
hardhat_kaggle_6098b91afa94.png,hardhat_kaggle_6098b91afa94,hardhat_kaggle,hardhat_kaggle:hard_hat_workers4144,1,0,0,6098b91afa9451449c06f63de077ee24556cde95
hardhat_kaggle_000e91f509fd.png,hardhat_kaggle_000e91f509fd,hardhat_kaggle,hardhat_kaggle:hard_hat_workers4146,5,0,0,000e91f509fdab43d8f168cea27e1eddd3e4903c
hardhat_kaggle_d871558f447e.png,hardhat_kaggle_d871558f447e,hardhat_kaggle,hardhat_kaggle:hard_hat_workers4147,4,0,0,d871558f447e04586473c37af325a4f1cae94ef5
hardhat_kaggle_76c553be7795.png,hardhat_kaggle_76c553be7795,hardhat_kaggle,hardhat_kaggle:hard_hat_workers4148,3,0,0,76c553be7795b429201a8a95b3595d6ef108f36a
hardhat_kaggle_99092ad862fe.png,hardhat_kaggle_99092ad862fe,hardhat_kaggle,hardhat_kaggle:hard_hat_workers415,2,0,0,99092ad862fe331905fe55375161c2cb39513dc6
hardhat_kaggle_a2d73b6ffef7.png,hardhat_kaggle_a2d73b6ffef7,hardhat_kaggle,hardhat_kaggle:hard_hat_workers4150,3,0,0,a2d73b6ffef7213bafe5c6123efc2d6b1213639e
hardhat_kaggle_5b8436df5cd4.png,hardhat_kaggle_5b8436df5cd4,hardhat_kaggle,hardhat_kaggle:hard_hat_workers4151,6,0,0,5b8436df5cd48adece948c6b370202e7b25f3b49
hardhat_kaggle_c80299d6a441.png,hardhat_kaggle_c80299d6a441,hardhat_kaggle,hardhat_kaggle:hard_hat_workers4152,4,0,0,c80299d6a441b3dc355d12b0982c54baf97c30fc
hardhat_kaggle_844afa91b6e3.png,hardhat_kaggle_844afa91b6e3,hardhat_kaggle,hardhat_kaggle:hard_hat_workers4153,8,0,0,844afa91b6e3195129ee6a645905b9a36ddb7ae4
hardhat_kaggle_074ace1ec04a.png,hardhat_kaggle_074ace1ec04a,hardhat_kaggle,hardhat_kaggle:hard_hat_workers4154,2,0,0,074ace1ec04ae796768965efa9f4c82988d146c6
hardhat_kaggle_77c3e763aeef.png,hardhat_kaggle_77c3e763aeef,hardhat_kaggle,hardhat_kaggle:hard_hat_workers4155,4,0,0,77c3e763aeef5a2e293de3c76d41088ff9764854
hardhat_kaggle_d89b543d325c.png,hardhat_kaggle_d89b543d325c,hardhat_kaggle,hardhat_kaggle:hard_hat_workers4156,3,0,0,d89b543d325c8bf6fc4d164948744a584b1b52b4
hardhat_kaggle_f73a57a9603f.png,hardhat_kaggle_f73a57a9603f,hardhat_kaggle,hardhat_kaggle:hard_hat_workers4157,2,0,0,f73a57a9603f1fa7cd7735a941f6d54155c71147
hardhat_kaggle_38390946fd93.png,hardhat_kaggle_38390946fd93,hardhat_kaggle,hardhat_kaggle:hard_hat_workers4158,2,0,0,38390946fd930f11cf4e607a8b063cbfe13ea914
hardhat_kaggle_c03b86a068b8.png,hardhat_kaggle_c03b86a068b8,hardhat_kaggle,hardhat_kaggle:hard_hat_workers4159,2,0,0,c03b86a068b851c068a16ae6351e8d81e26d7617
hardhat_kaggle_a4bf5dfa7dbe.png,hardhat_kaggle_a4bf5dfa7dbe,hardhat_kaggle,hardhat_kaggle:hard_hat_workers416,13,0,0,a4bf5dfa7dbeb6caf7c88c71cb9a74ac7f05fcb2
hardhat_kaggle_943dc6025592.png,hardhat_kaggle_943dc6025592,hardhat_kaggle,hardhat_kaggle:hard_hat_workers4160,12,0,0,943dc6025592928af6c96ecf126acd37197fb6d5
hardhat_kaggle_313a0ca29830.png,hardhat_kaggle_313a0ca29830,hardhat_kaggle,hardhat_kaggle:hard_hat_workers4161,6,0,0,313a0ca298303c19829a3194a0663002b1933999
hardhat_kaggle_ad97da137c29.png,hardhat_kaggle_ad97da137c29,hardhat_kaggle,hardhat_kaggle:hard_hat_workers4162,2,0,0,ad97da137c298f8520fce0201893b5d17258a388
hardhat_kaggle_ae4b532abfef.png,hardhat_kaggle_ae4b532abfef,hardhat_kaggle,hardhat_kaggle:hard_hat_workers4163,7,0,0,ae4b532abfef32cd8594779b02ab476be6e8a47c
hardhat_kaggle_28e1ae418536.png,hardhat_kaggle_28e1ae418536,hardhat_kaggle,hardhat_kaggle:hard_hat_workers4164,2,0,0,28e1ae418536eb3980dc9e7de0efe9d099c0b4b2
hardhat_kaggle_1e2460a4939e.png,hardhat_kaggle_1e2460a4939e,hardhat_kaggle,hardhat_kaggle:hard_hat_workers4165,3,0,0,1e2460a4939e3601668b7f1b887d5aa5a4ab0882
hardhat_kaggle_b2eeb38917ad.png,hardhat_kaggle_b2eeb38917ad,hardhat_kaggle,hardhat_kaggle:hard_hat_workers4166,11,0,0,b2eeb38917ade76fb090f8c1489d115a31767502
hardhat_kaggle_beaf7ada766f.png,hardhat_kaggle_beaf7ada766f,hardhat_kaggle,hardhat_kaggle:hard_hat_workers4167,4,0,0,beaf7ada766fa21bfd5663cf993c08e17ca1e191
hardhat_kaggle_b17e2f0165bb.png,hardhat_kaggle_b17e2f0165bb,hardhat_kaggle,hardhat_kaggle:hard_hat_workers4168,4,0,0,b17e2f0165bb913e4e17c4da7660440b73ded006
hardhat_kaggle_3665e34491ff.png,hardhat_kaggle_3665e34491ff,hardhat_kaggle,hardhat_kaggle:hard_hat_workers417,3,0,0,3665e34491fffb1ad8b5922181dcf4e11b3b1936
hardhat_kaggle_0b69e745fb4f.png,hardhat_kaggle_0b69e745fb4f,hardhat_kaggle,hardhat_kaggle:hard_hat_workers4170,6,0,0,0b69e745fb4f71c55f4fd64d21c73f5a75f5971b
hardhat_kaggle_f2fa5d09a11a.png,hardhat_kaggle_f2fa5d09a11a,hardhat_kaggle,hardhat_kaggle:hard_hat_workers4171,7,0,0,f2fa5d09a11a74a14a1333287b7ed509e2be9072
hardhat_kaggle_04c85e248179.png,hardhat_kaggle_04c85e248179,hardhat_kaggle,hardhat_kaggle:hard_hat_workers4172,9,0,0,04c85e248179a67fada8e5e497d414691f811975
hardhat_kaggle_799b35228bfd.png,hardhat_kaggle_799b35228bfd,hardhat_kaggle,hardhat_kaggle:hard_hat_workers4173,12,0,0,799b35228bfd4bee6989660d2a94ecb0e9e6f5a7
hardhat_kaggle_be1b68123859.png,hardhat_kaggle_be1b68123859,hardhat_kaggle,hardhat_kaggle:hard_hat_workers4174,6,0,0,be1b681238598fb517f420fc3dffba2be0281485
hardhat_kaggle_420a31f68a24.png,hardhat_kaggle_420a31f68a24,hardhat_kaggle,hardhat_kaggle:hard_hat_workers4175,4,0,0,420a31f68a24f718d2e8ed3e8830e87e917e0108
hardhat_kaggle_808ac1d03cc4.png,hardhat_kaggle_808ac1d03cc4,hardhat_kaggle,hardhat_kaggle:hard_hat_workers4176,5,0,0,808ac1d03cc42d759e29b127f72c7b77780746b5
hardhat_kaggle_6d98822911b1.png,hardhat_kaggle_6d98822911b1,hardhat_kaggle,hardhat_kaggle:hard_hat_workers4177,3,0,0,6d98822911b1c633a8fd7ccb89736afecac8a841
hardhat_kaggle_0f6a9599fad8.png,hardhat_kaggle_0f6a9599fad8,hardhat_kaggle,hardhat_kaggle:hard_hat_workers4179,5,0,0,0f6a9599fad8ec8e6f7313f49837cf4e2e1e8d5a
hardhat_kaggle_59d4bb560c91.png,hardhat_kaggle_59d4bb560c91,hardhat_kaggle,hardhat_kaggle:hard_hat_workers418,14,0,0,59d4bb560c91baafb8ca5480025ad76fa7ce377b
hardhat_kaggle_e9611faddc1a.png,hardhat_kaggle_e9611faddc1a,hardhat_kaggle,hardhat_kaggle:hard_hat_workers4180,1,0,0,e9611faddc1ac72891262c537dd97307b2303d0a
hardhat_kaggle_e35eeace7ee3.png,hardhat_kaggle_e35eeace7ee3,hardhat_kaggle,hardhat_kaggle:hard_hat_workers4181,4,0,0,e35eeace7ee394b6f10a339bdd9c82204ceb3754
hardhat_kaggle_0c6d46529cb4.png,hardhat_kaggle_0c6d46529cb4,hardhat_kaggle,hardhat_kaggle:hard_hat_workers4182,4,0,0,0c6d46529cb4731b326e48ebd38e47c8d738987d
hardhat_kaggle_1059b80c1f6d.png,hardhat_kaggle_1059b80c1f6d,hardhat_kaggle,hardhat_kaggle:hard_hat_workers4183,4,0,0,1059b80c1f6d2a2a0f3bfc6651782e1da14a0b97
hardhat_kaggle_e1b619f3a445.png,hardhat_kaggle_e1b619f3a445,hardhat_kaggle,hardhat_kaggle:hard_hat_workers4184,4,0,0,e1b619f3a445baa392587d6d0892199b7d0fae4d
hardhat_kaggle_c27a7659317a.png,hardhat_kaggle_c27a7659317a,hardhat_kaggle,hardhat_kaggle:hard_hat_workers4185,17,0,0,c27a7659317a2b114e5813dab6794d68fd9aefc8
hardhat_kaggle_2749026b0ffb.png,hardhat_kaggle_2749026b0ffb,hardhat_kaggle,hardhat_kaggle:hard_hat_workers4186,6,0,0,2749026b0ffb4b751cc9353862c191f1267fbedf
hardhat_kaggle_c30ec43bc951.png,hardhat_kaggle_c30ec43bc951,hardhat_kaggle,hardhat_kaggle:hard_hat_workers4187,4,0,0,c30ec43bc9515843fc8a5c4d0743fdabb498379a
hardhat_kaggle_9a6ace5de7e4.png,hardhat_kaggle_9a6ace5de7e4,hardhat_kaggle,hardhat_kaggle:hard_hat_workers4188,2,0,0,9a6ace5de7e4587bd47eefb06215ff61999b5aed
hardhat_kaggle_2ee2bca4a1ae.png,hardhat_kaggle_2ee2bca4a1ae,hardhat_kaggle,hardhat_kaggle:hard_hat_workers419,1,0,0,2ee2bca4a1aeccf7b48b124dbdc30c5a53f8d8ce
hardhat_kaggle_e4164d9ae975.png,hardhat_kaggle_e4164d9ae975,hardhat_kaggle,hardhat_kaggle:hard_hat_workers4190,4,0,0,e4164d9ae975bfb13c36694c0d45794b79a1cca9
hardhat_kaggle_0bde0b233002.png,hardhat_kaggle_0bde0b233002,hardhat_kaggle,hardhat_kaggle:hard_hat_workers4191,3,0,0,0bde0b2330027a0f426ecf59007598b84e0734dc
hardhat_kaggle_eed7d2bd6ac6.png,hardhat_kaggle_eed7d2bd6ac6,hardhat_kaggle,hardhat_kaggle:hard_hat_workers4192,3,0,0,eed7d2bd6ac6e7a2784d9eb0ccb4267017306943
hardhat_kaggle_91272b8808ad.png,hardhat_kaggle_91272b8808ad,hardhat_kaggle,hardhat_kaggle:hard_hat_workers4193,2,0,0,91272b8808ad6b60071a6fd1bec777814fd5e454
hardhat_kaggle_847f0378b1b3.png,hardhat_kaggle_847f0378b1b3,hardhat_kaggle,hardhat_kaggle:hard_hat_workers4194,2,0,0,847f0378b1b35da8a9e276d323435115ca366245
hardhat_kaggle_f66bca9b9d98.png,hardhat_kaggle_f66bca9b9d98,hardhat_kaggle,hardhat_kaggle:hard_hat_workers4195,6,0,0,f66bca9b9d982ec4ec19357db6fd144187c27274
hardhat_kaggle_bb49e00f2e5f.png,hardhat_kaggle_bb49e00f2e5f,hardhat_kaggle,hardhat_kaggle:hard_hat_workers4196,3,0,0,bb49e00f2e5f59bd51f99a141517b8f21bd4f45c
hardhat_kaggle_a24af7cfb4c6.png,hardhat_kaggle_a24af7cfb4c6,hardhat_kaggle,hardhat_kaggle:hard_hat_workers4197,1,0,0,a24af7cfb4c670d984ff9e033d0244a46c71df0b
hardhat_kaggle_efd73650cd96.png,hardhat_kaggle_efd73650cd96,hardhat_kaggle,hardhat_kaggle:hard_hat_workers4198,4,0,0,efd73650cd962061fc9b2ca4178ce9fea2ed0d37
hardhat_kaggle_29eaebaf1cca.png,hardhat_kaggle_29eaebaf1cca,hardhat_kaggle,hardhat_kaggle:hard_hat_workers4199,4,0,0,29eaebaf1cca73ab7989c8871743394e3ba7f563
hardhat_kaggle_01d4de328211.png,hardhat_kaggle_01d4de328211,hardhat_kaggle,hardhat_kaggle:hard_hat_workers42,5,0,0,01d4de328211a1e792b64d08d7bd0629f1f03974
hardhat_kaggle_f99d2c81fb88.png,hardhat_kaggle_f99d2c81fb88,hardhat_kaggle,hardhat_kaggle:hard_hat_workers420,9,0,0,f99d2c81fb88621cb8736cf1c26abd2e7e5635b0
hardhat_kaggle_251bec62d3ef.png,hardhat_kaggle_251bec62d3ef,hardhat_kaggle,hardhat_kaggle:hard_hat_workers4200,1,0,0,251bec62d3ef5e8074a338ab0d110774f4d94d66
hardhat_kaggle_8c28106ebd2b.png,hardhat_kaggle_8c28106ebd2b,hardhat_kaggle,hardhat_kaggle:hard_hat_workers4201,6,0,0,8c28106ebd2bccbf15f296cab34d13d27b30e8ea
hardhat_kaggle_514fcc268560.png,hardhat_kaggle_514fcc268560,hardhat_kaggle,hardhat_kaggle:hard_hat_workers4202,7,0,0,514fcc268560f1ae0f4e3d8184fc5f2b4cf8b441
hardhat_kaggle_1bd7165e76c6.png,hardhat_kaggle_1bd7165e76c6,hardhat_kaggle,hardhat_kaggle:hard_hat_workers4203,2,0,0,1bd7165e76c627cee7f46a50eb283a9c032b8852
hardhat_kaggle_82670b0fcbee.png,hardhat_kaggle_82670b0fcbee,hardhat_kaggle,hardhat_kaggle:hard_hat_workers4204,1,0,0,82670b0fcbee9c4e0ebeb9ba73e1d675de3af4d4
hardhat_kaggle_6fcf64fd55d0.png,hardhat_kaggle_6fcf64fd55d0,hardhat_kaggle,hardhat_kaggle:hard_hat_workers4205,5,0,0,6fcf64fd55d0c1437c6b5372a6b7e790059c6ab0
hardhat_kaggle_9de54c0d4cda.png,hardhat_kaggle_9de54c0d4cda,hardhat_kaggle,hardhat_kaggle:hard_hat_workers4207,4,0,0,9de54c0d4cdab9188ac0a6a578253880c11339b2
hardhat_kaggle_c02d45f288b6.png,hardhat_kaggle_c02d45f288b6,hardhat_kaggle,hardhat_kaggle:hard_hat_workers4208,5,0,0,c02d45f288b6862c9ba6c49807a2cc08b02f3cb7
hardhat_kaggle_366251ddc1de.png,hardhat_kaggle_366251ddc1de,hardhat_kaggle,hardhat_kaggle:hard_hat_workers4209,4,0,0,366251ddc1def381c55266f0c32cc2464fafff0c
hardhat_kaggle_6a2f30d22902.png,hardhat_kaggle_6a2f30d22902,hardhat_kaggle,hardhat_kaggle:hard_hat_workers4210,4,0,0,6a2f30d229023ed12771f1c929f3d92eff2b8f75
hardhat_kaggle_bc40ed95785a.png,hardhat_kaggle_bc40ed95785a,hardhat_kaggle,hardhat_kaggle:hard_hat_workers4212,4,0,0,bc40ed95785a0c3ae20014701ee0397a74715673
hardhat_kaggle_b9faaeb987f4.png,hardhat_kaggle_b9faaeb987f4,hardhat_kaggle,hardhat_kaggle:hard_hat_workers4213,6,0,0,b9faaeb987f46a7fbc7aae8dacfdb4be91b6d676
hardhat_kaggle_100ca49b8a83.png,hardhat_kaggle_100ca49b8a83,hardhat_kaggle,hardhat_kaggle:hard_hat_workers4214,1,0,0,100ca49b8a8358899a75ed7c06e0c84a1ed789d4
hardhat_kaggle_0ad8d41136f3.png,hardhat_kaggle_0ad8d41136f3,hardhat_kaggle,hardhat_kaggle:hard_hat_workers4215,2,0,0,0ad8d41136f3a9d645b6b0153dfb4556aa93ca5f
hardhat_kaggle_a0991846627a.png,hardhat_kaggle_a0991846627a,hardhat_kaggle,hardhat_kaggle:hard_hat_workers4216,7,0,0,a0991846627a341e03fb973c8d132252d5589218
hardhat_kaggle_a2509c8db8c0.png,hardhat_kaggle_a2509c8db8c0,hardhat_kaggle,hardhat_kaggle:hard_hat_workers4217,7,0,0,a2509c8db8c0b72fcf2edc5f16ef62c295de4af3
hardhat_kaggle_bce4d6e9ad78.png,hardhat_kaggle_bce4d6e9ad78,hardhat_kaggle,hardhat_kaggle:hard_hat_workers4218,2,0,0,bce4d6e9ad784659f11c2116aad6088b81c08f21
hardhat_kaggle_1d3636e2a64d.png,hardhat_kaggle_1d3636e2a64d,hardhat_kaggle,hardhat_kaggle:hard_hat_workers4219,4,0,0,1d3636e2a64d38164c860ab56404c9a6284ae288
hardhat_kaggle_5932a3536a42.png,hardhat_kaggle_5932a3536a42,hardhat_kaggle,hardhat_kaggle:hard_hat_workers422,6,0,0,5932a3536a42806f88480819c78e2dc1ee34cb9a
hardhat_kaggle_7e5599a13f00.png,hardhat_kaggle_7e5599a13f00,hardhat_kaggle,hardhat_kaggle:hard_hat_workers4220,1,0,0,7e5599a13f0074ada184dab229116ee3c79e4fc9
hardhat_kaggle_13909fd99ba3.png,hardhat_kaggle_13909fd99ba3,hardhat_kaggle,hardhat_kaggle:hard_hat_workers4221,2,0,0,13909fd99ba3e2ddb0afb1726ed6dadc234643c5
hardhat_kaggle_3d25d5254f21.png,hardhat_kaggle_3d25d5254f21,hardhat_kaggle,hardhat_kaggle:hard_hat_workers4222,5,0,0,3d25d5254f21c735a5fbaaef778f4a56a80f261a
hardhat_kaggle_0728c1869686.png,hardhat_kaggle_0728c1869686,hardhat_kaggle,hardhat_kaggle:hard_hat_workers4224,3,0,0,0728c18696860658dfd541ce278d0bcbf38e5aaa
hardhat_kaggle_ca125a7b7626.png,hardhat_kaggle_ca125a7b7626,hardhat_kaggle,hardhat_kaggle:hard_hat_workers4225,7,0,0,ca125a7b7626fad7dc28ac0c940aec5d81737cda
hardhat_kaggle_1f9b53eedaa3.png,hardhat_kaggle_1f9b53eedaa3,hardhat_kaggle,hardhat_kaggle:hard_hat_workers4226,6,0,0,1f9b53eedaa33685a2b7fb264490793731614ba1
hardhat_kaggle_f8432a4e5d8b.png,hardhat_kaggle_f8432a4e5d8b,hardhat_kaggle,hardhat_kaggle:hard_hat_workers4227,17,0,0,f8432a4e5d8b016ff5d3c84686031db64c4954f1
hardhat_kaggle_a4d7485563a2.png,hardhat_kaggle_a4d7485563a2,hardhat_kaggle,hardhat_kaggle:hard_hat_workers4228,1,0,0,a4d7485563a2e17eb6163a24a0d18f8ff5b66b36
hardhat_kaggle_3c1dec53b71a.png,hardhat_kaggle_3c1dec53b71a,hardhat_kaggle,hardhat_kaggle:hard_hat_workers4229,8,0,0,3c1dec53b71a871d8ee7b4f6f61299f2d7a6358a
hardhat_kaggle_545f1ba99357.png,hardhat_kaggle_545f1ba99357,hardhat_kaggle,hardhat_kaggle:hard_hat_workers423,6,0,0,545f1ba993574eced9014cf6aca62bf33bc4b785
hardhat_kaggle_5cf63ace03dc.png,hardhat_kaggle_5cf63ace03dc,hardhat_kaggle,hardhat_kaggle:hard_hat_workers4230,2,0,0,5cf63ace03dc58e2ad8e9b1484549ee6a9b372e1
hardhat_kaggle_81f406ee0367.png,hardhat_kaggle_81f406ee0367,hardhat_kaggle,hardhat_kaggle:hard_hat_workers4232,1,0,0,81f406ee03674066bafbd99d7b8385e730846a3d
hardhat_kaggle_08a4639f0e56.png,hardhat_kaggle_08a4639f0e56,hardhat_kaggle,hardhat_kaggle:hard_hat_workers4233,3,0,0,08a4639f0e56ec8b98d181d23cafe29f726350f0
hardhat_kaggle_596ce21baa3f.png,hardhat_kaggle_596ce21baa3f,hardhat_kaggle,hardhat_kaggle:hard_hat_workers4234,2,0,0,596ce21baa3fd0934168dc886bf6106f09256f36
hardhat_kaggle_b76a8e63d8e3.png,hardhat_kaggle_b76a8e63d8e3,hardhat_kaggle,hardhat_kaggle:hard_hat_workers4235,2,0,0,b76a8e63d8e3387b867cd0dd56b23c1a96f54d4c
hardhat_kaggle_8734890612e3.png,hardhat_kaggle_8734890612e3,hardhat_kaggle,hardhat_kaggle:hard_hat_workers4236,4,0,0,8734890612e3a6a7c83931da686240ac75860973
hardhat_kaggle_6369bfa0e1de.png,hardhat_kaggle_6369bfa0e1de,hardhat_kaggle,hardhat_kaggle:hard_hat_workers4237,3,0,0,6369bfa0e1de4149bd2a8adcdb8096277c5a3af1
hardhat_kaggle_d2bb36706f07.png,hardhat_kaggle_d2bb36706f07,hardhat_kaggle,hardhat_kaggle:hard_hat_workers4238,3,0,0,d2bb36706f0752a2ecc271b52b44b5c8f0bb4025
hardhat_kaggle_44b18f3278ec.png,hardhat_kaggle_44b18f3278ec,hardhat_kaggle,hardhat_kaggle:hard_hat_workers4239,10,0,0,44b18f3278ecd8faf1b28055e53c17e54f4cf52d
hardhat_kaggle_71c6d4661301.png,hardhat_kaggle_71c6d4661301,hardhat_kaggle,hardhat_kaggle:hard_hat_workers424,2,0,0,71c6d46613019b54d080b03c3fffdcef36723695
hardhat_kaggle_5a83403a0eca.png,hardhat_kaggle_5a83403a0eca,hardhat_kaggle,hardhat_kaggle:hard_hat_workers4241,4,0,0,5a83403a0eca34e5bb653ec08790be16d658e617
hardhat_kaggle_95b33b26f439.png,hardhat_kaggle_95b33b26f439,hardhat_kaggle,hardhat_kaggle:hard_hat_workers4242,1,0,0,95b33b26f43950665161712abb68d9f006ef874a
hardhat_kaggle_2359586c72d6.png,hardhat_kaggle_2359586c72d6,hardhat_kaggle,hardhat_kaggle:hard_hat_workers4243,1,0,0,2359586c72d6f2bf0a441e2b4c83498dfbccded8
hardhat_kaggle_6c7e8f190033.png,hardhat_kaggle_6c7e8f190033,hardhat_kaggle,hardhat_kaggle:hard_hat_workers4244,18,0,0,6c7e8f19003377ed52f186e18467df1b568ebe5b
hardhat_kaggle_59f1efd0c5f0.png,hardhat_kaggle_59f1efd0c5f0,hardhat_kaggle,hardhat_kaggle:hard_hat_workers4245,6,0,0,59f1efd0c5f0e4755252daca796560636179b09b
hardhat_kaggle_7c8ae0540fa5.png,hardhat_kaggle_7c8ae0540fa5,hardhat_kaggle,hardhat_kaggle:hard_hat_workers4246,1,0,0,7c8ae0540fa525f72636eb81f904019d68546411
hardhat_kaggle_7722a5682416.png,hardhat_kaggle_7722a5682416,hardhat_kaggle,hardhat_kaggle:hard_hat_workers4247,2,0,0,7722a56824166a9a7db56ee3e9d437f189ccf54d
hardhat_kaggle_48f364e0a3d9.png,hardhat_kaggle_48f364e0a3d9,hardhat_kaggle,hardhat_kaggle:hard_hat_workers4248,7,0,0,48f364e0a3d9dcc69d368355f60f415c48b1593b
hardhat_kaggle_756e792e2bcf.png,hardhat_kaggle_756e792e2bcf,hardhat_kaggle,hardhat_kaggle:hard_hat_workers4249,4,0,0,756e792e2bcff6882a75966e278b10471e64765b
hardhat_kaggle_05f6f75343eb.png,hardhat_kaggle_05f6f75343eb,hardhat_kaggle,hardhat_kaggle:hard_hat_workers425,2,0,0,05f6f75343ebfd83b9a25a2afe3b7454c54f0406
hardhat_kaggle_9394c1b83562.png,hardhat_kaggle_9394c1b83562,hardhat_kaggle,hardhat_kaggle:hard_hat_workers4250,10,0,0,9394c1b835621d5c56dc8c15fcdf23a7b91f8119
hardhat_kaggle_d747f6df171b.png,hardhat_kaggle_d747f6df171b,hardhat_kaggle,hardhat_kaggle:hard_hat_workers4251,4,0,0,d747f6df171b42257713acf744d82a21525162b8
hardhat_kaggle_8c98ccd82cb3.png,hardhat_kaggle_8c98ccd82cb3,hardhat_kaggle,hardhat_kaggle:hard_hat_workers4252,7,0,0,8c98ccd82cb38faa3ce11aba62db1ef60888e6c0
hardhat_kaggle_5649d99f82b0.png,hardhat_kaggle_5649d99f82b0,hardhat_kaggle,hardhat_kaggle:hard_hat_workers4253,10,0,0,5649d99f82b0003c84c60190ba0c8ada51fb3200
hardhat_kaggle_abe9171c8534.png,hardhat_kaggle_abe9171c8534,hardhat_kaggle,hardhat_kaggle:hard_hat_workers4254,4,0,0,abe9171c8534ecbeb02a7c306793a7038ae6f91e
hardhat_kaggle_49fcfecfb5c9.png,hardhat_kaggle_49fcfecfb5c9,hardhat_kaggle,hardhat_kaggle:hard_hat_workers4255,3,0,0,49fcfecfb5c9ccd41428d636ea4f69792dce4f70
hardhat_kaggle_1f3a8c463ec7.png,hardhat_kaggle_1f3a8c463ec7,hardhat_kaggle,hardhat_kaggle:hard_hat_workers4256,2,0,0,1f3a8c463ec721305b909adf5cd1ee013882e6b8
hardhat_kaggle_8a5064cda629.png,hardhat_kaggle_8a5064cda629,hardhat_kaggle,hardhat_kaggle:hard_hat_workers4257,2,0,0,8a5064cda6296e94caed53908eafae579ce8924a
hardhat_kaggle_0364da0d978b.png,hardhat_kaggle_0364da0d978b,hardhat_kaggle,hardhat_kaggle:hard_hat_workers4258,5,0,0,0364da0d978b06c3d16ff42e6167cb8e1b4f5d37
hardhat_kaggle_57ea20fc137d.png,hardhat_kaggle_57ea20fc137d,hardhat_kaggle,hardhat_kaggle:hard_hat_workers4259,2,0,0,57ea20fc137d4b339ee018385c0e4c35e4b777e2
hardhat_kaggle_f2b309cd4d0a.png,hardhat_kaggle_f2b309cd4d0a,hardhat_kaggle,hardhat_kaggle:hard_hat_workers426,2,0,0,f2b309cd4d0a6f3523dec0b60ec7f2dcd14df00c
hardhat_kaggle_21e51126e21a.png,hardhat_kaggle_21e51126e21a,hardhat_kaggle,hardhat_kaggle:hard_hat_workers4260,5,0,0,21e51126e21aaf009e64460b38684cc31b6f171f
hardhat_kaggle_10cf4e134395.png,hardhat_kaggle_10cf4e134395,hardhat_kaggle,hardhat_kaggle:hard_hat_workers4261,1,0,0,10cf4e134395f2ac43e2a3e63431814580a201d3
hardhat_kaggle_0ec5836b32b9.png,hardhat_kaggle_0ec5836b32b9,hardhat_kaggle,hardhat_kaggle:hard_hat_workers4262,2,0,0,0ec5836b32b9d05baf53ece13db7533cde0b3c1f
hardhat_kaggle_b904c87712bd.png,hardhat_kaggle_b904c87712bd,hardhat_kaggle,hardhat_kaggle:hard_hat_workers4264,2,0,0,b904c87712bd75420fb0e3cc63d70aa9996c882f
hardhat_kaggle_6e7d6fe534b4.png,hardhat_kaggle_6e7d6fe534b4,hardhat_kaggle,hardhat_kaggle:hard_hat_workers4265,5,0,0,6e7d6fe534b4a256ab012eb805a5c7b511afc11b
hardhat_kaggle_1e10760a4e6a.png,hardhat_kaggle_1e10760a4e6a,hardhat_kaggle,hardhat_kaggle:hard_hat_workers4266,2,0,0,1e10760a4e6a01afae78a5ac5e13ec85025fd65d
hardhat_kaggle_d00028bbba48.png,hardhat_kaggle_d00028bbba48,hardhat_kaggle,hardhat_kaggle:hard_hat_workers4267,6,0,0,d00028bbba48c4dd63ee612bd20b9330fe34148d
hardhat_kaggle_61d4a1b797fa.png,hardhat_kaggle_61d4a1b797fa,hardhat_kaggle,hardhat_kaggle:hard_hat_workers4268,3,0,0,61d4a1b797fa3d903af5407a407920616c1d9c96
hardhat_kaggle_73ba160653b2.png,hardhat_kaggle_73ba160653b2,hardhat_kaggle,hardhat_kaggle:hard_hat_workers4269,1,0,0,73ba160653b2b92288a9b1388e4ba369cf5e46ff
hardhat_kaggle_1ea4255f4dc0.png,hardhat_kaggle_1ea4255f4dc0,hardhat_kaggle,hardhat_kaggle:hard_hat_workers427,2,0,0,1ea4255f4dc0ebfcb87e1a4d9dc6abf796e90053
hardhat_kaggle_611ad41cedc0.png,hardhat_kaggle_611ad41cedc0,hardhat_kaggle,hardhat_kaggle:hard_hat_workers4271,6,0,0,611ad41cedc08f79876a005a2f3505ee99366660
hardhat_kaggle_9c6f4376f9d3.png,hardhat_kaggle_9c6f4376f9d3,hardhat_kaggle,hardhat_kaggle:hard_hat_workers4272,4,0,0,9c6f4376f9d30b60953b38f6361c535bf7402ef3
hardhat_kaggle_0347b1b6b0c8.png,hardhat_kaggle_0347b1b6b0c8,hardhat_kaggle,hardhat_kaggle:hard_hat_workers4273,4,0,0,0347b1b6b0c83b91e8ccd72e0c43108ba2aace17
hardhat_kaggle_0154664374c9.png,hardhat_kaggle_0154664374c9,hardhat_kaggle,hardhat_kaggle:hard_hat_workers4274,1,0,0,0154664374c9be1aa315ef5b160c17bd38018c02
hardhat_kaggle_39270c0cf5ef.png,hardhat_kaggle_39270c0cf5ef,hardhat_kaggle,hardhat_kaggle:hard_hat_workers4275,1,0,0,39270c0cf5ef9bf80cea7bea746bb1bb89afd5c9
hardhat_kaggle_683c4b5cd919.png,hardhat_kaggle_683c4b5cd919,hardhat_kaggle,hardhat_kaggle:hard_hat_workers4276,1,0,0,683c4b5cd919563b371c00bbdf3821e6976b35b0
hardhat_kaggle_a6a386531ecc.png,hardhat_kaggle_a6a386531ecc,hardhat_kaggle,hardhat_kaggle:hard_hat_workers4277,6,0,0,a6a386531ecce05a45c6db86246c17f3f8924b6a
hardhat_kaggle_1b67b557da86.png,hardhat_kaggle_1b67b557da86,hardhat_kaggle,hardhat_kaggle:hard_hat_workers4278,4,0,0,1b67b557da869f344de66361630ffe7c1f8441ef
hardhat_kaggle_586f0712a17e.png,hardhat_kaggle_586f0712a17e,hardhat_kaggle,hardhat_kaggle:hard_hat_workers4279,10,0,0,586f0712a17e3104cb09352ca1f9d5a7d9b37a9f
hardhat_kaggle_9f67aca26157.png,hardhat_kaggle_9f67aca26157,hardhat_kaggle,hardhat_kaggle:hard_hat_workers428,3,0,0,9f67aca261572719a947f330ea8d0384773a2fec
hardhat_kaggle_41c93a59d75e.png,hardhat_kaggle_41c93a59d75e,hardhat_kaggle,hardhat_kaggle:hard_hat_workers4280,3,0,0,41c93a59d75e1463b0cdba23db0152b8a839049a
hardhat_kaggle_5ffdfc77de3e.png,hardhat_kaggle_5ffdfc77de3e,hardhat_kaggle,hardhat_kaggle:hard_hat_workers4281,4,0,0,5ffdfc77de3e91bc5a6395499103ddfccd69bd12
hardhat_kaggle_da8ae9c7afad.png,hardhat_kaggle_da8ae9c7afad,hardhat_kaggle,hardhat_kaggle:hard_hat_workers4282,2,0,0,da8ae9c7afad71030f8465573cbca4228f71294d
hardhat_kaggle_a32b51c7e359.png,hardhat_kaggle_a32b51c7e359,hardhat_kaggle,hardhat_kaggle:hard_hat_workers4283,8,0,0,a32b51c7e359585f5dd645ae33074a203a252a7c
hardhat_kaggle_679a9f0b8967.png,hardhat_kaggle_679a9f0b8967,hardhat_kaggle,hardhat_kaggle:hard_hat_workers4284,3,0,0,679a9f0b8967ef7f89a1897070cfcab0e1011947
hardhat_kaggle_960ba7f48536.png,hardhat_kaggle_960ba7f48536,hardhat_kaggle,hardhat_kaggle:hard_hat_workers4285,10,0,0,960ba7f4853671111c149bf692aab112b007befc
hardhat_kaggle_434c7f3d1a22.png,hardhat_kaggle_434c7f3d1a22,hardhat_kaggle,hardhat_kaggle:hard_hat_workers4286,8,0,0,434c7f3d1a22651b6ba3f9eec40e664ee64b2ade
hardhat_kaggle_acb65adc7635.png,hardhat_kaggle_acb65adc7635,hardhat_kaggle,hardhat_kaggle:hard_hat_workers4287,5,0,0,acb65adc7635c57d625367069cd4ee78a1b3755b
hardhat_kaggle_7246d349ec2b.png,hardhat_kaggle_7246d349ec2b,hardhat_kaggle,hardhat_kaggle:hard_hat_workers4288,1,0,0,7246d349ec2b1a7c73c1996a8dcc1aca7ceab8b3
hardhat_kaggle_0562852970d4.png,hardhat_kaggle_0562852970d4,hardhat_kaggle,hardhat_kaggle:hard_hat_workers4289,6,0,0,0562852970d406e78ff39edfc3438ef44f76f254
hardhat_kaggle_73f0b406e74f.png,hardhat_kaggle_73f0b406e74f,hardhat_kaggle,hardhat_kaggle:hard_hat_workers429,12,0,0,73f0b406e74f8a6ca7415858ef074e3a5e0d70c8
hardhat_kaggle_778f99893960.png,hardhat_kaggle_778f99893960,hardhat_kaggle,hardhat_kaggle:hard_hat_workers4290,1,0,0,778f9989396087ce2e239c6fc7465f4d3beb5d8a
hardhat_kaggle_0396839cdf87.png,hardhat_kaggle_0396839cdf87,hardhat_kaggle,hardhat_kaggle:hard_hat_workers4291,3,0,0,0396839cdf87294bc0d763bb1624f2c563d102f6
hardhat_kaggle_a677270f5dff.png,hardhat_kaggle_a677270f5dff,hardhat_kaggle,hardhat_kaggle:hard_hat_workers4292,5,0,0,a677270f5dffabc562ed96a4c8f0965853ef58ed
hardhat_kaggle_077fcedf2951.png,hardhat_kaggle_077fcedf2951,hardhat_kaggle,hardhat_kaggle:hard_hat_workers4293,2,0,0,077fcedf2951d44e8e52e86edd7c2f877eb01643
hardhat_kaggle_780dca265d8c.png,hardhat_kaggle_780dca265d8c,hardhat_kaggle,hardhat_kaggle:hard_hat_workers4294,4,0,0,780dca265d8cda11c8052a359c54bc8281a52803
hardhat_kaggle_b56481f5d476.png,hardhat_kaggle_b56481f5d476,hardhat_kaggle,hardhat_kaggle:hard_hat_workers4296,3,0,0,b56481f5d476e45b0d8a6c2fb215f7131ed51b3c
hardhat_kaggle_d9fe0b627c34.png,hardhat_kaggle_d9fe0b627c34,hardhat_kaggle,hardhat_kaggle:hard_hat_workers4297,6,0,0,d9fe0b627c340733eca39829d5fd71d241ded661
hardhat_kaggle_59be6c4c5a77.png,hardhat_kaggle_59be6c4c5a77,hardhat_kaggle,hardhat_kaggle:hard_hat_workers4298,1,0,0,59be6c4c5a7772abf85a79eb1150b56d5abc8e70
hardhat_kaggle_3e06fceef937.png,hardhat_kaggle_3e06fceef937,hardhat_kaggle,hardhat_kaggle:hard_hat_workers4299,3,0,0,3e06fceef9375f1e0133a2f4a53e5cfa45aed966
hardhat_kaggle_ad17a41388e2.png,hardhat_kaggle_ad17a41388e2,hardhat_kaggle,hardhat_kaggle:hard_hat_workers43,5,0,0,ad17a41388e21310fa85cfaf15290e0e5479422f
hardhat_kaggle_36586e47ddf4.png,hardhat_kaggle_36586e47ddf4,hardhat_kaggle,hardhat_kaggle:hard_hat_workers430,8,0,0,36586e47ddf4937b17673afc1421d408d135f767
hardhat_kaggle_ee33c1dec0b5.png,hardhat_kaggle_ee33c1dec0b5,hardhat_kaggle,hardhat_kaggle:hard_hat_workers4301,4,0,0,ee33c1dec0b5ec8c909840e62295a602952c9046
hardhat_kaggle_272e3bb04bf6.png,hardhat_kaggle_272e3bb04bf6,hardhat_kaggle,hardhat_kaggle:hard_hat_workers4302,1,0,0,272e3bb04bf6558dd06d607a5ce87638b7627f2c
hardhat_kaggle_dc3792a57f78.png,hardhat_kaggle_dc3792a57f78,hardhat_kaggle,hardhat_kaggle:hard_hat_workers4303,2,0,0,dc3792a57f784dbf943c415188ddc45fd2f4adf1
hardhat_kaggle_98a9817bc841.png,hardhat_kaggle_98a9817bc841,hardhat_kaggle,hardhat_kaggle:hard_hat_workers4304,2,0,0,98a9817bc84182605bec41021e2c868cb5b450c5
hardhat_kaggle_596d6b3d5879.png,hardhat_kaggle_596d6b3d5879,hardhat_kaggle,hardhat_kaggle:hard_hat_workers4305,6,0,0,596d6b3d58798f5dfa14d4fcd3a0f257f763c4a6
hardhat_kaggle_6e5e75a3aeef.png,hardhat_kaggle_6e5e75a3aeef,hardhat_kaggle,hardhat_kaggle:hard_hat_workers4306,2,0,0,6e5e75a3aeef81cf62cc1052c3abf4acfbd653fe
hardhat_kaggle_7b9215e79970.png,hardhat_kaggle_7b9215e79970,hardhat_kaggle,hardhat_kaggle:hard_hat_workers4307,2,0,0,7b9215e7997024bc34f1d377f92c1e3f15db31b8
hardhat_kaggle_53329d786cd3.png,hardhat_kaggle_53329d786cd3,hardhat_kaggle,hardhat_kaggle:hard_hat_workers4308,24,0,0,53329d786cd3dd07e7c7f3b4efa2165342e8fd19
hardhat_kaggle_27ee8c4ea61a.png,hardhat_kaggle_27ee8c4ea61a,hardhat_kaggle,hardhat_kaggle:hard_hat_workers4309,19,0,0,27ee8c4ea61a7b3bae25e119ddfd4627328c8d15
hardhat_kaggle_728dfeca6a22.png,hardhat_kaggle_728dfeca6a22,hardhat_kaggle,hardhat_kaggle:hard_hat_workers431,11,0,0,728dfeca6a22eb6acce32b0bdfef53d2d93f41fe
hardhat_kaggle_a9d35a0b8719.png,hardhat_kaggle_a9d35a0b8719,hardhat_kaggle,hardhat_kaggle:hard_hat_workers4310,2,0,0,a9d35a0b8719895d03b1798802bb94e34260dc25
hardhat_kaggle_dedbafefb85b.png,hardhat_kaggle_dedbafefb85b,hardhat_kaggle,hardhat_kaggle:hard_hat_workers4311,2,0,0,dedbafefb85b0d446b5afa3521e520caef13579a
hardhat_kaggle_86aa8ed94c27.png,hardhat_kaggle_86aa8ed94c27,hardhat_kaggle,hardhat_kaggle:hard_hat_workers4313,3,0,0,86aa8ed94c2775b36ea3e037d2c8d2c154a4480a
hardhat_kaggle_aea47b160c13.png,hardhat_kaggle_aea47b160c13,hardhat_kaggle,hardhat_kaggle:hard_hat_workers4314,2,0,0,aea47b160c13daf79a85a8bbff303d7343273c9e
hardhat_kaggle_cab2dce5da8b.png,hardhat_kaggle_cab2dce5da8b,hardhat_kaggle,hardhat_kaggle:hard_hat_workers4315,4,0,0,cab2dce5da8b27952f8b339255047ef81fbebc66
hardhat_kaggle_54f1fbc51f3b.png,hardhat_kaggle_54f1fbc51f3b,hardhat_kaggle,hardhat_kaggle:hard_hat_workers4316,2,0,0,54f1fbc51f3bf0a06acd199a789421a4cc32f236
hardhat_kaggle_cb8e3dcca2f9.png,hardhat_kaggle_cb8e3dcca2f9,hardhat_kaggle,hardhat_kaggle:hard_hat_workers4317,8,0,0,cb8e3dcca2f9a3963551c8580cc001458d084a54
hardhat_kaggle_8ae6935d2c74.png,hardhat_kaggle_8ae6935d2c74,hardhat_kaggle,hardhat_kaggle:hard_hat_workers4318,2,0,0,8ae6935d2c744ceaa3323f77a14b412cc06e3ad9
hardhat_kaggle_d04cf6af813f.png,hardhat_kaggle_d04cf6af813f,hardhat_kaggle,hardhat_kaggle:hard_hat_workers4319,2,0,0,d04cf6af813fd942c3461eef2074920ae8a15f62
hardhat_kaggle_0eafa39eaeab.png,hardhat_kaggle_0eafa39eaeab,hardhat_kaggle,hardhat_kaggle:hard_hat_workers432,2,0,0,0eafa39eaeabe6546b4fcfbc263756dc9eb2b81a
hardhat_kaggle_d432c480e1ec.png,hardhat_kaggle_d432c480e1ec,hardhat_kaggle,hardhat_kaggle:hard_hat_workers4321,2,0,0,d432c480e1ec7687156f29a5c64209b9b45e0af5
hardhat_kaggle_e2ff55f5803b.png,hardhat_kaggle_e2ff55f5803b,hardhat_kaggle,hardhat_kaggle:hard_hat_workers4322,3,0,0,e2ff55f5803b3aa153a3ef8778095e867c50bc22
hardhat_kaggle_3671f37bb679.png,hardhat_kaggle_3671f37bb679,hardhat_kaggle,hardhat_kaggle:hard_hat_workers4324,6,0,0,3671f37bb679951c71418ab0e3113253d27a7d24
hardhat_kaggle_ed8875721ab4.png,hardhat_kaggle_ed8875721ab4,hardhat_kaggle,hardhat_kaggle:hard_hat_workers4325,4,0,0,ed8875721ab4aa5277eb5e19a9426c8e70cfdaa9
hardhat_kaggle_ced211a2a198.png,hardhat_kaggle_ced211a2a198,hardhat_kaggle,hardhat_kaggle:hard_hat_workers4326,3,0,0,ced211a2a1986cb4a4e39fa5e7c828f7ee1a1c72
hardhat_kaggle_27ddddae8544.png,hardhat_kaggle_27ddddae8544,hardhat_kaggle,hardhat_kaggle:hard_hat_workers4327,2,0,0,27ddddae85445dbf0f8d7377502e350e9c4dfd6f
hardhat_kaggle_e57c64f142c6.png,hardhat_kaggle_e57c64f142c6,hardhat_kaggle,hardhat_kaggle:hard_hat_workers4328,3,0,0,e57c64f142c6b7b04cc6aa310d8fc1020b3c52f1
hardhat_kaggle_71a9d0c05362.png,hardhat_kaggle_71a9d0c05362,hardhat_kaggle,hardhat_kaggle:hard_hat_workers4329,6,0,0,71a9d0c05362452b641fc227b08799d30443eced
hardhat_kaggle_eaf329c965f3.png,hardhat_kaggle_eaf329c965f3,hardhat_kaggle,hardhat_kaggle:hard_hat_workers433,4,0,0,eaf329c965f32d44c3347d0af1fe1e1a5b61e84c
hardhat_kaggle_e991fa8d3475.png,hardhat_kaggle_e991fa8d3475,hardhat_kaggle,hardhat_kaggle:hard_hat_workers4330,2,0,0,e991fa8d34752e3efad2970e13ad030c9c88948f
hardhat_kaggle_5d50bc6bad6c.png,hardhat_kaggle_5d50bc6bad6c,hardhat_kaggle,hardhat_kaggle:hard_hat_workers4331,15,0,0,5d50bc6bad6ce145c9900c7ceccf4323d1242fbb
hardhat_kaggle_45f69be82bb9.png,hardhat_kaggle_45f69be82bb9,hardhat_kaggle,hardhat_kaggle:hard_hat_workers4332,5,0,0,45f69be82bb9379b33101d90c26a9c261b343428
hardhat_kaggle_b18ad688bf9a.png,hardhat_kaggle_b18ad688bf9a,hardhat_kaggle,hardhat_kaggle:hard_hat_workers4333,4,0,0,b18ad688bf9a5b9167302c508f29600c7d6f9e4c
hardhat_kaggle_7afc980d6e6d.png,hardhat_kaggle_7afc980d6e6d,hardhat_kaggle,hardhat_kaggle:hard_hat_workers4334,3,0,0,7afc980d6e6dba3945610c7a951dc95303abce10
hardhat_kaggle_7b14964747b7.png,hardhat_kaggle_7b14964747b7,hardhat_kaggle,hardhat_kaggle:hard_hat_workers4335,1,0,0,7b14964747b78e52bdc6ba5c83594f22e663b602
hardhat_kaggle_51003bada045.png,hardhat_kaggle_51003bada045,hardhat_kaggle,hardhat_kaggle:hard_hat_workers4336,4,0,0,51003bada0452cd0085e614e18f12f5b23f30e36
hardhat_kaggle_ef039f140db1.png,hardhat_kaggle_ef039f140db1,hardhat_kaggle,hardhat_kaggle:hard_hat_workers4337,1,0,0,ef039f140db1b47bd1c74eed582931a6cd5dbeda
hardhat_kaggle_c8b4917ca0ab.png,hardhat_kaggle_c8b4917ca0ab,hardhat_kaggle,hardhat_kaggle:hard_hat_workers4338,1,0,0,c8b4917ca0ab67546edef4a81e904eb51e98861f
hardhat_kaggle_edb91728fb63.png,hardhat_kaggle_edb91728fb63,hardhat_kaggle,hardhat_kaggle:hard_hat_workers4339,7,0,0,edb91728fb635451bdb82f079886034a2037e128
hardhat_kaggle_f3490a66da89.png,hardhat_kaggle_f3490a66da89,hardhat_kaggle,hardhat_kaggle:hard_hat_workers434,2,0,0,f3490a66da89543dfbd25c759a99ab8461684cc6
hardhat_kaggle_50af42a3fe90.png,hardhat_kaggle_50af42a3fe90,hardhat_kaggle,hardhat_kaggle:hard_hat_workers4340,1,0,0,50af42a3fe908b26b26480dabc6e6254640f8dbc
hardhat_kaggle_4971f5357c9c.png,hardhat_kaggle_4971f5357c9c,hardhat_kaggle,hardhat_kaggle:hard_hat_workers4341,3,0,0,4971f5357c9cff374f495b6a6a5eb852ff799e65
hardhat_kaggle_ff27de13748c.png,hardhat_kaggle_ff27de13748c,hardhat_kaggle,hardhat_kaggle:hard_hat_workers4342,2,0,0,ff27de13748c66fbd69fb57a1264007f770c0edf
hardhat_kaggle_269719de99a6.png,hardhat_kaggle_269719de99a6,hardhat_kaggle,hardhat_kaggle:hard_hat_workers4343,2,0,0,269719de99a6382b24cc5d9d35df77b991400b22
hardhat_kaggle_7c9bca7dbc3d.png,hardhat_kaggle_7c9bca7dbc3d,hardhat_kaggle,hardhat_kaggle:hard_hat_workers4344,10,0,0,7c9bca7dbc3d4265863976aca8e627b681b69ef8
hardhat_kaggle_1a5cacdfdd92.png,hardhat_kaggle_1a5cacdfdd92,hardhat_kaggle,hardhat_kaggle:hard_hat_workers4345,3,0,0,1a5cacdfdd92c9febfa0b08b3bad554720649b22
hardhat_kaggle_1f8ebd6c2533.png,hardhat_kaggle_1f8ebd6c2533,hardhat_kaggle,hardhat_kaggle:hard_hat_workers4346,2,0,0,1f8ebd6c25335dd4afeba9de0b0b8e6fda7f27df
hardhat_kaggle_161887bf2d45.png,hardhat_kaggle_161887bf2d45,hardhat_kaggle,hardhat_kaggle:hard_hat_workers4347,2,0,0,161887bf2d45a5da9f9ecd88b98e0fee8e3d5122
hardhat_kaggle_5a3d5118ec12.png,hardhat_kaggle_5a3d5118ec12,hardhat_kaggle,hardhat_kaggle:hard_hat_workers4348,3,0,0,5a3d5118ec125b483c551738ef06c01a77ee224d
hardhat_kaggle_60a9697e2e1d.png,hardhat_kaggle_60a9697e2e1d,hardhat_kaggle,hardhat_kaggle:hard_hat_workers4349,5,0,0,60a9697e2e1dda7e79655a0567dc6ad55f003732
hardhat_kaggle_504665a85863.png,hardhat_kaggle_504665a85863,hardhat_kaggle,hardhat_kaggle:hard_hat_workers435,3,0,0,504665a85863d48699e2727b446c61223b6608b7
hardhat_kaggle_a7bf1d9f3d88.png,hardhat_kaggle_a7bf1d9f3d88,hardhat_kaggle,hardhat_kaggle:hard_hat_workers4350,1,0,0,a7bf1d9f3d888a4ff106193de188608e56a2a247
hardhat_kaggle_a6fd002faffe.png,hardhat_kaggle_a6fd002faffe,hardhat_kaggle,hardhat_kaggle:hard_hat_workers4351,3,0,0,a6fd002faffea44a72b47c4d80c8ceee57137db4
hardhat_kaggle_a77c7273135c.png,hardhat_kaggle_a77c7273135c,hardhat_kaggle,hardhat_kaggle:hard_hat_workers4352,4,0,0,a77c7273135c30c7090054501b43550a45515ef0
hardhat_kaggle_36d52e1b29db.png,hardhat_kaggle_36d52e1b29db,hardhat_kaggle,hardhat_kaggle:hard_hat_workers4353,11,0,0,36d52e1b29db36cf6376df279911c41ed736c29d
hardhat_kaggle_f2e1f03256a4.png,hardhat_kaggle_f2e1f03256a4,hardhat_kaggle,hardhat_kaggle:hard_hat_workers4354,4,0,0,f2e1f03256a451280ecf3e5a5b5648c30cc6cb96
hardhat_kaggle_aee113c8b860.png,hardhat_kaggle_aee113c8b860,hardhat_kaggle,hardhat_kaggle:hard_hat_workers4355,5,0,0,aee113c8b860681cb6a98917cf4e842725c74334
hardhat_kaggle_52d331b5d8da.png,hardhat_kaggle_52d331b5d8da,hardhat_kaggle,hardhat_kaggle:hard_hat_workers4356,5,0,0,52d331b5d8dae84ebf5c2f8bae59e7ab9466dcde
hardhat_kaggle_1a8bbb13073c.png,hardhat_kaggle_1a8bbb13073c,hardhat_kaggle,hardhat_kaggle:hard_hat_workers4358,6,0,0,1a8bbb13073c9a3582076b1cb51c98be8abccc82
hardhat_kaggle_b1c1751d4b93.png,hardhat_kaggle_b1c1751d4b93,hardhat_kaggle,hardhat_kaggle:hard_hat_workers4359,9,0,0,b1c1751d4b93d78d6972dd2c9732f2cbd17f2e56
hardhat_kaggle_41acaf17dbeb.png,hardhat_kaggle_41acaf17dbeb,hardhat_kaggle,hardhat_kaggle:hard_hat_workers436,4,0,0,41acaf17dbebe1bcb0ca90fb0c46291229ca88ed
hardhat_kaggle_743c69c4e783.png,hardhat_kaggle_743c69c4e783,hardhat_kaggle,hardhat_kaggle:hard_hat_workers4360,11,0,0,743c69c4e783cc16fe6855414c65cc04a11198fb
hardhat_kaggle_da13c112835b.png,hardhat_kaggle_da13c112835b,hardhat_kaggle,hardhat_kaggle:hard_hat_workers4362,1,0,0,da13c112835b496ac3533561b3710a019da0843e
hardhat_kaggle_86c9b7b95564.png,hardhat_kaggle_86c9b7b95564,hardhat_kaggle,hardhat_kaggle:hard_hat_workers4363,22,0,0,86c9b7b95564dd6bc73d87fa566e8b38e093f37e
hardhat_kaggle_a027b99b14df.png,hardhat_kaggle_a027b99b14df,hardhat_kaggle,hardhat_kaggle:hard_hat_workers4364,4,0,0,a027b99b14dfb0888b271a78b9e06960f5986a5b
hardhat_kaggle_a338fad0f903.png,hardhat_kaggle_a338fad0f903,hardhat_kaggle,hardhat_kaggle:hard_hat_workers4365,6,0,0,a338fad0f903310af146b877937e779156d95bba
hardhat_kaggle_79d760bdb85a.png,hardhat_kaggle_79d760bdb85a,hardhat_kaggle,hardhat_kaggle:hard_hat_workers4366,12,0,0,79d760bdb85acc29145732db0dbeea5a8a71ad22
hardhat_kaggle_c72dc3a788c2.png,hardhat_kaggle_c72dc3a788c2,hardhat_kaggle,hardhat_kaggle:hard_hat_workers4367,6,0,0,c72dc3a788c25104689fec01a69607704212f835
hardhat_kaggle_a22375309337.png,hardhat_kaggle_a22375309337,hardhat_kaggle,hardhat_kaggle:hard_hat_workers4368,3,0,0,a22375309337a27f2deb9803ac939c9a11fa8695
hardhat_kaggle_dcc7b919e0f1.png,hardhat_kaggle_dcc7b919e0f1,hardhat_kaggle,hardhat_kaggle:hard_hat_workers4369,1,0,0,dcc7b919e0f10fceecec7f30b4bb6719c36a83af
hardhat_kaggle_1ac9d9ccd74a.png,hardhat_kaggle_1ac9d9ccd74a,hardhat_kaggle,hardhat_kaggle:hard_hat_workers437,2,0,0,1ac9d9ccd74a7911e67706a605cc18fa0e6a63d2
hardhat_kaggle_341bda5946c7.png,hardhat_kaggle_341bda5946c7,hardhat_kaggle,hardhat_kaggle:hard_hat_workers4370,2,0,0,341bda5946c7c53052e11d8dcd67ae2ee99e7b9a
hardhat_kaggle_5e906a673b9a.png,hardhat_kaggle_5e906a673b9a,hardhat_kaggle,hardhat_kaggle:hard_hat_workers4372,4,0,0,5e906a673b9a4e8f1b05735ee7f8c6c46fe1100e
hardhat_kaggle_472d2d6baf7b.png,hardhat_kaggle_472d2d6baf7b,hardhat_kaggle,hardhat_kaggle:hard_hat_workers4373,6,0,0,472d2d6baf7b74f08589377d68656ca983afd5de
hardhat_kaggle_5cb89c28ddd6.png,hardhat_kaggle_5cb89c28ddd6,hardhat_kaggle,hardhat_kaggle:hard_hat_workers4374,4,0,0,5cb89c28ddd665f766413e8b4b3bb55df6221e9f
hardhat_kaggle_5feba1ceb29d.png,hardhat_kaggle_5feba1ceb29d,hardhat_kaggle,hardhat_kaggle:hard_hat_workers4375,6,0,0,5feba1ceb29db6c39ccd36ad57ae23dac5a00f14
hardhat_kaggle_62048041ee7a.png,hardhat_kaggle_62048041ee7a,hardhat_kaggle,hardhat_kaggle:hard_hat_workers4376,10,0,0,62048041ee7a26d7cb4732bb610a5c62cd6cde2c
hardhat_kaggle_b02cd70159c5.png,hardhat_kaggle_b02cd70159c5,hardhat_kaggle,hardhat_kaggle:hard_hat_workers4377,1,0,0,b02cd70159c5b2e41e5deefa76ddd14b2baa1712
hardhat_kaggle_ddd395b159a2.png,hardhat_kaggle_ddd395b159a2,hardhat_kaggle,hardhat_kaggle:hard_hat_workers4378,4,0,0,ddd395b159a2b68cd7f08d808a868440c3fddade
hardhat_kaggle_5da37d05f5e4.png,hardhat_kaggle_5da37d05f5e4,hardhat_kaggle,hardhat_kaggle:hard_hat_workers4379,4,0,0,5da37d05f5e418fa92262e7cef0d05727c4d4cf7
hardhat_kaggle_5af079877921.png,hardhat_kaggle_5af079877921,hardhat_kaggle,hardhat_kaggle:hard_hat_workers438,2,0,0,5af079877921918548cb83b86d6f7ac8670b3764
hardhat_kaggle_cffdf179844d.png,hardhat_kaggle_cffdf179844d,hardhat_kaggle,hardhat_kaggle:hard_hat_workers4380,11,0,0,cffdf179844d6bf090a8ca92c3e5bd5d67dffe7c
hardhat_kaggle_e3b359938079.png,hardhat_kaggle_e3b359938079,hardhat_kaggle,hardhat_kaggle:hard_hat_workers4381,3,0,0,e3b359938079adbbb3c9f0a3a055b632c84f3bd7
hardhat_kaggle_d571f12fc218.png,hardhat_kaggle_d571f12fc218,hardhat_kaggle,hardhat_kaggle:hard_hat_workers4382,4,0,0,d571f12fc218f4ebc1a67d0c02b13c8b3401f29a
hardhat_kaggle_9f463b3b1ff0.png,hardhat_kaggle_9f463b3b1ff0,hardhat_kaggle,hardhat_kaggle:hard_hat_workers4384,1,0,0,9f463b3b1ff0646b5a58239f6ea13f694a885703
hardhat_kaggle_ae6d02cbd202.png,hardhat_kaggle_ae6d02cbd202,hardhat_kaggle,hardhat_kaggle:hard_hat_workers4385,10,0,0,ae6d02cbd202c426e0cedae33ec8a54184c62be3
hardhat_kaggle_d752542407ed.png,hardhat_kaggle_d752542407ed,hardhat_kaggle,hardhat_kaggle:hard_hat_workers4386,3,0,0,d752542407edf754e5780314d26276d7094a3c83
hardhat_kaggle_13197aa824bb.png,hardhat_kaggle_13197aa824bb,hardhat_kaggle,hardhat_kaggle:hard_hat_workers4387,1,0,0,13197aa824bba40eb45871458234074dc29c1279
hardhat_kaggle_a580ad9f890e.png,hardhat_kaggle_a580ad9f890e,hardhat_kaggle,hardhat_kaggle:hard_hat_workers4388,1,0,0,a580ad9f890e400745df7248a4c86a8cd5d91f6a
hardhat_kaggle_bcd4baff5e4e.png,hardhat_kaggle_bcd4baff5e4e,hardhat_kaggle,hardhat_kaggle:hard_hat_workers4389,3,0,0,bcd4baff5e4e414721b320dde72396ba8c8f6949
hardhat_kaggle_82621507fe3f.png,hardhat_kaggle_82621507fe3f,hardhat_kaggle,hardhat_kaggle:hard_hat_workers439,2,0,0,82621507fe3f8fcb539d3ca85b814cd62b117486
hardhat_kaggle_49c16055dde4.png,hardhat_kaggle_49c16055dde4,hardhat_kaggle,hardhat_kaggle:hard_hat_workers4390,3,0,0,49c16055dde478764de8ae8e613e7ba973d7838a
hardhat_kaggle_62a13e60bc5e.png,hardhat_kaggle_62a13e60bc5e,hardhat_kaggle,hardhat_kaggle:hard_hat_workers4391,6,0,0,62a13e60bc5e6cea02c2bd819302efeb4c596771
hardhat_kaggle_be26a7c57822.png,hardhat_kaggle_be26a7c57822,hardhat_kaggle,hardhat_kaggle:hard_hat_workers4392,2,0,0,be26a7c57822a5c10ddaac33f1989f45d258cfe4
hardhat_kaggle_b0327589efbe.png,hardhat_kaggle_b0327589efbe,hardhat_kaggle,hardhat_kaggle:hard_hat_workers4393,1,0,0,b0327589efbe1c7242ed5c0a99e161fa67aaef4d
hardhat_kaggle_9fe5a7e7cf95.png,hardhat_kaggle_9fe5a7e7cf95,hardhat_kaggle,hardhat_kaggle:hard_hat_workers4394,1,0,0,9fe5a7e7cf95beb4fbcec5a4579b0d5fcccbfd34
hardhat_kaggle_4d890392c7d6.png,hardhat_kaggle_4d890392c7d6,hardhat_kaggle,hardhat_kaggle:hard_hat_workers4395,13,0,0,4d890392c7d60ac08c60f5b1eadd546b7452ebe9
hardhat_kaggle_ba8171eb31eb.png,hardhat_kaggle_ba8171eb31eb,hardhat_kaggle,hardhat_kaggle:hard_hat_workers4396,2,0,0,ba8171eb31eb73e801abb2050aff04ff17f3096e
hardhat_kaggle_9e6aebc47a4c.png,hardhat_kaggle_9e6aebc47a4c,hardhat_kaggle,hardhat_kaggle:hard_hat_workers4397,4,0,0,9e6aebc47a4cd85e4af4ead52db7a3f33f3dd36e
hardhat_kaggle_f8c0a9b5c197.png,hardhat_kaggle_f8c0a9b5c197,hardhat_kaggle,hardhat_kaggle:hard_hat_workers4398,5,0,0,f8c0a9b5c197c56a392b89920b37788253ff8fd3
hardhat_kaggle_576eb02092d4.png,hardhat_kaggle_576eb02092d4,hardhat_kaggle,hardhat_kaggle:hard_hat_workers4399,3,0,0,576eb02092d40f9d169f289b7469e5817938a0b7
hardhat_kaggle_cb8aca74f080.png,hardhat_kaggle_cb8aca74f080,hardhat_kaggle,hardhat_kaggle:hard_hat_workers44,2,0,0,cb8aca74f080c69e94ba353bb05e2e61733879d2
hardhat_kaggle_b5de285bbd38.png,hardhat_kaggle_b5de285bbd38,hardhat_kaggle,hardhat_kaggle:hard_hat_workers4400,2,0,0,b5de285bbd38b485baefd7be72e3bc88724bc1c7
hardhat_kaggle_384660c8ef36.png,hardhat_kaggle_384660c8ef36,hardhat_kaggle,hardhat_kaggle:hard_hat_workers4402,2,0,0,384660c8ef360c85ab4843bcc4c2f6f13eb89366
hardhat_kaggle_fee263e42276.png,hardhat_kaggle_fee263e42276,hardhat_kaggle,hardhat_kaggle:hard_hat_workers4404,2,0,0,fee263e4227616a63796685840bb0dfa37e9d770
hardhat_kaggle_582fc344bc60.png,hardhat_kaggle_582fc344bc60,hardhat_kaggle,hardhat_kaggle:hard_hat_workers4405,3,0,0,582fc344bc6060c11059912993e60c7a2a0a6548
hardhat_kaggle_8f9402880786.png,hardhat_kaggle_8f9402880786,hardhat_kaggle,hardhat_kaggle:hard_hat_workers4406,2,0,0,8f94028807867da9bf3bb44738efec174f006c49
hardhat_kaggle_9e1826c6ab70.png,hardhat_kaggle_9e1826c6ab70,hardhat_kaggle,hardhat_kaggle:hard_hat_workers4407,5,0,0,9e1826c6ab70b0a74f28950ad916bb0111e996f4
hardhat_kaggle_4b8998004bee.png,hardhat_kaggle_4b8998004bee,hardhat_kaggle,hardhat_kaggle:hard_hat_workers4408,3,0,0,4b8998004beea80a22403e88ea1ea41f8d79fa44
hardhat_kaggle_c0937f575964.png,hardhat_kaggle_c0937f575964,hardhat_kaggle,hardhat_kaggle:hard_hat_workers4409,4,0,0,c0937f5759644baa79605a6ec64094e2afd5d4d4
hardhat_kaggle_e284b7adef50.png,hardhat_kaggle_e284b7adef50,hardhat_kaggle,hardhat_kaggle:hard_hat_workers441,6,0,0,e284b7adef50bcdcfbd03e17a8f703741bec113c
hardhat_kaggle_b68ce07e9d54.png,hardhat_kaggle_b68ce07e9d54,hardhat_kaggle,hardhat_kaggle:hard_hat_workers4410,4,0,0,b68ce07e9d54f4f374f4ff1250b75b9848063164
hardhat_kaggle_ceb68aa64252.png,hardhat_kaggle_ceb68aa64252,hardhat_kaggle,hardhat_kaggle:hard_hat_workers4411,1,0,0,ceb68aa642524d894fae73433ef1c09bca8e8c2c
hardhat_kaggle_c21bc40148b2.png,hardhat_kaggle_c21bc40148b2,hardhat_kaggle,hardhat_kaggle:hard_hat_workers4412,8,0,0,c21bc40148b25fb1e407b067f9f32ff7a34ecc82
hardhat_kaggle_406cc0cd0637.png,hardhat_kaggle_406cc0cd0637,hardhat_kaggle,hardhat_kaggle:hard_hat_workers4413,3,0,0,406cc0cd063733b1819024d13fdfcfbc1516ab95
hardhat_kaggle_467267804f16.png,hardhat_kaggle_467267804f16,hardhat_kaggle,hardhat_kaggle:hard_hat_workers4414,7,0,0,467267804f16daed82a7ff6925a02b888b0b1d71
hardhat_kaggle_543f6b318d72.png,hardhat_kaggle_543f6b318d72,hardhat_kaggle,hardhat_kaggle:hard_hat_workers4415,1,0,0,543f6b318d72cbb119b70e85a407b299c87428dd
hardhat_kaggle_b2b78c11ede4.png,hardhat_kaggle_b2b78c11ede4,hardhat_kaggle,hardhat_kaggle:hard_hat_workers4416,3,0,0,b2b78c11ede458e41261d8ed7a20be342a449be3
hardhat_kaggle_8ef31b83f3f6.png,hardhat_kaggle_8ef31b83f3f6,hardhat_kaggle,hardhat_kaggle:hard_hat_workers4417,1,0,0,8ef31b83f3f6951875925861274cd3df33a06d02
hardhat_kaggle_2eeab80d3417.png,hardhat_kaggle_2eeab80d3417,hardhat_kaggle,hardhat_kaggle:hard_hat_workers4418,1,0,0,2eeab80d3417c612f97f87a703aab2a49701a794
hardhat_kaggle_d85abf2873bf.png,hardhat_kaggle_d85abf2873bf,hardhat_kaggle,hardhat_kaggle:hard_hat_workers4419,1,0,0,d85abf2873bf7f2d35b12d9029f59e160e036ae1
hardhat_kaggle_eca168acb54f.png,hardhat_kaggle_eca168acb54f,hardhat_kaggle,hardhat_kaggle:hard_hat_workers442,1,0,0,eca168acb54f6c197abf14578416d89583259fa7
hardhat_kaggle_ff132fd7e528.png,hardhat_kaggle_ff132fd7e528,hardhat_kaggle,hardhat_kaggle:hard_hat_workers4420,11,0,0,ff132fd7e5285712c0f28f33fcfce0dfebb0331a
hardhat_kaggle_6e999d015f18.png,hardhat_kaggle_6e999d015f18,hardhat_kaggle,hardhat_kaggle:hard_hat_workers4421,2,0,0,6e999d015f183daaf8b2b91a24cda35fbaf496a7
hardhat_kaggle_5a066910a570.png,hardhat_kaggle_5a066910a570,hardhat_kaggle,hardhat_kaggle:hard_hat_workers4423,2,0,0,5a066910a570acc9c618fc904e2ba47ece7d3188
hardhat_kaggle_ecade03d103b.png,hardhat_kaggle_ecade03d103b,hardhat_kaggle,hardhat_kaggle:hard_hat_workers4424,15,0,0,ecade03d103b58e2406564993ffee01bb83da129
hardhat_kaggle_6cdd23e869e9.png,hardhat_kaggle_6cdd23e869e9,hardhat_kaggle,hardhat_kaggle:hard_hat_workers4425,1,0,0,6cdd23e869e905d8d5598b246476e25140274dd2
hardhat_kaggle_fc5e36899cb3.png,hardhat_kaggle_fc5e36899cb3,hardhat_kaggle,hardhat_kaggle:hard_hat_workers4427,2,0,0,fc5e36899cb350023938eb4840e2c87d7e9d2b27
hardhat_kaggle_5ee5649dbb81.png,hardhat_kaggle_5ee5649dbb81,hardhat_kaggle,hardhat_kaggle:hard_hat_workers4428,2,0,0,5ee5649dbb8152efbf762de13bbf9cfc84c9ae17
hardhat_kaggle_5463ccbbeda4.png,hardhat_kaggle_5463ccbbeda4,hardhat_kaggle,hardhat_kaggle:hard_hat_workers443,6,0,0,5463ccbbeda4992925d399369c70744efa40c037
hardhat_kaggle_e2d66711e130.png,hardhat_kaggle_e2d66711e130,hardhat_kaggle,hardhat_kaggle:hard_hat_workers4431,8,0,0,e2d66711e13030ffff01aeb7e5c7b0d567b8f140
hardhat_kaggle_7cc3ff657547.png,hardhat_kaggle_7cc3ff657547,hardhat_kaggle,hardhat_kaggle:hard_hat_workers4432,3,0,0,7cc3ff657547b450a6e54cb42dd196cf60341300
hardhat_kaggle_bd2baeb2d2ea.png,hardhat_kaggle_bd2baeb2d2ea,hardhat_kaggle,hardhat_kaggle:hard_hat_workers4433,5,0,0,bd2baeb2d2ea324b2cddb7f2749155edb9d350be
hardhat_kaggle_f513860e9c44.png,hardhat_kaggle_f513860e9c44,hardhat_kaggle,hardhat_kaggle:hard_hat_workers4434,1,0,0,f513860e9c44693bf08fdfe2ef8fceabc757ee44
hardhat_kaggle_ddfa403fd4ec.png,hardhat_kaggle_ddfa403fd4ec,hardhat_kaggle,hardhat_kaggle:hard_hat_workers4435,8,0,0,ddfa403fd4ec280265a2f9fda68f9b9eeafd35a7
hardhat_kaggle_c57eb953c396.png,hardhat_kaggle_c57eb953c396,hardhat_kaggle,hardhat_kaggle:hard_hat_workers4436,10,0,0,c57eb953c396167b8f52674e30d3c03ffa4117af
hardhat_kaggle_167d97755e8f.png,hardhat_kaggle_167d97755e8f,hardhat_kaggle,hardhat_kaggle:hard_hat_workers4437,4,0,0,167d97755e8f3d3fc08e5b1c2b8b18928ae8b35d
hardhat_kaggle_1f858834aad6.png,hardhat_kaggle_1f858834aad6,hardhat_kaggle,hardhat_kaggle:hard_hat_workers4438,6,0,0,1f858834aad648312c9e138e067af0be3f407ed7
hardhat_kaggle_527b000cd1d6.png,hardhat_kaggle_527b000cd1d6,hardhat_kaggle,hardhat_kaggle:hard_hat_workers4439,3,0,0,527b000cd1d6172398b614d4061177702b6595ef
hardhat_kaggle_9d15fb9c49ce.png,hardhat_kaggle_9d15fb9c49ce,hardhat_kaggle,hardhat_kaggle:hard_hat_workers444,2,0,0,9d15fb9c49ce65db3e4eac02573c9abe717ce805
hardhat_kaggle_2d51d89909f4.png,hardhat_kaggle_2d51d89909f4,hardhat_kaggle,hardhat_kaggle:hard_hat_workers4441,5,0,0,2d51d89909f4fa54e6fc7de72106bef7e2e007cb
hardhat_kaggle_27967ddcaa1b.png,hardhat_kaggle_27967ddcaa1b,hardhat_kaggle,hardhat_kaggle:hard_hat_workers4442,6,0,0,27967ddcaa1b5816461c0cb3f689c1fab516f8cc
hardhat_kaggle_b868dcbd6085.png,hardhat_kaggle_b868dcbd6085,hardhat_kaggle,hardhat_kaggle:hard_hat_workers4443,6,0,0,b868dcbd608570cf3b70e769998f96dbe00b5a4b
hardhat_kaggle_3a5d981b2f1a.png,hardhat_kaggle_3a5d981b2f1a,hardhat_kaggle,hardhat_kaggle:hard_hat_workers4444,2,0,0,3a5d981b2f1af5f19c04e76446952b9feec469aa
hardhat_kaggle_a5a119c16e8f.png,hardhat_kaggle_a5a119c16e8f,hardhat_kaggle,hardhat_kaggle:hard_hat_workers4445,5,0,0,a5a119c16e8f7167bc807d097b58e5be460cb592
hardhat_kaggle_4589072f80c0.png,hardhat_kaggle_4589072f80c0,hardhat_kaggle,hardhat_kaggle:hard_hat_workers4446,4,0,0,4589072f80c0d6ac3d7d8b75600e81ae846c55c8
hardhat_kaggle_ff9407e72ca8.png,hardhat_kaggle_ff9407e72ca8,hardhat_kaggle,hardhat_kaggle:hard_hat_workers4447,2,0,0,ff9407e72ca8114860b8dbf8a192473f4b754bbb
hardhat_kaggle_af76aa7480e3.png,hardhat_kaggle_af76aa7480e3,hardhat_kaggle,hardhat_kaggle:hard_hat_workers4448,2,0,0,af76aa7480e3c5afefa9788582fa8be9cf93141d
hardhat_kaggle_b6100b25d988.png,hardhat_kaggle_b6100b25d988,hardhat_kaggle,hardhat_kaggle:hard_hat_workers4449,4,0,0,b6100b25d98808956ff0d41247d45f0921901590
hardhat_kaggle_b8dbe16a1592.png,hardhat_kaggle_b8dbe16a1592,hardhat_kaggle,hardhat_kaggle:hard_hat_workers445,2,0,0,b8dbe16a1592bd19c6bdeeb76af7f2acfcf9ed33
hardhat_kaggle_6b45ea9a9a95.png,hardhat_kaggle_6b45ea9a9a95,hardhat_kaggle,hardhat_kaggle:hard_hat_workers4450,1,0,0,6b45ea9a9a95301bc2c4e71e2c0c402ecc06643e
hardhat_kaggle_80979d69ab73.png,hardhat_kaggle_80979d69ab73,hardhat_kaggle,hardhat_kaggle:hard_hat_workers4451,4,0,0,80979d69ab73a7dfec5f6618d01c63cc6172d7e5
hardhat_kaggle_dc85339b5711.png,hardhat_kaggle_dc85339b5711,hardhat_kaggle,hardhat_kaggle:hard_hat_workers4452,2,0,0,dc85339b57116767e013df15923aac2834e1e541
hardhat_kaggle_eaa50f72796b.png,hardhat_kaggle_eaa50f72796b,hardhat_kaggle,hardhat_kaggle:hard_hat_workers4453,4,0,0,eaa50f72796be080bdfc0a61143447ece6e66b4d
hardhat_kaggle_24a2bb06af1a.png,hardhat_kaggle_24a2bb06af1a,hardhat_kaggle,hardhat_kaggle:hard_hat_workers4455,5,0,0,24a2bb06af1a2d448ebc2e80d9eb0454b1d3da89
hardhat_kaggle_846cae165138.png,hardhat_kaggle_846cae165138,hardhat_kaggle,hardhat_kaggle:hard_hat_workers4456,1,0,0,846cae165138a104ab6ea62d1d788f344bb9d148
hardhat_kaggle_fdf33a4e2e15.png,hardhat_kaggle_fdf33a4e2e15,hardhat_kaggle,hardhat_kaggle:hard_hat_workers4459,6,0,0,fdf33a4e2e15e6ef1eac9c1fa80ae8ffe13d7307
hardhat_kaggle_f3bacf34866e.png,hardhat_kaggle_f3bacf34866e,hardhat_kaggle,hardhat_kaggle:hard_hat_workers446,5,0,0,f3bacf34866e955acd2857403c82115ccff0eced
hardhat_kaggle_02812b2c84e7.png,hardhat_kaggle_02812b2c84e7,hardhat_kaggle,hardhat_kaggle:hard_hat_workers4460,4,0,0,02812b2c84e77cb7917c8927f338ebf18061e8f2
hardhat_kaggle_e44ec6ddcf27.png,hardhat_kaggle_e44ec6ddcf27,hardhat_kaggle,hardhat_kaggle:hard_hat_workers4461,1,0,0,e44ec6ddcf27ba511b9de2313602f4c2dba109db
hardhat_kaggle_8bea0fad1574.png,hardhat_kaggle_8bea0fad1574,hardhat_kaggle,hardhat_kaggle:hard_hat_workers4462,3,0,0,8bea0fad15744a4249256f2aa565787d48e8c7b3
hardhat_kaggle_6b2a1882d9e9.png,hardhat_kaggle_6b2a1882d9e9,hardhat_kaggle,hardhat_kaggle:hard_hat_workers4463,1,0,0,6b2a1882d9e96d316d2af2ca82ad8f2988e236c0
hardhat_kaggle_dddeed942ea7.png,hardhat_kaggle_dddeed942ea7,hardhat_kaggle,hardhat_kaggle:hard_hat_workers4464,5,0,0,dddeed942ea72dc150e90a9e6666a3c959bb09cf
hardhat_kaggle_908011bd78ac.png,hardhat_kaggle_908011bd78ac,hardhat_kaggle,hardhat_kaggle:hard_hat_workers4465,2,0,0,908011bd78ace215ff2cf4f87be550a32fb9136f
hardhat_kaggle_4c4162f45cb0.png,hardhat_kaggle_4c4162f45cb0,hardhat_kaggle,hardhat_kaggle:hard_hat_workers4466,2,0,0,4c4162f45cb0c25f76f4088ff31b45f915df2a78
hardhat_kaggle_cb493eaa6864.png,hardhat_kaggle_cb493eaa6864,hardhat_kaggle,hardhat_kaggle:hard_hat_workers4467,2,0,0,cb493eaa6864386c9279d9d54577fa733059f096
hardhat_kaggle_6e64dac82407.png,hardhat_kaggle_6e64dac82407,hardhat_kaggle,hardhat_kaggle:hard_hat_workers4468,3,0,0,6e64dac82407da7d1c796ba213f1826465f4561b
hardhat_kaggle_afaf7a83528a.png,hardhat_kaggle_afaf7a83528a,hardhat_kaggle,hardhat_kaggle:hard_hat_workers4469,3,0,0,afaf7a83528a43f14f7c00dca2ac8efac2814b46
hardhat_kaggle_031bec4a8ea3.png,hardhat_kaggle_031bec4a8ea3,hardhat_kaggle,hardhat_kaggle:hard_hat_workers447,1,0,0,031bec4a8ea3a608cce23af6d5ada792c0828de3
hardhat_kaggle_a8f5721b1ff7.png,hardhat_kaggle_a8f5721b1ff7,hardhat_kaggle,hardhat_kaggle:hard_hat_workers4470,4,0,0,a8f5721b1ff763bed256d31febb8d6eb595b5187
hardhat_kaggle_edcfeefb74d2.png,hardhat_kaggle_edcfeefb74d2,hardhat_kaggle,hardhat_kaggle:hard_hat_workers4471,3,0,0,edcfeefb74d2e6c32876dcbd5b22c5e711949f42
hardhat_kaggle_1e68f59c1a9f.png,hardhat_kaggle_1e68f59c1a9f,hardhat_kaggle,hardhat_kaggle:hard_hat_workers4472,15,0,0,1e68f59c1a9f9256e6fec7c4eed45d2468571849
hardhat_kaggle_b0dbc2817e2a.png,hardhat_kaggle_b0dbc2817e2a,hardhat_kaggle,hardhat_kaggle:hard_hat_workers4473,2,0,0,b0dbc2817e2a2692214fb362bce18957e2712dc9
hardhat_kaggle_7fa65c2597f5.png,hardhat_kaggle_7fa65c2597f5,hardhat_kaggle,hardhat_kaggle:hard_hat_workers4474,4,0,0,7fa65c2597f5054af77e5ed8d44380e52b1872c7
hardhat_kaggle_645424698ce3.png,hardhat_kaggle_645424698ce3,hardhat_kaggle,hardhat_kaggle:hard_hat_workers4475,8,0,0,645424698ce32a2fa25403c5ebf0615942dc3d99
hardhat_kaggle_505a57429966.png,hardhat_kaggle_505a57429966,hardhat_kaggle,hardhat_kaggle:hard_hat_workers4476,1,0,0,505a57429966a0a19d47c566f5b59445ad5ad97d
hardhat_kaggle_34a1aaa32fbc.png,hardhat_kaggle_34a1aaa32fbc,hardhat_kaggle,hardhat_kaggle:hard_hat_workers4477,2,0,0,34a1aaa32fbcba9cf1715010de783d961cab8fbe
hardhat_kaggle_905dd48c4803.png,hardhat_kaggle_905dd48c4803,hardhat_kaggle,hardhat_kaggle:hard_hat_workers4479,2,0,0,905dd48c480353343a217fbba6cd0bd4e4a5d9a6
hardhat_kaggle_6dc53de07537.png,hardhat_kaggle_6dc53de07537,hardhat_kaggle,hardhat_kaggle:hard_hat_workers448,7,0,0,6dc53de0753768e4b5aa560088e9f2589b627b7b
hardhat_kaggle_4ff1c8bae640.png,hardhat_kaggle_4ff1c8bae640,hardhat_kaggle,hardhat_kaggle:hard_hat_workers4480,4,0,0,4ff1c8bae64021e9570d0a6fce2b5d77b43d85f2
hardhat_kaggle_bb4169fdb99f.png,hardhat_kaggle_bb4169fdb99f,hardhat_kaggle,hardhat_kaggle:hard_hat_workers4481,5,0,0,bb4169fdb99f7502dc397c88f152b2499e0a0434
hardhat_kaggle_bf994738c052.png,hardhat_kaggle_bf994738c052,hardhat_kaggle,hardhat_kaggle:hard_hat_workers4482,3,0,0,bf994738c05279c5ef9b7dc43e2a9378fc30651e
hardhat_kaggle_74b9604fd176.png,hardhat_kaggle_74b9604fd176,hardhat_kaggle,hardhat_kaggle:hard_hat_workers4483,6,0,0,74b9604fd176cd1cfb510a271ee493e1c759b64b
hardhat_kaggle_8155b57f3522.png,hardhat_kaggle_8155b57f3522,hardhat_kaggle,hardhat_kaggle:hard_hat_workers4484,4,0,0,8155b57f3522d4a18eb73fd6462c60692b03b44c
hardhat_kaggle_337d3ef96a5a.png,hardhat_kaggle_337d3ef96a5a,hardhat_kaggle,hardhat_kaggle:hard_hat_workers4485,1,0,0,337d3ef96a5a29346bbf6df5e7fc6368954a4f48
hardhat_kaggle_5bc7893ec57e.png,hardhat_kaggle_5bc7893ec57e,hardhat_kaggle,hardhat_kaggle:hard_hat_workers4486,7,0,0,5bc7893ec57e9e08f2724dfd1af8bcca1495d6c1
hardhat_kaggle_475cb95cc835.png,hardhat_kaggle_475cb95cc835,hardhat_kaggle,hardhat_kaggle:hard_hat_workers4487,2,0,0,475cb95cc835f30dc0988c782f1c8f42b505868e
hardhat_kaggle_f9c3fa1b211e.png,hardhat_kaggle_f9c3fa1b211e,hardhat_kaggle,hardhat_kaggle:hard_hat_workers4488,2,0,0,f9c3fa1b211efd402f8961e908f0b34f1b317675
hardhat_kaggle_9b2f7df786b3.png,hardhat_kaggle_9b2f7df786b3,hardhat_kaggle,hardhat_kaggle:hard_hat_workers4489,4,0,0,9b2f7df786b3dcef415ee2e58233802cfc5dec4e
hardhat_kaggle_419b7b3cbf57.png,hardhat_kaggle_419b7b3cbf57,hardhat_kaggle,hardhat_kaggle:hard_hat_workers449,1,0,0,419b7b3cbf57d3aad6684cad2f37faa58a960613
hardhat_kaggle_8da4d21212da.png,hardhat_kaggle_8da4d21212da,hardhat_kaggle,hardhat_kaggle:hard_hat_workers4490,10,0,0,8da4d21212da97b8abd8ff912b4cd0bb869c441c
hardhat_kaggle_a5465cc99c72.png,hardhat_kaggle_a5465cc99c72,hardhat_kaggle,hardhat_kaggle:hard_hat_workers4491,2,0,0,a5465cc99c7264583e0c7bc978531c26e5af0298
hardhat_kaggle_695a70bbc4e2.png,hardhat_kaggle_695a70bbc4e2,hardhat_kaggle,hardhat_kaggle:hard_hat_workers4492,3,0,0,695a70bbc4e2c5ef39e3b016de62873f16138ecb
hardhat_kaggle_bf5c4058243e.png,hardhat_kaggle_bf5c4058243e,hardhat_kaggle,hardhat_kaggle:hard_hat_workers4493,10,0,0,bf5c4058243e2360608958b0f484c0fb97b5069b
hardhat_kaggle_e2c3b1d874e2.png,hardhat_kaggle_e2c3b1d874e2,hardhat_kaggle,hardhat_kaggle:hard_hat_workers4494,10,0,0,e2c3b1d874e291944cc297978b359da4dbd6dd8f
hardhat_kaggle_80c478803922.png,hardhat_kaggle_80c478803922,hardhat_kaggle,hardhat_kaggle:hard_hat_workers4495,6,0,0,80c4788039223f14d13a7e0fb9cb5611c052230f
hardhat_kaggle_99bc31c5a36c.png,hardhat_kaggle_99bc31c5a36c,hardhat_kaggle,hardhat_kaggle:hard_hat_workers4496,2,0,0,99bc31c5a36c2fce7c3174aad5cb2a3fe3d9f622
hardhat_kaggle_8d13146e5ebd.png,hardhat_kaggle_8d13146e5ebd,hardhat_kaggle,hardhat_kaggle:hard_hat_workers4497,3,0,0,8d13146e5ebd0a83d4314a75782178784bab5b61
hardhat_kaggle_46e21d7ceb32.png,hardhat_kaggle_46e21d7ceb32,hardhat_kaggle,hardhat_kaggle:hard_hat_workers4498,2,0,0,46e21d7ceb32ccc9c5b421c35765a8cd058a0826
hardhat_kaggle_3344df8e5caa.png,hardhat_kaggle_3344df8e5caa,hardhat_kaggle,hardhat_kaggle:hard_hat_workers4499,4,0,0,3344df8e5caae89b3408f0385d9753e0edcbc635
hardhat_kaggle_bdc64031b637.png,hardhat_kaggle_bdc64031b637,hardhat_kaggle,hardhat_kaggle:hard_hat_workers45,6,0,0,bdc64031b637fb62bb6edd8874683c44a253ee0b
hardhat_kaggle_32de96cc4357.png,hardhat_kaggle_32de96cc4357,hardhat_kaggle,hardhat_kaggle:hard_hat_workers450,6,0,0,32de96cc4357121a55e8fbc808aa85e9d4669f4f
hardhat_kaggle_acc4093c3d7b.png,hardhat_kaggle_acc4093c3d7b,hardhat_kaggle,hardhat_kaggle:hard_hat_workers4502,3,0,0,acc4093c3d7b088faeeecc230a62b2607b2b5e71
hardhat_kaggle_e9ef6f9a7671.png,hardhat_kaggle_e9ef6f9a7671,hardhat_kaggle,hardhat_kaggle:hard_hat_workers4503,1,0,0,e9ef6f9a7671e8f531413941ccddc508b81a206e
hardhat_kaggle_49fa5218ebc9.png,hardhat_kaggle_49fa5218ebc9,hardhat_kaggle,hardhat_kaggle:hard_hat_workers4504,1,0,0,49fa5218ebc9c99a6671f7c84b9838bbb484745d
hardhat_kaggle_d4cb55627978.png,hardhat_kaggle_d4cb55627978,hardhat_kaggle,hardhat_kaggle:hard_hat_workers4505,2,0,0,d4cb556279784feb539f633b4be80b3b0f468fc7
hardhat_kaggle_6c45a0be7ff1.png,hardhat_kaggle_6c45a0be7ff1,hardhat_kaggle,hardhat_kaggle:hard_hat_workers4506,9,0,0,6c45a0be7ff197af3587100d91774ce888b0a1f1
hardhat_kaggle_51501f6771e4.png,hardhat_kaggle_51501f6771e4,hardhat_kaggle,hardhat_kaggle:hard_hat_workers4507,3,0,0,51501f6771e43384589d6bc41b94824cb66147ff
hardhat_kaggle_3cad457583de.png,hardhat_kaggle_3cad457583de,hardhat_kaggle,hardhat_kaggle:hard_hat_workers4508,1,0,0,3cad457583deb30c4ba298a0b51a409bd0cbc757
hardhat_kaggle_f099fd1a2502.png,hardhat_kaggle_f099fd1a2502,hardhat_kaggle,hardhat_kaggle:hard_hat_workers4509,2,0,0,f099fd1a2502770d0d700237110a3f4188fc71d0
hardhat_kaggle_3811c11024c3.png,hardhat_kaggle_3811c11024c3,hardhat_kaggle,hardhat_kaggle:hard_hat_workers451,12,0,0,3811c11024c3809a3e8fc39ab9262baffc89cb91
hardhat_kaggle_9573ba44d2dc.png,hardhat_kaggle_9573ba44d2dc,hardhat_kaggle,hardhat_kaggle:hard_hat_workers4510,11,0,0,9573ba44d2dc5379ff5863f03bdf439c7baae1d5
hardhat_kaggle_a0917b11df4f.png,hardhat_kaggle_a0917b11df4f,hardhat_kaggle,hardhat_kaggle:hard_hat_workers4511,4,0,0,a0917b11df4ffd857514375194996044e2461f21
hardhat_kaggle_fd617a096083.png,hardhat_kaggle_fd617a096083,hardhat_kaggle,hardhat_kaggle:hard_hat_workers4512,1,0,0,fd617a096083a7ec65ec6cdf3a29ed72265847be
hardhat_kaggle_82887b677de7.png,hardhat_kaggle_82887b677de7,hardhat_kaggle,hardhat_kaggle:hard_hat_workers4513,2,0,0,82887b677de7ee5135a55a6ae606b0f4fd093004
hardhat_kaggle_0109ec02d215.png,hardhat_kaggle_0109ec02d215,hardhat_kaggle,hardhat_kaggle:hard_hat_workers4514,4,0,0,0109ec02d215e429673a050aae273e650d9e3de3
hardhat_kaggle_81282bb17f5d.png,hardhat_kaggle_81282bb17f5d,hardhat_kaggle,hardhat_kaggle:hard_hat_workers4515,1,0,0,81282bb17f5df2877f88641d343f748fbcb13a7b
hardhat_kaggle_eee95566e6b1.png,hardhat_kaggle_eee95566e6b1,hardhat_kaggle,hardhat_kaggle:hard_hat_workers4516,2,0,0,eee95566e6b18f5993362fc4e07b8e37ed823ac5
hardhat_kaggle_df1b585f8403.png,hardhat_kaggle_df1b585f8403,hardhat_kaggle,hardhat_kaggle:hard_hat_workers4517,2,0,0,df1b585f8403fbbda72849ccf7a451cfc15de650
hardhat_kaggle_f635fc30b09b.png,hardhat_kaggle_f635fc30b09b,hardhat_kaggle,hardhat_kaggle:hard_hat_workers4518,1,0,0,f635fc30b09b0be13c61bbeac25cb7f22c16820d
hardhat_kaggle_84650fb160a9.png,hardhat_kaggle_84650fb160a9,hardhat_kaggle,hardhat_kaggle:hard_hat_workers4519,2,0,0,84650fb160a98d97fb6bac6970c68b6c2fb159b0
hardhat_kaggle_b994e5127fed.png,hardhat_kaggle_b994e5127fed,hardhat_kaggle,hardhat_kaggle:hard_hat_workers452,2,0,0,b994e5127fedfc28c97c58d373296af86b4d8294
hardhat_kaggle_1879447b9d10.png,hardhat_kaggle_1879447b9d10,hardhat_kaggle,hardhat_kaggle:hard_hat_workers4520,1,0,0,1879447b9d10caba039b93149c7f195f3ad172aa
hardhat_kaggle_ee5ff9455e12.png,hardhat_kaggle_ee5ff9455e12,hardhat_kaggle,hardhat_kaggle:hard_hat_workers4521,7,0,0,ee5ff9455e122f8d7d2eef8d2b7e209c3e51f8cb
hardhat_kaggle_e0c7d5f265f5.png,hardhat_kaggle_e0c7d5f265f5,hardhat_kaggle,hardhat_kaggle:hard_hat_workers4522,2,0,0,e0c7d5f265f58cd4c6495a576dfb7b3f549d686d
hardhat_kaggle_a18fccb517e0.png,hardhat_kaggle_a18fccb517e0,hardhat_kaggle,hardhat_kaggle:hard_hat_workers4523,2,0,0,a18fccb517e03011c9a1acfb1a87e1a1516b490d
hardhat_kaggle_a8dead5b5494.png,hardhat_kaggle_a8dead5b5494,hardhat_kaggle,hardhat_kaggle:hard_hat_workers4524,3,0,0,a8dead5b54942e2403edda14c54f6f8f90077bd4
hardhat_kaggle_7720eee34b66.png,hardhat_kaggle_7720eee34b66,hardhat_kaggle,hardhat_kaggle:hard_hat_workers4525,2,0,0,7720eee34b66d15336e278799fce6d6cbb1eb9cc
hardhat_kaggle_73e720f4aef7.png,hardhat_kaggle_73e720f4aef7,hardhat_kaggle,hardhat_kaggle:hard_hat_workers4526,2,0,0,73e720f4aef71a855cc740107ff84170dbe6ffd8
hardhat_kaggle_10e0256e216b.png,hardhat_kaggle_10e0256e216b,hardhat_kaggle,hardhat_kaggle:hard_hat_workers4527,4,0,0,10e0256e216b8797342691ec8c7550bcb57dd1ac
hardhat_kaggle_31ee4eb91f44.png,hardhat_kaggle_31ee4eb91f44,hardhat_kaggle,hardhat_kaggle:hard_hat_workers4528,7,0,0,31ee4eb91f449f3fc5114580143aa6e8fd0da669
hardhat_kaggle_eb2af4c8df71.png,hardhat_kaggle_eb2af4c8df71,hardhat_kaggle,hardhat_kaggle:hard_hat_workers4529,1,0,0,eb2af4c8df714aeb6c9d397cc22e0ce969fd1511
hardhat_kaggle_f1dd75e6f3c9.png,hardhat_kaggle_f1dd75e6f3c9,hardhat_kaggle,hardhat_kaggle:hard_hat_workers453,6,0,0,f1dd75e6f3c9e9b227a5293d682e8e8fad827ce4
hardhat_kaggle_65155b13e88c.png,hardhat_kaggle_65155b13e88c,hardhat_kaggle,hardhat_kaggle:hard_hat_workers4530,7,0,0,65155b13e88c3d8db97271f21d3b99e3bad5fb7e
hardhat_kaggle_c6f1f6ba9c78.png,hardhat_kaggle_c6f1f6ba9c78,hardhat_kaggle,hardhat_kaggle:hard_hat_workers4531,2,0,0,c6f1f6ba9c78fc9e177020347abb674164ee2647
hardhat_kaggle_db65a07cb700.png,hardhat_kaggle_db65a07cb700,hardhat_kaggle,hardhat_kaggle:hard_hat_workers4532,3,0,0,db65a07cb700e69d520340853eb712ebded4ed2a
hardhat_kaggle_3f9145142b04.png,hardhat_kaggle_3f9145142b04,hardhat_kaggle,hardhat_kaggle:hard_hat_workers4534,12,0,0,3f9145142b04af118fd68a56fb116d638ee428dc
hardhat_kaggle_ac95488de11d.png,hardhat_kaggle_ac95488de11d,hardhat_kaggle,hardhat_kaggle:hard_hat_workers4535,1,0,0,ac95488de11d2bdb6dea535ba1012a19ae0bb1ee
hardhat_kaggle_04a812060db2.png,hardhat_kaggle_04a812060db2,hardhat_kaggle,hardhat_kaggle:hard_hat_workers4536,5,0,0,04a812060db24d926cc22bc2e33573dddd94d9b8
hardhat_kaggle_f274f0d3254b.png,hardhat_kaggle_f274f0d3254b,hardhat_kaggle,hardhat_kaggle:hard_hat_workers4537,4,0,0,f274f0d3254b46db55db05972fcf9b2f630e4202
hardhat_kaggle_f2a15d19b637.png,hardhat_kaggle_f2a15d19b637,hardhat_kaggle,hardhat_kaggle:hard_hat_workers4539,2,0,0,f2a15d19b63787f93dc43e2f6123f93176b033ba
hardhat_kaggle_8367743fcabc.png,hardhat_kaggle_8367743fcabc,hardhat_kaggle,hardhat_kaggle:hard_hat_workers454,3,0,0,8367743fcabcf969925b96dd032d8e061b26b117
hardhat_kaggle_02119b899ac3.png,hardhat_kaggle_02119b899ac3,hardhat_kaggle,hardhat_kaggle:hard_hat_workers4540,3,0,0,02119b899ac33fda5b9317e42ea0e3db485f166f
hardhat_kaggle_b7fd6d387f8d.png,hardhat_kaggle_b7fd6d387f8d,hardhat_kaggle,hardhat_kaggle:hard_hat_workers4541,2,0,0,b7fd6d387f8dcfd0680c7efec04de554979cdf4c
hardhat_kaggle_40bf3fe31c7f.png,hardhat_kaggle_40bf3fe31c7f,hardhat_kaggle,hardhat_kaggle:hard_hat_workers4542,2,0,0,40bf3fe31c7fcbf0824e3251bbbfe3dcef8cdeae
hardhat_kaggle_d466cc02c795.png,hardhat_kaggle_d466cc02c795,hardhat_kaggle,hardhat_kaggle:hard_hat_workers4543,2,0,0,d466cc02c79543e94e3e758cd86ee3b5bdf575b6
hardhat_kaggle_13c1ab74a5d3.png,hardhat_kaggle_13c1ab74a5d3,hardhat_kaggle,hardhat_kaggle:hard_hat_workers4544,3,0,0,13c1ab74a5d3ad8c0e7e459946b24d0d76da8410
hardhat_kaggle_ac8e1fa09ffd.png,hardhat_kaggle_ac8e1fa09ffd,hardhat_kaggle,hardhat_kaggle:hard_hat_workers4545,1,0,0,ac8e1fa09ffde624112a14bebe0f1e404a849407
hardhat_kaggle_132ae77ce815.png,hardhat_kaggle_132ae77ce815,hardhat_kaggle,hardhat_kaggle:hard_hat_workers4546,5,0,0,132ae77ce8151d370a612feb24cda45b5bb1981e
hardhat_kaggle_aa78d84db743.png,hardhat_kaggle_aa78d84db743,hardhat_kaggle,hardhat_kaggle:hard_hat_workers4547,2,0,0,aa78d84db743a13fa24b703afe83698ea0a9b853
hardhat_kaggle_1de957969cd0.png,hardhat_kaggle_1de957969cd0,hardhat_kaggle,hardhat_kaggle:hard_hat_workers4548,2,0,0,1de957969cd06316e178f7b5312c5a20f0dafc82
hardhat_kaggle_d05ff27fbb61.png,hardhat_kaggle_d05ff27fbb61,hardhat_kaggle,hardhat_kaggle:hard_hat_workers4549,2,0,0,d05ff27fbb6185cde52d19234e461b1c1452b932
hardhat_kaggle_379dbd755425.png,hardhat_kaggle_379dbd755425,hardhat_kaggle,hardhat_kaggle:hard_hat_workers455,1,0,0,379dbd755425e4d96abd2dda446d4da6a9ae2e72
hardhat_kaggle_626a6d804237.png,hardhat_kaggle_626a6d804237,hardhat_kaggle,hardhat_kaggle:hard_hat_workers4550,6,0,0,626a6d8042372da18f3596d46c49231f9c0627d7
hardhat_kaggle_1ba9a54d3ddf.png,hardhat_kaggle_1ba9a54d3ddf,hardhat_kaggle,hardhat_kaggle:hard_hat_workers4552,2,0,0,1ba9a54d3ddf53b6fbbcf8376be27e43b59910d3
hardhat_kaggle_442d31b2d9c0.png,hardhat_kaggle_442d31b2d9c0,hardhat_kaggle,hardhat_kaggle:hard_hat_workers4553,2,0,0,442d31b2d9c06a3190c316194115da818438f887
hardhat_kaggle_f73042696003.png,hardhat_kaggle_f73042696003,hardhat_kaggle,hardhat_kaggle:hard_hat_workers4554,2,0,0,f73042696003ce4dde56bacd4744601fe8cfdc10
hardhat_kaggle_49b5cd513b96.png,hardhat_kaggle_49b5cd513b96,hardhat_kaggle,hardhat_kaggle:hard_hat_workers4555,7,0,0,49b5cd513b96011ab0a48907ee965b7603fdd983
hardhat_kaggle_d278d0f1bca8.png,hardhat_kaggle_d278d0f1bca8,hardhat_kaggle,hardhat_kaggle:hard_hat_workers4556,1,0,0,d278d0f1bca8d8c6e772e193704e28b5179cab59
hardhat_kaggle_995c82baec3b.png,hardhat_kaggle_995c82baec3b,hardhat_kaggle,hardhat_kaggle:hard_hat_workers4557,1,0,0,995c82baec3b26402b3c34e94f9371cd766e07ec
hardhat_kaggle_28f6d6e22a2e.png,hardhat_kaggle_28f6d6e22a2e,hardhat_kaggle,hardhat_kaggle:hard_hat_workers4558,1,0,0,28f6d6e22a2e5c8a7bec361d6c075408e74b1d66
hardhat_kaggle_1c1b6b10b234.png,hardhat_kaggle_1c1b6b10b234,hardhat_kaggle,hardhat_kaggle:hard_hat_workers4559,4,0,0,1c1b6b10b234095d41711236a39becbeaf9d5a40
hardhat_kaggle_2f6c5fbdce3e.png,hardhat_kaggle_2f6c5fbdce3e,hardhat_kaggle,hardhat_kaggle:hard_hat_workers456,7,0,0,2f6c5fbdce3e6153600b65d72b9cadac19677fb2
hardhat_kaggle_3be23728131e.png,hardhat_kaggle_3be23728131e,hardhat_kaggle,hardhat_kaggle:hard_hat_workers4560,7,0,0,3be23728131e6bd8bad52b3d7d602d39cd1e3f90
hardhat_kaggle_5e59cbeaf2a3.png,hardhat_kaggle_5e59cbeaf2a3,hardhat_kaggle,hardhat_kaggle:hard_hat_workers4561,5,0,0,5e59cbeaf2a3ef0899cab1ae446237697db53b03
hardhat_kaggle_66d600eb4552.png,hardhat_kaggle_66d600eb4552,hardhat_kaggle,hardhat_kaggle:hard_hat_workers4562,2,0,0,66d600eb45523eb774e9e0a2163781b0e97bcc94
hardhat_kaggle_90409a0e6106.png,hardhat_kaggle_90409a0e6106,hardhat_kaggle,hardhat_kaggle:hard_hat_workers4563,1,0,0,90409a0e6106ee1e2732e0183633f7b9b60ed48e
hardhat_kaggle_797592c93210.png,hardhat_kaggle_797592c93210,hardhat_kaggle,hardhat_kaggle:hard_hat_workers4564,2,0,0,797592c93210759d01525e6eb5e2ee8042926d7d
hardhat_kaggle_f344698b3c2e.png,hardhat_kaggle_f344698b3c2e,hardhat_kaggle,hardhat_kaggle:hard_hat_workers4565,20,0,0,f344698b3c2e59339756e955b9f684d76a78b93f
hardhat_kaggle_d47633a09fae.png,hardhat_kaggle_d47633a09fae,hardhat_kaggle,hardhat_kaggle:hard_hat_workers4566,4,0,0,d47633a09faef96092fbb0efe9e0719881e9bddd
hardhat_kaggle_2f65de201014.png,hardhat_kaggle_2f65de201014,hardhat_kaggle,hardhat_kaggle:hard_hat_workers4567,2,0,0,2f65de201014cffd04b3f6cccc00930b6516ddc0
hardhat_kaggle_b8dbf58d6f75.png,hardhat_kaggle_b8dbf58d6f75,hardhat_kaggle,hardhat_kaggle:hard_hat_workers4568,1,0,0,b8dbf58d6f753bd05bed2de4ca4e85b601469e71
hardhat_kaggle_fc1b9f82bce5.png,hardhat_kaggle_fc1b9f82bce5,hardhat_kaggle,hardhat_kaggle:hard_hat_workers4569,3,0,0,fc1b9f82bce5b91023a70795f855562a15074eef
hardhat_kaggle_544299f5b372.png,hardhat_kaggle_544299f5b372,hardhat_kaggle,hardhat_kaggle:hard_hat_workers457,5,0,0,544299f5b372fb110154f7bcb5a5fd62c64b484d
hardhat_kaggle_3f16b17377e3.png,hardhat_kaggle_3f16b17377e3,hardhat_kaggle,hardhat_kaggle:hard_hat_workers4571,4,0,0,3f16b17377e3fb8e2b12b4a4f807498ebe2f62a0
hardhat_kaggle_efa06ff11f41.png,hardhat_kaggle_efa06ff11f41,hardhat_kaggle,hardhat_kaggle:hard_hat_workers4572,1,0,0,efa06ff11f41f528920fd100e62c529fb2ebdc2f
hardhat_kaggle_d44ae7616449.png,hardhat_kaggle_d44ae7616449,hardhat_kaggle,hardhat_kaggle:hard_hat_workers4573,6,0,0,d44ae76164494e499a4b3bf0fb9a6c7e0bc397f3
hardhat_kaggle_6fd803d23b79.png,hardhat_kaggle_6fd803d23b79,hardhat_kaggle,hardhat_kaggle:hard_hat_workers4574,5,0,0,6fd803d23b795fbed412fc53649b6ca374405f07
hardhat_kaggle_29fe5d3932fa.png,hardhat_kaggle_29fe5d3932fa,hardhat_kaggle,hardhat_kaggle:hard_hat_workers4575,4,0,0,29fe5d3932fa6218928d9b023c580c66ec7031e4
hardhat_kaggle_c91274652e49.png,hardhat_kaggle_c91274652e49,hardhat_kaggle,hardhat_kaggle:hard_hat_workers4576,2,0,0,c91274652e497e73e59af3cae9b92464dc81b51c
hardhat_kaggle_3aed0a11c1b3.png,hardhat_kaggle_3aed0a11c1b3,hardhat_kaggle,hardhat_kaggle:hard_hat_workers4577,1,0,0,3aed0a11c1b39e88da438a480cc700a3034c4110
hardhat_kaggle_c846e26b8769.png,hardhat_kaggle_c846e26b8769,hardhat_kaggle,hardhat_kaggle:hard_hat_workers4578,2,0,0,c846e26b87698b817875c3b0fd0868b7b244ac39
hardhat_kaggle_34b3e198814e.png,hardhat_kaggle_34b3e198814e,hardhat_kaggle,hardhat_kaggle:hard_hat_workers4579,6,0,0,34b3e198814e10c5c9f5aedfaa260cd646d0c5c7
hardhat_kaggle_1ee07e2e1a04.png,hardhat_kaggle_1ee07e2e1a04,hardhat_kaggle,hardhat_kaggle:hard_hat_workers458,13,0,0,1ee07e2e1a04daecadcd7d3c837f5a8a9a12af0b
hardhat_kaggle_6f2a3af23225.png,hardhat_kaggle_6f2a3af23225,hardhat_kaggle,hardhat_kaggle:hard_hat_workers4580,9,0,0,6f2a3af2322513d234561ceb3e8277174bf3a234
hardhat_kaggle_90f500c35a34.png,hardhat_kaggle_90f500c35a34,hardhat_kaggle,hardhat_kaggle:hard_hat_workers4581,1,0,0,90f500c35a34607175bd74919f3a18f75258db49
hardhat_kaggle_e5f3c240737b.png,hardhat_kaggle_e5f3c240737b,hardhat_kaggle,hardhat_kaggle:hard_hat_workers4582,4,0,0,e5f3c240737b106f37f1e40e909f79ea937e5f4f
hardhat_kaggle_61fa64109c2f.png,hardhat_kaggle_61fa64109c2f,hardhat_kaggle,hardhat_kaggle:hard_hat_workers4583,2,0,0,61fa64109c2fba16bc7cfbcc32f13461ac1cdcaa
hardhat_kaggle_b55e0a765d4b.png,hardhat_kaggle_b55e0a765d4b,hardhat_kaggle,hardhat_kaggle:hard_hat_workers4584,2,0,0,b55e0a765d4bbb8f1a3dd312bfb9a5a8d12be0fb
hardhat_kaggle_b50c6ec24211.png,hardhat_kaggle_b50c6ec24211,hardhat_kaggle,hardhat_kaggle:hard_hat_workers4586,5,0,0,b50c6ec24211190439de9663cf9e399cb241b45e
hardhat_kaggle_8870e157e3f2.png,hardhat_kaggle_8870e157e3f2,hardhat_kaggle,hardhat_kaggle:hard_hat_workers4587,1,0,0,8870e157e3f2b359e338921b20d19c953d3f9f2b
hardhat_kaggle_71f00a04c96a.png,hardhat_kaggle_71f00a04c96a,hardhat_kaggle,hardhat_kaggle:hard_hat_workers4588,8,0,0,71f00a04c96ab00063983ebfc7b0a2d9705d20a3
hardhat_kaggle_4b744feb9896.png,hardhat_kaggle_4b744feb9896,hardhat_kaggle,hardhat_kaggle:hard_hat_workers4589,2,0,0,4b744feb9896c16d9646af4dcbc0ea24c7aeb0ac
hardhat_kaggle_2272f475da0c.png,hardhat_kaggle_2272f475da0c,hardhat_kaggle,hardhat_kaggle:hard_hat_workers459,7,0,0,2272f475da0c7d51f69dd5dd1fe8f0943b51b6a1
hardhat_kaggle_b7366f07ea13.png,hardhat_kaggle_b7366f07ea13,hardhat_kaggle,hardhat_kaggle:hard_hat_workers4591,1,0,0,b7366f07ea13791be4927698276ab03887161455
hardhat_kaggle_db11b2d95127.png,hardhat_kaggle_db11b2d95127,hardhat_kaggle,hardhat_kaggle:hard_hat_workers4592,4,0,0,db11b2d9512717b1e4facd340231c1048be84e2b
hardhat_kaggle_23c080f50b8c.png,hardhat_kaggle_23c080f50b8c,hardhat_kaggle,hardhat_kaggle:hard_hat_workers4593,5,0,0,23c080f50b8c0b5d75b610fef79db20e93fff072
hardhat_kaggle_33bd7de3a9c7.png,hardhat_kaggle_33bd7de3a9c7,hardhat_kaggle,hardhat_kaggle:hard_hat_workers4594,2,0,0,33bd7de3a9c715a4fd65a946fe7a91c27d6a0977
hardhat_kaggle_bcfeada7819d.png,hardhat_kaggle_bcfeada7819d,hardhat_kaggle,hardhat_kaggle:hard_hat_workers4595,2,0,0,bcfeada7819d595acb627b938f80d5ca3fed0b7c
hardhat_kaggle_6a68183dfd2d.png,hardhat_kaggle_6a68183dfd2d,hardhat_kaggle,hardhat_kaggle:hard_hat_workers4596,2,0,0,6a68183dfd2de2a5aa1a2b00653517adc233f13b
hardhat_kaggle_25db84d57337.png,hardhat_kaggle_25db84d57337,hardhat_kaggle,hardhat_kaggle:hard_hat_workers4597,2,0,0,25db84d57337af27d78003648440401f521659e0
hardhat_kaggle_0f5d3371653c.png,hardhat_kaggle_0f5d3371653c,hardhat_kaggle,hardhat_kaggle:hard_hat_workers4599,5,0,0,0f5d3371653c22b4cb5f5a55c58c77244df9d0ab
hardhat_kaggle_020ca90cc8a8.png,hardhat_kaggle_020ca90cc8a8,hardhat_kaggle,hardhat_kaggle:hard_hat_workers46,2,0,0,020ca90cc8a8e64f2d75323b1c8a19196324134d
hardhat_kaggle_9a20c243beb7.png,hardhat_kaggle_9a20c243beb7,hardhat_kaggle,hardhat_kaggle:hard_hat_workers4600,8,0,0,9a20c243beb7ccb3d6477f8692f3127208bb8953
hardhat_kaggle_5bf3e6379f22.png,hardhat_kaggle_5bf3e6379f22,hardhat_kaggle,hardhat_kaggle:hard_hat_workers4601,1,0,0,5bf3e6379f2219f7e7e4ca06bd6f45fecacafca4
hardhat_kaggle_f36eb7a7afa0.png,hardhat_kaggle_f36eb7a7afa0,hardhat_kaggle,hardhat_kaggle:hard_hat_workers4602,1,0,0,f36eb7a7afa0d19f6301458faaff05862bb104a8
hardhat_kaggle_acd9411e34cd.png,hardhat_kaggle_acd9411e34cd,hardhat_kaggle,hardhat_kaggle:hard_hat_workers4603,9,0,0,acd9411e34cdb56bf9c0ab5ea55e2b4a373785b7
hardhat_kaggle_3d9bddd11652.png,hardhat_kaggle_3d9bddd11652,hardhat_kaggle,hardhat_kaggle:hard_hat_workers4604,4,0,0,3d9bddd116529f0b261b2420f7199af9cddaa768
hardhat_kaggle_4094e919cdd2.png,hardhat_kaggle_4094e919cdd2,hardhat_kaggle,hardhat_kaggle:hard_hat_workers4605,6,0,0,4094e919cdd24f7865d78486244f3cb0831ed73e
hardhat_kaggle_39d9877acdde.png,hardhat_kaggle_39d9877acdde,hardhat_kaggle,hardhat_kaggle:hard_hat_workers4606,1,0,0,39d9877acdde6afd8f4e3647c8c4d6614066ddeb
hardhat_kaggle_b566b396abc0.png,hardhat_kaggle_b566b396abc0,hardhat_kaggle,hardhat_kaggle:hard_hat_workers4607,4,0,0,b566b396abc0ef3e8f79889f6f56f02f44da6a93
hardhat_kaggle_eee201503af0.png,hardhat_kaggle_eee201503af0,hardhat_kaggle,hardhat_kaggle:hard_hat_workers4608,2,0,0,eee201503af05b6686950da8f75be91cafad3930
hardhat_kaggle_747b93273715.png,hardhat_kaggle_747b93273715,hardhat_kaggle,hardhat_kaggle:hard_hat_workers4609,1,0,0,747b9327371510044d523148c44765e24b4b4730
hardhat_kaggle_9e3054cd0f5d.png,hardhat_kaggle_9e3054cd0f5d,hardhat_kaggle,hardhat_kaggle:hard_hat_workers461,4,0,0,9e3054cd0f5dee686a310c5a60af15217a5bd898
hardhat_kaggle_46e4c58eeefd.png,hardhat_kaggle_46e4c58eeefd,hardhat_kaggle,hardhat_kaggle:hard_hat_workers4610,9,0,0,46e4c58eeefdba82ac2c15fdbb54950b202dd485
hardhat_kaggle_adbe2e5ff3a5.png,hardhat_kaggle_adbe2e5ff3a5,hardhat_kaggle,hardhat_kaggle:hard_hat_workers4611,3,0,0,adbe2e5ff3a5ce260008d227ab42f79d6635eaf0
hardhat_kaggle_7ef83190f87e.png,hardhat_kaggle_7ef83190f87e,hardhat_kaggle,hardhat_kaggle:hard_hat_workers4612,1,0,0,7ef83190f87ef90f1897a81ee5a0d3a9e19607ce
hardhat_kaggle_a0557d9ec2b0.png,hardhat_kaggle_a0557d9ec2b0,hardhat_kaggle,hardhat_kaggle:hard_hat_workers4613,1,0,0,a0557d9ec2b0774f07a9ff0253a916644e16f277
hardhat_kaggle_94d7c8caef8b.png,hardhat_kaggle_94d7c8caef8b,hardhat_kaggle,hardhat_kaggle:hard_hat_workers4614,8,0,0,94d7c8caef8bade4193b1c2b08ad895756731f69
hardhat_kaggle_2eac41a30bb3.png,hardhat_kaggle_2eac41a30bb3,hardhat_kaggle,hardhat_kaggle:hard_hat_workers4615,3,0,0,2eac41a30bb3ab1449b8a34e7eec626c6aadbbda
hardhat_kaggle_fca35c67b703.png,hardhat_kaggle_fca35c67b703,hardhat_kaggle,hardhat_kaggle:hard_hat_workers4616,9,0,0,fca35c67b7031b47d73b17fcaa3769f8b74afc9a
hardhat_kaggle_0139ea589825.png,hardhat_kaggle_0139ea589825,hardhat_kaggle,hardhat_kaggle:hard_hat_workers4618,4,0,0,0139ea589825ecd569ba900f6127d65ee91c6104
hardhat_kaggle_4bc4c44ccfc7.png,hardhat_kaggle_4bc4c44ccfc7,hardhat_kaggle,hardhat_kaggle:hard_hat_workers4619,7,0,0,4bc4c44ccfc70d38fd04ad97b211a3ef9ad28ca7
hardhat_kaggle_398cc89e5c79.png,hardhat_kaggle_398cc89e5c79,hardhat_kaggle,hardhat_kaggle:hard_hat_workers462,3,0,0,398cc89e5c79cd3e30c6f5cd1b698ed5e6431333
hardhat_kaggle_ea7197dd3573.png,hardhat_kaggle_ea7197dd3573,hardhat_kaggle,hardhat_kaggle:hard_hat_workers4620,3,0,0,ea7197dd3573e2eaba8110175c31a045f418637a
hardhat_kaggle_c3b837e02952.png,hardhat_kaggle_c3b837e02952,hardhat_kaggle,hardhat_kaggle:hard_hat_workers4621,2,0,0,c3b837e029524e93c7023c1227c19b5d91d675ea
hardhat_kaggle_e7528af885da.png,hardhat_kaggle_e7528af885da,hardhat_kaggle,hardhat_kaggle:hard_hat_workers4622,9,0,0,e7528af885da027cd33286e0ed4813fdda48d878
hardhat_kaggle_afb25424e9ce.png,hardhat_kaggle_afb25424e9ce,hardhat_kaggle,hardhat_kaggle:hard_hat_workers4624,5,0,0,afb25424e9ce510b5ea12f361ef15e8dcf5ad6cc
hardhat_kaggle_e0d6be5b254e.png,hardhat_kaggle_e0d6be5b254e,hardhat_kaggle,hardhat_kaggle:hard_hat_workers4626,10,0,0,e0d6be5b254e77872f0d6ac8315ef44fc79a4d4e
hardhat_kaggle_f7e3bcaafb82.png,hardhat_kaggle_f7e3bcaafb82,hardhat_kaggle,hardhat_kaggle:hard_hat_workers4627,3,0,0,f7e3bcaafb82365f94c63ce2decf45a85522f79b
hardhat_kaggle_807db1d83959.png,hardhat_kaggle_807db1d83959,hardhat_kaggle,hardhat_kaggle:hard_hat_workers4628,1,0,0,807db1d839596b670b94780d5427d65e975b53cc
hardhat_kaggle_0b5656c4df57.png,hardhat_kaggle_0b5656c4df57,hardhat_kaggle,hardhat_kaggle:hard_hat_workers463,3,0,0,0b5656c4df5733dc16e1ee2553b43e6500e5672a
hardhat_kaggle_d2c07f989938.png,hardhat_kaggle_d2c07f989938,hardhat_kaggle,hardhat_kaggle:hard_hat_workers4630,4,0,0,d2c07f9899385f46c64d2f8d3d87a20733f2790a
hardhat_kaggle_c6f039cadec1.png,hardhat_kaggle_c6f039cadec1,hardhat_kaggle,hardhat_kaggle:hard_hat_workers4631,3,0,0,c6f039cadec17b33beacf3191bb96800f4b37eef
hardhat_kaggle_ebb980a84427.png,hardhat_kaggle_ebb980a84427,hardhat_kaggle,hardhat_kaggle:hard_hat_workers4632,20,0,0,ebb980a844270f74e836c18f7c3c50c74252b36a
hardhat_kaggle_19992e877b74.png,hardhat_kaggle_19992e877b74,hardhat_kaggle,hardhat_kaggle:hard_hat_workers4633,2,0,0,19992e877b74b7484ced0e72d0158d76248333c6
hardhat_kaggle_f655a6f52b0f.png,hardhat_kaggle_f655a6f52b0f,hardhat_kaggle,hardhat_kaggle:hard_hat_workers4634,3,0,0,f655a6f52b0f4328392aa2bafc5e08570bfde8c3
hardhat_kaggle_6a9929d33000.png,hardhat_kaggle_6a9929d33000,hardhat_kaggle,hardhat_kaggle:hard_hat_workers4635,1,0,0,6a9929d33000779a7727199181bbb29626b276a2
hardhat_kaggle_1f1d29b2ca69.png,hardhat_kaggle_1f1d29b2ca69,hardhat_kaggle,hardhat_kaggle:hard_hat_workers4636,2,0,0,1f1d29b2ca6965a5ebc9344505cd8cff9eaaccd9
hardhat_kaggle_c4f44db2a690.png,hardhat_kaggle_c4f44db2a690,hardhat_kaggle,hardhat_kaggle:hard_hat_workers4638,2,0,0,c4f44db2a6901bda1c40aae976b64aed50d6bf1c
hardhat_kaggle_b5f28caedefb.png,hardhat_kaggle_b5f28caedefb,hardhat_kaggle,hardhat_kaggle:hard_hat_workers4639,5,0,0,b5f28caedefbd70af5d09669ce20d764c7fc1727
hardhat_kaggle_23adf27c5844.png,hardhat_kaggle_23adf27c5844,hardhat_kaggle,hardhat_kaggle:hard_hat_workers464,1,0,0,23adf27c5844490388649d277e8cb8f5adaac2f9
hardhat_kaggle_5763b89b23ef.png,hardhat_kaggle_5763b89b23ef,hardhat_kaggle,hardhat_kaggle:hard_hat_workers4640,2,0,0,5763b89b23ef3a703bc8ac581f2f95fdb1077677
hardhat_kaggle_8e80737759a9.png,hardhat_kaggle_8e80737759a9,hardhat_kaggle,hardhat_kaggle:hard_hat_workers4641,11,0,0,8e80737759a91e0a17d849e48c01caf16f8a572d
hardhat_kaggle_2c0771f25558.png,hardhat_kaggle_2c0771f25558,hardhat_kaggle,hardhat_kaggle:hard_hat_workers4642,1,0,0,2c0771f25558cc52e0cb84dc9ac17e37bc987ede
hardhat_kaggle_c6f44b9f3d90.png,hardhat_kaggle_c6f44b9f3d90,hardhat_kaggle,hardhat_kaggle:hard_hat_workers4643,4,0,0,c6f44b9f3d90002775e4f1083bb5813c5491db7a
hardhat_kaggle_20954df59e23.png,hardhat_kaggle_20954df59e23,hardhat_kaggle,hardhat_kaggle:hard_hat_workers4644,2,0,0,20954df59e235db75fd43c08c44a2aadf1047686
hardhat_kaggle_424b89ea9a35.png,hardhat_kaggle_424b89ea9a35,hardhat_kaggle,hardhat_kaggle:hard_hat_workers4645,4,0,0,424b89ea9a35da617e034b1345ce3ac551ac6acf
hardhat_kaggle_9853de4b3111.png,hardhat_kaggle_9853de4b3111,hardhat_kaggle,hardhat_kaggle:hard_hat_workers4646,1,0,0,9853de4b3111d22d578b6efcab52306e7783b378
hardhat_kaggle_6f666c049e9f.png,hardhat_kaggle_6f666c049e9f,hardhat_kaggle,hardhat_kaggle:hard_hat_workers4647,4,0,0,6f666c049e9f16ca16a896b40b2733351e250fd2
hardhat_kaggle_c3f9fb2bc355.png,hardhat_kaggle_c3f9fb2bc355,hardhat_kaggle,hardhat_kaggle:hard_hat_workers4648,14,0,0,c3f9fb2bc355112110f7ee0c05a60aacb0184e12
hardhat_kaggle_f44ae259f8b3.png,hardhat_kaggle_f44ae259f8b3,hardhat_kaggle,hardhat_kaggle:hard_hat_workers4649,2,0,0,f44ae259f8b3797acb8a0eb3815b36367abab443
hardhat_kaggle_e4ffc4d9da4e.png,hardhat_kaggle_e4ffc4d9da4e,hardhat_kaggle,hardhat_kaggle:hard_hat_workers465,2,0,0,e4ffc4d9da4e9198b50c7911b37f33d601f802cc
hardhat_kaggle_a786439e45d7.png,hardhat_kaggle_a786439e45d7,hardhat_kaggle,hardhat_kaggle:hard_hat_workers4650,3,0,0,a786439e45d77e587bfb1c47d73ffe7a10b85761
hardhat_kaggle_1fc325319303.png,hardhat_kaggle_1fc325319303,hardhat_kaggle,hardhat_kaggle:hard_hat_workers4652,10,0,0,1fc3253193030ef5c5238a3868a6843931dc7a7b
hardhat_kaggle_b6e89ec49f12.png,hardhat_kaggle_b6e89ec49f12,hardhat_kaggle,hardhat_kaggle:hard_hat_workers4653,2,0,0,b6e89ec49f124ddd858e3a3efcd4c971361da664
hardhat_kaggle_d45104e78bba.png,hardhat_kaggle_d45104e78bba,hardhat_kaggle,hardhat_kaggle:hard_hat_workers4654,6,0,0,d45104e78bba1a959149acf46e871cb45a740118
hardhat_kaggle_1e6ecc49d7eb.png,hardhat_kaggle_1e6ecc49d7eb,hardhat_kaggle,hardhat_kaggle:hard_hat_workers4655,8,0,0,1e6ecc49d7eb3d4ffbe0295346c01865a6750864
hardhat_kaggle_65d3bd7ecd7c.png,hardhat_kaggle_65d3bd7ecd7c,hardhat_kaggle,hardhat_kaggle:hard_hat_workers4657,6,0,0,65d3bd7ecd7cb7cc7084f68d8696ec2c2887ed89
hardhat_kaggle_659ae6afe584.png,hardhat_kaggle_659ae6afe584,hardhat_kaggle,hardhat_kaggle:hard_hat_workers4658,4,0,0,659ae6afe58494438bcd7bf643e665f8266fe9a6
hardhat_kaggle_82eea5af3cef.png,hardhat_kaggle_82eea5af3cef,hardhat_kaggle,hardhat_kaggle:hard_hat_workers4659,4,0,0,82eea5af3cef29e5f1fd86c65ca2d4c1cb7a7e7d
hardhat_kaggle_7db2757f6ef6.png,hardhat_kaggle_7db2757f6ef6,hardhat_kaggle,hardhat_kaggle:hard_hat_workers466,10,0,0,7db2757f6ef648e5e8c4fa0ea4e1ac89b8de763e
hardhat_kaggle_9eae7ad2ca5b.png,hardhat_kaggle_9eae7ad2ca5b,hardhat_kaggle,hardhat_kaggle:hard_hat_workers4660,3,0,0,9eae7ad2ca5bc39b51e39bf3a2b3990f5aad96ab
hardhat_kaggle_d90d455e5ea7.png,hardhat_kaggle_d90d455e5ea7,hardhat_kaggle,hardhat_kaggle:hard_hat_workers4661,3,0,0,d90d455e5ea7f37698b499bde478a55ec76739de
hardhat_kaggle_a37a3911bc73.png,hardhat_kaggle_a37a3911bc73,hardhat_kaggle,hardhat_kaggle:hard_hat_workers4662,5,0,0,a37a3911bc73f6a28864c93f33ac3b2d776706b1
hardhat_kaggle_015c634f0209.png,hardhat_kaggle_015c634f0209,hardhat_kaggle,hardhat_kaggle:hard_hat_workers4663,2,0,0,015c634f020923ad44c0c2220df1494e25ae65ef
hardhat_kaggle_956e7e8ec17a.png,hardhat_kaggle_956e7e8ec17a,hardhat_kaggle,hardhat_kaggle:hard_hat_workers4664,6,0,0,956e7e8ec17a123da1e2b28e8e30e3bf762197e7
hardhat_kaggle_0ae7ff4cafe9.png,hardhat_kaggle_0ae7ff4cafe9,hardhat_kaggle,hardhat_kaggle:hard_hat_workers4666,5,0,0,0ae7ff4cafe998e0b435ce1bd5ffac25aeeaba40
hardhat_kaggle_a2081d597373.png,hardhat_kaggle_a2081d597373,hardhat_kaggle,hardhat_kaggle:hard_hat_workers4667,2,0,0,a2081d5973736a490058cf02fce2a4a943183135
hardhat_kaggle_57131b5fe03c.png,hardhat_kaggle_57131b5fe03c,hardhat_kaggle,hardhat_kaggle:hard_hat_workers4668,6,0,0,57131b5fe03c348a66bf269d73f8e6e719cbc3bf
hardhat_kaggle_4e19deb73bfe.png,hardhat_kaggle_4e19deb73bfe,hardhat_kaggle,hardhat_kaggle:hard_hat_workers4669,6,0,0,4e19deb73bfe3d151db49a217e145c585f48687f
hardhat_kaggle_83fc5199d90e.png,hardhat_kaggle_83fc5199d90e,hardhat_kaggle,hardhat_kaggle:hard_hat_workers467,18,0,0,83fc5199d90ebd493afe5d5f1c591da442806047
hardhat_kaggle_4b32bf92abfc.png,hardhat_kaggle_4b32bf92abfc,hardhat_kaggle,hardhat_kaggle:hard_hat_workers4670,3,0,0,4b32bf92abfc012a16227774c393d91b42096f7b
hardhat_kaggle_f3316fb9899d.png,hardhat_kaggle_f3316fb9899d,hardhat_kaggle,hardhat_kaggle:hard_hat_workers4671,2,0,0,f3316fb9899d9be2cc6ee385c510fefe26864a49
hardhat_kaggle_e4bfa5b3519a.png,hardhat_kaggle_e4bfa5b3519a,hardhat_kaggle,hardhat_kaggle:hard_hat_workers4672,4,0,0,e4bfa5b3519a8b767f0ef21a228988f4164a8d96
hardhat_kaggle_2b9f55d6f41c.png,hardhat_kaggle_2b9f55d6f41c,hardhat_kaggle,hardhat_kaggle:hard_hat_workers4673,4,0,0,2b9f55d6f41cc6a1650f6e27aff9034e1c776ca4
hardhat_kaggle_b8be08f36864.png,hardhat_kaggle_b8be08f36864,hardhat_kaggle,hardhat_kaggle:hard_hat_workers4674,4,0,0,b8be08f36864e00799ebf242dc9e479c94f9daae
hardhat_kaggle_cf5c709ee111.png,hardhat_kaggle_cf5c709ee111,hardhat_kaggle,hardhat_kaggle:hard_hat_workers4675,2,0,0,cf5c709ee11168225591b5428cf8a68d4963c0de
hardhat_kaggle_01c59055006b.png,hardhat_kaggle_01c59055006b,hardhat_kaggle,hardhat_kaggle:hard_hat_workers4676,2,0,0,01c59055006b7a9942fa0c211e1181695d229fb4
hardhat_kaggle_6ae33c4ad412.png,hardhat_kaggle_6ae33c4ad412,hardhat_kaggle,hardhat_kaggle:hard_hat_workers4677,11,0,0,6ae33c4ad412c415b100330d80294f5313212abb
hardhat_kaggle_9adc3025710f.png,hardhat_kaggle_9adc3025710f,hardhat_kaggle,hardhat_kaggle:hard_hat_workers4679,1,0,0,9adc3025710fa9fef07452eb02b6c3f9f268868a
hardhat_kaggle_baddb91f4ceb.png,hardhat_kaggle_baddb91f4ceb,hardhat_kaggle,hardhat_kaggle:hard_hat_workers468,9,0,0,baddb91f4ceb12c6c86678e209582ec97b446015
hardhat_kaggle_6b0a76727b47.png,hardhat_kaggle_6b0a76727b47,hardhat_kaggle,hardhat_kaggle:hard_hat_workers4680,2,0,0,6b0a76727b478b65de84065e43e02b9cad89ebe3
hardhat_kaggle_a5cba458037f.png,hardhat_kaggle_a5cba458037f,hardhat_kaggle,hardhat_kaggle:hard_hat_workers4681,2,0,0,a5cba458037f7cb35098c6d36dfce90f28d167b3
hardhat_kaggle_69556e918ac1.png,hardhat_kaggle_69556e918ac1,hardhat_kaggle,hardhat_kaggle:hard_hat_workers4682,1,0,0,69556e918ac19b4934b09e591696e00057e6397e
hardhat_kaggle_3adac83ecd77.png,hardhat_kaggle_3adac83ecd77,hardhat_kaggle,hardhat_kaggle:hard_hat_workers4683,4,0,0,3adac83ecd77065f54b8fac91167fec6c8dcb3c0
hardhat_kaggle_318e43c6cdec.png,hardhat_kaggle_318e43c6cdec,hardhat_kaggle,hardhat_kaggle:hard_hat_workers4684,3,0,0,318e43c6cdecc4cc2a403f33c0278e25f47debc0
hardhat_kaggle_860cc069a4f5.png,hardhat_kaggle_860cc069a4f5,hardhat_kaggle,hardhat_kaggle:hard_hat_workers4685,1,0,0,860cc069a4f525cebaac57282018695404aa8068
hardhat_kaggle_ced7d7d8b422.png,hardhat_kaggle_ced7d7d8b422,hardhat_kaggle,hardhat_kaggle:hard_hat_workers4686,2,0,0,ced7d7d8b4222537018bc861129da7c49f726b65
hardhat_kaggle_843b3fb5081d.png,hardhat_kaggle_843b3fb5081d,hardhat_kaggle,hardhat_kaggle:hard_hat_workers4687,1,0,0,843b3fb5081de64cd336233d3256c090bbc03ecf
hardhat_kaggle_a422b4571705.png,hardhat_kaggle_a422b4571705,hardhat_kaggle,hardhat_kaggle:hard_hat_workers4689,1,0,0,a422b4571705119833f6cca5e188a5119f30ee78
hardhat_kaggle_ee886e96f5a0.png,hardhat_kaggle_ee886e96f5a0,hardhat_kaggle,hardhat_kaggle:hard_hat_workers4690,1,0,0,ee886e96f5a0ab04a9889b014598d57cdc49bc2a
hardhat_kaggle_5d6d8bae5fac.png,hardhat_kaggle_5d6d8bae5fac,hardhat_kaggle,hardhat_kaggle:hard_hat_workers4691,3,0,0,5d6d8bae5fac38cf2ed172dc4a36424bfa0a967f
hardhat_kaggle_d2fb66ca3f3d.png,hardhat_kaggle_d2fb66ca3f3d,hardhat_kaggle,hardhat_kaggle:hard_hat_workers4692,6,0,0,d2fb66ca3f3d04802aba231f2cb7de35e8e2f118
hardhat_kaggle_04a3e9324caa.png,hardhat_kaggle_04a3e9324caa,hardhat_kaggle,hardhat_kaggle:hard_hat_workers4693,1,0,0,04a3e9324caa897a04c4aadb20fa81d24dff95c2
hardhat_kaggle_db9fbd14b40a.png,hardhat_kaggle_db9fbd14b40a,hardhat_kaggle,hardhat_kaggle:hard_hat_workers4694,2,0,0,db9fbd14b40a73d5864f072066254486b1a93841
hardhat_kaggle_4fadb6480d37.png,hardhat_kaggle_4fadb6480d37,hardhat_kaggle,hardhat_kaggle:hard_hat_workers4695,2,0,0,4fadb6480d37be6761a6e0350751e348cf33530b
hardhat_kaggle_66516abd7477.png,hardhat_kaggle_66516abd7477,hardhat_kaggle,hardhat_kaggle:hard_hat_workers4696,2,0,0,66516abd7477332283ebfc4c8da41632745aa2f0
hardhat_kaggle_b89585c4dc74.png,hardhat_kaggle_b89585c4dc74,hardhat_kaggle,hardhat_kaggle:hard_hat_workers4697,2,0,0,b89585c4dc74e8b6f73a6b7f92f2fe2ee43cc5c0
hardhat_kaggle_f678e4c1cc2a.png,hardhat_kaggle_f678e4c1cc2a,hardhat_kaggle,hardhat_kaggle:hard_hat_workers4698,4,0,0,f678e4c1cc2af932933bde2b6022bf88972c03f2
hardhat_kaggle_ac2d2a2a2ee1.png,hardhat_kaggle_ac2d2a2a2ee1,hardhat_kaggle,hardhat_kaggle:hard_hat_workers4699,7,0,0,ac2d2a2a2ee1a760eeec8e28effda882cc6f0769
hardhat_kaggle_eb359a9353a1.png,hardhat_kaggle_eb359a9353a1,hardhat_kaggle,hardhat_kaggle:hard_hat_workers47,2,0,0,eb359a9353a1763479962175c887596f80c58807
hardhat_kaggle_9f8f64c90ca4.png,hardhat_kaggle_9f8f64c90ca4,hardhat_kaggle,hardhat_kaggle:hard_hat_workers470,7,0,0,9f8f64c90ca44408cbeb929a4e38eb3895adf26a
hardhat_kaggle_e4e9ee7271a5.png,hardhat_kaggle_e4e9ee7271a5,hardhat_kaggle,hardhat_kaggle:hard_hat_workers4700,2,0,0,e4e9ee7271a537389b0a2b65eda8fe7efafeff82
hardhat_kaggle_b36fa7a44143.png,hardhat_kaggle_b36fa7a44143,hardhat_kaggle,hardhat_kaggle:hard_hat_workers4701,5,0,0,b36fa7a441432496a4a9404331d8a4cfc41f23f9
hardhat_kaggle_fe4a08fb64dc.png,hardhat_kaggle_fe4a08fb64dc,hardhat_kaggle,hardhat_kaggle:hard_hat_workers4702,2,0,0,fe4a08fb64dc2394c65746e7dcbdd31b858d9e22
hardhat_kaggle_b71a95a1feb4.png,hardhat_kaggle_b71a95a1feb4,hardhat_kaggle,hardhat_kaggle:hard_hat_workers4703,3,0,0,b71a95a1feb4d064963be923688daf34984783ce
hardhat_kaggle_50a653c9e45c.png,hardhat_kaggle_50a653c9e45c,hardhat_kaggle,hardhat_kaggle:hard_hat_workers4704,3,0,0,50a653c9e45cb360afda09e7dcb2f4a67b9b0f06
hardhat_kaggle_1073f8e49707.png,hardhat_kaggle_1073f8e49707,hardhat_kaggle,hardhat_kaggle:hard_hat_workers4705,6,0,0,1073f8e49707a090fc7b8a8ec7b78ca7e02d04f6
hardhat_kaggle_c053a582aedc.png,hardhat_kaggle_c053a582aedc,hardhat_kaggle,hardhat_kaggle:hard_hat_workers4706,3,0,0,c053a582aedcf4339d186a0b99e4dafde7ed024d
hardhat_kaggle_88ea2b0164ea.png,hardhat_kaggle_88ea2b0164ea,hardhat_kaggle,hardhat_kaggle:hard_hat_workers4707,6,0,0,88ea2b0164ea025a228609f3351c7bc708c42544
hardhat_kaggle_c58c70bddafe.png,hardhat_kaggle_c58c70bddafe,hardhat_kaggle,hardhat_kaggle:hard_hat_workers4708,2,0,0,c58c70bddafe496b72e55fcf70281288843475c5
hardhat_kaggle_a252e796dad3.png,hardhat_kaggle_a252e796dad3,hardhat_kaggle,hardhat_kaggle:hard_hat_workers471,2,0,0,a252e796dad3e3833bb37afcdadfd92a291b90f0
hardhat_kaggle_5053f18490b2.png,hardhat_kaggle_5053f18490b2,hardhat_kaggle,hardhat_kaggle:hard_hat_workers4710,4,0,0,5053f18490b204ca10c8516ff55311874040ba44
hardhat_kaggle_365701082e0e.png,hardhat_kaggle_365701082e0e,hardhat_kaggle,hardhat_kaggle:hard_hat_workers4711,5,0,0,365701082e0e650be4fd644edade6293710ee553
hardhat_kaggle_307c4ba904fa.png,hardhat_kaggle_307c4ba904fa,hardhat_kaggle,hardhat_kaggle:hard_hat_workers4712,2,0,0,307c4ba904fa5bea8ba2fa6023f0175488ed85e3
hardhat_kaggle_d8d5eecf4eaa.png,hardhat_kaggle_d8d5eecf4eaa,hardhat_kaggle,hardhat_kaggle:hard_hat_workers4713,2,0,0,d8d5eecf4eaaeb8292f8f6a023b0d6c81ed68718
hardhat_kaggle_f40b4767c82c.png,hardhat_kaggle_f40b4767c82c,hardhat_kaggle,hardhat_kaggle:hard_hat_workers4714,1,0,0,f40b4767c82c3ca97db46336bbe176cc98c60e3c
hardhat_kaggle_15bd89634e3d.png,hardhat_kaggle_15bd89634e3d,hardhat_kaggle,hardhat_kaggle:hard_hat_workers4715,2,0,0,15bd89634e3de784f9675f42d36554db4cad3d33
hardhat_kaggle_6de15fda4379.png,hardhat_kaggle_6de15fda4379,hardhat_kaggle,hardhat_kaggle:hard_hat_workers4716,2,0,0,6de15fda43791ebb13c43427a2e7bc8dcf7df3d7
hardhat_kaggle_e25ef8bb4ec6.png,hardhat_kaggle_e25ef8bb4ec6,hardhat_kaggle,hardhat_kaggle:hard_hat_workers4717,7,0,0,e25ef8bb4ec65ba6d529b7491ba417194b6f03c1
hardhat_kaggle_6a7822ee89d9.png,hardhat_kaggle_6a7822ee89d9,hardhat_kaggle,hardhat_kaggle:hard_hat_workers4718,1,0,0,6a7822ee89d941e0d3dd33087b33ac563d2c8055
hardhat_kaggle_bfe127e5e51d.png,hardhat_kaggle_bfe127e5e51d,hardhat_kaggle,hardhat_kaggle:hard_hat_workers472,4,0,0,bfe127e5e51d3f393140bd0b32f9defb06f6977e
hardhat_kaggle_6b1ecc042ee2.png,hardhat_kaggle_6b1ecc042ee2,hardhat_kaggle,hardhat_kaggle:hard_hat_workers4720,1,0,0,6b1ecc042ee29864310a18e729ee8784f2ca7381
hardhat_kaggle_0fd1e2d8bdbf.png,hardhat_kaggle_0fd1e2d8bdbf,hardhat_kaggle,hardhat_kaggle:hard_hat_workers4721,9,0,0,0fd1e2d8bdbfb4dc4f6eb30ca52ec259765416d1
hardhat_kaggle_005eb47c6ebb.png,hardhat_kaggle_005eb47c6ebb,hardhat_kaggle,hardhat_kaggle:hard_hat_workers4722,4,0,0,005eb47c6ebb06b1d99d5a66cf00de0fcf0d5391
hardhat_kaggle_f2a0eea28699.png,hardhat_kaggle_f2a0eea28699,hardhat_kaggle,hardhat_kaggle:hard_hat_workers4723,4,0,0,f2a0eea28699863c95d68029fcf52364f025164d
hardhat_kaggle_823dcf5faea3.png,hardhat_kaggle_823dcf5faea3,hardhat_kaggle,hardhat_kaggle:hard_hat_workers4724,1,0,0,823dcf5faea36828ce7e30d9a3c995ec7c092988
hardhat_kaggle_b0c3e6526ef6.png,hardhat_kaggle_b0c3e6526ef6,hardhat_kaggle,hardhat_kaggle:hard_hat_workers4725,2,0,0,b0c3e6526ef614f0cf43c15508ad51403ab0e8a6
hardhat_kaggle_2aca4ed7987a.png,hardhat_kaggle_2aca4ed7987a,hardhat_kaggle,hardhat_kaggle:hard_hat_workers4726,2,0,0,2aca4ed7987a58d8495b2f92b190327eaa001dab
hardhat_kaggle_1a1eba7c5e99.png,hardhat_kaggle_1a1eba7c5e99,hardhat_kaggle,hardhat_kaggle:hard_hat_workers4727,3,0,0,1a1eba7c5e990fcf2c208d672da228fd8efaa6f7
hardhat_kaggle_edc6ee7f674a.png,hardhat_kaggle_edc6ee7f674a,hardhat_kaggle,hardhat_kaggle:hard_hat_workers4728,3,0,0,edc6ee7f674a181fa3e939d89d83230d0502aac3
hardhat_kaggle_a242dd426292.png,hardhat_kaggle_a242dd426292,hardhat_kaggle,hardhat_kaggle:hard_hat_workers4729,3,0,0,a242dd426292a145ef99e5cdae35eee025d9daa7
hardhat_kaggle_6ef2fe70a9d5.png,hardhat_kaggle_6ef2fe70a9d5,hardhat_kaggle,hardhat_kaggle:hard_hat_workers473,4,0,0,6ef2fe70a9d59705befb41a3c4a765bc4346b262
hardhat_kaggle_64a84851dca6.png,hardhat_kaggle_64a84851dca6,hardhat_kaggle,hardhat_kaggle:hard_hat_workers4730,1,0,0,64a84851dca6d4a0ef901fa3ddb898fb32bc4c3d
hardhat_kaggle_cd69fd1a3cbf.png,hardhat_kaggle_cd69fd1a3cbf,hardhat_kaggle,hardhat_kaggle:hard_hat_workers4731,2,0,0,cd69fd1a3cbfad855cc621262083cfa62e8de6b8
hardhat_kaggle_c27d16554ad9.png,hardhat_kaggle_c27d16554ad9,hardhat_kaggle,hardhat_kaggle:hard_hat_workers4732,14,0,0,c27d16554ad94b8f009a063021b2a19d28d74a52
hardhat_kaggle_a613978c144d.png,hardhat_kaggle_a613978c144d,hardhat_kaggle,hardhat_kaggle:hard_hat_workers4733,7,0,0,a613978c144df24843478e050e21c6a19c0d2dea
hardhat_kaggle_bec3e4df0473.png,hardhat_kaggle_bec3e4df0473,hardhat_kaggle,hardhat_kaggle:hard_hat_workers4734,6,0,0,bec3e4df04735a50da835015af11be22a0d6e510
hardhat_kaggle_bb174391a87b.png,hardhat_kaggle_bb174391a87b,hardhat_kaggle,hardhat_kaggle:hard_hat_workers4735,3,0,0,bb174391a87b4036682a1112b099a2a738fe9237
hardhat_kaggle_1d8d8b5fa36f.png,hardhat_kaggle_1d8d8b5fa36f,hardhat_kaggle,hardhat_kaggle:hard_hat_workers4736,13,0,0,1d8d8b5fa36fdb1d35d7fa58fbb09484cbd436b1
hardhat_kaggle_717f83d697fc.png,hardhat_kaggle_717f83d697fc,hardhat_kaggle,hardhat_kaggle:hard_hat_workers4737,8,0,0,717f83d697fcc8673765240d3177539c8e08adb3
hardhat_kaggle_788195616d0e.png,hardhat_kaggle_788195616d0e,hardhat_kaggle,hardhat_kaggle:hard_hat_workers4738,1,0,0,788195616d0e5fb66fb9aad0277db1a0150d071b
hardhat_kaggle_0c39cb179442.png,hardhat_kaggle_0c39cb179442,hardhat_kaggle,hardhat_kaggle:hard_hat_workers4739,8,0,0,0c39cb179442ae5d4e39541936c7f185644cd8f6
hardhat_kaggle_a63ab97defb7.png,hardhat_kaggle_a63ab97defb7,hardhat_kaggle,hardhat_kaggle:hard_hat_workers474,1,0,0,a63ab97defb791ba9b9da3b2125b9ddf15241971
hardhat_kaggle_21a3b9b10b1e.png,hardhat_kaggle_21a3b9b10b1e,hardhat_kaggle,hardhat_kaggle:hard_hat_workers4740,2,0,0,21a3b9b10b1e757830cd06c3ffa317b844e8e557
hardhat_kaggle_9d3a2ab08117.png,hardhat_kaggle_9d3a2ab08117,hardhat_kaggle,hardhat_kaggle:hard_hat_workers4741,2,0,0,9d3a2ab081175a9dc52822333bedc55448537537
hardhat_kaggle_ebb2a486bea5.png,hardhat_kaggle_ebb2a486bea5,hardhat_kaggle,hardhat_kaggle:hard_hat_workers4742,2,0,0,ebb2a486bea5a1a025904541b7442245a74bba03
hardhat_kaggle_730518608aec.png,hardhat_kaggle_730518608aec,hardhat_kaggle,hardhat_kaggle:hard_hat_workers4743,4,0,0,730518608aec725e63c6594ea5e3f8800f0bb21a
hardhat_kaggle_345302d5499a.png,hardhat_kaggle_345302d5499a,hardhat_kaggle,hardhat_kaggle:hard_hat_workers4744,3,0,0,345302d5499a3682cd8bd53bc49571b5d4841805
hardhat_kaggle_9832c89d39d1.png,hardhat_kaggle_9832c89d39d1,hardhat_kaggle,hardhat_kaggle:hard_hat_workers4745,1,0,0,9832c89d39d1fcd5bfa200b5e227c51d7d5463a5
hardhat_kaggle_9ed6f073219c.png,hardhat_kaggle_9ed6f073219c,hardhat_kaggle,hardhat_kaggle:hard_hat_workers4746,8,0,0,9ed6f073219c539b56637619f8794f499ea1b23f
hardhat_kaggle_01f3b0749cf0.png,hardhat_kaggle_01f3b0749cf0,hardhat_kaggle,hardhat_kaggle:hard_hat_workers4747,3,0,0,01f3b0749cf008b11cf0308b924abc79dee45860
hardhat_kaggle_8c4268095afd.png,hardhat_kaggle_8c4268095afd,hardhat_kaggle,hardhat_kaggle:hard_hat_workers4748,2,0,0,8c4268095afd3f7f6a29a1dce736d4af6f2d53ee
hardhat_kaggle_f300e8261318.png,hardhat_kaggle_f300e8261318,hardhat_kaggle,hardhat_kaggle:hard_hat_workers4749,4,0,0,f300e8261318423efd098d5ac4f20703ce0cf069
hardhat_kaggle_7918ebed8a24.png,hardhat_kaggle_7918ebed8a24,hardhat_kaggle,hardhat_kaggle:hard_hat_workers475,6,0,0,7918ebed8a247c097f79029545c1a254a8fb0a42
hardhat_kaggle_7cec9cceb8f3.png,hardhat_kaggle_7cec9cceb8f3,hardhat_kaggle,hardhat_kaggle:hard_hat_workers4750,4,0,0,7cec9cceb8f36d442f406b60ebdee2e939c07534
hardhat_kaggle_b9a6873ec66c.png,hardhat_kaggle_b9a6873ec66c,hardhat_kaggle,hardhat_kaggle:hard_hat_workers4751,10,0,0,b9a6873ec66c434235efdc9365eba8b01b5ce079
hardhat_kaggle_54e0a0212dfc.png,hardhat_kaggle_54e0a0212dfc,hardhat_kaggle,hardhat_kaggle:hard_hat_workers4752,3,0,0,54e0a0212dfca5a1d241db8061c1e71f747d43ba
hardhat_kaggle_4036a5aabaf7.png,hardhat_kaggle_4036a5aabaf7,hardhat_kaggle,hardhat_kaggle:hard_hat_workers4754,1,0,0,4036a5aabaf7e30d340b5362d48fcd50e0cdea06
hardhat_kaggle_12dab85563f0.png,hardhat_kaggle_12dab85563f0,hardhat_kaggle,hardhat_kaggle:hard_hat_workers4755,1,0,0,12dab85563f0017b04338a2eabcaa0c2d5eb61e7
hardhat_kaggle_ef8b6ab57cac.png,hardhat_kaggle_ef8b6ab57cac,hardhat_kaggle,hardhat_kaggle:hard_hat_workers4756,3,0,0,ef8b6ab57cacbde0d4323abc6cf53cc020b0681b
hardhat_kaggle_3dd58fb41586.png,hardhat_kaggle_3dd58fb41586,hardhat_kaggle,hardhat_kaggle:hard_hat_workers4757,1,0,0,3dd58fb415863e44239e1a335965bf3b65b7c8ec
hardhat_kaggle_3c481a47c7b4.png,hardhat_kaggle_3c481a47c7b4,hardhat_kaggle,hardhat_kaggle:hard_hat_workers4758,5,0,0,3c481a47c7b41e5c7aa944ff16ff7389df5e5566
hardhat_kaggle_6fd53fb6c968.png,hardhat_kaggle_6fd53fb6c968,hardhat_kaggle,hardhat_kaggle:hard_hat_workers4759,1,0,0,6fd53fb6c9689aeac1f51944d93955ef83ce2015
hardhat_kaggle_0afb0efd41b3.png,hardhat_kaggle_0afb0efd41b3,hardhat_kaggle,hardhat_kaggle:hard_hat_workers476,4,0,0,0afb0efd41b3e0eabb0acd70df324bc08212d10b
hardhat_kaggle_e29ef1d64f78.png,hardhat_kaggle_e29ef1d64f78,hardhat_kaggle,hardhat_kaggle:hard_hat_workers4760,3,0,0,e29ef1d64f7819c2221ca52800f2deb60283b848
hardhat_kaggle_391236279bd0.png,hardhat_kaggle_391236279bd0,hardhat_kaggle,hardhat_kaggle:hard_hat_workers4761,2,0,0,391236279bd0ca1fd0fb78bb8350697578734de6
hardhat_kaggle_f7a3b73856de.png,hardhat_kaggle_f7a3b73856de,hardhat_kaggle,hardhat_kaggle:hard_hat_workers4762,1,0,0,f7a3b73856ded3b4b4edd8c5f0f9605938e96189
hardhat_kaggle_6defbfd3b6c4.png,hardhat_kaggle_6defbfd3b6c4,hardhat_kaggle,hardhat_kaggle:hard_hat_workers4763,2,0,0,6defbfd3b6c4b4a9e89351f9ee92ad6901d2c00b
hardhat_kaggle_e03f4d6b24b2.png,hardhat_kaggle_e03f4d6b24b2,hardhat_kaggle,hardhat_kaggle:hard_hat_workers4764,1,0,0,e03f4d6b24b2ff8a6e69ace4fdb1bd4afaf10e25
hardhat_kaggle_860e28b076dd.png,hardhat_kaggle_860e28b076dd,hardhat_kaggle,hardhat_kaggle:hard_hat_workers4765,3,0,0,860e28b076dd4f0e239ac6afeddf673050a52715
hardhat_kaggle_ef1dce734fd4.png,hardhat_kaggle_ef1dce734fd4,hardhat_kaggle,hardhat_kaggle:hard_hat_workers4766,5,0,0,ef1dce734fd4d705cea0d5351ddb185a0ed88840
hardhat_kaggle_c22481c1ba56.png,hardhat_kaggle_c22481c1ba56,hardhat_kaggle,hardhat_kaggle:hard_hat_workers4767,68,0,0,c22481c1ba56cc5d9c8217643823d0fdff2c3ca5
hardhat_kaggle_9c880c0175b4.png,hardhat_kaggle_9c880c0175b4,hardhat_kaggle,hardhat_kaggle:hard_hat_workers4768,9,0,0,9c880c0175b4301b44dd6a11df323cb957938c9b
hardhat_kaggle_7c80133ac0c7.png,hardhat_kaggle_7c80133ac0c7,hardhat_kaggle,hardhat_kaggle:hard_hat_workers4769,5,0,0,7c80133ac0c7b19192a9c0452b0eb71b3402e857
hardhat_kaggle_985075cc37ba.png,hardhat_kaggle_985075cc37ba,hardhat_kaggle,hardhat_kaggle:hard_hat_workers477,4,0,0,985075cc37ba4a3122c7549aa3a2a5a7a6219a32
hardhat_kaggle_ec186538a84e.png,hardhat_kaggle_ec186538a84e,hardhat_kaggle,hardhat_kaggle:hard_hat_workers4770,4,0,0,ec186538a84e4ef76b7fbfc2d572349be6c9a585
hardhat_kaggle_2e28579df45e.png,hardhat_kaggle_2e28579df45e,hardhat_kaggle,hardhat_kaggle:hard_hat_workers4771,3,0,0,2e28579df45eaff2167e87727c4b66b7585e6663
hardhat_kaggle_297e86893563.png,hardhat_kaggle_297e86893563,hardhat_kaggle,hardhat_kaggle:hard_hat_workers4772,4,0,0,297e86893563aee59a8c689397f1f6f25ff9504d
hardhat_kaggle_6e5fe8ff33b3.png,hardhat_kaggle_6e5fe8ff33b3,hardhat_kaggle,hardhat_kaggle:hard_hat_workers4773,4,0,0,6e5fe8ff33b35158c22c8c45c89c6e735e1aa35d
hardhat_kaggle_6c7eb0a3a897.png,hardhat_kaggle_6c7eb0a3a897,hardhat_kaggle,hardhat_kaggle:hard_hat_workers4774,2,0,0,6c7eb0a3a8976e782fb32ff6138ee26355b94cb7
hardhat_kaggle_5ed8328fdacb.png,hardhat_kaggle_5ed8328fdacb,hardhat_kaggle,hardhat_kaggle:hard_hat_workers4775,6,0,0,5ed8328fdacbeba73950ee6c5fa4d5fc198d078d
hardhat_kaggle_0fa278765616.png,hardhat_kaggle_0fa278765616,hardhat_kaggle,hardhat_kaggle:hard_hat_workers4776,7,0,0,0fa27876561624cb224add1cb8ad91bbfd592d4b
hardhat_kaggle_25942b5e1ac1.png,hardhat_kaggle_25942b5e1ac1,hardhat_kaggle,hardhat_kaggle:hard_hat_workers4779,6,0,0,25942b5e1ac1c775a386f531265e47b5f95f87e5
hardhat_kaggle_ca363fd24835.png,hardhat_kaggle_ca363fd24835,hardhat_kaggle,hardhat_kaggle:hard_hat_workers478,6,0,0,ca363fd248359379a20602b9295397cd94f0a998
hardhat_kaggle_8c676fdfeaa2.png,hardhat_kaggle_8c676fdfeaa2,hardhat_kaggle,hardhat_kaggle:hard_hat_workers4780,1,0,0,8c676fdfeaa2ce4802a0841fa5e77728fd204f13
hardhat_kaggle_c86affed0d5d.png,hardhat_kaggle_c86affed0d5d,hardhat_kaggle,hardhat_kaggle:hard_hat_workers4781,5,0,0,c86affed0d5d7e477aed8d1e1942b5c56e60a000
hardhat_kaggle_99d522dcb6b5.png,hardhat_kaggle_99d522dcb6b5,hardhat_kaggle,hardhat_kaggle:hard_hat_workers4782,3,0,0,99d522dcb6b5449ed3b70f84931e07c46c220f1e
hardhat_kaggle_e65a9353e26c.png,hardhat_kaggle_e65a9353e26c,hardhat_kaggle,hardhat_kaggle:hard_hat_workers4783,1,0,0,e65a9353e26cccd4e012214452cc156d151c54e8
hardhat_kaggle_2bc255f15deb.png,hardhat_kaggle_2bc255f15deb,hardhat_kaggle,hardhat_kaggle:hard_hat_workers4784,2,0,0,2bc255f15deb94300ce113aac2a2c894881ee235
hardhat_kaggle_6ea9da000b8b.png,hardhat_kaggle_6ea9da000b8b,hardhat_kaggle,hardhat_kaggle:hard_hat_workers4785,2,0,0,6ea9da000b8b3fea3bcacfae24bd82e2216c228a
hardhat_kaggle_3aa1a24c1fbc.png,hardhat_kaggle_3aa1a24c1fbc,hardhat_kaggle,hardhat_kaggle:hard_hat_workers4786,15,0,0,3aa1a24c1fbc082a6a0bf84acf5989e464143de3
hardhat_kaggle_d96b0b7e6e64.png,hardhat_kaggle_d96b0b7e6e64,hardhat_kaggle,hardhat_kaggle:hard_hat_workers4788,3,0,0,d96b0b7e6e6448ea21c10812d11de6de9ca8c9cc
hardhat_kaggle_92cb9a646d31.png,hardhat_kaggle_92cb9a646d31,hardhat_kaggle,hardhat_kaggle:hard_hat_workers4789,2,0,0,92cb9a646d316f90d7ffdfb4b49ea3d5e28a32a5
hardhat_kaggle_f0e6eef221c8.png,hardhat_kaggle_f0e6eef221c8,hardhat_kaggle,hardhat_kaggle:hard_hat_workers479,8,0,0,f0e6eef221c814555595710ef221fefca4807941
hardhat_kaggle_7a60c8318eb8.png,hardhat_kaggle_7a60c8318eb8,hardhat_kaggle,hardhat_kaggle:hard_hat_workers4790,3,0,0,7a60c8318eb871ed968228c1afe59a3004676a16
hardhat_kaggle_5fa778dd3e78.png,hardhat_kaggle_5fa778dd3e78,hardhat_kaggle,hardhat_kaggle:hard_hat_workers4791,1,0,0,5fa778dd3e78cf862d4623081e8a2a24b66a376f
hardhat_kaggle_7a834ab64a3b.png,hardhat_kaggle_7a834ab64a3b,hardhat_kaggle,hardhat_kaggle:hard_hat_workers4792,4,0,0,7a834ab64a3bef3366ec09517c4a5af204792773
hardhat_kaggle_a86b07a417fd.png,hardhat_kaggle_a86b07a417fd,hardhat_kaggle,hardhat_kaggle:hard_hat_workers4793,2,0,0,a86b07a417fd74666e0b9847ed711012dbf603be
hardhat_kaggle_ffcc7661bf9a.png,hardhat_kaggle_ffcc7661bf9a,hardhat_kaggle,hardhat_kaggle:hard_hat_workers4794,2,0,0,ffcc7661bf9a57a79eb8703f25725d35ac815c25
hardhat_kaggle_122cb8d9ddfc.png,hardhat_kaggle_122cb8d9ddfc,hardhat_kaggle,hardhat_kaggle:hard_hat_workers4795,35,0,0,122cb8d9ddfc8381a0f6a4b0b28df2c2e7e44c03
hardhat_kaggle_56996832252f.png,hardhat_kaggle_56996832252f,hardhat_kaggle,hardhat_kaggle:hard_hat_workers4796,5,0,0,56996832252f0cb8c5ba1d648f46224a24fe83e3
hardhat_kaggle_8451e8193889.png,hardhat_kaggle_8451e8193889,hardhat_kaggle,hardhat_kaggle:hard_hat_workers4798,4,0,0,8451e8193889ee1675ddb09cc08a02f301772e22
hardhat_kaggle_9536f693d9f0.png,hardhat_kaggle_9536f693d9f0,hardhat_kaggle,hardhat_kaggle:hard_hat_workers4799,2,0,0,9536f693d9f0aa9f78c2c131a32dc0760ce6bc4f
hardhat_kaggle_7d1dc51d0723.png,hardhat_kaggle_7d1dc51d0723,hardhat_kaggle,hardhat_kaggle:hard_hat_workers48,9,0,0,7d1dc51d0723ad2f4001ace29fae9637b01f11b3
hardhat_kaggle_2f77dc7512a1.png,hardhat_kaggle_2f77dc7512a1,hardhat_kaggle,hardhat_kaggle:hard_hat_workers480,1,0,0,2f77dc7512a15a12c180a83585aca0c314c9428b
hardhat_kaggle_01d6d76e9daf.png,hardhat_kaggle_01d6d76e9daf,hardhat_kaggle,hardhat_kaggle:hard_hat_workers4800,4,0,0,01d6d76e9daf74eebfc1dea586d654f38809b7e6
hardhat_kaggle_cf18a38d233a.png,hardhat_kaggle_cf18a38d233a,hardhat_kaggle,hardhat_kaggle:hard_hat_workers4802,2,0,0,cf18a38d233a03bb10cc59b1cd8e4292daa019e9
hardhat_kaggle_ff94de0c0adf.png,hardhat_kaggle_ff94de0c0adf,hardhat_kaggle,hardhat_kaggle:hard_hat_workers4803,8,0,0,ff94de0c0adfa60bebf5070cd1c85568cfcb5576
hardhat_kaggle_e694ef9a86fb.png,hardhat_kaggle_e694ef9a86fb,hardhat_kaggle,hardhat_kaggle:hard_hat_workers4804,12,0,0,e694ef9a86fb5580435e3444a82e436d213166d9
hardhat_kaggle_db152e1da530.png,hardhat_kaggle_db152e1da530,hardhat_kaggle,hardhat_kaggle:hard_hat_workers4805,2,0,0,db152e1da5303ee11cbb7e5a9a77aea42a2f8438
hardhat_kaggle_69a7732f95ff.png,hardhat_kaggle_69a7732f95ff,hardhat_kaggle,hardhat_kaggle:hard_hat_workers4806,4,0,0,69a7732f95ff79c0cf913a5a36b3e9932fab2c26
hardhat_kaggle_8f32cfc7ba07.png,hardhat_kaggle_8f32cfc7ba07,hardhat_kaggle,hardhat_kaggle:hard_hat_workers4807,7,0,0,8f32cfc7ba073b45689f514ee4c60c55d423a963
hardhat_kaggle_afe8a688ef44.png,hardhat_kaggle_afe8a688ef44,hardhat_kaggle,hardhat_kaggle:hard_hat_workers4808,4,0,0,afe8a688ef4488d5048750d13df2aa4bef4359a9
hardhat_kaggle_ff3770b0a695.png,hardhat_kaggle_ff3770b0a695,hardhat_kaggle,hardhat_kaggle:hard_hat_workers4809,8,0,0,ff3770b0a695f9694fa4f5c4fcb4cc5edc226c2c
hardhat_kaggle_60c99044654f.png,hardhat_kaggle_60c99044654f,hardhat_kaggle,hardhat_kaggle:hard_hat_workers481,3,0,0,60c99044654f2117c9bd5682ee6fd38b2132c390
hardhat_kaggle_6372d48d1fcb.png,hardhat_kaggle_6372d48d1fcb,hardhat_kaggle,hardhat_kaggle:hard_hat_workers4810,1,0,0,6372d48d1fcb23af6401bc7e5dbd44e137223605
hardhat_kaggle_5d7d69ca935d.png,hardhat_kaggle_5d7d69ca935d,hardhat_kaggle,hardhat_kaggle:hard_hat_workers4811,14,0,0,5d7d69ca935d0dd720167d50371dcb1d3af42ae1
hardhat_kaggle_cb3f4b015847.png,hardhat_kaggle_cb3f4b015847,hardhat_kaggle,hardhat_kaggle:hard_hat_workers4812,7,0,0,cb3f4b01584750d3e18ee0342b92e6741055c920
hardhat_kaggle_eb8ba351c62b.png,hardhat_kaggle_eb8ba351c62b,hardhat_kaggle,hardhat_kaggle:hard_hat_workers4813,6,0,0,eb8ba351c62bcedb1630bd6290c1e329c1e2bcf4
hardhat_kaggle_c15332869e49.png,hardhat_kaggle_c15332869e49,hardhat_kaggle,hardhat_kaggle:hard_hat_workers4814,3,0,0,c15332869e49a7a8c9a7e91530fb673c75d000e8
hardhat_kaggle_834dfd9d90bc.png,hardhat_kaggle_834dfd9d90bc,hardhat_kaggle,hardhat_kaggle:hard_hat_workers4815,2,0,0,834dfd9d90bca62e9a7b2ecbec69b18729121f3e
hardhat_kaggle_45bf17488e7a.png,hardhat_kaggle_45bf17488e7a,hardhat_kaggle,hardhat_kaggle:hard_hat_workers4816,2,0,0,45bf17488e7a9fc95a9b014dfa4f30e2ddf15ab2
hardhat_kaggle_342e20ec0a43.png,hardhat_kaggle_342e20ec0a43,hardhat_kaggle,hardhat_kaggle:hard_hat_workers4817,6,0,0,342e20ec0a433c326acf7b6687aa8324bb0c22a2
hardhat_kaggle_6338cfc7f6b9.png,hardhat_kaggle_6338cfc7f6b9,hardhat_kaggle,hardhat_kaggle:hard_hat_workers4818,2,0,0,6338cfc7f6b90c29560a554a432c9ad358b21d30
hardhat_kaggle_78417f50b8b1.png,hardhat_kaggle_78417f50b8b1,hardhat_kaggle,hardhat_kaggle:hard_hat_workers4819,3,0,0,78417f50b8b1872d6085e76cddb347d4841a0fe6
hardhat_kaggle_896e99c99642.png,hardhat_kaggle_896e99c99642,hardhat_kaggle,hardhat_kaggle:hard_hat_workers482,1,0,0,896e99c99642253c001bab832fdafc9c479654b1
hardhat_kaggle_73a0e17dee45.png,hardhat_kaggle_73a0e17dee45,hardhat_kaggle,hardhat_kaggle:hard_hat_workers4820,5,0,0,73a0e17dee4567004e5eecabde6cf6363df49d9a
hardhat_kaggle_b71ad1980d5f.png,hardhat_kaggle_b71ad1980d5f,hardhat_kaggle,hardhat_kaggle:hard_hat_workers4821,4,0,0,b71ad1980d5f93462cccb5b44f99c7b5ed5d5e7e
hardhat_kaggle_2ce4e48b056b.png,hardhat_kaggle_2ce4e48b056b,hardhat_kaggle,hardhat_kaggle:hard_hat_workers4822,2,0,0,2ce4e48b056b9ea90ce187fea46c3ec832a0d8c3
hardhat_kaggle_c6db39d5ca1a.png,hardhat_kaggle_c6db39d5ca1a,hardhat_kaggle,hardhat_kaggle:hard_hat_workers4823,2,0,0,c6db39d5ca1a333b1e52e825e0dd043fe256957b
hardhat_kaggle_f4cd57ecc698.png,hardhat_kaggle_f4cd57ecc698,hardhat_kaggle,hardhat_kaggle:hard_hat_workers4824,3,0,0,f4cd57ecc6988a0800f0f58a5d9045b3f9d95984
hardhat_kaggle_9bb1a2ade838.png,hardhat_kaggle_9bb1a2ade838,hardhat_kaggle,hardhat_kaggle:hard_hat_workers4825,1,0,0,9bb1a2ade8382e2b6b35be90ee9eef534bda7202
hardhat_kaggle_cced503e2026.png,hardhat_kaggle_cced503e2026,hardhat_kaggle,hardhat_kaggle:hard_hat_workers4826,8,0,0,cced503e2026e37ca75991665673e77e6cb9e546
hardhat_kaggle_9a8fbb2d72de.png,hardhat_kaggle_9a8fbb2d72de,hardhat_kaggle,hardhat_kaggle:hard_hat_workers4827,2,0,0,9a8fbb2d72def3775b5d9c01f76777bdd24915eb
hardhat_kaggle_a7eb56856532.png,hardhat_kaggle_a7eb56856532,hardhat_kaggle,hardhat_kaggle:hard_hat_workers4828,2,0,0,a7eb5685653232d9afa3c42b3ff9e03db058bc12
hardhat_kaggle_babff041baad.png,hardhat_kaggle_babff041baad,hardhat_kaggle,hardhat_kaggle:hard_hat_workers4829,7,0,0,babff041baad1c7fdf6e722d9b4e2f583e6ec296
hardhat_kaggle_51a246951c37.png,hardhat_kaggle_51a246951c37,hardhat_kaggle,hardhat_kaggle:hard_hat_workers483,1,0,0,51a246951c375d63e26f23397dbafba5a879286c
hardhat_kaggle_bb40eefea4fe.png,hardhat_kaggle_bb40eefea4fe,hardhat_kaggle,hardhat_kaggle:hard_hat_workers4830,1,0,0,bb40eefea4fe979550e2f900cc53db21a3755e64
hardhat_kaggle_618dcc1edb11.png,hardhat_kaggle_618dcc1edb11,hardhat_kaggle,hardhat_kaggle:hard_hat_workers4831,1,0,0,618dcc1edb115987a7ac86bb2a7ea514385b9083
hardhat_kaggle_281dbff6d83b.png,hardhat_kaggle_281dbff6d83b,hardhat_kaggle,hardhat_kaggle:hard_hat_workers4832,5,0,0,281dbff6d83b14dc7ea76c8a3ec9c8988900e6b2
hardhat_kaggle_604fcd278dc6.png,hardhat_kaggle_604fcd278dc6,hardhat_kaggle,hardhat_kaggle:hard_hat_workers4833,3,0,0,604fcd278dc6cf3e656497347a2827ffbb89ae5a
hardhat_kaggle_0f24cd74f0bb.png,hardhat_kaggle_0f24cd74f0bb,hardhat_kaggle,hardhat_kaggle:hard_hat_workers4834,3,0,0,0f24cd74f0bb02eb2e20d2c10bc1882314232bb7
hardhat_kaggle_77d4774677d4.png,hardhat_kaggle_77d4774677d4,hardhat_kaggle,hardhat_kaggle:hard_hat_workers4835,2,0,0,77d4774677d4444508ab8f1b526375945bb45a2b
hardhat_kaggle_513bbfea7bdb.png,hardhat_kaggle_513bbfea7bdb,hardhat_kaggle,hardhat_kaggle:hard_hat_workers4836,3,0,0,513bbfea7bdb2b00717958b1e1280374a128d482
hardhat_kaggle_4a44c6a52310.png,hardhat_kaggle_4a44c6a52310,hardhat_kaggle,hardhat_kaggle:hard_hat_workers4837,1,0,0,4a44c6a52310010bf858fa04f02369fe5c3d72f0
hardhat_kaggle_19a08fb48def.png,hardhat_kaggle_19a08fb48def,hardhat_kaggle,hardhat_kaggle:hard_hat_workers4838,6,0,0,19a08fb48defe25160aa57d0a270a32b5a2751fc
hardhat_kaggle_a68108b647c6.png,hardhat_kaggle_a68108b647c6,hardhat_kaggle,hardhat_kaggle:hard_hat_workers4839,7,0,0,a68108b647c642ad73e69f80ec90bfab39a78f10
hardhat_kaggle_bade98665240.png,hardhat_kaggle_bade98665240,hardhat_kaggle,hardhat_kaggle:hard_hat_workers484,2,0,0,bade986652406eb2b5da4989f1610a263a153213
hardhat_kaggle_f08c101ef0b1.png,hardhat_kaggle_f08c101ef0b1,hardhat_kaggle,hardhat_kaggle:hard_hat_workers4840,2,0,0,f08c101ef0b1a1142f6ab4f8046c707c79d5ae29
hardhat_kaggle_126863614bbd.png,hardhat_kaggle_126863614bbd,hardhat_kaggle,hardhat_kaggle:hard_hat_workers4841,6,0,0,126863614bbd88ab7090a46021bc328309b5e43d
hardhat_kaggle_4b1d3c4f74fc.png,hardhat_kaggle_4b1d3c4f74fc,hardhat_kaggle,hardhat_kaggle:hard_hat_workers4843,2,0,0,4b1d3c4f74fc723f1c4ef38f0fcbd04a7063c4a7
hardhat_kaggle_679ceb504836.png,hardhat_kaggle_679ceb504836,hardhat_kaggle,hardhat_kaggle:hard_hat_workers4844,2,0,0,679ceb5048362e53a907493a7c3533cce33e66c7
hardhat_kaggle_1de9b65d884a.png,hardhat_kaggle_1de9b65d884a,hardhat_kaggle,hardhat_kaggle:hard_hat_workers4845,2,0,0,1de9b65d884a4bb78617763b377758d5bf3cca09
hardhat_kaggle_ab56c13e4edf.png,hardhat_kaggle_ab56c13e4edf,hardhat_kaggle,hardhat_kaggle:hard_hat_workers4846,5,0,0,ab56c13e4edf688abb94cb59b5a9c828f53b9861
hardhat_kaggle_2c1b16948900.png,hardhat_kaggle_2c1b16948900,hardhat_kaggle,hardhat_kaggle:hard_hat_workers4847,1,0,0,2c1b169489005723945bda45409da09b4672c25e
hardhat_kaggle_ce58a9de5038.png,hardhat_kaggle_ce58a9de5038,hardhat_kaggle,hardhat_kaggle:hard_hat_workers4848,6,0,0,ce58a9de5038f962e7a692ce282665acd619a494
hardhat_kaggle_3ce99a83e4e4.png,hardhat_kaggle_3ce99a83e4e4,hardhat_kaggle,hardhat_kaggle:hard_hat_workers485,5,0,0,3ce99a83e4e4a369a02a6e2cac66279fc7375c86
hardhat_kaggle_cf9f33d9ae12.png,hardhat_kaggle_cf9f33d9ae12,hardhat_kaggle,hardhat_kaggle:hard_hat_workers4850,3,0,0,cf9f33d9ae12527d623d205a274e251f837f03ab
hardhat_kaggle_5cc38996ce0e.png,hardhat_kaggle_5cc38996ce0e,hardhat_kaggle,hardhat_kaggle:hard_hat_workers4851,2,0,0,5cc38996ce0e9f259ae7c3862a55133e8f48dd5a
hardhat_kaggle_8af57b07f621.png,hardhat_kaggle_8af57b07f621,hardhat_kaggle,hardhat_kaggle:hard_hat_workers4852,2,0,0,8af57b07f62117d1063f0ec1003e3ebefbaf9297
hardhat_kaggle_d6c804dc321b.png,hardhat_kaggle_d6c804dc321b,hardhat_kaggle,hardhat_kaggle:hard_hat_workers4853,3,0,0,d6c804dc321b1400e6f5a9fb6d37ff7cd85a2b79
hardhat_kaggle_eb0e07639bcf.png,hardhat_kaggle_eb0e07639bcf,hardhat_kaggle,hardhat_kaggle:hard_hat_workers4854,5,0,0,eb0e07639bcf0d9cac2247b792acd1c393cd7292
hardhat_kaggle_ef3fcf6d53cd.png,hardhat_kaggle_ef3fcf6d53cd,hardhat_kaggle,hardhat_kaggle:hard_hat_workers4855,6,0,0,ef3fcf6d53cde50c36356ae3f8af1da416d3d291
hardhat_kaggle_1207bfef5580.png,hardhat_kaggle_1207bfef5580,hardhat_kaggle,hardhat_kaggle:hard_hat_workers4856,6,0,0,1207bfef55804c56e953c4a55b77403d884ffc00
hardhat_kaggle_4a69cc5b6f49.png,hardhat_kaggle_4a69cc5b6f49,hardhat_kaggle,hardhat_kaggle:hard_hat_workers4857,3,0,0,4a69cc5b6f492a0fada0179eaf4ec138746ab574
hardhat_kaggle_388caaccc14d.png,hardhat_kaggle_388caaccc14d,hardhat_kaggle,hardhat_kaggle:hard_hat_workers4858,2,0,0,388caaccc14dbcf2686bfa367a11e25a7458afc9
hardhat_kaggle_0d43d16e56f2.png,hardhat_kaggle_0d43d16e56f2,hardhat_kaggle,hardhat_kaggle:hard_hat_workers4859,2,0,0,0d43d16e56f2a7850057cdde7d98e2064c28de0b
hardhat_kaggle_bfb5e607fc50.png,hardhat_kaggle_bfb5e607fc50,hardhat_kaggle,hardhat_kaggle:hard_hat_workers486,4,0,0,bfb5e607fc5023e80b92e18a6eeacd4ca3cf8d85
hardhat_kaggle_7be71f9216a7.png,hardhat_kaggle_7be71f9216a7,hardhat_kaggle,hardhat_kaggle:hard_hat_workers4860,2,0,0,7be71f9216a76309d9b7abfe9c593a562d361aaf
hardhat_kaggle_520147ec0358.png,hardhat_kaggle_520147ec0358,hardhat_kaggle,hardhat_kaggle:hard_hat_workers4861,2,0,0,520147ec0358af71b3e3a20152c8243a278e580c
hardhat_kaggle_8fce72cc5d38.png,hardhat_kaggle_8fce72cc5d38,hardhat_kaggle,hardhat_kaggle:hard_hat_workers4862,6,0,0,8fce72cc5d38c919cf7929192a311386e8fd859c
hardhat_kaggle_c7e929e8e8b9.png,hardhat_kaggle_c7e929e8e8b9,hardhat_kaggle,hardhat_kaggle:hard_hat_workers4863,1,0,0,c7e929e8e8b9a2cb5da0867b7dd27662e06929b9
hardhat_kaggle_63b12f27f283.png,hardhat_kaggle_63b12f27f283,hardhat_kaggle,hardhat_kaggle:hard_hat_workers4865,3,0,0,63b12f27f283406a0608808b3f10f6dfb33b51ab
hardhat_kaggle_b318a680511b.png,hardhat_kaggle_b318a680511b,hardhat_kaggle,hardhat_kaggle:hard_hat_workers4866,2,0,0,b318a680511bb1620a18dd61f7d052d9b8955201
hardhat_kaggle_bddd1dbfbbbd.png,hardhat_kaggle_bddd1dbfbbbd,hardhat_kaggle,hardhat_kaggle:hard_hat_workers4868,3,0,0,bddd1dbfbbbdc4256681e6b0196dc35dc2911a02
hardhat_kaggle_bf35d5a44e77.png,hardhat_kaggle_bf35d5a44e77,hardhat_kaggle,hardhat_kaggle:hard_hat_workers4869,3,0,0,bf35d5a44e772ab1dc33bb032b56a513c28eda88
hardhat_kaggle_676d1ffbe48b.png,hardhat_kaggle_676d1ffbe48b,hardhat_kaggle,hardhat_kaggle:hard_hat_workers487,3,0,0,676d1ffbe48b70c715c5756a3684f769fdb4253c
hardhat_kaggle_da230cdcd105.png,hardhat_kaggle_da230cdcd105,hardhat_kaggle,hardhat_kaggle:hard_hat_workers4870,6,0,0,da230cdcd10586eb56d724d800ea58fb626b1a2c
hardhat_kaggle_b7c30d67161c.png,hardhat_kaggle_b7c30d67161c,hardhat_kaggle,hardhat_kaggle:hard_hat_workers4871,6,0,0,b7c30d67161c6a45d0f0876217e5e59ee68d062d
hardhat_kaggle_a025bcb88861.png,hardhat_kaggle_a025bcb88861,hardhat_kaggle,hardhat_kaggle:hard_hat_workers4872,2,0,0,a025bcb88861dced554ffb43357786c8ad0417ae
hardhat_kaggle_50bcc9181d2d.png,hardhat_kaggle_50bcc9181d2d,hardhat_kaggle,hardhat_kaggle:hard_hat_workers4874,6,0,0,50bcc9181d2d29d19b60b6d0068f9ff50eb94231
hardhat_kaggle_a6ed3a4d5184.png,hardhat_kaggle_a6ed3a4d5184,hardhat_kaggle,hardhat_kaggle:hard_hat_workers4875,2,0,0,a6ed3a4d5184fb5f067ef9341be8c48dcbb0bec6
hardhat_kaggle_f10ab7bb7beb.png,hardhat_kaggle_f10ab7bb7beb,hardhat_kaggle,hardhat_kaggle:hard_hat_workers4876,3,0,0,f10ab7bb7beb2664e6a3d7678796f917048e9695
hardhat_kaggle_fd8d2690ca04.png,hardhat_kaggle_fd8d2690ca04,hardhat_kaggle,hardhat_kaggle:hard_hat_workers4877,6,0,0,fd8d2690ca04958eb385dcd78204a859f1451c8f
hardhat_kaggle_635ab6d2a979.png,hardhat_kaggle_635ab6d2a979,hardhat_kaggle,hardhat_kaggle:hard_hat_workers4878,7,0,0,635ab6d2a97993517bb53b24ee5766bba8f6c7ac
hardhat_kaggle_c0915d818859.png,hardhat_kaggle_c0915d818859,hardhat_kaggle,hardhat_kaggle:hard_hat_workers4879,2,0,0,c0915d818859b18c14fa63b04060f0151c711496
hardhat_kaggle_ebfe5aa9c3ba.png,hardhat_kaggle_ebfe5aa9c3ba,hardhat_kaggle,hardhat_kaggle:hard_hat_workers488,4,0,0,ebfe5aa9c3ba005ea69a3630fc71700f501ce6df
hardhat_kaggle_d40aff7fb5c6.png,hardhat_kaggle_d40aff7fb5c6,hardhat_kaggle,hardhat_kaggle:hard_hat_workers4880,10,0,0,d40aff7fb5c6132162c8588f61e49cde62379af4
hardhat_kaggle_701dc0c4d6f5.png,hardhat_kaggle_701dc0c4d6f5,hardhat_kaggle,hardhat_kaggle:hard_hat_workers4881,2,0,0,701dc0c4d6f55a6f758cfdb1bc5632e1c2a2e23d
hardhat_kaggle_825b9ff352ee.png,hardhat_kaggle_825b9ff352ee,hardhat_kaggle,hardhat_kaggle:hard_hat_workers4882,6,0,0,825b9ff352eec1a55b61bbdb8be877b02bf12b7e
hardhat_kaggle_9d9831ea05aa.png,hardhat_kaggle_9d9831ea05aa,hardhat_kaggle,hardhat_kaggle:hard_hat_workers4883,2,0,0,9d9831ea05aacbaa5fcc687de2a314bfb10b43e8
hardhat_kaggle_386742ae8fd3.png,hardhat_kaggle_386742ae8fd3,hardhat_kaggle,hardhat_kaggle:hard_hat_workers4884,2,0,0,386742ae8fd324a9ea924f0e9803334ee2ac8b07
hardhat_kaggle_4de2b1ef61b8.png,hardhat_kaggle_4de2b1ef61b8,hardhat_kaggle,hardhat_kaggle:hard_hat_workers4885,1,0,0,4de2b1ef61b8d7042e16125b4b53804154922a44
hardhat_kaggle_96a2d295fd5e.png,hardhat_kaggle_96a2d295fd5e,hardhat_kaggle,hardhat_kaggle:hard_hat_workers4886,2,0,0,96a2d295fd5ed7025a587a5caf37b0fc0a31b5cf
hardhat_kaggle_0cf14ec80343.png,hardhat_kaggle_0cf14ec80343,hardhat_kaggle,hardhat_kaggle:hard_hat_workers4887,7,0,0,0cf14ec803437ba90da19275e91c60390df4f9d5
hardhat_kaggle_b7418ad50ca0.png,hardhat_kaggle_b7418ad50ca0,hardhat_kaggle,hardhat_kaggle:hard_hat_workers4888,2,0,0,b7418ad50ca0d9370a221963af1c6bdd47b18556
hardhat_kaggle_988b48b41b5a.png,hardhat_kaggle_988b48b41b5a,hardhat_kaggle,hardhat_kaggle:hard_hat_workers4889,1,0,0,988b48b41b5a8e29fa166b5d2110a8eff52f1821
hardhat_kaggle_5ed5ec9840f1.png,hardhat_kaggle_5ed5ec9840f1,hardhat_kaggle,hardhat_kaggle:hard_hat_workers489,1,0,0,5ed5ec9840f101df29e1f6deb2935cd8e4fe1b65
hardhat_kaggle_666f438c7a9d.png,hardhat_kaggle_666f438c7a9d,hardhat_kaggle,hardhat_kaggle:hard_hat_workers4890,8,0,0,666f438c7a9d9edec717abac276911237686c7a4
hardhat_kaggle_b0cfe2cfae2f.png,hardhat_kaggle_b0cfe2cfae2f,hardhat_kaggle,hardhat_kaggle:hard_hat_workers4891,1,0,0,b0cfe2cfae2fdc964c9a807c5380015a9491cc2e
hardhat_kaggle_fa65956a70b3.png,hardhat_kaggle_fa65956a70b3,hardhat_kaggle,hardhat_kaggle:hard_hat_workers4892,5,0,0,fa65956a70b39d5b19e70f19b6a77600f4fb7291
hardhat_kaggle_05222737aae7.png,hardhat_kaggle_05222737aae7,hardhat_kaggle,hardhat_kaggle:hard_hat_workers4893,4,0,0,05222737aae77d199f0db23972876280b449a6e2
hardhat_kaggle_3ec5aa5e6afa.png,hardhat_kaggle_3ec5aa5e6afa,hardhat_kaggle,hardhat_kaggle:hard_hat_workers4894,4,0,0,3ec5aa5e6afae7557f55d7d39583535be2a3f580
hardhat_kaggle_a44fa0caf59a.png,hardhat_kaggle_a44fa0caf59a,hardhat_kaggle,hardhat_kaggle:hard_hat_workers4895,15,0,0,a44fa0caf59a62d06de3000b5eb6feb371b4fc36
hardhat_kaggle_90d2b8de88f1.png,hardhat_kaggle_90d2b8de88f1,hardhat_kaggle,hardhat_kaggle:hard_hat_workers4896,2,0,0,90d2b8de88f1edc186dc8205796433b57c413199
hardhat_kaggle_7c1791e4b540.png,hardhat_kaggle_7c1791e4b540,hardhat_kaggle,hardhat_kaggle:hard_hat_workers4897,1,0,0,7c1791e4b540b469744bf97a6cdb9a01971f038d
hardhat_kaggle_0d9dcc3c25a1.png,hardhat_kaggle_0d9dcc3c25a1,hardhat_kaggle,hardhat_kaggle:hard_hat_workers4898,4,0,0,0d9dcc3c25a1eb4c2ed15049032892c2e8dfefa7
hardhat_kaggle_661c3faffdb5.png,hardhat_kaggle_661c3faffdb5,hardhat_kaggle,hardhat_kaggle:hard_hat_workers4899,6,0,0,661c3faffdb52f9fad0f53a7d59b71e15fbca7e0
hardhat_kaggle_7b7105d99e50.png,hardhat_kaggle_7b7105d99e50,hardhat_kaggle,hardhat_kaggle:hard_hat_workers49,2,0,0,7b7105d99e506ffe3c321a48ee9361a161d64f17
hardhat_kaggle_51bff1d81b83.png,hardhat_kaggle_51bff1d81b83,hardhat_kaggle,hardhat_kaggle:hard_hat_workers490,8,0,0,51bff1d81b831db039c49ac3b00fe362bae7ff59
hardhat_kaggle_881620116458.png,hardhat_kaggle_881620116458,hardhat_kaggle,hardhat_kaggle:hard_hat_workers4900,11,0,0,881620116458e16e5f20e906c15646c46d90c3bc
hardhat_kaggle_dc5cf7cb02eb.png,hardhat_kaggle_dc5cf7cb02eb,hardhat_kaggle,hardhat_kaggle:hard_hat_workers4901,5,0,0,dc5cf7cb02ebf10ec7e9671b55f09f85cc4d10b6
hardhat_kaggle_e6234bb66c2e.png,hardhat_kaggle_e6234bb66c2e,hardhat_kaggle,hardhat_kaggle:hard_hat_workers4902,7,0,0,e6234bb66c2e65e933917210a090b2c8e4db0ae0
hardhat_kaggle_d5f2aec5117d.png,hardhat_kaggle_d5f2aec5117d,hardhat_kaggle,hardhat_kaggle:hard_hat_workers4903,4,0,0,d5f2aec5117db4c47f44d9843a5e7181291666d4
hardhat_kaggle_64e52ed8e441.png,hardhat_kaggle_64e52ed8e441,hardhat_kaggle,hardhat_kaggle:hard_hat_workers4904,10,0,0,64e52ed8e4412ab8293252aba642adee75214305
hardhat_kaggle_6bc327b4371a.png,hardhat_kaggle_6bc327b4371a,hardhat_kaggle,hardhat_kaggle:hard_hat_workers4906,1,0,0,6bc327b4371a1b1b6f350be950d46a66e2da0720
hardhat_kaggle_4df56004f2d0.png,hardhat_kaggle_4df56004f2d0,hardhat_kaggle,hardhat_kaggle:hard_hat_workers4907,3,0,0,4df56004f2d01688c4523f5573b224375f77a3c2
hardhat_kaggle_0a825f6b789e.png,hardhat_kaggle_0a825f6b789e,hardhat_kaggle,hardhat_kaggle:hard_hat_workers4908,3,0,0,0a825f6b789e5cd9026bb76674f2e7486236dd27
hardhat_kaggle_b4ea16fd7019.png,hardhat_kaggle_b4ea16fd7019,hardhat_kaggle,hardhat_kaggle:hard_hat_workers4909,1,0,0,b4ea16fd70195b34889c3c0b83f1e597d9d3aa9c
hardhat_kaggle_24d82f14bdb6.png,hardhat_kaggle_24d82f14bdb6,hardhat_kaggle,hardhat_kaggle:hard_hat_workers491,1,0,0,24d82f14bdb6e9441957fdc097f76dccc8957d3e
hardhat_kaggle_5b9664b08b4b.png,hardhat_kaggle_5b9664b08b4b,hardhat_kaggle,hardhat_kaggle:hard_hat_workers4910,9,0,0,5b9664b08b4b21df8412c0870d0b57b22f6cba41
hardhat_kaggle_63f06559c7d9.png,hardhat_kaggle_63f06559c7d9,hardhat_kaggle,hardhat_kaggle:hard_hat_workers4911,5,0,0,63f06559c7d9e4db275d4cee8b5b2a4a167e8c59
hardhat_kaggle_9ace59f73ff6.png,hardhat_kaggle_9ace59f73ff6,hardhat_kaggle,hardhat_kaggle:hard_hat_workers4912,4,0,0,9ace59f73ff6c5c2cff6e349bcb9617e587d13e4
hardhat_kaggle_6def8d820653.png,hardhat_kaggle_6def8d820653,hardhat_kaggle,hardhat_kaggle:hard_hat_workers4913,7,0,0,6def8d8206535d9681f91de75bc43a52805d58f5
hardhat_kaggle_28967ddfcab8.png,hardhat_kaggle_28967ddfcab8,hardhat_kaggle,hardhat_kaggle:hard_hat_workers4914,13,0,0,28967ddfcab800265ab161805e9c325f43d25eb3
hardhat_kaggle_a59f603e95ae.png,hardhat_kaggle_a59f603e95ae,hardhat_kaggle,hardhat_kaggle:hard_hat_workers4915,8,0,0,a59f603e95ae24a91dbebfd50c183b25d83940cf
hardhat_kaggle_5571502f5627.png,hardhat_kaggle_5571502f5627,hardhat_kaggle,hardhat_kaggle:hard_hat_workers4916,13,0,0,5571502f562713f106d39024fad54d1a1fa725fc
hardhat_kaggle_47794c400dd3.png,hardhat_kaggle_47794c400dd3,hardhat_kaggle,hardhat_kaggle:hard_hat_workers4917,3,0,0,47794c400dd32a22533043d9164122c00a1ba717
hardhat_kaggle_ac9f33c52f86.png,hardhat_kaggle_ac9f33c52f86,hardhat_kaggle,hardhat_kaggle:hard_hat_workers4918,6,0,0,ac9f33c52f8673bc5b34ce2b7a3ff39caa55d0a7
hardhat_kaggle_134aed51f3bb.png,hardhat_kaggle_134aed51f3bb,hardhat_kaggle,hardhat_kaggle:hard_hat_workers4919,4,0,0,134aed51f3bb358dead4beddd6bfd02b7c06d94f
hardhat_kaggle_548527ff94b9.png,hardhat_kaggle_548527ff94b9,hardhat_kaggle,hardhat_kaggle:hard_hat_workers492,1,0,0,548527ff94b95fcd868546dc5f252428227aa7d3
hardhat_kaggle_c433f0fdce93.png,hardhat_kaggle_c433f0fdce93,hardhat_kaggle,hardhat_kaggle:hard_hat_workers4920,2,0,0,c433f0fdce93e79acc9f042c97f7ab2e21285c9f
hardhat_kaggle_c3f1ae6ef8d2.png,hardhat_kaggle_c3f1ae6ef8d2,hardhat_kaggle,hardhat_kaggle:hard_hat_workers4921,5,0,0,c3f1ae6ef8d23897f6d1787e3a58d9f1e5f23110
hardhat_kaggle_07b2cdece71b.png,hardhat_kaggle_07b2cdece71b,hardhat_kaggle,hardhat_kaggle:hard_hat_workers4922,9,0,0,07b2cdece71b172fd9c579c49b9584ecfac59344
hardhat_kaggle_aef65aac1b47.png,hardhat_kaggle_aef65aac1b47,hardhat_kaggle,hardhat_kaggle:hard_hat_workers4923,4,0,0,aef65aac1b47eade9c141c861ab872f7d87e7135
hardhat_kaggle_6b0888ab4de1.png,hardhat_kaggle_6b0888ab4de1,hardhat_kaggle,hardhat_kaggle:hard_hat_workers4924,10,0,0,6b0888ab4de1e1a71308a33344eb01c39075e4b4
hardhat_kaggle_fd8ae83c636c.png,hardhat_kaggle_fd8ae83c636c,hardhat_kaggle,hardhat_kaggle:hard_hat_workers4925,1,0,0,fd8ae83c636c81a246814ee2cef315e6efc744e9
hardhat_kaggle_d38407ee547d.png,hardhat_kaggle_d38407ee547d,hardhat_kaggle,hardhat_kaggle:hard_hat_workers4926,11,0,0,d38407ee547d14a492321f267abc94ca2d3efa83
hardhat_kaggle_900a904a429c.png,hardhat_kaggle_900a904a429c,hardhat_kaggle,hardhat_kaggle:hard_hat_workers4927,4,0,0,900a904a429cd2802d8cc95909fd0dc880ec4b7b
hardhat_kaggle_a2d257902119.png,hardhat_kaggle_a2d257902119,hardhat_kaggle,hardhat_kaggle:hard_hat_workers4928,8,0,0,a2d257902119e457f1659dd9717fb9bee9390baa
hardhat_kaggle_c8271fb8d084.png,hardhat_kaggle_c8271fb8d084,hardhat_kaggle,hardhat_kaggle:hard_hat_workers4929,2,0,0,c8271fb8d084f18d2e8bd3b4dcf773de90f44894
hardhat_kaggle_067943d76998.png,hardhat_kaggle_067943d76998,hardhat_kaggle,hardhat_kaggle:hard_hat_workers493,7,0,0,067943d769984bafb3ce39a9854f83307bc1a277
hardhat_kaggle_f45824806293.png,hardhat_kaggle_f45824806293,hardhat_kaggle,hardhat_kaggle:hard_hat_workers4930,1,0,0,f458248062939cd1c7bef7d715efb27d91a82232
hardhat_kaggle_69db12b7c1be.png,hardhat_kaggle_69db12b7c1be,hardhat_kaggle,hardhat_kaggle:hard_hat_workers4931,3,0,0,69db12b7c1bef332c784e9686a0016e09a43d657
hardhat_kaggle_8ab6eaa6ab9c.png,hardhat_kaggle_8ab6eaa6ab9c,hardhat_kaggle,hardhat_kaggle:hard_hat_workers4932,7,0,0,8ab6eaa6ab9c1d0b185081d31324d7172f6125ce
hardhat_kaggle_5bbb230bb0a3.png,hardhat_kaggle_5bbb230bb0a3,hardhat_kaggle,hardhat_kaggle:hard_hat_workers4933,2,0,0,5bbb230bb0a3b461bc09dd76c646e5538b6fd3d7
hardhat_kaggle_3a9446ce2b6e.png,hardhat_kaggle_3a9446ce2b6e,hardhat_kaggle,hardhat_kaggle:hard_hat_workers4934,6,0,0,3a9446ce2b6e6acf972682ced2f78046210d2f67
hardhat_kaggle_58f5ff7ea1a9.png,hardhat_kaggle_58f5ff7ea1a9,hardhat_kaggle,hardhat_kaggle:hard_hat_workers4935,3,0,0,58f5ff7ea1a96313c409b38cc1f5d71c5c815ca6
hardhat_kaggle_53dbfe1b7bfb.png,hardhat_kaggle_53dbfe1b7bfb,hardhat_kaggle,hardhat_kaggle:hard_hat_workers4936,1,0,0,53dbfe1b7bfb7a1459e16516bdd53314ea54306a
hardhat_kaggle_29d189312549.png,hardhat_kaggle_29d189312549,hardhat_kaggle,hardhat_kaggle:hard_hat_workers4938,5,0,0,29d189312549e86c58dc96469a572c1d94c04d9f
hardhat_kaggle_80aac16fc9a3.png,hardhat_kaggle_80aac16fc9a3,hardhat_kaggle,hardhat_kaggle:hard_hat_workers494,1,0,0,80aac16fc9a357ca88da62631c37221ccc98a76b
hardhat_kaggle_4252678c403d.png,hardhat_kaggle_4252678c403d,hardhat_kaggle,hardhat_kaggle:hard_hat_workers4940,1,0,0,4252678c403d20ca8a5e7ab7c36de3ae2f13ebf3
hardhat_kaggle_34db58266c31.png,hardhat_kaggle_34db58266c31,hardhat_kaggle,hardhat_kaggle:hard_hat_workers4941,1,0,0,34db58266c317794431ea5789d41bea18f3fbe90
hardhat_kaggle_08dd61479959.png,hardhat_kaggle_08dd61479959,hardhat_kaggle,hardhat_kaggle:hard_hat_workers4942,13,0,0,08dd61479959a32d38afdf0f4734e44084a4937a
hardhat_kaggle_3270dada942f.png,hardhat_kaggle_3270dada942f,hardhat_kaggle,hardhat_kaggle:hard_hat_workers4943,2,0,0,3270dada942fae37f85e1294183a1c3a8e4f1c79
hardhat_kaggle_a7131fcc3aa8.png,hardhat_kaggle_a7131fcc3aa8,hardhat_kaggle,hardhat_kaggle:hard_hat_workers4944,1,0,0,a7131fcc3aa81ba12f9eb139beff0d8f8982328f
hardhat_kaggle_12fe0fb059eb.png,hardhat_kaggle_12fe0fb059eb,hardhat_kaggle,hardhat_kaggle:hard_hat_workers4945,2,0,0,12fe0fb059eba89b1e57e4a825819b4da8c2d1f4
hardhat_kaggle_cecb8ffa98d9.png,hardhat_kaggle_cecb8ffa98d9,hardhat_kaggle,hardhat_kaggle:hard_hat_workers4946,2,0,0,cecb8ffa98d9b029aa2609478d2a656b13b5b0f6
hardhat_kaggle_cf95a0e326d7.png,hardhat_kaggle_cf95a0e326d7,hardhat_kaggle,hardhat_kaggle:hard_hat_workers4947,6,0,0,cf95a0e326d719719908ccaf3bea236b63495846
hardhat_kaggle_c517a1c09013.png,hardhat_kaggle_c517a1c09013,hardhat_kaggle,hardhat_kaggle:hard_hat_workers4948,3,0,0,c517a1c09013b96884031a7351a058f2677aad49
hardhat_kaggle_88d975fe6823.png,hardhat_kaggle_88d975fe6823,hardhat_kaggle,hardhat_kaggle:hard_hat_workers4949,6,0,0,88d975fe68234ad084594c293b51d596bbade8ee
hardhat_kaggle_4a166f300c89.png,hardhat_kaggle_4a166f300c89,hardhat_kaggle,hardhat_kaggle:hard_hat_workers495,6,0,0,4a166f300c89121102b7d05a6cc0290859ef298a
hardhat_kaggle_fa7d0a96d731.png,hardhat_kaggle_fa7d0a96d731,hardhat_kaggle,hardhat_kaggle:hard_hat_workers4950,2,0,0,fa7d0a96d731ba680c9b60edfe241b8b89707ecc
hardhat_kaggle_2c0a109159c5.png,hardhat_kaggle_2c0a109159c5,hardhat_kaggle,hardhat_kaggle:hard_hat_workers4952,1,0,0,2c0a109159c51b35708a8a59e01dc5b7a9093f92
hardhat_kaggle_14216be8f6f5.png,hardhat_kaggle_14216be8f6f5,hardhat_kaggle,hardhat_kaggle:hard_hat_workers4953,6,0,0,14216be8f6f51fbf0abe7d3274bb741d77965055
hardhat_kaggle_e1ac0de8122f.png,hardhat_kaggle_e1ac0de8122f,hardhat_kaggle,hardhat_kaggle:hard_hat_workers4954,2,0,0,e1ac0de8122f3cf5995f16436ef648510db09edd
hardhat_kaggle_4c741613ea7e.png,hardhat_kaggle_4c741613ea7e,hardhat_kaggle,hardhat_kaggle:hard_hat_workers4955,2,0,0,4c741613ea7e7e66703cda20204c25e10b896ade
hardhat_kaggle_50d97de8301d.png,hardhat_kaggle_50d97de8301d,hardhat_kaggle,hardhat_kaggle:hard_hat_workers4956,4,0,0,50d97de8301d4a6a661f22d8b0f4bd1dd6c6d115
hardhat_kaggle_ce09e93ea133.png,hardhat_kaggle_ce09e93ea133,hardhat_kaggle,hardhat_kaggle:hard_hat_workers4957,2,0,0,ce09e93ea133937c0edb0ed3897e5747de5be5e9
hardhat_kaggle_162ea6417f6a.png,hardhat_kaggle_162ea6417f6a,hardhat_kaggle,hardhat_kaggle:hard_hat_workers4958,3,0,0,162ea6417f6aaa0ec2bb78b9e0ab9117412a2728
hardhat_kaggle_aa35415c6dea.png,hardhat_kaggle_aa35415c6dea,hardhat_kaggle,hardhat_kaggle:hard_hat_workers4959,18,0,0,aa35415c6dea264941a277b9d186b8bf3aa7ed08
hardhat_kaggle_c97bab5acc59.png,hardhat_kaggle_c97bab5acc59,hardhat_kaggle,hardhat_kaggle:hard_hat_workers496,7,0,0,c97bab5acc59a018365d63de4b5efeba7ba5c582
hardhat_kaggle_675a79068766.png,hardhat_kaggle_675a79068766,hardhat_kaggle,hardhat_kaggle:hard_hat_workers4960,1,0,0,675a79068766dc09b9ed232575f8000e664c0da8
hardhat_kaggle_3a741ef780a9.png,hardhat_kaggle_3a741ef780a9,hardhat_kaggle,hardhat_kaggle:hard_hat_workers4962,5,0,0,3a741ef780a94b8ac88859cba3224eb7a80597ba
hardhat_kaggle_6022e124dcde.png,hardhat_kaggle_6022e124dcde,hardhat_kaggle,hardhat_kaggle:hard_hat_workers4964,5,0,0,6022e124dcdeb3baf3d7a25e6eb0a7b7577e9887
hardhat_kaggle_6af04ab23a19.png,hardhat_kaggle_6af04ab23a19,hardhat_kaggle,hardhat_kaggle:hard_hat_workers4965,12,0,0,6af04ab23a19058d66a6bf32ac0b59d0f63a5b83
hardhat_kaggle_f3efaa9c3a32.png,hardhat_kaggle_f3efaa9c3a32,hardhat_kaggle,hardhat_kaggle:hard_hat_workers4966,1,0,0,f3efaa9c3a32b2f69de2edbe1d91ec1647f11618
hardhat_kaggle_a8b485d71204.png,hardhat_kaggle_a8b485d71204,hardhat_kaggle,hardhat_kaggle:hard_hat_workers4968,15,0,0,a8b485d71204048f5c8c21b1e4a7c97b9faa312f
hardhat_kaggle_606bb21de352.png,hardhat_kaggle_606bb21de352,hardhat_kaggle,hardhat_kaggle:hard_hat_workers4970,5,0,0,606bb21de35242e1a4b96ae283ae0ee71d989e91
hardhat_kaggle_0b614f16e627.png,hardhat_kaggle_0b614f16e627,hardhat_kaggle,hardhat_kaggle:hard_hat_workers4971,5,0,0,0b614f16e627575ec6b635fa1cbf6bebd9ab70ce
hardhat_kaggle_27d623619e4f.png,hardhat_kaggle_27d623619e4f,hardhat_kaggle,hardhat_kaggle:hard_hat_workers4972,7,0,0,27d623619e4fee22c309d2cb7de3a48b1c1e1f00
hardhat_kaggle_1301089874a3.png,hardhat_kaggle_1301089874a3,hardhat_kaggle,hardhat_kaggle:hard_hat_workers4973,4,0,0,1301089874a36e1d21b09d7cb3f741609d670cc0
hardhat_kaggle_954f9827244a.png,hardhat_kaggle_954f9827244a,hardhat_kaggle,hardhat_kaggle:hard_hat_workers4974,5,0,0,954f9827244a08836739c5a3377d3831234d4f75
hardhat_kaggle_224ae5154fe8.png,hardhat_kaggle_224ae5154fe8,hardhat_kaggle,hardhat_kaggle:hard_hat_workers4975,1,0,0,224ae5154fe894c55088ab52deab7f5c6924d728
hardhat_kaggle_1fdb89376acc.png,hardhat_kaggle_1fdb89376acc,hardhat_kaggle,hardhat_kaggle:hard_hat_workers4976,1,0,0,1fdb89376accec3d2e2cd7f2264ee341fd1ccbcc
hardhat_kaggle_682e1c60f01a.png,hardhat_kaggle_682e1c60f01a,hardhat_kaggle,hardhat_kaggle:hard_hat_workers4977,5,0,0,682e1c60f01ad6acd92c54d3fd28d8b8f4a9d85d
hardhat_kaggle_5d0967feb5ae.png,hardhat_kaggle_5d0967feb5ae,hardhat_kaggle,hardhat_kaggle:hard_hat_workers4978,1,0,0,5d0967feb5ae4874a0da4c428391c0042771b5c3
hardhat_kaggle_bdcaa868ddac.png,hardhat_kaggle_bdcaa868ddac,hardhat_kaggle,hardhat_kaggle:hard_hat_workers4979,2,0,0,bdcaa868ddacaed476468d3cfe7fda01ce760c58
hardhat_kaggle_bb9b4bc35e71.png,hardhat_kaggle_bb9b4bc35e71,hardhat_kaggle,hardhat_kaggle:hard_hat_workers498,2,0,0,bb9b4bc35e71e4b6e9a410925dc1f209d1082203
hardhat_kaggle_dbb1810afa06.png,hardhat_kaggle_dbb1810afa06,hardhat_kaggle,hardhat_kaggle:hard_hat_workers4980,6,0,0,dbb1810afa067bf3483f5c318171337ef24c8c7f
hardhat_kaggle_72b541334dbc.png,hardhat_kaggle_72b541334dbc,hardhat_kaggle,hardhat_kaggle:hard_hat_workers4981,1,0,0,72b541334dbca0ac44dfc7c593ca05782575b68a
hardhat_kaggle_e8911ed97208.png,hardhat_kaggle_e8911ed97208,hardhat_kaggle,hardhat_kaggle:hard_hat_workers4982,5,0,0,e8911ed97208de5a307ad36645e6b038f95455d2
hardhat_kaggle_f1f34758b52e.png,hardhat_kaggle_f1f34758b52e,hardhat_kaggle,hardhat_kaggle:hard_hat_workers4983,3,0,0,f1f34758b52e327166bc89aba3ea1818aa83d8c4
hardhat_kaggle_c5d4e3e8d137.png,hardhat_kaggle_c5d4e3e8d137,hardhat_kaggle,hardhat_kaggle:hard_hat_workers4984,4,0,0,c5d4e3e8d1377ccd4dbb7b1e6c9a1f6e466c7bd6
hardhat_kaggle_f4fcde7e8e6c.png,hardhat_kaggle_f4fcde7e8e6c,hardhat_kaggle,hardhat_kaggle:hard_hat_workers4985,3,0,0,f4fcde7e8e6c56690a5b5cd2042d138890ce47d0
hardhat_kaggle_0828093e08b0.png,hardhat_kaggle_0828093e08b0,hardhat_kaggle,hardhat_kaggle:hard_hat_workers4986,1,0,0,0828093e08b0dd10f60413f43e4c80254babcca6
hardhat_kaggle_12dbb2e3ea7a.png,hardhat_kaggle_12dbb2e3ea7a,hardhat_kaggle,hardhat_kaggle:hard_hat_workers4987,6,0,0,12dbb2e3ea7a27e40bc83985cc06cdebcb769a4f
hardhat_kaggle_245ea1365eb6.png,hardhat_kaggle_245ea1365eb6,hardhat_kaggle,hardhat_kaggle:hard_hat_workers4988,10,0,0,245ea1365eb6e43911bfbde18aadc9d04621f98e
hardhat_kaggle_73a368e531a4.png,hardhat_kaggle_73a368e531a4,hardhat_kaggle,hardhat_kaggle:hard_hat_workers4989,1,0,0,73a368e531a4a710e4ed5e17b3fa36e944e97fe6
hardhat_kaggle_41f3e68909d4.png,hardhat_kaggle_41f3e68909d4,hardhat_kaggle,hardhat_kaggle:hard_hat_workers499,1,0,0,41f3e68909d4da783276435d2f1fda2642aa5720
hardhat_kaggle_ae6fd74f923f.png,hardhat_kaggle_ae6fd74f923f,hardhat_kaggle,hardhat_kaggle:hard_hat_workers4990,1,0,0,ae6fd74f923f9715dd609e86068c642ae560d32d
hardhat_kaggle_bbc948735828.png,hardhat_kaggle_bbc948735828,hardhat_kaggle,hardhat_kaggle:hard_hat_workers4991,5,0,0,bbc948735828734cd49a034aab5d3b0da7f7d36f
hardhat_kaggle_5b27e9314957.png,hardhat_kaggle_5b27e9314957,hardhat_kaggle,hardhat_kaggle:hard_hat_workers4992,2,0,0,5b27e9314957d08c076b1312a53c220fb8c47f76
hardhat_kaggle_f49275cb94be.png,hardhat_kaggle_f49275cb94be,hardhat_kaggle,hardhat_kaggle:hard_hat_workers4993,2,0,0,f49275cb94be27027e1d9a791dacd38a25daec6b
hardhat_kaggle_bb1d4d8cba59.png,hardhat_kaggle_bb1d4d8cba59,hardhat_kaggle,hardhat_kaggle:hard_hat_workers4994,4,0,0,bb1d4d8cba598e39ca87bb0d07f8b70d1d2ecb5d
hardhat_kaggle_dd29be6290a0.png,hardhat_kaggle_dd29be6290a0,hardhat_kaggle,hardhat_kaggle:hard_hat_workers4995,1,0,0,dd29be6290a0454d3c67948cd5d69a3edb3cfd04
hardhat_kaggle_af2164c7e215.png,hardhat_kaggle_af2164c7e215,hardhat_kaggle,hardhat_kaggle:hard_hat_workers4996,4,0,0,af2164c7e215fb90ca41c96fb86d6924925dfa8f
hardhat_kaggle_e5060ee1d8dc.png,hardhat_kaggle_e5060ee1d8dc,hardhat_kaggle,hardhat_kaggle:hard_hat_workers4997,6,0,0,e5060ee1d8dcbbe930dca3ca92af3b862ca11ced
hardhat_kaggle_188a7d779e00.png,hardhat_kaggle_188a7d779e00,hardhat_kaggle,hardhat_kaggle:hard_hat_workers4998,2,0,0,188a7d779e00d350ed5960435ec64fe03f088956
hardhat_kaggle_d363e8ef061c.png,hardhat_kaggle_d363e8ef061c,hardhat_kaggle,hardhat_kaggle:hard_hat_workers4999,1,0,0,d363e8ef061cdd75e366ae0578277bcb3887b308
hardhat_kaggle_d76832f705e0.png,hardhat_kaggle_d76832f705e0,hardhat_kaggle,hardhat_kaggle:hard_hat_workers5,5,0,0,d76832f705e0aae7f360890074abf9afba8703f5
hardhat_kaggle_78fd22f99b60.png,hardhat_kaggle_78fd22f99b60,hardhat_kaggle,hardhat_kaggle:hard_hat_workers50,1,0,0,78fd22f99b60a8058bafa8b02e194d640977cc99
hardhat_kaggle_9b1d428695a8.png,hardhat_kaggle_9b1d428695a8,hardhat_kaggle,hardhat_kaggle:hard_hat_workers500,1,0,0,9b1d428695a85b22c7b365e5c4632180c31abda9
hardhat_kaggle_8e3ccb78718e.png,hardhat_kaggle_8e3ccb78718e,hardhat_kaggle,hardhat_kaggle:hard_hat_workers501,3,0,0,8e3ccb78718e00c8d0a8c5753fd1cd016e3d8729
hardhat_kaggle_00c6a12a2a0a.png,hardhat_kaggle_00c6a12a2a0a,hardhat_kaggle,hardhat_kaggle:hard_hat_workers502,6,0,0,00c6a12a2a0a8c94b959c4ec923efcdbc9b223f2
hardhat_kaggle_c5c24704437e.png,hardhat_kaggle_c5c24704437e,hardhat_kaggle,hardhat_kaggle:hard_hat_workers503,1,0,0,c5c24704437e91da3f90da848b26d62657ea6940
hardhat_kaggle_d53ddfd4999c.png,hardhat_kaggle_d53ddfd4999c,hardhat_kaggle,hardhat_kaggle:hard_hat_workers504,4,0,0,d53ddfd4999c8360b58694c1f33dfec7f48e415b
hardhat_kaggle_dd82bb0dc310.png,hardhat_kaggle_dd82bb0dc310,hardhat_kaggle,hardhat_kaggle:hard_hat_workers505,10,0,0,dd82bb0dc31084ddd0d1393f16a1a79eff2b7dc8
hardhat_kaggle_d8423f9f68c1.png,hardhat_kaggle_d8423f9f68c1,hardhat_kaggle,hardhat_kaggle:hard_hat_workers506,3,0,0,d8423f9f68c1128b2b45a197dcca786f3b2ed325
hardhat_kaggle_a75563969f41.png,hardhat_kaggle_a75563969f41,hardhat_kaggle,hardhat_kaggle:hard_hat_workers507,1,0,0,a75563969f41a75b00ca7ea2add5797c85f9262b
hardhat_kaggle_10c13aa6dcec.png,hardhat_kaggle_10c13aa6dcec,hardhat_kaggle,hardhat_kaggle:hard_hat_workers508,4,0,0,10c13aa6dcec962608b0fdc9f4e4b89130493c38
hardhat_kaggle_8a17f770d90b.png,hardhat_kaggle_8a17f770d90b,hardhat_kaggle,hardhat_kaggle:hard_hat_workers509,8,0,0,8a17f770d90b994536fffbe9719f7867692a57b2
hardhat_kaggle_ae80842bdabf.png,hardhat_kaggle_ae80842bdabf,hardhat_kaggle,hardhat_kaggle:hard_hat_workers51,4,0,0,ae80842bdabfd9f6e7aeb9462f09e63486da6a41
hardhat_kaggle_4d04e6c05f94.png,hardhat_kaggle_4d04e6c05f94,hardhat_kaggle,hardhat_kaggle:hard_hat_workers511,3,0,0,4d04e6c05f94dba25c0c1b12ea053b9f6395255c
hardhat_kaggle_65a6f130880f.png,hardhat_kaggle_65a6f130880f,hardhat_kaggle,hardhat_kaggle:hard_hat_workers512,3,0,0,65a6f130880fd0471e973de9e70b02c17075379b
hardhat_kaggle_49676cb86e18.png,hardhat_kaggle_49676cb86e18,hardhat_kaggle,hardhat_kaggle:hard_hat_workers513,4,0,0,49676cb86e18e06da434c059afc1117d752c1b2e
hardhat_kaggle_6735f71b2248.png,hardhat_kaggle_6735f71b2248,hardhat_kaggle,hardhat_kaggle:hard_hat_workers514,10,0,0,6735f71b22488b9a0a4ca9f62f4a623442b1064d
hardhat_kaggle_8542960e7d86.png,hardhat_kaggle_8542960e7d86,hardhat_kaggle,hardhat_kaggle:hard_hat_workers515,1,0,0,8542960e7d862d315d0bbd8111ee94ac312cc931
hardhat_kaggle_a3f2048a3b95.png,hardhat_kaggle_a3f2048a3b95,hardhat_kaggle,hardhat_kaggle:hard_hat_workers516,2,0,0,a3f2048a3b9546dcd1be80f06d00c0392a5cad48
hardhat_kaggle_25e75c839ed6.png,hardhat_kaggle_25e75c839ed6,hardhat_kaggle,hardhat_kaggle:hard_hat_workers517,3,0,0,25e75c839ed679c109bf332c535ed03f73b7c5b7
hardhat_kaggle_935e36512f56.png,hardhat_kaggle_935e36512f56,hardhat_kaggle,hardhat_kaggle:hard_hat_workers518,3,0,0,935e36512f563025e32a1c6189941d609c0afeff
hardhat_kaggle_b549d8830363.png,hardhat_kaggle_b549d8830363,hardhat_kaggle,hardhat_kaggle:hard_hat_workers519,6,0,0,b549d883036332899dc21329fa29d74b814913d4
hardhat_kaggle_243de1f8f057.png,hardhat_kaggle_243de1f8f057,hardhat_kaggle,hardhat_kaggle:hard_hat_workers52,31,0,0,243de1f8f057d9cf1f51b558dd70c1c0fcd4eae8
hardhat_kaggle_03d5bf713d0f.png,hardhat_kaggle_03d5bf713d0f,hardhat_kaggle,hardhat_kaggle:hard_hat_workers520,3,0,0,03d5bf713d0fd46d8b3a27e25ab2e1b4d9d46da7
hardhat_kaggle_0f8ef0f69dac.png,hardhat_kaggle_0f8ef0f69dac,hardhat_kaggle,hardhat_kaggle:hard_hat_workers521,4,0,0,0f8ef0f69dac54d08e82c0660e39eca54efc7713
hardhat_kaggle_ace2401d6d29.png,hardhat_kaggle_ace2401d6d29,hardhat_kaggle,hardhat_kaggle:hard_hat_workers523,4,0,0,ace2401d6d291682bdff6ae6c64cc9bc14ba560c
hardhat_kaggle_e53b9045da61.png,hardhat_kaggle_e53b9045da61,hardhat_kaggle,hardhat_kaggle:hard_hat_workers524,1,0,0,e53b9045da61bf1eb36bfd0e68bb253edc2e874c
hardhat_kaggle_877a50537d72.png,hardhat_kaggle_877a50537d72,hardhat_kaggle,hardhat_kaggle:hard_hat_workers525,3,0,0,877a50537d721bce995eb27a917f47c1e8945956
hardhat_kaggle_cb6ddf0af23f.png,hardhat_kaggle_cb6ddf0af23f,hardhat_kaggle,hardhat_kaggle:hard_hat_workers526,4,0,0,cb6ddf0af23fabc804eedc062032628d144ee129
hardhat_kaggle_c548cbc00809.png,hardhat_kaggle_c548cbc00809,hardhat_kaggle,hardhat_kaggle:hard_hat_workers527,4,0,0,c548cbc00809d4cc89658cc7612bd6467521900d
hardhat_kaggle_81ee45210171.png,hardhat_kaggle_81ee45210171,hardhat_kaggle,hardhat_kaggle:hard_hat_workers528,6,0,0,81ee452101713bbd6df9882c448d29083a2a2542
hardhat_kaggle_fcef9ac6a1da.png,hardhat_kaggle_fcef9ac6a1da,hardhat_kaggle,hardhat_kaggle:hard_hat_workers529,4,0,0,fcef9ac6a1daf39bae6af53d658d0747cbbf1fd0
hardhat_kaggle_ca501e0709a9.png,hardhat_kaggle_ca501e0709a9,hardhat_kaggle,hardhat_kaggle:hard_hat_workers530,8,0,0,ca501e0709a9f799651a9887c89eea7326a0fcc0
hardhat_kaggle_b40db5ab84ca.png,hardhat_kaggle_b40db5ab84ca,hardhat_kaggle,hardhat_kaggle:hard_hat_workers531,4,0,0,b40db5ab84ca2ac630206fb6fe4709fb1ab8fa2a
hardhat_kaggle_118da4801240.png,hardhat_kaggle_118da4801240,hardhat_kaggle,hardhat_kaggle:hard_hat_workers532,1,0,0,118da4801240e293b1809926a52fc5912de83100
hardhat_kaggle_03ad06661cbe.png,hardhat_kaggle_03ad06661cbe,hardhat_kaggle,hardhat_kaggle:hard_hat_workers533,2,0,0,03ad06661cbe8b32ab012e2a0f6877336e0d4104
hardhat_kaggle_965c80c417f5.png,hardhat_kaggle_965c80c417f5,hardhat_kaggle,hardhat_kaggle:hard_hat_workers534,3,0,0,965c80c417f5ad3d3eca8cd9358ebddb17a6d750
hardhat_kaggle_104d97bf4358.png,hardhat_kaggle_104d97bf4358,hardhat_kaggle,hardhat_kaggle:hard_hat_workers535,1,0,0,104d97bf4358159d79ab9fbc7c58bd9c47d5e88e
hardhat_kaggle_419455de9a93.png,hardhat_kaggle_419455de9a93,hardhat_kaggle,hardhat_kaggle:hard_hat_workers537,4,0,0,419455de9a93cfffb4713d8a1a096209e67613d6
hardhat_kaggle_9146fcc5a7c6.png,hardhat_kaggle_9146fcc5a7c6,hardhat_kaggle,hardhat_kaggle:hard_hat_workers538,3,0,0,9146fcc5a7c67390bdd49af6bf2dd418222eeb2d
hardhat_kaggle_3746d2fb2489.png,hardhat_kaggle_3746d2fb2489,hardhat_kaggle,hardhat_kaggle:hard_hat_workers539,2,0,0,3746d2fb2489dc5bcd333303b55c389bc44b23fe
hardhat_kaggle_3453c1904b00.png,hardhat_kaggle_3453c1904b00,hardhat_kaggle,hardhat_kaggle:hard_hat_workers540,4,0,0,3453c1904b007a3d2095fff826a23859edb47149
hardhat_kaggle_b121f89e4518.png,hardhat_kaggle_b121f89e4518,hardhat_kaggle,hardhat_kaggle:hard_hat_workers541,4,0,0,b121f89e4518094a412e44d6ea39283e9cca26a5
hardhat_kaggle_a5175a312a6f.png,hardhat_kaggle_a5175a312a6f,hardhat_kaggle,hardhat_kaggle:hard_hat_workers542,6,0,0,a5175a312a6fce02d4045dea2026fa6f37a1e591
hardhat_kaggle_0e97e7fdba70.png,hardhat_kaggle_0e97e7fdba70,hardhat_kaggle,hardhat_kaggle:hard_hat_workers543,1,0,0,0e97e7fdba70d833dd906f8fe6dfd9de6b48365e
hardhat_kaggle_57dfab2aae57.png,hardhat_kaggle_57dfab2aae57,hardhat_kaggle,hardhat_kaggle:hard_hat_workers544,5,0,0,57dfab2aae57e48719dd236755c69dab96665594
hardhat_kaggle_5cea1388e7e1.png,hardhat_kaggle_5cea1388e7e1,hardhat_kaggle,hardhat_kaggle:hard_hat_workers545,12,0,0,5cea1388e7e1c9a4a68cb2151d718ed001e1d03c
hardhat_kaggle_66091b6098e9.png,hardhat_kaggle_66091b6098e9,hardhat_kaggle,hardhat_kaggle:hard_hat_workers546,1,0,0,66091b6098e91771e894c55ac5c2c89dd5b215a7
hardhat_kaggle_f790d999285b.png,hardhat_kaggle_f790d999285b,hardhat_kaggle,hardhat_kaggle:hard_hat_workers547,2,0,0,f790d999285b188a6824ae329ebae0382d2ad001
hardhat_kaggle_d357a8c39f78.png,hardhat_kaggle_d357a8c39f78,hardhat_kaggle,hardhat_kaggle:hard_hat_workers548,2,0,0,d357a8c39f78a31babc1b6f2c431ee73e48f0f42
hardhat_kaggle_402e05b374a3.png,hardhat_kaggle_402e05b374a3,hardhat_kaggle,hardhat_kaggle:hard_hat_workers549,1,0,0,402e05b374a3b48eacf45362aa259658e5ab4d4b
hardhat_kaggle_64b22cd08160.png,hardhat_kaggle_64b22cd08160,hardhat_kaggle,hardhat_kaggle:hard_hat_workers55,6,0,0,64b22cd0816010eac14f1fc3f04ebd812630eaeb
hardhat_kaggle_404169d6f7ab.png,hardhat_kaggle_404169d6f7ab,hardhat_kaggle,hardhat_kaggle:hard_hat_workers550,2,0,0,404169d6f7ab1d7be1de637ca2deb9ac3081d414
hardhat_kaggle_8bd448832e62.png,hardhat_kaggle_8bd448832e62,hardhat_kaggle,hardhat_kaggle:hard_hat_workers551,1,0,0,8bd448832e6260587c1e4f717dcb9e3c162d68b3
hardhat_kaggle_9d27601dd9da.png,hardhat_kaggle_9d27601dd9da,hardhat_kaggle,hardhat_kaggle:hard_hat_workers552,7,0,0,9d27601dd9daa801d9464b5f98175919df5eb1de
hardhat_kaggle_1b76491dd68e.png,hardhat_kaggle_1b76491dd68e,hardhat_kaggle,hardhat_kaggle:hard_hat_workers553,5,0,0,1b76491dd68eacd2ce3867fe995ab99ddb9e71c6
hardhat_kaggle_05190aa40673.png,hardhat_kaggle_05190aa40673,hardhat_kaggle,hardhat_kaggle:hard_hat_workers554,1,0,0,05190aa40673c555f5fd9da94fa7e13bc5f6a9d7
hardhat_kaggle_aeacaa6ab24a.png,hardhat_kaggle_aeacaa6ab24a,hardhat_kaggle,hardhat_kaggle:hard_hat_workers556,2,0,0,aeacaa6ab24a27cc3f9e9fc43c45091b5862aff0
hardhat_kaggle_647b26d64559.png,hardhat_kaggle_647b26d64559,hardhat_kaggle,hardhat_kaggle:hard_hat_workers557,10,0,0,647b26d64559f329ff4b0105eccc108adaa5e29c
hardhat_kaggle_a6d37d3c1cbc.png,hardhat_kaggle_a6d37d3c1cbc,hardhat_kaggle,hardhat_kaggle:hard_hat_workers558,9,0,0,a6d37d3c1cbc50367cb348cf885750a5a151c84d
hardhat_kaggle_f93512050b56.png,hardhat_kaggle_f93512050b56,hardhat_kaggle,hardhat_kaggle:hard_hat_workers559,3,0,0,f93512050b56dc38081e870c4aaaa48a86f0d8f2
hardhat_kaggle_231e41204abe.png,hardhat_kaggle_231e41204abe,hardhat_kaggle,hardhat_kaggle:hard_hat_workers56,2,0,0,231e41204abee023e79a41c8028eaee14a42383c
hardhat_kaggle_5a2107c6b1fa.png,hardhat_kaggle_5a2107c6b1fa,hardhat_kaggle,hardhat_kaggle:hard_hat_workers560,4,0,0,5a2107c6b1fa65e12229c076e1803cd9f622820b
hardhat_kaggle_fdb338b937a8.png,hardhat_kaggle_fdb338b937a8,hardhat_kaggle,hardhat_kaggle:hard_hat_workers562,3,0,0,fdb338b937a820c176022b64939d58004e62a250
hardhat_kaggle_dac865b10889.png,hardhat_kaggle_dac865b10889,hardhat_kaggle,hardhat_kaggle:hard_hat_workers563,1,0,0,dac865b10889a6c146bd6ab41b2e4f6a4dabf58b
hardhat_kaggle_41f9f687ea25.png,hardhat_kaggle_41f9f687ea25,hardhat_kaggle,hardhat_kaggle:hard_hat_workers565,8,0,0,41f9f687ea258e937a391c0b8e2bf039a9d57a8b
hardhat_kaggle_ea138bf23027.png,hardhat_kaggle_ea138bf23027,hardhat_kaggle,hardhat_kaggle:hard_hat_workers566,2,0,0,ea138bf230277c1f9c6decba9ac4b37f9a606008
hardhat_kaggle_01cb8b7c8ddd.png,hardhat_kaggle_01cb8b7c8ddd,hardhat_kaggle,hardhat_kaggle:hard_hat_workers567,2,0,0,01cb8b7c8ddd1c684f8b481ffe0f88e5fe4ba148
hardhat_kaggle_01de9e365bb7.png,hardhat_kaggle_01de9e365bb7,hardhat_kaggle,hardhat_kaggle:hard_hat_workers568,2,0,0,01de9e365bb753f43ecab24f43579fc8e4e51419
hardhat_kaggle_411ce23416ee.png,hardhat_kaggle_411ce23416ee,hardhat_kaggle,hardhat_kaggle:hard_hat_workers569,2,0,0,411ce23416eebde9d2e12d51eb993c6b2bda5da8
hardhat_kaggle_afcab51cb34d.png,hardhat_kaggle_afcab51cb34d,hardhat_kaggle,hardhat_kaggle:hard_hat_workers57,8,0,0,afcab51cb34dd646e7882cdb0bedf3ec3598da3a
hardhat_kaggle_b53645ad6c29.png,hardhat_kaggle_b53645ad6c29,hardhat_kaggle,hardhat_kaggle:hard_hat_workers570,4,0,0,b53645ad6c29db4263be033c1f0d93360fac8c73
hardhat_kaggle_85055df73ea2.png,hardhat_kaggle_85055df73ea2,hardhat_kaggle,hardhat_kaggle:hard_hat_workers571,5,0,0,85055df73ea287500ddb9fd8d0c6cb0a053278d9
hardhat_kaggle_2b102373fe58.png,hardhat_kaggle_2b102373fe58,hardhat_kaggle,hardhat_kaggle:hard_hat_workers572,2,0,0,2b102373fe58651eab217c76f7dca7717a6f6461
hardhat_kaggle_6f8771f2ba67.png,hardhat_kaggle_6f8771f2ba67,hardhat_kaggle,hardhat_kaggle:hard_hat_workers573,1,0,0,6f8771f2ba67473ffb0903b73ed342bc9122f7cf
hardhat_kaggle_3564dc4bcd0c.png,hardhat_kaggle_3564dc4bcd0c,hardhat_kaggle,hardhat_kaggle:hard_hat_workers575,3,0,0,3564dc4bcd0c34dfcd7efbac2bcb61868de63383
hardhat_kaggle_b90271ae2ee6.png,hardhat_kaggle_b90271ae2ee6,hardhat_kaggle,hardhat_kaggle:hard_hat_workers577,2,0,0,b90271ae2ee6f63160d8456f3a3b2434ea8fef41
hardhat_kaggle_f29b4cc1104b.png,hardhat_kaggle_f29b4cc1104b,hardhat_kaggle,hardhat_kaggle:hard_hat_workers578,4,0,0,f29b4cc1104bccc1dcd6fc43841155aeaa155c9d
hardhat_kaggle_4b8f3f48ae06.png,hardhat_kaggle_4b8f3f48ae06,hardhat_kaggle,hardhat_kaggle:hard_hat_workers58,2,0,0,4b8f3f48ae06f61833dd45a6bebd7cdb0e721f37
hardhat_kaggle_e587b0c78808.png,hardhat_kaggle_e587b0c78808,hardhat_kaggle,hardhat_kaggle:hard_hat_workers581,2,0,0,e587b0c7880857e20c6e350b33abff43bdc16bb5
hardhat_kaggle_d1dd09cb1dd9.png,hardhat_kaggle_d1dd09cb1dd9,hardhat_kaggle,hardhat_kaggle:hard_hat_workers582,2,0,0,d1dd09cb1dd95b93ea58b6697621125d97ea8a60
hardhat_kaggle_ad0221b1f6ee.png,hardhat_kaggle_ad0221b1f6ee,hardhat_kaggle,hardhat_kaggle:hard_hat_workers583,5,0,0,ad0221b1f6eee16c5a96bc99b59ea96f90f66865
hardhat_kaggle_f1ec6be75f3b.png,hardhat_kaggle_f1ec6be75f3b,hardhat_kaggle,hardhat_kaggle:hard_hat_workers584,6,0,0,f1ec6be75f3bfafea012143472677f2b01530107
hardhat_kaggle_7ba7398e35c0.png,hardhat_kaggle_7ba7398e35c0,hardhat_kaggle,hardhat_kaggle:hard_hat_workers585,2,0,0,7ba7398e35c08747dc94c4e1381c2b5e4ebb4836
hardhat_kaggle_1e3275f77376.png,hardhat_kaggle_1e3275f77376,hardhat_kaggle,hardhat_kaggle:hard_hat_workers586,1,0,0,1e3275f77376d8c69dbeeb658aa85e3e6906c606
hardhat_kaggle_f39933aeb189.png,hardhat_kaggle_f39933aeb189,hardhat_kaggle,hardhat_kaggle:hard_hat_workers587,7,0,0,f39933aeb1891f8f46a2717c3c91c19f2d821fcc
hardhat_kaggle_06a01ae88b78.png,hardhat_kaggle_06a01ae88b78,hardhat_kaggle,hardhat_kaggle:hard_hat_workers588,1,0,0,06a01ae88b78073c86536b772011eb443fde1f5f
hardhat_kaggle_6f1e786b3466.png,hardhat_kaggle_6f1e786b3466,hardhat_kaggle,hardhat_kaggle:hard_hat_workers589,4,0,0,6f1e786b34661ad6db71b896afa93b8b55d5d22e
hardhat_kaggle_d0f1a9258c83.png,hardhat_kaggle_d0f1a9258c83,hardhat_kaggle,hardhat_kaggle:hard_hat_workers59,1,0,0,d0f1a9258c831bfb80c1f90b343cc40ea8f6c28e
hardhat_kaggle_9c78324d434c.png,hardhat_kaggle_9c78324d434c,hardhat_kaggle,hardhat_kaggle:hard_hat_workers590,2,0,0,9c78324d434cd98273986cf6f6b81fe853570fda
hardhat_kaggle_45ede7b91ce9.png,hardhat_kaggle_45ede7b91ce9,hardhat_kaggle,hardhat_kaggle:hard_hat_workers591,8,0,0,45ede7b91ce9dc1888e1ce80816c481bbe646515
hardhat_kaggle_cbe4f1e57502.png,hardhat_kaggle_cbe4f1e57502,hardhat_kaggle,hardhat_kaggle:hard_hat_workers592,4,0,0,cbe4f1e57502ddbd3a422567bb5fbdba87ef5995
hardhat_kaggle_337fa57be387.png,hardhat_kaggle_337fa57be387,hardhat_kaggle,hardhat_kaggle:hard_hat_workers593,7,0,0,337fa57be387551a2400e0785156e108ad7345fd
hardhat_kaggle_38f639a0ffd9.png,hardhat_kaggle_38f639a0ffd9,hardhat_kaggle,hardhat_kaggle:hard_hat_workers594,3,0,0,38f639a0ffd92aaccfc652f40a56127616f31819
hardhat_kaggle_a15e2a21e18e.png,hardhat_kaggle_a15e2a21e18e,hardhat_kaggle,hardhat_kaggle:hard_hat_workers595,10,0,0,a15e2a21e18e11ac64b6bfd316daf7e33f38b7bf
hardhat_kaggle_39f56921d039.png,hardhat_kaggle_39f56921d039,hardhat_kaggle,hardhat_kaggle:hard_hat_workers596,9,0,0,39f56921d039fb98d89ee7a906cb203be49dd2d3
hardhat_kaggle_abcb1d2fefb0.png,hardhat_kaggle_abcb1d2fefb0,hardhat_kaggle,hardhat_kaggle:hard_hat_workers597,8,0,0,abcb1d2fefb0672b16f480bda5e2da7c02d328db
hardhat_kaggle_60df798db410.png,hardhat_kaggle_60df798db410,hardhat_kaggle,hardhat_kaggle:hard_hat_workers598,1,0,0,60df798db410efbb0ffadb7c4b11d7c9c497f61f
hardhat_kaggle_5efa995caabe.png,hardhat_kaggle_5efa995caabe,hardhat_kaggle,hardhat_kaggle:hard_hat_workers599,3,0,0,5efa995caabe8b1bd71af66d5233d7a2f09ac0d9
hardhat_kaggle_61375fad4460.png,hardhat_kaggle_61375fad4460,hardhat_kaggle,hardhat_kaggle:hard_hat_workers6,2,0,0,61375fad44607b0d1c52c2b841a4d68d4a57a077
hardhat_kaggle_2d8994f94d69.png,hardhat_kaggle_2d8994f94d69,hardhat_kaggle,hardhat_kaggle:hard_hat_workers60,3,0,0,2d8994f94d69c9bd0e33e60871dcc4c89945a670
hardhat_kaggle_93f94200213b.png,hardhat_kaggle_93f94200213b,hardhat_kaggle,hardhat_kaggle:hard_hat_workers600,1,0,0,93f94200213b933e20c3cfb877dfcb2a2a616bbf
hardhat_kaggle_064fb94b50a1.png,hardhat_kaggle_064fb94b50a1,hardhat_kaggle,hardhat_kaggle:hard_hat_workers601,4,0,0,064fb94b50a1170c7d6eababd7fcbf59022b24ed
hardhat_kaggle_c7019cc8f325.png,hardhat_kaggle_c7019cc8f325,hardhat_kaggle,hardhat_kaggle:hard_hat_workers602,4,0,0,c7019cc8f325c23b5ad62ae4aa448d1c6ec03908
hardhat_kaggle_58bd48a392fb.png,hardhat_kaggle_58bd48a392fb,hardhat_kaggle,hardhat_kaggle:hard_hat_workers603,4,0,0,58bd48a392fb0af2058e0ce87fa22136509651db
hardhat_kaggle_d2bdfd71796d.png,hardhat_kaggle_d2bdfd71796d,hardhat_kaggle,hardhat_kaggle:hard_hat_workers604,4,0,0,d2bdfd71796d2e36c5b1b2358db7079f1967acae
hardhat_kaggle_cb82e89ef8bf.png,hardhat_kaggle_cb82e89ef8bf,hardhat_kaggle,hardhat_kaggle:hard_hat_workers605,4,0,0,cb82e89ef8bf4d18c54dea01a3a28dd5ec21ea70
hardhat_kaggle_a5d033a2b1cd.png,hardhat_kaggle_a5d033a2b1cd,hardhat_kaggle,hardhat_kaggle:hard_hat_workers607,4,0,0,a5d033a2b1cd8d1b7144916c98493c70b9f698f5
hardhat_kaggle_25814678c1c6.png,hardhat_kaggle_25814678c1c6,hardhat_kaggle,hardhat_kaggle:hard_hat_workers608,9,0,0,25814678c1c6c1b78af63849c8a084b007b9cc32
hardhat_kaggle_718c7ae698b4.png,hardhat_kaggle_718c7ae698b4,hardhat_kaggle,hardhat_kaggle:hard_hat_workers609,4,0,0,718c7ae698b4ae05cfe7b4b2f510ef3918c44288
hardhat_kaggle_adcb2c7101e2.png,hardhat_kaggle_adcb2c7101e2,hardhat_kaggle,hardhat_kaggle:hard_hat_workers61,8,0,0,adcb2c7101e29bf9e2c42c41dc4fdaef83c0eb4f
hardhat_kaggle_458624dd21d5.png,hardhat_kaggle_458624dd21d5,hardhat_kaggle,hardhat_kaggle:hard_hat_workers610,3,0,0,458624dd21d528adb6eb1837f18dc87b001131c3
hardhat_kaggle_6de9ea1464cc.png,hardhat_kaggle_6de9ea1464cc,hardhat_kaggle,hardhat_kaggle:hard_hat_workers611,1,0,0,6de9ea1464cc76003fd57bae8934eb2b5bb64af1
hardhat_kaggle_8143e954aa69.png,hardhat_kaggle_8143e954aa69,hardhat_kaggle,hardhat_kaggle:hard_hat_workers612,3,0,0,8143e954aa69aaf0a7bb09d6a24ffde58f18fef6
hardhat_kaggle_61ee3b8295e9.png,hardhat_kaggle_61ee3b8295e9,hardhat_kaggle,hardhat_kaggle:hard_hat_workers614,2,0,0,61ee3b8295e9e18dbea3b3e8897178b1bfc915a6
hardhat_kaggle_eba9b91a7f28.png,hardhat_kaggle_eba9b91a7f28,hardhat_kaggle,hardhat_kaggle:hard_hat_workers615,1,0,0,eba9b91a7f28f645ac8236ebd34bd4eecb579d4e
hardhat_kaggle_4365f2cca13c.png,hardhat_kaggle_4365f2cca13c,hardhat_kaggle,hardhat_kaggle:hard_hat_workers616,4,0,0,4365f2cca13c3cc39918f6daa3c08625312fdb1d
hardhat_kaggle_8781b223daec.png,hardhat_kaggle_8781b223daec,hardhat_kaggle,hardhat_kaggle:hard_hat_workers617,12,0,0,8781b223daec167c09141ffd84d810614b6b39b6
hardhat_kaggle_1a35b805b718.png,hardhat_kaggle_1a35b805b718,hardhat_kaggle,hardhat_kaggle:hard_hat_workers618,3,0,0,1a35b805b718d7001bf03ef830dbcd7cc4de3b69
hardhat_kaggle_ff99df941af4.png,hardhat_kaggle_ff99df941af4,hardhat_kaggle,hardhat_kaggle:hard_hat_workers619,2,0,0,ff99df941af4709997abe51a5ae13e5b792aa50a
hardhat_kaggle_3d58d75b1f19.png,hardhat_kaggle_3d58d75b1f19,hardhat_kaggle,hardhat_kaggle:hard_hat_workers62,1,0,0,3d58d75b1f19df245cb74d4b52c1d9919539534c
hardhat_kaggle_6cfac68c42f5.png,hardhat_kaggle_6cfac68c42f5,hardhat_kaggle,hardhat_kaggle:hard_hat_workers620,6,0,0,6cfac68c42f5b3b68e11d6d01693e7921040ed30
hardhat_kaggle_519781c8719e.png,hardhat_kaggle_519781c8719e,hardhat_kaggle,hardhat_kaggle:hard_hat_workers621,4,0,0,519781c8719ec87c64fed13f6f834b31e511d1af
hardhat_kaggle_e797f9086161.png,hardhat_kaggle_e797f9086161,hardhat_kaggle,hardhat_kaggle:hard_hat_workers622,1,0,0,e797f908616150d007f422a69b876b53724a69d2
hardhat_kaggle_6228430a98f7.png,hardhat_kaggle_6228430a98f7,hardhat_kaggle,hardhat_kaggle:hard_hat_workers623,1,0,0,6228430a98f70d27d02f904b7983acbe808129d3
hardhat_kaggle_74df6baa9589.png,hardhat_kaggle_74df6baa9589,hardhat_kaggle,hardhat_kaggle:hard_hat_workers624,5,0,0,74df6baa9589924c8d70d2a48ecd8ac336ba7899
hardhat_kaggle_db5a26b29acc.png,hardhat_kaggle_db5a26b29acc,hardhat_kaggle,hardhat_kaggle:hard_hat_workers625,3,0,0,db5a26b29acc1e0df345cc1044b3b2ea37c099c3
hardhat_kaggle_dede5b99547d.png,hardhat_kaggle_dede5b99547d,hardhat_kaggle,hardhat_kaggle:hard_hat_workers626,3,0,0,dede5b99547de7ed3a2c6cbcacfc7a42efcf2a10
hardhat_kaggle_d739c4ce63f5.png,hardhat_kaggle_d739c4ce63f5,hardhat_kaggle,hardhat_kaggle:hard_hat_workers627,6,0,0,d739c4ce63f57a25d4f148072326a83edfe2b405
hardhat_kaggle_5d06cb94d280.png,hardhat_kaggle_5d06cb94d280,hardhat_kaggle,hardhat_kaggle:hard_hat_workers628,3,0,0,5d06cb94d280fafaa6f23ce8bfd3d55696023105
hardhat_kaggle_6ae0a5190473.png,hardhat_kaggle_6ae0a5190473,hardhat_kaggle,hardhat_kaggle:hard_hat_workers629,3,0,0,6ae0a5190473d14091e1c33e455f51cb610fbf8f
hardhat_kaggle_99beeedf7e97.png,hardhat_kaggle_99beeedf7e97,hardhat_kaggle,hardhat_kaggle:hard_hat_workers63,3,0,0,99beeedf7e975e00b60997eb9e542d75ac369c37
hardhat_kaggle_296dd1242f11.png,hardhat_kaggle_296dd1242f11,hardhat_kaggle,hardhat_kaggle:hard_hat_workers630,1,0,0,296dd1242f112141c727c4caf429534a85bbd4cb
hardhat_kaggle_4a3f5300df66.png,hardhat_kaggle_4a3f5300df66,hardhat_kaggle,hardhat_kaggle:hard_hat_workers631,4,0,0,4a3f5300df6616c503db76b32aee174cb4fdb6d8
hardhat_kaggle_bb38d7822e6e.png,hardhat_kaggle_bb38d7822e6e,hardhat_kaggle,hardhat_kaggle:hard_hat_workers632,5,0,0,bb38d7822e6e347b49bb75a07eeed08539bc7091
hardhat_kaggle_f359427a456e.png,hardhat_kaggle_f359427a456e,hardhat_kaggle,hardhat_kaggle:hard_hat_workers633,2,0,0,f359427a456e2acc55b138929d2bed44b3648924
hardhat_kaggle_611a6ef93343.png,hardhat_kaggle_611a6ef93343,hardhat_kaggle,hardhat_kaggle:hard_hat_workers634,3,0,0,611a6ef9334355468c9121c3e60ac059c4db5f0e
hardhat_kaggle_ce2ab32ea24b.png,hardhat_kaggle_ce2ab32ea24b,hardhat_kaggle,hardhat_kaggle:hard_hat_workers635,3,0,0,ce2ab32ea24b219df658c5b23687880ad22de83c
hardhat_kaggle_6fffad697b05.png,hardhat_kaggle_6fffad697b05,hardhat_kaggle,hardhat_kaggle:hard_hat_workers636,2,0,0,6fffad697b05f922810768d38157d51864f18fa0
hardhat_kaggle_28a4cee879a5.png,hardhat_kaggle_28a4cee879a5,hardhat_kaggle,hardhat_kaggle:hard_hat_workers637,5,0,0,28a4cee879a58423f5387a776f79a8ae65778088
hardhat_kaggle_3d73f75d5f63.png,hardhat_kaggle_3d73f75d5f63,hardhat_kaggle,hardhat_kaggle:hard_hat_workers638,2,0,0,3d73f75d5f63ea8d830431f0b6b42d8c34d5bf81
hardhat_kaggle_9d902ef7f223.png,hardhat_kaggle_9d902ef7f223,hardhat_kaggle,hardhat_kaggle:hard_hat_workers639,2,0,0,9d902ef7f2238d3cd6a0ed6a32e4655fe85a8ac0
hardhat_kaggle_e407ac30ac3b.png,hardhat_kaggle_e407ac30ac3b,hardhat_kaggle,hardhat_kaggle:hard_hat_workers64,2,0,0,e407ac30ac3bc04fc2e7cfddb1e83f6746ee28cd
hardhat_kaggle_633325ea5c81.png,hardhat_kaggle_633325ea5c81,hardhat_kaggle,hardhat_kaggle:hard_hat_workers641,1,0,0,633325ea5c819352bc7557ae07775fce1db13999
hardhat_kaggle_740d0e0d974b.png,hardhat_kaggle_740d0e0d974b,hardhat_kaggle,hardhat_kaggle:hard_hat_workers642,2,0,0,740d0e0d974ba424c68f338853cc9da1e46e516c
hardhat_kaggle_0d853073de80.png,hardhat_kaggle_0d853073de80,hardhat_kaggle,hardhat_kaggle:hard_hat_workers643,1,0,0,0d853073de809fc621e32a03be4035174846e34b
hardhat_kaggle_248a2cb82bb1.png,hardhat_kaggle_248a2cb82bb1,hardhat_kaggle,hardhat_kaggle:hard_hat_workers644,3,0,0,248a2cb82bb18965b91915bacb086a8465c5f0a9
hardhat_kaggle_a74af1878e71.png,hardhat_kaggle_a74af1878e71,hardhat_kaggle,hardhat_kaggle:hard_hat_workers645,2,0,0,a74af1878e719d437beb9dc3076c4ed63cbae399
hardhat_kaggle_238e4046ce41.png,hardhat_kaggle_238e4046ce41,hardhat_kaggle,hardhat_kaggle:hard_hat_workers646,4,0,0,238e4046ce415fe6ccea6a9a642a330cfc20a0a0
hardhat_kaggle_aa875c3073c2.png,hardhat_kaggle_aa875c3073c2,hardhat_kaggle,hardhat_kaggle:hard_hat_workers647,1,0,0,aa875c3073c25a7dccd08a8949c4f37d7fe99c63
hardhat_kaggle_1ca7fe36ceac.png,hardhat_kaggle_1ca7fe36ceac,hardhat_kaggle,hardhat_kaggle:hard_hat_workers648,4,0,0,1ca7fe36ceac10b0785974b24e97d1caaec4868c
hardhat_kaggle_cc3173be1c9d.png,hardhat_kaggle_cc3173be1c9d,hardhat_kaggle,hardhat_kaggle:hard_hat_workers649,8,0,0,cc3173be1c9d2c7a2fc015cbf918b940680377f9
hardhat_kaggle_ab75250a9513.png,hardhat_kaggle_ab75250a9513,hardhat_kaggle,hardhat_kaggle:hard_hat_workers65,4,0,0,ab75250a95138800a152fd68da32ca4c975c1964
hardhat_kaggle_3802a80816b8.png,hardhat_kaggle_3802a80816b8,hardhat_kaggle,hardhat_kaggle:hard_hat_workers650,9,0,0,3802a80816b836a2fcfe2c64d5d2e37847ce027d
hardhat_kaggle_db97c885bcf8.png,hardhat_kaggle_db97c885bcf8,hardhat_kaggle,hardhat_kaggle:hard_hat_workers651,2,0,0,db97c885bcf8cae7ee49ac9c458eba33bda5b164
hardhat_kaggle_8582cc4c3dc0.png,hardhat_kaggle_8582cc4c3dc0,hardhat_kaggle,hardhat_kaggle:hard_hat_workers652,2,0,0,8582cc4c3dc091484c4dba2521e4d84ebb1a356e
hardhat_kaggle_ae6251de5634.png,hardhat_kaggle_ae6251de5634,hardhat_kaggle,hardhat_kaggle:hard_hat_workers653,4,0,0,ae6251de56349099833e4472e9b998c1e6b7dd2e
hardhat_kaggle_bfce0aee2940.png,hardhat_kaggle_bfce0aee2940,hardhat_kaggle,hardhat_kaggle:hard_hat_workers654,1,0,0,bfce0aee294079ee0202bd27e0ca68554e29b3b5
hardhat_kaggle_e7665971ce6d.png,hardhat_kaggle_e7665971ce6d,hardhat_kaggle,hardhat_kaggle:hard_hat_workers655,17,0,0,e7665971ce6dff36bbc4e54f399cda93cd2ca6ee
hardhat_kaggle_eb7bdf407054.png,hardhat_kaggle_eb7bdf407054,hardhat_kaggle,hardhat_kaggle:hard_hat_workers656,7,0,0,eb7bdf407054299a31be8b3dad8e15ad48a7b0e5
hardhat_kaggle_afb379a1e08e.png,hardhat_kaggle_afb379a1e08e,hardhat_kaggle,hardhat_kaggle:hard_hat_workers657,1,0,0,afb379a1e08e164aebb8239d162be7f94fd089bd
hardhat_kaggle_01d6b46e9439.png,hardhat_kaggle_01d6b46e9439,hardhat_kaggle,hardhat_kaggle:hard_hat_workers659,2,0,0,01d6b46e9439a010299d4a69a9bec20d4c174d4c
hardhat_kaggle_7c9bbda3c367.png,hardhat_kaggle_7c9bbda3c367,hardhat_kaggle,hardhat_kaggle:hard_hat_workers66,11,0,0,7c9bbda3c367b15601b4e09f18a28bed58fd070c
hardhat_kaggle_3af10f7e09c6.png,hardhat_kaggle_3af10f7e09c6,hardhat_kaggle,hardhat_kaggle:hard_hat_workers660,1,0,0,3af10f7e09c6248225a319a605daf563c65dc0b5
hardhat_kaggle_ed06f8540e34.png,hardhat_kaggle_ed06f8540e34,hardhat_kaggle,hardhat_kaggle:hard_hat_workers661,9,0,0,ed06f8540e34bf8446b49ac176d49e1dac6632af
hardhat_kaggle_94eae55b60f3.png,hardhat_kaggle_94eae55b60f3,hardhat_kaggle,hardhat_kaggle:hard_hat_workers662,4,0,0,94eae55b60f3faa91e47042d26da5f07d2049809
hardhat_kaggle_c554734662e7.png,hardhat_kaggle_c554734662e7,hardhat_kaggle,hardhat_kaggle:hard_hat_workers663,4,0,0,c554734662e7ee0be94eb2549f3e95740bb4662e
hardhat_kaggle_482307493e46.png,hardhat_kaggle_482307493e46,hardhat_kaggle,hardhat_kaggle:hard_hat_workers664,1,0,0,482307493e469d35de9dbc003c1cc87b6ca5feb1
hardhat_kaggle_cac4fc5a0e4b.png,hardhat_kaggle_cac4fc5a0e4b,hardhat_kaggle,hardhat_kaggle:hard_hat_workers666,1,0,0,cac4fc5a0e4b48bb1b862628ddb2c2604785013c
hardhat_kaggle_033dfea7e44d.png,hardhat_kaggle_033dfea7e44d,hardhat_kaggle,hardhat_kaggle:hard_hat_workers667,3,0,0,033dfea7e44d7f6c09e89333f7fec5f6e8c4ac64
hardhat_kaggle_27370f6474bb.png,hardhat_kaggle_27370f6474bb,hardhat_kaggle,hardhat_kaggle:hard_hat_workers668,2,0,0,27370f6474bbe0cdf7f5087fd5526cf956cdc879
hardhat_kaggle_ca7f07ad13a2.png,hardhat_kaggle_ca7f07ad13a2,hardhat_kaggle,hardhat_kaggle:hard_hat_workers669,1,0,0,ca7f07ad13a28f79173d84a3f6540347a2f6f716
hardhat_kaggle_5a1baa383116.png,hardhat_kaggle_5a1baa383116,hardhat_kaggle,hardhat_kaggle:hard_hat_workers67,1,0,0,5a1baa3831160ad2aff96981e05a84b21b2fcc19
hardhat_kaggle_e009fc4045b3.png,hardhat_kaggle_e009fc4045b3,hardhat_kaggle,hardhat_kaggle:hard_hat_workers670,2,0,0,e009fc4045b325ce852b6779ec6f49dda33a736d
hardhat_kaggle_539192eb292e.png,hardhat_kaggle_539192eb292e,hardhat_kaggle,hardhat_kaggle:hard_hat_workers672,1,0,0,539192eb292ef8ea3f52fd2fcc452ee6a99c3973
hardhat_kaggle_2f78502ac9b6.png,hardhat_kaggle_2f78502ac9b6,hardhat_kaggle,hardhat_kaggle:hard_hat_workers673,4,0,0,2f78502ac9b6fba785b16c903d8c2e28e738bbd2
hardhat_kaggle_f36231ec670b.png,hardhat_kaggle_f36231ec670b,hardhat_kaggle,hardhat_kaggle:hard_hat_workers674,4,0,0,f36231ec670b867e92addd40c79d2de1ca936718
hardhat_kaggle_6d044ec43717.png,hardhat_kaggle_6d044ec43717,hardhat_kaggle,hardhat_kaggle:hard_hat_workers675,3,0,0,6d044ec437179d0743f5f320be68a8c426cfbc4a
hardhat_kaggle_c8fa722eb25c.png,hardhat_kaggle_c8fa722eb25c,hardhat_kaggle,hardhat_kaggle:hard_hat_workers676,2,0,0,c8fa722eb25cfb2328fe5b893206f1b50e8c65f9
hardhat_kaggle_1a8fc51a6ab3.png,hardhat_kaggle_1a8fc51a6ab3,hardhat_kaggle,hardhat_kaggle:hard_hat_workers677,4,0,0,1a8fc51a6ab347815a67fc62e426ff903c955282
hardhat_kaggle_9880cde3fe75.png,hardhat_kaggle_9880cde3fe75,hardhat_kaggle,hardhat_kaggle:hard_hat_workers678,3,0,0,9880cde3fe75121963910d4602cf46a9d20c818e
hardhat_kaggle_2d366e2b47ac.png,hardhat_kaggle_2d366e2b47ac,hardhat_kaggle,hardhat_kaggle:hard_hat_workers679,1,0,0,2d366e2b47ac6453e1948d27faa28f2b93bdb661
hardhat_kaggle_be7a3adb23d9.png,hardhat_kaggle_be7a3adb23d9,hardhat_kaggle,hardhat_kaggle:hard_hat_workers68,2,0,0,be7a3adb23d9b4fe5ef3843a07e8ed13eb27d775
hardhat_kaggle_b86895423d1b.png,hardhat_kaggle_b86895423d1b,hardhat_kaggle,hardhat_kaggle:hard_hat_workers680,3,0,0,b86895423d1b824c188c304ae9ecc783d488816d
hardhat_kaggle_c449e904acbd.png,hardhat_kaggle_c449e904acbd,hardhat_kaggle,hardhat_kaggle:hard_hat_workers681,5,0,0,c449e904acbd5be72a0187a0e9e805c9910f6f11
hardhat_kaggle_452ab42e5024.png,hardhat_kaggle_452ab42e5024,hardhat_kaggle,hardhat_kaggle:hard_hat_workers682,2,0,0,452ab42e5024e590d51ed0cdaf43ea3b5b8f6c4b
hardhat_kaggle_c6914827aa8e.png,hardhat_kaggle_c6914827aa8e,hardhat_kaggle,hardhat_kaggle:hard_hat_workers683,2,0,0,c6914827aa8ecc0b8dc17d7bfd02547a9b295347
hardhat_kaggle_442737af13ab.png,hardhat_kaggle_442737af13ab,hardhat_kaggle,hardhat_kaggle:hard_hat_workers684,5,0,0,442737af13abeca25bac16f1d767af5abdeaf2c5
hardhat_kaggle_4446d74e84fd.png,hardhat_kaggle_4446d74e84fd,hardhat_kaggle,hardhat_kaggle:hard_hat_workers686,5,0,0,4446d74e84fd9b94480dd372e282792dde60fa93
hardhat_kaggle_32891331157c.png,hardhat_kaggle_32891331157c,hardhat_kaggle,hardhat_kaggle:hard_hat_workers687,1,0,0,32891331157cb0449928da037da88815d7addb92
hardhat_kaggle_ac5030bc8811.png,hardhat_kaggle_ac5030bc8811,hardhat_kaggle,hardhat_kaggle:hard_hat_workers688,2,0,0,ac5030bc8811343ab45afc7e3112d29fa4648f49
hardhat_kaggle_6e1acc7ccb2e.png,hardhat_kaggle_6e1acc7ccb2e,hardhat_kaggle,hardhat_kaggle:hard_hat_workers689,4,0,0,6e1acc7ccb2ec57c3ae6161811f8535854726ccd
hardhat_kaggle_ddb56d8be58d.png,hardhat_kaggle_ddb56d8be58d,hardhat_kaggle,hardhat_kaggle:hard_hat_workers691,4,0,0,ddb56d8be58da7ef355703419660fde615836d0d
hardhat_kaggle_938463649bd1.png,hardhat_kaggle_938463649bd1,hardhat_kaggle,hardhat_kaggle:hard_hat_workers692,12,0,0,938463649bd1ec02b1f4a087803f2dde11b020b7
hardhat_kaggle_e2b6bc5408e6.png,hardhat_kaggle_e2b6bc5408e6,hardhat_kaggle,hardhat_kaggle:hard_hat_workers693,1,0,0,e2b6bc5408e64552e6e02fd5dd83a9fd35729d85
hardhat_kaggle_ebf1f53bd57f.png,hardhat_kaggle_ebf1f53bd57f,hardhat_kaggle,hardhat_kaggle:hard_hat_workers694,6,0,0,ebf1f53bd57fff62fc4dd206a29b28fdd0c994ee
hardhat_kaggle_e6c10f7392e3.png,hardhat_kaggle_e6c10f7392e3,hardhat_kaggle,hardhat_kaggle:hard_hat_workers695,1,0,0,e6c10f7392e34c0e6970f7304312d52699bdfa1b
hardhat_kaggle_8602216fba72.png,hardhat_kaggle_8602216fba72,hardhat_kaggle,hardhat_kaggle:hard_hat_workers696,3,0,0,8602216fba72e27737c4f7392371a1287ff9105d
hardhat_kaggle_6b6036c89e40.png,hardhat_kaggle_6b6036c89e40,hardhat_kaggle,hardhat_kaggle:hard_hat_workers697,5,0,0,6b6036c89e40306c91b356866b85a590b0fb02fe
hardhat_kaggle_9f00969546a0.png,hardhat_kaggle_9f00969546a0,hardhat_kaggle,hardhat_kaggle:hard_hat_workers698,1,0,0,9f00969546a09fb5a12a836721d01778da77f753
hardhat_kaggle_81a5e912f3b5.png,hardhat_kaggle_81a5e912f3b5,hardhat_kaggle,hardhat_kaggle:hard_hat_workers699,3,0,0,81a5e912f3b526e4eb564166c334c6c72728fb89
hardhat_kaggle_f174fe598538.png,hardhat_kaggle_f174fe598538,hardhat_kaggle,hardhat_kaggle:hard_hat_workers7,3,0,0,f174fe5985380ca716024b174107d69e766efb08
hardhat_kaggle_9701e65ee73d.png,hardhat_kaggle_9701e65ee73d,hardhat_kaggle,hardhat_kaggle:hard_hat_workers700,3,0,0,9701e65ee73dacfe3e92530eb24b3e1ecd868170
hardhat_kaggle_c9370bf76bb9.png,hardhat_kaggle_c9370bf76bb9,hardhat_kaggle,hardhat_kaggle:hard_hat_workers701,5,0,0,c9370bf76bb98aebe700890d78f311c8c69ae68b
hardhat_kaggle_deb3b26f6e04.png,hardhat_kaggle_deb3b26f6e04,hardhat_kaggle,hardhat_kaggle:hard_hat_workers702,2,0,0,deb3b26f6e041408b3bbf7b30fb560b40838dd2a
hardhat_kaggle_e385b31ad44c.png,hardhat_kaggle_e385b31ad44c,hardhat_kaggle,hardhat_kaggle:hard_hat_workers703,2,0,0,e385b31ad44cd173999a69569e595a6442b1a95f
hardhat_kaggle_dc3a92795795.png,hardhat_kaggle_dc3a92795795,hardhat_kaggle,hardhat_kaggle:hard_hat_workers704,1,0,0,dc3a927957952c0c9a79b624ac6a8da6806ee336
hardhat_kaggle_e590f80e6714.png,hardhat_kaggle_e590f80e6714,hardhat_kaggle,hardhat_kaggle:hard_hat_workers705,10,0,0,e590f80e6714cc0ff9aae56eee99c0cc29b34a55
hardhat_kaggle_585445abb08b.png,hardhat_kaggle_585445abb08b,hardhat_kaggle,hardhat_kaggle:hard_hat_workers706,8,0,0,585445abb08b31755ac9dad4edd9840a6750b47a
hardhat_kaggle_44067bf8badf.png,hardhat_kaggle_44067bf8badf,hardhat_kaggle,hardhat_kaggle:hard_hat_workers707,2,0,0,44067bf8badff97b38f162b43e982ec99fff5a40
hardhat_kaggle_1f649e331e69.png,hardhat_kaggle_1f649e331e69,hardhat_kaggle,hardhat_kaggle:hard_hat_workers708,2,0,0,1f649e331e6937bc4a5cfd7375654d9fea4443ea
hardhat_kaggle_5d7748ca2dc8.png,hardhat_kaggle_5d7748ca2dc8,hardhat_kaggle,hardhat_kaggle:hard_hat_workers709,1,0,0,5d7748ca2dc8bf5c175b46800007955362917234
hardhat_kaggle_9e19adeb89df.png,hardhat_kaggle_9e19adeb89df,hardhat_kaggle,hardhat_kaggle:hard_hat_workers71,8,0,0,9e19adeb89dfed10a2569856d3b96c3297ba195a
hardhat_kaggle_f86f68d24ed7.png,hardhat_kaggle_f86f68d24ed7,hardhat_kaggle,hardhat_kaggle:hard_hat_workers710,13,0,0,f86f68d24ed760e8241d24865d06932cabfedfff
hardhat_kaggle_844877175e97.png,hardhat_kaggle_844877175e97,hardhat_kaggle,hardhat_kaggle:hard_hat_workers711,1,0,0,844877175e971b89f097e3dcb3bbedc353718954
hardhat_kaggle_705941eff89d.png,hardhat_kaggle_705941eff89d,hardhat_kaggle,hardhat_kaggle:hard_hat_workers713,1,0,0,705941eff89d81d1505b419a9eaef03e077e3a81
hardhat_kaggle_aa0092a33cf3.png,hardhat_kaggle_aa0092a33cf3,hardhat_kaggle,hardhat_kaggle:hard_hat_workers714,5,0,0,aa0092a33cf37368bb20a74e00ef16291001138c
hardhat_kaggle_6f8f4b2f3f35.png,hardhat_kaggle_6f8f4b2f3f35,hardhat_kaggle,hardhat_kaggle:hard_hat_workers716,2,0,0,6f8f4b2f3f35dc59540d59157e93cf53c521c83b
hardhat_kaggle_224a0d93efd6.png,hardhat_kaggle_224a0d93efd6,hardhat_kaggle,hardhat_kaggle:hard_hat_workers717,2,0,0,224a0d93efd6fa66bd8c186ab97545dad092fa31
hardhat_kaggle_084229efef6b.png,hardhat_kaggle_084229efef6b,hardhat_kaggle,hardhat_kaggle:hard_hat_workers718,16,0,0,084229efef6bbd5700ba997d9912063630434f64
hardhat_kaggle_f55e6a9e5895.png,hardhat_kaggle_f55e6a9e5895,hardhat_kaggle,hardhat_kaggle:hard_hat_workers719,3,0,0,f55e6a9e58956a6b0dba607615f85622763d0d21
hardhat_kaggle_a13658dbdd3e.png,hardhat_kaggle_a13658dbdd3e,hardhat_kaggle,hardhat_kaggle:hard_hat_workers72,2,0,0,a13658dbdd3e007a9d761aaa3b26e7956d029c65
hardhat_kaggle_90be242d9668.png,hardhat_kaggle_90be242d9668,hardhat_kaggle,hardhat_kaggle:hard_hat_workers720,4,0,0,90be242d966846e2d43fa468cdfefed82ff55c92
hardhat_kaggle_9e0be63a8979.png,hardhat_kaggle_9e0be63a8979,hardhat_kaggle,hardhat_kaggle:hard_hat_workers721,9,0,0,9e0be63a897909154d8e654b777095dcb862cc8b
hardhat_kaggle_85ba30a9225b.png,hardhat_kaggle_85ba30a9225b,hardhat_kaggle,hardhat_kaggle:hard_hat_workers722,1,0,0,85ba30a9225b37c547a4a5b03b68ff0a299fdb48
hardhat_kaggle_468220fae5ad.png,hardhat_kaggle_468220fae5ad,hardhat_kaggle,hardhat_kaggle:hard_hat_workers724,4,0,0,468220fae5adbd0b012ee95424b828fcfff662ee
hardhat_kaggle_9fc58ac7818a.png,hardhat_kaggle_9fc58ac7818a,hardhat_kaggle,hardhat_kaggle:hard_hat_workers725,1,0,0,9fc58ac7818aa6ed7a4532f63e945135169ed3a8
hardhat_kaggle_d0f55e57826e.png,hardhat_kaggle_d0f55e57826e,hardhat_kaggle,hardhat_kaggle:hard_hat_workers726,7,0,0,d0f55e57826e54cb948de15ef191252df69af251
hardhat_kaggle_d67f77901c12.png,hardhat_kaggle_d67f77901c12,hardhat_kaggle,hardhat_kaggle:hard_hat_workers727,11,0,0,d67f77901c1245f70506457eed9508e27912858d
hardhat_kaggle_a0ff24a39146.png,hardhat_kaggle_a0ff24a39146,hardhat_kaggle,hardhat_kaggle:hard_hat_workers728,3,0,0,a0ff24a39146388ed3ff85fba00df654287c3d7f
hardhat_kaggle_8322e6ed652e.png,hardhat_kaggle_8322e6ed652e,hardhat_kaggle,hardhat_kaggle:hard_hat_workers729,4,0,0,8322e6ed652e53bae67e9eb5dce6a08e57fda7bc
hardhat_kaggle_e99b0b349b08.png,hardhat_kaggle_e99b0b349b08,hardhat_kaggle,hardhat_kaggle:hard_hat_workers73,14,0,0,e99b0b349b08c215b14620b0659788d1df2c3a69
hardhat_kaggle_25ef89f91f18.png,hardhat_kaggle_25ef89f91f18,hardhat_kaggle,hardhat_kaggle:hard_hat_workers730,7,0,0,25ef89f91f18171e4777bb86179f35de28e16e7a
hardhat_kaggle_77ff76ed70a7.png,hardhat_kaggle_77ff76ed70a7,hardhat_kaggle,hardhat_kaggle:hard_hat_workers731,5,0,0,77ff76ed70a74bc722f396961ef7af1287f0b8f1
hardhat_kaggle_613564cf83ee.png,hardhat_kaggle_613564cf83ee,hardhat_kaggle,hardhat_kaggle:hard_hat_workers732,9,0,0,613564cf83ee2f1a74135e0267afadaa3b200c96
hardhat_kaggle_0ed3b06dba5e.png,hardhat_kaggle_0ed3b06dba5e,hardhat_kaggle,hardhat_kaggle:hard_hat_workers733,1,0,0,0ed3b06dba5e556cfa325743a1598ad3c816933d
hardhat_kaggle_d509976f5c69.png,hardhat_kaggle_d509976f5c69,hardhat_kaggle,hardhat_kaggle:hard_hat_workers734,2,0,0,d509976f5c69cd8ae9a63ec0bd90780bab5a2913
hardhat_kaggle_09ffd3b46f86.png,hardhat_kaggle_09ffd3b46f86,hardhat_kaggle,hardhat_kaggle:hard_hat_workers735,3,0,0,09ffd3b46f8678972238502e10fe91cecb422864
hardhat_kaggle_649050e39cf0.png,hardhat_kaggle_649050e39cf0,hardhat_kaggle,hardhat_kaggle:hard_hat_workers736,3,0,0,649050e39cf0c4ce36dc893ed78cfbed060926da
hardhat_kaggle_1dfa4b0cf6a2.png,hardhat_kaggle_1dfa4b0cf6a2,hardhat_kaggle,hardhat_kaggle:hard_hat_workers737,4,0,0,1dfa4b0cf6a26351e024787abdeb77d4657a70cd
hardhat_kaggle_0c0fd914facf.png,hardhat_kaggle_0c0fd914facf,hardhat_kaggle,hardhat_kaggle:hard_hat_workers738,3,0,0,0c0fd914facf7c4bb4c1ed2cdd6ee1bbe6cb162d
hardhat_kaggle_5a6da6a003fe.png,hardhat_kaggle_5a6da6a003fe,hardhat_kaggle,hardhat_kaggle:hard_hat_workers739,13,0,0,5a6da6a003fe844e772b7d7395fe87780bb745b0
hardhat_kaggle_041d318c5437.png,hardhat_kaggle_041d318c5437,hardhat_kaggle,hardhat_kaggle:hard_hat_workers74,7,0,0,041d318c543756a170c29aa478bd686b26a40e3d
hardhat_kaggle_30f2c967c6dc.png,hardhat_kaggle_30f2c967c6dc,hardhat_kaggle,hardhat_kaggle:hard_hat_workers740,3,0,0,30f2c967c6dc0fbc5e63d19c550466589c14b399
hardhat_kaggle_eee190867e7a.png,hardhat_kaggle_eee190867e7a,hardhat_kaggle,hardhat_kaggle:hard_hat_workers741,9,0,0,eee190867e7a95258980b5c151af2acb94401c83
hardhat_kaggle_f00c2e13092c.png,hardhat_kaggle_f00c2e13092c,hardhat_kaggle,hardhat_kaggle:hard_hat_workers743,3,0,0,f00c2e13092c610a8387f30f93640efc7dde5ca6
hardhat_kaggle_0db96a36ebb5.png,hardhat_kaggle_0db96a36ebb5,hardhat_kaggle,hardhat_kaggle:hard_hat_workers744,1,0,0,0db96a36ebb5e8d9199a3da71eaf1d5bd6d86f39
hardhat_kaggle_40bfa2d9d9e7.png,hardhat_kaggle_40bfa2d9d9e7,hardhat_kaggle,hardhat_kaggle:hard_hat_workers746,1,0,0,40bfa2d9d9e721cbc695a4d5d1e78cca0e1643c2
hardhat_kaggle_21703a2476cd.png,hardhat_kaggle_21703a2476cd,hardhat_kaggle,hardhat_kaggle:hard_hat_workers747,8,0,0,21703a2476cdb50bb96682e265587f8e41c60f7f
hardhat_kaggle_7c48fe38762f.png,hardhat_kaggle_7c48fe38762f,hardhat_kaggle,hardhat_kaggle:hard_hat_workers748,2,0,0,7c48fe38762f7d478f3363aae0dae549a6b7b863
hardhat_kaggle_a4ee68412ce0.png,hardhat_kaggle_a4ee68412ce0,hardhat_kaggle,hardhat_kaggle:hard_hat_workers749,2,0,0,a4ee68412ce06c0668d3a419eb09c9db14bec5db
hardhat_kaggle_ec570c746e1a.png,hardhat_kaggle_ec570c746e1a,hardhat_kaggle,hardhat_kaggle:hard_hat_workers75,4,0,0,ec570c746e1a114b90d4377e08354a12274a0863
hardhat_kaggle_015cce06bcfd.png,hardhat_kaggle_015cce06bcfd,hardhat_kaggle,hardhat_kaggle:hard_hat_workers750,11,0,0,015cce06bcfdfd829dc120b4f663f1831e338b19
hardhat_kaggle_260710816d41.png,hardhat_kaggle_260710816d41,hardhat_kaggle,hardhat_kaggle:hard_hat_workers751,8,0,0,260710816d41e0cd085c348e383a437078f37fff
hardhat_kaggle_90af2d1143e5.png,hardhat_kaggle_90af2d1143e5,hardhat_kaggle,hardhat_kaggle:hard_hat_workers752,25,0,0,90af2d1143e55664a7f54b272ff3f3a9b8fa22c4
hardhat_kaggle_95659b9e185f.png,hardhat_kaggle_95659b9e185f,hardhat_kaggle,hardhat_kaggle:hard_hat_workers753,3,0,0,95659b9e185f2e548efde734bbacfd1f79ae8097
hardhat_kaggle_f4fc081b634c.png,hardhat_kaggle_f4fc081b634c,hardhat_kaggle,hardhat_kaggle:hard_hat_workers754,7,0,0,f4fc081b634ce79147b8ead1cc83ef5250e7e9d6
hardhat_kaggle_3f97daf50a7c.png,hardhat_kaggle_3f97daf50a7c,hardhat_kaggle,hardhat_kaggle:hard_hat_workers755,1,0,0,3f97daf50a7caf02efe33d65667935ae9caccfdb
hardhat_kaggle_00fe365124aa.png,hardhat_kaggle_00fe365124aa,hardhat_kaggle,hardhat_kaggle:hard_hat_workers756,2,0,0,00fe365124aac83ab1fe456e596486149e001bcc
hardhat_kaggle_586232394287.png,hardhat_kaggle_586232394287,hardhat_kaggle,hardhat_kaggle:hard_hat_workers757,14,0,0,5862323942878e7db237092f88f27a62c5c3eaa3
hardhat_kaggle_cd5e3f109d6a.png,hardhat_kaggle_cd5e3f109d6a,hardhat_kaggle,hardhat_kaggle:hard_hat_workers758,8,0,0,cd5e3f109d6ab6d65040d8e0152b7f4bb8242c6d
hardhat_kaggle_7fc5bc0a2688.png,hardhat_kaggle_7fc5bc0a2688,hardhat_kaggle,hardhat_kaggle:hard_hat_workers759,5,0,0,7fc5bc0a26883c666467601ec04392346cecb45b
hardhat_kaggle_e5bc7757c0a0.png,hardhat_kaggle_e5bc7757c0a0,hardhat_kaggle,hardhat_kaggle:hard_hat_workers76,4,0,0,e5bc7757c0a022b194a6abac19b0f7c1c6ac3c90
hardhat_kaggle_50d31f6e7eb9.png,hardhat_kaggle_50d31f6e7eb9,hardhat_kaggle,hardhat_kaggle:hard_hat_workers760,4,0,0,50d31f6e7eb9c258935f5e15087608620e1b6f1e
hardhat_kaggle_027067b179db.png,hardhat_kaggle_027067b179db,hardhat_kaggle,hardhat_kaggle:hard_hat_workers761,1,0,0,027067b179dba1231852830f4073f8282ed0b7ff
hardhat_kaggle_2a8ca2e6f353.png,hardhat_kaggle_2a8ca2e6f353,hardhat_kaggle,hardhat_kaggle:hard_hat_workers762,5,0,0,2a8ca2e6f3531d483468179236fe914265eebb47
hardhat_kaggle_d4cd826ebafe.png,hardhat_kaggle_d4cd826ebafe,hardhat_kaggle,hardhat_kaggle:hard_hat_workers763,2,0,0,d4cd826ebafe732705ee1e8b2851f54540d921f4
hardhat_kaggle_ee1a9cfe9d35.png,hardhat_kaggle_ee1a9cfe9d35,hardhat_kaggle,hardhat_kaggle:hard_hat_workers764,3,0,0,ee1a9cfe9d35b01261d41a906da61034f591b83d
hardhat_kaggle_72e104be12d6.png,hardhat_kaggle_72e104be12d6,hardhat_kaggle,hardhat_kaggle:hard_hat_workers765,2,0,0,72e104be12d61f27757280dcd19e92b8f1efbd27
hardhat_kaggle_fe4e960bfd29.png,hardhat_kaggle_fe4e960bfd29,hardhat_kaggle,hardhat_kaggle:hard_hat_workers766,4,0,0,fe4e960bfd29a6a41e5315c70677df327ba81822
hardhat_kaggle_427bd6e4d5b0.png,hardhat_kaggle_427bd6e4d5b0,hardhat_kaggle,hardhat_kaggle:hard_hat_workers767,1,0,0,427bd6e4d5b01123dff33ddc72c47361c5852536
hardhat_kaggle_7a148fddd855.png,hardhat_kaggle_7a148fddd855,hardhat_kaggle,hardhat_kaggle:hard_hat_workers768,5,0,0,7a148fddd855ba249d0f7de1675080ce57d0d12b
hardhat_kaggle_dcdc61de36cf.png,hardhat_kaggle_dcdc61de36cf,hardhat_kaggle,hardhat_kaggle:hard_hat_workers769,4,0,0,dcdc61de36cf552803c5aa8bee88c7a5b0c1c1f8
hardhat_kaggle_9dc46fc20651.png,hardhat_kaggle_9dc46fc20651,hardhat_kaggle,hardhat_kaggle:hard_hat_workers770,3,0,0,9dc46fc20651b0da4e9fae42a7ddf717adecf73e
hardhat_kaggle_e357eadb532f.png,hardhat_kaggle_e357eadb532f,hardhat_kaggle,hardhat_kaggle:hard_hat_workers771,1,0,0,e357eadb532fa02be7adeff2916ab95ef8bfb036
hardhat_kaggle_8b063cdbc671.png,hardhat_kaggle_8b063cdbc671,hardhat_kaggle,hardhat_kaggle:hard_hat_workers772,11,0,0,8b063cdbc671f84e290185a79446629be07e1c47
hardhat_kaggle_791477382654.png,hardhat_kaggle_791477382654,hardhat_kaggle,hardhat_kaggle:hard_hat_workers773,1,0,0,791477382654352b3ed1cc4ded42614dda0e0392
hardhat_kaggle_66d934d49e9d.png,hardhat_kaggle_66d934d49e9d,hardhat_kaggle,hardhat_kaggle:hard_hat_workers774,5,0,0,66d934d49e9d202f18d4fe419d23f2fd046bff67
hardhat_kaggle_564b5a804682.png,hardhat_kaggle_564b5a804682,hardhat_kaggle,hardhat_kaggle:hard_hat_workers775,15,0,0,564b5a804682bc898c30b0ceda51500da2688fd6
hardhat_kaggle_d6186e2668dd.png,hardhat_kaggle_d6186e2668dd,hardhat_kaggle,hardhat_kaggle:hard_hat_workers776,3,0,0,d6186e2668dda062033e2bac80171669dd51bf02
hardhat_kaggle_d7285b50c2dc.png,hardhat_kaggle_d7285b50c2dc,hardhat_kaggle,hardhat_kaggle:hard_hat_workers777,2,0,0,d7285b50c2dce36602ca3c0e10b0699305e14f36
hardhat_kaggle_e919598960df.png,hardhat_kaggle_e919598960df,hardhat_kaggle,hardhat_kaggle:hard_hat_workers778,3,0,0,e919598960df9981094b14f90cc386783fc273cd
hardhat_kaggle_9410a929a8b9.png,hardhat_kaggle_9410a929a8b9,hardhat_kaggle,hardhat_kaggle:hard_hat_workers779,14,0,0,9410a929a8b98dbcb389e40e959bc476681c7272
hardhat_kaggle_0eff9ba6863d.png,hardhat_kaggle_0eff9ba6863d,hardhat_kaggle,hardhat_kaggle:hard_hat_workers78,14,0,0,0eff9ba6863d82a0c102710c625b66e31e2233f8
hardhat_kaggle_12b88fe5814e.png,hardhat_kaggle_12b88fe5814e,hardhat_kaggle,hardhat_kaggle:hard_hat_workers780,4,0,0,12b88fe5814e5dc05e690b1d30bf0bab76025539
hardhat_kaggle_5e26665bf70d.png,hardhat_kaggle_5e26665bf70d,hardhat_kaggle,hardhat_kaggle:hard_hat_workers781,1,0,0,5e26665bf70db6b78e96e32452957da31a78017c
hardhat_kaggle_9e37cccd0e7e.png,hardhat_kaggle_9e37cccd0e7e,hardhat_kaggle,hardhat_kaggle:hard_hat_workers782,1,0,0,9e37cccd0e7e3cb894c24bb962985b283045177d
hardhat_kaggle_be11e9d8e37f.png,hardhat_kaggle_be11e9d8e37f,hardhat_kaggle,hardhat_kaggle:hard_hat_workers783,1,0,0,be11e9d8e37f1340100d1814b79b6425d57cf578
hardhat_kaggle_c3bc20783a18.png,hardhat_kaggle_c3bc20783a18,hardhat_kaggle,hardhat_kaggle:hard_hat_workers784,2,0,0,c3bc20783a1895cec0da3c6094695190649a421c
hardhat_kaggle_3c1ab7f39749.png,hardhat_kaggle_3c1ab7f39749,hardhat_kaggle,hardhat_kaggle:hard_hat_workers785,5,0,0,3c1ab7f39749b37a81f5e1cdf60bba7359ac2085
hardhat_kaggle_3f1930e98c71.png,hardhat_kaggle_3f1930e98c71,hardhat_kaggle,hardhat_kaggle:hard_hat_workers786,5,0,0,3f1930e98c71375db986e6d5dec54b161f00e08d
hardhat_kaggle_649382c73f73.png,hardhat_kaggle_649382c73f73,hardhat_kaggle,hardhat_kaggle:hard_hat_workers787,3,0,0,649382c73f73033c284a21d735857e090fdfa78b
hardhat_kaggle_a64352eb9751.png,hardhat_kaggle_a64352eb9751,hardhat_kaggle,hardhat_kaggle:hard_hat_workers788,6,0,0,a64352eb9751abbce5f0e6c95d6153b9a154267a
hardhat_kaggle_5ff6dab0d786.png,hardhat_kaggle_5ff6dab0d786,hardhat_kaggle,hardhat_kaggle:hard_hat_workers789,6,0,0,5ff6dab0d786e32b0cd0edc9973a664496657ce3
hardhat_kaggle_58050d87ef3e.png,hardhat_kaggle_58050d87ef3e,hardhat_kaggle,hardhat_kaggle:hard_hat_workers79,4,0,0,58050d87ef3edd4c03c6e1da9a74376656018cba
hardhat_kaggle_497daafa30b9.png,hardhat_kaggle_497daafa30b9,hardhat_kaggle,hardhat_kaggle:hard_hat_workers790,4,0,0,497daafa30b9df67bde9aeeb433bf55044cb0476
hardhat_kaggle_7d9bb227472e.png,hardhat_kaggle_7d9bb227472e,hardhat_kaggle,hardhat_kaggle:hard_hat_workers792,4,0,0,7d9bb227472e67955c56ca6a55a664374da91ef9
hardhat_kaggle_f6b14d8a7f14.png,hardhat_kaggle_f6b14d8a7f14,hardhat_kaggle,hardhat_kaggle:hard_hat_workers793,3,0,0,f6b14d8a7f14ff53abcfe0e72925f31a6c101e1a
hardhat_kaggle_1ef543c5e4f6.png,hardhat_kaggle_1ef543c5e4f6,hardhat_kaggle,hardhat_kaggle:hard_hat_workers794,4,0,0,1ef543c5e4f60cc37ef843bd7566b2d968adbd6d
hardhat_kaggle_0174b8e6b6aa.png,hardhat_kaggle_0174b8e6b6aa,hardhat_kaggle,hardhat_kaggle:hard_hat_workers795,4,0,0,0174b8e6b6aa698edf668294de564962d8044854
hardhat_kaggle_da89a506de11.png,hardhat_kaggle_da89a506de11,hardhat_kaggle,hardhat_kaggle:hard_hat_workers796,4,0,0,da89a506de11832b060fe0207c0e904ebb29adbb
hardhat_kaggle_5c0940838663.png,hardhat_kaggle_5c0940838663,hardhat_kaggle,hardhat_kaggle:hard_hat_workers799,4,0,0,5c0940838663484fac524b3832219b7a1400a91d
hardhat_kaggle_38e95963fc3b.png,hardhat_kaggle_38e95963fc3b,hardhat_kaggle,hardhat_kaggle:hard_hat_workers80,1,0,0,38e95963fc3b2996ca319c9a63226292216b507c
hardhat_kaggle_9392a88b1b92.png,hardhat_kaggle_9392a88b1b92,hardhat_kaggle,hardhat_kaggle:hard_hat_workers800,1,0,0,9392a88b1b9256f2dec6bf68f2ac6cd4c62af6f8
hardhat_kaggle_75b293ff6ef6.png,hardhat_kaggle_75b293ff6ef6,hardhat_kaggle,hardhat_kaggle:hard_hat_workers801,8,0,0,75b293ff6ef61b5f208be1ba1bfa20d2370c752d
hardhat_kaggle_c7f758fd554f.png,hardhat_kaggle_c7f758fd554f,hardhat_kaggle,hardhat_kaggle:hard_hat_workers802,1,0,0,c7f758fd554fb95c99fd064dbdda948283a4d3c1
hardhat_kaggle_b62646a8d484.png,hardhat_kaggle_b62646a8d484,hardhat_kaggle,hardhat_kaggle:hard_hat_workers803,4,0,0,b62646a8d4842e78fbfa42151403a82336774b3e
hardhat_kaggle_397b40e31d20.png,hardhat_kaggle_397b40e31d20,hardhat_kaggle,hardhat_kaggle:hard_hat_workers804,6,0,0,397b40e31d20f2e66b40688a4f2dcffbb59b6874
hardhat_kaggle_3ebc8d4ec250.png,hardhat_kaggle_3ebc8d4ec250,hardhat_kaggle,hardhat_kaggle:hard_hat_workers805,4,0,0,3ebc8d4ec250e8417003f8c182fd13f3bd22fc09
hardhat_kaggle_d06586c57e0d.png,hardhat_kaggle_d06586c57e0d,hardhat_kaggle,hardhat_kaggle:hard_hat_workers806,4,0,0,d06586c57e0d5ec0508786fe3367a83fc2350490
hardhat_kaggle_a1d03bbbc1e4.png,hardhat_kaggle_a1d03bbbc1e4,hardhat_kaggle,hardhat_kaggle:hard_hat_workers807,17,0,0,a1d03bbbc1e42025db16b9d9bf6265614f11e37b
hardhat_kaggle_31418fb0608a.png,hardhat_kaggle_31418fb0608a,hardhat_kaggle,hardhat_kaggle:hard_hat_workers808,1,0,0,31418fb0608a6b712decd8ab0bdbf364b25bb289
hardhat_kaggle_81f6635e055b.png,hardhat_kaggle_81f6635e055b,hardhat_kaggle,hardhat_kaggle:hard_hat_workers809,5,0,0,81f6635e055bd0236dbd7068d76cbdc1f3d8a7cb
hardhat_kaggle_b67d80f5c6be.png,hardhat_kaggle_b67d80f5c6be,hardhat_kaggle,hardhat_kaggle:hard_hat_workers81,7,0,0,b67d80f5c6be3523811eaf6ab03567335a3f95a6
hardhat_kaggle_ac4d88556c8d.png,hardhat_kaggle_ac4d88556c8d,hardhat_kaggle,hardhat_kaggle:hard_hat_workers810,1,0,0,ac4d88556c8de9261ff022159ccd5053bf821461
hardhat_kaggle_60e4d5a5d4fd.png,hardhat_kaggle_60e4d5a5d4fd,hardhat_kaggle,hardhat_kaggle:hard_hat_workers811,11,0,0,60e4d5a5d4fd9085d7c9ad2c2afb2ecf58c542b9
hardhat_kaggle_6330f0eb0576.png,hardhat_kaggle_6330f0eb0576,hardhat_kaggle,hardhat_kaggle:hard_hat_workers812,2,0,0,6330f0eb05768c7bc73a9123b17b4d57e3ca93d6
hardhat_kaggle_7329dae27a3a.png,hardhat_kaggle_7329dae27a3a,hardhat_kaggle,hardhat_kaggle:hard_hat_workers813,2,0,0,7329dae27a3a0c94353c3ff20cd2d410d609139f
hardhat_kaggle_f2927949ecdf.png,hardhat_kaggle_f2927949ecdf,hardhat_kaggle,hardhat_kaggle:hard_hat_workers815,11,0,0,f2927949ecdf4a0f2f1fbebe71f060d849f709f1
hardhat_kaggle_a8bb66a08587.png,hardhat_kaggle_a8bb66a08587,hardhat_kaggle,hardhat_kaggle:hard_hat_workers816,3,0,0,a8bb66a0858755a26dcd64542408d1940dcddb9f
hardhat_kaggle_4ca7232bbae3.png,hardhat_kaggle_4ca7232bbae3,hardhat_kaggle,hardhat_kaggle:hard_hat_workers817,11,0,0,4ca7232bbae35b8bca69fd775c82e06d29cc71e8
hardhat_kaggle_6742df3ba59e.png,hardhat_kaggle_6742df3ba59e,hardhat_kaggle,hardhat_kaggle:hard_hat_workers818,2,0,0,6742df3ba59e666c4d68c8e54a8395a7b1be4373
hardhat_kaggle_5aee217fbb06.png,hardhat_kaggle_5aee217fbb06,hardhat_kaggle,hardhat_kaggle:hard_hat_workers819,8,0,0,5aee217fbb06994efc303c7c0599c361ba7fc663
hardhat_kaggle_c9b69a536f57.png,hardhat_kaggle_c9b69a536f57,hardhat_kaggle,hardhat_kaggle:hard_hat_workers820,3,0,0,c9b69a536f579f061f0acab3d586cffc9591563c
hardhat_kaggle_bb48bec0d6be.png,hardhat_kaggle_bb48bec0d6be,hardhat_kaggle,hardhat_kaggle:hard_hat_workers821,1,0,0,bb48bec0d6be3d2b5ddf5c4f2e23e4bd8d555d3d
hardhat_kaggle_7fff2c7e6c2b.png,hardhat_kaggle_7fff2c7e6c2b,hardhat_kaggle,hardhat_kaggle:hard_hat_workers822,7,0,0,7fff2c7e6c2b2edb36e0457c6bdb08704927e1c7
hardhat_kaggle_9dbf6a4fef13.png,hardhat_kaggle_9dbf6a4fef13,hardhat_kaggle,hardhat_kaggle:hard_hat_workers823,1,0,0,9dbf6a4fef13f05546fc5d43d027d536323e769d
hardhat_kaggle_838cd60a2122.png,hardhat_kaggle_838cd60a2122,hardhat_kaggle,hardhat_kaggle:hard_hat_workers824,2,0,0,838cd60a2122fa69d2d588bafffeee8245666900
hardhat_kaggle_d8c9501fd62b.png,hardhat_kaggle_d8c9501fd62b,hardhat_kaggle,hardhat_kaggle:hard_hat_workers825,2,0,0,d8c9501fd62bf4a53a84abc34d48062848deb65f
hardhat_kaggle_912114d65cfe.png,hardhat_kaggle_912114d65cfe,hardhat_kaggle,hardhat_kaggle:hard_hat_workers826,2,0,0,912114d65cfed7977bca3f245a818c3cf8ab7330
hardhat_kaggle_c10f03b55999.png,hardhat_kaggle_c10f03b55999,hardhat_kaggle,hardhat_kaggle:hard_hat_workers827,2,0,0,c10f03b5599910efcf254e26cce8fc6232b0e206
hardhat_kaggle_f8021ac4d51d.png,hardhat_kaggle_f8021ac4d51d,hardhat_kaggle,hardhat_kaggle:hard_hat_workers828,2,0,0,f8021ac4d51d53eafb2e092e264eeccb4858b565
hardhat_kaggle_a3706395fcd3.png,hardhat_kaggle_a3706395fcd3,hardhat_kaggle,hardhat_kaggle:hard_hat_workers829,4,0,0,a3706395fcd36a8d6046fb255e620e4a808a12ee
hardhat_kaggle_aa24c4e41947.png,hardhat_kaggle_aa24c4e41947,hardhat_kaggle,hardhat_kaggle:hard_hat_workers83,1,0,0,aa24c4e41947feacb3acc6fc60c00cef9967d515
hardhat_kaggle_346a114a6ee8.png,hardhat_kaggle_346a114a6ee8,hardhat_kaggle,hardhat_kaggle:hard_hat_workers830,6,0,0,346a114a6ee83c80aab5318d0c7c7022fb83a74a
hardhat_kaggle_703c4ee71dfe.png,hardhat_kaggle_703c4ee71dfe,hardhat_kaggle,hardhat_kaggle:hard_hat_workers831,14,0,0,703c4ee71dfeaa2684b9e7a2c7c958f5a37237bd
hardhat_kaggle_234cc835f242.png,hardhat_kaggle_234cc835f242,hardhat_kaggle,hardhat_kaggle:hard_hat_workers832,6,0,0,234cc835f2429855e336c334d8e97e318c106cbd
hardhat_kaggle_09cb7247d297.png,hardhat_kaggle_09cb7247d297,hardhat_kaggle,hardhat_kaggle:hard_hat_workers833,3,0,0,09cb7247d29757040b9dfcd69b8227eabd27b3ad
hardhat_kaggle_1729cdfd1dc4.png,hardhat_kaggle_1729cdfd1dc4,hardhat_kaggle,hardhat_kaggle:hard_hat_workers834,5,0,0,1729cdfd1dc4f2e5b4dafb20fc902aa489298837
hardhat_kaggle_ad7f287a49b9.png,hardhat_kaggle_ad7f287a49b9,hardhat_kaggle,hardhat_kaggle:hard_hat_workers835,4,0,0,ad7f287a49b9868426562b7c67d9f1d5f02f30c4
hardhat_kaggle_1bce9fc72c09.png,hardhat_kaggle_1bce9fc72c09,hardhat_kaggle,hardhat_kaggle:hard_hat_workers836,6,0,0,1bce9fc72c09cb83cceca84647d7cc7202334acc
hardhat_kaggle_e2cdc024dc25.png,hardhat_kaggle_e2cdc024dc25,hardhat_kaggle,hardhat_kaggle:hard_hat_workers837,2,0,0,e2cdc024dc25a6c84b3f527c2f90b8e0014e35bf
hardhat_kaggle_9a8868844a74.png,hardhat_kaggle_9a8868844a74,hardhat_kaggle,hardhat_kaggle:hard_hat_workers838,1,0,0,9a8868844a746a68482f394829924a6f85618933
hardhat_kaggle_e2ae095c1f58.png,hardhat_kaggle_e2ae095c1f58,hardhat_kaggle,hardhat_kaggle:hard_hat_workers839,13,0,0,e2ae095c1f587efbd6570030e1bf9ae6947fcd66
hardhat_kaggle_9503c96ea920.png,hardhat_kaggle_9503c96ea920,hardhat_kaggle,hardhat_kaggle:hard_hat_workers84,15,0,0,9503c96ea92076dfc63645a2d69842cd3c9397c6
hardhat_kaggle_f2e6016ad7ef.png,hardhat_kaggle_f2e6016ad7ef,hardhat_kaggle,hardhat_kaggle:hard_hat_workers840,4,0,0,f2e6016ad7ef6bd51f785b7fdb0b5aba990a6eb4
hardhat_kaggle_45a0ab9f4866.png,hardhat_kaggle_45a0ab9f4866,hardhat_kaggle,hardhat_kaggle:hard_hat_workers842,3,0,0,45a0ab9f4866759eca7131f10a8d8bc9368bcbf6
hardhat_kaggle_710895b3c8ab.png,hardhat_kaggle_710895b3c8ab,hardhat_kaggle,hardhat_kaggle:hard_hat_workers843,1,0,0,710895b3c8abce4e9925ce30e824eb1831c8503c
hardhat_kaggle_f0a846e5f937.png,hardhat_kaggle_f0a846e5f937,hardhat_kaggle,hardhat_kaggle:hard_hat_workers844,3,0,0,f0a846e5f937830aeb793a7cfb69f5698273ac30
hardhat_kaggle_b9f9eacaaab2.png,hardhat_kaggle_b9f9eacaaab2,hardhat_kaggle,hardhat_kaggle:hard_hat_workers845,3,0,0,b9f9eacaaab221aecd09dd8d7c85bba6000a0d62
hardhat_kaggle_648e86e42560.png,hardhat_kaggle_648e86e42560,hardhat_kaggle,hardhat_kaggle:hard_hat_workers847,2,0,0,648e86e425607459ab3bc423e43e965d9f0e109a
hardhat_kaggle_f868348d2af7.png,hardhat_kaggle_f868348d2af7,hardhat_kaggle,hardhat_kaggle:hard_hat_workers848,1,0,0,f868348d2af7d262814b9bad6aae29e943d28760
hardhat_kaggle_91ab69faeb6d.png,hardhat_kaggle_91ab69faeb6d,hardhat_kaggle,hardhat_kaggle:hard_hat_workers849,20,0,0,91ab69faeb6df0888169bf2d2b8bcbf5260da0d6
hardhat_kaggle_30357bfa79da.png,hardhat_kaggle_30357bfa79da,hardhat_kaggle,hardhat_kaggle:hard_hat_workers85,8,0,0,30357bfa79da0b28ca513e5e9445202138e5e692
hardhat_kaggle_ad3f6d62422e.png,hardhat_kaggle_ad3f6d62422e,hardhat_kaggle,hardhat_kaggle:hard_hat_workers850,1,0,0,ad3f6d62422ecf060a3a55049f8b2949ef30b6fc
hardhat_kaggle_6af5940a96ca.png,hardhat_kaggle_6af5940a96ca,hardhat_kaggle,hardhat_kaggle:hard_hat_workers851,10,0,0,6af5940a96ca4a1a796c90dba1f250f525da9b3e
hardhat_kaggle_30de10503a28.png,hardhat_kaggle_30de10503a28,hardhat_kaggle,hardhat_kaggle:hard_hat_workers852,2,0,0,30de10503a2887d16f379e5891b7bd1dede6bbd6
hardhat_kaggle_023ebb4422df.png,hardhat_kaggle_023ebb4422df,hardhat_kaggle,hardhat_kaggle:hard_hat_workers853,2,0,0,023ebb4422dfded094fe94305a6c6f3f8c4cf0f5
hardhat_kaggle_e09920f73917.png,hardhat_kaggle_e09920f73917,hardhat_kaggle,hardhat_kaggle:hard_hat_workers854,4,0,0,e09920f739177d6f892eef7e168f007cdea39791
hardhat_kaggle_20ee492c5dd8.png,hardhat_kaggle_20ee492c5dd8,hardhat_kaggle,hardhat_kaggle:hard_hat_workers855,1,0,0,20ee492c5dd8fa337f895de833c86cea08c8259e
hardhat_kaggle_eb53d77fb2fd.png,hardhat_kaggle_eb53d77fb2fd,hardhat_kaggle,hardhat_kaggle:hard_hat_workers856,2,0,0,eb53d77fb2fd8351944cd537a650c4f6d0df0e51
hardhat_kaggle_b0b3f33d8d2e.png,hardhat_kaggle_b0b3f33d8d2e,hardhat_kaggle,hardhat_kaggle:hard_hat_workers857,33,0,0,b0b3f33d8d2e124792a9c9ea653252711afa4211
hardhat_kaggle_c2e8eba87008.png,hardhat_kaggle_c2e8eba87008,hardhat_kaggle,hardhat_kaggle:hard_hat_workers858,4,0,0,c2e8eba87008009f9bad893788913c58b5305f01
hardhat_kaggle_f1c356f2c2ac.png,hardhat_kaggle_f1c356f2c2ac,hardhat_kaggle,hardhat_kaggle:hard_hat_workers859,2,0,0,f1c356f2c2acdc6bf0de6d2eaedcf6098d7ac008
hardhat_kaggle_93e3ea9586e2.png,hardhat_kaggle_93e3ea9586e2,hardhat_kaggle,hardhat_kaggle:hard_hat_workers86,5,0,0,93e3ea9586e215e89940fffc8e12283aa3f74e44
hardhat_kaggle_e430a093302b.png,hardhat_kaggle_e430a093302b,hardhat_kaggle,hardhat_kaggle:hard_hat_workers860,1,0,0,e430a093302b7c4576c62dd951e2b5deb7f216af
hardhat_kaggle_5d19bebcfa61.png,hardhat_kaggle_5d19bebcfa61,hardhat_kaggle,hardhat_kaggle:hard_hat_workers861,2,0,0,5d19bebcfa612c836f6038dc3ef27764f430f22d
hardhat_kaggle_b4f546bb9eca.png,hardhat_kaggle_b4f546bb9eca,hardhat_kaggle,hardhat_kaggle:hard_hat_workers862,2,0,0,b4f546bb9ecae11430b8bf6d740d7bc9dedcb74e
hardhat_kaggle_e8e65c75b7e6.png,hardhat_kaggle_e8e65c75b7e6,hardhat_kaggle,hardhat_kaggle:hard_hat_workers863,3,0,0,e8e65c75b7e6a1ae6e999b664163ccef9bf6820a
hardhat_kaggle_a1d3e6d8d547.png,hardhat_kaggle_a1d3e6d8d547,hardhat_kaggle,hardhat_kaggle:hard_hat_workers864,4,0,0,a1d3e6d8d54791c0268d20725a3883bd7f52355e
hardhat_kaggle_8e6412935f71.png,hardhat_kaggle_8e6412935f71,hardhat_kaggle,hardhat_kaggle:hard_hat_workers865,2,0,0,8e6412935f712fe3cfe6f9c673a7205271a4a0d0
hardhat_kaggle_aaaa30c6c23a.png,hardhat_kaggle_aaaa30c6c23a,hardhat_kaggle,hardhat_kaggle:hard_hat_workers866,3,0,0,aaaa30c6c23a037e922bac60a86cd6034a476bdb
hardhat_kaggle_52de92b28936.png,hardhat_kaggle_52de92b28936,hardhat_kaggle,hardhat_kaggle:hard_hat_workers867,4,0,0,52de92b28936cfd389bd073283c6fc463853cd67
hardhat_kaggle_aa656f32a636.png,hardhat_kaggle_aa656f32a636,hardhat_kaggle,hardhat_kaggle:hard_hat_workers868,10,0,0,aa656f32a636cf51f4067446604e554bc34206e1
hardhat_kaggle_e282f6294542.png,hardhat_kaggle_e282f6294542,hardhat_kaggle,hardhat_kaggle:hard_hat_workers869,4,0,0,e282f6294542d6514acdfbb6a3412daaed6971ff
hardhat_kaggle_95879c83293e.png,hardhat_kaggle_95879c83293e,hardhat_kaggle,hardhat_kaggle:hard_hat_workers87,3,0,0,95879c83293e19c141328802bb04bb5920cb6b9d
hardhat_kaggle_140699657b4c.png,hardhat_kaggle_140699657b4c,hardhat_kaggle,hardhat_kaggle:hard_hat_workers870,2,0,0,140699657b4c2dfa57b22946efb264ed0f3135a9
hardhat_kaggle_2afd84e1907f.png,hardhat_kaggle_2afd84e1907f,hardhat_kaggle,hardhat_kaggle:hard_hat_workers871,2,0,0,2afd84e1907fcedd3aeac67bec2fdd501f331b3c
hardhat_kaggle_663a9c0ceee3.png,hardhat_kaggle_663a9c0ceee3,hardhat_kaggle,hardhat_kaggle:hard_hat_workers872,2,0,0,663a9c0ceee37ca0b295b98630ae91fa50d3cf68
hardhat_kaggle_3243b0df3101.png,hardhat_kaggle_3243b0df3101,hardhat_kaggle,hardhat_kaggle:hard_hat_workers873,2,0,0,3243b0df3101cae5c4960f509be5e8fddb35ccf2
hardhat_kaggle_795245904539.png,hardhat_kaggle_795245904539,hardhat_kaggle,hardhat_kaggle:hard_hat_workers874,2,0,0,7952459045399c22c2099c844df18a1d24b2de7f
hardhat_kaggle_5a35ea61542a.png,hardhat_kaggle_5a35ea61542a,hardhat_kaggle,hardhat_kaggle:hard_hat_workers875,4,0,0,5a35ea61542ad1e1bca0067b2ef66bee5d0bc4d3
hardhat_kaggle_b9afd1e134ac.png,hardhat_kaggle_b9afd1e134ac,hardhat_kaggle,hardhat_kaggle:hard_hat_workers876,3,0,0,b9afd1e134ace70b0cf966917e21f31673a2221c
hardhat_kaggle_21d9bfd3c3fb.png,hardhat_kaggle_21d9bfd3c3fb,hardhat_kaggle,hardhat_kaggle:hard_hat_workers877,8,0,0,21d9bfd3c3fb2b049fe41da532ac07062cb4448a
hardhat_kaggle_52fa08c84663.png,hardhat_kaggle_52fa08c84663,hardhat_kaggle,hardhat_kaggle:hard_hat_workers878,3,0,0,52fa08c846633dda5de50f688a7ebfdb9d6783ef
hardhat_kaggle_a8871be0507f.png,hardhat_kaggle_a8871be0507f,hardhat_kaggle,hardhat_kaggle:hard_hat_workers879,13,0,0,a8871be0507fc97fe79d6afca3179ab566bdedfe
hardhat_kaggle_3d2169155ef8.png,hardhat_kaggle_3d2169155ef8,hardhat_kaggle,hardhat_kaggle:hard_hat_workers88,2,0,0,3d2169155ef8061d1b150e1cb7a3fdcaf1c79a22
hardhat_kaggle_730669163767.png,hardhat_kaggle_730669163767,hardhat_kaggle,hardhat_kaggle:hard_hat_workers880,4,0,0,730669163767d6f4b4524d9cdd3fb18ee75e51fd
hardhat_kaggle_8946cf2e9caa.png,hardhat_kaggle_8946cf2e9caa,hardhat_kaggle,hardhat_kaggle:hard_hat_workers881,2,0,0,8946cf2e9caa222f60fb974b57dfa337888605dc
hardhat_kaggle_204883761a78.png,hardhat_kaggle_204883761a78,hardhat_kaggle,hardhat_kaggle:hard_hat_workers882,1,0,0,204883761a783714d42eedc87aeed631fe8157fd
hardhat_kaggle_2189210215e2.png,hardhat_kaggle_2189210215e2,hardhat_kaggle,hardhat_kaggle:hard_hat_workers883,4,0,0,2189210215e2b48c0aa0b77ffc324545fc2e7056
hardhat_kaggle_644843b507c3.png,hardhat_kaggle_644843b507c3,hardhat_kaggle,hardhat_kaggle:hard_hat_workers884,26,0,0,644843b507c3952e04c93d3851d7a83498b8e98e
hardhat_kaggle_f13b97a453b3.png,hardhat_kaggle_f13b97a453b3,hardhat_kaggle,hardhat_kaggle:hard_hat_workers885,2,0,0,f13b97a453b3f9ee4c29414fdfbdfa9cf95a9736
hardhat_kaggle_bf01714b3abe.png,hardhat_kaggle_bf01714b3abe,hardhat_kaggle,hardhat_kaggle:hard_hat_workers886,2,0,0,bf01714b3abef19e43487a27d8ddc44709e40814
hardhat_kaggle_775189d269af.png,hardhat_kaggle_775189d269af,hardhat_kaggle,hardhat_kaggle:hard_hat_workers887,16,0,0,775189d269afa6f6be0472d59bd062be773c798f
hardhat_kaggle_5ce0dc8468d9.png,hardhat_kaggle_5ce0dc8468d9,hardhat_kaggle,hardhat_kaggle:hard_hat_workers888,5,0,0,5ce0dc8468d9b7c5da3d1ae3aacba793c3b3f643
hardhat_kaggle_afc0ebdb84b0.png,hardhat_kaggle_afc0ebdb84b0,hardhat_kaggle,hardhat_kaggle:hard_hat_workers889,3,0,0,afc0ebdb84b0aa106cb6b84840c1ebeb395ce6b1
hardhat_kaggle_96565665e0de.png,hardhat_kaggle_96565665e0de,hardhat_kaggle,hardhat_kaggle:hard_hat_workers89,2,0,0,96565665e0de300b64e64b4576c3ab2c5ba4dac1
hardhat_kaggle_d5909b2f4671.png,hardhat_kaggle_d5909b2f4671,hardhat_kaggle,hardhat_kaggle:hard_hat_workers890,2,0,0,d5909b2f46718221e0d624c6704ae2eb8ab03bb3
hardhat_kaggle_684d54be6e4f.png,hardhat_kaggle_684d54be6e4f,hardhat_kaggle,hardhat_kaggle:hard_hat_workers891,5,0,0,684d54be6e4f517d80d449e2e326e09ff19c8eae
hardhat_kaggle_a36b3bad400b.png,hardhat_kaggle_a36b3bad400b,hardhat_kaggle,hardhat_kaggle:hard_hat_workers892,2,0,0,a36b3bad400bf1a6b8eff158e7c9d98131cecba0
hardhat_kaggle_24cc55a2784c.png,hardhat_kaggle_24cc55a2784c,hardhat_kaggle,hardhat_kaggle:hard_hat_workers893,2,0,0,24cc55a2784c984133509144c42adddd10683821
hardhat_kaggle_6148ee5d83af.png,hardhat_kaggle_6148ee5d83af,hardhat_kaggle,hardhat_kaggle:hard_hat_workers895,3,0,0,6148ee5d83af0bcb8765be311cad2a9ffe0afc0b
hardhat_kaggle_b09b3b90267f.png,hardhat_kaggle_b09b3b90267f,hardhat_kaggle,hardhat_kaggle:hard_hat_workers897,2,0,0,b09b3b90267fe0772d4a8dc295c245f4f49469d0
hardhat_kaggle_c3c06888a84a.png,hardhat_kaggle_c3c06888a84a,hardhat_kaggle,hardhat_kaggle:hard_hat_workers898,2,0,0,c3c06888a84af2329216a57e7a75330e7561b10a
hardhat_kaggle_68af7c816b30.png,hardhat_kaggle_68af7c816b30,hardhat_kaggle,hardhat_kaggle:hard_hat_workers899,2,0,0,68af7c816b30b647e77f251f6e0394f83ddbed71
hardhat_kaggle_8bd134bb4938.png,hardhat_kaggle_8bd134bb4938,hardhat_kaggle,hardhat_kaggle:hard_hat_workers9,1,0,0,8bd134bb49388dc1f2f5e82c7c88f379ecc6a6be
hardhat_kaggle_fd46613a637e.png,hardhat_kaggle_fd46613a637e,hardhat_kaggle,hardhat_kaggle:hard_hat_workers90,9,0,0,fd46613a637e9e34ec483cead959eabedaa343b8
hardhat_kaggle_ff8c6da2c6e9.png,hardhat_kaggle_ff8c6da2c6e9,hardhat_kaggle,hardhat_kaggle:hard_hat_workers900,16,0,0,ff8c6da2c6e987c1c8e387a5c582299db47a0739
hardhat_kaggle_95e793ddbae7.png,hardhat_kaggle_95e793ddbae7,hardhat_kaggle,hardhat_kaggle:hard_hat_workers901,4,0,0,95e793ddbae719879e7d408aacf821ab02badfc7
hardhat_kaggle_72c064b78bc4.png,hardhat_kaggle_72c064b78bc4,hardhat_kaggle,hardhat_kaggle:hard_hat_workers902,5,0,0,72c064b78bc437b8f781e6c7e2dc44654038dd23
hardhat_kaggle_1c6288d9ca69.png,hardhat_kaggle_1c6288d9ca69,hardhat_kaggle,hardhat_kaggle:hard_hat_workers903,2,0,0,1c6288d9ca69e16fe9e89164e9705c1a2f989912
hardhat_kaggle_bbcf53388f77.png,hardhat_kaggle_bbcf53388f77,hardhat_kaggle,hardhat_kaggle:hard_hat_workers904,2,0,0,bbcf53388f77bd3781e1f4701892bdf1d30f5523
hardhat_kaggle_e44129dbadc0.png,hardhat_kaggle_e44129dbadc0,hardhat_kaggle,hardhat_kaggle:hard_hat_workers906,1,0,0,e44129dbadc04b6594a8860db6e0501497872db0
hardhat_kaggle_123e5ca9a28b.png,hardhat_kaggle_123e5ca9a28b,hardhat_kaggle,hardhat_kaggle:hard_hat_workers907,4,0,0,123e5ca9a28b109d11da01056bccd5502fb2282a
hardhat_kaggle_363dec360312.png,hardhat_kaggle_363dec360312,hardhat_kaggle,hardhat_kaggle:hard_hat_workers908,8,0,0,363dec360312df56f5a40bfba137f17c473dd9de
hardhat_kaggle_ee1f8d524d3f.png,hardhat_kaggle_ee1f8d524d3f,hardhat_kaggle,hardhat_kaggle:hard_hat_workers909,14,0,0,ee1f8d524d3f9a6b52feafe8d6d4f7d25772290c
hardhat_kaggle_e6a69722f2dc.png,hardhat_kaggle_e6a69722f2dc,hardhat_kaggle,hardhat_kaggle:hard_hat_workers91,7,0,0,e6a69722f2dcf5dad7586f5bbee30fb5bbbbd03f
hardhat_kaggle_a20c0429b1d5.png,hardhat_kaggle_a20c0429b1d5,hardhat_kaggle,hardhat_kaggle:hard_hat_workers910,2,0,0,a20c0429b1d5ba14adb9444d1e7a8325d8c74721
hardhat_kaggle_c8912b1cdc5d.png,hardhat_kaggle_c8912b1cdc5d,hardhat_kaggle,hardhat_kaggle:hard_hat_workers911,3,0,0,c8912b1cdc5daba08547b561df4cbd53deef758d
hardhat_kaggle_a6691046f259.png,hardhat_kaggle_a6691046f259,hardhat_kaggle,hardhat_kaggle:hard_hat_workers912,4,0,0,a6691046f2590c0abdd26f8b12b9f68abf464d84
hardhat_kaggle_488da26e3c9f.png,hardhat_kaggle_488da26e3c9f,hardhat_kaggle,hardhat_kaggle:hard_hat_workers913,3,0,0,488da26e3c9f83859b5a840f259ac8af4aa1339f
hardhat_kaggle_39c64919e677.png,hardhat_kaggle_39c64919e677,hardhat_kaggle,hardhat_kaggle:hard_hat_workers914,3,0,0,39c64919e677b1908479f6c659969de40832acc5
hardhat_kaggle_8cac19a51e96.png,hardhat_kaggle_8cac19a51e96,hardhat_kaggle,hardhat_kaggle:hard_hat_workers915,3,0,0,8cac19a51e964200864c91e536ac09f0f7f7416c
hardhat_kaggle_97e0192beb31.png,hardhat_kaggle_97e0192beb31,hardhat_kaggle,hardhat_kaggle:hard_hat_workers916,2,0,0,97e0192beb31010f865bbb17f1ee777ee6c14ff5
hardhat_kaggle_3f9425553f7d.png,hardhat_kaggle_3f9425553f7d,hardhat_kaggle,hardhat_kaggle:hard_hat_workers917,2,0,0,3f9425553f7d3a3095ac23aef69075ead87374fb
hardhat_kaggle_a6feafb46a2d.png,hardhat_kaggle_a6feafb46a2d,hardhat_kaggle,hardhat_kaggle:hard_hat_workers918,4,0,0,a6feafb46a2d37905a96b604fa94fde3f1c2cf97
hardhat_kaggle_187fdd514ad7.png,hardhat_kaggle_187fdd514ad7,hardhat_kaggle,hardhat_kaggle:hard_hat_workers919,2,0,0,187fdd514ad7f2702725280718895e30aa33d280
hardhat_kaggle_354ddabce987.png,hardhat_kaggle_354ddabce987,hardhat_kaggle,hardhat_kaggle:hard_hat_workers92,5,0,0,354ddabce987d2c6b0177627a458d4c115b7eaa4
hardhat_kaggle_f4f2b505dae0.png,hardhat_kaggle_f4f2b505dae0,hardhat_kaggle,hardhat_kaggle:hard_hat_workers920,2,0,0,f4f2b505dae05898d9dbae1d812ac079e5277006
hardhat_kaggle_cbf4455ea290.png,hardhat_kaggle_cbf4455ea290,hardhat_kaggle,hardhat_kaggle:hard_hat_workers921,9,0,0,cbf4455ea29027aa2cfe1f24f5094abb99155f89
hardhat_kaggle_c837d3a4fc51.png,hardhat_kaggle_c837d3a4fc51,hardhat_kaggle,hardhat_kaggle:hard_hat_workers922,2,0,0,c837d3a4fc5131943eefc561da98094c9af475c0
hardhat_kaggle_a7e30cd5a8c3.png,hardhat_kaggle_a7e30cd5a8c3,hardhat_kaggle,hardhat_kaggle:hard_hat_workers923,2,0,0,a7e30cd5a8c3126001b885eadb9b258a3dce0a88
hardhat_kaggle_57984eaea9a7.png,hardhat_kaggle_57984eaea9a7,hardhat_kaggle,hardhat_kaggle:hard_hat_workers924,3,0,0,57984eaea9a705d0231369a32776a4d3fcc4cc6c
hardhat_kaggle_aab79852d45b.png,hardhat_kaggle_aab79852d45b,hardhat_kaggle,hardhat_kaggle:hard_hat_workers925,3,0,0,aab79852d45b32f1dad15decc4fbec5ef9d52823
hardhat_kaggle_f80ba9e58f0e.png,hardhat_kaggle_f80ba9e58f0e,hardhat_kaggle,hardhat_kaggle:hard_hat_workers926,4,0,0,f80ba9e58f0e2ec2acd670040867fe75b41887e7
hardhat_kaggle_d87c9887c749.png,hardhat_kaggle_d87c9887c749,hardhat_kaggle,hardhat_kaggle:hard_hat_workers928,4,0,0,d87c9887c749b9b97d43393e5dafbbeb4c4d0802
hardhat_kaggle_8d9139f6036d.png,hardhat_kaggle_8d9139f6036d,hardhat_kaggle,hardhat_kaggle:hard_hat_workers929,10,0,0,8d9139f6036dbf8aee430b6b41a9e10ad2b20da3
hardhat_kaggle_d83d5645ebe5.png,hardhat_kaggle_d83d5645ebe5,hardhat_kaggle,hardhat_kaggle:hard_hat_workers93,3,0,0,d83d5645ebe5954619fd49cd60ce074a9fc9cd0e
hardhat_kaggle_29c0ffa982fb.png,hardhat_kaggle_29c0ffa982fb,hardhat_kaggle,hardhat_kaggle:hard_hat_workers930,2,0,0,29c0ffa982fb32a0431bbd35d71d15b109f6c104
hardhat_kaggle_7f31c459ffea.png,hardhat_kaggle_7f31c459ffea,hardhat_kaggle,hardhat_kaggle:hard_hat_workers931,7,0,0,7f31c459ffea5f1c0492fd6438d40c6ac0b53ec7
hardhat_kaggle_6e864fd8b0a4.png,hardhat_kaggle_6e864fd8b0a4,hardhat_kaggle,hardhat_kaggle:hard_hat_workers933,6,0,0,6e864fd8b0a4a17a2e344f05f0229d502617b1f4
hardhat_kaggle_4ce7bc50b406.png,hardhat_kaggle_4ce7bc50b406,hardhat_kaggle,hardhat_kaggle:hard_hat_workers934,8,0,0,4ce7bc50b4061a0cc1c84c5c4aac9d5c732178b5
hardhat_kaggle_0d961a656676.png,hardhat_kaggle_0d961a656676,hardhat_kaggle,hardhat_kaggle:hard_hat_workers935,6,0,0,0d961a6566766a2a3ac8e51e519b032a9b063604
hardhat_kaggle_9826f8c7a177.png,hardhat_kaggle_9826f8c7a177,hardhat_kaggle,hardhat_kaggle:hard_hat_workers936,1,0,0,9826f8c7a177f1670d322107e4c96df6f05f3617
hardhat_kaggle_7c5ecd9d6a7e.png,hardhat_kaggle_7c5ecd9d6a7e,hardhat_kaggle,hardhat_kaggle:hard_hat_workers937,2,0,0,7c5ecd9d6a7e79e9038123b0996d68b39f14d5bc
hardhat_kaggle_15c9979fb706.png,hardhat_kaggle_15c9979fb706,hardhat_kaggle,hardhat_kaggle:hard_hat_workers938,1,0,0,15c9979fb706325560987194ff9de212d4194645
hardhat_kaggle_5b42b7ddc131.png,hardhat_kaggle_5b42b7ddc131,hardhat_kaggle,hardhat_kaggle:hard_hat_workers94,1,0,0,5b42b7ddc13174d4fc8f41b1935f379eb2aae7cc
hardhat_kaggle_cdc51dfd60c9.png,hardhat_kaggle_cdc51dfd60c9,hardhat_kaggle,hardhat_kaggle:hard_hat_workers940,12,0,0,cdc51dfd60c9000504bdb9f381f72531b9dd1f13
hardhat_kaggle_825e926e7940.png,hardhat_kaggle_825e926e7940,hardhat_kaggle,hardhat_kaggle:hard_hat_workers941,1,0,0,825e926e7940a309943674e753df3200f415a9e2
hardhat_kaggle_1acd44e8e62f.png,hardhat_kaggle_1acd44e8e62f,hardhat_kaggle,hardhat_kaggle:hard_hat_workers942,4,0,0,1acd44e8e62f897e114fbb1b119bd6e4531ee715
hardhat_kaggle_aaa8bb45427c.png,hardhat_kaggle_aaa8bb45427c,hardhat_kaggle,hardhat_kaggle:hard_hat_workers943,7,0,0,aaa8bb45427c68b67c86ca7e5c56d85abfe8dfc9
hardhat_kaggle_359a561e4223.png,hardhat_kaggle_359a561e4223,hardhat_kaggle,hardhat_kaggle:hard_hat_workers944,1,0,0,359a561e4223f696549f0812c1c1bc07a25a0e32
hardhat_kaggle_d311fe762ec9.png,hardhat_kaggle_d311fe762ec9,hardhat_kaggle,hardhat_kaggle:hard_hat_workers945,2,0,0,d311fe762ec9df0c55ed3288eed3e308c64a625d
hardhat_kaggle_109c718a1a40.png,hardhat_kaggle_109c718a1a40,hardhat_kaggle,hardhat_kaggle:hard_hat_workers946,1,0,0,109c718a1a4061689f441b1f29d6d94a8f95e764
hardhat_kaggle_5408a5136be5.png,hardhat_kaggle_5408a5136be5,hardhat_kaggle,hardhat_kaggle:hard_hat_workers947,1,0,0,5408a5136be5b061f2f73d560020ec8e9ec0e38d
hardhat_kaggle_ae6c84755062.png,hardhat_kaggle_ae6c84755062,hardhat_kaggle,hardhat_kaggle:hard_hat_workers948,5,0,0,ae6c84755062afe2b5cfe7cf8275360ab86f9d59
hardhat_kaggle_6185628063cd.png,hardhat_kaggle_6185628063cd,hardhat_kaggle,hardhat_kaggle:hard_hat_workers949,9,0,0,6185628063cd96268b5a01d968ed261352d41dc6
hardhat_kaggle_a6ef9b47f61c.png,hardhat_kaggle_a6ef9b47f61c,hardhat_kaggle,hardhat_kaggle:hard_hat_workers95,2,0,0,a6ef9b47f61cd62bfdb4eb1d4cc54418297dba9b
hardhat_kaggle_cdbc1f69cbab.png,hardhat_kaggle_cdbc1f69cbab,hardhat_kaggle,hardhat_kaggle:hard_hat_workers950,2,0,0,cdbc1f69cbabb0a3130b274b8a8d4c478d8f25cb
hardhat_kaggle_b7a048aa8ed9.png,hardhat_kaggle_b7a048aa8ed9,hardhat_kaggle,hardhat_kaggle:hard_hat_workers951,6,0,0,b7a048aa8ed971f9d07a135cfe61da054aad4b46
hardhat_kaggle_608c4665453b.png,hardhat_kaggle_608c4665453b,hardhat_kaggle,hardhat_kaggle:hard_hat_workers952,1,0,0,608c4665453b37adbc28b5da76460699d69f0fd6
hardhat_kaggle_038dc96d38db.png,hardhat_kaggle_038dc96d38db,hardhat_kaggle,hardhat_kaggle:hard_hat_workers954,3,0,0,038dc96d38db71c4d5b0f522c5c0030f02919c4e
hardhat_kaggle_ab0bf773d273.png,hardhat_kaggle_ab0bf773d273,hardhat_kaggle,hardhat_kaggle:hard_hat_workers955,1,0,0,ab0bf773d273aab266c20c60713ab36829d36b25
hardhat_kaggle_600da35b72aa.png,hardhat_kaggle_600da35b72aa,hardhat_kaggle,hardhat_kaggle:hard_hat_workers956,6,0,0,600da35b72aa22334746732d57083aadb7271f55
hardhat_kaggle_085c748f22ce.png,hardhat_kaggle_085c748f22ce,hardhat_kaggle,hardhat_kaggle:hard_hat_workers957,2,0,0,085c748f22ce84c11eaf136803e72adb6f38deb6
hardhat_kaggle_8103840e866e.png,hardhat_kaggle_8103840e866e,hardhat_kaggle,hardhat_kaggle:hard_hat_workers958,2,0,0,8103840e866eb12ca12aee04c4875d77ec5aad24
hardhat_kaggle_00d87cea480c.png,hardhat_kaggle_00d87cea480c,hardhat_kaggle,hardhat_kaggle:hard_hat_workers959,2,0,0,00d87cea480c30af37574c267472325f25690198
hardhat_kaggle_df4b4194d42c.png,hardhat_kaggle_df4b4194d42c,hardhat_kaggle,hardhat_kaggle:hard_hat_workers96,2,0,0,df4b4194d42c4afc84d70b17fc5111e3cccfefde
hardhat_kaggle_a73cc4d8247c.png,hardhat_kaggle_a73cc4d8247c,hardhat_kaggle,hardhat_kaggle:hard_hat_workers960,6,0,0,a73cc4d8247cf0b326e7ca625c9779805b96e70a
hardhat_kaggle_43491366bab8.png,hardhat_kaggle_43491366bab8,hardhat_kaggle,hardhat_kaggle:hard_hat_workers961,8,0,0,43491366bab84cf4576cb4d7919ff0481dda2620
hardhat_kaggle_8b2213bd7ad5.png,hardhat_kaggle_8b2213bd7ad5,hardhat_kaggle,hardhat_kaggle:hard_hat_workers962,12,0,0,8b2213bd7ad5651b93a6485c77a011e3b69aed68
hardhat_kaggle_b7b555d007b5.png,hardhat_kaggle_b7b555d007b5,hardhat_kaggle,hardhat_kaggle:hard_hat_workers963,4,0,0,b7b555d007b5f565fabe937ef94e8d50f577deb2
hardhat_kaggle_18a78eb25f66.png,hardhat_kaggle_18a78eb25f66,hardhat_kaggle,hardhat_kaggle:hard_hat_workers964,1,0,0,18a78eb25f667fbd70da61e9250cdb9d09a23fcf
hardhat_kaggle_e4a8cc67c6d4.png,hardhat_kaggle_e4a8cc67c6d4,hardhat_kaggle,hardhat_kaggle:hard_hat_workers965,1,0,0,e4a8cc67c6d49817d582767113a95ae8ff80af34
hardhat_kaggle_fee230f91086.png,hardhat_kaggle_fee230f91086,hardhat_kaggle,hardhat_kaggle:hard_hat_workers966,7,0,0,fee230f91086b613bb35521607d1e8b455c195f3
hardhat_kaggle_286008e713de.png,hardhat_kaggle_286008e713de,hardhat_kaggle,hardhat_kaggle:hard_hat_workers967,1,0,0,286008e713de46d6190f9401b2a4240a0d816361
hardhat_kaggle_e9789da9b493.png,hardhat_kaggle_e9789da9b493,hardhat_kaggle,hardhat_kaggle:hard_hat_workers968,4,0,0,e9789da9b4939f33a48cec0e7d1409c9fe3bad65
hardhat_kaggle_4876ab937044.png,hardhat_kaggle_4876ab937044,hardhat_kaggle,hardhat_kaggle:hard_hat_workers969,6,0,0,4876ab9370442b1811d2e3b9a84fd58aa6d0e7d5
hardhat_kaggle_0423b0de4199.png,hardhat_kaggle_0423b0de4199,hardhat_kaggle,hardhat_kaggle:hard_hat_workers97,7,0,0,0423b0de419932afe9e1812c55460369269c4e7c
hardhat_kaggle_c3996d383573.png,hardhat_kaggle_c3996d383573,hardhat_kaggle,hardhat_kaggle:hard_hat_workers970,2,0,0,c3996d3835733699dc0ee8a133423d65461cb16c
hardhat_kaggle_77e6abc7de7c.png,hardhat_kaggle_77e6abc7de7c,hardhat_kaggle,hardhat_kaggle:hard_hat_workers971,3,0,0,77e6abc7de7c99892670d7a8022d892e68018520
hardhat_kaggle_9e993d5e7427.png,hardhat_kaggle_9e993d5e7427,hardhat_kaggle,hardhat_kaggle:hard_hat_workers972,1,0,0,9e993d5e7427f5551fd5d8e4712d174edab90f3a
hardhat_kaggle_69495b62e35b.png,hardhat_kaggle_69495b62e35b,hardhat_kaggle,hardhat_kaggle:hard_hat_workers973,3,0,0,69495b62e35b5ac8abc1fb9c97cddd8e16563968
hardhat_kaggle_82344a3f42f0.png,hardhat_kaggle_82344a3f42f0,hardhat_kaggle,hardhat_kaggle:hard_hat_workers974,2,0,0,82344a3f42f0909257dc8feb860d3ad439eb773d
hardhat_kaggle_b55f8ed51a5e.png,hardhat_kaggle_b55f8ed51a5e,hardhat_kaggle,hardhat_kaggle:hard_hat_workers975,2,0,0,b55f8ed51a5ef6c52c52e7809e8d268665acab4c
hardhat_kaggle_b5702b00512b.png,hardhat_kaggle_b5702b00512b,hardhat_kaggle,hardhat_kaggle:hard_hat_workers976,2,0,0,b5702b00512bdddd201636ecb2a7063b719e610d
hardhat_kaggle_20a320e980bb.png,hardhat_kaggle_20a320e980bb,hardhat_kaggle,hardhat_kaggle:hard_hat_workers977,9,0,0,20a320e980bbc2d295cca880353a9f63565358d3
hardhat_kaggle_c1ac957bd423.png,hardhat_kaggle_c1ac957bd423,hardhat_kaggle,hardhat_kaggle:hard_hat_workers978,10,0,0,c1ac957bd423b835122a43484caa05e0aaec07a2
hardhat_kaggle_415eb83c62b6.png,hardhat_kaggle_415eb83c62b6,hardhat_kaggle,hardhat_kaggle:hard_hat_workers979,3,0,0,415eb83c62b6f0b85dca0e7af202bf1d48b062f8
hardhat_kaggle_95e596a4aa57.png,hardhat_kaggle_95e596a4aa57,hardhat_kaggle,hardhat_kaggle:hard_hat_workers98,3,0,0,95e596a4aa572bebb4a178e2574cf1cb83019594
hardhat_kaggle_0cd0ab0237c9.png,hardhat_kaggle_0cd0ab0237c9,hardhat_kaggle,hardhat_kaggle:hard_hat_workers980,1,0,0,0cd0ab0237c9cb6051ece5c6843bb0e463dae742
hardhat_kaggle_47a94b488387.png,hardhat_kaggle_47a94b488387,hardhat_kaggle,hardhat_kaggle:hard_hat_workers981,3,0,0,47a94b488387a004275fa0896fe16e4c56b39601
hardhat_kaggle_47cfa30742cc.png,hardhat_kaggle_47cfa30742cc,hardhat_kaggle,hardhat_kaggle:hard_hat_workers982,5,0,0,47cfa30742cc927f3b52ee105e15cbd7a8fd2a95
hardhat_kaggle_0711bdea5ca2.png,hardhat_kaggle_0711bdea5ca2,hardhat_kaggle,hardhat_kaggle:hard_hat_workers983,3,0,0,0711bdea5ca2bc9cb8b809c0749085627be28a05
hardhat_kaggle_461701fe59c4.png,hardhat_kaggle_461701fe59c4,hardhat_kaggle,hardhat_kaggle:hard_hat_workers984,1,0,0,461701fe59c4177a5db80efbfa2f7f3ba3ebdc9a
hardhat_kaggle_f0613d3f4e9f.png,hardhat_kaggle_f0613d3f4e9f,hardhat_kaggle,hardhat_kaggle:hard_hat_workers985,13,0,0,f0613d3f4e9f417f88219ba935223f2ba41c0699
hardhat_kaggle_a462835cbee3.png,hardhat_kaggle_a462835cbee3,hardhat_kaggle,hardhat_kaggle:hard_hat_workers986,2,0,0,a462835cbee3fdd8e51714f2449c449a26d5705c
hardhat_kaggle_da09abbfb996.png,hardhat_kaggle_da09abbfb996,hardhat_kaggle,hardhat_kaggle:hard_hat_workers987,8,0,0,da09abbfb99655b2935fe0d07758867dc8a1438a
hardhat_kaggle_58f215510c58.png,hardhat_kaggle_58f215510c58,hardhat_kaggle,hardhat_kaggle:hard_hat_workers988,3,0,0,58f215510c58e54108f6b6e431a40109f5354628
hardhat_kaggle_6960518dfcda.png,hardhat_kaggle_6960518dfcda,hardhat_kaggle,hardhat_kaggle:hard_hat_workers989,2,0,0,6960518dfcdae535fc7d480fab54cea9dbc6a168
hardhat_kaggle_5ff667acfae4.png,hardhat_kaggle_5ff667acfae4,hardhat_kaggle,hardhat_kaggle:hard_hat_workers99,1,0,0,5ff667acfae4b5f5e919474f589de3ab3e2031e8
hardhat_kaggle_e956c516602a.png,hardhat_kaggle_e956c516602a,hardhat_kaggle,hardhat_kaggle:hard_hat_workers990,2,0,0,e956c516602acc468eb441382cbb9511d1fbb8a2
hardhat_kaggle_b8f40e50921c.png,hardhat_kaggle_b8f40e50921c,hardhat_kaggle,hardhat_kaggle:hard_hat_workers991,2,0,0,b8f40e50921c99103498414748053e23215fd424
hardhat_kaggle_eda6a92b0ff6.png,hardhat_kaggle_eda6a92b0ff6,hardhat_kaggle,hardhat_kaggle:hard_hat_workers992,2,0,0,eda6a92b0ff6eea30a102747cb7403fe3b4566a3
hardhat_kaggle_a199e107e857.png,hardhat_kaggle_a199e107e857,hardhat_kaggle,hardhat_kaggle:hard_hat_workers993,2,0,0,a199e107e857d87a9213587ed2ffa19c7f1fafb9
hardhat_kaggle_46b1eef85557.png,hardhat_kaggle_46b1eef85557,hardhat_kaggle,hardhat_kaggle:hard_hat_workers994,4,0,0,46b1eef855579c5c887220b10bc03fae1ffc3b88
hardhat_kaggle_97fe6a538949.png,hardhat_kaggle_97fe6a538949,hardhat_kaggle,hardhat_kaggle:hard_hat_workers995,4,0,0,97fe6a5389494fcc73c156aba5d2934647db6d68
hardhat_kaggle_147bfcad07f5.png,hardhat_kaggle_147bfcad07f5,hardhat_kaggle,hardhat_kaggle:hard_hat_workers996,1,0,0,147bfcad07f5ef20f4b98de0e87fa8bd48262023
hardhat_kaggle_c1d29ce7b84d.png,hardhat_kaggle_c1d29ce7b84d,hardhat_kaggle,hardhat_kaggle:hard_hat_workers997,2,0,0,c1d29ce7b84d120304b161c4d421502525e5260a
hardhat_kaggle_c6eb8e2a3f65.png,hardhat_kaggle_c6eb8e2a3f65,hardhat_kaggle,hardhat_kaggle:hard_hat_workers999,2,0,0,c6eb8e2a3f659d093b15cdc7497e2ba0c8940828
